take,take_label,take_group,t_s,speed,aperture,predicted_label,phase_name,phase_order,hand_not_visible
vid1,Take 1 (clean),clean,0,2.2414912,0.847096261,REST,At rest,1,FALSE
vid1,Take 1 (clean),clean,0.03333333333,1.345731014,0.8936386297,REST,At rest,1,FALSE
vid1,Take 1 (clean),clean,0.06666666667,0.5060985937,0.9243558338,REST,At rest,1,FALSE
vid1,Take 1 (clean),clean,0.1,0.1168885133,0.9226269557,REST,At rest,1,FALSE
vid1,Take 1 (clean),clean,0.1333333333,0.05321083944,0.9540912271,REST,At rest,1,FALSE
vid1,Take 1 (clean),clean,0.1666666667,0.1998552774,0.9339328188,REST,At rest,1,FALSE
vid1,Take 1 (clean),clean,0.2,0.2234955475,0.9095750406,REST,At rest,1,FALSE
vid1,Take 1 (clean),clean,0.2333333333,0.1762746925,0.9019863318,REST,At rest,1,FALSE
vid1,Take 1 (clean),clean,0.2666666667,0.0163629998,0.9076942632,REST,At rest,1,FALSE
vid1,Take 1 (clean),clean,0.3,0.1205152476,0.8806856391,REST,At rest,1,FALSE
vid1,Take 1 (clean),clean,0.3333333333,0.08017573545,0.8748609191,REST,At rest,1,FALSE
vid1,Take 1 (clean),clean,0.3666666667,0.07737647409,0.8780940786,REST,At rest,1,FALSE
vid1,Take 1 (clean),clean,0.4,0.2286796986,0.8848502462,REST,At rest,1,FALSE
vid1,Take 1 (clean),clean,0.4333333333,0.3999063976,0.9335939107,REST,At rest,1,FALSE
vid1,Take 1 (clean),clean,0.4666666667,0.09995385887,0.964327248,REST,At rest,1,FALSE
vid1,Take 1 (clean),clean,0.5,0.02404106659,0.9420514185,REST,At rest,1,FALSE
vid1,Take 1 (clean),clean,0.5333333333,0.1808297713,0.8919156576,REST,At rest,1,FALSE
vid1,Take 1 (clean),clean,0.5666666667,0.2171297104,0.9151477562,REST,At rest,1,FALSE
vid1,Take 1 (clean),clean,0.6,0.4175644609,0.9157456005,REST,At rest,1,FALSE
vid1,Take 1 (clean),clean,0.6333333333,0.2322633142,0.9153715366,REST,At rest,1,FALSE
vid1,Take 1 (clean),clean,0.6666666667,0.3946232076,0.8914305357,REST,At rest,1,FALSE
vid1,Take 1 (clean),clean,0.7,0.2576829358,0.8767562454,REST,At rest,1,FALSE
vid1,Take 1 (clean),clean,0.7333333333,0.1070206412,0.903172181,REST,At rest,1,FALSE
vid1,Take 1 (clean),clean,0.7666666667,0.1594240912,0.9147671454,REST,At rest,1,FALSE
vid1,Take 1 (clean),clean,0.8,0.1648736609,0.9144637199,REST,At rest,1,FALSE
vid1,Take 1 (clean),clean,0.8333333333,0.09009301706,0.8858113091,REST,At rest,1,FALSE
vid1,Take 1 (clean),clean,0.8666666667,0.055567197,0.8965241966,REST,At rest,1,FALSE
vid1,Take 1 (clean),clean,0.9,0.1744524229,0.8795088941,REST,At rest,1,FALSE
vid1,Take 1 (clean),clean,0.9333333333,0.2877916298,0.8870278279,REST,At rest,1,FALSE
vid1,Take 1 (clean),clean,0.9666666667,0.263494221,0.8814938418,REST,At rest,1,FALSE
vid1,Take 1 (clean),clean,1,0.1804349501,0.9180303237,REST,At rest,1,FALSE
vid1,Take 1 (clean),clean,1.033333333,0.09971721075,0.9329175753,REST,At rest,1,FALSE
vid1,Take 1 (clean),clean,1.066666667,0.3131186951,0.9265117243,REST,At rest,1,FALSE
vid1,Take 1 (clean),clean,1.1,0.3133861413,0.8825062696,REST,At rest,1,FALSE
vid1,Take 1 (clean),clean,1.133333333,0.1962545191,0.872937443,REST,At rest,1,FALSE
vid1,Take 1 (clean),clean,1.166666667,0.1491180256,0.8749937647,REST,At rest,1,FALSE
vid1,Take 1 (clean),clean,1.2,0.169703503,0.8833957242,REST,At rest,1,FALSE
vid1,Take 1 (clean),clean,1.233333333,0.1316842484,0.9036112933,REST,At rest,1,FALSE
vid1,Take 1 (clean),clean,1.266666667,0.1611933539,0.8914213927,REST,At rest,1,FALSE
vid1,Take 1 (clean),clean,1.3,0.1804705575,0.8763807791,REST,At rest,1,FALSE
vid1,Take 1 (clean),clean,1.333333333,0.2362670339,0.8548805268,REST,At rest,1,FALSE
vid1,Take 1 (clean),clean,1.366666667,0.1433473611,0.8625420029,REST,At rest,1,FALSE
vid1,Take 1 (clean),clean,1.4,0.2819567085,0.8918317917,REST,At rest,1,FALSE
vid1,Take 1 (clean),clean,1.433333333,0.3919063746,0.9077018828,REST,At rest,1,FALSE
vid1,Take 1 (clean),clean,1.466666667,0.2997000872,0.9433856342,REST,At rest,1,FALSE
vid1,Take 1 (clean),clean,1.5,0.2576480275,0.929887554,REST,At rest,1,FALSE
vid1,Take 1 (clean),clean,1.533333333,0.4678315776,0.912790466,REST,At rest,1,FALSE
vid1,Take 1 (clean),clean,1.566666667,0.5418600167,0.897989481,REST,At rest,1,FALSE
vid1,Take 1 (clean),clean,1.6,0.2748461322,0.9302767843,REST,At rest,1,FALSE
vid1,Take 1 (clean),clean,1.633333333,0.160293564,0.9351912469,REST,At rest,1,FALSE
vid1,Take 1 (clean),clean,1.666666667,0.3409873891,0.9263267615,REST,At rest,1,FALSE
vid1,Take 1 (clean),clean,1.7,0.2142511896,0.9316427722,REST,At rest,1,FALSE
vid1,Take 1 (clean),clean,1.733333333,0.1791669069,0.9414939606,REST,At rest,1,FALSE
vid1,Take 1 (clean),clean,1.766666667,0.2308424568,0.9477804512,REST,At rest,1,FALSE
vid1,Take 1 (clean),clean,1.8,0.09062404757,0.9498279025,REST,At rest,1,FALSE
vid1,Take 1 (clean),clean,1.833333333,0.3596071401,0.9504018265,REST,At rest,1,FALSE
vid1,Take 1 (clean),clean,1.866666667,0.5826736403,0.988606729,REST,At rest,1,FALSE
vid1,Take 1 (clean),clean,1.9,0.7208776668,1.011024348,REST,At rest,1,FALSE
vid1,Take 1 (clean),clean,1.933333333,0.8054272868,0.9946031516,REST,At rest,1,FALSE
vid1,Take 1 (clean),clean,1.966666667,0.8353494234,0.975054329,REST,At rest,1,FALSE
vid1,Take 1 (clean),clean,2,0.9706618701,0.9789319822,REACH,Reaching,2,FALSE
vid1,Take 1 (clean),clean,2.033333333,1.060934769,1.009633253,REACH,Reaching,2,FALSE
vid1,Take 1 (clean),clean,2.066666667,1.062652857,1.016977149,REACH,Reaching,2,FALSE
vid1,Take 1 (clean),clean,2.1,1.051599452,1.033493942,REACH,Reaching,2,FALSE
vid1,Take 1 (clean),clean,2.133333333,1.182106071,0.9968885994,REACH,Reaching,2,FALSE
vid1,Take 1 (clean),clean,2.166666667,1.153025695,1.010463441,REACH,Reaching,2,FALSE
vid1,Take 1 (clean),clean,2.2,1.30280426,1.002671222,REACH,Reaching,2,FALSE
vid1,Take 1 (clean),clean,2.233333333,1.192034268,1.001613053,REACH,Reaching,2,FALSE
vid1,Take 1 (clean),clean,2.266666667,1.199818397,1.001335772,REACH,Reaching,2,FALSE
vid1,Take 1 (clean),clean,2.3,1.273892992,1.006811091,REACH,Reaching,2,FALSE
vid1,Take 1 (clean),clean,2.333333333,1.301295105,0.984599347,REACH,Reaching,2,FALSE
vid1,Take 1 (clean),clean,2.366666667,1.445874133,0.9750832551,REACH,Reaching,2,FALSE
vid1,Take 1 (clean),clean,2.4,1.549091168,1.03319304,REACH,Reaching,2,FALSE
vid1,Take 1 (clean),clean,2.433333333,1.668306449,1.048534857,REACH,Reaching,2,FALSE
vid1,Take 1 (clean),clean,2.466666667,1.774513417,1.064189098,REACH,Reaching,2,FALSE
vid1,Take 1 (clean),clean,2.5,2.124785782,1.092419827,REACH,Reaching,2,FALSE
vid1,Take 1 (clean),clean,2.533333333,2.120587454,1.1180536,REACH,Reaching,2,FALSE
vid1,Take 1 (clean),clean,2.566666667,2.340052069,1.139489271,REACH,Reaching,2,FALSE
vid1,Take 1 (clean),clean,2.6,2.487943161,1.075757622,REACH,Reaching,2,FALSE
vid1,Take 1 (clean),clean,2.633333333,2.574450181,1.103919033,REACH,Reaching,2,FALSE
vid1,Take 1 (clean),clean,2.666666667,2.808099637,1.048104232,REACH,Reaching,2,FALSE
vid1,Take 1 (clean),clean,2.7,2.700462713,1.073644011,REACH,Reaching,2,FALSE
vid1,Take 1 (clean),clean,2.733333333,2.598164177,1.034112604,REACH,Reaching,2,FALSE
vid1,Take 1 (clean),clean,2.766666667,2.520992733,1.08042168,REACH,Reaching,2,FALSE
vid1,Take 1 (clean),clean,2.8,2.318422068,1.072299783,REACH,Reaching,2,FALSE
vid1,Take 1 (clean),clean,2.833333333,2.079925261,1.070175487,REACH,Reaching,2,FALSE
vid1,Take 1 (clean),clean,2.866666667,2.020916961,1.094563586,REACH,Reaching,2,FALSE
vid1,Take 1 (clean),clean,2.9,2.041510082,1.11595822,REACH,Reaching,2,FALSE
vid1,Take 1 (clean),clean,2.933333333,2.276980879,1.141983211,REACH,Reaching,2,FALSE
vid1,Take 1 (clean),clean,2.966666667,2.443203098,1.134705592,REACH,Reaching,2,FALSE
vid1,Take 1 (clean),clean,3,2.446526458,1.137690723,REACH,Reaching,2,FALSE
vid1,Take 1 (clean),clean,3.033333333,2.3835697,1.162064573,REACH,Reaching,2,FALSE
vid1,Take 1 (clean),clean,3.066666667,2.23885687,1.184590441,REACH,Reaching,2,FALSE
vid1,Take 1 (clean),clean,3.1,2.023319839,1.193733286,REACH,Reaching,2,FALSE
vid1,Take 1 (clean),clean,3.133333333,1.862533222,1.183043803,REACH,Reaching,2,FALSE
vid1,Take 1 (clean),clean,3.166666667,1.785473701,1.183644837,REACH,Reaching,2,FALSE
vid1,Take 1 (clean),clean,3.2,1.710773879,1.18019041,REACH,Reaching,2,FALSE
vid1,Take 1 (clean),clean,3.233333333,1.680260644,1.179540183,REACH,Reaching,2,FALSE
vid1,Take 1 (clean),clean,3.266666667,1.580471118,1.17711786,REACH,Reaching,2,FALSE
vid1,Take 1 (clean),clean,3.3,1.454394742,1.168970756,REACH,Reaching,2,FALSE
vid1,Take 1 (clean),clean,3.333333333,1.474276702,1.144234939,REACH,Reaching,2,FALSE
vid1,Take 1 (clean),clean,3.366666667,1.400200509,1.118941759,REACH,Reaching,2,FALSE
vid1,Take 1 (clean),clean,3.4,1.376850715,1.116169225,REACH,Reaching,2,FALSE
vid1,Take 1 (clean),clean,3.433333333,1.341137602,1.118286895,REACH,Reaching,2,FALSE
vid1,Take 1 (clean),clean,3.466666667,1.233923107,1.153660871,REACH,Reaching,2,FALSE
vid1,Take 1 (clean),clean,3.5,1.185908882,1.189983244,REACH,Reaching,2,FALSE
vid1,Take 1 (clean),clean,3.533333333,1.122706207,1.222850074,REACH,Reaching,2,FALSE
vid1,Take 1 (clean),clean,3.566666667,1.074409479,1.222007162,REACH,Reaching,2,FALSE
vid1,Take 1 (clean),clean,3.6,1.04120659,1.237877417,REACH,Reaching,2,FALSE
vid1,Take 1 (clean),clean,3.633333333,0.8956943882,1.261386653,REACH,Reaching,2,FALSE
vid1,Take 1 (clean),clean,3.666666667,0.7662121745,1.272208797,REACH,Reaching,2,FALSE
vid1,Take 1 (clean),clean,3.7,0.6904103058,1.254551955,REACH,Reaching,2,FALSE
vid1,Take 1 (clean),clean,3.733333333,0.6225146155,1.223553865,REACH,Reaching,2,FALSE
vid1,Take 1 (clean),clean,3.766666667,0.7132854651,1.218134068,REACH,Reaching,2,FALSE
vid1,Take 1 (clean),clean,3.8,0.7070724401,1.204803025,REACH,Reaching,2,FALSE
vid1,Take 1 (clean),clean,3.833333333,0.8208764667,1.196680194,REACH,Reaching,2,FALSE
vid1,Take 1 (clean),clean,3.866666667,0.9157472068,1.145774835,REACH,Reaching,2,FALSE
vid1,Take 1 (clean),clean,3.9,0.9985945868,1.113600191,REACH,Reaching,2,FALSE
vid1,Take 1 (clean),clean,3.933333333,1.117187744,1.079451277,REACH,Reaching,2,FALSE
vid1,Take 1 (clean),clean,3.966666667,1.089375149,1.066915877,REACH,Reaching,2,FALSE
vid1,Take 1 (clean),clean,4,1.11404849,1.02754325,REACH,Reaching,2,FALSE
vid1,Take 1 (clean),clean,4.033333333,1.105214189,1.020527232,REACH,Reaching,2,FALSE
vid1,Take 1 (clean),clean,4.066666667,1.172368783,0.9959803802,GRASP,Grasping,3,FALSE
vid1,Take 1 (clean),clean,4.1,1.245373044,0.9713392995,GRASP,Grasping,3,FALSE
vid1,Take 1 (clean),clean,4.133333333,1.243782327,0.9348894634,GRASP,Grasping,3,FALSE
vid1,Take 1 (clean),clean,4.166666667,0.9420121841,0.9148465846,GRASP,Grasping,3,FALSE
vid1,Take 1 (clean),clean,4.2,0.7139092828,0.8854854781,GRASP,Grasping,3,FALSE
vid1,Take 1 (clean),clean,4.233333333,0.5250943163,0.8744788492,GRASP,Grasping,3,FALSE
vid1,Take 1 (clean),clean,4.266666667,0.3244101231,0.8454087283,GRASP,Grasping,3,FALSE
vid1,Take 1 (clean),clean,4.3,0.3059546077,0.8084137518,GRASP,Grasping,3,FALSE
vid1,Take 1 (clean),clean,4.333333333,0.06240644043,0.7761172592,GRASP,Grasping,3,FALSE
vid1,Take 1 (clean),clean,4.366666667,0.113802847,0.8070155656,GRASP,Grasping,3,FALSE
vid1,Take 1 (clean),clean,4.4,0.06223947126,0.7900201649,GRASP,Grasping,3,FALSE
vid1,Take 1 (clean),clean,4.433333333,0.02271859859,0.8001243792,GRASP,Grasping,3,FALSE
vid1,Take 1 (clean),clean,4.466666667,0.03944005545,0.7859606898,GRASP,Grasping,3,FALSE
vid1,Take 1 (clean),clean,4.5,0.06575032775,0.8002314552,GRASP,Grasping,3,FALSE
vid1,Take 1 (clean),clean,4.533333333,0.05400600224,0.777555871,GRASP,Grasping,3,FALSE
vid1,Take 1 (clean),clean,4.566666667,0.06088672709,0.7803153635,GRASP,Grasping,3,FALSE
vid1,Take 1 (clean),clean,4.6,0.07767835966,0.7635539887,GRASP,Grasping,3,FALSE
vid1,Take 1 (clean),clean,4.633333333,0.1487687456,0.7600216604,GRASP,Grasping,3,FALSE
vid1,Take 1 (clean),clean,4.666666667,0.128080253,0.7544900428,GRASP,Grasping,3,FALSE
vid1,Take 1 (clean),clean,4.7,0.1600485555,0.7684517768,GRASP,Grasping,3,FALSE
vid1,Take 1 (clean),clean,4.733333333,0.08651945117,0.7623744546,GRASP,Grasping,3,FALSE
vid1,Take 1 (clean),clean,4.766666667,0.08837415436,0.7739589125,GRASP,Grasping,3,FALSE
vid1,Take 1 (clean),clean,4.8,0.1561647255,0.7458909178,GRASP,Grasping,3,FALSE
vid1,Take 1 (clean),clean,4.833333333,0.2738615907,0.7526148678,GRASP,Grasping,3,FALSE
vid1,Take 1 (clean),clean,4.866666667,0.3420358906,0.7514340089,GRASP,Grasping,3,FALSE
vid1,Take 1 (clean),clean,4.9,0.6306156784,0.8131372447,GRASP,Grasping,3,FALSE
vid1,Take 1 (clean),clean,4.933333333,0.7098939449,0.8765745112,GRASP,Grasping,3,FALSE
vid1,Take 1 (clean),clean,4.966666667,0.8555105206,0.916174505,GRASP,Grasping,3,FALSE
vid1,Take 1 (clean),clean,5,1.07242002,0.9250567582,GRASP,Grasping,3,FALSE
vid1,Take 1 (clean),clean,5.033333333,1.397336708,0.9317547019,GRASP,Grasping,3,FALSE
vid1,Take 1 (clean),clean,5.066666667,1.791170312,0.9194752647,GRASP,Grasping,3,FALSE
vid1,Take 1 (clean),clean,5.1,2.120265939,0.8494769099,GRASP,Grasping,3,FALSE
vid1,Take 1 (clean),clean,5.133333333,2.447038755,0.8089321559,GRASP,Grasping,3,FALSE
vid1,Take 1 (clean),clean,5.166666667,2.641324024,0.7988105781,GRASP,Grasping,3,FALSE
vid1,Take 1 (clean),clean,5.2,2.8476612,0.800549401,GRASP,Grasping,3,FALSE
vid1,Take 1 (clean),clean,5.233333333,2.907610895,0.8047506857,GRASP,Grasping,3,FALSE
vid1,Take 1 (clean),clean,5.266666667,2.856751495,0.8439389196,GRASP,Grasping,3,FALSE
vid1,Take 1 (clean),clean,5.3,2.67656721,0.8801432032,GRASP,Grasping,3,FALSE
vid1,Take 1 (clean),clean,5.333333333,2.291899437,0.8794937174,GRASP,Grasping,3,FALSE
vid1,Take 1 (clean),clean,5.366666667,1.768902781,0.8862616308,GRASP,Grasping,3,FALSE
vid1,Take 1 (clean),clean,5.4,1.281556205,0.8723426682,GRASP,Grasping,3,FALSE
vid1,Take 1 (clean),clean,5.433333333,0.8186154238,0.827116148,GRASP,Grasping,3,FALSE
vid1,Take 1 (clean),clean,5.466666667,0.4861564632,0.7849674988,HOLD,Holding,4,FALSE
vid1,Take 1 (clean),clean,5.5,0.3154695413,0.8038870157,HOLD,Holding,4,FALSE
vid1,Take 1 (clean),clean,5.533333333,0.2737168159,0.8128209878,HOLD,Holding,4,FALSE
vid1,Take 1 (clean),clean,5.566666667,0.3209116988,0.8009819926,HOLD,Holding,4,FALSE
vid1,Take 1 (clean),clean,5.6,0.3773192946,0.789236443,HOLD,Holding,4,FALSE
vid1,Take 1 (clean),clean,5.633333333,0.3437372422,0.7856219797,HOLD,Holding,4,FALSE
vid1,Take 1 (clean),clean,5.666666667,0.3630410274,0.7919638644,HOLD,Holding,4,FALSE
vid1,Take 1 (clean),clean,5.7,0.3569310641,0.8062578486,HOLD,Holding,4,FALSE
vid1,Take 1 (clean),clean,5.733333333,0.2401473253,0.827553853,HOLD,Holding,4,FALSE
vid1,Take 1 (clean),clean,5.766666667,0.231717481,0.8250333557,HOLD,Holding,4,FALSE
vid1,Take 1 (clean),clean,5.8,0.07286387691,0.828410814,HOLD,Holding,4,FALSE
vid1,Take 1 (clean),clean,5.833333333,0.04659543855,0.8351483655,HOLD,Holding,4,FALSE
vid1,Take 1 (clean),clean,5.866666667,0.09416378171,0.8423413806,HOLD,Holding,4,FALSE
vid1,Take 1 (clean),clean,5.9,0.1099553369,0.8397998469,HOLD,Holding,4,FALSE
vid1,Take 1 (clean),clean,5.933333333,0.07235311939,0.836409122,HOLD,Holding,4,FALSE
vid1,Take 1 (clean),clean,5.966666667,0.1024741861,0.8349780291,HOLD,Holding,4,FALSE
vid1,Take 1 (clean),clean,6,0.1177008366,0.825910399,HOLD,Holding,4,FALSE
vid1,Take 1 (clean),clean,6.033333333,0.1366929198,0.829093791,HOLD,Holding,4,FALSE
vid1,Take 1 (clean),clean,6.066666667,0.1684845337,0.8220134272,HOLD,Holding,4,FALSE
vid1,Take 1 (clean),clean,6.1,0.1303252938,0.8226936446,HOLD,Holding,4,FALSE
vid1,Take 1 (clean),clean,6.133333333,0.09643143964,0.8271337599,HOLD,Holding,4,FALSE
vid1,Take 1 (clean),clean,6.166666667,0.1610841474,0.8483831649,HOLD,Holding,4,FALSE
vid1,Take 1 (clean),clean,6.2,0.2385301099,0.8424289248,HOLD,Holding,4,FALSE
vid1,Take 1 (clean),clean,6.233333333,0.3306560336,0.8411809362,HOLD,Holding,4,FALSE
vid1,Take 1 (clean),clean,6.266666667,0.3249454458,0.833095187,HOLD,Holding,4,FALSE
vid1,Take 1 (clean),clean,6.3,0.3198159725,0.8349414284,HOLD,Holding,4,FALSE
vid1,Take 1 (clean),clean,6.333333333,0.3830965655,0.8482318515,HOLD,Holding,4,FALSE
vid1,Take 1 (clean),clean,6.366666667,0.3484877206,0.856590742,HOLD,Holding,4,FALSE
vid1,Take 1 (clean),clean,6.4,0.346975358,0.8495542184,HOLD,Holding,4,FALSE
vid1,Take 1 (clean),clean,6.433333333,0.261611044,0.8302599445,HOLD,Holding,4,FALSE
vid1,Take 1 (clean),clean,6.466666667,0.1773988478,0.8454065477,HOLD,Holding,4,FALSE
vid1,Take 1 (clean),clean,6.5,0.07440411367,0.8536137426,HOLD,Holding,4,FALSE
vid1,Take 1 (clean),clean,6.533333333,0.0190611299,0.8689540925,HOLD,Holding,4,FALSE
vid1,Take 1 (clean),clean,6.566666667,0.03339304147,0.8601085454,HOLD,Holding,4,FALSE
vid1,Take 1 (clean),clean,6.6,0.03259626682,0.869364639,HOLD,Holding,4,FALSE
vid1,Take 1 (clean),clean,6.633333333,0.1183395552,0.8740735319,HOLD,Holding,4,FALSE
vid1,Take 1 (clean),clean,6.666666667,0.111574429,0.8797157629,HOLD,Holding,4,FALSE
vid1,Take 1 (clean),clean,6.7,0.1816139291,0.8729395041,HOLD,Holding,4,FALSE
vid1,Take 1 (clean),clean,6.733333333,0.1461864751,0.8758737652,HOLD,Holding,4,FALSE
vid1,Take 1 (clean),clean,6.766666667,0.1703556868,0.880124483,HOLD,Holding,4,FALSE
vid1,Take 1 (clean),clean,6.8,0.1447119098,0.875764651,HOLD,Holding,4,FALSE
vid1,Take 1 (clean),clean,6.833333333,0.08684757476,0.8882952603,HOLD,Holding,4,FALSE
vid1,Take 1 (clean),clean,6.866666667,0.2439389918,0.9118150991,HOLD,Holding,4,FALSE
vid1,Take 1 (clean),clean,6.9,0.3669283643,0.9291133019,HOLD,Holding,4,FALSE
vid1,Take 1 (clean),clean,6.933333333,0.5652066441,0.9242031317,HOLD,Holding,4,FALSE
vid1,Take 1 (clean),clean,6.966666667,0.637068503,0.9058802134,HOLD,Holding,4,FALSE
vid1,Take 1 (clean),clean,7,0.7150200862,0.9077041553,HOLD,Holding,4,FALSE
vid1,Take 1 (clean),clean,7.033333333,0.8536430385,0.8925182712,HOLD,Holding,4,FALSE
vid1,Take 1 (clean),clean,7.066666667,0.9189522271,0.8930907107,HOLD,Holding,4,FALSE
vid1,Take 1 (clean),clean,7.1,1.094530527,0.8746804605,HOLD,Holding,4,FALSE
vid1,Take 1 (clean),clean,7.133333333,1.196048245,0.8643224761,HOLD,Holding,4,FALSE
vid1,Take 1 (clean),clean,7.166666667,1.322116135,0.8498793035,HOLD,Holding,4,FALSE
vid1,Take 1 (clean),clean,7.2,1.3579939,0.8471113476,HOLD,Holding,4,FALSE
vid1,Take 1 (clean),clean,7.233333333,1.430402902,0.8551530061,HOLD,Holding,4,FALSE
vid1,Take 1 (clean),clean,7.266666667,1.378943431,0.8515604717,HOLD,Holding,4,FALSE
vid1,Take 1 (clean),clean,7.3,1.235259826,0.8571811788,HOLD,Holding,4,FALSE
vid1,Take 1 (clean),clean,7.333333333,1.07565615,0.8574935779,HOLD,Holding,4,FALSE
vid1,Take 1 (clean),clean,7.366666667,0.8107983428,0.8641822663,HOLD,Holding,4,FALSE
vid1,Take 1 (clean),clean,7.4,0.6723427358,0.8474174795,HOLD,Holding,4,FALSE
vid1,Take 1 (clean),clean,7.433333333,0.5625030177,0.8331983753,HOLD,Holding,4,FALSE
vid1,Take 1 (clean),clean,7.466666667,0.5637707376,0.827133924,HOLD,Holding,4,FALSE
vid1,Take 1 (clean),clean,7.5,0.5875577781,0.8350210705,HOLD,Holding,4,FALSE
vid1,Take 1 (clean),clean,7.533333333,0.7025010955,0.8333024467,HOLD,Holding,4,FALSE
vid1,Take 1 (clean),clean,7.566666667,0.7312333568,0.8357233309,HOLD,Holding,4,FALSE
vid1,Take 1 (clean),clean,7.6,0.7924964353,0.8277887312,HOLD,Holding,4,FALSE
vid1,Take 1 (clean),clean,7.633333333,0.8341544178,0.8437709533,HOLD,Holding,4,FALSE
vid1,Take 1 (clean),clean,7.666666667,0.8707827494,0.8533962621,HOLD,Holding,4,FALSE
vid1,Take 1 (clean),clean,7.7,0.8805800995,0.86992595,HOLD,Holding,4,FALSE
vid1,Take 1 (clean),clean,7.733333333,0.8450417835,0.8701038929,HOLD,Holding,4,FALSE
vid1,Take 1 (clean),clean,7.766666667,0.8150521506,0.8584257654,HOLD,Holding,4,FALSE
vid1,Take 1 (clean),clean,7.8,0.7214470459,0.8342108509,HOLD,Holding,4,FALSE
vid1,Take 1 (clean),clean,7.833333333,0.6950534719,0.8229031085,HOLD,Holding,4,FALSE
vid1,Take 1 (clean),clean,7.866666667,0.5352267943,0.7932411875,HOLD,Holding,4,FALSE
vid1,Take 1 (clean),clean,7.9,0.3542463135,0.7728944419,HOLD,Holding,4,FALSE
vid1,Take 1 (clean),clean,7.933333333,0.1719393674,0.778047476,HOLD,Holding,4,FALSE
vid1,Take 1 (clean),clean,7.966666667,0.1247163708,0.7836911035,HOLD,Holding,4,FALSE
vid1,Take 1 (clean),clean,8,0.128389473,0.7611191391,HOLD,Holding,4,FALSE
vid1,Take 1 (clean),clean,8.033333333,0.003656764053,0.749792722,HOLD,Holding,4,FALSE
vid1,Take 1 (clean),clean,8.066666667,0.1631021755,0.7640018818,HOLD,Holding,4,FALSE
vid1,Take 1 (clean),clean,8.1,0.2636334794,0.8111487519,HOLD,Holding,4,FALSE
vid1,Take 1 (clean),clean,8.133333333,0.3093701797,0.8582865008,HOLD,Holding,4,FALSE
vid1,Take 1 (clean),clean,8.166666667,0.3485881603,0.862541942,HOLD,Holding,4,FALSE
vid1,Take 1 (clean),clean,8.2,0.4664746018,0.955380873,HOLD,Holding,4,FALSE
vid1,Take 1 (clean),clean,8.233333333,0.7161862835,1.116073907,RELEASE,Releasing,5,FALSE
vid1,Take 1 (clean),clean,8.266666667,1.144417569,1.298272892,RELEASE,Releasing,5,FALSE
vid1,Take 1 (clean),clean,8.3,0.9438622757,1.359569894,RELEASE,Releasing,5,FALSE
vid1,Take 1 (clean),clean,8.333333333,1.104439257,1.376129931,RELEASE,Releasing,5,FALSE
vid1,Take 1 (clean),clean,8.366666667,0.666311635,1.239732406,RELEASE,Releasing,5,FALSE
vid1,Take 1 (clean),clean,8.4,0.3820381889,1.120784082,RELEASE,Releasing,5,FALSE
vid1,Take 1 (clean),clean,8.433333333,0.4717751316,1.087352551,RELEASE,Releasing,5,FALSE
vid1,Take 1 (clean),clean,8.466666667,0.1502024937,1.165051335,RELEASE,Releasing,5,FALSE
vid1,Take 1 (clean),clean,8.5,0.4890437716,1.184063812,RELEASE,Releasing,5,FALSE
vid1,Take 1 (clean),clean,8.533333333,0.4581183821,1.210990483,RELEASE,Releasing,5,FALSE
vid1,Take 1 (clean),clean,8.566666667,0.4488224724,1.247580169,RELEASE,Releasing,5,FALSE
vid1,Take 1 (clean),clean,8.6,0.2114038395,1.242640054,RELEASE,Releasing,5,FALSE
vid1,Take 1 (clean),clean,8.633333333,0.125645015,1.20240178,RELEASE,Releasing,5,FALSE
vid1,Take 1 (clean),clean,8.666666667,0.3040730993,1.185016071,RELEASE,Releasing,5,FALSE
vid1,Take 1 (clean),clean,8.7,0.3792871214,1.383065224,RELEASE,Releasing,5,FALSE
vid1,Take 1 (clean),clean,8.733333333,0.4585984768,1.371478872,RELEASE,Releasing,5,FALSE
vid1,Take 1 (clean),clean,8.766666667,0.4540518682,1.346463474,RELEASE,Releasing,5,FALSE
vid1,Take 1 (clean),clean,8.8,0.7037577892,1.264947731,RELEASE,Releasing,5,FALSE
vid1,Take 1 (clean),clean,8.833333333,0.5214555528,1.345992075,RELEASE,Releasing,5,FALSE
vid1,Take 1 (clean),clean,8.866666667,0.962303806,1.324293966,RELEASE,Releasing,5,FALSE
vid1,Take 1 (clean),clean,8.9,1.015957979,1.311934415,RELEASE,Releasing,5,FALSE
vid1,Take 1 (clean),clean,8.933333333,0.9975378382,1.292219489,RELEASE,Releasing,5,FALSE
vid1,Take 1 (clean),clean,8.966666667,1.140386023,1.233182122,RELEASE,Releasing,5,FALSE
vid1,Take 1 (clean),clean,9,1.056500349,1.234626732,RELEASE,Releasing,5,FALSE
vid1,Take 1 (clean),clean,9.033333333,1.277025982,1.233391191,RELEASE,Releasing,5,FALSE
vid1,Take 1 (clean),clean,9.066666667,1.36911304,1.269201209,RELEASE,Releasing,5,FALSE
vid1,Take 1 (clean),clean,9.1,1.513099929,1.26793701,RELEASE,Releasing,5,FALSE
vid1,Take 1 (clean),clean,9.133333333,1.635093961,1.282925453,RELEASE,Releasing,5,FALSE
vid1,Take 1 (clean),clean,9.166666667,1.757651674,1.29096067,RETRACT,Returning,6,FALSE
vid1,Take 1 (clean),clean,9.2,1.904343292,1.305230485,RETRACT,Returning,6,FALSE
vid1,Take 1 (clean),clean,9.233333333,2.104076058,1.246581498,RETRACT,Returning,6,FALSE
vid1,Take 1 (clean),clean,9.266666667,2.461959533,1.186257964,RETRACT,Returning,6,FALSE
vid1,Take 1 (clean),clean,9.3,2.716884642,1.110172198,RETRACT,Returning,6,FALSE
vid1,Take 1 (clean),clean,9.333333333,2.900661011,1.10761524,RETRACT,Returning,6,FALSE
vid1,Take 1 (clean),clean,9.366666667,3.138571301,1.113362134,RETRACT,Returning,6,FALSE
vid1,Take 1 (clean),clean,9.4,3.301975594,1.1468885,RETRACT,Returning,6,FALSE
vid1,Take 1 (clean),clean,9.433333333,3.702843747,1.154271206,RETRACT,Returning,6,FALSE
vid1,Take 1 (clean),clean,9.466666667,3.920907394,1.153381825,RETRACT,Returning,6,FALSE
vid1,Take 1 (clean),clean,9.5,4.13956423,1.132193905,RETRACT,Returning,6,FALSE
vid1,Take 1 (clean),clean,9.533333333,4.187089326,1.121896214,RETRACT,Returning,6,FALSE
vid1,Take 1 (clean),clean,9.566666667,3.911722029,1.125542967,RETRACT,Returning,6,FALSE
vid1,Take 1 (clean),clean,9.6,3.789836058,1.121887023,RETRACT,Returning,6,FALSE
vid1,Take 1 (clean),clean,9.633333333,3.489822227,1.114639017,RETRACT,Returning,6,FALSE
vid1,Take 1 (clean),clean,9.666666667,3.499830744,1.129286549,RETRACT,Returning,6,FALSE
vid1,Take 1 (clean),clean,9.7,3.495260773,1.138725797,RETRACT,Returning,6,FALSE
vid1,Take 1 (clean),clean,9.733333333,3.432054211,1.15004244,RETRACT,Returning,6,FALSE
vid1,Take 1 (clean),clean,9.766666667,3.465432579,1.137582369,RETRACT,Returning,6,FALSE
vid1,Take 1 (clean),clean,9.8,3.532590611,1.161561021,RETRACT,Returning,6,FALSE
vid1,Take 1 (clean),clean,9.833333333,3.693664246,1.138431639,RETRACT,Returning,6,FALSE
vid1,Take 1 (clean),clean,9.866666667,3.52551184,1.135883204,RETRACT,Returning,6,FALSE
vid1,Take 1 (clean),clean,9.9,3.448742139,1.132698316,RETRACT,Returning,6,FALSE
vid1,Take 1 (clean),clean,9.933333333,2.888474981,1.154678309,RETRACT,Returning,6,FALSE
vid1,Take 1 (clean),clean,9.966666667,2.59440433,1.153333436,RETRACT,Returning,6,FALSE
vid1,Take 1 (clean),clean,10,2.128014357,1.145462159,RETRACT,Returning,6,FALSE
vid1,Take 1 (clean),clean,10.033333333,1.584213335,1.118328581,RETRACT,Returning,6,FALSE
vid1,Take 1 (clean),clean,10.066666667,1.012469678,1.044881974,RETRACT,Returning,6,FALSE
vid1,Take 1 (clean),clean,10.1,0.4570015144,0.9958025194,REST,At rest,1,FALSE
vid1,Take 1 (clean),clean,10.133333333,0.1216187577,0.9756763036,REST,At rest,1,FALSE
vid1,Take 1 (clean),clean,10.166666667,0.2861035946,0.9969940838,REST,At rest,1,FALSE
vid1,Take 1 (clean),clean,10.2,0.2497986131,1.01561054,REST,At rest,1,FALSE
vid1,Take 1 (clean),clean,10.233333333,0.3702545057,1.029501086,REST,At rest,1,FALSE
vid1,Take 1 (clean),clean,10.266666667,0.2361765349,0.99568654,REST,At rest,1,FALSE
vid1,Take 1 (clean),clean,10.3,0.1262130433,0.9811336502,REST,At rest,1,FALSE
vid1,Take 1 (clean),clean,10.333333333,0.2570881403,0.982500825,REST,At rest,1,FALSE
vid1,Take 1 (clean),clean,10.366666667,0.4419718561,0.9942178437,REST,At rest,1,FALSE
vid1,Take 1 (clean),clean,10.4,0.2112792005,0.9878832801,REST,At rest,1,FALSE
vid1,Take 1 (clean),clean,10.433333333,0.1825959108,0.969206687,REST,At rest,1,FALSE
vid1,Take 1 (clean),clean,10.466666667,0.2035875599,0.9645707097,REST,At rest,1,FALSE
vid1,Take 1 (clean),clean,10.5,0.1936266249,0.9525203715,REST,At rest,1,FALSE
vid1,Take 1 (clean),clean,10.533333333,0.01785464877,0.9537499362,REST,At rest,1,FALSE
vid1,Take 1 (clean),clean,10.566666667,0.2078390839,0.9503479587,REST,At rest,1,FALSE
vid1,Take 1 (clean),clean,10.6,0.1018430997,0.9721909261,REST,At rest,1,FALSE
vid1,Take 1 (clean),clean,10.633333333,0.06717250674,0.9768089839,REST,At rest,1,FALSE
vid1,Take 1 (clean),clean,10.666666667,0.05813855993,0.9704638591,REST,At rest,1,FALSE
vid1,Take 1 (clean),clean,10.7,0.2423898528,0.9628015473,REST,At rest,1,FALSE
vid1,Take 1 (clean),clean,10.733333333,0.02752951231,1.002861812,REST,At rest,1,FALSE
vid1,Take 1 (clean),clean,10.766666667,0.07234314112,1.013442032,REST,At rest,1,FALSE
vid1,Take 1 (clean),clean,10.8,0.3387715983,1.004750585,REST,At rest,1,FALSE
vid1,Take 1 (clean),clean,10.833333333,0.2207161936,0.9649493954,REST,At rest,1,FALSE
vid1,Take 1 (clean),clean,10.866666667,0.05666612945,0.967291948,REST,At rest,1,FALSE
vid1,Take 1 (clean),clean,10.9,0.3138294227,0.9680918896,REST,At rest,1,FALSE
vid1,Take 1 (clean),clean,10.933333333,0.2748965482,0.9891245576,REST,At rest,1,FALSE
vid1,Take 1 (clean),clean,10.966666667,0.2320479353,1.011830615,REST,At rest,1,FALSE
vid1,Take 1 (clean),clean,11,0.09858874859,1.052032807,REST,At rest,1,FALSE
vid1,Take 1 (clean),clean,11.033333333,0.3217678365,1.048258584,REST,At rest,1,FALSE
vid1,Take 1 (clean),clean,11.066666667,0.2605932722,1.029628205,REST,At rest,1,FALSE
vid1,Take 1 (clean),clean,11.1,0.07158796227,0.9811958523,REST,At rest,1,FALSE
vid1,Take 1 (clean),clean,11.133333333,0.09132730579,0.9776360025,REST,At rest,1,FALSE
vid1,Take 1 (clean),clean,11.166666667,0.1096078937,0.9603701838,REST,At rest,1,FALSE
vid1,Take 1 (clean),clean,11.2,0.1107304621,0.9733456049,REST,At rest,1,FALSE
vid1,Take 1 (clean),clean,11.233333333,0.1069855121,0.9725264423,REST,At rest,1,FALSE
vid1,Take 1 (clean),clean,11.266666667,0.2331811888,0.985385962,REST,At rest,1,FALSE
vid1,Take 1 (clean),clean,11.3,0.239004865,0.9755110154,REST,At rest,1,FALSE
vid1,Take 1 (clean),clean,11.333333333,0.1278572495,0.9679943376,REST,At rest,1,FALSE
vid1,Take 1 (clean),clean,11.366666667,0.1589322115,0.9500249825,REST,At rest,1,FALSE
vid1,Take 1 (clean),clean,11.4,0.5142589039,0.9646272773,REST,At rest,1,FALSE
vid1,Take 1 (clean),clean,11.433333333,0.1596528361,0.9788537569,REST,At rest,1,FALSE
vid1,Take 1 (clean),clean,11.466666667,0.1740647609,1.007850477,REST,At rest,1,FALSE
vid1,Take 1 (clean),clean,11.5,0.09427486925,0.9933181941,REST,At rest,1,FALSE
vid1,Take 1 (clean),clean,11.533333333,0.07580316172,0.9836656187,REST,At rest,1,FALSE
vid1,Take 1 (clean),clean,11.566666667,0.2136089492,0.9513510738,REST,At rest,1,FALSE
vid1,Take 1 (clean),clean,11.6,0.1935298282,0.9702381181,REST,At rest,1,FALSE
vid1,Take 1 (clean),clean,11.633333333,0.07476808036,0.9953368748,REST,At rest,1,FALSE
vid1,Take 1 (clean),clean,11.666666667,0.1579299357,1.027152403,REST,At rest,1,FALSE
vid1,Take 1 (clean),clean,11.7,0.08906496106,1.006766717,REST,At rest,1,FALSE
vid1,Take 1 (clean),clean,11.733333333,0.2481503143,0.9937976223,REST,At rest,1,FALSE
vid1,Take 1 (clean),clean,11.766666667,0.1432721743,0.9837811348,REST,At rest,1,FALSE
vid1,Take 1 (clean),clean,11.8,0.09523511552,0.9911385261,REST,At rest,1,FALSE
vid1,Take 1 (clean),clean,11.833333333,0.2435237264,0.9798474031,REST,At rest,1,FALSE
vid1,Take 1 (clean),clean,11.866666667,0.1819136117,0.9805791771,REST,At rest,1,FALSE
vid1,Take 1 (clean),clean,11.9,0.1467984609,0.9606524359,REST,At rest,1,FALSE
vid1,Take 1 (clean),clean,11.933333333,0.3585557872,0.9578691275,REST,At rest,1,FALSE
vid1,Take 1 (clean),clean,11.966666667,0.07145480745,0.9656979831,REST,At rest,1,FALSE
vid1,Take 1 (clean),clean,12,0.1581393904,0.9882163026,REST,At rest,1,FALSE
vid1,Take 1 (clean),clean,12.033333333,0.243216094,0.9820386574,REST,At rest,1,FALSE
vid1,Take 1 (clean),clean,12.066666667,0.2244697877,0.9635549963,REST,At rest,1,FALSE
vid1,Take 1 (clean),clean,12.1,0.2166386796,0.9647992227,REST,At rest,1,FALSE
vid1,Take 1 (clean),clean,12.133333333,0.114298833,0.9970132554,REST,At rest,1,FALSE
vid1,Take 1 (clean),clean,12.166666667,0.101261022,1.004717476,REST,At rest,1,FALSE
vid1,Take 1 (clean),clean,12.2,0.1389752773,0.992822185,REST,At rest,1,FALSE
vid1,Take 1 (clean),clean,12.233333333,0.07514443112,0.9911418335,REST,At rest,1,FALSE
vid1,Take 1 (clean),clean,12.266666667,0.08607269984,0.9830057619,REST,At rest,1,FALSE
vid1,Take 1 (clean),clean,12.3,0.2038218832,0.9791466008,REST,At rest,1,FALSE
vid1,Take 1 (clean),clean,12.333333333,0.07635459286,1.003829767,REST,At rest,1,FALSE
vid1,Take 1 (clean),clean,12.366666667,0.09522062099,1.008906482,REST,At rest,1,FALSE
vid1,Take 1 (clean),clean,12.4,0.03703379004,0.975992832,REST,At rest,1,FALSE
vid1,Take 1 (clean),clean,12.433333333,0.1677153651,0.9904630896,REST,At rest,1,FALSE
vid1,Take 1 (clean),clean,12.466666667,0.1535030773,1.029041312,REST,At rest,1,FALSE
vid1,Take 1 (clean),clean,12.5,0.3094493067,1.023499726,REST,At rest,1,FALSE
vid1,Take 1 (clean),clean,12.533333333,0.1892040614,0.996581635,REST,At rest,1,FALSE
vid1,Take 1 (clean),clean,12.566666667,0.2871123443,1.019424924,REST,At rest,1,FALSE
vid1,Take 1 (clean),clean,12.6,0.3979214789,1.033995003,REST,At rest,1,FALSE
vid1,Take 1 (clean),clean,12.633333333,0.303688297,1.075065949,REST,At rest,1,FALSE
vid1,Take 1 (clean),clean,12.666666667,0.652964326,1.117648073,REST,At rest,1,FALSE
vid1,Take 1 (clean),clean,12.7,0.7297496717,1.172380026,REACH,Reaching,2,FALSE
vid1,Take 1 (clean),clean,12.733333333,1.083892837,1.214922629,REACH,Reaching,2,FALSE
vid1,Take 1 (clean),clean,12.766666667,1.218556931,1.207814855,REACH,Reaching,2,FALSE
vid1,Take 1 (clean),clean,12.8,1.358943983,1.183049804,REACH,Reaching,2,FALSE
vid1,Take 1 (clean),clean,12.833333333,1.538499399,1.131985335,REACH,Reaching,2,FALSE
vid1,Take 1 (clean),clean,12.866666667,1.676385998,1.122713361,REACH,Reaching,2,FALSE
vid1,Take 1 (clean),clean,12.9,2.100574522,1.117277088,REACH,Reaching,2,FALSE
vid1,Take 1 (clean),clean,12.933333333,2.46654813,1.124306077,REACH,Reaching,2,FALSE
vid1,Take 1 (clean),clean,12.966666667,2.756445349,1.12228165,REACH,Reaching,2,FALSE
vid1,Take 1 (clean),clean,13,2.870049783,1.110783511,REACH,Reaching,2,FALSE
vid1,Take 1 (clean),clean,13.033333333,2.784606933,1.117095106,REACH,Reaching,2,FALSE
vid1,Take 1 (clean),clean,13.066666667,2.787134774,1.117655087,REACH,Reaching,2,FALSE
vid1,Take 1 (clean),clean,13.1,2.723225296,1.13638261,REACH,Reaching,2,FALSE
vid1,Take 1 (clean),clean,13.133333333,2.771639988,1.141045383,REACH,Reaching,2,FALSE
vid1,Take 1 (clean),clean,13.166666667,2.778334179,1.116544344,REACH,Reaching,2,FALSE
vid1,Take 1 (clean),clean,13.2,2.775813355,1.066119473,REACH,Reaching,2,FALSE
vid1,Take 1 (clean),clean,13.233333333,2.668319968,1.073802573,REACH,Reaching,2,FALSE
vid1,Take 1 (clean),clean,13.266666667,2.577196022,1.096722474,REACH,Reaching,2,FALSE
vid1,Take 1 (clean),clean,13.3,2.678547262,1.107046385,REACH,Reaching,2,FALSE
vid1,Take 1 (clean),clean,13.333333333,2.79103968,1.10784719,REACH,Reaching,2,FALSE
vid1,Take 1 (clean),clean,13.366666667,2.957186077,1.084278023,REACH,Reaching,2,FALSE
vid1,Take 1 (clean),clean,13.4,2.953502519,1.079336639,REACH,Reaching,2,FALSE
vid1,Take 1 (clean),clean,13.433333333,2.935374116,1.066975691,REACH,Reaching,2,FALSE
vid1,Take 1 (clean),clean,13.466666667,3.076150159,1.104482597,REACH,Reaching,2,FALSE
vid1,Take 1 (clean),clean,13.5,3.147020446,1.104989333,REACH,Reaching,2,FALSE
vid1,Take 1 (clean),clean,13.533333333,3.153120624,1.141972123,REACH,Reaching,2,FALSE
vid1,Take 1 (clean),clean,13.566666667,3.132402598,1.191455675,REACH,Reaching,2,FALSE
vid1,Take 1 (clean),clean,13.6,3.14761919,1.240492029,REACH,Reaching,2,FALSE
vid1,Take 1 (clean),clean,13.633333333,3.243046424,1.242158594,REACH,Reaching,2,FALSE
vid1,Take 1 (clean),clean,13.666666667,3.225606865,1.227731173,REACH,Reaching,2,FALSE
vid1,Take 1 (clean),clean,13.7,3.103804467,1.240869332,REACH,Reaching,2,FALSE
vid1,Take 1 (clean),clean,13.733333333,2.96175385,1.277403542,REACH,Reaching,2,FALSE
vid1,Take 1 (clean),clean,13.766666667,2.694284534,1.289396332,REACH,Reaching,2,FALSE
vid1,Take 1 (clean),clean,13.8,2.528884836,1.282873579,REACH,Reaching,2,FALSE
vid1,Take 1 (clean),clean,13.833333333,2.392932544,1.249629345,REACH,Reaching,2,FALSE
vid1,Take 1 (clean),clean,13.866666667,2.396956565,1.21882746,REACH,Reaching,2,FALSE
vid1,Take 1 (clean),clean,13.9,1.93416359,1.179698163,REACH,Reaching,2,FALSE
vid1,Take 1 (clean),clean,13.933333333,1.513953746,1.144479599,REACH,Reaching,2,FALSE
vid1,Take 1 (clean),clean,13.966666667,1.543822802,1.115764478,REACH,Reaching,2,FALSE
vid1,Take 1 (clean),clean,14,1.697376701,1.102141904,REACH,Reaching,2,FALSE
vid1,Take 1 (clean),clean,14.033333333,1.76966018,1.078855504,REACH,Reaching,2,FALSE
vid1,Take 1 (clean),clean,14.066666667,1.590880034,0.9722766475,REACH,Reaching,2,FALSE
vid1,Take 1 (clean),clean,14.1,1.208196483,0.8743656857,REACH,Reaching,2,FALSE
vid1,Take 1 (clean),clean,14.133333333,1.064190269,0.8298035568,GRASP,Grasping,3,FALSE
vid1,Take 1 (clean),clean,14.166666667,0.8262652748,0.8248917841,GRASP,Grasping,3,FALSE
vid1,Take 1 (clean),clean,14.2,0.6266353246,0.7755249489,GRASP,Grasping,3,FALSE
vid1,Take 1 (clean),clean,14.233333333,0.525406333,0.7479979192,GRASP,Grasping,3,FALSE
vid1,Take 1 (clean),clean,14.266666667,0.3136449826,0.7738595266,GRASP,Grasping,3,FALSE
vid1,Take 1 (clean),clean,14.3,0.1290689693,0.8284625782,GRASP,Grasping,3,FALSE
vid1,Take 1 (clean),clean,14.333333333,0.04520188639,0.8352624836,GRASP,Grasping,3,FALSE
vid1,Take 1 (clean),clean,14.366666667,0.1352352592,0.8256040196,GRASP,Grasping,3,FALSE
vid1,Take 1 (clean),clean,14.4,0.1723209362,0.8591877323,GRASP,Grasping,3,FALSE
vid1,Take 1 (clean),clean,14.433333333,0.1638002577,0.8662947196,GRASP,Grasping,3,FALSE
vid1,Take 1 (clean),clean,14.466666667,0.1596612015,0.8379355168,GRASP,Grasping,3,FALSE
vid1,Take 1 (clean),clean,14.5,0.1395761941,0.786336324,GRASP,Grasping,3,FALSE
vid1,Take 1 (clean),clean,14.533333333,0.09080643618,0.8042598697,GRASP,Grasping,3,FALSE
vid1,Take 1 (clean),clean,14.566666667,0.06880361906,0.7908065422,GRASP,Grasping,3,FALSE
vid1,Take 1 (clean),clean,14.6,0.1037878269,0.8399607794,GRASP,Grasping,3,FALSE
vid1,Take 1 (clean),clean,14.633333333,0.1022624543,0.8489068452,GRASP,Grasping,3,FALSE
vid1,Take 1 (clean),clean,14.666666667,0.1572354406,0.8737740688,GRASP,Grasping,3,FALSE
vid1,Take 1 (clean),clean,14.7,0.1177305485,0.8301330993,GRASP,Grasping,3,FALSE
vid1,Take 1 (clean),clean,14.733333333,0.1476497419,0.8450919618,GRASP,Grasping,3,FALSE
vid1,Take 1 (clean),clean,14.766666667,0.1173692484,0.8317052417,GRASP,Grasping,3,FALSE
vid1,Take 1 (clean),clean,14.8,0.1852534963,0.8215518709,GRASP,Grasping,3,FALSE
vid1,Take 1 (clean),clean,14.833333333,0.3281054205,0.8106589025,GRASP,Grasping,3,FALSE
vid1,Take 1 (clean),clean,14.866666667,0.6560837211,0.8129462058,GRASP,Grasping,3,FALSE
vid1,Take 1 (clean),clean,14.9,1.061149826,0.7926070542,GRASP,Grasping,3,FALSE
vid1,Take 1 (clean),clean,14.933333333,1.426245725,0.7058009693,GRASP,Grasping,3,FALSE
vid1,Take 1 (clean),clean,14.966666667,1.751656489,0.6882626991,GRASP,Grasping,3,FALSE
vid1,Take 1 (clean),clean,15,2.109246022,0.6859809412,GRASP,Grasping,3,FALSE
vid1,Take 1 (clean),clean,15.033333333,2.337920193,0.6924832715,GRASP,Grasping,3,FALSE
vid1,Take 1 (clean),clean,15.066666667,2.594774764,0.6637824186,GRASP,Grasping,3,FALSE
vid1,Take 1 (clean),clean,15.1,2.749830532,0.680047833,GRASP,Grasping,3,FALSE
vid1,Take 1 (clean),clean,15.133333333,2.813786918,0.695073052,GRASP,Grasping,3,FALSE
vid1,Take 1 (clean),clean,15.166666667,2.836648148,0.7053931108,GRASP,Grasping,3,FALSE
vid1,Take 1 (clean),clean,15.2,2.703619797,0.7018845043,GRASP,Grasping,3,FALSE
vid1,Take 1 (clean),clean,15.233333333,2.554812577,0.6871897653,GRASP,Grasping,3,FALSE
vid1,Take 1 (clean),clean,15.266666667,2.507375324,0.6898075219,GRASP,Grasping,3,FALSE
vid1,Take 1 (clean),clean,15.3,2.497473143,0.7155934564,GRASP,Grasping,3,FALSE
vid1,Take 1 (clean),clean,15.333333333,2.464061977,0.7428412986,GRASP,Grasping,3,FALSE
vid1,Take 1 (clean),clean,15.366666667,2.271205695,0.743751353,GRASP,Grasping,3,FALSE
vid1,Take 1 (clean),clean,15.4,1.917586576,0.7175171655,GRASP,Grasping,3,FALSE
vid1,Take 1 (clean),clean,15.433333333,1.562859755,0.6873627878,GRASP,Grasping,3,FALSE
vid1,Take 1 (clean),clean,15.466666667,1.228762608,0.6544868798,GRASP,Grasping,3,FALSE
vid1,Take 1 (clean),clean,15.5,0.9447674902,0.674377103,GRASP,Grasping,3,FALSE
vid1,Take 1 (clean),clean,15.533333333,0.7106868563,0.7224732467,HOLD,Holding,4,FALSE
vid1,Take 1 (clean),clean,15.566666667,0.5209172318,0.7698916592,HOLD,Holding,4,FALSE
vid1,Take 1 (clean),clean,15.6,0.4143298589,0.7809471802,HOLD,Holding,4,FALSE
vid1,Take 1 (clean),clean,15.633333333,0.3729063008,0.7804386108,HOLD,Holding,4,FALSE
vid1,Take 1 (clean),clean,15.666666667,0.32866893,0.776988931,HOLD,Holding,4,FALSE
vid1,Take 1 (clean),clean,15.7,0.2624211496,0.7765734712,HOLD,Holding,4,FALSE
vid1,Take 1 (clean),clean,15.733333333,0.2081006044,0.7873729655,HOLD,Holding,4,FALSE
vid1,Take 1 (clean),clean,15.766666667,0.1669481751,0.7987833173,HOLD,Holding,4,FALSE
vid1,Take 1 (clean),clean,15.8,0.1288966599,0.7918548791,HOLD,Holding,4,FALSE
vid1,Take 1 (clean),clean,15.833333333,0.1321757496,0.7984261755,HOLD,Holding,4,FALSE
vid1,Take 1 (clean),clean,15.866666667,0.1229731049,0.8061967636,HOLD,Holding,4,FALSE
vid1,Take 1 (clean),clean,15.9,0.1300828168,0.8051442727,HOLD,Holding,4,FALSE
vid1,Take 1 (clean),clean,15.933333333,0.1321717056,0.7982976252,HOLD,Holding,4,FALSE
vid1,Take 1 (clean),clean,15.966666667,0.1289922461,0.7890006301,HOLD,Holding,4,FALSE
vid1,Take 1 (clean),clean,16,0.09556699817,0.7933261694,HOLD,Holding,4,FALSE
vid1,Take 1 (clean),clean,16.033333333,0.0380013956,0.7983982752,HOLD,Holding,4,FALSE
vid1,Take 1 (clean),clean,16.066666667,0.06044749635,0.8032552798,HOLD,Holding,4,FALSE
vid1,Take 1 (clean),clean,16.1,0.1321245302,0.8047767285,HOLD,Holding,4,FALSE
vid1,Take 1 (clean),clean,16.133333333,0.1495909337,0.7947443761,HOLD,Holding,4,FALSE
vid1,Take 1 (clean),clean,16.166666667,0.1090134258,0.7849559564,HOLD,Holding,4,FALSE
vid1,Take 1 (clean),clean,16.2,0.09628204485,0.7622147141,HOLD,Holding,4,FALSE
vid1,Take 1 (clean),clean,16.233333333,0.08826807445,0.771396243,HOLD,Holding,4,FALSE
vid1,Take 1 (clean),clean,16.266666667,0.04470265791,0.7639723341,HOLD,Holding,4,FALSE
vid1,Take 1 (clean),clean,16.3,0.05520948416,0.749980835,HOLD,Holding,4,FALSE
vid1,Take 1 (clean),clean,16.333333333,0.09185113319,0.7443859233,HOLD,Holding,4,FALSE
vid1,Take 1 (clean),clean,16.366666667,0.1356349598,0.7481921391,HOLD,Holding,4,FALSE
vid1,Take 1 (clean),clean,16.4,0.1879303422,0.7615920667,HOLD,Holding,4,FALSE
vid1,Take 1 (clean),clean,16.433333333,0.2374765138,0.7623629816,HOLD,Holding,4,FALSE
vid1,Take 1 (clean),clean,16.466666667,0.1928610795,0.7814297672,HOLD,Holding,4,FALSE
vid1,Take 1 (clean),clean,16.5,0.1476414332,0.7761027864,HOLD,Holding,4,FALSE
vid1,Take 1 (clean),clean,16.533333333,0.06499810288,0.7880353208,HOLD,Holding,4,FALSE
vid1,Take 1 (clean),clean,16.566666667,0.01319963868,0.7843069983,HOLD,Holding,4,FALSE
vid1,Take 1 (clean),clean,16.6,0.05444555595,0.7858867374,HOLD,Holding,4,FALSE
vid1,Take 1 (clean),clean,16.633333333,0.07763958835,0.7835985646,HOLD,Holding,4,FALSE
vid1,Take 1 (clean),clean,16.666666667,0.0833003357,0.7848802295,HOLD,Holding,4,FALSE
vid1,Take 1 (clean),clean,16.7,0.1267662818,0.7807469167,HOLD,Holding,4,FALSE
vid1,Take 1 (clean),clean,16.733333333,0.1025045321,0.7835530657,HOLD,Holding,4,FALSE
vid1,Take 1 (clean),clean,16.766666667,0.09551362946,0.7885988152,HOLD,Holding,4,FALSE
vid1,Take 1 (clean),clean,16.8,0.02466341911,0.7868717148,HOLD,Holding,4,FALSE
vid1,Take 1 (clean),clean,16.833333333,0.05598240301,0.7856162303,HOLD,Holding,4,FALSE
vid1,Take 1 (clean),clean,16.866666667,0.1098792443,0.7857847888,HOLD,Holding,4,FALSE
vid1,Take 1 (clean),clean,16.9,0.2770447046,0.7844300851,HOLD,Holding,4,FALSE
vid1,Take 1 (clean),clean,16.933333333,0.5774268221,0.7760303427,HOLD,Holding,4,FALSE
vid1,Take 1 (clean),clean,16.966666667,0.9415725586,0.7787897841,HOLD,Holding,4,FALSE
vid1,Take 1 (clean),clean,17,1.338829088,0.7992701064,HOLD,Holding,4,FALSE
vid1,Take 1 (clean),clean,17.033333333,1.708574641,0.8225457417,HOLD,Holding,4,FALSE
vid1,Take 1 (clean),clean,17.066666667,1.997239276,0.8154815384,HOLD,Holding,4,FALSE
vid1,Take 1 (clean),clean,17.1,2.30267143,0.7852061631,HOLD,Holding,4,FALSE
vid1,Take 1 (clean),clean,17.133333333,2.593585078,0.7404770088,HOLD,Holding,4,FALSE
vid1,Take 1 (clean),clean,17.166666667,2.742194858,0.6867761001,HOLD,Holding,4,FALSE
vid1,Take 1 (clean),clean,17.2,2.813621923,0.6624764446,HOLD,Holding,4,FALSE
vid1,Take 1 (clean),clean,17.233333333,2.729638469,0.6912797529,HOLD,Holding,4,FALSE
vid1,Take 1 (clean),clean,17.266666667,2.546218183,0.7489482391,HOLD,Holding,4,FALSE
vid1,Take 1 (clean),clean,17.3,2.344510502,0.7882917139,HOLD,Holding,4,FALSE
vid1,Take 1 (clean),clean,17.333333333,2.077041519,0.7990080503,HOLD,Holding,4,FALSE
vid1,Take 1 (clean),clean,17.366666667,1.831401825,0.8162728924,HOLD,Holding,4,FALSE
vid1,Take 1 (clean),clean,17.4,1.612296468,0.8478510717,HOLD,Holding,4,FALSE
vid1,Take 1 (clean),clean,17.433333333,1.396168074,0.8686102598,HOLD,Holding,4,FALSE
vid1,Take 1 (clean),clean,17.466666667,1.203364778,0.8756518143,HOLD,Holding,4,FALSE
vid1,Take 1 (clean),clean,17.5,1.021696331,0.8651896849,HOLD,Holding,4,FALSE
vid1,Take 1 (clean),clean,17.533333333,0.967813178,0.84953966,HOLD,Holding,4,FALSE
vid1,Take 1 (clean),clean,17.566666667,0.9397819617,0.8331888024,HOLD,Holding,4,FALSE
vid1,Take 1 (clean),clean,17.6,0.9933525966,0.8311474715,HOLD,Holding,4,FALSE
vid1,Take 1 (clean),clean,17.633333333,0.9875176924,0.828421717,HOLD,Holding,4,FALSE
vid1,Take 1 (clean),clean,17.666666667,0.9950437072,0.8329017106,HOLD,Holding,4,FALSE
vid1,Take 1 (clean),clean,17.7,0.8314036317,0.8339122293,HOLD,Holding,4,FALSE
vid1,Take 1 (clean),clean,17.733333333,0.6300708751,0.7991708588,HOLD,Holding,4,FALSE
vid1,Take 1 (clean),clean,17.766666667,0.3872574233,0.7417979801,HOLD,Holding,4,FALSE
vid1,Take 1 (clean),clean,17.8,0.1119835967,0.7190006956,HOLD,Holding,4,FALSE
vid1,Take 1 (clean),clean,17.833333333,0.1349058271,0.7329237676,HOLD,Holding,4,FALSE
vid1,Take 1 (clean),clean,17.866666667,0.06286643477,0.7321789589,HOLD,Holding,4,FALSE
vid1,Take 1 (clean),clean,17.9,0.0189308475,0.7395311103,HOLD,Holding,4,FALSE
vid1,Take 1 (clean),clean,17.933333333,0.1703553048,0.7457284863,HOLD,Holding,4,FALSE
vid1,Take 1 (clean),clean,17.966666667,0.08404314943,0.7808350152,HOLD,Holding,4,FALSE
vid1,Take 1 (clean),clean,18,0.09573216306,0.7768149477,HOLD,Holding,4,FALSE
vid1,Take 1 (clean),clean,18.033333333,0.1985455177,0.7661702883,HOLD,Holding,4,FALSE
vid1,Take 1 (clean),clean,18.066666667,0.2312475955,0.7681298673,HOLD,Holding,4,FALSE
vid1,Take 1 (clean),clean,18.1,0.3171697219,0.8017521092,HOLD,Holding,4,FALSE
vid1,Take 1 (clean),clean,18.133333333,0.3277502089,0.832018137,HOLD,Holding,4,FALSE
vid1,Take 1 (clean),clean,18.166666667,0.5612818309,0.8486173511,HOLD,Holding,4,FALSE
vid1,Take 1 (clean),clean,18.2,0.851460479,1.010323982,RELEASE,Releasing,5,FALSE
vid1,Take 1 (clean),clean,18.233333333,0.9184902007,1.176439208,RELEASE,Releasing,5,FALSE
vid1,Take 1 (clean),clean,18.266666667,1.006778911,1.305720724,RELEASE,Releasing,5,FALSE
vid1,Take 1 (clean),clean,18.3,1.037677529,1.362581798,RELEASE,Releasing,5,FALSE
vid1,Take 1 (clean),clean,18.333333333,1.047818108,1.48450738,RELEASE,Releasing,5,FALSE
vid1,Take 1 (clean),clean,18.366666667,1.087599533,1.528388542,RELEASE,Releasing,5,FALSE
vid1,Take 1 (clean),clean,18.4,0.8747116766,1.526706871,RELEASE,Releasing,5,FALSE
vid1,Take 1 (clean),clean,18.433333333,0.506783842,1.456508438,RELEASE,Releasing,5,FALSE
vid1,Take 1 (clean),clean,18.466666667,0.5874405941,1.488480092,RELEASE,Releasing,5,FALSE
vid1,Take 1 (clean),clean,18.5,0.4553434376,1.519896688,RELEASE,Releasing,5,FALSE
vid1,Take 1 (clean),clean,18.533333333,0.2106048752,1.682972617,RELEASE,Releasing,5,FALSE
vid1,Take 1 (clean),clean,18.566666667,0.7219300322,1.721267091,RELEASE,Releasing,5,FALSE
vid1,Take 1 (clean),clean,18.6,1.04064718,1.689290625,RELEASE,Releasing,5,FALSE
vid1,Take 1 (clean),clean,18.633333333,1.316743908,1.644272863,RELEASE,Releasing,5,FALSE
vid1,Take 1 (clean),clean,18.666666667,1.198368558,1.636174029,RELEASE,Releasing,5,FALSE
vid1,Take 1 (clean),clean,18.7,1.424451391,1.578842743,RELEASE,Releasing,5,FALSE
vid1,Take 1 (clean),clean,18.733333333,1.467539218,1.46880601,RELEASE,Releasing,5,FALSE
vid1,Take 1 (clean),clean,18.766666667,1.316362876,1.438583187,RELEASE,Releasing,5,FALSE
vid1,Take 1 (clean),clean,18.8,1.225779529,1.399437381,RELEASE,Releasing,5,FALSE
vid1,Take 1 (clean),clean,18.833333333,1.181712641,1.409294006,RELEASE,Releasing,5,FALSE
vid1,Take 1 (clean),clean,18.866666667,1.262269994,1.460875552,RETRACT,Returning,6,FALSE
vid1,Take 1 (clean),clean,18.9,1.458180378,1.519684957,RETRACT,Returning,6,FALSE
vid1,Take 1 (clean),clean,18.933333333,1.534801244,1.515384212,RETRACT,Returning,6,FALSE
vid1,Take 1 (clean),clean,18.966666667,1.668746287,1.481969117,RETRACT,Returning,6,FALSE
vid1,Take 1 (clean),clean,19,1.870406732,1.452422601,RETRACT,Returning,6,FALSE
vid1,Take 1 (clean),clean,19.033333333,2.044859162,1.4656305,RETRACT,Returning,6,FALSE
vid1,Take 1 (clean),clean,19.066666667,2.550352393,1.437721674,RETRACT,Returning,6,FALSE
vid1,Take 1 (clean),clean,19.1,2.910238189,1.384792669,RETRACT,Returning,6,FALSE
vid1,Take 1 (clean),clean,19.133333333,2.875811442,1.331133691,RETRACT,Returning,6,FALSE
vid1,Take 1 (clean),clean,19.166666667,2.880371299,1.313203218,RETRACT,Returning,6,FALSE
vid1,Take 1 (clean),clean,19.2,2.767576786,1.295419013,RETRACT,Returning,6,FALSE
vid1,Take 1 (clean),clean,19.233333333,3.057300014,1.285713053,RETRACT,Returning,6,FALSE
vid1,Take 1 (clean),clean,19.266666667,3.282730113,1.282683396,RETRACT,Returning,6,FALSE
vid1,Take 1 (clean),clean,19.3,3.536634759,1.245992499,RETRACT,Returning,6,FALSE
vid1,Take 1 (clean),clean,19.333333333,3.664602412,1.192401771,RETRACT,Returning,6,FALSE
vid1,Take 1 (clean),clean,19.366666667,3.49603542,1.171957967,RETRACT,Returning,6,FALSE
vid1,Take 1 (clean),clean,19.4,3.383075941,1.194201443,RETRACT,Returning,6,FALSE
vid1,Take 1 (clean),clean,19.433333333,3.053306367,1.20583956,RETRACT,Returning,6,FALSE
vid1,Take 1 (clean),clean,19.466666667,3.011470441,1.177284081,RETRACT,Returning,6,FALSE
vid1,Take 1 (clean),clean,19.5,3.164243008,1.15145801,RETRACT,Returning,6,FALSE
vid1,Take 1 (clean),clean,19.533333333,3.218488241,1.13968038,RETRACT,Returning,6,FALSE
vid1,Take 1 (clean),clean,19.566666667,3.26590895,1.131322828,RETRACT,Returning,6,FALSE
vid1,Take 1 (clean),clean,19.6,3.123283233,1.121871249,RETRACT,Returning,6,FALSE
vid1,Take 1 (clean),clean,19.633333333,2.925404236,1.130647346,RETRACT,Returning,6,FALSE
vid1,Take 1 (clean),clean,19.666666667,2.764651257,1.089220038,RETRACT,Returning,6,FALSE
vid1,Take 1 (clean),clean,19.7,2.550509639,1.04672559,RETRACT,Returning,6,FALSE
vid1,Take 1 (clean),clean,19.733333333,2.359997018,1.020785519,RETRACT,Returning,6,FALSE
vid1,Take 1 (clean),clean,19.766666667,2.076658869,1.052774545,RETRACT,Returning,6,FALSE
vid1,Take 1 (clean),clean,19.8,1.905370363,1.035914864,RETRACT,Returning,6,FALSE
vid1,Take 1 (clean),clean,19.833333333,1.582107132,1.097679116,RETRACT,Returning,6,FALSE
vid1,Take 1 (clean),clean,19.866666667,1.421439398,1.091158387,RETRACT,Returning,6,FALSE
vid1,Take 1 (clean),clean,19.9,1.205731876,1.062608437,RETRACT,Returning,6,FALSE
vid1,Take 1 (clean),clean,19.933333333,0.86944783,1.057512127,RETRACT,Returning,6,FALSE
vid1,Take 1 (clean),clean,19.966666667,0.7600908358,1.132300676,RETRACT,Returning,6,FALSE
vid1,Take 1 (clean),clean,20,0.9259056806,1.201625001,RETRACT,Returning,6,FALSE
vid1,Take 1 (clean),clean,20.033333333,1.010872778,1.129921337,RETRACT,Returning,6,FALSE
vid1,Take 1 (clean),clean,20.066666667,0.8678277573,1.082609484,REST,At rest,1,FALSE
vid1,Take 1 (clean),clean,20.1,0.5522286284,1.063630625,REST,At rest,1,FALSE
vid1,Take 1 (clean),clean,20.133333333,0.2622292018,1.100429093,REST,At rest,1,FALSE
vid1,Take 1 (clean),clean,20.166666667,0.2552419462,1.056599929,REST,At rest,1,FALSE
vid1,Take 1 (clean),clean,20.2,0.2508572415,0.9993645394,REST,At rest,1,FALSE
vid1,Take 1 (clean),clean,20.233333333,0.2904347633,0.926691306,REST,At rest,1,FALSE
vid1,Take 1 (clean),clean,20.266666667,0.1089023289,0.9298055342,REST,At rest,1,FALSE
vid1,Take 1 (clean),clean,20.3,0.8366291457,0.9887715346,REST,At rest,1,FALSE
vid1,Take 1 (clean),clean,20.333333333,1.037990571,1.051688765,REST,At rest,1,FALSE
vid1,Take 1 (clean),clean,20.366666667,0.7309656464,1.03463196,REST,At rest,1,FALSE
vid1,Take 1 (clean),clean,20.4,0.2009422409,1.031121383,REST,At rest,1,FALSE
vid1,Take 1 (clean),clean,20.433333333,0.3031588044,1.037438627,REST,At rest,1,FALSE
vid1,Take 1 (clean),clean,20.466666667,0.3879639129,1.047650471,REST,At rest,1,FALSE
vid1,Take 1 (clean),clean,20.5,0.3107024125,1.060596425,REST,At rest,1,FALSE
vid1,Take 1 (clean),clean,20.533333333,0.1457750974,1.039992748,REST,At rest,1,FALSE
vid1,Take 1 (clean),clean,20.566666667,0.1222843815,1.007277649,REST,At rest,1,FALSE
vid1,Take 1 (clean),clean,20.6,0.1780250164,0.9964537403,REST,At rest,1,FALSE
vid1,Take 1 (clean),clean,20.633333333,0.2572291854,0.9968907387,REST,At rest,1,FALSE
vid1,Take 1 (clean),clean,20.666666667,0.1208783689,0.9899047361,REST,At rest,1,FALSE
vid1,Take 1 (clean),clean,20.7,0.03159886139,0.979659164,REST,At rest,1,FALSE
vid1,Take 1 (clean),clean,20.733333333,0.09029693952,1.008623289,REST,At rest,1,FALSE
vid1,Take 1 (clean),clean,20.766666667,0.1403930493,0.9826869779,REST,At rest,1,FALSE
vid1,Take 1 (clean),clean,20.8,0.2827210679,0.9807747271,REST,At rest,1,FALSE
vid1,Take 1 (clean),clean,20.833333333,0.07474306892,0.9939298307,REST,At rest,1,FALSE
vid1,Take 1 (clean),clean,20.866666667,0.2407222255,1.016725174,REST,At rest,1,FALSE
vid1,Take 1 (clean),clean,20.9,0.1771181347,1.022576231,REST,At rest,1,FALSE
vid1,Take 1 (clean),clean,20.933333333,0.1719829668,1.006411555,REST,At rest,1,FALSE
vid1,Take 1 (clean),clean,20.966666667,0.09105694282,1.012604116,REST,At rest,1,FALSE
vid1,Take 1 (clean),clean,21,0.05895293972,0.9879161419,REST,At rest,1,FALSE
vid1,Take 1 (clean),clean,21.033333333,0.08606681736,1.007536731,REST,At rest,1,FALSE
vid1,Take 1 (clean),clean,21.066666667,0.1577036494,1.012371106,REST,At rest,1,FALSE
vid1,Take 1 (clean),clean,21.1,0.1677139448,1.012978283,REST,At rest,1,FALSE
vid1,Take 1 (clean),clean,21.133333333,0.2517542932,0.9640312222,REST,At rest,1,FALSE
vid1,Take 1 (clean),clean,21.166666667,0.06438187661,0.9541969683,REST,At rest,1,FALSE
vid1,Take 1 (clean),clean,21.2,0.230409987,0.9725399641,REST,At rest,1,FALSE
vid1,Take 1 (clean),clean,21.233333333,0.2474963835,1.010299815,REST,At rest,1,FALSE
vid1,Take 1 (clean),clean,21.266666667,0.1671098541,1.004033589,REST,At rest,1,FALSE
vid1,Take 1 (clean),clean,21.3,0.1234897129,1.017383925,REST,At rest,1,FALSE
vid1,Take 1 (clean),clean,21.333333333,0.1315819332,0.9900908605,REST,At rest,1,FALSE
vid1,Take 1 (clean),clean,21.366666667,0.07324466112,0.9721171479,REST,At rest,1,FALSE
vid1,Take 1 (clean),clean,21.4,0.2176996416,0.9376966981,REST,At rest,1,FALSE
vid1,Take 1 (clean),clean,21.433333333,0.2785226299,0.9717710535,REST,At rest,1,FALSE
vid1,Take 1 (clean),clean,21.466666667,0.1442373905,0.9899944593,REST,At rest,1,FALSE
vid1,Take 1 (clean),clean,21.5,0.01171565804,0.9996098436,REST,At rest,1,FALSE
vid1,Take 1 (clean),clean,21.533333333,0.2811650111,0.9914565622,REST,At rest,1,FALSE
vid1,Take 1 (clean),clean,21.566666667,0.2855717617,0.9838659413,REST,At rest,1,FALSE
vid1,Take 1 (clean),clean,21.6,0.07100842299,0.9951462397,REST,At rest,1,FALSE
vid1,Take 1 (clean),clean,21.633333333,0.0384699487,0.9934035015,REST,At rest,1,FALSE
vid1,Take 1 (clean),clean,21.666666667,0.0707922102,1.003186589,REST,At rest,1,FALSE
vid1,Take 1 (clean),clean,21.7,0.005964251188,1.019953775,REST,At rest,1,FALSE
vid1,Take 1 (clean),clean,21.733333333,0.2371770822,1.030365018,REST,At rest,1,FALSE
vid1,Take 1 (clean),clean,21.766666667,0.1036987752,1.016581395,REST,At rest,1,FALSE
vid1,Take 1 (clean),clean,21.8,0.08879179519,1.000839515,REST,At rest,1,FALSE
vid1,Take 1 (clean),clean,21.833333333,0.1939518716,1.007647235,REST,At rest,1,FALSE
vid1,Take 1 (clean),clean,21.866666667,0.4620238411,1.025940353,REST,At rest,1,FALSE
vid1,Take 1 (clean),clean,21.9,0.1480959607,1.016263815,REST,At rest,1,FALSE
vid1,Take 1 (clean),clean,21.933333333,0.04366208988,1.02143757,REST,At rest,1,FALSE
vid1,Take 1 (clean),clean,21.966666667,0.2612673613,0.9803003666,REST,At rest,1,FALSE
vid1,Take 1 (clean),clean,22,0.178269426,1.002368048,REST,At rest,1,FALSE
vid1,Take 1 (clean),clean,22.033333333,0.06757837209,0.9999798888,REST,At rest,1,FALSE
vid1,Take 1 (clean),clean,22.066666667,0.04035494189,1.019105822,REST,At rest,1,FALSE
vid1,Take 1 (clean),clean,22.1,0.009874333826,0.9859890584,REST,At rest,1,FALSE
vid1,Take 1 (clean),clean,22.133333333,0.05192463436,0.999465321,REST,At rest,1,FALSE
vid1,Take 1 (clean),clean,22.166666667,0.03393660098,1.044718983,REST,At rest,1,FALSE
vid1,Take 1 (clean),clean,22.2,0.1132894664,1.037411462,REST,At rest,1,FALSE
vid1,Take 1 (clean),clean,22.233333333,0.02249091887,1.049810642,REST,At rest,1,FALSE
vid1,Take 1 (clean),clean,22.266666667,0.03561342535,1.047032083,REST,At rest,1,FALSE
vid1,Take 1 (clean),clean,22.3,0.1496788445,1.072868987,REST,At rest,1,FALSE
vid1,Take 1 (clean),clean,22.333333333,0.01774926996,1.056238807,REST,At rest,1,FALSE
vid1,Take 1 (clean),clean,22.366666667,0.06923453352,1.053787018,REST,At rest,1,FALSE
vid1,Take 1 (clean),clean,22.4,0.1780424327,1.031934757,REST,At rest,1,FALSE
vid1,Take 1 (clean),clean,22.433333333,0.1646789804,0.9967802842,REST,At rest,1,FALSE
vid1,Take 1 (clean),clean,22.466666667,0.1512270702,1.008721677,REST,At rest,1,FALSE
vid1,Take 1 (clean),clean,22.5,0.1261173928,1.065518817,REST,At rest,1,FALSE
vid1,Take 1 (clean),clean,22.533333333,0.2079542762,1.082187583,REST,At rest,1,FALSE
vid1,Take 1 (clean),clean,22.566666667,0.2436356083,1.048618241,REST,At rest,1,FALSE
vid1,Take 1 (clean),clean,22.6,0.1904410334,1.019112399,REST,At rest,1,FALSE
vid1,Take 1 (clean),clean,22.633333333,0.1163123487,1.03504701,REST,At rest,1,FALSE
vid1,Take 1 (clean),clean,22.666666667,0.1455203261,1.005736659,REST,At rest,1,FALSE
vid1,Take 1 (clean),clean,22.7,0.06396623461,0.9711695953,REST,At rest,1,FALSE
vid1,Take 1 (clean),clean,22.733333333,0.02612073938,0.9700795078,REST,At rest,1,FALSE
vid1,Take 1 (clean),clean,22.766666667,0.07315697478,1.004673316,REST,At rest,1,FALSE
vid1,Take 1 (clean),clean,22.8,0.03131994993,1.040939514,REST,At rest,1,FALSE
vid1,Take 1 (clean),clean,22.833333333,0.2994864038,1.009231218,REST,At rest,1,FALSE
vid1,Take 1 (clean),clean,22.866666667,0.3069457319,0.9980799937,REST,At rest,1,FALSE
vid1,Take 1 (clean),clean,22.9,0.2675362706,1.000931524,REST,At rest,1,FALSE
vid1,Take 1 (clean),clean,22.933333333,0.3764560089,1.021453125,REST,At rest,1,FALSE
vid1,Take 1 (clean),clean,22.966666667,0.5559602594,1.043419155,REST,At rest,1,FALSE
vid1,Take 1 (clean),clean,23,0.6793010587,1.125239658,REST,At rest,1,FALSE
vid1,Take 1 (clean),clean,23.033333333,0.7087845714,1.168572937,REACH,Reaching,2,FALSE
vid1,Take 1 (clean),clean,23.066666667,0.972177705,1.149574358,REACH,Reaching,2,FALSE
vid1,Take 1 (clean),clean,23.1,1.36052428,1.10744889,REACH,Reaching,2,FALSE
vid1,Take 1 (clean),clean,23.133333333,1.752873045,1.110625264,REACH,Reaching,2,FALSE
vid1,Take 1 (clean),clean,23.166666667,2.145287459,1.158274732,REACH,Reaching,2,FALSE
vid1,Take 1 (clean),clean,23.2,2.386126507,1.192593286,REACH,Reaching,2,FALSE
vid1,Take 1 (clean),clean,23.233333333,2.628562348,1.20489037,REACH,Reaching,2,FALSE
vid1,Take 1 (clean),clean,23.266666667,2.937280958,1.197102386,REACH,Reaching,2,FALSE
vid1,Take 1 (clean),clean,23.3,3.352425182,1.180318259,REACH,Reaching,2,FALSE
vid1,Take 1 (clean),clean,23.333333333,3.713250224,1.116227433,REACH,Reaching,2,FALSE
vid1,Take 1 (clean),clean,23.366666667,3.713859796,1.07542899,REACH,Reaching,2,FALSE
vid1,Take 1 (clean),clean,23.4,3.523063951,1.068672079,REACH,Reaching,2,FALSE
vid1,Take 1 (clean),clean,23.433333333,3.206234503,1.090649883,REACH,Reaching,2,FALSE
vid1,Take 1 (clean),clean,23.466666667,2.947519682,1.116511402,REACH,Reaching,2,FALSE
vid1,Take 1 (clean),clean,23.5,2.855523288,1.129273801,REACH,Reaching,2,FALSE
vid1,Take 1 (clean),clean,23.533333333,2.835328682,1.152740811,REACH,Reaching,2,FALSE
vid1,Take 1 (clean),clean,23.566666667,2.762608924,1.17598487,REACH,Reaching,2,FALSE
vid1,Take 1 (clean),clean,23.6,2.672759637,1.219307597,REACH,Reaching,2,FALSE
vid1,Take 1 (clean),clean,23.633333333,2.465757007,1.243204182,REACH,Reaching,2,FALSE
vid1,Take 1 (clean),clean,23.666666667,2.366429103,1.262369891,REACH,Reaching,2,FALSE
vid1,Take 1 (clean),clean,23.7,2.358160965,1.261157083,REACH,Reaching,2,FALSE
vid1,Take 1 (clean),clean,23.733333333,2.397652369,1.238527188,REACH,Reaching,2,FALSE
vid1,Take 1 (clean),clean,23.766666667,2.380001608,1.222735706,REACH,Reaching,2,FALSE
vid1,Take 1 (clean),clean,23.8,2.341988028,1.218493537,REACH,Reaching,2,FALSE
vid1,Take 1 (clean),clean,23.833333333,2.377150271,1.235788263,REACH,Reaching,2,FALSE
vid1,Take 1 (clean),clean,23.866666667,2.325129994,1.243960387,REACH,Reaching,2,FALSE
vid1,Take 1 (clean),clean,23.9,2.340891875,1.25279027,REACH,Reaching,2,FALSE
vid1,Take 1 (clean),clean,23.933333333,2.311536842,1.266863054,REACH,Reaching,2,FALSE
vid1,Take 1 (clean),clean,23.966666667,2.272723677,1.276979317,REACH,Reaching,2,FALSE
vid1,Take 1 (clean),clean,24,2.350291459,1.283776089,REACH,Reaching,2,FALSE
vid1,Take 1 (clean),clean,24.033333333,2.253557432,1.302310221,REACH,Reaching,2,FALSE
vid1,Take 1 (clean),clean,24.066666667,2.141375892,1.315158594,REACH,Reaching,2,FALSE
vid1,Take 1 (clean),clean,24.1,2.015748294,1.310138761,REACH,Reaching,2,FALSE
vid1,Take 1 (clean),clean,24.133333333,1.890304458,1.294852937,REACH,Reaching,2,FALSE
vid1,Take 1 (clean),clean,24.166666667,1.943647029,1.284272938,REACH,Reaching,2,FALSE
vid1,Take 1 (clean),clean,24.2,1.987705343,1.242924128,REACH,Reaching,2,FALSE
vid1,Take 1 (clean),clean,24.233333333,1.967421916,1.20510579,REACH,Reaching,2,FALSE
vid1,Take 1 (clean),clean,24.266666667,1.838904895,1.1756759,REACH,Reaching,2,FALSE
vid1,Take 1 (clean),clean,24.3,1.716137997,1.120313474,REACH,Reaching,2,FALSE
vid1,Take 1 (clean),clean,24.333333333,1.643545323,1.042720729,REACH,Reaching,2,FALSE
vid1,Take 1 (clean),clean,24.366666667,1.63319182,1.004760269,REACH,Reaching,2,FALSE
vid1,Take 1 (clean),clean,24.4,1.667256599,0.992314743,REACH,Reaching,2,FALSE
vid1,Take 1 (clean),clean,24.433333333,1.63001664,0.9731425477,REACH,Reaching,2,FALSE
vid1,Take 1 (clean),clean,24.466666667,1.646530086,0.9805255045,REACH,Reaching,2,FALSE
vid1,Take 1 (clean),clean,24.5,1.600475641,0.9979802671,REACH,Reaching,2,FALSE
vid1,Take 1 (clean),clean,24.533333333,1.63195179,0.9918297547,REACH,Reaching,2,FALSE
vid1,Take 1 (clean),clean,24.566666667,1.694599384,0.975421947,REACH,Reaching,2,FALSE
vid1,Take 1 (clean),clean,24.6,1.64640171,0.9616070324,GRASP,Grasping,3,FALSE
vid1,Take 1 (clean),clean,24.633333333,1.415962343,0.909023672,GRASP,Grasping,3,FALSE
vid1,Take 1 (clean),clean,24.666666667,1.074300405,0.8524856317,GRASP,Grasping,3,FALSE
vid1,Take 1 (clean),clean,24.7,0.7950430297,0.9019020111,GRASP,Grasping,3,FALSE
vid1,Take 1 (clean),clean,24.733333333,0.5717671484,0.938886134,GRASP,Grasping,3,FALSE
vid1,Take 1 (clean),clean,24.766666667,0.4518500955,0.9156237201,GRASP,Grasping,3,FALSE
vid1,Take 1 (clean),clean,24.8,0.3595879491,0.8602238907,GRASP,Grasping,3,FALSE
vid1,Take 1 (clean),clean,24.833333333,0.3296488516,0.8851413174,GRASP,Grasping,3,FALSE
vid1,Take 1 (clean),clean,24.866666667,0.3679283471,0.8897359835,GRASP,Grasping,3,FALSE
vid1,Take 1 (clean),clean,24.9,0.3750614312,0.8882626523,GRASP,Grasping,3,FALSE
vid1,Take 1 (clean),clean,24.933333333,0.3790699664,0.8741466213,GRASP,Grasping,3,FALSE
vid1,Take 1 (clean),clean,24.966666667,0.3664252724,0.875661032,GRASP,Grasping,3,FALSE
vid1,Take 1 (clean),clean,25,0.3076001477,0.8446217089,GRASP,Grasping,3,FALSE
vid1,Take 1 (clean),clean,25.033333333,0.3719670161,0.8224489306,GRASP,Grasping,3,FALSE
vid1,Take 1 (clean),clean,25.066666667,0.3611721237,0.8093073952,GRASP,Grasping,3,FALSE
vid1,Take 1 (clean),clean,25.1,0.2778492878,0.8463216795,GRASP,Grasping,3,FALSE
vid1,Take 1 (clean),clean,25.133333333,0.3137008729,0.8385194337,GRASP,Grasping,3,FALSE
vid1,Take 1 (clean),clean,25.166666667,0.3716707699,0.7975187174,GRASP,Grasping,3,FALSE
vid1,Take 1 (clean),clean,25.2,0.3826133443,0.7931371682,GRASP,Grasping,3,FALSE
vid1,Take 1 (clean),clean,25.233333333,0.4229791097,0.8115036906,GRASP,Grasping,3,FALSE
vid1,Take 1 (clean),clean,25.266666667,0.3920176855,0.8130728347,GRASP,Grasping,3,FALSE
vid1,Take 1 (clean),clean,25.3,0.4118494703,0.7994989965,GRASP,Grasping,3,FALSE
vid1,Take 1 (clean),clean,25.333333333,0.4344923473,0.7819307783,GRASP,Grasping,3,FALSE
vid1,Take 1 (clean),clean,25.366666667,0.3598722353,0.7499497121,GRASP,Grasping,3,FALSE
vid1,Take 1 (clean),clean,25.4,0.3141616143,0.736695451,GRASP,Grasping,3,FALSE
vid1,Take 1 (clean),clean,25.433333333,0.3780128078,0.731654005,GRASP,Grasping,3,FALSE
vid1,Take 1 (clean),clean,25.466666667,0.412927796,0.7343166304,GRASP,Grasping,3,FALSE
vid1,Take 1 (clean),clean,25.5,0.3922739154,0.7510541463,GRASP,Grasping,3,FALSE
vid1,Take 1 (clean),clean,25.533333333,0.2748323956,0.7721730442,GRASP,Grasping,3,FALSE
vid1,Take 1 (clean),clean,25.566666667,0.2578517449,0.754891347,GRASP,Grasping,3,FALSE
vid1,Take 1 (clean),clean,25.6,0.3576438772,0.733108925,GRASP,Grasping,3,FALSE
vid1,Take 1 (clean),clean,25.633333333,0.3952367791,0.7120806651,GRASP,Grasping,3,FALSE
vid1,Take 1 (clean),clean,25.666666667,0.411054864,0.7221831966,GRASP,Grasping,3,FALSE
vid1,Take 1 (clean),clean,25.7,0.4145082262,0.7369254545,GRASP,Grasping,3,FALSE
vid1,Take 1 (clean),clean,25.733333333,0.497138752,0.7458559757,GRASP,Grasping,3,FALSE
vid1,Take 1 (clean),clean,25.766666667,0.7474144759,0.7580064312,GRASP,Grasping,3,FALSE
vid1,Take 1 (clean),clean,25.8,0.9916799331,0.7624004156,GRASP,Grasping,3,FALSE
vid1,Take 1 (clean),clean,25.833333333,1.280415936,0.742749649,GRASP,Grasping,3,FALSE
vid1,Take 1 (clean),clean,25.866666667,1.566124234,0.7112606879,GRASP,Grasping,3,FALSE
vid1,Take 1 (clean),clean,25.9,1.754061273,0.6675481509,GRASP,Grasping,3,FALSE
vid1,Take 1 (clean),clean,25.933333333,1.991910288,0.635117365,GRASP,Grasping,3,FALSE
vid1,Take 1 (clean),clean,25.966666667,2.228795322,0.6552978304,GRASP,Grasping,3,FALSE
vid1,Take 1 (clean),clean,26,2.460294788,0.6982577955,GRASP,Grasping,3,FALSE
vid1,Take 1 (clean),clean,26.033333333,2.654975599,0.7182181421,GRASP,Grasping,3,FALSE
vid1,Take 1 (clean),clean,26.066666667,2.742810972,0.7264656758,GRASP,Grasping,3,FALSE
vid1,Take 1 (clean),clean,26.1,2.694459244,0.7294707306,GRASP,Grasping,3,FALSE
vid1,Take 1 (clean),clean,26.133333333,2.517953603,0.7143185698,GRASP,Grasping,3,FALSE
vid1,Take 1 (clean),clean,26.166666667,2.259283186,0.7088942849,GRASP,Grasping,3,FALSE
vid1,Take 1 (clean),clean,26.2,1.99147572,0.6888046491,GRASP,Grasping,3,FALSE
vid1,Take 1 (clean),clean,26.233333333,1.812987254,0.6685859325,GRASP,Grasping,3,FALSE
vid1,Take 1 (clean),clean,26.266666667,1.636225906,0.6716035273,GRASP,Grasping,3,FALSE
vid1,Take 1 (clean),clean,26.3,1.437717865,0.7019094057,GRASP,Grasping,3,FALSE
vid1,Take 1 (clean),clean,26.333333333,1.233512532,0.7196495251,GRASP,Grasping,3,FALSE
vid1,Take 1 (clean),clean,26.366666667,1.086903425,0.7257290498,GRASP,Grasping,3,FALSE
vid1,Take 1 (clean),clean,26.4,0.9895554834,0.7356634265,HOLD,Holding,4,FALSE
vid1,Take 1 (clean),clean,26.433333333,0.9267171727,0.7452534413,HOLD,Holding,4,FALSE
vid1,Take 1 (clean),clean,26.466666667,0.7070882202,0.7539468159,HOLD,Holding,4,FALSE
vid1,Take 1 (clean),clean,26.5,0.487985414,0.7495008488,HOLD,Holding,4,FALSE
vid1,Take 1 (clean),clean,26.533333333,0.3137908865,0.7449450856,HOLD,Holding,4,FALSE
vid1,Take 1 (clean),clean,26.566666667,0.2204368152,0.7351608089,HOLD,Holding,4,FALSE
vid1,Take 1 (clean),clean,26.6,0.2132979565,0.7276933704,HOLD,Holding,4,FALSE
vid1,Take 1 (clean),clean,26.633333333,0.1363009271,0.723206347,HOLD,Holding,4,FALSE
vid1,Take 1 (clean),clean,26.666666667,0.1716142824,0.7330924839,HOLD,Holding,4,FALSE
vid1,Take 1 (clean),clean,26.7,0.1499023717,0.7385115165,HOLD,Holding,4,FALSE
vid1,Take 1 (clean),clean,26.733333333,0.1665969245,0.7299323964,HOLD,Holding,4,FALSE
vid1,Take 1 (clean),clean,26.766666667,0.1754295054,0.7313517444,HOLD,Holding,4,FALSE
vid1,Take 1 (clean),clean,26.8,0.1593777398,0.7396894104,HOLD,Holding,4,FALSE
vid1,Take 1 (clean),clean,26.833333333,0.1137857879,0.7488256808,HOLD,Holding,4,FALSE
vid1,Take 1 (clean),clean,26.866666667,0.05325278034,0.7384424765,HOLD,Holding,4,FALSE
vid1,Take 1 (clean),clean,26.9,0.05388974928,0.7303694691,HOLD,Holding,4,FALSE
vid1,Take 1 (clean),clean,26.933333333,0.0859714023,0.7248645485,HOLD,Holding,4,FALSE
vid1,Take 1 (clean),clean,26.966666667,0.07214669178,0.7273122233,HOLD,Holding,4,FALSE
vid1,Take 1 (clean),clean,27,0.04690772723,0.7248538404,HOLD,Holding,4,FALSE
vid1,Take 1 (clean),clean,27.033333333,0.06348601483,0.7129678133,HOLD,Holding,4,FALSE
vid1,Take 1 (clean),clean,27.066666667,0.04731325741,0.6913668347,HOLD,Holding,4,FALSE
vid1,Take 1 (clean),clean,27.1,0.02715959491,0.695930118,HOLD,Holding,4,FALSE
vid1,Take 1 (clean),clean,27.133333333,0.0195273245,0.7139841105,HOLD,Holding,4,FALSE
vid1,Take 1 (clean),clean,27.166666667,0.03946210861,0.7300797353,HOLD,Holding,4,FALSE
vid1,Take 1 (clean),clean,27.2,0.1070151913,0.72845191,HOLD,Holding,4,FALSE
vid1,Take 1 (clean),clean,27.233333333,0.1892953631,0.7276336093,HOLD,Holding,4,FALSE
vid1,Take 1 (clean),clean,27.266666667,0.2151522888,0.7358468141,HOLD,Holding,4,FALSE
vid1,Take 1 (clean),clean,27.3,0.2591576856,0.7626101785,HOLD,Holding,4,FALSE
vid1,Take 1 (clean),clean,27.333333333,0.2583453161,0.787730592,HOLD,Holding,4,FALSE
vid1,Take 1 (clean),clean,27.366666667,0.2408828342,0.797447727,HOLD,Holding,4,FALSE
vid1,Take 1 (clean),clean,27.4,0.2679750098,0.7850722768,HOLD,Holding,4,FALSE
vid1,Take 1 (clean),clean,27.433333333,0.2926075202,0.7889545181,HOLD,Holding,4,FALSE
vid1,Take 1 (clean),clean,27.466666667,0.3512778948,0.8041668445,HOLD,Holding,4,FALSE
vid1,Take 1 (clean),clean,27.5,0.418151554,0.8236018194,HOLD,Holding,4,FALSE
vid1,Take 1 (clean),clean,27.533333333,0.5054357451,0.8123263312,HOLD,Holding,4,FALSE
vid1,Take 1 (clean),clean,27.566666667,0.5833661889,0.7984284054,HOLD,Holding,4,FALSE
vid1,Take 1 (clean),clean,27.6,0.6411077498,0.7978944462,HOLD,Holding,4,FALSE
vid1,Take 1 (clean),clean,27.633333333,0.689635027,0.8096936988,HOLD,Holding,4,FALSE
vid1,Take 1 (clean),clean,27.666666667,0.8460478733,0.8135605408,HOLD,Holding,4,FALSE
vid1,Take 1 (clean),clean,27.7,1.011734193,0.8154392048,HOLD,Holding,4,FALSE
vid1,Take 1 (clean),clean,27.733333333,1.158169236,0.813679009,HOLD,Holding,4,FALSE
vid1,Take 1 (clean),clean,27.766666667,1.26041318,0.8317267668,HOLD,Holding,4,FALSE
vid1,Take 1 (clean),clean,27.8,1.327236614,0.870634742,HOLD,Holding,4,FALSE
vid1,Take 1 (clean),clean,27.833333333,1.441779127,0.8920471269,HOLD,Holding,4,FALSE
vid1,Take 1 (clean),clean,27.866666667,1.573673561,0.8678199683,HOLD,Holding,4,FALSE
vid1,Take 1 (clean),clean,27.9,1.739786905,0.8358193171,HOLD,Holding,4,FALSE
vid1,Take 1 (clean),clean,27.933333333,1.913518025,0.8232900612,HOLD,Holding,4,FALSE
vid1,Take 1 (clean),clean,27.966666667,2.04322007,0.8117907912,HOLD,Holding,4,FALSE
vid1,Take 1 (clean),clean,28,2.098072891,0.805297634,HOLD,Holding,4,FALSE
vid1,Take 1 (clean),clean,28.033333333,2.084180636,0.8067803679,HOLD,Holding,4,FALSE
vid1,Take 1 (clean),clean,28.066666667,2.019844506,0.8035911377,HOLD,Holding,4,FALSE
vid1,Take 1 (clean),clean,28.1,1.896591559,0.7800579736,HOLD,Holding,4,FALSE
vid1,Take 1 (clean),clean,28.133333333,1.762470681,0.7435222289,HOLD,Holding,4,FALSE
vid1,Take 1 (clean),clean,28.166666667,1.594750625,0.7058470897,HOLD,Holding,4,FALSE
vid1,Take 1 (clean),clean,28.2,1.443512032,0.6897426079,HOLD,Holding,4,FALSE
vid1,Take 1 (clean),clean,28.233333333,1.333367858,0.6824444202,HOLD,Holding,4,FALSE
vid1,Take 1 (clean),clean,28.266666667,1.19262722,0.6738755666,HOLD,Holding,4,FALSE
vid1,Take 1 (clean),clean,28.3,1.143671275,0.6657032308,HOLD,Holding,4,FALSE
vid1,Take 1 (clean),clean,28.333333333,1.089945697,0.6678138882,HOLD,Holding,4,FALSE
vid1,Take 1 (clean),clean,28.366666667,1.007245986,0.6809337493,HOLD,Holding,4,FALSE
vid1,Take 1 (clean),clean,28.4,0.9930552017,0.6874916465,HOLD,Holding,4,FALSE
vid1,Take 1 (clean),clean,28.433333333,1.045472732,0.7042220683,HOLD,Holding,4,FALSE
vid1,Take 1 (clean),clean,28.466666667,1.150445679,0.7070502544,HOLD,Holding,4,FALSE
vid1,Take 1 (clean),clean,28.5,1.185898968,0.7336420011,HOLD,Holding,4,FALSE
vid1,Take 1 (clean),clean,28.533333333,1.125175262,0.7603934827,HOLD,Holding,4,FALSE
vid1,Take 1 (clean),clean,28.566666667,0.8355205682,0.8047332262,HOLD,Holding,4,FALSE
vid1,Take 1 (clean),clean,28.6,0.532009173,0.8117350783,HOLD,Holding,4,FALSE
vid1,Take 1 (clean),clean,28.633333333,0.3274376706,0.8010925547,HOLD,Holding,4,FALSE
vid1,Take 1 (clean),clean,28.666666667,0.1665505582,0.7785266859,HOLD,Holding,4,FALSE
vid1,Take 1 (clean),clean,28.7,0.1594935442,0.7928317997,HOLD,Holding,4,FALSE
vid1,Take 1 (clean),clean,28.733333333,0.2184914025,0.8051769553,HOLD,Holding,4,FALSE
vid1,Take 1 (clean),clean,28.766666667,0.3597253594,0.8157351035,HOLD,Holding,4,FALSE
vid1,Take 1 (clean),clean,28.8,0.3731455018,0.8197226565,HOLD,Holding,4,FALSE
vid1,Take 1 (clean),clean,28.833333333,0.3004932393,0.8186827397,HOLD,Holding,4,FALSE
vid1,Take 1 (clean),clean,28.866666667,0.2179782396,0.7999849069,HOLD,Holding,4,FALSE
vid1,Take 1 (clean),clean,28.9,0.1302012404,0.7866258044,HOLD,Holding,4,FALSE
vid1,Take 1 (clean),clean,28.933333333,0.09798727613,0.7940167843,HOLD,Holding,4,FALSE
vid1,Take 1 (clean),clean,28.966666667,0.09831629223,0.79863272,HOLD,Holding,4,FALSE
vid1,Take 1 (clean),clean,29,0.1490800364,0.8005919747,HOLD,Holding,4,FALSE
vid1,Take 1 (clean),clean,29.033333333,0.1187856586,0.8078453434,HOLD,Holding,4,FALSE
vid1,Take 1 (clean),clean,29.066666667,0.01117274926,0.8029968223,HOLD,Holding,4,FALSE
vid1,Take 1 (clean),clean,29.1,0.08374425453,0.7920552542,HOLD,Holding,4,FALSE
vid1,Take 1 (clean),clean,29.133333333,0.09864960575,0.7881724543,HOLD,Holding,4,FALSE
vid1,Take 1 (clean),clean,29.166666667,0.09791764091,0.7749453859,HOLD,Holding,4,FALSE
vid1,Take 1 (clean),clean,29.2,0.162372224,0.7670446424,HOLD,Holding,4,FALSE
vid1,Take 1 (clean),clean,29.233333333,0.1314533782,0.7745128778,HOLD,Holding,4,FALSE
vid1,Take 1 (clean),clean,29.266666667,0.07567300014,0.7851370458,HOLD,Holding,4,FALSE
vid1,Take 1 (clean),clean,29.3,0.07736915758,0.7782923636,HOLD,Holding,4,FALSE
vid1,Take 1 (clean),clean,29.333333333,0.1485216387,0.7746605569,HOLD,Holding,4,FALSE
vid1,Take 1 (clean),clean,29.366666667,0.08027384894,0.792855371,HOLD,Holding,4,FALSE
vid1,Take 1 (clean),clean,29.4,0.06295848388,0.8106332364,HOLD,Holding,4,FALSE
vid1,Take 1 (clean),clean,29.433333333,0.06982108208,0.8129520368,HOLD,Holding,4,FALSE
vid1,Take 1 (clean),clean,29.466666667,0.02523150836,0.8064582962,HOLD,Holding,4,FALSE
vid1,Take 1 (clean),clean,29.5,0.1028298983,0.7855953856,HOLD,Holding,4,FALSE
vid1,Take 1 (clean),clean,29.533333333,0.0925626496,0.7741227693,HOLD,Holding,4,FALSE
vid1,Take 1 (clean),clean,29.566666667,0.1354749753,0.7531672351,HOLD,Holding,4,FALSE
vid1,Take 1 (clean),clean,29.6,0.2478615836,0.7588981591,HOLD,Holding,4,FALSE
vid1,Take 1 (clean),clean,29.633333333,0.4165507179,0.7811322607,HOLD,Holding,4,FALSE
vid1,Take 1 (clean),clean,29.666666667,0.5842176592,0.8893794504,HOLD,Holding,4,FALSE
vid1,Take 1 (clean),clean,29.7,0.6995350095,1.089542181,RELEASE,Releasing,5,FALSE
vid1,Take 1 (clean),clean,29.733333333,0.7059641261,1.134218829,RELEASE,Releasing,5,FALSE
vid1,Take 1 (clean),clean,29.766666667,0.7933364845,1.082113012,RELEASE,Releasing,5,FALSE
vid1,Take 1 (clean),clean,29.8,0.8068577493,1.079824834,RELEASE,Releasing,5,FALSE
vid1,Take 1 (clean),clean,29.833333333,0.9924648697,1.207173211,RELEASE,Releasing,5,FALSE
vid1,Take 1 (clean),clean,29.866666667,1.02674606,1.233295415,RELEASE,Releasing,5,FALSE
vid1,Take 1 (clean),clean,29.9,0.6346621477,1.320765828,RELEASE,Releasing,5,FALSE
vid1,Take 1 (clean),clean,29.933333333,0.3179061989,1.390261462,RELEASE,Releasing,5,FALSE
vid1,Take 1 (clean),clean,29.966666667,0.4194595763,1.491650668,RELEASE,Releasing,5,FALSE
vid1,Take 1 (clean),clean,30,0.6334213618,1.465446979,RELEASE,Releasing,5,FALSE
vid1,Take 1 (clean),clean,30.033333333,0.519121232,1.455063269,RELEASE,Releasing,5,FALSE
vid1,Take 1 (clean),clean,30.066666667,0.5502031586,1.416123304,RELEASE,Releasing,5,FALSE
vid1,Take 1 (clean),clean,30.1,0.4573588461,1.448828212,RELEASE,Releasing,5,FALSE
vid1,Take 1 (clean),clean,30.133333333,0.5653848561,1.42440041,RELEASE,Releasing,5,FALSE
vid1,Take 1 (clean),clean,30.166666667,0.6273761879,1.383766231,RELEASE,Releasing,5,FALSE
vid1,Take 1 (clean),clean,30.2,0.4912375598,1.391290729,RELEASE,Releasing,5,FALSE
vid1,Take 1 (clean),clean,30.233333333,0.4150416495,1.416881985,RELEASE,Releasing,5,FALSE
vid1,Take 1 (clean),clean,30.266666667,0.5744917684,1.394438611,RELEASE,Releasing,5,FALSE
vid1,Take 1 (clean),clean,30.3,0.7713574827,1.336684803,RELEASE,Releasing,5,FALSE
vid1,Take 1 (clean),clean,30.333333333,1.066732873,1.308911357,RELEASE,Releasing,5,FALSE
vid1,Take 1 (clean),clean,30.366666667,1.331219734,1.343627578,RELEASE,Releasing,5,FALSE
vid1,Take 1 (clean),clean,30.4,1.366949566,1.402262711,RELEASE,Releasing,5,FALSE
vid1,Take 1 (clean),clean,30.433333333,1.439903175,1.424717088,RETRACT,Returning,6,FALSE
vid1,Take 1 (clean),clean,30.466666667,1.485166482,1.417471657,RETRACT,Returning,6,FALSE
vid1,Take 1 (clean),clean,30.5,1.854558624,1.387494674,RETRACT,Returning,6,FALSE
vid1,Take 1 (clean),clean,30.533333333,2.521763365,1.332213062,RETRACT,Returning,6,FALSE
vid1,Take 1 (clean),clean,30.566666667,3.017748847,1.25321984,RETRACT,Returning,6,FALSE
vid1,Take 1 (clean),clean,30.6,3.565698708,1.245538863,RETRACT,Returning,6,FALSE
vid1,Take 1 (clean),clean,30.633333333,4.107766729,1.262398117,RETRACT,Returning,6,FALSE
vid1,Take 1 (clean),clean,30.666666667,4.634967736,1.247093286,RETRACT,Returning,6,FALSE
vid1,Take 1 (clean),clean,30.7,4.94640228,1.208162115,RETRACT,Returning,6,FALSE
vid1,Take 1 (clean),clean,30.733333333,5.062551737,1.230305462,RETRACT,Returning,6,FALSE
vid1,Take 1 (clean),clean,30.766666667,5.284999096,1.257026989,RETRACT,Returning,6,FALSE
vid1,Take 1 (clean),clean,30.8,5.349256738,1.283189193,RETRACT,Returning,6,FALSE
vid1,Take 1 (clean),clean,30.833333333,5.201628803,1.329304467,RETRACT,Returning,6,FALSE
vid1,Take 1 (clean),clean,30.866666667,4.738495808,1.379888527,RETRACT,Returning,6,FALSE
vid1,Take 1 (clean),clean,30.9,3.997477826,1.368554681,RETRACT,Returning,6,FALSE
vid1,Take 1 (clean),clean,30.933333333,3.570992067,1.309246762,RETRACT,Returning,6,FALSE
vid1,Take 1 (clean),clean,30.966666667,3.368141822,1.209052939,RETRACT,Returning,6,FALSE
vid1,Take 1 (clean),clean,31,3.221811186,1.118295397,RETRACT,Returning,6,FALSE
vid1,Take 1 (clean),clean,31.033333333,3.094742202,1.08833825,RETRACT,Returning,6,FALSE
vid1,Take 1 (clean),clean,31.066666667,2.703974143,1.121726528,RETRACT,Returning,6,FALSE
vid1,Take 1 (clean),clean,31.1,2.341351053,1.128016244,RETRACT,Returning,6,FALSE
vid1,Take 1 (clean),clean,31.133333333,1.953041689,1.051970642,RETRACT,Returning,6,FALSE
vid1,Take 1 (clean),clean,31.166666667,1.239496853,0.9957632453,RETRACT,Returning,6,FALSE
vid1,Take 1 (clean),clean,31.2,0.7451587981,1.031643155,REST,At rest,1,FALSE
vid1,Take 1 (clean),clean,31.233333333,0.2024292699,1.102228328,REST,At rest,1,FALSE
vid1,Take 1 (clean),clean,31.266666667,0.2972513082,1.131210081,REST,At rest,1,FALSE
vid1,Take 1 (clean),clean,31.3,0.3909721715,1.129663124,REST,At rest,1,FALSE
vid1,Take 1 (clean),clean,31.333333333,0.6352084917,1.104421021,REST,At rest,1,FALSE
vid1,Take 1 (clean),clean,31.366666667,0.4080668852,1.058665488,REST,At rest,1,FALSE
vid1,Take 1 (clean),clean,31.4,0.2921231768,1.018868305,REST,At rest,1,FALSE
vid1,Take 1 (clean),clean,31.433333333,0.08147493144,1.019209975,REST,At rest,1,FALSE
vid1,Take 1 (clean),clean,31.466666667,0.1320539238,1.003533789,REST,At rest,1,FALSE
vid1,Take 1 (clean),clean,31.5,0.1354482919,1.003493331,REST,At rest,1,FALSE
vid1,Take 1 (clean),clean,31.533333333,0.2115514239,1.010050692,REST,At rest,1,FALSE
vid1,Take 1 (clean),clean,31.566666667,0.4655209058,1.027863146,REST,At rest,1,FALSE
vid1,Take 1 (clean),clean,31.6,0.5090056001,0.9955132298,REST,At rest,1,FALSE
vid1,Take 1 (clean),clean,31.633333333,0.2298830694,0.9680975259,REST,At rest,1,FALSE
vid1,Take 1 (clean),clean,31.666666667,0.1281022069,0.9516954403,REST,At rest,1,FALSE
vid1,Take 1 (clean),clean,31.7,0.1466322249,0.9570864281,REST,At rest,1,FALSE
vid1,Take 1 (clean),clean,31.733333333,0.1908905971,1.018281361,REST,At rest,1,FALSE
vid1,Take 1 (clean),clean,31.766666667,0.2156609599,1.026169794,REST,At rest,1,FALSE
vid1,Take 1 (clean),clean,31.8,0.2094204626,1.00183445,REST,At rest,1,FALSE
vid1,Take 1 (clean),clean,31.833333333,0.2604392272,0.9679951439,REST,At rest,1,FALSE
vid1,Take 1 (clean),clean,31.866666667,0.2806076524,0.9930242795,REST,At rest,1,FALSE
vid1,Take 1 (clean),clean,31.9,0.2831626669,0.9706996627,REST,At rest,1,FALSE
vid1,Take 1 (clean),clean,31.933333333,0.08629435202,0.9439306996,REST,At rest,1,FALSE
vid1,Take 1 (clean),clean,31.966666667,0.1327850129,0.9211039178,REST,At rest,1,FALSE
vid1,Take 1 (clean),clean,32,0.08172719529,0.9551437375,REST,At rest,1,FALSE
vid1,Take 1 (clean),clean,32.033333333,0.2180297941,0.9824377511,REST,At rest,1,FALSE
vid1,Take 1 (clean),clean,32.066666667,0.1641336411,0.972280817,REST,At rest,1,FALSE
vid1,Take 1 (clean),clean,32.1,0.2396006186,0.9240075955,REST,At rest,1,FALSE
vid1,Take 1 (clean),clean,32.133333333,0.4227661994,0.9307935285,REST,At rest,1,FALSE
vid1,Take 1 (clean),clean,32.166666667,0.2861082206,0.9441938081,REST,At rest,1,FALSE
vid1,Take 1 (clean),clean,32.2,0.1472351996,0.9815482432,REST,At rest,1,FALSE
vid1,Take 1 (clean),clean,32.233333333,0.1289961358,0.9747774687,REST,At rest,1,FALSE
vid1,Take 1 (clean),clean,32.266666667,0.1465984562,0.9445565673,REST,At rest,1,FALSE
vid1,Take 1 (clean),clean,32.3,0.3060430671,0.9541642647,REST,At rest,1,FALSE
vid1,Take 1 (clean),clean,32.333333333,0.258283658,0.9881031317,REST,At rest,1,FALSE
vid1,Take 1 (clean),clean,32.366666667,0.282272766,1.009074322,REST,At rest,1,FALSE
vid1,Take 1 (clean),clean,32.4,0.1092702044,0.983346222,REST,At rest,1,FALSE
vid1,Take 1 (clean),clean,32.433333333,0.1326089131,0.9651916765,REST,At rest,1,FALSE
vid1,Take 1 (clean),clean,32.466666667,0.316993788,0.9637536464,REST,At rest,1,FALSE
vid1,Take 1 (clean),clean,32.5,0.6094056204,0.9693487169,REST,At rest,1,FALSE
vid2,Take 2 (clean),clean,0,0.07521365678,0.7505405396,REST,At rest,1,FALSE
vid2,Take 2 (clean),clean,0.03333333333,0.04437750147,0.7791732283,REST,At rest,1,FALSE
vid2,Take 2 (clean),clean,0.06666666667,0.08849639333,0.7976144094,REST,At rest,1,FALSE
vid2,Take 2 (clean),clean,0.1,0.06131980788,0.8046691544,REST,At rest,1,FALSE
vid2,Take 2 (clean),clean,0.1333333333,0.02786960417,0.8056611832,REST,At rest,1,FALSE
vid2,Take 2 (clean),clean,0.1666666667,0.1260306229,0.8116706645,REST,At rest,1,FALSE
vid2,Take 2 (clean),clean,0.2,0.09769803193,0.8221027417,REST,At rest,1,FALSE
vid2,Take 2 (clean),clean,0.2333333333,0.1086328966,0.8223958403,REST,At rest,1,FALSE
vid2,Take 2 (clean),clean,0.2666666667,0.1114070853,0.808503559,REST,At rest,1,FALSE
vid2,Take 2 (clean),clean,0.3,0.09365012812,0.7878639092,REST,At rest,1,FALSE
vid2,Take 2 (clean),clean,0.3333333333,0.228875757,0.7702167805,REST,At rest,1,FALSE
vid2,Take 2 (clean),clean,0.3666666667,0.2604794347,0.7680742241,REST,At rest,1,FALSE
vid2,Take 2 (clean),clean,0.4,0.04207730481,0.7881699825,REST,At rest,1,FALSE
vid2,Take 2 (clean),clean,0.4333333333,0.1765788293,0.8015134283,REST,At rest,1,FALSE
vid2,Take 2 (clean),clean,0.4666666667,0.2481778112,0.7795301396,REST,At rest,1,FALSE
vid2,Take 2 (clean),clean,0.5,0.2467097665,0.7561683426,REST,At rest,1,FALSE
vid2,Take 2 (clean),clean,0.5333333333,0.05000405784,0.7661150063,REST,At rest,1,FALSE
vid2,Take 2 (clean),clean,0.5666666667,0.1962026021,0.7826180589,REST,At rest,1,FALSE
vid2,Take 2 (clean),clean,0.6,0.2659702912,0.775638876,REST,At rest,1,FALSE
vid2,Take 2 (clean),clean,0.6333333333,0.2195571402,0.7678477274,REST,At rest,1,FALSE
vid2,Take 2 (clean),clean,0.6666666667,0.06479408518,0.7821200824,REST,At rest,1,FALSE
vid2,Take 2 (clean),clean,0.7,0.2277167224,0.7909141056,REST,At rest,1,FALSE
vid2,Take 2 (clean),clean,0.7333333333,0.2011652648,0.7712149127,REST,At rest,1,FALSE
vid2,Take 2 (clean),clean,0.7666666667,0.09315345923,0.7469149147,REST,At rest,1,FALSE
vid2,Take 2 (clean),clean,0.8,0.04080377873,0.7429202464,REST,At rest,1,FALSE
vid2,Take 2 (clean),clean,0.8333333333,0.1164708086,0.7519742039,REST,At rest,1,FALSE
vid2,Take 2 (clean),clean,0.8666666667,0.1082715161,0.7594951295,REST,At rest,1,FALSE
vid2,Take 2 (clean),clean,0.9,0.05545633921,0.7704012994,REST,At rest,1,FALSE
vid2,Take 2 (clean),clean,0.9333333333,0.2542131367,0.7854221084,REST,At rest,1,FALSE
vid2,Take 2 (clean),clean,0.9666666667,0.3153455149,0.7971453462,REST,At rest,1,FALSE
vid2,Take 2 (clean),clean,1,0.1246733619,0.7998341187,REST,At rest,1,FALSE
vid2,Take 2 (clean),clean,1.033333333,0.06314683676,0.7999211834,REST,At rest,1,FALSE
vid2,Take 2 (clean),clean,1.066666667,0.0974241372,0.8072929971,REST,At rest,1,FALSE
vid2,Take 2 (clean),clean,1.1,0.117803689,0.8102319104,REST,At rest,1,FALSE
vid2,Take 2 (clean),clean,1.133333333,0.1155286737,0.802034434,REST,At rest,1,FALSE
vid2,Take 2 (clean),clean,1.166666667,0.1177659042,0.7865097302,REST,At rest,1,FALSE
vid2,Take 2 (clean),clean,1.2,0.289205666,0.7692309568,REST,At rest,1,FALSE
vid2,Take 2 (clean),clean,1.233333333,0.4146459812,0.7674897743,REST,At rest,1,FALSE
vid2,Take 2 (clean),clean,1.266666667,0.2369585275,0.7918735857,REST,At rest,1,FALSE
vid2,Take 2 (clean),clean,1.3,0.07363219619,0.8140656119,REST,At rest,1,FALSE
vid2,Take 2 (clean),clean,1.333333333,0.2201671488,0.8059616298,REST,At rest,1,FALSE
vid2,Take 2 (clean),clean,1.366666667,0.2400531277,0.7876149352,REST,At rest,1,FALSE
vid2,Take 2 (clean),clean,1.4,0.1308197955,0.7831219552,REST,At rest,1,FALSE
vid2,Take 2 (clean),clean,1.433333333,0.1009005899,0.7892306579,REST,At rest,1,FALSE
vid2,Take 2 (clean),clean,1.466666667,0.03639491968,0.8026898633,REST,At rest,1,FALSE
vid2,Take 2 (clean),clean,1.5,0.1010726259,0.801879047,REST,At rest,1,FALSE
vid2,Take 2 (clean),clean,1.533333333,0.06122348164,0.768600516,REST,At rest,1,FALSE
vid2,Take 2 (clean),clean,1.566666667,0.08809765308,0.7370714595,REST,At rest,1,FALSE
vid2,Take 2 (clean),clean,1.6,0.1963743298,0.7405146422,REST,At rest,1,FALSE
vid2,Take 2 (clean),clean,1.633333333,0.2656750938,0.7648034946,REST,At rest,1,FALSE
vid2,Take 2 (clean),clean,1.666666667,0.1874159956,0.7838961538,REST,At rest,1,FALSE
vid2,Take 2 (clean),clean,1.7,0.1127983363,0.7914368391,REST,At rest,1,FALSE
vid2,Take 2 (clean),clean,1.733333333,0.5420126213,0.7754272074,REST,At rest,1,FALSE
vid2,Take 2 (clean),clean,1.766666667,0.6451959121,0.7915424761,REST,At rest,1,FALSE
vid2,Take 2 (clean),clean,1.8,0.6716882069,0.8792433305,REST,At rest,1,FALSE
vid2,Take 2 (clean),clean,1.833333333,0.4987009622,0.9203775533,REST,At rest,1,FALSE
vid2,Take 2 (clean),clean,1.866666667,0.7692816667,0.9300072611,REST,At rest,1,FALSE
vid2,Take 2 (clean),clean,1.9,0.904623963,1.00382434,REST,At rest,1,FALSE
vid2,Take 2 (clean),clean,1.933333333,1.118393866,1.11116949,REACH,Reaching,2,FALSE
vid2,Take 2 (clean),clean,1.966666667,1.595196644,1.130468499,REACH,Reaching,2,FALSE
vid2,Take 2 (clean),clean,2,2.308308386,1.054917337,REACH,Reaching,2,FALSE
vid2,Take 2 (clean),clean,2.033333333,3.165557731,0.99474537,REACH,Reaching,2,FALSE
vid2,Take 2 (clean),clean,2.066666667,3.834089118,0.9403524944,REACH,Reaching,2,FALSE
vid2,Take 2 (clean),clean,2.1,4.430699631,0.9154906858,REACH,Reaching,2,FALSE
vid2,Take 2 (clean),clean,2.133333333,4.613597276,0.9260992678,REACH,Reaching,2,FALSE
vid2,Take 2 (clean),clean,2.166666667,4.730907509,0.9486655623,REACH,Reaching,2,FALSE
vid2,Take 2 (clean),clean,2.2,4.715337587,0.9606968828,REACH,Reaching,2,FALSE
vid2,Take 2 (clean),clean,2.233333333,4.603587087,0.954979384,REACH,Reaching,2,FALSE
vid2,Take 2 (clean),clean,2.266666667,4.49828466,0.9986953753,REACH,Reaching,2,FALSE
vid2,Take 2 (clean),clean,2.3,4.13897637,1.035021489,REACH,Reaching,2,FALSE
vid2,Take 2 (clean),clean,2.333333333,3.626202855,1.077217653,REACH,Reaching,2,FALSE
vid2,Take 2 (clean),clean,2.366666667,3.184148905,1.098864651,REACH,Reaching,2,FALSE
vid2,Take 2 (clean),clean,2.4,2.797946813,1.11771104,REACH,Reaching,2,FALSE
vid2,Take 2 (clean),clean,2.433333333,2.51920341,1.125739979,REACH,Reaching,2,FALSE
vid2,Take 2 (clean),clean,2.466666667,2.280516977,1.150027314,REACH,Reaching,2,FALSE
vid2,Take 2 (clean),clean,2.5,2.029931425,1.162015059,REACH,Reaching,2,FALSE
vid2,Take 2 (clean),clean,2.533333333,1.870514409,1.17241767,REACH,Reaching,2,FALSE
vid2,Take 2 (clean),clean,2.566666667,1.715330983,1.179592675,REACH,Reaching,2,FALSE
vid2,Take 2 (clean),clean,2.6,1.553789239,1.184832185,REACH,Reaching,2,FALSE
vid2,Take 2 (clean),clean,2.633333333,1.422654966,1.172161652,REACH,Reaching,2,FALSE
vid2,Take 2 (clean),clean,2.666666667,1.362311488,1.150055703,REACH,Reaching,2,FALSE
vid2,Take 2 (clean),clean,2.7,1.364183621,1.137610017,REACH,Reaching,2,FALSE
vid2,Take 2 (clean),clean,2.733333333,1.4025633,1.125244684,REACH,Reaching,2,FALSE
vid2,Take 2 (clean),clean,2.766666667,1.479179832,1.128228777,REACH,Reaching,2,FALSE
vid2,Take 2 (clean),clean,2.8,1.470640051,1.119000398,REACH,Reaching,2,FALSE
vid2,Take 2 (clean),clean,2.833333333,1.499788582,1.124806297,REACH,Reaching,2,FALSE
vid2,Take 2 (clean),clean,2.866666667,1.523878497,1.11922696,REACH,Reaching,2,FALSE
vid2,Take 2 (clean),clean,2.9,1.521788606,1.126671109,REACH,Reaching,2,FALSE
vid2,Take 2 (clean),clean,2.933333333,1.588784555,1.126919316,REACH,Reaching,2,FALSE
vid2,Take 2 (clean),clean,2.966666667,1.528080744,1.129647447,REACH,Reaching,2,FALSE
vid2,Take 2 (clean),clean,3,1.504829573,1.132498935,REACH,Reaching,2,FALSE
vid2,Take 2 (clean),clean,3.033333333,1.416185753,1.139279422,REACH,Reaching,2,FALSE
vid2,Take 2 (clean),clean,3.066666667,1.319633279,1.146515892,REACH,Reaching,2,FALSE
vid2,Take 2 (clean),clean,3.1,1.190889867,1.154966347,REACH,Reaching,2,FALSE
vid2,Take 2 (clean),clean,3.133333333,1.116955458,1.172180212,REACH,Reaching,2,FALSE
vid2,Take 2 (clean),clean,3.166666667,1.039911891,1.192834858,REACH,Reaching,2,FALSE
vid2,Take 2 (clean),clean,3.2,0.9337389537,1.209160604,REACH,Reaching,2,FALSE
vid2,Take 2 (clean),clean,3.233333333,0.9349676367,1.204183905,REACH,Reaching,2,FALSE
vid2,Take 2 (clean),clean,3.266666667,0.7978438919,1.202429002,REACH,Reaching,2,FALSE
vid2,Take 2 (clean),clean,3.3,0.7883539735,1.212410768,REACH,Reaching,2,FALSE
vid2,Take 2 (clean),clean,3.333333333,0.827751884,1.228067478,REACH,Reaching,2,FALSE
vid2,Take 2 (clean),clean,3.366666667,0.8216226353,1.252104407,REACH,Reaching,2,FALSE
vid2,Take 2 (clean),clean,3.4,0.8441677966,1.266530413,REACH,Reaching,2,FALSE
vid2,Take 2 (clean),clean,3.433333333,0.8141128047,1.268953687,REACH,Reaching,2,FALSE
vid2,Take 2 (clean),clean,3.466666667,0.8103601288,1.218967444,REACH,Reaching,2,FALSE
vid2,Take 2 (clean),clean,3.5,0.9333851304,1.19301485,REACH,Reaching,2,FALSE
vid2,Take 2 (clean),clean,3.533333333,1.066607797,1.155094173,REACH,Reaching,2,FALSE
vid2,Take 2 (clean),clean,3.566666667,1.362406301,1.11434967,REACH,Reaching,2,FALSE
vid2,Take 2 (clean),clean,3.6,1.511833731,1.036020606,GRASP,Grasping,3,FALSE
vid2,Take 2 (clean),clean,3.633333333,1.534565975,0.9520390179,GRASP,Grasping,3,FALSE
vid2,Take 2 (clean),clean,3.666666667,1.41716349,0.8957415271,GRASP,Grasping,3,FALSE
vid2,Take 2 (clean),clean,3.7,1.16495863,0.8789496563,GRASP,Grasping,3,FALSE
vid2,Take 2 (clean),clean,3.733333333,1.067773237,0.8971362848,GRASP,Grasping,3,FALSE
vid2,Take 2 (clean),clean,3.766666667,0.8806367261,0.9113783463,GRASP,Grasping,3,FALSE
vid2,Take 2 (clean),clean,3.8,0.7705511258,0.9262622316,GRASP,Grasping,3,FALSE
vid2,Take 2 (clean),clean,3.833333333,0.7439157943,0.9071844268,GRASP,Grasping,3,FALSE
vid2,Take 2 (clean),clean,3.866666667,0.6285969397,0.8587431588,GRASP,Grasping,3,FALSE
vid2,Take 2 (clean),clean,3.9,0.5952779847,0.7858013194,GRASP,Grasping,3,FALSE
vid2,Take 2 (clean),clean,3.933333333,0.4718378531,0.7225123208,GRASP,Grasping,3,FALSE
vid2,Take 2 (clean),clean,3.966666667,0.3329147755,0.6992054221,GRASP,Grasping,3,FALSE
vid2,Take 2 (clean),clean,4,0.2656683589,0.6990240781,GRASP,Grasping,3,FALSE
vid2,Take 2 (clean),clean,4.033333333,0.1565662068,0.7151846764,GRASP,Grasping,3,FALSE
vid2,Take 2 (clean),clean,4.066666667,0.1122864359,0.7401744737,GRASP,Grasping,3,FALSE
vid2,Take 2 (clean),clean,4.1,0.1181662095,0.7636144975,GRASP,Grasping,3,FALSE
vid2,Take 2 (clean),clean,4.133333333,0.1230681588,0.7596002777,GRASP,Grasping,3,FALSE
vid2,Take 2 (clean),clean,4.166666667,0.1194512707,0.7372953791,GRASP,Grasping,3,FALSE
vid2,Take 2 (clean),clean,4.2,0.1650036934,0.7351884681,GRASP,Grasping,3,FALSE
vid2,Take 2 (clean),clean,4.233333333,0.07714301989,0.7277244119,GRASP,Grasping,3,FALSE
vid2,Take 2 (clean),clean,4.266666667,0.09988632555,0.7457490002,GRASP,Grasping,3,FALSE
vid2,Take 2 (clean),clean,4.3,0.1352415148,0.7300164174,GRASP,Grasping,3,FALSE
vid2,Take 2 (clean),clean,4.333333333,0.1600472487,0.7164260042,GRASP,Grasping,3,FALSE
vid2,Take 2 (clean),clean,4.366666667,0.07056298781,0.682755307,GRASP,Grasping,3,FALSE
vid2,Take 2 (clean),clean,4.4,0.09673653352,0.7068950266,GRASP,Grasping,3,FALSE
vid2,Take 2 (clean),clean,4.433333333,0.04488626187,0.7370376589,GRASP,Grasping,3,FALSE
vid2,Take 2 (clean),clean,4.466666667,0.05258746722,0.7342827393,GRASP,Grasping,3,FALSE
vid2,Take 2 (clean),clean,4.5,0.1550957934,0.7192362071,GRASP,Grasping,3,FALSE
vid2,Take 2 (clean),clean,4.533333333,0.2102471143,0.7335828265,GRASP,Grasping,3,FALSE
vid2,Take 2 (clean),clean,4.566666667,0.3025115905,0.7460805735,GRASP,Grasping,3,FALSE
vid2,Take 2 (clean),clean,4.6,0.3255028592,0.7231145249,GRASP,Grasping,3,FALSE
vid2,Take 2 (clean),clean,4.633333333,0.3226344202,0.7134120958,GRASP,Grasping,3,FALSE
vid2,Take 2 (clean),clean,4.666666667,0.3921685912,0.7043789396,GRASP,Grasping,3,FALSE
vid2,Take 2 (clean),clean,4.7,0.4377616236,0.7212176525,GRASP,Grasping,3,FALSE
vid2,Take 2 (clean),clean,4.733333333,0.5996446696,0.722934866,GRASP,Grasping,3,FALSE
vid2,Take 2 (clean),clean,4.766666667,1.030719532,0.7309601712,GRASP,Grasping,3,FALSE
vid2,Take 2 (clean),clean,4.8,1.420471066,0.7334089301,GRASP,Grasping,3,FALSE
vid2,Take 2 (clean),clean,4.833333333,1.848145231,0.7403993125,GRASP,Grasping,3,FALSE
vid2,Take 2 (clean),clean,4.866666667,2.219785145,0.7026925401,GRASP,Grasping,3,FALSE
vid2,Take 2 (clean),clean,4.9,2.418786426,0.6633521839,GRASP,Grasping,3,FALSE
vid2,Take 2 (clean),clean,4.933333333,2.619224193,0.6480010771,GRASP,Grasping,3,FALSE
vid2,Take 2 (clean),clean,4.966666667,2.777485819,0.6516118638,GRASP,Grasping,3,FALSE
vid2,Take 2 (clean),clean,5,2.885880332,0.6587128492,GRASP,Grasping,3,FALSE
vid2,Take 2 (clean),clean,5.033333333,2.978432249,0.7125791957,GRASP,Grasping,3,FALSE
vid2,Take 2 (clean),clean,5.066666667,2.99980266,0.7597051839,GRASP,Grasping,3,FALSE
vid2,Take 2 (clean),clean,5.1,2.997708137,0.7767431529,GRASP,Grasping,3,FALSE
vid2,Take 2 (clean),clean,5.133333333,2.934516832,0.7763163936,GRASP,Grasping,3,FALSE
vid2,Take 2 (clean),clean,5.166666667,2.880770953,0.7986065996,GRASP,Grasping,3,FALSE
vid2,Take 2 (clean),clean,5.2,2.679553865,0.8332773991,GRASP,Grasping,3,FALSE
vid2,Take 2 (clean),clean,5.233333333,2.259307546,0.8337931609,GRASP,Grasping,3,FALSE
vid2,Take 2 (clean),clean,5.266666667,1.802976078,0.8297519935,GRASP,Grasping,3,FALSE
vid2,Take 2 (clean),clean,5.3,1.328885163,0.8314408137,GRASP,Grasping,3,FALSE
vid2,Take 2 (clean),clean,5.333333333,0.9898687942,0.8570675612,GRASP,Grasping,3,FALSE
vid2,Take 2 (clean),clean,5.366666667,0.7801997724,0.8709236612,HOLD,Holding,4,FALSE
vid2,Take 2 (clean),clean,5.4,0.6635035346,0.8642018702,HOLD,Holding,4,FALSE
vid2,Take 2 (clean),clean,5.433333333,0.5917375408,0.8564203719,HOLD,Holding,4,FALSE
vid2,Take 2 (clean),clean,5.466666667,0.5178743468,0.8505967428,HOLD,Holding,4,FALSE
vid2,Take 2 (clean),clean,5.5,0.519630784,0.8759067281,HOLD,Holding,4,FALSE
vid2,Take 2 (clean),clean,5.533333333,0.4763841921,0.9090977976,HOLD,Holding,4,FALSE
vid2,Take 2 (clean),clean,5.566666667,0.416171561,0.9194330409,HOLD,Holding,4,FALSE
vid2,Take 2 (clean),clean,5.6,0.3296760631,0.8898913092,HOLD,Holding,4,FALSE
vid2,Take 2 (clean),clean,5.633333333,0.1514171715,0.8856710267,HOLD,Holding,4,FALSE
vid2,Take 2 (clean),clean,5.666666667,0.1204957755,0.9157259315,HOLD,Holding,4,FALSE
vid2,Take 2 (clean),clean,5.7,0.06887357995,0.956699452,HOLD,Holding,4,FALSE
vid2,Take 2 (clean),clean,5.733333333,0.0776973695,0.9674681204,HOLD,Holding,4,FALSE
vid2,Take 2 (clean),clean,5.766666667,0.08919774322,0.9869245752,HOLD,Holding,4,FALSE
vid2,Take 2 (clean),clean,5.8,0.1752803806,0.9944849227,HOLD,Holding,4,FALSE
vid2,Take 2 (clean),clean,5.833333333,0.1158568464,0.9972087727,HOLD,Holding,4,FALSE
vid2,Take 2 (clean),clean,5.866666667,0.1521517229,0.9758018985,HOLD,Holding,4,FALSE
vid2,Take 2 (clean),clean,5.9,0.04612671138,0.9700186342,HOLD,Holding,4,FALSE
vid2,Take 2 (clean),clean,5.933333333,0.03170651608,0.9679749055,HOLD,Holding,4,FALSE
vid2,Take 2 (clean),clean,5.966666667,0.1067625538,0.9650777045,HOLD,Holding,4,FALSE
vid2,Take 2 (clean),clean,6,0.1214616962,0.9547068841,HOLD,Holding,4,FALSE
vid2,Take 2 (clean),clean,6.033333333,0.1207044806,0.9137434336,HOLD,Holding,4,FALSE
vid2,Take 2 (clean),clean,6.066666667,0.1423214343,0.9056290002,HOLD,Holding,4,FALSE
vid2,Take 2 (clean),clean,6.1,0.1295572898,0.9122107853,HOLD,Holding,4,FALSE
vid2,Take 2 (clean),clean,6.133333333,0.1295665845,0.9318248502,HOLD,Holding,4,FALSE
vid2,Take 2 (clean),clean,6.166666667,0.0840508797,0.9158432865,HOLD,Holding,4,FALSE
vid2,Take 2 (clean),clean,6.2,0.05335178085,0.9091952032,HOLD,Holding,4,FALSE
vid2,Take 2 (clean),clean,6.233333333,0.03445774015,0.9110884628,HOLD,Holding,4,FALSE
vid2,Take 2 (clean),clean,6.266666667,0.003440988182,0.9345794276,HOLD,Holding,4,FALSE
vid2,Take 2 (clean),clean,6.3,0.05114863793,0.9684830969,HOLD,Holding,4,FALSE
vid2,Take 2 (clean),clean,6.333333333,0.08177241552,1.000557411,HOLD,Holding,4,FALSE
vid2,Take 2 (clean),clean,6.366666667,0.0916445337,1.005496909,HOLD,Holding,4,FALSE
vid2,Take 2 (clean),clean,6.4,0.1166596834,0.9820921916,HOLD,Holding,4,FALSE
vid2,Take 2 (clean),clean,6.433333333,0.1559773978,0.969263578,HOLD,Holding,4,FALSE
vid2,Take 2 (clean),clean,6.466666667,0.2823916437,0.959409822,HOLD,Holding,4,FALSE
vid2,Take 2 (clean),clean,6.5,0.2989016359,0.9592199693,HOLD,Holding,4,FALSE
vid2,Take 2 (clean),clean,6.533333333,0.3479921488,0.9734848903,HOLD,Holding,4,FALSE
vid2,Take 2 (clean),clean,6.566666667,0.3789295235,0.9893628216,HOLD,Holding,4,FALSE
vid2,Take 2 (clean),clean,6.6,0.4332278302,0.981503037,HOLD,Holding,4,FALSE
vid2,Take 2 (clean),clean,6.633333333,0.5497517746,0.9746697143,HOLD,Holding,4,FALSE
vid2,Take 2 (clean),clean,6.666666667,0.6174759871,0.983839809,HOLD,Holding,4,FALSE
vid2,Take 2 (clean),clean,6.7,0.7845400291,0.9710340542,HOLD,Holding,4,FALSE
vid2,Take 2 (clean),clean,6.733333333,0.8800037398,0.9600893264,HOLD,Holding,4,FALSE
vid2,Take 2 (clean),clean,6.766666667,1.017287687,0.9551813437,HOLD,Holding,4,FALSE
vid2,Take 2 (clean),clean,6.8,1.150818506,0.9252324281,HOLD,Holding,4,FALSE
vid2,Take 2 (clean),clean,6.833333333,1.38217962,0.9058987365,HOLD,Holding,4,FALSE
vid2,Take 2 (clean),clean,6.866666667,1.64689529,0.8848137202,HOLD,Holding,4,FALSE
vid2,Take 2 (clean),clean,6.9,1.81113001,0.8581693686,HOLD,Holding,4,FALSE
vid2,Take 2 (clean),clean,6.933333333,2.069733999,0.8104200616,HOLD,Holding,4,FALSE
vid2,Take 2 (clean),clean,6.966666667,2.276837599,0.8001699098,HOLD,Holding,4,FALSE
vid2,Take 2 (clean),clean,7,2.481329285,0.7985446987,HOLD,Holding,4,FALSE
vid2,Take 2 (clean),clean,7.033333333,2.621060853,0.7884053523,HOLD,Holding,4,FALSE
vid2,Take 2 (clean),clean,7.066666667,2.581643626,0.778082378,HOLD,Holding,4,FALSE
vid2,Take 2 (clean),clean,7.1,2.594139446,0.7759639007,HOLD,Holding,4,FALSE
vid2,Take 2 (clean),clean,7.133333333,2.511323963,0.804543281,HOLD,Holding,4,FALSE
vid2,Take 2 (clean),clean,7.166666667,2.43132682,0.8332509752,HOLD,Holding,4,FALSE
vid2,Take 2 (clean),clean,7.2,2.296477299,0.8567671594,HOLD,Holding,4,FALSE
vid2,Take 2 (clean),clean,7.233333333,2.174714589,0.8527548475,HOLD,Holding,4,FALSE
vid2,Take 2 (clean),clean,7.266666667,1.915912001,0.8402446507,HOLD,Holding,4,FALSE
vid2,Take 2 (clean),clean,7.3,1.713886797,0.823814899,HOLD,Holding,4,FALSE
vid2,Take 2 (clean),clean,7.333333333,1.392337645,0.8129008926,HOLD,Holding,4,FALSE
vid2,Take 2 (clean),clean,7.366666667,1.088881095,0.8132437321,HOLD,Holding,4,FALSE
vid2,Take 2 (clean),clean,7.4,0.7652820331,0.792826226,HOLD,Holding,4,FALSE
vid2,Take 2 (clean),clean,7.433333333,0.4061626069,0.7953152203,HOLD,Holding,4,FALSE
vid2,Take 2 (clean),clean,7.466666667,0.2827931207,0.7781639858,HOLD,Holding,4,FALSE
vid2,Take 2 (clean),clean,7.5,0.1255736967,0.7581819062,HOLD,Holding,4,FALSE
vid2,Take 2 (clean),clean,7.533333333,0.09414533485,0.7174980312,HOLD,Holding,4,FALSE
vid2,Take 2 (clean),clean,7.566666667,0.0441525572,0.7241582433,HOLD,Holding,4,FALSE
vid2,Take 2 (clean),clean,7.6,0.0774487091,0.7360737364,HOLD,Holding,4,FALSE
vid2,Take 2 (clean),clean,7.633333333,0.07595505213,0.753480808,HOLD,Holding,4,FALSE
vid2,Take 2 (clean),clean,7.666666667,0.08773031801,0.7399378458,HOLD,Holding,4,FALSE
vid2,Take 2 (clean),clean,7.7,0.203308127,0.7347664279,HOLD,Holding,4,FALSE
vid2,Take 2 (clean),clean,7.733333333,0.384283698,0.7336304055,HOLD,Holding,4,FALSE
vid2,Take 2 (clean),clean,7.766666667,0.6271086276,0.749721625,HOLD,Holding,4,FALSE
vid2,Take 2 (clean),clean,7.8,1.120190717,0.7742813198,HOLD,Holding,4,FALSE
vid2,Take 2 (clean),clean,7.833333333,1.741168813,0.7639369291,HOLD,Holding,4,FALSE
vid2,Take 2 (clean),clean,7.866666667,2.242802746,0.7226637191,HOLD,Holding,4,FALSE
vid2,Take 2 (clean),clean,7.9,2.355414331,0.7839751552,HOLD,Holding,4,FALSE
vid2,Take 2 (clean),clean,7.933333333,2.255645211,0.9944951424,RELEASE,Releasing,5,FALSE
vid2,Take 2 (clean),clean,7.966666667,2.142731932,1.225155718,RELEASE,Releasing,5,FALSE
vid2,Take 2 (clean),clean,8,2.169446859,1.337469389,RELEASE,Releasing,5,FALSE
vid2,Take 2 (clean),clean,8.033333333,1.689324682,1.40744006,RELEASE,Releasing,5,FALSE
vid2,Take 2 (clean),clean,8.066666667,0.9993747426,1.456475278,RELEASE,Releasing,5,FALSE
vid2,Take 2 (clean),clean,8.1,0.4655692005,1.501337161,RELEASE,Releasing,5,FALSE
vid2,Take 2 (clean),clean,8.133333333,0.3096399705,1.523259529,RELEASE,Releasing,5,FALSE
vid2,Take 2 (clean),clean,8.166666667,0.1540308986,1.508337944,RELEASE,Releasing,5,FALSE
vid2,Take 2 (clean),clean,8.2,0.1907537747,1.483617799,RELEASE,Releasing,5,FALSE
vid2,Take 2 (clean),clean,8.233333333,0.1957805742,1.463013841,RELEASE,Releasing,5,FALSE
vid2,Take 2 (clean),clean,8.266666667,0.06418911089,1.503434464,RELEASE,Releasing,5,FALSE
vid2,Take 2 (clean),clean,8.3,0.1125465801,1.529615813,RELEASE,Releasing,5,FALSE
vid2,Take 2 (clean),clean,8.333333333,0.2940435823,1.569608546,RELEASE,Releasing,5,FALSE
vid2,Take 2 (clean),clean,8.366666667,0.2161511517,1.578067378,RELEASE,Releasing,5,FALSE
vid2,Take 2 (clean),clean,8.4,0.1592090129,1.528282415,RELEASE,Releasing,5,FALSE
vid2,Take 2 (clean),clean,8.433333333,0.5303153555,1.480979996,RELEASE,Releasing,5,FALSE
vid2,Take 2 (clean),clean,8.466666667,0.6953645359,1.455436769,RELEASE,Releasing,5,FALSE
vid2,Take 2 (clean),clean,8.5,0.5582651443,1.442414316,RELEASE,Releasing,5,FALSE
vid2,Take 2 (clean),clean,8.533333333,0.4520411628,1.37762918,RELEASE,Releasing,5,FALSE
vid2,Take 2 (clean),clean,8.566666667,0.1580344903,1.337185595,RELEASE,Releasing,5,FALSE
vid2,Take 2 (clean),clean,8.6,0.1147611674,1.358252396,RELEASE,Releasing,5,FALSE
vid2,Take 2 (clean),clean,8.633333333,0.3462269894,1.328546525,RELEASE,Releasing,5,FALSE
vid2,Take 2 (clean),clean,8.666666667,0.614657353,1.325328085,RELEASE,Releasing,5,FALSE
vid2,Take 2 (clean),clean,8.7,1.046945518,1.312977384,RELEASE,Releasing,5,FALSE
vid2,Take 2 (clean),clean,8.733333333,1.005409336,1.417734885,RELEASE,Releasing,5,FALSE
vid2,Take 2 (clean),clean,8.766666667,0.9399120647,1.456571398,RELEASE,Releasing,5,FALSE
vid2,Take 2 (clean),clean,8.8,0.6295274742,1.493955117,RELEASE,Releasing,5,FALSE
vid2,Take 2 (clean),clean,8.833333333,0.8650548287,1.468307672,RELEASE,Releasing,5,FALSE
vid2,Take 2 (clean),clean,8.866666667,1.029007888,1.438756046,RELEASE,Releasing,5,FALSE
vid2,Take 2 (clean),clean,8.9,1.117083802,1.406471956,RELEASE,Releasing,5,FALSE
vid2,Take 2 (clean),clean,8.933333333,1.441499046,1.365851285,RELEASE,Releasing,5,FALSE
vid2,Take 2 (clean),clean,8.966666667,1.666190261,1.348392309,RELEASE,Releasing,5,FALSE
vid2,Take 2 (clean),clean,9,1.666351132,1.277834736,RETRACT,Returning,6,FALSE
vid2,Take 2 (clean),clean,9.033333333,1.873428824,1.283113934,RETRACT,Returning,6,FALSE
vid2,Take 2 (clean),clean,9.066666667,2.005922787,1.272051517,RETRACT,Returning,6,FALSE
vid2,Take 2 (clean),clean,9.1,2.392467888,1.287703212,RETRACT,Returning,6,FALSE
vid2,Take 2 (clean),clean,9.133333333,2.733378291,1.250501861,RETRACT,Returning,6,FALSE
vid2,Take 2 (clean),clean,9.166666667,2.816282809,1.231761112,RETRACT,Returning,6,FALSE
vid2,Take 2 (clean),clean,9.2,3.12527605,1.190365563,RETRACT,Returning,6,FALSE
vid2,Take 2 (clean),clean,9.233333333,3.33874968,1.148861208,RETRACT,Returning,6,FALSE
vid2,Take 2 (clean),clean,9.266666667,3.589905785,1.109201582,RETRACT,Returning,6,FALSE
vid2,Take 2 (clean),clean,9.3,3.997689986,1.091408351,RETRACT,Returning,6,FALSE
vid2,Take 2 (clean),clean,9.333333333,4.312693463,1.09850389,RETRACT,Returning,6,FALSE
vid2,Take 2 (clean),clean,9.366666667,4.511502622,1.108611301,RETRACT,Returning,6,FALSE
vid2,Take 2 (clean),clean,9.4,4.493504726,1.110829433,RETRACT,Returning,6,FALSE
vid2,Take 2 (clean),clean,9.433333333,4.339044222,1.106722457,RETRACT,Returning,6,FALSE
vid2,Take 2 (clean),clean,9.466666667,4.375372594,1.109344785,RETRACT,Returning,6,FALSE
vid2,Take 2 (clean),clean,9.5,4.287737355,1.124545515,RETRACT,Returning,6,FALSE
vid2,Take 2 (clean),clean,9.533333333,4.27486329,1.137052006,RETRACT,Returning,6,FALSE
vid2,Take 2 (clean),clean,9.566666667,4.086378957,1.12509029,RETRACT,Returning,6,FALSE
vid2,Take 2 (clean),clean,9.6,3.797655359,1.126583937,RETRACT,Returning,6,FALSE
vid2,Take 2 (clean),clean,9.633333333,3.597769273,1.111653085,RETRACT,Returning,6,FALSE
vid2,Take 2 (clean),clean,9.666666667,3.389108818,1.111786194,RETRACT,Returning,6,FALSE
vid2,Take 2 (clean),clean,9.7,3.251841902,1.121685328,RETRACT,Returning,6,FALSE
vid2,Take 2 (clean),clean,9.733333333,3.112031374,1.098205389,RETRACT,Returning,6,FALSE
vid2,Take 2 (clean),clean,9.766666667,2.757194066,1.077084589,RETRACT,Returning,6,FALSE
vid2,Take 2 (clean),clean,9.8,2.617999571,1.04567246,RETRACT,Returning,6,FALSE
vid2,Take 2 (clean),clean,9.833333333,2.730331378,1.16818753,RETRACT,Returning,6,FALSE
vid2,Take 2 (clean),clean,9.866666667,2.412354354,1.194306514,RETRACT,Returning,6,FALSE
vid2,Take 2 (clean),clean,9.9,1.721306112,1.139936082,RETRACT,Returning,6,FALSE
vid2,Take 2 (clean),clean,9.933333333,0.789590347,1.027421393,RETRACT,Returning,6,FALSE
vid2,Take 2 (clean),clean,9.966666667,0.8187662331,1.033862062,REST,At rest,1,FALSE
vid2,Take 2 (clean),clean,10,0.8339928108,0.9766945693,REST,At rest,1,FALSE
vid2,Take 2 (clean),clean,10.033333333,0.7003964938,0.9231334272,REST,At rest,1,FALSE
vid2,Take 2 (clean),clean,10.066666667,0.8936634677,0.9886625152,REST,At rest,1,FALSE
vid2,Take 2 (clean),clean,10.1,0.4880620761,1.048571016,REST,At rest,1,FALSE
vid2,Take 2 (clean),clean,10.133333333,0.01627346859,0.9630150845,REST,At rest,1,FALSE
vid2,Take 2 (clean),clean,10.166666667,0.2596824369,0.9046878979,REST,At rest,1,FALSE
vid2,Take 2 (clean),clean,10.2,0.6236812319,0.9522132802,REST,At rest,1,FALSE
vid2,Take 2 (clean),clean,10.233333333,0.8590914371,1.03478313,REST,At rest,1,FALSE
vid2,Take 2 (clean),clean,10.266666667,0.7564952237,1.05247492,REST,At rest,1,FALSE
vid2,Take 2 (clean),clean,10.3,0.5065911956,1.044960781,REST,At rest,1,FALSE
vid2,Take 2 (clean),clean,10.333333333,0.6349811003,1.023899926,REST,At rest,1,FALSE
vid2,Take 2 (clean),clean,10.366666667,0.591130466,1.052959739,REST,At rest,1,FALSE
vid2,Take 2 (clean),clean,10.4,0.2633001632,1.066917808,REST,At rest,1,FALSE
vid2,Take 2 (clean),clean,10.433333333,0.2558054352,1.049078022,REST,At rest,1,FALSE
vid2,Take 2 (clean),clean,10.466666667,0.8968986931,1.008595748,REST,At rest,1,FALSE
vid2,Take 2 (clean),clean,10.5,0.3033134565,1.028892702,REST,At rest,1,FALSE
vid2,Take 2 (clean),clean,10.533333333,0.1971211347,1.007393976,REST,At rest,1,FALSE
vid2,Take 2 (clean),clean,10.566666667,0.2255527728,1.020282262,REST,At rest,1,FALSE
vid2,Take 2 (clean),clean,10.6,0.3601963067,1.064810754,REST,At rest,1,FALSE
vid2,Take 2 (clean),clean,10.633333333,0.06787270484,1.092938971,REST,At rest,1,FALSE
vid2,Take 2 (clean),clean,10.666666667,0.1765912776,1.066622793,REST,At rest,1,FALSE
vid2,Take 2 (clean),clean,10.7,0.3167122538,1.041308606,REST,At rest,1,FALSE
vid2,Take 2 (clean),clean,10.733333333,0.03607541798,1.045080799,REST,At rest,1,FALSE
vid2,Take 2 (clean),clean,10.766666667,0.1604028874,1.040340542,REST,At rest,1,FALSE
vid2,Take 2 (clean),clean,10.8,0.06325682698,1.031977071,REST,At rest,1,FALSE
vid2,Take 2 (clean),clean,10.833333333,0.208343277,1.017597469,REST,At rest,1,FALSE
vid2,Take 2 (clean),clean,10.866666667,0.09901704296,1.030439307,REST,At rest,1,FALSE
vid2,Take 2 (clean),clean,10.9,0.05358440884,1.032948902,REST,At rest,1,FALSE
vid2,Take 2 (clean),clean,10.933333333,0.2631737633,1.018935415,REST,At rest,1,FALSE
vid2,Take 2 (clean),clean,10.966666667,0.2707895485,1.001367926,REST,At rest,1,FALSE
vid2,Take 2 (clean),clean,11,0.01688123339,1.008121588,REST,At rest,1,FALSE
vid2,Take 2 (clean),clean,11.033333333,0.2757699065,1.008206137,REST,At rest,1,FALSE
vid2,Take 2 (clean),clean,11.066666667,0.5100694821,1.008631398,REST,At rest,1,FALSE
vid2,Take 2 (clean),clean,11.1,0.1106698264,1.008472804,REST,At rest,1,FALSE
vid2,Take 2 (clean),clean,11.133333333,0.3226848836,1.009942508,REST,At rest,1,FALSE
vid2,Take 2 (clean),clean,11.166666667,0.3467365058,1.020515938,REST,At rest,1,FALSE
vid2,Take 2 (clean),clean,11.2,0.0937865451,1.044165487,REST,At rest,1,FALSE
vid2,Take 2 (clean),clean,11.233333333,0.4919442355,1.061850182,REST,At rest,1,FALSE
vid2,Take 2 (clean),clean,11.266666667,0.3907451895,1.045176008,REST,At rest,1,FALSE
vid2,Take 2 (clean),clean,11.3,0.224316661,1.015764366,REST,At rest,1,FALSE
vid2,Take 2 (clean),clean,11.333333333,0.4586863682,0.9900967469,REST,At rest,1,FALSE
vid2,Take 2 (clean),clean,11.366666667,0.3908607235,1.008688565,REST,At rest,1,FALSE
vid2,Take 2 (clean),clean,11.4,0.2318200094,1.005044638,REST,At rest,1,FALSE
vid2,Take 2 (clean),clean,11.433333333,0.4412191402,0.9991379327,REST,At rest,1,FALSE
vid2,Take 2 (clean),clean,11.466666667,0.5585469287,0.9739221287,REST,At rest,1,FALSE
vid2,Take 2 (clean),clean,11.5,0.5182487107,0.9827451743,REST,At rest,1,FALSE
vid2,Take 2 (clean),clean,11.533333333,0.202990709,0.9898358983,REST,At rest,1,FALSE
vid2,Take 2 (clean),clean,11.566666667,0.06859160368,0.9985382306,REST,At rest,1,FALSE
vid2,Take 2 (clean),clean,11.6,0.2397496305,1.009645196,REST,At rest,1,FALSE
vid2,Take 2 (clean),clean,11.633333333,0.3498334088,1.014703939,REST,At rest,1,FALSE
vid2,Take 2 (clean),clean,11.666666667,0.3434626023,0.9926171446,REST,At rest,1,FALSE
vid2,Take 2 (clean),clean,11.7,0.1827976377,0.9767021624,REST,At rest,1,FALSE
vid2,Take 2 (clean),clean,11.733333333,0.1258500419,1.002910661,REST,At rest,1,FALSE
vid2,Take 2 (clean),clean,11.766666667,0.2082779694,1.055952944,REST,At rest,1,FALSE
vid2,Take 2 (clean),clean,11.8,0.2145291281,1.039429254,REST,At rest,1,FALSE
vid2,Take 2 (clean),clean,11.833333333,0.09452848488,1.002340196,REST,At rest,1,FALSE
vid2,Take 2 (clean),clean,11.866666667,0.331162691,0.9926127184,REST,At rest,1,FALSE
vid2,Take 2 (clean),clean,11.9,0.4254696609,1.021077258,REST,At rest,1,FALSE
vid2,Take 2 (clean),clean,11.933333333,0.09673554721,1.027667709,REST,At rest,1,FALSE
vid2,Take 2 (clean),clean,11.966666667,0.2607837578,1.038968404,REST,At rest,1,FALSE
vid2,Take 2 (clean),clean,12,0.1499967052,1.054976197,REST,At rest,1,FALSE
vid2,Take 2 (clean),clean,12.033333333,0.06450788338,1.078895304,REST,At rest,1,FALSE
vid2,Take 2 (clean),clean,12.066666667,0.0284920401,1.054717814,REST,At rest,1,FALSE
vid2,Take 2 (clean),clean,12.1,0.05571674771,1.037282784,REST,At rest,1,FALSE
vid2,Take 2 (clean),clean,12.133333333,0.199494674,1.026409391,REST,At rest,1,FALSE
vid2,Take 2 (clean),clean,12.166666667,0.1932956546,1.029621101,REST,At rest,1,FALSE
vid2,Take 2 (clean),clean,12.2,0.4925094693,0.9937635529,REST,At rest,1,FALSE
vid2,Take 2 (clean),clean,12.233333333,0.2512529339,1.055515853,REST,At rest,1,FALSE
vid2,Take 2 (clean),clean,12.266666667,0.2555460153,1.089931746,REST,At rest,1,FALSE
vid2,Take 2 (clean),clean,12.3,0.3902250392,1.090436504,REST,At rest,1,FALSE
vid2,Take 2 (clean),clean,12.333333333,0.3177871225,1.034219864,REST,At rest,1,FALSE
vid2,Take 2 (clean),clean,12.366666667,0.2095000429,1.054659458,REST,At rest,1,FALSE
vid2,Take 2 (clean),clean,12.4,0.1027722663,1.045118766,REST,At rest,1,FALSE
vid2,Take 2 (clean),clean,12.433333333,0.1663552085,1.034657933,REST,At rest,1,FALSE
vid2,Take 2 (clean),clean,12.466666667,0.08750764499,1.030498575,REST,At rest,1,FALSE
vid2,Take 2 (clean),clean,12.5,0.08230005082,1.051234115,REST,At rest,1,FALSE
vid2,Take 2 (clean),clean,12.533333333,0.1281692023,1.053054364,REST,At rest,1,FALSE
vid2,Take 2 (clean),clean,12.566666667,0.3391850328,1.037932427,REST,At rest,1,FALSE
vid2,Take 2 (clean),clean,12.6,0.1149101589,1.033291984,REST,At rest,1,FALSE
vid2,Take 2 (clean),clean,12.633333333,0.07814822993,1.034667285,REST,At rest,1,FALSE
vid2,Take 2 (clean),clean,12.666666667,0.2362448942,1.022084285,REST,At rest,1,FALSE
vid2,Take 2 (clean),clean,12.7,0.2724663142,0.9960863495,REST,At rest,1,FALSE
vid2,Take 2 (clean),clean,12.733333333,0.07554798927,0.9958012531,REST,At rest,1,FALSE
vid2,Take 2 (clean),clean,12.766666667,0.1211455707,1.018535997,REST,At rest,1,FALSE
vid2,Take 2 (clean),clean,12.8,0.225498334,1.030577612,REST,At rest,1,FALSE
vid2,Take 2 (clean),clean,12.833333333,0.2749658135,1.015600507,REST,At rest,1,FALSE
vid2,Take 2 (clean),clean,12.866666667,0.1322687472,1.000331193,REST,At rest,1,FALSE
vid2,Take 2 (clean),clean,12.9,0.2866919367,1.007300141,REST,At rest,1,FALSE
vid2,Take 2 (clean),clean,12.933333333,0.3481084734,1.003513442,REST,At rest,1,FALSE
vid2,Take 2 (clean),clean,12.966666667,0.1301850039,1.001465862,REST,At rest,1,FALSE
vid2,Take 2 (clean),clean,13,0.1817712437,0.9982964466,REST,At rest,1,FALSE
vid2,Take 2 (clean),clean,13.033333333,0.1106290014,1.021523912,REST,At rest,1,FALSE
vid2,Take 2 (clean),clean,13.066666667,0.227952136,1.032006829,REST,At rest,1,FALSE
vid2,Take 2 (clean),clean,13.1,0.05867451421,1.03390675,REST,At rest,1,FALSE
vid2,Take 2 (clean),clean,13.133333333,0.2302244903,1.031884335,REST,At rest,1,FALSE
vid2,Take 2 (clean),clean,13.166666667,0.02366957778,1.046926627,REST,At rest,1,FALSE
vid2,Take 2 (clean),clean,13.2,0.09768337662,1.047815166,REST,At rest,1,FALSE
vid2,Take 2 (clean),clean,13.233333333,0.04858214992,1.021694114,REST,At rest,1,FALSE
vid2,Take 2 (clean),clean,13.266666667,0.1895493848,1.01564215,REST,At rest,1,FALSE
vid2,Take 2 (clean),clean,13.3,0.4186855839,1.024697043,REST,At rest,1,FALSE
vid2,Take 2 (clean),clean,13.333333333,0.1962824549,1.040327227,REST,At rest,1,FALSE
vid2,Take 2 (clean),clean,13.366666667,0.1365799705,1.041966165,REST,At rest,1,FALSE
vid2,Take 2 (clean),clean,13.4,0.2340639165,1.024063074,REST,At rest,1,FALSE
vid2,Take 2 (clean),clean,13.433333333,0.165376958,1.035245086,REST,At rest,1,FALSE
vid2,Take 2 (clean),clean,13.466666667,0.1418828845,1.024231754,REST,At rest,1,FALSE
vid2,Take 2 (clean),clean,13.5,0.1145996556,1.028581368,REST,At rest,1,FALSE
vid2,Take 2 (clean),clean,13.533333333,0.1528926975,1.028596464,REST,At rest,1,FALSE
vid2,Take 2 (clean),clean,13.566666667,0.2122150735,1.033919178,REST,At rest,1,FALSE
vid2,Take 2 (clean),clean,13.6,0.2260870046,1.009985956,REST,At rest,1,FALSE
vid2,Take 2 (clean),clean,13.633333333,0.3356197413,1.011636293,REST,At rest,1,FALSE
vid2,Take 2 (clean),clean,13.666666667,0.4060720165,1.061687897,REST,At rest,1,FALSE
vid2,Take 2 (clean),clean,13.7,0.4160116219,1.092130753,REST,At rest,1,FALSE
vid2,Take 2 (clean),clean,13.733333333,0.420347481,1.110233711,REST,At rest,1,FALSE
vid2,Take 2 (clean),clean,13.766666667,0.6599625119,1.100404467,REST,At rest,1,FALSE
vid2,Take 2 (clean),clean,13.8,0.8372066163,1.091884741,REST,At rest,1,FALSE
vid2,Take 2 (clean),clean,13.833333333,1.330897227,1.060962428,REACH,Reaching,2,FALSE
vid2,Take 2 (clean),clean,13.866666667,1.933388871,1.035043949,REACH,Reaching,2,FALSE
vid2,Take 2 (clean),clean,13.9,2.483522477,1.0255753,REACH,Reaching,2,FALSE
vid2,Take 2 (clean),clean,13.933333333,2.932180372,1.051300951,REACH,Reaching,2,FALSE
vid2,Take 2 (clean),clean,13.966666667,3.113332274,1.080227505,REACH,Reaching,2,FALSE
vid2,Take 2 (clean),clean,14,3.299671899,1.086438553,REACH,Reaching,2,FALSE
vid2,Take 2 (clean),clean,14.033333333,3.479352319,1.099282913,REACH,Reaching,2,FALSE
vid2,Take 2 (clean),clean,14.066666667,3.610761098,1.096062924,REACH,Reaching,2,FALSE
vid2,Take 2 (clean),clean,14.1,3.636051318,1.079512396,REACH,Reaching,2,FALSE
vid2,Take 2 (clean),clean,14.133333333,3.476071202,1.049245795,REACH,Reaching,2,FALSE
vid2,Take 2 (clean),clean,14.166666667,3.21487055,1.05114773,REACH,Reaching,2,FALSE
vid2,Take 2 (clean),clean,14.2,3.003347532,1.043401585,REACH,Reaching,2,FALSE
vid2,Take 2 (clean),clean,14.233333333,2.879036967,1.035214235,REACH,Reaching,2,FALSE
vid2,Take 2 (clean),clean,14.266666667,2.788246682,1.023086596,REACH,Reaching,2,FALSE
vid2,Take 2 (clean),clean,14.3,2.752434589,1.050941303,REACH,Reaching,2,FALSE
vid2,Take 2 (clean),clean,14.333333333,2.751749513,1.082785747,REACH,Reaching,2,FALSE
vid2,Take 2 (clean),clean,14.366666667,2.793275943,1.122757841,REACH,Reaching,2,FALSE
vid2,Take 2 (clean),clean,14.4,2.797507837,1.128573067,REACH,Reaching,2,FALSE
vid2,Take 2 (clean),clean,14.433333333,2.739097679,1.126712745,REACH,Reaching,2,FALSE
vid2,Take 2 (clean),clean,14.466666667,2.58351129,1.126507076,REACH,Reaching,2,FALSE
vid2,Take 2 (clean),clean,14.5,2.423768669,1.138394461,REACH,Reaching,2,FALSE
vid2,Take 2 (clean),clean,14.533333333,2.332205235,1.143305676,REACH,Reaching,2,FALSE
vid2,Take 2 (clean),clean,14.566666667,2.261638229,1.156172539,REACH,Reaching,2,FALSE
vid2,Take 2 (clean),clean,14.6,2.241512626,1.175035023,REACH,Reaching,2,FALSE
vid2,Take 2 (clean),clean,14.633333333,2.225805821,1.208410147,REACH,Reaching,2,FALSE
vid2,Take 2 (clean),clean,14.666666667,2.179984745,1.207916071,REACH,Reaching,2,FALSE
vid2,Take 2 (clean),clean,14.7,2.139157112,1.19189112,REACH,Reaching,2,FALSE
vid2,Take 2 (clean),clean,14.733333333,2.075009636,1.141933722,REACH,Reaching,2,FALSE
vid2,Take 2 (clean),clean,14.766666667,1.941600716,1.120804556,REACH,Reaching,2,FALSE
vid2,Take 2 (clean),clean,14.8,1.778947832,1.102190319,REACH,Reaching,2,FALSE
vid2,Take 2 (clean),clean,14.833333333,1.5671108,1.099749235,REACH,Reaching,2,FALSE
vid2,Take 2 (clean),clean,14.866666667,1.442736195,1.080255728,REACH,Reaching,2,FALSE
vid2,Take 2 (clean),clean,14.9,1.283713731,1.084154276,REACH,Reaching,2,FALSE
vid2,Take 2 (clean),clean,14.933333333,1.140110755,1.098343145,REACH,Reaching,2,FALSE
vid2,Take 2 (clean),clean,14.966666667,0.9862112534,1.143627041,REACH,Reaching,2,FALSE
vid2,Take 2 (clean),clean,15,0.9037941042,1.202153416,REACH,Reaching,2,FALSE
vid2,Take 2 (clean),clean,15.033333333,0.9149635632,1.249982653,REACH,Reaching,2,FALSE
vid2,Take 2 (clean),clean,15.066666667,0.8650235793,1.255082915,REACH,Reaching,2,FALSE
vid2,Take 2 (clean),clean,15.1,0.7664836884,1.237288964,REACH,Reaching,2,FALSE
vid2,Take 2 (clean),clean,15.133333333,0.7290233114,1.216351007,REACH,Reaching,2,FALSE
vid2,Take 2 (clean),clean,15.166666667,0.6981839986,1.202511576,REACH,Reaching,2,FALSE
vid2,Take 2 (clean),clean,15.2,0.9545402943,1.178448407,REACH,Reaching,2,FALSE
vid2,Take 2 (clean),clean,15.233333333,0.7633141552,1.181240965,REACH,Reaching,2,FALSE
vid2,Take 2 (clean),clean,15.266666667,0.862489801,1.108247177,REACH,Reaching,2,FALSE
vid2,Take 2 (clean),clean,15.3,0.9254690872,1.041659555,GRASP,Grasping,3,FALSE
vid2,Take 2 (clean),clean,15.333333333,0.8251681717,0.9733160105,GRASP,Grasping,3,FALSE
vid2,Take 2 (clean),clean,15.366666667,1.31374695,0.9382105978,GRASP,Grasping,3,FALSE
vid2,Take 2 (clean),clean,15.4,1.285436092,0.898586167,GRASP,Grasping,3,FALSE
vid2,Take 2 (clean),clean,15.433333333,1.417161089,0.8765426212,GRASP,Grasping,3,FALSE
vid2,Take 2 (clean),clean,15.466666667,1.288189067,0.8586784312,GRASP,Grasping,3,FALSE
vid2,Take 2 (clean),clean,15.5,1.06462869,0.7997085089,GRASP,Grasping,3,FALSE
vid2,Take 2 (clean),clean,15.533333333,0.6879096469,0.7647066,GRASP,Grasping,3,FALSE
vid2,Take 2 (clean),clean,15.566666667,0.6021123304,0.7666940005,GRASP,Grasping,3,FALSE
vid2,Take 2 (clean),clean,15.6,0.5611103565,0.7544512344,GRASP,Grasping,3,FALSE
vid2,Take 2 (clean),clean,15.633333333,0.4055617664,0.7216138598,GRASP,Grasping,3,FALSE
vid2,Take 2 (clean),clean,15.666666667,0.1696808437,0.6982149372,GRASP,Grasping,3,FALSE
vid2,Take 2 (clean),clean,15.7,0.06031657036,0.7205233183,GRASP,Grasping,3,FALSE
vid2,Take 2 (clean),clean,15.733333333,0.04905457843,0.720703658,GRASP,Grasping,3,FALSE
vid2,Take 2 (clean),clean,15.766666667,0.07907532884,0.7098557469,GRASP,Grasping,3,FALSE
vid2,Take 2 (clean),clean,15.8,0.1422457798,0.7067900527,GRASP,Grasping,3,FALSE
vid2,Take 2 (clean),clean,15.833333333,0.05823310486,0.7018405349,GRASP,Grasping,3,FALSE
vid2,Take 2 (clean),clean,15.866666667,0.1033017645,0.7418944081,GRASP,Grasping,3,FALSE
vid2,Take 2 (clean),clean,15.9,0.08056720565,0.758711154,GRASP,Grasping,3,FALSE
vid2,Take 2 (clean),clean,15.933333333,0.03280452067,0.7650459389,GRASP,Grasping,3,FALSE
vid2,Take 2 (clean),clean,15.966666667,0.0302610469,0.7314987604,GRASP,Grasping,3,FALSE
vid2,Take 2 (clean),clean,16,0.06361719565,0.7573751073,GRASP,Grasping,3,FALSE
vid2,Take 2 (clean),clean,16.033333333,0.120772483,0.7768230567,GRASP,Grasping,3,FALSE
vid2,Take 2 (clean),clean,16.066666667,0.1779097434,0.7767144439,GRASP,Grasping,3,FALSE
vid2,Take 2 (clean),clean,16.1,0.1678415773,0.7480242756,GRASP,Grasping,3,FALSE
vid2,Take 2 (clean),clean,16.133333333,0.1553131671,0.7489934809,GRASP,Grasping,3,FALSE
vid2,Take 2 (clean),clean,16.166666667,0.1705939135,0.7885103143,GRASP,Grasping,3,FALSE
vid2,Take 2 (clean),clean,16.2,0.1336117804,0.7743156695,GRASP,Grasping,3,FALSE
vid2,Take 2 (clean),clean,16.233333333,0.1746316749,0.752179459,GRASP,Grasping,3,FALSE
vid2,Take 2 (clean),clean,16.266666667,0.07478707941,0.7356283032,GRASP,Grasping,3,FALSE
vid2,Take 2 (clean),clean,16.3,0.03405959332,0.7576188197,GRASP,Grasping,3,FALSE
vid2,Take 2 (clean),clean,16.333333333,0.06656365436,0.7373524736,GRASP,Grasping,3,FALSE
vid2,Take 2 (clean),clean,16.366666667,0.06729723635,0.7556068218,GRASP,Grasping,3,FALSE
vid2,Take 2 (clean),clean,16.4,0.1129021092,0.7771947579,GRASP,Grasping,3,FALSE
vid2,Take 2 (clean),clean,16.433333333,0.1743519856,0.7993683825,GRASP,Grasping,3,FALSE
vid2,Take 2 (clean),clean,16.466666667,0.2736627682,0.7524438587,GRASP,Grasping,3,FALSE
vid2,Take 2 (clean),clean,16.5,0.1738495649,0.7076058131,GRASP,Grasping,3,FALSE
vid2,Take 2 (clean),clean,16.533333333,0.119110333,0.6714913075,GRASP,Grasping,3,FALSE
vid2,Take 2 (clean),clean,16.566666667,0.1415694042,0.68260791,GRASP,Grasping,3,FALSE
vid2,Take 2 (clean),clean,16.6,0.2817385936,0.6926020274,GRASP,Grasping,3,FALSE
vid2,Take 2 (clean),clean,16.633333333,0.3545950569,0.679607352,GRASP,Grasping,3,FALSE
vid2,Take 2 (clean),clean,16.666666667,0.3902463832,0.6602249879,GRASP,Grasping,3,FALSE
vid2,Take 2 (clean),clean,16.7,0.3564301856,0.6830465987,GRASP,Grasping,3,FALSE
vid2,Take 2 (clean),clean,16.733333333,0.3281219968,0.7373553702,GRASP,Grasping,3,FALSE
vid2,Take 2 (clean),clean,16.766666667,0.4594933864,0.7798304612,GRASP,Grasping,3,FALSE
vid2,Take 2 (clean),clean,16.8,0.633203162,0.7650789204,GRASP,Grasping,3,FALSE
vid2,Take 2 (clean),clean,16.833333333,0.9177592325,0.7245874314,GRASP,Grasping,3,FALSE
vid2,Take 2 (clean),clean,16.866666667,1.278636274,0.7179341801,GRASP,Grasping,3,FALSE
vid2,Take 2 (clean),clean,16.9,1.762659796,0.7316113747,GRASP,Grasping,3,FALSE
vid2,Take 2 (clean),clean,16.933333333,2.396416652,0.6939368354,GRASP,Grasping,3,FALSE
vid2,Take 2 (clean),clean,16.966666667,3.09523424,0.6814375148,GRASP,Grasping,3,FALSE
vid2,Take 2 (clean),clean,17,3.823135828,0.7274198467,GRASP,Grasping,3,FALSE
vid2,Take 2 (clean),clean,17.033333333,4.354438119,0.7683910713,GRASP,Grasping,3,FALSE
vid2,Take 2 (clean),clean,17.066666667,4.727397749,0.7621700234,GRASP,Grasping,3,FALSE
vid2,Take 2 (clean),clean,17.1,4.869278699,0.7688328174,GRASP,Grasping,3,FALSE
vid2,Take 2 (clean),clean,17.133333333,4.771708567,0.7951668779,GRASP,Grasping,3,FALSE
vid2,Take 2 (clean),clean,17.166666667,4.473890067,0.8365117733,GRASP,Grasping,3,FALSE
vid2,Take 2 (clean),clean,17.2,4.045805678,0.8781635537,GRASP,Grasping,3,FALSE
vid2,Take 2 (clean),clean,17.233333333,3.48305084,0.9404583299,GRASP,Grasping,3,FALSE
vid2,Take 2 (clean),clean,17.266666667,2.785667313,0.9860789466,GRASP,Grasping,3,FALSE
vid2,Take 2 (clean),clean,17.3,2.114383789,0.9886494106,GRASP,Grasping,3,FALSE
vid2,Take 2 (clean),clean,17.333333333,1.371784487,0.9351040539,GRASP,Grasping,3,FALSE
vid2,Take 2 (clean),clean,17.366666667,0.8050738289,0.8811865001,GRASP,Grasping,3,FALSE
vid2,Take 2 (clean),clean,17.4,0.5057662527,0.8352951128,HOLD,Holding,4,FALSE
vid2,Take 2 (clean),clean,17.433333333,0.4080732246,0.7954571134,HOLD,Holding,4,FALSE
vid2,Take 2 (clean),clean,17.466666667,0.372053672,0.7899073547,HOLD,Holding,4,FALSE
vid2,Take 2 (clean),clean,17.5,0.2986788055,0.8099734376,HOLD,Holding,4,FALSE
vid2,Take 2 (clean),clean,17.533333333,0.2244192163,0.8287881134,HOLD,Holding,4,FALSE
vid2,Take 2 (clean),clean,17.566666667,0.2065943464,0.8250454723,HOLD,Holding,4,FALSE
vid2,Take 2 (clean),clean,17.6,0.230657539,0.8047119244,HOLD,Holding,4,FALSE
vid2,Take 2 (clean),clean,17.633333333,0.2531885084,0.7969007972,HOLD,Holding,4,FALSE
vid2,Take 2 (clean),clean,17.666666667,0.2142214704,0.7922219399,HOLD,Holding,4,FALSE
vid2,Take 2 (clean),clean,17.7,0.1636560101,0.782780057,HOLD,Holding,4,FALSE
vid2,Take 2 (clean),clean,17.733333333,0.1913080227,0.7796564705,HOLD,Holding,4,FALSE
vid2,Take 2 (clean),clean,17.766666667,0.191687135,0.7940259255,HOLD,Holding,4,FALSE
vid2,Take 2 (clean),clean,17.8,0.149785627,0.8132360154,HOLD,Holding,4,FALSE
vid2,Take 2 (clean),clean,17.833333333,0.1645886995,0.8171008962,HOLD,Holding,4,FALSE
vid2,Take 2 (clean),clean,17.866666667,0.2551012139,0.8155678477,HOLD,Holding,4,FALSE
vid2,Take 2 (clean),clean,17.9,0.3386757487,0.8019145028,HOLD,Holding,4,FALSE
vid2,Take 2 (clean),clean,17.933333333,0.3704877328,0.8127712618,HOLD,Holding,4,FALSE
vid2,Take 2 (clean),clean,17.966666667,0.343454042,0.8232422616,HOLD,Holding,4,FALSE
vid2,Take 2 (clean),clean,18,0.2886374624,0.830174499,HOLD,Holding,4,FALSE
vid2,Take 2 (clean),clean,18.033333333,0.2067243949,0.8282474627,HOLD,Holding,4,FALSE
vid2,Take 2 (clean),clean,18.066666667,0.1082287047,0.8429756191,HOLD,Holding,4,FALSE
vid2,Take 2 (clean),clean,18.1,0.04854481442,0.8327661889,HOLD,Holding,4,FALSE
vid2,Take 2 (clean),clean,18.133333333,0.05129172854,0.8323432048,HOLD,Holding,4,FALSE
vid2,Take 2 (clean),clean,18.166666667,0.07572129384,0.8381930901,HOLD,Holding,4,FALSE
vid2,Take 2 (clean),clean,18.2,0.07699232455,0.8489238433,HOLD,Holding,4,FALSE
vid2,Take 2 (clean),clean,18.233333333,0.1018106299,0.853817014,HOLD,Holding,4,FALSE
vid2,Take 2 (clean),clean,18.266666667,0.1639349155,0.8668746995,HOLD,Holding,4,FALSE
vid2,Take 2 (clean),clean,18.3,0.2115180604,0.8682643272,HOLD,Holding,4,FALSE
vid2,Take 2 (clean),clean,18.333333333,0.2141760532,0.8600172492,HOLD,Holding,4,FALSE
vid2,Take 2 (clean),clean,18.366666667,0.1788511912,0.8547597974,HOLD,Holding,4,FALSE
vid2,Take 2 (clean),clean,18.4,0.2246715075,0.8609855319,HOLD,Holding,4,FALSE
vid2,Take 2 (clean),clean,18.433333333,0.2059612994,0.8676005139,HOLD,Holding,4,FALSE
vid2,Take 2 (clean),clean,18.466666667,0.2270534005,0.8681583998,HOLD,Holding,4,FALSE
vid2,Take 2 (clean),clean,18.5,0.3269101427,0.8670144134,HOLD,Holding,4,FALSE
vid2,Take 2 (clean),clean,18.533333333,0.3270037204,0.8648009118,HOLD,Holding,4,FALSE
vid2,Take 2 (clean),clean,18.566666667,0.4768800422,0.8738780132,HOLD,Holding,4,FALSE
vid2,Take 2 (clean),clean,18.6,0.5641276118,0.853156682,HOLD,Holding,4,FALSE
vid2,Take 2 (clean),clean,18.633333333,0.6557248481,0.8244720045,HOLD,Holding,4,FALSE
vid2,Take 2 (clean),clean,18.666666667,0.6822189382,0.7813240314,HOLD,Holding,4,FALSE
vid2,Take 2 (clean),clean,18.7,0.6536431464,0.7974729482,HOLD,Holding,4,FALSE
vid2,Take 2 (clean),clean,18.733333333,0.6604863954,0.8083575612,HOLD,Holding,4,FALSE
vid2,Take 2 (clean),clean,18.766666667,0.6987777849,0.8507454491,HOLD,Holding,4,FALSE
vid2,Take 2 (clean),clean,18.8,0.7963282879,0.8551685795,HOLD,Holding,4,FALSE
vid2,Take 2 (clean),clean,18.833333333,0.8360579415,0.8472748096,HOLD,Holding,4,FALSE
vid2,Take 2 (clean),clean,18.866666667,0.9524762513,0.8143951503,HOLD,Holding,4,FALSE
vid2,Take 2 (clean),clean,18.9,1.046508494,0.8131624781,HOLD,Holding,4,FALSE
vid2,Take 2 (clean),clean,18.933333333,1.163195179,0.7982790697,HOLD,Holding,4,FALSE
vid2,Take 2 (clean),clean,18.966666667,1.326726491,0.7787696927,HOLD,Holding,4,FALSE
vid2,Take 2 (clean),clean,19,1.476283874,0.7717564658,HOLD,Holding,4,FALSE
vid2,Take 2 (clean),clean,19.033333333,1.626516499,0.7943165417,HOLD,Holding,4,FALSE
vid2,Take 2 (clean),clean,19.066666667,1.741144662,0.7874613379,HOLD,Holding,4,FALSE
vid2,Take 2 (clean),clean,19.1,1.80908678,0.7778725232,HOLD,Holding,4,FALSE
vid2,Take 2 (clean),clean,19.133333333,1.820263474,0.7580695351,HOLD,Holding,4,FALSE
vid2,Take 2 (clean),clean,19.166666667,1.770142789,0.7664799617,HOLD,Holding,4,FALSE
vid2,Take 2 (clean),clean,19.2,1.845974313,0.766584082,HOLD,Holding,4,FALSE
vid2,Take 2 (clean),clean,19.233333333,1.867695397,0.7599187025,HOLD,Holding,4,FALSE
vid2,Take 2 (clean),clean,19.266666667,1.823152625,0.7619033783,HOLD,Holding,4,FALSE
vid2,Take 2 (clean),clean,19.3,1.732607602,0.7771608073,HOLD,Holding,4,FALSE
vid2,Take 2 (clean),clean,19.333333333,1.52440709,0.7758198384,HOLD,Holding,4,FALSE
vid2,Take 2 (clean),clean,19.366666667,1.472398632,0.7645651635,HOLD,Holding,4,FALSE
vid2,Take 2 (clean),clean,19.4,1.427191809,0.7703780937,HOLD,Holding,4,FALSE
vid2,Take 2 (clean),clean,19.433333333,1.377056864,0.781832581,HOLD,Holding,4,FALSE
vid2,Take 2 (clean),clean,19.466666667,1.402214799,0.7694193902,HOLD,Holding,4,FALSE
vid2,Take 2 (clean),clean,19.5,1.370646023,0.7606505719,HOLD,Holding,4,FALSE
vid2,Take 2 (clean),clean,19.533333333,1.388704311,0.7626289348,HOLD,Holding,4,FALSE
vid2,Take 2 (clean),clean,19.566666667,1.350479523,0.7679577413,HOLD,Holding,4,FALSE
vid2,Take 2 (clean),clean,19.6,1.351675993,0.7723465059,HOLD,Holding,4,FALSE
vid2,Take 2 (clean),clean,19.633333333,1.369754415,0.7739388095,HOLD,Holding,4,FALSE
vid2,Take 2 (clean),clean,19.666666667,1.086480783,0.7273798685,HOLD,Holding,4,FALSE
vid2,Take 2 (clean),clean,19.7,0.7846709129,0.6875467628,HOLD,Holding,4,FALSE
vid2,Take 2 (clean),clean,19.733333333,0.4560564767,0.6726946164,HOLD,Holding,4,FALSE
vid2,Take 2 (clean),clean,19.766666667,0.284655392,0.6787932884,HOLD,Holding,4,FALSE
vid2,Take 2 (clean),clean,19.8,0.1083383011,0.6713637326,HOLD,Holding,4,FALSE
vid2,Take 2 (clean),clean,19.833333333,0.08212614049,0.6632643973,HOLD,Holding,4,FALSE
vid2,Take 2 (clean),clean,19.866666667,0.0875255672,0.6495646233,HOLD,Holding,4,FALSE
vid2,Take 2 (clean),clean,19.9,0.09230619457,0.6407831453,HOLD,Holding,4,FALSE
vid2,Take 2 (clean),clean,19.933333333,0.08520033605,0.643488386,HOLD,Holding,4,FALSE
vid2,Take 2 (clean),clean,19.966666667,0.08340321241,0.6638645983,HOLD,Holding,4,FALSE
vid2,Take 2 (clean),clean,20,0.03325325188,0.6660152,HOLD,Holding,4,FALSE
vid2,Take 2 (clean),clean,20.033333333,0.02631045935,0.6638588981,HOLD,Holding,4,FALSE
vid2,Take 2 (clean),clean,20.066666667,0.1255858326,0.6353424903,HOLD,Holding,4,FALSE
vid2,Take 2 (clean),clean,20.1,0.05019935105,0.6480882038,HOLD,Holding,4,FALSE
vid2,Take 2 (clean),clean,20.133333333,0.05808467889,0.6883718617,HOLD,Holding,4,FALSE
vid2,Take 2 (clean),clean,20.166666667,0.03881424012,0.6970271203,HOLD,Holding,4,FALSE
vid2,Take 2 (clean),clean,20.2,0.06412138868,0.6949070467,HOLD,Holding,4,FALSE
vid2,Take 2 (clean),clean,20.233333333,0.07295851159,0.6802323593,HOLD,Holding,4,FALSE
vid2,Take 2 (clean),clean,20.266666667,0.08627907233,0.7049463156,HOLD,Holding,4,FALSE
vid2,Take 2 (clean),clean,20.3,0.09420514081,0.70700863,HOLD,Holding,4,FALSE
vid2,Take 2 (clean),clean,20.333333333,0.25066437,0.7333774496,HOLD,Holding,4,FALSE
vid2,Take 2 (clean),clean,20.366666667,0.605653393,0.7436492363,HOLD,Holding,4,FALSE
vid2,Take 2 (clean),clean,20.4,0.8894997747,0.7884627722,HOLD,Holding,4,FALSE
vid2,Take 2 (clean),clean,20.433333333,1.270807112,0.8936626445,HOLD,Holding,4,FALSE
vid2,Take 2 (clean),clean,20.466666667,1.518983472,0.9785388458,HOLD,Holding,4,FALSE
vid2,Take 2 (clean),clean,20.5,1.603894186,0.9933474654,HOLD,Holding,4,FALSE
vid2,Take 2 (clean),clean,20.533333333,1.782205843,0.9983537283,RELEASE,Releasing,5,FALSE
vid2,Take 2 (clean),clean,20.566666667,1.709377631,1.082931731,RELEASE,Releasing,5,FALSE
vid2,Take 2 (clean),clean,20.6,1.493135869,1.181849679,RELEASE,Releasing,5,FALSE
vid2,Take 2 (clean),clean,20.633333333,1.139033866,1.269924937,RELEASE,Releasing,5,FALSE
vid2,Take 2 (clean),clean,20.666666667,0.8073299039,1.313165067,RELEASE,Releasing,5,FALSE
vid2,Take 2 (clean),clean,20.7,0.6901337944,1.368410347,RELEASE,Releasing,5,FALSE
vid2,Take 2 (clean),clean,20.733333333,0.5589376545,1.418876576,RELEASE,Releasing,5,FALSE
vid2,Take 2 (clean),clean,20.766666667,0.3061235884,1.451965953,RELEASE,Releasing,5,FALSE
vid2,Take 2 (clean),clean,20.8,0.1691904717,1.396994872,RELEASE,Releasing,5,FALSE
vid2,Take 2 (clean),clean,20.833333333,0.2122984825,1.28231041,RELEASE,Releasing,5,FALSE
vid2,Take 2 (clean),clean,20.866666667,0.3164504584,1.230431564,RELEASE,Releasing,5,FALSE
vid2,Take 2 (clean),clean,20.9,0.4966059431,1.243810777,RELEASE,Releasing,5,FALSE
vid2,Take 2 (clean),clean,20.933333333,0.2657507151,1.257920462,RELEASE,Releasing,5,FALSE
vid2,Take 2 (clean),clean,20.966666667,0.1135732168,1.2931475,RELEASE,Releasing,5,FALSE
vid2,Take 2 (clean),clean,21,0.2310333545,1.29753439,RELEASE,Releasing,5,FALSE
vid2,Take 2 (clean),clean,21.033333333,0.1747917516,1.378101379,RELEASE,Releasing,5,FALSE
vid2,Take 2 (clean),clean,21.066666667,0.5232207394,1.411073681,RELEASE,Releasing,5,FALSE
vid2,Take 2 (clean),clean,21.1,0.4359959654,1.544560858,RELEASE,Releasing,5,FALSE
vid2,Take 2 (clean),clean,21.133333333,0.3676511246,1.58909217,RELEASE,Releasing,5,FALSE
vid2,Take 2 (clean),clean,21.166666667,0.5454994099,1.594104179,RELEASE,Releasing,5,FALSE
vid2,Take 2 (clean),clean,21.2,0.7179674477,1.45601458,RELEASE,Releasing,5,FALSE
vid2,Take 2 (clean),clean,21.233333333,0.4091546743,1.406651595,RELEASE,Releasing,5,FALSE
vid2,Take 2 (clean),clean,21.266666667,0.2206578046,1.401073659,RELEASE,Releasing,5,FALSE
vid2,Take 2 (clean),clean,21.3,0.06750611165,1.34084871,RELEASE,Releasing,5,FALSE
vid2,Take 2 (clean),clean,21.333333333,0.06744840504,1.347458647,RELEASE,Releasing,5,FALSE
vid2,Take 2 (clean),clean,21.366666667,0.1130856747,1.387936946,RELEASE,Releasing,5,FALSE
vid2,Take 2 (clean),clean,21.4,0.3258410245,1.391386216,RELEASE,Releasing,5,FALSE
vid2,Take 2 (clean),clean,21.433333333,0.6448966218,1.342372077,RELEASE,Releasing,5,FALSE
vid2,Take 2 (clean),clean,21.466666667,0.7270594328,1.381423171,RELEASE,Releasing,5,FALSE
vid2,Take 2 (clean),clean,21.5,0.9481719395,1.409702797,RELEASE,Releasing,5,FALSE
vid2,Take 2 (clean),clean,21.533333333,0.9914588345,1.412635076,RELEASE,Releasing,5,FALSE
vid2,Take 2 (clean),clean,21.566666667,1.123849287,1.438075832,RETRACT,Returning,6,FALSE
vid2,Take 2 (clean),clean,21.6,1.248225231,1.449013881,RETRACT,Returning,6,FALSE
vid2,Take 2 (clean),clean,21.633333333,1.239150629,1.433680101,RETRACT,Returning,6,FALSE
vid2,Take 2 (clean),clean,21.666666667,1.432020809,1.376877896,RETRACT,Returning,6,FALSE
vid2,Take 2 (clean),clean,21.7,1.753455057,1.348342548,RETRACT,Returning,6,FALSE
vid2,Take 2 (clean),clean,21.733333333,1.991510747,1.352248503,RETRACT,Returning,6,FALSE
vid2,Take 2 (clean),clean,21.766666667,2.039553072,1.352164883,RETRACT,Returning,6,FALSE
vid2,Take 2 (clean),clean,21.8,2.070446826,1.306535819,RETRACT,Returning,6,FALSE
vid2,Take 2 (clean),clean,21.833333333,2.237296197,1.292346682,RETRACT,Returning,6,FALSE
vid2,Take 2 (clean),clean,21.866666667,2.396379927,1.30134859,RETRACT,Returning,6,FALSE
vid2,Take 2 (clean),clean,21.9,2.741503458,1.334380672,RETRACT,Returning,6,FALSE
vid2,Take 2 (clean),clean,21.933333333,2.944815397,1.329548152,RETRACT,Returning,6,FALSE
vid2,Take 2 (clean),clean,21.966666667,3.09879927,1.297268697,RETRACT,Returning,6,FALSE
vid2,Take 2 (clean),clean,22,3.187390017,1.275429059,RETRACT,Returning,6,FALSE
vid2,Take 2 (clean),clean,22.033333333,3.183410441,1.316074569,RETRACT,Returning,6,FALSE
vid2,Take 2 (clean),clean,22.066666667,3.142768295,1.353566317,RETRACT,Returning,6,FALSE
vid2,Take 2 (clean),clean,22.1,3.091947464,1.330896031,RETRACT,Returning,6,FALSE
vid2,Take 2 (clean),clean,22.133333333,3.124017688,1.292894474,RETRACT,Returning,6,FALSE
vid2,Take 2 (clean),clean,22.166666667,3.128633302,1.257444648,RETRACT,Returning,6,FALSE
vid2,Take 2 (clean),clean,22.2,3.158117714,1.222089298,RETRACT,Returning,6,FALSE
vid2,Take 2 (clean),clean,22.233333333,3.276877491,1.177931631,RETRACT,Returning,6,FALSE
vid2,Take 2 (clean),clean,22.266666667,3.387399162,1.132767442,RETRACT,Returning,6,FALSE
vid2,Take 2 (clean),clean,22.3,3.530763971,1.103396372,RETRACT,Returning,6,FALSE
vid2,Take 2 (clean),clean,22.333333333,3.371088413,1.106943291,RETRACT,Returning,6,FALSE
vid2,Take 2 (clean),clean,22.366666667,3.000117714,1.145914569,RETRACT,Returning,6,FALSE
vid2,Take 2 (clean),clean,22.4,2.852859227,1.146787182,RETRACT,Returning,6,FALSE
vid2,Take 2 (clean),clean,22.433333333,2.948464425,1.105981392,RETRACT,Returning,6,FALSE
vid2,Take 2 (clean),clean,22.466666667,3.102885354,1.081097931,RETRACT,Returning,6,FALSE
vid2,Take 2 (clean),clean,22.5,3.174758433,1.080918334,RETRACT,Returning,6,FALSE
vid2,Take 2 (clean),clean,22.533333333,3.124518458,1.07637451,RETRACT,Returning,6,FALSE
vid2,Take 2 (clean),clean,22.566666667,2.895538804,1.060339214,RETRACT,Returning,6,FALSE
vid2,Take 2 (clean),clean,22.6,2.497865264,1.052438307,RETRACT,Returning,6,FALSE
vid2,Take 2 (clean),clean,22.633333333,2.1314235,1.039872622,RETRACT,Returning,6,FALSE
vid2,Take 2 (clean),clean,22.666666667,1.745428651,1.037883526,RETRACT,Returning,6,FALSE
vid2,Take 2 (clean),clean,22.7,1.627188975,1.070679803,RETRACT,Returning,6,FALSE
vid2,Take 2 (clean),clean,22.733333333,1.578396278,1.109570438,RETRACT,Returning,6,FALSE
vid2,Take 2 (clean),clean,22.766666667,1.784488027,1.113189436,RETRACT,Returning,6,FALSE
vid2,Take 2 (clean),clean,22.8,1.619657452,1.096610442,RETRACT,Returning,6,FALSE
vid2,Take 2 (clean),clean,22.833333333,1.218157429,1.039786639,RETRACT,Returning,6,FALSE
vid2,Take 2 (clean),clean,22.866666667,0.8844675617,1.03255929,RETRACT,Returning,6,FALSE
vid2,Take 2 (clean),clean,22.9,0.4882920364,1.038477447,RETRACT,Returning,6,FALSE
vid2,Take 2 (clean),clean,22.933333333,0.5394652345,1.081678344,RETRACT,Returning,6,FALSE
vid2,Take 2 (clean),clean,22.966666667,0.3490719612,1.099781483,REST,At rest,1,FALSE
vid2,Take 2 (clean),clean,23,0.0659949351,1.123563763,REST,At rest,1,FALSE
vid2,Take 2 (clean),clean,23.033333333,0.003333633466,1.110269917,REST,At rest,1,FALSE
vid2,Take 2 (clean),clean,23.066666667,0.07539439442,1.104323698,REST,At rest,1,FALSE
vid2,Take 2 (clean),clean,23.1,0.3324695226,1.10066035,REST,At rest,1,FALSE
vid2,Take 2 (clean),clean,23.133333333,0.3989019822,1.109108968,REST,At rest,1,FALSE
vid2,Take 2 (clean),clean,23.166666667,0.1570394122,1.115980029,REST,At rest,1,FALSE
vid2,Take 2 (clean),clean,23.2,0.1746271386,1.110308828,REST,At rest,1,FALSE
vid2,Take 2 (clean),clean,23.233333333,0.2537756425,1.103537833,REST,At rest,1,FALSE
vid2,Take 2 (clean),clean,23.266666667,0.09461490583,1.095439149,REST,At rest,1,FALSE
vid2,Take 2 (clean),clean,23.3,0.0819108365,1.102950643,REST,At rest,1,FALSE
vid2,Take 2 (clean),clean,23.333333333,0.1441778883,1.09909356,REST,At rest,1,FALSE
vid2,Take 2 (clean),clean,23.366666667,0.1484144021,1.108528476,REST,At rest,1,FALSE
vid2,Take 2 (clean),clean,23.4,0.04256000184,1.090887191,REST,At rest,1,FALSE
vid2,Take 2 (clean),clean,23.433333333,0.158788618,1.095494938,REST,At rest,1,FALSE
vid2,Take 2 (clean),clean,23.466666667,0.2307696776,1.087580187,REST,At rest,1,FALSE
vid2,Take 2 (clean),clean,23.5,0.2340204824,1.10376125,REST,At rest,1,FALSE
vid2,Take 2 (clean),clean,23.533333333,0.1380929735,1.106932361,REST,At rest,1,FALSE
vid2,Take 2 (clean),clean,23.566666667,0.3118369504,1.125501402,REST,At rest,1,FALSE
vid2,Take 2 (clean),clean,23.6,0.07214145577,1.126996315,REST,At rest,1,FALSE
vid2,Take 2 (clean),clean,23.633333333,0.2578274883,1.123332645,REST,At rest,1,FALSE
vid2,Take 2 (clean),clean,23.666666667,0.02724220788,1.111769959,REST,At rest,1,FALSE
vid2,Take 2 (clean),clean,23.7,0.2357672632,1.101739036,REST,At rest,1,FALSE
vid2,Take 2 (clean),clean,23.733333333,0.146131798,1.099052639,REST,At rest,1,FALSE
vid2,Take 2 (clean),clean,23.766666667,0.1098315768,1.104713068,REST,At rest,1,FALSE
vid2,Take 2 (clean),clean,23.8,0.09890774929,1.104971305,REST,At rest,1,FALSE
vid2,Take 2 (clean),clean,23.833333333,0.3957721015,1.118258527,REST,At rest,1,FALSE
vid2,Take 2 (clean),clean,23.866666667,0.1462351395,1.121449587,REST,At rest,1,FALSE
vid2,Take 2 (clean),clean,23.9,0.09667367239,1.104956546,REST,At rest,1,FALSE
vid2,Take 2 (clean),clean,23.933333333,0.1156758316,1.087042359,REST,At rest,1,FALSE
vid2,Take 2 (clean),clean,23.966666667,0.09419500508,1.091783565,REST,At rest,1,FALSE
vid2,Take 2 (clean),clean,24,0.2892204192,1.119341395,REST,At rest,1,FALSE
vid2,Take 2 (clean),clean,24.033333333,0.1685505178,1.1172983,REST,At rest,1,FALSE
vid2,Take 2 (clean),clean,24.066666667,0.2145560265,1.121030835,REST,At rest,1,FALSE
vid2,Take 2 (clean),clean,24.1,0.3423627599,1.10703338,REST,At rest,1,FALSE
vid2,Take 2 (clean),clean,24.133333333,0.08720029328,1.104747958,REST,At rest,1,FALSE
vid2,Take 2 (clean),clean,24.166666667,0.1214578635,1.109660486,REST,At rest,1,FALSE
vid2,Take 2 (clean),clean,24.2,0.0802810484,1.119423704,REST,At rest,1,FALSE
vid2,Take 2 (clean),clean,24.233333333,0.1680560133,1.112759405,REST,At rest,1,FALSE
vid2,Take 2 (clean),clean,24.266666667,0.07097821312,1.11533398,REST,At rest,1,FALSE
vid2,Take 2 (clean),clean,24.3,0.1145328309,1.112901273,REST,At rest,1,FALSE
vid2,Take 2 (clean),clean,24.333333333,0.07932615198,1.09799748,REST,At rest,1,FALSE
vid2,Take 2 (clean),clean,24.366666667,0.1463499885,1.104684993,REST,At rest,1,FALSE
vid2,Take 2 (clean),clean,24.4,0.07928564294,1.121121236,REST,At rest,1,FALSE
vid2,Take 2 (clean),clean,24.433333333,0.08395351893,1.113067242,REST,At rest,1,FALSE
vid2,Take 2 (clean),clean,24.466666667,0.1047498111,1.097511021,REST,At rest,1,FALSE
vid2,Take 2 (clean),clean,24.5,0.05663127207,1.096758079,REST,At rest,1,FALSE
vid2,Take 2 (clean),clean,24.533333333,0.1920054198,1.099912714,REST,At rest,1,FALSE
vid2,Take 2 (clean),clean,24.566666667,0.06601005401,1.109608179,REST,At rest,1,FALSE
vid2,Take 2 (clean),clean,24.6,0.4009692948,1.102537525,REST,At rest,1,FALSE
vid2,Take 2 (clean),clean,24.633333333,0.3462873687,1.113614589,REST,At rest,1,FALSE
vid2,Take 2 (clean),clean,24.666666667,0.1827592855,1.116425088,REST,At rest,1,FALSE
vid2,Take 2 (clean),clean,24.7,0.04811934445,1.135354915,REST,At rest,1,FALSE
vid2,Take 2 (clean),clean,24.733333333,0.1434649064,1.108279408,REST,At rest,1,FALSE
vid2,Take 2 (clean),clean,24.766666667,0.1073361838,1.099041418,REST,At rest,1,FALSE
vid2,Take 2 (clean),clean,24.8,0.2495828366,1.087879067,REST,At rest,1,FALSE
vid2,Take 2 (clean),clean,24.833333333,0.408023834,1.111404098,REST,At rest,1,FALSE
vid2,Take 2 (clean),clean,24.866666667,0.2372292824,1.10759258,REST,At rest,1,FALSE
vid2,Take 2 (clean),clean,24.9,0.1329775251,1.110914757,REST,At rest,1,FALSE
vid2,Take 2 (clean),clean,24.933333333,0.1608340013,1.117382277,REST,At rest,1,FALSE
vid2,Take 2 (clean),clean,24.966666667,0.1061554407,1.133841785,REST,At rest,1,FALSE
vid2,Take 2 (clean),clean,25,0.03531155335,1.115554361,REST,At rest,1,FALSE
vid2,Take 2 (clean),clean,25.033333333,0.1825053002,1.11102895,REST,At rest,1,FALSE
vid2,Take 2 (clean),clean,25.066666667,0.2243026005,1.108288731,REST,At rest,1,FALSE
vid2,Take 2 (clean),clean,25.1,0.1106592133,1.102417101,REST,At rest,1,FALSE
vid2,Take 2 (clean),clean,25.133333333,0.1365058043,1.099671595,REST,At rest,1,FALSE
vid2,Take 2 (clean),clean,25.166666667,0.04333848388,1.104419214,REST,At rest,1,FALSE
vid2,Take 2 (clean),clean,25.2,0.1656521687,1.123462747,REST,At rest,1,FALSE
vid2,Take 2 (clean),clean,25.233333333,0.04691703835,1.125441651,REST,At rest,1,FALSE
vid2,Take 2 (clean),clean,25.266666667,0.0516134832,1.135675743,REST,At rest,1,FALSE
vid2,Take 2 (clean),clean,25.3,0.2434018627,1.123701222,REST,At rest,1,FALSE
vid2,Take 2 (clean),clean,25.333333333,0.1125525686,1.125494199,REST,At rest,1,FALSE
vid2,Take 2 (clean),clean,25.366666667,0.06879118742,1.108731799,REST,At rest,1,FALSE
vid2,Take 2 (clean),clean,25.4,0.2770561377,1.112873295,REST,At rest,1,FALSE
vid2,Take 2 (clean),clean,25.433333333,0.1043040887,1.116530923,REST,At rest,1,FALSE
vid2,Take 2 (clean),clean,25.466666667,0.2052139165,1.128615641,REST,At rest,1,FALSE
vid2,Take 2 (clean),clean,25.5,0.1717618283,1.129748773,REST,At rest,1,FALSE
vid2,Take 2 (clean),clean,25.533333333,0.0883572843,1.125635698,REST,At rest,1,FALSE
vid2,Take 2 (clean),clean,25.566666667,0.07809043711,1.12191164,REST,At rest,1,FALSE
vid2,Take 2 (clean),clean,25.6,0.06444163254,1.112251707,REST,At rest,1,FALSE
vid2,Take 2 (clean),clean,25.633333333,0.09655932211,1.112984157,REST,At rest,1,FALSE
vid2,Take 2 (clean),clean,25.666666667,0.07966133943,1.113988407,REST,At rest,1,FALSE
vid2,Take 2 (clean),clean,25.7,0.124476609,1.121736161,REST,At rest,1,FALSE
vid2,Take 2 (clean),clean,25.733333333,0.101333501,1.124143386,REST,At rest,1,FALSE
vid2,Take 2 (clean),clean,25.766666667,0.0215055869,1.112829625,REST,At rest,1,FALSE
vid2,Take 2 (clean),clean,25.8,0.09182771416,1.109262366,REST,At rest,1,FALSE
vid2,Take 2 (clean),clean,25.833333333,0.1778741474,1.119298803,REST,At rest,1,FALSE
vid2,Take 2 (clean),clean,25.866666667,0.293828885,1.130896758,REST,At rest,1,FALSE
vid2,Take 2 (clean),clean,25.9,0.4707469446,1.131853657,REST,At rest,1,FALSE
vid2,Take 2 (clean),clean,25.933333333,0.5751184616,1.135436759,REST,At rest,1,FALSE
vid2,Take 2 (clean),clean,25.966666667,0.7496002107,1.091222325,REST,At rest,1,FALSE
vid2,Take 2 (clean),clean,26,1.286880005,1.012314426,REST,At rest,1,FALSE
vid2,Take 2 (clean),clean,26.033333333,2.081735402,0.9522537309,REST,At rest,1,FALSE
vid2,Take 2 (clean),clean,26.066666667,2.977051619,0.9410698105,REACH,Reaching,2,FALSE
vid2,Take 2 (clean),clean,26.1,3.887435634,0.9867668654,REACH,Reaching,2,FALSE
vid2,Take 2 (clean),clean,26.133333333,4.342542723,1.048945358,REACH,Reaching,2,FALSE
vid2,Take 2 (clean),clean,26.166666667,4.54029516,1.071824454,REACH,Reaching,2,FALSE
vid2,Take 2 (clean),clean,26.2,4.646775911,1.047561214,REACH,Reaching,2,FALSE
vid2,Take 2 (clean),clean,26.233333333,4.747171422,1.02544662,REACH,Reaching,2,FALSE
vid2,Take 2 (clean),clean,26.266666667,4.807628721,1.022764465,REACH,Reaching,2,FALSE
vid2,Take 2 (clean),clean,26.3,4.753694989,1.029846949,REACH,Reaching,2,FALSE
vid2,Take 2 (clean),clean,26.333333333,4.70157239,1.080175922,REACH,Reaching,2,FALSE
vid2,Take 2 (clean),clean,26.366666667,4.66419166,1.134131288,REACH,Reaching,2,FALSE
vid2,Take 2 (clean),clean,26.4,4.556332422,1.162457787,REACH,Reaching,2,FALSE
vid2,Take 2 (clean),clean,26.433333333,4.344815527,1.147587435,REACH,Reaching,2,FALSE
vid2,Take 2 (clean),clean,26.466666667,4.073421379,1.150527458,REACH,Reaching,2,FALSE
vid2,Take 2 (clean),clean,26.5,3.802682434,1.168210254,REACH,Reaching,2,FALSE
vid2,Take 2 (clean),clean,26.533333333,3.66966874,1.184612093,REACH,Reaching,2,FALSE
vid2,Take 2 (clean),clean,26.566666667,3.527664994,1.16927961,REACH,Reaching,2,FALSE
vid2,Take 2 (clean),clean,26.6,3.342226508,1.173569289,REACH,Reaching,2,FALSE
vid2,Take 2 (clean),clean,26.633333333,3.147790188,1.179458776,REACH,Reaching,2,FALSE
vid2,Take 2 (clean),clean,26.666666667,2.972071947,1.19921916,REACH,Reaching,2,FALSE
vid2,Take 2 (clean),clean,26.7,2.787945235,1.20284347,REACH,Reaching,2,FALSE
vid2,Take 2 (clean),clean,26.733333333,2.60164603,1.211153521,REACH,Reaching,2,FALSE
vid2,Take 2 (clean),clean,26.766666667,2.447574871,1.202152328,REACH,Reaching,2,FALSE
vid2,Take 2 (clean),clean,26.8,2.321839812,1.203840476,REACH,Reaching,2,FALSE
vid2,Take 2 (clean),clean,26.833333333,2.237628796,1.233854036,REACH,Reaching,2,FALSE
vid2,Take 2 (clean),clean,26.866666667,2.018551192,1.258452691,REACH,Reaching,2,FALSE
vid2,Take 2 (clean),clean,26.9,1.69576198,1.276557686,REACH,Reaching,2,FALSE
vid2,Take 2 (clean),clean,26.933333333,1.488418204,1.278808206,REACH,Reaching,2,FALSE
vid2,Take 2 (clean),clean,26.966666667,1.550693745,1.260869433,REACH,Reaching,2,FALSE
vid2,Take 2 (clean),clean,27,1.64360002,1.160003854,REACH,Reaching,2,FALSE
vid2,Take 2 (clean),clean,27.033333333,1.648363647,1.059373147,REACH,Reaching,2,FALSE
vid2,Take 2 (clean),clean,27.066666667,1.400992641,0.9626888087,GRASP,Grasping,3,FALSE
vid2,Take 2 (clean),clean,27.1,1.395256329,0.8853330986,GRASP,Grasping,3,FALSE
vid2,Take 2 (clean),clean,27.133333333,1.437511852,0.8387586406,GRASP,Grasping,3,FALSE
vid2,Take 2 (clean),clean,27.166666667,1.465325115,0.8273489198,GRASP,Grasping,3,FALSE
vid2,Take 2 (clean),clean,27.2,1.327929673,0.7974353524,GRASP,Grasping,3,FALSE
vid2,Take 2 (clean),clean,27.233333333,0.9008068488,0.7116622855,GRASP,Grasping,3,FALSE
vid2,Take 2 (clean),clean,27.266666667,0.7757849805,0.6503198675,GRASP,Grasping,3,FALSE
vid2,Take 2 (clean),clean,27.3,0.4970841351,0.6238546371,GRASP,Grasping,3,FALSE
vid2,Take 2 (clean),clean,27.333333333,0.2385378778,0.6265332419,GRASP,Grasping,3,FALSE
vid2,Take 2 (clean),clean,27.366666667,0.3641766008,0.6099186713,GRASP,Grasping,3,FALSE
vid2,Take 2 (clean),clean,27.4,0.3767036377,0.5608647322,GRASP,Grasping,3,FALSE
vid2,Take 2 (clean),clean,27.433333333,0.3181240361,0.5300293939,GRASP,Grasping,3,FALSE
vid2,Take 2 (clean),clean,27.466666667,0.1603893481,0.5206248862,GRASP,Grasping,3,FALSE
vid2,Take 2 (clean),clean,27.5,0.0905834229,0.5232242576,GRASP,Grasping,3,FALSE
vid2,Take 2 (clean),clean,27.533333333,0.1396665344,0.5093953769,GRASP,Grasping,3,FALSE
vid2,Take 2 (clean),clean,27.566666667,0.1249204246,0.5117051183,GRASP,Grasping,3,FALSE
vid2,Take 2 (clean),clean,27.6,0.170534315,0.5255148091,GRASP,Grasping,3,FALSE
vid2,Take 2 (clean),clean,27.633333333,0.13839486,0.5316474053,GRASP,Grasping,3,FALSE
vid2,Take 2 (clean),clean,27.666666667,0.1717184786,0.5338158131,GRASP,Grasping,3,FALSE
vid2,Take 2 (clean),clean,27.7,0.1938377268,0.5283211129,GRASP,Grasping,3,FALSE
vid2,Take 2 (clean),clean,27.733333333,0.2004705171,0.5355373133,GRASP,Grasping,3,FALSE
vid2,Take 2 (clean),clean,27.766666667,0.1813520965,0.5304849085,GRASP,Grasping,3,FALSE
vid2,Take 2 (clean),clean,27.8,0.2171367512,0.5268722599,GRASP,Grasping,3,FALSE
vid2,Take 2 (clean),clean,27.833333333,0.1046697356,0.5205087754,GRASP,Grasping,3,FALSE
vid2,Take 2 (clean),clean,27.866666667,0.07774287141,0.5304760527,GRASP,Grasping,3,FALSE
vid2,Take 2 (clean),clean,27.9,0.03220106719,0.530974726,GRASP,Grasping,3,FALSE
vid2,Take 2 (clean),clean,27.933333333,0.06861582033,0.5356035098,GRASP,Grasping,3,FALSE
vid2,Take 2 (clean),clean,27.966666667,0.1847422422,0.545127168,GRASP,Grasping,3,FALSE
vid2,Take 2 (clean),clean,28,0.4319437503,0.5532906476,GRASP,Grasping,3,FALSE
vid2,Take 2 (clean),clean,28.033333333,0.7930706511,0.5590376947,GRASP,Grasping,3,FALSE
vid2,Take 2 (clean),clean,28.066666667,1.119563943,0.5658846,GRASP,Grasping,3,FALSE
vid2,Take 2 (clean),clean,28.1,1.389119464,0.575372178,GRASP,Grasping,3,FALSE
vid2,Take 2 (clean),clean,28.133333333,1.698186479,0.5669998183,GRASP,Grasping,3,FALSE
vid2,Take 2 (clean),clean,28.166666667,2.179889328,0.5702527366,GRASP,Grasping,3,FALSE
vid2,Take 2 (clean),clean,28.2,2.85325018,0.5987677302,GRASP,Grasping,3,FALSE
vid2,Take 2 (clean),clean,28.233333333,3.43438028,0.6628104652,GRASP,Grasping,3,FALSE
vid2,Take 2 (clean),clean,28.266666667,3.903726801,0.7113746405,GRASP,Grasping,3,FALSE
vid2,Take 2 (clean),clean,28.3,4.219907212,0.737906852,GRASP,Grasping,3,FALSE
vid2,Take 2 (clean),clean,28.333333333,4.381713194,0.7367722788,GRASP,Grasping,3,FALSE
vid2,Take 2 (clean),clean,28.366666667,4.42671439,0.7419647575,GRASP,Grasping,3,FALSE
vid2,Take 2 (clean),clean,28.4,4.324896752,0.7570919921,GRASP,Grasping,3,FALSE
vid2,Take 2 (clean),clean,28.433333333,3.974750395,0.7996181851,GRASP,Grasping,3,FALSE
vid2,Take 2 (clean),clean,28.466666667,3.45421068,0.8171727757,GRASP,Grasping,3,FALSE
vid2,Take 2 (clean),clean,28.5,2.777459874,0.8365286417,GRASP,Grasping,3,FALSE
vid2,Take 2 (clean),clean,28.533333333,2.02964057,0.8220299363,GRASP,Grasping,3,FALSE
vid2,Take 2 (clean),clean,28.566666667,1.363264479,0.7918831383,GRASP,Grasping,3,FALSE
vid2,Take 2 (clean),clean,28.6,0.8833351129,0.7234378609,HOLD,Holding,4,FALSE
vid2,Take 2 (clean),clean,28.633333333,0.6305875579,0.6975524517,HOLD,Holding,4,FALSE
vid2,Take 2 (clean),clean,28.666666667,0.5539487016,0.7248761561,HOLD,Holding,4,FALSE
vid2,Take 2 (clean),clean,28.7,0.6140414273,0.7841876389,HOLD,Holding,4,FALSE
vid2,Take 2 (clean),clean,28.733333333,0.5955642131,0.8155038473,HOLD,Holding,4,FALSE
vid2,Take 2 (clean),clean,28.766666667,0.5144473677,0.8037043549,HOLD,Holding,4,FALSE
vid2,Take 2 (clean),clean,28.8,0.4343888251,0.77574067,HOLD,Holding,4,FALSE
vid2,Take 2 (clean),clean,28.833333333,0.2939550439,0.7641808227,HOLD,Holding,4,FALSE
vid2,Take 2 (clean),clean,28.866666667,0.2382527253,0.7846288697,HOLD,Holding,4,FALSE
vid2,Take 2 (clean),clean,28.9,0.2890039467,0.8090501701,HOLD,Holding,4,FALSE
vid2,Take 2 (clean),clean,28.933333333,0.117744661,0.831623373,HOLD,Holding,4,FALSE
vid2,Take 2 (clean),clean,28.966666667,0.0991455741,0.860468284,HOLD,Holding,4,FALSE
vid2,Take 2 (clean),clean,29,0.1699401049,0.8683763,HOLD,Holding,4,FALSE
vid2,Take 2 (clean),clean,29.033333333,0.2295466408,0.8548515888,HOLD,Holding,4,FALSE
vid2,Take 2 (clean),clean,29.066666667,0.08729355197,0.832674059,HOLD,Holding,4,FALSE
vid2,Take 2 (clean),clean,29.1,0.09477855804,0.8429255089,HOLD,Holding,4,FALSE
vid2,Take 2 (clean),clean,29.133333333,0.1078984362,0.8522506988,HOLD,Holding,4,FALSE
vid2,Take 2 (clean),clean,29.166666667,0.06771935487,0.856676021,HOLD,Holding,4,FALSE
vid2,Take 2 (clean),clean,29.2,0.07845230206,0.8479417438,HOLD,Holding,4,FALSE
vid2,Take 2 (clean),clean,29.233333333,0.1472888709,0.8548683329,HOLD,Holding,4,FALSE
vid2,Take 2 (clean),clean,29.266666667,0.208676324,0.8791171294,HOLD,Holding,4,FALSE
vid2,Take 2 (clean),clean,29.3,0.153470195,0.8576813294,HOLD,Holding,4,FALSE
vid2,Take 2 (clean),clean,29.333333333,0.1828996045,0.8303389014,HOLD,Holding,4,FALSE
vid2,Take 2 (clean),clean,29.366666667,0.2563419276,0.8162062181,HOLD,Holding,4,FALSE
vid2,Take 2 (clean),clean,29.4,0.3170617222,0.8603424455,HOLD,Holding,4,FALSE
vid2,Take 2 (clean),clean,29.433333333,0.3712095512,0.8978918423,HOLD,Holding,4,FALSE
vid2,Take 2 (clean),clean,29.466666667,0.5973376559,0.9340889465,HOLD,Holding,4,FALSE
vid2,Take 2 (clean),clean,29.5,0.7552599459,0.9019246324,HOLD,Holding,4,FALSE
vid2,Take 2 (clean),clean,29.533333333,0.8595299212,0.8362021825,HOLD,Holding,4,FALSE
vid2,Take 2 (clean),clean,29.566666667,0.9876140667,0.7800653939,HOLD,Holding,4,FALSE
vid2,Take 2 (clean),clean,29.6,1.089791626,0.7805967569,HOLD,Holding,4,FALSE
vid2,Take 2 (clean),clean,29.633333333,1.252479676,0.8009403082,HOLD,Holding,4,FALSE
vid2,Take 2 (clean),clean,29.666666667,1.326364468,0.8076096588,HOLD,Holding,4,FALSE
vid2,Take 2 (clean),clean,29.7,1.42271109,0.8005001743,HOLD,Holding,4,FALSE
vid2,Take 2 (clean),clean,29.733333333,1.454051013,0.7759133774,HOLD,Holding,4,FALSE
vid2,Take 2 (clean),clean,29.766666667,1.38116506,0.7644070181,HOLD,Holding,4,FALSE
vid2,Take 2 (clean),clean,29.8,1.285757543,0.7563261657,HOLD,Holding,4,FALSE
vid2,Take 2 (clean),clean,29.833333333,1.163076599,0.7586077684,HOLD,Holding,4,FALSE
vid2,Take 2 (clean),clean,29.866666667,1.086154833,0.771941327,HOLD,Holding,4,FALSE
vid2,Take 2 (clean),clean,29.9,0.9184752028,0.7947085668,HOLD,Holding,4,FALSE
vid2,Take 2 (clean),clean,29.933333333,0.8157028439,0.8094077815,HOLD,Holding,4,FALSE
vid2,Take 2 (clean),clean,29.966666667,0.6738301738,0.8123740167,HOLD,Holding,4,FALSE
vid2,Take 2 (clean),clean,30,0.7043104733,0.8180719155,HOLD,Holding,4,FALSE
vid2,Take 2 (clean),clean,30.033333333,0.7207309831,0.8061487553,HOLD,Holding,4,FALSE
vid2,Take 2 (clean),clean,30.066666667,0.6862752083,0.7936084301,HOLD,Holding,4,FALSE
vid2,Take 2 (clean),clean,30.1,0.7641039782,0.7790132348,HOLD,Holding,4,FALSE
vid2,Take 2 (clean),clean,30.133333333,0.812078805,0.7822714405,HOLD,Holding,4,FALSE
vid2,Take 2 (clean),clean,30.166666667,0.9426882072,0.782844999,HOLD,Holding,4,FALSE
vid2,Take 2 (clean),clean,30.2,0.9815288597,0.7724723417,HOLD,Holding,4,FALSE
vid2,Take 2 (clean),clean,30.233333333,1.001390656,0.7374574258,HOLD,Holding,4,FALSE
vid2,Take 2 (clean),clean,30.266666667,1.009884339,0.7105038511,HOLD,Holding,4,FALSE
vid2,Take 2 (clean),clean,30.3,1.015858323,0.6902540985,HOLD,Holding,4,FALSE
vid2,Take 2 (clean),clean,30.333333333,0.9798975117,0.6680959578,HOLD,Holding,4,FALSE
vid2,Take 2 (clean),clean,30.366666667,0.9706084811,0.6484173266,HOLD,Holding,4,FALSE
vid2,Take 2 (clean),clean,30.4,0.923428546,0.630078893,HOLD,Holding,4,FALSE
vid2,Take 2 (clean),clean,30.433333333,0.8546635723,0.6289649576,HOLD,Holding,4,FALSE
vid2,Take 2 (clean),clean,30.466666667,0.8493262032,0.6261685199,HOLD,Holding,4,FALSE
vid2,Take 2 (clean),clean,30.5,0.8980991383,0.6314989089,HOLD,Holding,4,FALSE
vid2,Take 2 (clean),clean,30.533333333,1.040509227,0.6226201774,HOLD,Holding,4,FALSE
vid2,Take 2 (clean),clean,30.566666667,1.335432976,0.6228455994,HOLD,Holding,4,FALSE
vid2,Take 2 (clean),clean,30.6,1.621152468,0.6466286598,HOLD,Holding,4,FALSE
vid2,Take 2 (clean),clean,30.633333333,1.900202433,0.6913141292,HOLD,Holding,4,FALSE
vid2,Take 2 (clean),clean,30.666666667,2.021714038,0.7065314929,HOLD,Holding,4,FALSE
vid2,Take 2 (clean),clean,30.7,1.7465799,0.6857903861,HOLD,Holding,4,FALSE
vid2,Take 2 (clean),clean,30.733333333,1.331838374,0.6532460593,HOLD,Holding,4,FALSE
vid2,Take 2 (clean),clean,30.766666667,0.7441558627,0.6185315367,HOLD,Holding,4,FALSE
vid2,Take 2 (clean),clean,30.8,0.3179698439,0.5901777139,HOLD,Holding,4,FALSE
vid2,Take 2 (clean),clean,30.833333333,0.142910678,0.5803580851,HOLD,Holding,4,FALSE
vid2,Take 2 (clean),clean,30.866666667,0.07816259744,0.5909154185,HOLD,Holding,4,FALSE
vid2,Take 2 (clean),clean,30.9,0.02498595366,0.5949096085,HOLD,Holding,4,FALSE
vid2,Take 2 (clean),clean,30.933333333,0.1559430544,0.5963173542,HOLD,Holding,4,FALSE
vid2,Take 2 (clean),clean,30.966666667,0.1975151579,0.6013641039,HOLD,Holding,4,FALSE
vid2,Take 2 (clean),clean,31,0.1978796793,0.5989429879,HOLD,Holding,4,FALSE
vid2,Take 2 (clean),clean,31.033333333,0.1615665942,0.5943883722,HOLD,Holding,4,FALSE
vid2,Take 2 (clean),clean,31.066666667,0.1216748725,0.5889126044,HOLD,Holding,4,FALSE
vid2,Take 2 (clean),clean,31.1,0.1120804778,0.5818985745,HOLD,Holding,4,FALSE
vid2,Take 2 (clean),clean,31.133333333,0.083569161,0.5727354529,HOLD,Holding,4,FALSE
vid2,Take 2 (clean),clean,31.166666667,0.09111681306,0.5738513819,HOLD,Holding,4,FALSE
vid2,Take 2 (clean),clean,31.2,0.1336268354,0.5912383806,HOLD,Holding,4,FALSE
vid2,Take 2 (clean),clean,31.233333333,0.188653441,0.5941708736,HOLD,Holding,4,FALSE
vid2,Take 2 (clean),clean,31.266666667,0.2257818872,0.5976717369,HOLD,Holding,4,FALSE
vid2,Take 2 (clean),clean,31.3,0.2080400399,0.5927308924,HOLD,Holding,4,FALSE
vid2,Take 2 (clean),clean,31.333333333,0.177384206,0.6071415467,HOLD,Holding,4,FALSE
vid2,Take 2 (clean),clean,31.366666667,0.1696215012,0.6189510887,HOLD,Holding,4,FALSE
vid2,Take 2 (clean),clean,31.4,0.1675227115,0.6286686788,HOLD,Holding,4,FALSE
vid2,Take 2 (clean),clean,31.433333333,0.2199041669,0.6375390851,HOLD,Holding,4,FALSE
vid2,Take 2 (clean),clean,31.466666667,0.3076711834,0.6496052131,HOLD,Holding,4,FALSE
vid2,Take 2 (clean),clean,31.5,0.4008953801,0.6513806706,HOLD,Holding,4,FALSE
vid2,Take 2 (clean),clean,31.533333333,0.6207197367,0.6756086575,HOLD,Holding,4,FALSE
vid2,Take 2 (clean),clean,31.566666667,0.9282223739,0.748154484,HOLD,Holding,4,FALSE
vid2,Take 2 (clean),clean,31.6,1.158756276,0.845768212,HOLD,Holding,4,FALSE
vid2,Take 2 (clean),clean,31.633333333,1.345899962,0.9408495501,HOLD,Holding,4,FALSE
vid2,Take 2 (clean),clean,31.666666667,1.625288519,0.9850531243,RELEASE,Releasing,5,FALSE
vid2,Take 2 (clean),clean,31.7,1.966092279,0.9854543816,RELEASE,Releasing,5,FALSE
vid2,Take 2 (clean),clean,31.733333333,2.504312656,0.9663213481,RELEASE,Releasing,5,FALSE
vid2,Take 2 (clean),clean,31.766666667,3.151414662,0.9746033054,RELEASE,Releasing,5,FALSE
vid2,Take 2 (clean),clean,31.8,3.727477767,0.9401085502,RELEASE,Releasing,5,FALSE
vid2,Take 2 (clean),clean,31.833333333,4.227534817,0.8769636871,RELEASE,Releasing,5,FALSE
vid2,Take 2 (clean),clean,31.866666667,4.594388222,0.8337533245,RETRACT,Returning,6,FALSE
vid2,Take 2 (clean),clean,31.9,4.87828365,0.8495869871,RETRACT,Returning,6,FALSE
vid2,Take 2 (clean),clean,31.933333333,5.131641764,0.8821085584,RETRACT,Returning,6,FALSE
vid2,Take 2 (clean),clean,31.966666667,5.304739917,0.9170254637,RETRACT,Returning,6,FALSE
vid2,Take 2 (clean),clean,32,5.481165386,0.9350329476,RETRACT,Returning,6,FALSE
vid2,Take 2 (clean),clean,32.033333333,5.53032991,0.9758683255,RETRACT,Returning,6,FALSE
vid2,Take 2 (clean),clean,32.066666667,5.490770148,1.016680379,RETRACT,Returning,6,FALSE
vid2,Take 2 (clean),clean,32.1,5.28792854,1.035240386,RETRACT,Returning,6,FALSE
vid2,Take 2 (clean),clean,32.133333333,5.066422709,1.001445236,RETRACT,Returning,6,FALSE
vid2,Take 2 (clean),clean,32.166666667,4.797279096,0.9970209528,RETRACT,Returning,6,FALSE
vid2,Take 2 (clean),clean,32.2,4.486609903,1.004875431,RETRACT,Returning,6,FALSE
vid2,Take 2 (clean),clean,32.233333333,4.116494819,1.023064617,RETRACT,Returning,6,FALSE
vid2,Take 2 (clean),clean,32.266666667,3.373267949,1.030321449,RETRACT,Returning,6,FALSE
vid2,Take 2 (clean),clean,32.3,2.771725066,1.036284943,RETRACT,Returning,6,FALSE
vid2,Take 2 (clean),clean,32.333333333,2.386472321,1.047452527,RETRACT,Returning,6,FALSE
vid2,Take 2 (clean),clean,32.366666667,2.294287413,1.103324947,RETRACT,Returning,6,FALSE
vid2,Take 2 (clean),clean,32.4,2.214012152,1.14080756,RETRACT,Returning,6,FALSE
vid2,Take 2 (clean),clean,32.433333333,1.702860894,1.066054435,RETRACT,Returning,6,FALSE
vid2,Take 2 (clean),clean,32.466666667,1.227843567,0.996941946,RETRACT,Returning,6,FALSE
vid2,Take 2 (clean),clean,32.5,0.3443820204,0.9863989361,REST,At rest,1,FALSE
vid2,Take 2 (clean),clean,32.533333333,0.6447710927,0.9677855019,REST,At rest,1,FALSE
vid2,Take 2 (clean),clean,32.566666667,0.3645015123,0.9436117474,REST,At rest,1,FALSE
vid2,Take 2 (clean),clean,32.6,0.4163058585,0.9736161026,REST,At rest,1,FALSE
vid2,Take 2 (clean),clean,32.633333333,0.8638682575,1.032146789,REST,At rest,1,FALSE
vid2,Take 2 (clean),clean,32.666666667,0.6077476352,1.029291204,REST,At rest,1,FALSE
vid2,Take 2 (clean),clean,32.7,0.2001164906,1.009573678,REST,At rest,1,FALSE
vid2,Take 2 (clean),clean,32.733333333,0.03646271307,0.9912571641,REST,At rest,1,FALSE
vid2,Take 2 (clean),clean,32.766666667,0.04012244764,0.9802328689,REST,At rest,1,FALSE
vid2,Take 2 (clean),clean,32.8,0.1940870664,0.9866798865,REST,At rest,1,FALSE
vid2,Take 2 (clean),clean,32.833333333,0.1424957029,0.9805211683,REST,At rest,1,FALSE
vid2,Take 2 (clean),clean,32.866666667,0.2279535956,0.9943955831,REST,At rest,1,FALSE
vid2,Take 2 (clean),clean,32.9,0.112194752,0.9899889647,REST,At rest,1,FALSE
vid2,Take 2 (clean),clean,32.933333333,0.2421934799,1.001851995,REST,At rest,1,FALSE
vid2,Take 2 (clean),clean,32.966666667,0.2240388051,1.002208168,REST,At rest,1,FALSE
vid2,Take 2 (clean),clean,33,0.1272934164,1.008159699,REST,At rest,1,FALSE
vid2,Take 2 (clean),clean,33.033333333,0.2321365818,0.9954025678,REST,At rest,1,FALSE
vid2,Take 2 (clean),clean,33.066666667,0.4854213508,0.9796530691,REST,At rest,1,FALSE
vid2,Take 2 (clean),clean,33.1,0.3350453615,0.9859713404,REST,At rest,1,FALSE
vid2,Take 2 (clean),clean,33.133333333,0.2297406189,0.9918641928,REST,At rest,1,FALSE
vid2,Take 2 (clean),clean,33.166666667,0.1372570016,0.9931522664,REST,At rest,1,FALSE
vid2,Take 2 (clean),clean,33.2,0.07857053242,0.9669696676,REST,At rest,1,FALSE
vid2,Take 2 (clean),clean,33.233333333,0.1797414266,0.9908243956,REST,At rest,1,FALSE
vid2,Take 2 (clean),clean,33.266666667,0.07849984074,1.003595452,REST,At rest,1,FALSE
vid2,Take 2 (clean),clean,33.3,0.2883665229,1.009522166,REST,At rest,1,FALSE
vid2,Take 2 (clean),clean,33.333333333,0.2612474717,1.005848896,REST,At rest,1,FALSE
vid2,Take 2 (clean),clean,33.366666667,0.1474483307,1.011622761,REST,At rest,1,FALSE
vid2,Take 2 (clean),clean,33.4,0.3643215429,0.9923438308,REST,At rest,1,FALSE
vid2,Take 2 (clean),clean,33.433333333,0.2627237699,0.9826659253,REST,At rest,1,FALSE
vid2,Take 2 (clean),clean,33.466666667,0.03224448068,0.9813142591,REST,At rest,1,FALSE
vid2,Take 2 (clean),clean,33.5,0.2139031122,0.9814869282,REST,At rest,1,FALSE
vid2,Take 2 (clean),clean,33.533333333,0.145873204,0.975174361,REST,At rest,1,FALSE
vid2,Take 2 (clean),clean,33.566666667,0.1202861887,0.9903772412,REST,At rest,1,FALSE
vid2,Take 2 (clean),clean,33.6,0.09389508671,0.9922883927,REST,At rest,1,FALSE
vid2,Take 2 (clean),clean,33.633333333,0.08573237713,1.000145302,REST,At rest,1,FALSE
vid2,Take 2 (clean),clean,33.666666667,0.04734998474,1.012962645,REST,At rest,1,FALSE
vid2,Take 2 (clean),clean,33.7,0.09017126994,1.024891891,REST,At rest,1,FALSE
vid2,Take 2 (clean),clean,33.733333333,0.02605007165,1.002109023,REST,At rest,1,FALSE
vid2,Take 2 (clean),clean,33.766666667,0.1970111245,0.9975497562,REST,At rest,1,FALSE
vid2,Take 2 (clean),clean,33.8,0.3821353015,0.9973358865,REST,At rest,1,FALSE
vid3,Take 3 (clean),clean,0,0.2923320437,0.8159156551,REST,At rest,1,FALSE
vid3,Take 3 (clean),clean,0.03333333333,0.1705145828,0.8060799753,REST,At rest,1,FALSE
vid3,Take 3 (clean),clean,0.06666666667,0.07434346595,0.8037955929,REST,At rest,1,FALSE
vid3,Take 3 (clean),clean,0.1,0.05228725065,0.8113173702,REST,At rest,1,FALSE
vid3,Take 3 (clean),clean,0.1333333333,0.04590888795,0.8178789312,REST,At rest,1,FALSE
vid3,Take 3 (clean),clean,0.1666666667,0.09859529617,0.8115704423,REST,At rest,1,FALSE
vid3,Take 3 (clean),clean,0.2,0.2418029906,0.8040316644,REST,At rest,1,FALSE
vid3,Take 3 (clean),clean,0.2333333333,0.2062098974,0.8050001859,REST,At rest,1,FALSE
vid3,Take 3 (clean),clean,0.2666666667,0.07031104663,0.8173661251,REST,At rest,1,FALSE
vid3,Take 3 (clean),clean,0.3,0.08466419692,0.839848448,REST,At rest,1,FALSE
vid3,Take 3 (clean),clean,0.3333333333,0.1132508516,0.853020525,REST,At rest,1,FALSE
vid3,Take 3 (clean),clean,0.3666666667,0.01171631625,0.8437253881,REST,At rest,1,FALSE
vid3,Take 3 (clean),clean,0.4,0.04982532787,0.8181101025,REST,At rest,1,FALSE
vid3,Take 3 (clean),clean,0.4333333333,0.07023060102,0.8027529982,REST,At rest,1,FALSE
vid3,Take 3 (clean),clean,0.4666666667,0.03684438415,0.795966829,REST,At rest,1,FALSE
vid3,Take 3 (clean),clean,0.5,0.09705770211,0.7982598856,REST,At rest,1,FALSE
vid3,Take 3 (clean),clean,0.5333333333,0.2460147293,0.8026588219,REST,At rest,1,FALSE
vid3,Take 3 (clean),clean,0.5666666667,0.2124274377,0.8113241556,REST,At rest,1,FALSE
vid3,Take 3 (clean),clean,0.6,0.02926852335,0.8127783811,REST,At rest,1,FALSE
vid3,Take 3 (clean),clean,0.6333333333,0.1956557982,0.8017888245,REST,At rest,1,FALSE
vid3,Take 3 (clean),clean,0.6666666667,0.3288643237,0.7968841016,REST,At rest,1,FALSE
vid3,Take 3 (clean),clean,0.7,0.3434579537,0.8150552788,REST,At rest,1,FALSE
vid3,Take 3 (clean),clean,0.7333333333,0.4023538934,0.831623791,REST,At rest,1,FALSE
vid3,Take 3 (clean),clean,0.7666666667,0.4875813157,0.8118793922,REST,At rest,1,FALSE
vid3,Take 3 (clean),clean,0.8,0.7876655597,0.8417160128,REST,At rest,1,FALSE
vid3,Take 3 (clean),clean,0.8333333333,1.047908105,0.8951797121,REST,At rest,1,FALSE
vid3,Take 3 (clean),clean,0.8666666667,1.634593132,0.9587762963,REST,At rest,1,FALSE
vid3,Take 3 (clean),clean,0.9,2.737183962,1.020025935,REACH,Reaching,2,FALSE
vid3,Take 3 (clean),clean,0.9333333333,3.926101431,1.037402199,REACH,Reaching,2,FALSE
vid3,Take 3 (clean),clean,0.9666666667,5.310189343,1.006200409,REACH,Reaching,2,FALSE
vid3,Take 3 (clean),clean,1,6.294255561,0.9242404667,REACH,Reaching,2,FALSE
vid3,Take 3 (clean),clean,1.033333333,6.724939635,0.9391968775,REACH,Reaching,2,FALSE
vid3,Take 3 (clean),clean,1.066666667,6.827703869,0.9469262114,REACH,Reaching,2,FALSE
vid3,Take 3 (clean),clean,1.1,6.711024355,0.9615573669,REACH,Reaching,2,FALSE
vid3,Take 3 (clean),clean,1.133333333,6.468509306,0.9373109696,REACH,Reaching,2,FALSE
vid3,Take 3 (clean),clean,1.166666667,6.251728472,1.023962157,REACH,Reaching,2,FALSE
vid3,Take 3 (clean),clean,1.2,5.893211189,1.164913259,REACH,Reaching,2,FALSE
vid3,Take 3 (clean),clean,1.233333333,5.062338576,1.266486285,REACH,Reaching,2,FALSE
vid3,Take 3 (clean),clean,1.266666667,4.418050914,1.260770718,REACH,Reaching,2,FALSE
vid3,Take 3 (clean),clean,1.3,3.867421536,1.214918192,REACH,Reaching,2,FALSE
vid3,Take 3 (clean),clean,1.333333333,3.510729817,1.168022016,REACH,Reaching,2,FALSE
vid3,Take 3 (clean),clean,1.366666667,3.246860674,1.145109192,REACH,Reaching,2,FALSE
vid3,Take 3 (clean),clean,1.4,2.839931914,1.133089601,REACH,Reaching,2,FALSE
vid3,Take 3 (clean),clean,1.433333333,2.487138945,1.129576606,REACH,Reaching,2,FALSE
vid3,Take 3 (clean),clean,1.466666667,2.234431133,1.1363878,REACH,Reaching,2,FALSE
vid3,Take 3 (clean),clean,1.5,1.916440529,1.150033534,REACH,Reaching,2,FALSE
vid3,Take 3 (clean),clean,1.533333333,1.670379909,1.158166655,REACH,Reaching,2,FALSE
vid3,Take 3 (clean),clean,1.566666667,1.497455795,1.157286887,REACH,Reaching,2,FALSE
vid3,Take 3 (clean),clean,1.6,1.332727566,1.149754818,REACH,Reaching,2,FALSE
vid3,Take 3 (clean),clean,1.633333333,1.214674456,1.135748284,REACH,Reaching,2,FALSE
vid3,Take 3 (clean),clean,1.666666667,1.110454393,1.123103991,REACH,Reaching,2,FALSE
vid3,Take 3 (clean),clean,1.7,0.8775705598,1.128343975,REACH,Reaching,2,FALSE
vid3,Take 3 (clean),clean,1.733333333,0.5921996831,1.130566255,REACH,Reaching,2,FALSE
vid3,Take 3 (clean),clean,1.766666667,0.3723927445,1.130090328,REACH,Reaching,2,FALSE
vid3,Take 3 (clean),clean,1.8,0.1403848561,1.122555356,REACH,Reaching,2,FALSE
vid3,Take 3 (clean),clean,1.833333333,0.04926806663,1.126456413,REACH,Reaching,2,FALSE
vid3,Take 3 (clean),clean,1.866666667,0.07102440846,1.125956531,REACH,Reaching,2,FALSE
vid3,Take 3 (clean),clean,1.9,0.2295028392,1.132070179,REACH,Reaching,2,FALSE
vid3,Take 3 (clean),clean,1.933333333,0.2116415655,1.14212269,REACH,Reaching,2,FALSE
vid3,Take 3 (clean),clean,1.966666667,0.3522044944,1.152222708,REACH,Reaching,2,FALSE
vid3,Take 3 (clean),clean,2,0.4565344775,1.160537863,REACH,Reaching,2,FALSE
vid3,Take 3 (clean),clean,2.033333333,0.7497694955,1.170527195,REACH,Reaching,2,FALSE
vid3,Take 3 (clean),clean,2.066666667,1.009758628,1.188753245,REACH,Reaching,2,FALSE
vid3,Take 3 (clean),clean,2.1,1.21876619,1.192455658,REACH,Reaching,2,FALSE
vid3,Take 3 (clean),clean,2.133333333,1.44479503,1.253535685,REACH,Reaching,2,FALSE
vid3,Take 3 (clean),clean,2.166666667,1.832579539,1.277111323,REACH,Reaching,2,FALSE
vid3,Take 3 (clean),clean,2.2,2.445751422,1.22121496,REACH,Reaching,2,FALSE
vid3,Take 3 (clean),clean,2.233333333,2.860359375,1.048794122,REACH,Reaching,2,FALSE
vid3,Take 3 (clean),clean,2.266666667,2.531876062,0.8979343741,GRASP,Grasping,3,FALSE
vid3,Take 3 (clean),clean,2.3,1.843985126,0.801265821,GRASP,Grasping,3,FALSE
vid3,Take 3 (clean),clean,2.333333333,1.056139743,0.7974444813,GRASP,Grasping,3,FALSE
vid3,Take 3 (clean),clean,2.366666667,0.5833901107,0.8438595794,GRASP,Grasping,3,FALSE
vid3,Take 3 (clean),clean,2.4,0.5806611018,0.9340569327,GRASP,Grasping,3,FALSE
vid3,Take 3 (clean),clean,2.433333333,0.4711135389,0.9677815088,GRASP,Grasping,3,FALSE
vid3,Take 3 (clean),clean,2.466666667,0.5485827331,0.9312477847,GRASP,Grasping,3,FALSE
vid3,Take 3 (clean),clean,2.5,0.4870118312,0.8797088827,GRASP,Grasping,3,FALSE
vid3,Take 3 (clean),clean,2.533333333,0.4744509191,0.9134413821,GRASP,Grasping,3,FALSE
vid3,Take 3 (clean),clean,2.566666667,0.3917020785,0.9576070758,GRASP,Grasping,3,FALSE
vid3,Take 3 (clean),clean,2.6,0.2538433238,0.9901274873,GRASP,Grasping,3,FALSE
vid3,Take 3 (clean),clean,2.633333333,0.2274150719,1.008020904,GRASP,Grasping,3,FALSE
vid3,Take 3 (clean),clean,2.666666667,0.1442819837,1.011685342,GRASP,Grasping,3,FALSE
vid3,Take 3 (clean),clean,2.7,0.09696626591,0.9828897802,GRASP,Grasping,3,FALSE
vid3,Take 3 (clean),clean,2.733333333,0.1166131127,0.989092782,GRASP,Grasping,3,FALSE
vid3,Take 3 (clean),clean,2.766666667,0.1988761393,0.9894764698,GRASP,Grasping,3,FALSE
vid3,Take 3 (clean),clean,2.8,0.1068767832,0.9593467192,GRASP,Grasping,3,FALSE
vid3,Take 3 (clean),clean,2.833333333,0.0849450751,0.9356815886,GRASP,Grasping,3,FALSE
vid3,Take 3 (clean),clean,2.866666667,0.06597442659,0.9628714584,GRASP,Grasping,3,FALSE
vid3,Take 3 (clean),clean,2.9,0.03352830642,0.956866223,GRASP,Grasping,3,FALSE
vid3,Take 3 (clean),clean,2.933333333,0.1469952992,0.9169373836,GRASP,Grasping,3,FALSE
vid3,Take 3 (clean),clean,2.966666667,0.04571097129,0.9000649751,GRASP,Grasping,3,FALSE
vid3,Take 3 (clean),clean,3,0.009882881375,0.9258494608,GRASP,Grasping,3,FALSE
vid3,Take 3 (clean),clean,3.033333333,0.01683252853,0.923934218,GRASP,Grasping,3,FALSE
vid3,Take 3 (clean),clean,3.066666667,0.03586294786,0.9382063168,GRASP,Grasping,3,FALSE
vid3,Take 3 (clean),clean,3.1,0.03599324371,0.9545944542,GRASP,Grasping,3,FALSE
vid3,Take 3 (clean),clean,3.133333333,0.07490484505,0.9847889458,GRASP,Grasping,3,FALSE
vid3,Take 3 (clean),clean,3.166666667,0.02819591658,0.9459380875,GRASP,Grasping,3,FALSE
vid3,Take 3 (clean),clean,3.2,0.03863946468,0.8993964584,GRASP,Grasping,3,FALSE
vid3,Take 3 (clean),clean,3.233333333,0.1125150135,0.8586703407,GRASP,Grasping,3,FALSE
vid3,Take 3 (clean),clean,3.266666667,0.07057075239,0.8597954472,GRASP,Grasping,3,FALSE
vid3,Take 3 (clean),clean,3.3,0.008826860488,0.8477497759,GRASP,Grasping,3,FALSE
vid3,Take 3 (clean),clean,3.333333333,0.1762221467,0.8528716333,GRASP,Grasping,3,FALSE
vid3,Take 3 (clean),clean,3.366666667,0.3549497152,0.8597798697,GRASP,Grasping,3,FALSE
vid3,Take 3 (clean),clean,3.4,0.5774688361,0.8527909473,GRASP,Grasping,3,FALSE
vid3,Take 3 (clean),clean,3.433333333,1.030436706,0.8612693173,GRASP,Grasping,3,FALSE
vid3,Take 3 (clean),clean,3.466666667,1.768607839,0.8032339275,GRASP,Grasping,3,FALSE
vid3,Take 3 (clean),clean,3.5,2.664393683,0.7524144946,GRASP,Grasping,3,FALSE
vid3,Take 3 (clean),clean,3.533333333,3.572445451,0.7067244639,GRASP,Grasping,3,FALSE
vid3,Take 3 (clean),clean,3.566666667,4.284359227,0.696653211,GRASP,Grasping,3,FALSE
vid3,Take 3 (clean),clean,3.6,4.673546756,0.66281576,GRASP,Grasping,3,FALSE
vid3,Take 3 (clean),clean,3.633333333,4.851772726,0.6706870859,GRASP,Grasping,3,FALSE
vid3,Take 3 (clean),clean,3.666666667,4.696298041,0.7125103357,GRASP,Grasping,3,FALSE
vid3,Take 3 (clean),clean,3.7,4.272709296,0.7391171302,GRASP,Grasping,3,FALSE
vid3,Take 3 (clean),clean,3.733333333,3.558878515,0.7882513215,GRASP,Grasping,3,FALSE
vid3,Take 3 (clean),clean,3.766666667,2.711094728,0.7919317847,GRASP,Grasping,3,FALSE
vid3,Take 3 (clean),clean,3.8,1.929781185,0.752446114,GRASP,Grasping,3,FALSE
vid3,Take 3 (clean),clean,3.833333333,1.334443298,0.7412962572,GRASP,Grasping,3,FALSE
vid3,Take 3 (clean),clean,3.866666667,0.955619893,0.7730806751,GRASP,Grasping,3,FALSE
vid3,Take 3 (clean),clean,3.9,0.5856285569,0.8197518632,GRASP,Grasping,3,FALSE
vid3,Take 3 (clean),clean,3.933333333,0.2926888282,0.8199931886,HOLD,Holding,4,FALSE
vid3,Take 3 (clean),clean,3.966666667,0.2096275369,0.8136176285,HOLD,Holding,4,FALSE
vid3,Take 3 (clean),clean,4,0.2624655335,0.7888854862,HOLD,Holding,4,FALSE
vid3,Take 3 (clean),clean,4.033333333,0.1594595037,0.7967038754,HOLD,Holding,4,FALSE
vid3,Take 3 (clean),clean,4.066666667,0.2324511914,0.8081142859,HOLD,Holding,4,FALSE
vid3,Take 3 (clean),clean,4.1,0.3410113967,0.820562233,HOLD,Holding,4,FALSE
vid3,Take 3 (clean),clean,4.133333333,0.2902629114,0.8255944165,HOLD,Holding,4,FALSE
vid3,Take 3 (clean),clean,4.166666667,0.2222976413,0.8244823362,HOLD,Holding,4,FALSE
vid3,Take 3 (clean),clean,4.2,0.1342207974,0.8040899354,HOLD,Holding,4,FALSE
vid3,Take 3 (clean),clean,4.233333333,0.1556838503,0.8002280517,HOLD,Holding,4,FALSE
vid3,Take 3 (clean),clean,4.266666667,0.2138951103,0.8047298865,HOLD,Holding,4,FALSE
vid3,Take 3 (clean),clean,4.3,0.1743883477,0.8182539611,HOLD,Holding,4,FALSE
vid3,Take 3 (clean),clean,4.333333333,0.1046871388,0.8155647701,HOLD,Holding,4,FALSE
vid3,Take 3 (clean),clean,4.366666667,0.02312025453,0.8118396399,HOLD,Holding,4,FALSE
vid3,Take 3 (clean),clean,4.4,0.04175790783,0.8203787102,HOLD,Holding,4,FALSE
vid3,Take 3 (clean),clean,4.433333333,0.08489035096,0.8237360641,HOLD,Holding,4,FALSE
vid3,Take 3 (clean),clean,4.466666667,0.0923096738,0.8112939899,HOLD,Holding,4,FALSE
vid3,Take 3 (clean),clean,4.5,0.07609000284,0.7961081232,HOLD,Holding,4,FALSE
vid3,Take 3 (clean),clean,4.533333333,0.0256417652,0.7968259362,HOLD,Holding,4,FALSE
vid3,Take 3 (clean),clean,4.566666667,0.09554113462,0.8071972386,HOLD,Holding,4,FALSE
vid3,Take 3 (clean),clean,4.6,0.1107804161,0.8120038536,HOLD,Holding,4,FALSE
vid3,Take 3 (clean),clean,4.633333333,0.1037513709,0.8291536142,HOLD,Holding,4,FALSE
vid3,Take 3 (clean),clean,4.666666667,0.1662602695,0.838580879,HOLD,Holding,4,FALSE
vid3,Take 3 (clean),clean,4.7,0.3320044349,0.8362544996,HOLD,Holding,4,FALSE
vid3,Take 3 (clean),clean,4.733333333,0.4722400376,0.7992954781,HOLD,Holding,4,FALSE
vid3,Take 3 (clean),clean,4.766666667,0.6145549492,0.7751897154,HOLD,Holding,4,FALSE
vid3,Take 3 (clean),clean,4.8,0.7004872418,0.8134588031,HOLD,Holding,4,FALSE
vid3,Take 3 (clean),clean,4.833333333,0.8612467691,0.8594077456,HOLD,Holding,4,FALSE
vid3,Take 3 (clean),clean,4.866666667,1.024178671,0.889388607,HOLD,Holding,4,FALSE
vid3,Take 3 (clean),clean,4.9,1.136760662,0.8819435307,HOLD,Holding,4,FALSE
vid3,Take 3 (clean),clean,4.933333333,1.275255029,0.8746963176,HOLD,Holding,4,FALSE
vid3,Take 3 (clean),clean,4.966666667,1.510797665,0.8495007693,HOLD,Holding,4,FALSE
vid3,Take 3 (clean),clean,5,1.7139304,0.8386837767,HOLD,Holding,4,FALSE
vid3,Take 3 (clean),clean,5.033333333,2.02711772,0.8183442666,HOLD,Holding,4,FALSE
vid3,Take 3 (clean),clean,5.066666667,2.256277351,0.7732789918,HOLD,Holding,4,FALSE
vid3,Take 3 (clean),clean,5.1,2.45740718,0.7211891269,HOLD,Holding,4,FALSE
vid3,Take 3 (clean),clean,5.133333333,2.686330402,0.7130852761,HOLD,Holding,4,FALSE
vid3,Take 3 (clean),clean,5.166666667,2.841183568,0.732856762,HOLD,Holding,4,FALSE
vid3,Take 3 (clean),clean,5.2,2.996834378,0.747316578,HOLD,Holding,4,FALSE
vid3,Take 3 (clean),clean,5.233333333,3.044397345,0.7309176698,HOLD,Holding,4,FALSE
vid3,Take 3 (clean),clean,5.266666667,3.127073807,0.72940042,HOLD,Holding,4,FALSE
vid3,Take 3 (clean),clean,5.3,3.361971327,0.7220533308,HOLD,Holding,4,FALSE
vid3,Take 3 (clean),clean,5.333333333,3.283002781,0.7089677204,HOLD,Holding,4,FALSE
vid3,Take 3 (clean),clean,5.366666667,2.8376777,0.7463004146,HOLD,Holding,4,FALSE
vid3,Take 3 (clean),clean,5.4,1.946314248,0.7642870124,HOLD,Holding,4,FALSE
vid3,Take 3 (clean),clean,5.433333333,0.9754065547,0.7443275323,HOLD,Holding,4,FALSE
vid3,Take 3 (clean),clean,5.466666667,0.2334231307,0.6855823943,HOLD,Holding,4,FALSE
vid3,Take 3 (clean),clean,5.5,0.4133004874,0.702098804,HOLD,Holding,4,FALSE
vid3,Take 3 (clean),clean,5.533333333,0.5249024409,0.7050412257,HOLD,Holding,4,FALSE
vid3,Take 3 (clean),clean,5.566666667,0.4837593066,0.6994962694,HOLD,Holding,4,FALSE
vid3,Take 3 (clean),clean,5.6,0.5662661129,0.6859492623,HOLD,Holding,4,FALSE
vid3,Take 3 (clean),clean,5.633333333,0.8086867482,0.7068610188,HOLD,Holding,4,FALSE
vid3,Take 3 (clean),clean,5.666666667,1.303109323,0.8176552111,HOLD,Holding,4,FALSE
vid3,Take 3 (clean),clean,5.7,1.964163422,0.9577203814,RELEASE,Releasing,5,FALSE
vid3,Take 3 (clean),clean,5.733333333,2.404240289,1.101760106,RELEASE,Releasing,5,FALSE
vid3,Take 3 (clean),clean,5.766666667,2.516153566,1.166811232,RELEASE,Releasing,5,FALSE
vid3,Take 3 (clean),clean,5.8,2.541031361,1.236851768,RELEASE,Releasing,5,FALSE
vid3,Take 3 (clean),clean,5.833333333,1.977741113,1.350198005,RELEASE,Releasing,5,FALSE
vid3,Take 3 (clean),clean,5.866666667,1.243173351,1.502784363,RELEASE,Releasing,5,FALSE
vid3,Take 3 (clean),clean,5.9,0.9229545369,1.602716766,RELEASE,Releasing,5,FALSE
vid3,Take 3 (clean),clean,5.933333333,0.4060689815,1.622952673,RELEASE,Releasing,5,FALSE
vid3,Take 3 (clean),clean,5.966666667,0.2358668975,1.610721755,RELEASE,Releasing,5,FALSE
vid3,Take 3 (clean),clean,6,0.09688343818,1.589998125,RELEASE,Releasing,5,FALSE
vid3,Take 3 (clean),clean,6.033333333,0.4058496589,1.575498368,RELEASE,Releasing,5,FALSE
vid3,Take 3 (clean),clean,6.066666667,0.504229916,1.591488987,RELEASE,Releasing,5,FALSE
vid3,Take 3 (clean),clean,6.1,0.5494979946,1.587994109,RELEASE,Releasing,5,FALSE
vid3,Take 3 (clean),clean,6.133333333,0.5064754821,1.595525746,RELEASE,Releasing,5,FALSE
vid3,Take 3 (clean),clean,6.166666667,0.3219272646,1.607339303,RELEASE,Releasing,5,FALSE
vid3,Take 3 (clean),clean,6.2,0.1514760092,1.631091456,RELEASE,Releasing,5,FALSE
vid3,Take 3 (clean),clean,6.233333333,0.2976742174,1.617655079,RELEASE,Releasing,5,FALSE
vid3,Take 3 (clean),clean,6.266666667,0.3044305582,1.628087303,RELEASE,Releasing,5,FALSE
vid3,Take 3 (clean),clean,6.3,0.2238527654,1.623773833,RELEASE,Releasing,5,FALSE
vid3,Take 3 (clean),clean,6.333333333,0.2563027001,1.608877278,RELEASE,Releasing,5,FALSE
vid3,Take 3 (clean),clean,6.366666667,0.632209319,1.574954121,RELEASE,Releasing,5,FALSE
vid3,Take 3 (clean),clean,6.4,0.8719785986,1.570040396,RELEASE,Releasing,5,FALSE
vid3,Take 3 (clean),clean,6.433333333,1.146398837,1.563841988,RELEASE,Releasing,5,FALSE
vid3,Take 3 (clean),clean,6.466666667,1.43810009,1.563942991,RELEASE,Releasing,5,FALSE
vid3,Take 3 (clean),clean,6.5,1.763040601,1.561373744,RELEASE,Releasing,5,FALSE
vid3,Take 3 (clean),clean,6.533333333,2.213994535,1.531230284,RETRACT,Returning,6,FALSE
vid3,Take 3 (clean),clean,6.566666667,2.78171678,1.49592195,RETRACT,Returning,6,FALSE
vid3,Take 3 (clean),clean,6.6,3.30854195,1.343720992,RETRACT,Returning,6,FALSE
vid3,Take 3 (clean),clean,6.633333333,3.823011438,1.123895327,RETRACT,Returning,6,FALSE
vid3,Take 3 (clean),clean,6.666666667,4.137344763,0.947744896,RETRACT,Returning,6,FALSE
vid3,Take 3 (clean),clean,6.7,4.438447986,0.9401595466,RETRACT,Returning,6,FALSE
vid3,Take 3 (clean),clean,6.733333333,4.543115517,0.9473532462,RETRACT,Returning,6,FALSE
vid3,Take 3 (clean),clean,6.766666667,4.606815922,0.943999211,RETRACT,Returning,6,FALSE
vid3,Take 3 (clean),clean,6.8,4.772321679,0.9287279995,RETRACT,Returning,6,FALSE
vid3,Take 3 (clean),clean,6.833333333,4.969909572,0.9627221661,RETRACT,Returning,6,FALSE
vid3,Take 3 (clean),clean,6.866666667,5.123578052,0.9859156415,RETRACT,Returning,6,FALSE
vid3,Take 3 (clean),clean,6.9,5.074058535,1.010641952,RETRACT,Returning,6,FALSE
vid3,Take 3 (clean),clean,6.933333333,4.921787025,0.9812728451,RETRACT,Returning,6,FALSE
vid3,Take 3 (clean),clean,6.966666667,4.659815403,0.9596412098,RETRACT,Returning,6,FALSE
vid3,Take 3 (clean),clean,7,4.279264702,0.9401447974,RETRACT,Returning,6,FALSE
vid3,Take 3 (clean),clean,7.033333333,3.804692684,0.9783986653,RETRACT,Returning,6,FALSE
vid3,Take 3 (clean),clean,7.066666667,3.453416541,1.013124812,RETRACT,Returning,6,FALSE
vid3,Take 3 (clean),clean,7.1,3.231612145,1.056035263,RETRACT,Returning,6,FALSE
vid3,Take 3 (clean),clean,7.133333333,3.134442451,1.05614553,RETRACT,Returning,6,FALSE
vid3,Take 3 (clean),clean,7.166666667,2.861383888,1.061022853,RETRACT,Returning,6,FALSE
vid3,Take 3 (clean),clean,7.2,2.738568508,1.052266582,RETRACT,Returning,6,FALSE
vid3,Take 3 (clean),clean,7.233333333,2.51797195,1.057295098,RETRACT,Returning,6,FALSE
vid3,Take 3 (clean),clean,7.266666667,2.226978148,1.041193371,RETRACT,Returning,6,FALSE
vid3,Take 3 (clean),clean,7.3,1.902692702,1.028723752,RETRACT,Returning,6,FALSE
vid3,Take 3 (clean),clean,7.333333333,1.650307964,1.064198204,RETRACT,Returning,6,FALSE
vid3,Take 3 (clean),clean,7.366666667,1.863574372,1.095962,RETRACT,Returning,6,FALSE
vid3,Take 3 (clean),clean,7.4,2.319083519,1.147987979,RETRACT,Returning,6,FALSE
vid3,Take 3 (clean),clean,7.433333333,2.314934996,1.125027846,RETRACT,Returning,6,FALSE
vid3,Take 3 (clean),clean,7.466666667,1.704619473,1.090868385,RETRACT,Returning,6,FALSE
vid3,Take 3 (clean),clean,7.5,0.756308468,1.03721276,RETRACT,Returning,6,FALSE
vid3,Take 3 (clean),clean,7.533333333,0.1323726913,1.062457876,REST,At rest,1,FALSE
vid3,Take 3 (clean),clean,7.566666667,0.05164531814,1.069444036,REST,At rest,1,FALSE
vid3,Take 3 (clean),clean,7.6,0.07707213985,1.077910233,REST,At rest,1,FALSE
vid3,Take 3 (clean),clean,7.633333333,0.2753525355,1.092806904,REST,At rest,1,FALSE
vid3,Take 3 (clean),clean,7.666666667,0.1507441484,1.089299728,REST,At rest,1,FALSE
vid3,Take 3 (clean),clean,7.7,0.06654159655,1.08677331,REST,At rest,1,FALSE
vid3,Take 3 (clean),clean,7.733333333,0.1862508971,1.084526922,REST,At rest,1,FALSE
vid3,Take 3 (clean),clean,7.766666667,0.3470597307,1.086445847,REST,At rest,1,FALSE
vid3,Take 3 (clean),clean,7.8,0.1649596499,1.095441948,REST,At rest,1,FALSE
vid3,Take 3 (clean),clean,7.833333333,0.1112320062,1.121650006,REST,At rest,1,FALSE
vid3,Take 3 (clean),clean,7.866666667,0.2118518226,1.11986139,REST,At rest,1,FALSE
vid3,Take 3 (clean),clean,7.9,0.1168921988,1.088202987,REST,At rest,1,FALSE
vid3,Take 3 (clean),clean,7.933333333,0.1283144911,1.076968234,REST,At rest,1,FALSE
vid3,Take 3 (clean),clean,7.966666667,0.01575233217,1.08677588,REST,At rest,1,FALSE
vid3,Take 3 (clean),clean,8,0.07407603892,1.093060254,REST,At rest,1,FALSE
vid3,Take 3 (clean),clean,8.033333333,0.2088257809,1.088215548,REST,At rest,1,FALSE
vid3,Take 3 (clean),clean,8.066666667,0.1319946766,1.050887454,REST,At rest,1,FALSE
vid3,Take 3 (clean),clean,8.1,0.1131211099,1.053652667,REST,At rest,1,FALSE
vid3,Take 3 (clean),clean,8.133333333,0.01577607326,1.064587513,REST,At rest,1,FALSE
vid3,Take 3 (clean),clean,8.166666667,0.09447024166,1.084195371,REST,At rest,1,FALSE
vid3,Take 3 (clean),clean,8.2,0.100420729,1.066985173,REST,At rest,1,FALSE
vid3,Take 3 (clean),clean,8.233333333,0.05726607056,1.073192665,REST,At rest,1,FALSE
vid3,Take 3 (clean),clean,8.266666667,0.169802776,1.091489003,REST,At rest,1,FALSE
vid3,Take 3 (clean),clean,8.3,0.08314783321,1.082326798,REST,At rest,1,FALSE
vid3,Take 3 (clean),clean,8.333333333,0.1742073152,1.071180609,REST,At rest,1,FALSE
vid3,Take 3 (clean),clean,8.366666667,0.1392515798,1.062918091,REST,At rest,1,FALSE
vid3,Take 3 (clean),clean,8.4,0.04879844018,1.071829233,REST,At rest,1,FALSE
vid3,Take 3 (clean),clean,8.433333333,0.05772138477,1.058989388,REST,At rest,1,FALSE
vid3,Take 3 (clean),clean,8.466666667,0.08585033492,1.059574415,REST,At rest,1,FALSE
vid3,Take 3 (clean),clean,8.5,0.04137246224,1.0652964,REST,At rest,1,FALSE
vid3,Take 3 (clean),clean,8.533333333,0.203887947,1.071541909,REST,At rest,1,FALSE
vid3,Take 3 (clean),clean,8.566666667,0.1075791348,1.078261061,REST,At rest,1,FALSE
vid3,Take 3 (clean),clean,8.6,0.1261231774,1.065542911,REST,At rest,1,FALSE
vid3,Take 3 (clean),clean,8.633333333,0.178774326,1.059243964,REST,At rest,1,FALSE
vid3,Take 3 (clean),clean,8.666666667,0.1376251579,1.054459261,REST,At rest,1,FALSE
vid3,Take 3 (clean),clean,8.7,0.2002235338,1.074083263,REST,At rest,1,FALSE
vid3,Take 3 (clean),clean,8.733333333,0.05396033752,1.076730848,REST,At rest,1,FALSE
vid3,Take 3 (clean),clean,8.766666667,0.06309474605,1.083777736,REST,At rest,1,FALSE
vid3,Take 3 (clean),clean,8.8,0.02247246709,1.06977479,REST,At rest,1,FALSE
vid3,Take 3 (clean),clean,8.833333333,0.07316004176,1.079158544,REST,At rest,1,FALSE
vid3,Take 3 (clean),clean,8.866666667,0.08989656551,1.063570834,REST,At rest,1,FALSE
vid3,Take 3 (clean),clean,8.9,0.03948415997,1.057452406,REST,At rest,1,FALSE
vid3,Take 3 (clean),clean,8.933333333,0.08696652378,1.048338592,REST,At rest,1,FALSE
vid3,Take 3 (clean),clean,8.966666667,0.1605201853,1.073184544,REST,At rest,1,FALSE
vid3,Take 3 (clean),clean,9,0.1938192918,1.093782043,REST,At rest,1,FALSE
vid3,Take 3 (clean),clean,9.033333333,0.1442024693,1.101387327,REST,At rest,1,FALSE
vid3,Take 3 (clean),clean,9.066666667,0.3618155043,1.091189142,REST,At rest,1,FALSE
vid3,Take 3 (clean),clean,9.1,0.6505172686,1.086847112,REST,At rest,1,FALSE
vid3,Take 3 (clean),clean,9.133333333,1.310473424,1.109755683,REST,At rest,1,FALSE
vid3,Take 3 (clean),clean,9.166666667,2.12483367,1.083144298,REACH,Reaching,2,FALSE
vid3,Take 3 (clean),clean,9.2,3.246175524,0.9562077143,REACH,Reaching,2,FALSE
vid3,Take 3 (clean),clean,9.233333333,4.612318812,0.9048368278,REACH,Reaching,2,FALSE
vid3,Take 3 (clean),clean,9.266666667,5.54759319,0.9915599061,REACH,Reaching,2,FALSE
vid3,Take 3 (clean),clean,9.3,6.154258276,1.117097962,REACH,Reaching,2,FALSE
vid3,Take 3 (clean),clean,9.333333333,6.268638018,1.134756012,REACH,Reaching,2,FALSE
vid3,Take 3 (clean),clean,9.366666667,6.237974273,1.117259746,REACH,Reaching,2,FALSE
vid3,Take 3 (clean),clean,9.4,6.114676163,1.06297442,REACH,Reaching,2,FALSE
vid3,Take 3 (clean),clean,9.433333333,5.884044385,1.040480982,REACH,Reaching,2,FALSE
vid3,Take 3 (clean),clean,9.466666667,5.569021948,1.093368201,REACH,Reaching,2,FALSE
vid3,Take 3 (clean),clean,9.5,5.268382481,1.171984019,REACH,Reaching,2,FALSE
vid3,Take 3 (clean),clean,9.533333333,5.031270201,1.211412362,REACH,Reaching,2,FALSE
vid3,Take 3 (clean),clean,9.566666667,4.792390877,1.21715412,REACH,Reaching,2,FALSE
vid3,Take 3 (clean),clean,9.6,4.466018973,1.207058781,REACH,Reaching,2,FALSE
vid3,Take 3 (clean),clean,9.633333333,4.258572999,1.17733871,REACH,Reaching,2,FALSE
vid3,Take 3 (clean),clean,9.666666667,3.976149554,1.159097556,REACH,Reaching,2,FALSE
vid3,Take 3 (clean),clean,9.7,3.577889541,1.149704493,REACH,Reaching,2,FALSE
vid3,Take 3 (clean),clean,9.733333333,3.192619919,1.135450741,REACH,Reaching,2,FALSE
vid3,Take 3 (clean),clean,9.766666667,2.916597225,1.09450212,REACH,Reaching,2,FALSE
vid3,Take 3 (clean),clean,9.8,2.887413463,1.056365187,REACH,Reaching,2,FALSE
vid3,Take 3 (clean),clean,9.833333333,2.868175624,1.055211934,REACH,Reaching,2,FALSE
vid3,Take 3 (clean),clean,9.866666667,2.8409898,1.070810172,REACH,Reaching,2,FALSE
vid3,Take 3 (clean),clean,9.9,2.760209828,1.06251963,REACH,Reaching,2,FALSE
vid3,Take 3 (clean),clean,9.933333333,2.794069141,1.058355188,REACH,Reaching,2,FALSE
vid3,Take 3 (clean),clean,9.966666667,2.894517572,1.083842651,REACH,Reaching,2,FALSE
vid3,Take 3 (clean),clean,10,2.85080143,1.11031349,REACH,Reaching,2,FALSE
vid3,Take 3 (clean),clean,10.033333333,2.759363054,1.020369756,REACH,Reaching,2,FALSE
vid3,Take 3 (clean),clean,10.066666667,2.407101048,0.9114748738,REACH,Reaching,2,FALSE
vid3,Take 3 (clean),clean,10.1,1.879988107,0.8485334123,GRASP,Grasping,3,FALSE
vid3,Take 3 (clean),clean,10.133333333,1.256717789,0.853559871,GRASP,Grasping,3,FALSE
vid3,Take 3 (clean),clean,10.166666667,0.7454623721,0.8688964388,GRASP,Grasping,3,FALSE
vid3,Take 3 (clean),clean,10.2,0.4750869149,0.9166059745,GRASP,Grasping,3,FALSE
vid3,Take 3 (clean),clean,10.233333333,0.3556852532,0.930241943,GRASP,Grasping,3,FALSE
vid3,Take 3 (clean),clean,10.266666667,0.2899406579,0.9444871672,GRASP,Grasping,3,FALSE
vid3,Take 3 (clean),clean,10.3,0.1888704814,0.9482627062,GRASP,Grasping,3,FALSE
vid3,Take 3 (clean),clean,10.333333333,0.1437754002,0.9691785611,GRASP,Grasping,3,FALSE
vid3,Take 3 (clean),clean,10.366666667,0.1114410879,0.9508377516,GRASP,Grasping,3,FALSE
vid3,Take 3 (clean),clean,10.4,0.08173160943,0.9614034585,GRASP,Grasping,3,FALSE
vid3,Take 3 (clean),clean,10.433333333,0.06327833312,0.9452195881,GRASP,Grasping,3,FALSE
vid3,Take 3 (clean),clean,10.466666667,0.07724284136,0.9064996461,GRASP,Grasping,3,FALSE
vid3,Take 3 (clean),clean,10.5,0.1447353144,0.8850742117,GRASP,Grasping,3,FALSE
vid3,Take 3 (clean),clean,10.533333333,0.1802038943,0.8965187566,GRASP,Grasping,3,FALSE
vid3,Take 3 (clean),clean,10.566666667,0.1023567535,0.8798265654,GRASP,Grasping,3,FALSE
vid3,Take 3 (clean),clean,10.6,0.05848687404,0.8367490413,GRASP,Grasping,3,FALSE
vid3,Take 3 (clean),clean,10.633333333,0.09395580739,0.855748752,GRASP,Grasping,3,FALSE
vid3,Take 3 (clean),clean,10.666666667,0.1471408973,0.8949241029,GRASP,Grasping,3,FALSE
vid3,Take 3 (clean),clean,10.7,0.08571276354,0.9183130727,GRASP,Grasping,3,FALSE
vid3,Take 3 (clean),clean,10.733333333,0.1072069126,0.903200309,GRASP,Grasping,3,FALSE
vid3,Take 3 (clean),clean,10.766666667,0.1314290021,0.8908477501,GRASP,Grasping,3,FALSE
vid3,Take 3 (clean),clean,10.8,0.1542702129,0.8712966848,GRASP,Grasping,3,FALSE
vid3,Take 3 (clean),clean,10.833333333,0.05220049699,0.8834755863,GRASP,Grasping,3,FALSE
vid3,Take 3 (clean),clean,10.866666667,0.0955606775,0.8887218449,GRASP,Grasping,3,FALSE
vid3,Take 3 (clean),clean,10.9,0.03370631211,0.8755100796,GRASP,Grasping,3,FALSE
vid3,Take 3 (clean),clean,10.933333333,0.07948474871,0.8707487982,GRASP,Grasping,3,FALSE
vid3,Take 3 (clean),clean,10.966666667,0.04845303176,0.8741308591,GRASP,Grasping,3,FALSE
vid3,Take 3 (clean),clean,11,0.1055142177,0.8606134987,GRASP,Grasping,3,FALSE
vid3,Take 3 (clean),clean,11.033333333,0.1030480912,0.8596909526,GRASP,Grasping,3,FALSE
vid3,Take 3 (clean),clean,11.066666667,0.1087342385,0.8542998278,GRASP,Grasping,3,FALSE
vid3,Take 3 (clean),clean,11.1,0.07842009447,0.8466614738,GRASP,Grasping,3,FALSE
vid3,Take 3 (clean),clean,11.133333333,0.09911668926,0.8241000358,GRASP,Grasping,3,FALSE
vid3,Take 3 (clean),clean,11.166666667,0.08555163568,0.8089569835,GRASP,Grasping,3,FALSE
vid3,Take 3 (clean),clean,11.2,0.1188065084,0.7966596604,GRASP,Grasping,3,FALSE
vid3,Take 3 (clean),clean,11.233333333,0.06126077132,0.8005958646,GRASP,Grasping,3,FALSE
vid3,Take 3 (clean),clean,11.266666667,0.01128490211,0.8121748789,GRASP,Grasping,3,FALSE
vid3,Take 3 (clean),clean,11.3,0.03607192458,0.8372517775,GRASP,Grasping,3,FALSE
vid3,Take 3 (clean),clean,11.333333333,0.03472423172,0.8431771773,GRASP,Grasping,3,FALSE
vid3,Take 3 (clean),clean,11.366666667,0.08872652796,0.8400844148,GRASP,Grasping,3,FALSE
vid3,Take 3 (clean),clean,11.4,0.06832746017,0.7999213138,GRASP,Grasping,3,FALSE
vid3,Take 3 (clean),clean,11.433333333,0.201896751,0.7859197481,GRASP,Grasping,3,FALSE
vid3,Take 3 (clean),clean,11.466666667,0.5162392072,0.7808288474,GRASP,Grasping,3,FALSE
vid3,Take 3 (clean),clean,11.5,0.9136406412,0.8046352129,GRASP,Grasping,3,FALSE
vid3,Take 3 (clean),clean,11.533333333,1.288749011,0.7744602959,GRASP,Grasping,3,FALSE
vid3,Take 3 (clean),clean,11.566666667,1.879707716,0.6887012456,GRASP,Grasping,3,FALSE
vid3,Take 3 (clean),clean,11.6,2.544464568,0.6097529279,GRASP,Grasping,3,FALSE
vid3,Take 3 (clean),clean,11.633333333,3.143051705,0.579572285,GRASP,Grasping,3,FALSE
vid3,Take 3 (clean),clean,11.666666667,3.68469806,0.5860229474,GRASP,Grasping,3,FALSE
vid3,Take 3 (clean),clean,11.7,3.919589154,0.6049834889,GRASP,Grasping,3,FALSE
vid3,Take 3 (clean),clean,11.733333333,4.000046958,0.6508973103,GRASP,Grasping,3,FALSE
vid3,Take 3 (clean),clean,11.766666667,3.906481671,0.7002792687,GRASP,Grasping,3,FALSE
vid3,Take 3 (clean),clean,11.8,3.76497931,0.7267446431,GRASP,Grasping,3,FALSE
vid3,Take 3 (clean),clean,11.833333333,3.405445678,0.7438002035,GRASP,Grasping,3,FALSE
vid3,Take 3 (clean),clean,11.866666667,2.963304072,0.7407323107,GRASP,Grasping,3,FALSE
vid3,Take 3 (clean),clean,11.9,2.404967812,0.7480049127,GRASP,Grasping,3,FALSE
vid3,Take 3 (clean),clean,11.933333333,1.771037168,0.7346618463,GRASP,Grasping,3,FALSE
vid3,Take 3 (clean),clean,11.966666667,1.140665203,0.7396684621,GRASP,Grasping,3,FALSE
vid3,Take 3 (clean),clean,12,0.5622039513,0.7324113843,GRASP,Grasping,3,FALSE
vid3,Take 3 (clean),clean,12.033333333,0.1447276628,0.738072179,HOLD,Holding,4,FALSE
vid3,Take 3 (clean),clean,12.066666667,0.2301330987,0.7582315384,HOLD,Holding,4,FALSE
vid3,Take 3 (clean),clean,12.1,0.2893339263,0.7754963176,HOLD,Holding,4,FALSE
vid3,Take 3 (clean),clean,12.133333333,0.2141172612,0.8055796016,HOLD,Holding,4,FALSE
vid3,Take 3 (clean),clean,12.166666667,0.1135793273,0.8041483924,HOLD,Holding,4,FALSE
vid3,Take 3 (clean),clean,12.2,0.1037005598,0.8039336272,HOLD,Holding,4,FALSE
vid3,Take 3 (clean),clean,12.233333333,0.1054085985,0.8084088197,HOLD,Holding,4,FALSE
vid3,Take 3 (clean),clean,12.266666667,0.2143132562,0.8295752521,HOLD,Holding,4,FALSE
vid3,Take 3 (clean),clean,12.3,0.1166499474,0.8371728696,HOLD,Holding,4,FALSE
vid3,Take 3 (clean),clean,12.333333333,0.07634242728,0.8207137103,HOLD,Holding,4,FALSE
vid3,Take 3 (clean),clean,12.366666667,0.05147555739,0.8291591245,HOLD,Holding,4,FALSE
vid3,Take 3 (clean),clean,12.4,0.1302312032,0.8049943176,HOLD,Holding,4,FALSE
vid3,Take 3 (clean),clean,12.433333333,0.1484323649,0.812221404,HOLD,Holding,4,FALSE
vid3,Take 3 (clean),clean,12.466666667,0.1650305807,0.7936205736,HOLD,Holding,4,FALSE
vid3,Take 3 (clean),clean,12.5,0.137612044,0.8000924521,HOLD,Holding,4,FALSE
vid3,Take 3 (clean),clean,12.533333333,0.1547305864,0.7922271958,HOLD,Holding,4,FALSE
vid3,Take 3 (clean),clean,12.566666667,0.1706782416,0.8138652471,HOLD,Holding,4,FALSE
vid3,Take 3 (clean),clean,12.6,0.2307026138,0.8224191218,HOLD,Holding,4,FALSE
vid3,Take 3 (clean),clean,12.633333333,0.2678367732,0.8166429503,HOLD,Holding,4,FALSE
vid3,Take 3 (clean),clean,12.666666667,0.4154191575,0.7924076952,HOLD,Holding,4,FALSE
vid3,Take 3 (clean),clean,12.7,0.6063731884,0.7541781585,HOLD,Holding,4,FALSE
vid3,Take 3 (clean),clean,12.733333333,0.7951538017,0.7613866819,HOLD,Holding,4,FALSE
vid3,Take 3 (clean),clean,12.766666667,0.9881994505,0.7602758591,HOLD,Holding,4,FALSE
vid3,Take 3 (clean),clean,12.8,1.086315133,0.7569936997,HOLD,Holding,4,FALSE
vid3,Take 3 (clean),clean,12.833333333,1.233835957,0.7480812783,HOLD,Holding,4,FALSE
vid3,Take 3 (clean),clean,12.866666667,1.416484772,0.7765181299,HOLD,Holding,4,FALSE
vid3,Take 3 (clean),clean,12.9,1.631107179,0.7690193678,HOLD,Holding,4,FALSE
vid3,Take 3 (clean),clean,12.933333333,1.846303687,0.707986427,HOLD,Holding,4,FALSE
vid3,Take 3 (clean),clean,12.966666667,2.137241082,0.6559869959,HOLD,Holding,4,FALSE
vid3,Take 3 (clean),clean,13,2.359865112,0.6647240106,HOLD,Holding,4,FALSE
vid3,Take 3 (clean),clean,13.033333333,2.536985829,0.6897911038,HOLD,Holding,4,FALSE
vid3,Take 3 (clean),clean,13.066666667,2.619806153,0.6897653424,HOLD,Holding,4,FALSE
vid3,Take 3 (clean),clean,13.1,2.666632889,0.6981370484,HOLD,Holding,4,FALSE
vid3,Take 3 (clean),clean,13.133333333,2.72843658,0.7005441121,HOLD,Holding,4,FALSE
vid3,Take 3 (clean),clean,13.166666667,2.673907904,0.7061705523,HOLD,Holding,4,FALSE
vid3,Take 3 (clean),clean,13.2,2.707314274,0.6996249335,HOLD,Holding,4,FALSE
vid3,Take 3 (clean),clean,13.233333333,2.44480206,0.7080638368,HOLD,Holding,4,FALSE
vid3,Take 3 (clean),clean,13.266666667,1.90984935,0.7269832666,HOLD,Holding,4,FALSE
vid3,Take 3 (clean),clean,13.3,1.172441431,0.8225582988,HOLD,Holding,4,FALSE
vid3,Take 3 (clean),clean,13.333333333,0.4378000573,0.9231284301,HOLD,Holding,4,FALSE
vid3,Take 3 (clean),clean,13.366666667,0.07168707922,0.9672212833,HOLD,Holding,4,FALSE
vid3,Take 3 (clean),clean,13.4,0.1149715124,0.9653514068,HOLD,Holding,4,FALSE
vid3,Take 3 (clean),clean,13.433333333,0.06810374985,0.9536688122,HOLD,Holding,4,FALSE
vid3,Take 3 (clean),clean,13.466666667,0.1940696337,0.9587832952,HOLD,Holding,4,FALSE
vid3,Take 3 (clean),clean,13.5,0.3551500975,0.965047078,HOLD,Holding,4,FALSE
vid3,Take 3 (clean),clean,13.533333333,0.2870237572,0.9635275025,HOLD,Holding,4,FALSE
vid3,Take 3 (clean),clean,13.566666667,0.1399218043,0.9232854396,HOLD,Holding,4,FALSE
vid3,Take 3 (clean),clean,13.6,0.05958079592,0.8998959155,HOLD,Holding,4,FALSE
vid3,Take 3 (clean),clean,13.633333333,0.1725916502,0.8917827503,HOLD,Holding,4,FALSE
vid3,Take 3 (clean),clean,13.666666667,0.1740300551,0.8932034215,HOLD,Holding,4,FALSE
vid3,Take 3 (clean),clean,13.7,0.3293256885,0.8617063401,HOLD,Holding,4,FALSE
vid3,Take 3 (clean),clean,13.733333333,0.6199176666,0.8078934473,HOLD,Holding,4,FALSE
vid3,Take 3 (clean),clean,13.766666667,0.883724352,0.7767237239,HOLD,Holding,4,FALSE
vid3,Take 3 (clean),clean,13.8,1.406053391,0.7763534037,RELEASE,Releasing,5,FALSE
vid3,Take 3 (clean),clean,13.833333333,1.601786006,0.9534961546,RELEASE,Releasing,5,FALSE
vid3,Take 3 (clean),clean,13.866666667,1.856376482,1.121054614,RELEASE,Releasing,5,FALSE
vid3,Take 3 (clean),clean,13.9,2.125712321,1.259888918,RELEASE,Releasing,5,FALSE
vid3,Take 3 (clean),clean,13.933333333,1.944883265,1.288392194,RELEASE,Releasing,5,FALSE
vid3,Take 3 (clean),clean,13.966666667,1.588372709,1.350387187,RELEASE,Releasing,5,FALSE
vid3,Take 3 (clean),clean,14,0.9316263807,1.348098503,RELEASE,Releasing,5,FALSE
vid3,Take 3 (clean),clean,14.033333333,0.4290168259,1.333375157,RELEASE,Releasing,5,FALSE
vid3,Take 3 (clean),clean,14.066666667,0.7340970864,1.339401231,RELEASE,Releasing,5,FALSE
vid3,Take 3 (clean),clean,14.1,0.9556913736,1.35359019,RELEASE,Releasing,5,FALSE
vid3,Take 3 (clean),clean,14.133333333,0.6036215786,1.361685106,RELEASE,Releasing,5,FALSE
vid3,Take 3 (clean),clean,14.166666667,0.3240778676,1.373052832,RELEASE,Releasing,5,FALSE
vid3,Take 3 (clean),clean,14.2,0.1239411338,1.375774348,RELEASE,Releasing,5,FALSE
vid3,Take 3 (clean),clean,14.233333333,0.1582211895,1.405278181,RELEASE,Releasing,5,FALSE
vid3,Take 3 (clean),clean,14.266666667,0.2520948664,1.409487958,RELEASE,Releasing,5,FALSE
vid3,Take 3 (clean),clean,14.3,0.1285491808,1.408044294,RELEASE,Releasing,5,FALSE
vid3,Take 3 (clean),clean,14.333333333,0.1091857979,1.392466924,RELEASE,Releasing,5,FALSE
vid3,Take 3 (clean),clean,14.366666667,0.1596422261,1.391123038,RELEASE,Releasing,5,FALSE
vid3,Take 3 (clean),clean,14.4,0.2348131019,1.38283339,RELEASE,Releasing,5,FALSE
vid3,Take 3 (clean),clean,14.433333333,0.3045254087,1.371905404,RELEASE,Releasing,5,FALSE
vid3,Take 3 (clean),clean,14.466666667,0.4366468661,1.37914022,RELEASE,Releasing,5,FALSE
vid3,Take 3 (clean),clean,14.5,0.5482939413,1.385492622,RELEASE,Releasing,5,FALSE
vid3,Take 3 (clean),clean,14.533333333,0.7399516948,1.386262792,RELEASE,Releasing,5,FALSE
vid3,Take 3 (clean),clean,14.566666667,0.9252172188,1.384380564,RELEASE,Releasing,5,FALSE
vid3,Take 3 (clean),clean,14.6,1.063367959,1.390315189,RELEASE,Releasing,5,FALSE
vid3,Take 3 (clean),clean,14.633333333,1.172431199,1.403562176,RELEASE,Releasing,5,FALSE
vid3,Take 3 (clean),clean,14.666666667,1.27440373,1.414062841,RELEASE,Releasing,5,FALSE
vid3,Take 3 (clean),clean,14.7,1.443724165,1.410953052,RELEASE,Releasing,5,FALSE
vid3,Take 3 (clean),clean,14.733333333,1.486404037,1.399748792,RELEASE,Releasing,5,FALSE
vid3,Take 3 (clean),clean,14.766666667,1.437317179,1.379833216,RELEASE,Releasing,5,FALSE
vid3,Take 3 (clean),clean,14.8,1.595655883,1.370986833,RELEASE,Releasing,5,FALSE
vid3,Take 3 (clean),clean,14.833333333,1.882925227,1.381770357,RETRACT,Returning,6,FALSE
vid3,Take 3 (clean),clean,14.866666667,2.347072944,1.390867517,RETRACT,Returning,6,FALSE
vid3,Take 3 (clean),clean,14.9,2.78495391,1.379459118,RETRACT,Returning,6,FALSE
vid3,Take 3 (clean),clean,14.933333333,3.22158748,1.391696242,RETRACT,Returning,6,FALSE
vid3,Take 3 (clean),clean,14.966666667,3.569078893,1.393415092,RETRACT,Returning,6,FALSE
vid3,Take 3 (clean),clean,15,3.920213784,1.362916708,RETRACT,Returning,6,FALSE
vid3,Take 3 (clean),clean,15.033333333,4.159896682,1.334098761,RETRACT,Returning,6,FALSE
vid3,Take 3 (clean),clean,15.066666667,4.22021287,1.328262336,RETRACT,Returning,6,FALSE
vid3,Take 3 (clean),clean,15.1,4.369394307,1.314543255,RETRACT,Returning,6,FALSE
vid3,Take 3 (clean),clean,15.133333333,4.475167342,1.282701853,RETRACT,Returning,6,FALSE
vid3,Take 3 (clean),clean,15.166666667,4.581431492,1.263343459,RETRACT,Returning,6,FALSE
vid3,Take 3 (clean),clean,15.2,4.693528008,1.245766047,RETRACT,Returning,6,FALSE
vid3,Take 3 (clean),clean,15.233333333,4.731952107,1.233416247,RETRACT,Returning,6,FALSE
vid3,Take 3 (clean),clean,15.266666667,4.662860342,1.221128696,RETRACT,Returning,6,FALSE
vid3,Take 3 (clean),clean,15.3,4.580319475,1.216914269,RETRACT,Returning,6,FALSE
vid3,Take 3 (clean),clean,15.333333333,4.513443593,1.198101505,RETRACT,Returning,6,FALSE
vid3,Take 3 (clean),clean,15.366666667,4.101627791,1.141526409,RETRACT,Returning,6,FALSE
vid3,Take 3 (clean),clean,15.4,3.625294886,1.094130266,RETRACT,Returning,6,FALSE
vid3,Take 3 (clean),clean,15.433333333,2.987113283,1.086814059,RETRACT,Returning,6,FALSE
vid3,Take 3 (clean),clean,15.466666667,2.503880431,1.096858449,RETRACT,Returning,6,FALSE
vid3,Take 3 (clean),clean,15.5,2.358032562,1.08663166,RETRACT,Returning,6,FALSE
vid3,Take 3 (clean),clean,15.533333333,2.290431205,1.05771441,RETRACT,Returning,6,FALSE
vid3,Take 3 (clean),clean,15.566666667,2.252300092,1.052061749,RETRACT,Returning,6,FALSE
vid3,Take 3 (clean),clean,15.6,1.782131718,1.023998312,RETRACT,Returning,6,FALSE
vid3,Take 3 (clean),clean,15.633333333,1.274572016,0.9949809425,RETRACT,Returning,6,FALSE
vid3,Take 3 (clean),clean,15.666666667,0.7681550007,0.9688555142,RETRACT,Returning,6,FALSE
vid3,Take 3 (clean),clean,15.7,0.7663064209,0.9677629305,REST,At rest,1,FALSE
vid3,Take 3 (clean),clean,15.733333333,0.9936569278,0.9165691596,REST,At rest,1,FALSE
vid3,Take 3 (clean),clean,15.766666667,0.83944449,0.8631017638,REST,At rest,1,FALSE
vid3,Take 3 (clean),clean,15.8,0.3678715809,0.8434281984,REST,At rest,1,FALSE
vid3,Take 3 (clean),clean,15.833333333,0.1470261154,0.8487233547,REST,At rest,1,FALSE
vid3,Take 3 (clean),clean,15.866666667,0.1779024388,0.8543036964,REST,At rest,1,FALSE
vid3,Take 3 (clean),clean,15.9,0.08588623351,0.8553393504,REST,At rest,1,FALSE
vid3,Take 3 (clean),clean,15.933333333,0.3321900932,0.8366160149,REST,At rest,1,FALSE
vid3,Take 3 (clean),clean,15.966666667,0.682428134,0.863016181,REST,At rest,1,FALSE
vid3,Take 3 (clean),clean,16,0.7969558804,0.9381922206,REST,At rest,1,FALSE
vid3,Take 3 (clean),clean,16.033333333,0.7536601074,0.9945726695,REST,At rest,1,FALSE
vid3,Take 3 (clean),clean,16.066666667,0.2021250567,0.9930075605,REST,At rest,1,FALSE
vid3,Take 3 (clean),clean,16.1,0.6347924056,0.9712322063,REST,At rest,1,FALSE
vid3,Take 3 (clean),clean,16.133333333,1.101327085,0.9394765705,REST,At rest,1,FALSE
vid3,Take 3 (clean),clean,16.166666667,1.081382069,0.9040149925,REST,At rest,1,FALSE
vid3,Take 3 (clean),clean,16.2,0.1191369542,0.9005433311,REST,At rest,1,FALSE
vid3,Take 3 (clean),clean,16.233333333,0.3281871965,0.9173592693,REST,At rest,1,FALSE
vid3,Take 3 (clean),clean,16.266666667,0.109613542,0.9158620305,REST,At rest,1,FALSE
vid3,Take 3 (clean),clean,16.3,0.3871221004,0.8827592459,REST,At rest,1,FALSE
vid3,Take 3 (clean),clean,16.333333333,0.6346459815,0.8939794143,REST,At rest,1,FALSE
vid3,Take 3 (clean),clean,16.366666667,0.9483575138,0.9480643788,REST,At rest,1,FALSE
vid3,Take 3 (clean),clean,16.4,1.03106521,0.9834964036,REST,At rest,1,FALSE
vid3,Take 3 (clean),clean,16.433333333,0.8498640406,0.9672423655,REST,At rest,1,FALSE
vid3,Take 3 (clean),clean,16.466666667,0.625834157,0.9469693867,REST,At rest,1,FALSE
vid3,Take 3 (clean),clean,16.5,0.2131150349,0.9720177566,REST,At rest,1,FALSE
vid3,Take 3 (clean),clean,16.533333333,0.1721358865,0.9632614029,REST,At rest,1,FALSE
vid3,Take 3 (clean),clean,16.566666667,0.2240855443,0.9519615836,REST,At rest,1,FALSE
vid3,Take 3 (clean),clean,16.6,0.1219063232,0.9294494771,REST,At rest,1,FALSE
vid3,Take 3 (clean),clean,16.633333333,0.04507933721,0.9405537092,REST,At rest,1,FALSE
vid3,Take 3 (clean),clean,16.666666667,0.0302869883,0.9460966286,REST,At rest,1,FALSE
vid3,Take 3 (clean),clean,16.7,0.1075470874,0.9624786263,REST,At rest,1,FALSE
vid3,Take 3 (clean),clean,16.733333333,0.3553533963,0.9636259982,REST,At rest,1,FALSE
vid3,Take 3 (clean),clean,16.766666667,0.3564189725,0.965310541,REST,At rest,1,FALSE
vid3,Take 3 (clean),clean,16.8,0.28282553,0.9431899967,REST,At rest,1,FALSE
vid3,Take 3 (clean),clean,16.833333333,0.1623236481,0.94706394,REST,At rest,1,FALSE
vid3,Take 3 (clean),clean,16.866666667,0.1426519593,0.9285578144,REST,At rest,1,FALSE
vid3,Take 3 (clean),clean,16.9,0.1334781213,0.91170991,REST,At rest,1,FALSE
vid3,Take 3 (clean),clean,16.933333333,0.07596257382,0.8825297094,REST,At rest,1,FALSE
vid3,Take 3 (clean),clean,16.966666667,0.3046701511,0.9008594742,REST,At rest,1,FALSE
vid3,Take 3 (clean),clean,17,0.416405868,0.9097434212,REST,At rest,1,FALSE
vid3,Take 3 (clean),clean,17.033333333,0.3734151623,0.9106012087,REST,At rest,1,FALSE
vid3,Take 3 (clean),clean,17.066666667,0.2812947602,0.9199034669,REST,At rest,1,FALSE
vid3,Take 3 (clean),clean,17.1,0.0595189168,0.9369786231,REST,At rest,1,FALSE
vid3,Take 3 (clean),clean,17.133333333,0.09154718533,0.9303765456,REST,At rest,1,FALSE
vid3,Take 3 (clean),clean,17.166666667,0.2955046881,0.912234711,REST,At rest,1,FALSE
vid3,Take 3 (clean),clean,17.2,0.2241255991,0.9137043709,REST,At rest,1,FALSE
vid3,Take 3 (clean),clean,17.233333333,0.0171783213,0.9218826508,REST,At rest,1,FALSE
vid3,Take 3 (clean),clean,17.266666667,0.1077382127,0.9242015321,REST,At rest,1,FALSE
vid3,Take 3 (clean),clean,17.3,0.1642672465,0.9038368539,REST,At rest,1,FALSE
vid3,Take 3 (clean),clean,17.333333333,0.07843524699,0.9069757199,REST,At rest,1,FALSE
vid3,Take 3 (clean),clean,17.366666667,0.2228235959,0.9140597157,REST,At rest,1,FALSE
vid3,Take 3 (clean),clean,17.4,0.04520386454,0.9250457774,REST,At rest,1,FALSE
vid3,Take 3 (clean),clean,17.433333333,0.1259405007,0.9001137436,REST,At rest,1,FALSE
vid3,Take 3 (clean),clean,17.466666667,0.2891347901,0.8869838011,REST,At rest,1,FALSE
vid3,Take 3 (clean),clean,17.5,0.2973972779,0.8943974836,REST,At rest,1,FALSE
vid3,Take 3 (clean),clean,17.533333333,0.2992719712,0.9151889487,REST,At rest,1,FALSE
vid3,Take 3 (clean),clean,17.566666667,0.2909320605,0.9105400907,REST,At rest,1,FALSE
vid3,Take 3 (clean),clean,17.6,0.07170854158,0.9246629276,REST,At rest,1,FALSE
vid3,Take 3 (clean),clean,17.633333333,0.02812884481,0.9448314754,REST,At rest,1,FALSE
vid3,Take 3 (clean),clean,17.666666667,0.2361111792,0.9649452016,REST,At rest,1,FALSE
vid3,Take 3 (clean),clean,17.7,0.4236775287,0.9426732804,REST,At rest,1,FALSE
vid3,Take 3 (clean),clean,17.733333333,0.1649864369,0.9146786417,REST,At rest,1,FALSE
vid3,Take 3 (clean),clean,17.766666667,0.04834352489,0.9016236737,REST,At rest,1,FALSE
vid3,Take 3 (clean),clean,17.8,0.0379719944,0.9228920004,REST,At rest,1,FALSE
vid3,Take 3 (clean),clean,17.833333333,0.06221315118,0.904502993,REST,At rest,1,FALSE
vid3,Take 3 (clean),clean,17.866666667,0.2927210271,0.8893385457,REST,At rest,1,FALSE
vid3,Take 3 (clean),clean,17.9,0.1644746338,0.9062693498,REST,At rest,1,FALSE
vid3,Take 3 (clean),clean,17.933333333,0.7519979467,0.9630876019,REST,At rest,1,FALSE
vid3,Take 3 (clean),clean,17.966666667,1.227453363,1.028123017,REST,At rest,1,FALSE
vid3,Take 3 (clean),clean,18,2.047850256,1.072933333,REACH,Reaching,2,FALSE
vid3,Take 3 (clean),clean,18.033333333,3.397496227,1.051474386,REACH,Reaching,2,FALSE
vid3,Take 3 (clean),clean,18.066666667,4.627388801,0.9883850297,REACH,Reaching,2,FALSE
vid3,Take 3 (clean),clean,18.1,5.660874637,0.9347440031,REACH,Reaching,2,FALSE
vid3,Take 3 (clean),clean,18.133333333,6.033277049,0.9434821362,REACH,Reaching,2,FALSE
vid3,Take 3 (clean),clean,18.166666667,6.260497588,0.9618186929,REACH,Reaching,2,FALSE
vid3,Take 3 (clean),clean,18.2,6.564905514,0.9877558047,REACH,Reaching,2,FALSE
vid3,Take 3 (clean),clean,18.233333333,6.700771099,1.038926962,REACH,Reaching,2,FALSE
vid3,Take 3 (clean),clean,18.266666667,6.435536979,1.109582258,REACH,Reaching,2,FALSE
vid3,Take 3 (clean),clean,18.3,5.938774964,1.146870561,REACH,Reaching,2,FALSE
vid3,Take 3 (clean),clean,18.333333333,5.467919067,1.148729161,REACH,Reaching,2,FALSE
vid3,Take 3 (clean),clean,18.366666667,4.996880574,1.154496426,REACH,Reaching,2,FALSE
vid3,Take 3 (clean),clean,18.4,4.346919067,1.108263253,REACH,Reaching,2,FALSE
vid3,Take 3 (clean),clean,18.433333333,3.688329972,1.050484009,REACH,Reaching,2,FALSE
vid3,Take 3 (clean),clean,18.466666667,3.207495823,1.016676132,REACH,Reaching,2,FALSE
vid3,Take 3 (clean),clean,18.5,2.956307432,1.007209008,REACH,Reaching,2,FALSE
vid3,Take 3 (clean),clean,18.533333333,2.833403911,1.004844066,REACH,Reaching,2,FALSE
vid3,Take 3 (clean),clean,18.566666667,2.669641954,1.012675139,REACH,Reaching,2,FALSE
vid3,Take 3 (clean),clean,18.6,2.543186131,1.031198114,REACH,Reaching,2,FALSE
vid3,Take 3 (clean),clean,18.633333333,2.330961916,1.059179741,REACH,Reaching,2,FALSE
vid3,Take 3 (clean),clean,18.666666667,2.022737906,1.098128348,REACH,Reaching,2,FALSE
vid3,Take 3 (clean),clean,18.7,1.626718699,1.125401089,REACH,Reaching,2,FALSE
vid3,Take 3 (clean),clean,18.733333333,1.330132709,1.119059225,REACH,Reaching,2,FALSE
vid3,Take 3 (clean),clean,18.766666667,1.062907567,1.094544186,REACH,Reaching,2,FALSE
vid3,Take 3 (clean),clean,18.8,0.8185062295,1.080214404,REACH,Reaching,2,FALSE
vid3,Take 3 (clean),clean,18.833333333,0.5751595887,1.090192204,REACH,Reaching,2,FALSE
vid3,Take 3 (clean),clean,18.866666667,0.3232039347,1.113251742,REACH,Reaching,2,FALSE
vid3,Take 3 (clean),clean,18.9,0.1834330792,1.124376355,REACH,Reaching,2,FALSE
vid3,Take 3 (clean),clean,18.933333333,0.2048635277,1.119466632,REACH,Reaching,2,FALSE
vid3,Take 3 (clean),clean,18.966666667,0.4184046742,1.110589982,REACH,Reaching,2,FALSE
vid3,Take 3 (clean),clean,19,0.7621981472,1.112477812,REACH,Reaching,2,FALSE
vid3,Take 3 (clean),clean,19.033333333,1.229752442,1.093978718,REACH,Reaching,2,FALSE
vid3,Take 3 (clean),clean,19.066666667,1.732078884,1.105574382,REACH,Reaching,2,FALSE
vid3,Take 3 (clean),clean,19.1,2.18854712,1.064306441,REACH,Reaching,2,FALSE
vid3,Take 3 (clean),clean,19.133333333,2.450385546,1.019790633,REACH,Reaching,2,FALSE
vid3,Take 3 (clean),clean,19.166666667,2.74461838,0.9648198933,REACH,Reaching,2,FALSE
vid3,Take 3 (clean),clean,19.2,2.857703258,0.9408681349,REACH,Reaching,2,FALSE
vid3,Take 3 (clean),clean,19.233333333,2.70646168,0.8347592359,GRASP,Grasping,3,FALSE
vid3,Take 3 (clean),clean,19.266666667,2.205941582,0.8121522269,GRASP,Grasping,3,FALSE
vid3,Take 3 (clean),clean,19.3,1.452915718,0.9087841005,GRASP,Grasping,3,FALSE
vid3,Take 3 (clean),clean,19.333333333,0.8095408614,0.9720097676,GRASP,Grasping,3,FALSE
vid3,Take 3 (clean),clean,19.366666667,0.5355645728,0.9647866707,GRASP,Grasping,3,FALSE
vid3,Take 3 (clean),clean,19.4,0.6882051225,0.9225497299,GRASP,Grasping,3,FALSE
vid3,Take 3 (clean),clean,19.433333333,0.9495724267,0.9155003842,GRASP,Grasping,3,FALSE
vid3,Take 3 (clean),clean,19.466666667,1.09122839,0.8339257526,GRASP,Grasping,3,FALSE
vid3,Take 3 (clean),clean,19.5,1.249467297,0.7486119614,GRASP,Grasping,3,FALSE
vid3,Take 3 (clean),clean,19.533333333,1.306588612,0.682174083,GRASP,Grasping,3,FALSE
vid3,Take 3 (clean),clean,19.566666667,1.210395996,0.669553592,GRASP,Grasping,3,FALSE
vid3,Take 3 (clean),clean,19.6,1.007825516,0.6608426724,GRASP,Grasping,3,FALSE
vid3,Take 3 (clean),clean,19.633333333,0.7034598026,0.6141079701,GRASP,Grasping,3,FALSE
vid3,Take 3 (clean),clean,19.666666667,0.4905240042,0.6202002015,GRASP,Grasping,3,FALSE
vid3,Take 3 (clean),clean,19.7,0.3797552072,0.6568002262,GRASP,Grasping,3,FALSE
vid3,Take 3 (clean),clean,19.733333333,0.3572558798,0.6930494934,GRASP,Grasping,3,FALSE
vid3,Take 3 (clean),clean,19.766666667,0.3309761014,0.683095031,GRASP,Grasping,3,FALSE
vid3,Take 3 (clean),clean,19.8,0.3094765284,0.6783356079,GRASP,Grasping,3,FALSE
vid3,Take 3 (clean),clean,19.833333333,0.2867748394,0.6668327108,GRASP,Grasping,3,FALSE
vid3,Take 3 (clean),clean,19.866666667,0.2567558576,0.6418277273,GRASP,Grasping,3,FALSE
vid3,Take 3 (clean),clean,19.9,0.2841521792,0.6212804954,GRASP,Grasping,3,FALSE
vid3,Take 3 (clean),clean,19.933333333,0.3521636456,0.6202244555,GRASP,Grasping,3,FALSE
vid3,Take 3 (clean),clean,19.966666667,0.3779163612,0.6379845978,GRASP,Grasping,3,FALSE
vid3,Take 3 (clean),clean,20,0.3497729163,0.653154873,GRASP,Grasping,3,FALSE
vid3,Take 3 (clean),clean,20.033333333,0.2721153161,0.6683083539,GRASP,Grasping,3,FALSE
vid3,Take 3 (clean),clean,20.066666667,0.2334325865,0.6648449139,GRASP,Grasping,3,FALSE
vid3,Take 3 (clean),clean,20.1,0.1703503037,0.6582720243,GRASP,Grasping,3,FALSE
vid3,Take 3 (clean),clean,20.133333333,0.202355066,0.6469611787,GRASP,Grasping,3,FALSE
vid3,Take 3 (clean),clean,20.166666667,0.2889533917,0.6852046924,GRASP,Grasping,3,FALSE
vid3,Take 3 (clean),clean,20.2,0.5314351409,0.7083413224,GRASP,Grasping,3,FALSE
vid3,Take 3 (clean),clean,20.233333333,0.8928207082,0.6939184176,GRASP,Grasping,3,FALSE
vid3,Take 3 (clean),clean,20.266666667,1.286306512,0.6331068537,GRASP,Grasping,3,FALSE
vid3,Take 3 (clean),clean,20.3,1.867964184,0.5685865754,GRASP,Grasping,3,FALSE
vid3,Take 3 (clean),clean,20.333333333,2.682971891,0.5234014122,GRASP,Grasping,3,FALSE
vid3,Take 3 (clean),clean,20.366666667,3.57540478,0.5261860991,GRASP,Grasping,3,FALSE
vid3,Take 3 (clean),clean,20.4,4.286149302,0.5507113189,GRASP,Grasping,3,FALSE
vid3,Take 3 (clean),clean,20.433333333,4.627977422,0.5769419837,GRASP,Grasping,3,FALSE
vid3,Take 3 (clean),clean,20.466666667,4.601360936,0.6131466757,GRASP,Grasping,3,FALSE
vid3,Take 3 (clean),clean,20.5,4.414833124,0.6680610643,GRASP,Grasping,3,FALSE
vid3,Take 3 (clean),clean,20.533333333,4.016791303,0.7116062611,GRASP,Grasping,3,FALSE
vid3,Take 3 (clean),clean,20.566666667,3.427012072,0.7522110943,GRASP,Grasping,3,FALSE
vid3,Take 3 (clean),clean,20.6,2.854829197,0.7670600354,GRASP,Grasping,3,FALSE
vid3,Take 3 (clean),clean,20.633333333,2.315262927,0.7731657986,GRASP,Grasping,3,FALSE
vid3,Take 3 (clean),clean,20.666666667,1.840340928,0.7989020476,GRASP,Grasping,3,FALSE
vid3,Take 3 (clean),clean,20.7,1.375137961,0.807023662,GRASP,Grasping,3,FALSE
vid3,Take 3 (clean),clean,20.733333333,0.9630657658,0.772111985,GRASP,Grasping,3,FALSE
vid3,Take 3 (clean),clean,20.766666667,0.6979658028,0.7394100867,GRASP,Grasping,3,FALSE
vid3,Take 3 (clean),clean,20.8,0.5609880051,0.6922113351,GRASP,Grasping,3,FALSE
vid3,Take 3 (clean),clean,20.833333333,0.4528145932,0.6952002901,GRASP,Grasping,3,FALSE
vid3,Take 3 (clean),clean,20.866666667,0.3856747758,0.6753183746,HOLD,Holding,4,FALSE
vid3,Take 3 (clean),clean,20.9,0.2784744665,0.7160446778,HOLD,Holding,4,FALSE
vid3,Take 3 (clean),clean,20.933333333,0.2770178372,0.6788368121,HOLD,Holding,4,FALSE
vid3,Take 3 (clean),clean,20.966666667,0.346352637,0.7386021307,HOLD,Holding,4,FALSE
vid3,Take 3 (clean),clean,21,0.4151435947,0.7509475751,HOLD,Holding,4,FALSE
vid3,Take 3 (clean),clean,21.033333333,0.440122092,0.7747641477,HOLD,Holding,4,FALSE
vid3,Take 3 (clean),clean,21.066666667,0.3283121354,0.718464465,HOLD,Holding,4,FALSE
vid3,Take 3 (clean),clean,21.1,0.3184665565,0.7220910034,HOLD,Holding,4,FALSE
vid3,Take 3 (clean),clean,21.133333333,0.2792697864,0.7268803463,HOLD,Holding,4,FALSE
vid3,Take 3 (clean),clean,21.166666667,0.2928457762,0.7233370689,HOLD,Holding,4,FALSE
vid3,Take 3 (clean),clean,21.2,0.1585907028,0.7392941643,HOLD,Holding,4,FALSE
vid3,Take 3 (clean),clean,21.233333333,0.03027068559,0.7554832454,HOLD,Holding,4,FALSE
vid3,Take 3 (clean),clean,21.266666667,0.08965811925,0.7526017427,HOLD,Holding,4,FALSE
vid3,Take 3 (clean),clean,21.3,0.1808854482,0.7322881378,HOLD,Holding,4,FALSE
vid3,Take 3 (clean),clean,21.333333333,0.1904322945,0.7436219132,HOLD,Holding,4,FALSE
vid3,Take 3 (clean),clean,21.366666667,0.2042652264,0.7511188,HOLD,Holding,4,FALSE
vid3,Take 3 (clean),clean,21.4,0.1876255393,0.7414102276,HOLD,Holding,4,FALSE
vid3,Take 3 (clean),clean,21.433333333,0.1822658228,0.7375714021,HOLD,Holding,4,FALSE
vid3,Take 3 (clean),clean,21.466666667,0.2219281694,0.7477363974,HOLD,Holding,4,FALSE
vid3,Take 3 (clean),clean,21.5,0.2418306975,0.7396895142,HOLD,Holding,4,FALSE
vid3,Take 3 (clean),clean,21.533333333,0.197872981,0.7350507202,HOLD,Holding,4,FALSE
vid3,Take 3 (clean),clean,21.566666667,0.1753277046,0.7347937986,HOLD,Holding,4,FALSE
vid3,Take 3 (clean),clean,21.6,0.1039072161,0.7432134672,HOLD,Holding,4,FALSE
vid3,Take 3 (clean),clean,21.633333333,0.1269325126,0.7292473406,HOLD,Holding,4,FALSE
vid3,Take 3 (clean),clean,21.666666667,0.1992316479,0.7187407156,HOLD,Holding,4,FALSE
vid3,Take 3 (clean),clean,21.7,0.2626141125,0.7132000013,HOLD,Holding,4,FALSE
vid3,Take 3 (clean),clean,21.733333333,0.3570313074,0.728480915,HOLD,Holding,4,FALSE
vid3,Take 3 (clean),clean,21.766666667,0.3776989316,0.7292464474,HOLD,Holding,4,FALSE
vid3,Take 3 (clean),clean,21.8,0.3871948136,0.7169775436,HOLD,Holding,4,FALSE
vid3,Take 3 (clean),clean,21.833333333,0.5042038907,0.7098705002,HOLD,Holding,4,FALSE
vid3,Take 3 (clean),clean,21.866666667,0.6141797884,0.7246516794,HOLD,Holding,4,FALSE
vid3,Take 3 (clean),clean,21.9,0.8042471799,0.7315564566,HOLD,Holding,4,FALSE
vid3,Take 3 (clean),clean,21.933333333,1.041908983,0.705023074,HOLD,Holding,4,FALSE
vid3,Take 3 (clean),clean,21.966666667,1.201628472,0.6800567039,HOLD,Holding,4,FALSE
vid3,Take 3 (clean),clean,22,1.445355864,0.6766747047,HOLD,Holding,4,FALSE
vid3,Take 3 (clean),clean,22.033333333,1.680887538,0.7120397466,HOLD,Holding,4,FALSE
vid3,Take 3 (clean),clean,22.066666667,1.957291571,0.7174685422,HOLD,Holding,4,FALSE
vid3,Take 3 (clean),clean,22.1,2.309830976,0.6963569944,HOLD,Holding,4,FALSE
vid3,Take 3 (clean),clean,22.133333333,2.628744001,0.6695034128,HOLD,Holding,4,FALSE
vid3,Take 3 (clean),clean,22.166666667,2.947474739,0.6578907369,HOLD,Holding,4,FALSE
vid3,Take 3 (clean),clean,22.2,3.144518469,0.6207790052,HOLD,Holding,4,FALSE
vid3,Take 3 (clean),clean,22.233333333,3.344706723,0.6008469967,HOLD,Holding,4,FALSE
vid3,Take 3 (clean),clean,22.266666667,3.448842686,0.6024088813,HOLD,Holding,4,FALSE
vid3,Take 3 (clean),clean,22.3,3.460257581,0.5953424138,HOLD,Holding,4,FALSE
vid3,Take 3 (clean),clean,22.333333333,3.387758793,0.5730759691,HOLD,Holding,4,FALSE
vid3,Take 3 (clean),clean,22.366666667,3.186638605,0.5594736395,HOLD,Holding,4,FALSE
vid3,Take 3 (clean),clean,22.4,2.90934301,0.5818472315,HOLD,Holding,4,FALSE
vid3,Take 3 (clean),clean,22.433333333,2.56122762,0.6266628453,HOLD,Holding,4,FALSE
vid3,Take 3 (clean),clean,22.466666667,2.123284468,0.7160469303,HOLD,Holding,4,FALSE
vid3,Take 3 (clean),clean,22.5,1.743811154,0.8145852404,HOLD,Holding,4,FALSE
vid3,Take 3 (clean),clean,22.533333333,1.488104693,0.9121688189,HOLD,Holding,4,FALSE
vid3,Take 3 (clean),clean,22.566666667,1.331902224,0.9892805571,HOLD,Holding,4,FALSE
vid3,Take 3 (clean),clean,22.6,1.359529989,1.030706039,HOLD,Holding,4,FALSE
vid3,Take 3 (clean),clean,22.633333333,1.454294149,0.9931320428,HOLD,Holding,4,FALSE
vid3,Take 3 (clean),clean,22.666666667,1.536755688,0.9117093506,HOLD,Holding,4,FALSE
vid3,Take 3 (clean),clean,22.7,1.290229268,0.8995885043,HOLD,Holding,4,FALSE
vid3,Take 3 (clean),clean,22.733333333,0.8727832491,0.9562053242,HOLD,Holding,4,FALSE
vid3,Take 3 (clean),clean,22.766666667,0.3892168309,1.018215404,HOLD,Holding,4,FALSE
vid3,Take 3 (clean),clean,22.8,0.08504655721,1.018944398,HOLD,Holding,4,FALSE
vid3,Take 3 (clean),clean,22.833333333,0.1268679476,1.043212559,HOLD,Holding,4,FALSE
vid3,Take 3 (clean),clean,22.866666667,0.1854831961,1.053011187,HOLD,Holding,4,FALSE
vid3,Take 3 (clean),clean,22.9,0.2952170458,1.06575224,HOLD,Holding,4,FALSE
vid3,Take 3 (clean),clean,22.933333333,0.2266416302,1.037305043,HOLD,Holding,4,FALSE
vid3,Take 3 (clean),clean,22.966666667,0.08758289842,1.033670824,HOLD,Holding,4,FALSE
vid3,Take 3 (clean),clean,23,0.1356435375,1.043179412,HOLD,Holding,4,FALSE
vid3,Take 3 (clean),clean,23.033333333,0.2085690263,1.051876722,HOLD,Holding,4,FALSE
vid3,Take 3 (clean),clean,23.066666667,0.2573879313,1.025726604,HOLD,Holding,4,FALSE
vid3,Take 3 (clean),clean,23.1,0.1636089827,1.028224618,HOLD,Holding,4,FALSE
vid3,Take 3 (clean),clean,23.133333333,0.101334843,1.039268989,HOLD,Holding,4,FALSE
vid3,Take 3 (clean),clean,23.166666667,0.01967922002,1.007865192,HOLD,Holding,4,FALSE
vid3,Take 3 (clean),clean,23.2,0.01190197372,0.9611746185,HOLD,Holding,4,FALSE
vid3,Take 3 (clean),clean,23.233333333,0.05267193003,0.9737970702,HOLD,Holding,4,FALSE
vid3,Take 3 (clean),clean,23.266666667,0.04657071153,1.000195806,HOLD,Holding,4,FALSE
vid3,Take 3 (clean),clean,23.3,0.0558155161,0.945041855,HOLD,Holding,4,FALSE
vid3,Take 3 (clean),clean,23.333333333,0.1038232714,0.9135692483,HOLD,Holding,4,FALSE
vid3,Take 3 (clean),clean,23.366666667,0.1060238683,0.9002398547,HOLD,Holding,4,FALSE
vid3,Take 3 (clean),clean,23.4,0.02664864076,0.8938571478,HOLD,Holding,4,FALSE
vid3,Take 3 (clean),clean,23.433333333,0.1079837947,0.8484492913,HOLD,Holding,4,FALSE
vid3,Take 3 (clean),clean,23.466666667,0.07579255665,0.8418681257,HOLD,Holding,4,FALSE
vid3,Take 3 (clean),clean,23.5,0.0875345117,0.8517300336,HOLD,Holding,4,FALSE
vid3,Take 3 (clean),clean,23.533333333,0.1788380144,0.8420881876,HOLD,Holding,4,FALSE
vid3,Take 3 (clean),clean,23.566666667,0.2378561801,0.854016496,HOLD,Holding,4,FALSE
vid3,Take 3 (clean),clean,23.6,0.3346352915,0.870741523,HOLD,Holding,4,FALSE
vid3,Take 3 (clean),clean,23.633333333,0.411290161,0.8944812571,HOLD,Holding,4,FALSE
vid3,Take 3 (clean),clean,23.666666667,0.4726826028,0.8668439176,HOLD,Holding,4,FALSE
vid3,Take 3 (clean),clean,23.7,0.6096134375,0.8717389441,RELEASE,Releasing,5,FALSE
vid3,Take 3 (clean),clean,23.733333333,0.5809149174,0.926609584,RELEASE,Releasing,5,FALSE
vid3,Take 3 (clean),clean,23.766666667,0.7695870045,0.9875413122,RELEASE,Releasing,5,FALSE
vid3,Take 3 (clean),clean,23.8,0.9296501588,1.053477652,RELEASE,Releasing,5,FALSE
vid3,Take 3 (clean),clean,23.833333333,1.227891946,1.096995307,RELEASE,Releasing,5,FALSE
vid3,Take 3 (clean),clean,23.866666667,1.650306569,1.161562316,RELEASE,Releasing,5,FALSE
vid3,Take 3 (clean),clean,23.9,2.017037032,1.23147494,RELEASE,Releasing,5,FALSE
vid3,Take 3 (clean),clean,23.933333333,2.508480988,1.306846163,RELEASE,Releasing,5,FALSE
vid3,Take 3 (clean),clean,23.966666667,2.996916931,1.30692996,RELEASE,Releasing,5,FALSE
vid3,Take 3 (clean),clean,24,3.364317271,1.278160149,RELEASE,Releasing,5,FALSE
vid3,Take 3 (clean),clean,24.033333333,3.866260415,1.261637415,RELEASE,Releasing,5,FALSE
vid3,Take 3 (clean),clean,24.066666667,4.338057889,1.26853531,RELEASE,Releasing,5,FALSE
vid3,Take 3 (clean),clean,24.1,4.73706677,1.282136156,RETRACT,Returning,6,FALSE
vid3,Take 3 (clean),clean,24.133333333,4.925336802,1.270114466,RETRACT,Returning,6,FALSE
vid3,Take 3 (clean),clean,24.166666667,4.846763404,1.224400063,RETRACT,Returning,6,FALSE
vid3,Take 3 (clean),clean,24.2,4.650591176,1.196629462,RETRACT,Returning,6,FALSE
vid3,Take 3 (clean),clean,24.233333333,4.458705975,1.205285592,RETRACT,Returning,6,FALSE
vid3,Take 3 (clean),clean,24.266666667,4.340609315,1.209607788,RETRACT,Returning,6,FALSE
vid3,Take 3 (clean),clean,24.3,4.142000756,1.207184339,RETRACT,Returning,6,FALSE
vid3,Take 3 (clean),clean,24.333333333,3.904376681,1.215791429,RETRACT,Returning,6,FALSE
vid3,Take 3 (clean),clean,24.366666667,3.524930011,1.242531133,RETRACT,Returning,6,FALSE
vid3,Take 3 (clean),clean,24.4,3.11038996,1.259398729,RETRACT,Returning,6,FALSE
vid3,Take 3 (clean),clean,24.433333333,2.81318796,1.258217349,RETRACT,Returning,6,FALSE
vid3,Take 3 (clean),clean,24.466666667,2.529632656,1.252389382,RETRACT,Returning,6,FALSE
vid3,Take 3 (clean),clean,24.5,2.296414752,1.247529637,RETRACT,Returning,6,FALSE
vid3,Take 3 (clean),clean,24.533333333,2.184403375,1.229595519,RETRACT,Returning,6,FALSE
vid3,Take 3 (clean),clean,24.566666667,2.044840757,1.2158831,RETRACT,Returning,6,FALSE
vid3,Take 3 (clean),clean,24.6,2.267294802,1.168724761,RETRACT,Returning,6,FALSE
vid3,Take 3 (clean),clean,24.633333333,2.581573836,1.158473359,RETRACT,Returning,6,FALSE
vid3,Take 3 (clean),clean,24.666666667,2.987831075,1.104423184,RETRACT,Returning,6,FALSE
vid3,Take 3 (clean),clean,24.7,2.629084686,1.070668811,RETRACT,Returning,6,FALSE
vid3,Take 3 (clean),clean,24.733333333,1.760962651,1.034515924,RETRACT,Returning,6,FALSE
vid3,Take 3 (clean),clean,24.766666667,0.7018921631,1.042697227,RETRACT,Returning,6,FALSE
vid3,Take 3 (clean),clean,24.8,0.1315881055,0.9883045533,RETRACT,Returning,6,FALSE
vid3,Take 3 (clean),clean,24.833333333,0.5104630584,0.9311927368,REST,At rest,1,FALSE
vid3,Take 3 (clean),clean,24.866666667,0.4182772255,0.895965882,REST,At rest,1,FALSE
vid3,Take 3 (clean),clean,24.9,0.2846472445,0.8936908624,REST,At rest,1,FALSE
vid3,Take 3 (clean),clean,24.933333333,0.1222148334,0.8710151256,REST,At rest,1,FALSE
vid3,Take 3 (clean),clean,24.966666667,0.2578698726,0.8583248735,REST,At rest,1,FALSE
vid3,Take 3 (clean),clean,25,0.1791460276,0.8508905324,REST,At rest,1,FALSE
vid3,Take 3 (clean),clean,25.033333333,0.316184001,0.9059714856,REST,At rest,1,FALSE
vid3,Take 3 (clean),clean,25.066666667,0.1132805476,0.9504073337,REST,At rest,1,FALSE
vid3,Take 3 (clean),clean,25.1,0.1264706461,0.9874230767,REST,At rest,1,FALSE
vid3,Take 3 (clean),clean,25.133333333,0.09939753994,0.9530692462,REST,At rest,1,FALSE
vid3,Take 3 (clean),clean,25.166666667,0.1693429948,0.9101294228,REST,At rest,1,FALSE
vid3,Take 3 (clean),clean,25.2,0.1373107019,0.8771431004,REST,At rest,1,FALSE
vid3,Take 3 (clean),clean,25.233333333,0.4796832988,0.903431741,REST,At rest,1,FALSE
vid3,Take 3 (clean),clean,25.266666667,0.4827276439,0.9080676456,REST,At rest,1,FALSE
vid3,Take 3 (clean),clean,25.3,0.2043344892,0.9260383122,REST,At rest,1,FALSE
vid3,Take 3 (clean),clean,25.333333333,0.03636280674,0.9213892661,REST,At rest,1,FALSE
vid3,Take 3 (clean),clean,25.366666667,0.2403368047,0.9123097787,REST,At rest,1,FALSE
vid3,Take 3 (clean),clean,25.4,0.329153216,0.8947385015,REST,At rest,1,FALSE
vid3,Take 3 (clean),clean,25.433333333,0.3141490535,0.908771576,REST,At rest,1,FALSE
vid3,Take 3 (clean),clean,25.466666667,0.1826761193,0.900746862,REST,At rest,1,FALSE
vid3,Take 3 (clean),clean,25.5,0.1715609989,0.9053662501,REST,At rest,1,FALSE
vid3,Take 3 (clean),clean,25.533333333,0.1893410694,0.9246474413,REST,At rest,1,FALSE
vid3,Take 3 (clean),clean,25.566666667,0.1119040092,0.96452456,REST,At rest,1,FALSE
vid3,Take 3 (clean),clean,25.6,0.1306256161,0.9512872956,REST,At rest,1,FALSE
vid3,Take 3 (clean),clean,25.633333333,0.0748642056,0.9468038785,REST,At rest,1,FALSE
vid3,Take 3 (clean),clean,25.666666667,0.1066487528,0.9569554583,REST,At rest,1,FALSE
vid3,Take 3 (clean),clean,25.7,0.1674588659,0.9678287503,REST,At rest,1,FALSE
vid3,Take 3 (clean),clean,25.733333333,0.08297516472,0.9521533948,REST,At rest,1,FALSE
vid3,Take 3 (clean),clean,25.766666667,0.008806139944,0.9583219998,REST,At rest,1,FALSE
vid3,Take 3 (clean),clean,25.8,0.09623928035,0.9761397809,REST,At rest,1,FALSE
vid4,Take 4 (fast),fast,0,1.774762753,0.8293095038,REST,At rest,1,FALSE
vid4,Take 4 (fast),fast,0.03333333333,1.334154617,0.9563526804,REST,At rest,1,FALSE
vid4,Take 4 (fast),fast,0.06666666667,0.8956811638,1.013051583,REST,At rest,1,FALSE
vid4,Take 4 (fast),fast,0.1,0.06100570221,0.9657393501,REST,At rest,1,FALSE
vid4,Take 4 (fast),fast,0.1333333333,0.02968329154,0.9429632307,REST,At rest,1,FALSE
vid4,Take 4 (fast),fast,0.1666666667,0.1730052554,0.9765597781,REST,At rest,1,FALSE
vid4,Take 4 (fast),fast,0.2,0.09859198193,0.9943758775,REST,At rest,1,FALSE
vid4,Take 4 (fast),fast,0.2333333333,0.290791991,0.9693328631,REST,At rest,1,FALSE
vid4,Take 4 (fast),fast,0.2666666667,0.143298535,0.9361406211,REST,At rest,1,FALSE
vid4,Take 4 (fast),fast,0.3,0.06278152702,0.9242816492,REST,At rest,1,FALSE
vid4,Take 4 (fast),fast,0.3333333333,0.116331084,0.9597215888,REST,At rest,1,FALSE
vid4,Take 4 (fast),fast,0.3666666667,0.4514962927,0.9836313515,REST,At rest,1,FALSE
vid4,Take 4 (fast),fast,0.4,0.9338449515,0.9726539542,REST,At rest,1,FALSE
vid4,Take 4 (fast),fast,0.4333333333,1.12582649,0.9186886515,REST,At rest,1,FALSE
vid4,Take 4 (fast),fast,0.4666666667,0.7873743268,0.8871472342,REST,At rest,1,FALSE
vid4,Take 4 (fast),fast,0.5,0.1451828776,0.8636926614,REST,At rest,1,FALSE
vid4,Take 4 (fast),fast,0.5333333333,0.9636227379,0.8973662357,REST,At rest,1,FALSE
vid4,Take 4 (fast),fast,0.5666666667,1.075972454,0.9334578287,REST,At rest,1,FALSE
vid4,Take 4 (fast),fast,0.6,0.8794094273,0.9678249432,REST,At rest,1,FALSE
vid4,Take 4 (fast),fast,0.6333333333,0.4318251553,0.9615379105,REST,At rest,1,FALSE
vid4,Take 4 (fast),fast,0.6666666667,0.1193756,0.9437920642,REST,At rest,1,FALSE
vid4,Take 4 (fast),fast,0.7,0.2668129425,0.9281253351,REST,At rest,1,FALSE
vid4,Take 4 (fast),fast,0.7333333333,0.2226039268,0.9343489925,REST,At rest,1,FALSE
vid4,Take 4 (fast),fast,0.7666666667,0.2444349672,0.9577690301,REST,At rest,1,FALSE
vid4,Take 4 (fast),fast,0.8,0.6916169428,0.9845061584,REST,At rest,1,FALSE
vid4,Take 4 (fast),fast,0.8333333333,1.463994376,1.004961273,REST,At rest,1,FALSE
vid4,Take 4 (fast),fast,0.8666666667,3.080348076,1.037619634,REST,At rest,1,FALSE
vid4,Take 4 (fast),fast,0.9,4.949152088,1.025001675,REACH,Reaching,2,FALSE
vid4,Take 4 (fast),fast,0.9333333333,6.670176328,0.9416057308,REACH,Reaching,2,FALSE
vid4,Take 4 (fast),fast,0.9666666667,7.990079594,0.8353731539,REACH,Reaching,2,FALSE
vid4,Take 4 (fast),fast,1,8.787256534,0.7501510763,REACH,Reaching,2,FALSE
vid4,Take 4 (fast),fast,1.033333333,9.566597677,0.7606077756,REACH,Reaching,2,FALSE
vid4,Take 4 (fast),fast,1.066666667,10.236891741,0.8626278988,REACH,Reaching,2,FALSE
vid4,Take 4 (fast),fast,1.1,10.695837701,0.9519090749,REACH,Reaching,2,FALSE
vid4,Take 4 (fast),fast,1.133333333,11.092615983,0.9579154116,REACH,Reaching,2,FALSE
vid4,Take 4 (fast),fast,1.166666667,10.971740291,1.020208841,REACH,Reaching,2,FALSE
vid4,Take 4 (fast),fast,1.2,9.721267814,1.024120983,REACH,Reaching,2,FALSE
vid4,Take 4 (fast),fast,1.233333333,7.850941313,0.9506193081,REACH,Reaching,2,FALSE
vid4,Take 4 (fast),fast,1.266666667,5.613267203,0.8682452384,GRASP,Grasping,3,FALSE
vid4,Take 4 (fast),fast,1.3,3.880819412,0.9393763727,GRASP,Grasping,3,FALSE
vid4,Take 4 (fast),fast,1.333333333,3.621541475,0.9139073915,GRASP,Grasping,3,FALSE
vid4,Take 4 (fast),fast,1.366666667,4.443837291,0.9297466545,GRASP,Grasping,3,FALSE
vid4,Take 4 (fast),fast,1.4,5.708135075,0.8846193505,GRASP,Grasping,3,FALSE
vid4,Take 4 (fast),fast,1.433333333,6.96258082,0.7291484774,GRASP,Grasping,3,FALSE
vid4,Take 4 (fast),fast,1.466666667,7.603135584,0.5687966568,GRASP,Grasping,3,FALSE
vid4,Take 4 (fast),fast,1.5,7.487493175,0.5746621725,GRASP,Grasping,3,FALSE
vid4,Take 4 (fast),fast,1.533333333,6.508409548,0.604841802,GRASP,Grasping,3,FALSE
vid4,Take 4 (fast),fast,1.566666667,5.226838281,0.676470444,GRASP,Grasping,3,FALSE
vid4,Take 4 (fast),fast,1.6,3.991007561,0.7984913191,GRASP,Grasping,3,FALSE
vid4,Take 4 (fast),fast,1.633333333,2.291002198,0.9291594222,HOLD,Holding,4,FALSE
vid4,Take 4 (fast),fast,1.666666667,1.490043591,0.9352401872,HOLD,Holding,4,FALSE
vid4,Take 4 (fast),fast,1.7,2.6239553,0.9743904027,HOLD,Holding,4,FALSE
vid4,Take 4 (fast),fast,1.733333333,3.963590393,0.9433438033,HOLD,Holding,4,FALSE
vid4,Take 4 (fast),fast,1.766666667,4.529316013,0.8705928278,HOLD,Holding,4,FALSE
vid4,Take 4 (fast),fast,1.8,4.946097748,0.810609295,HOLD,Holding,4,FALSE
vid4,Take 4 (fast),fast,1.833333333,5.058863009,0.8177806507,HOLD,Holding,4,FALSE
vid4,Take 4 (fast),fast,1.866666667,4.979190713,0.8526418083,HOLD,Holding,4,FALSE
vid4,Take 4 (fast),fast,1.9,4.900388818,0.8835060902,HOLD,Holding,4,FALSE
vid4,Take 4 (fast),fast,1.933333333,4.83992708,0.9141927769,HOLD,Holding,4,FALSE
vid4,Take 4 (fast),fast,1.966666667,4.775916459,0.9313545074,HOLD,Holding,4,FALSE
vid4,Take 4 (fast),fast,2,4.382153116,0.9401903295,HOLD,Holding,4,FALSE
vid4,Take 4 (fast),fast,2.033333333,3.788193422,0.9538163625,HOLD,Holding,4,FALSE
vid4,Take 4 (fast),fast,2.066666667,2.549834483,0.8650347344,HOLD,Holding,4,FALSE
vid4,Take 4 (fast),fast,2.1,1.249359933,0.7719714768,HOLD,Holding,4,FALSE
vid4,Take 4 (fast),fast,2.133333333,0.4906831179,0.723620849,HOLD,Holding,4,FALSE
vid4,Take 4 (fast),fast,2.166666667,1.240376008,0.805169705,HOLD,Holding,4,FALSE
vid4,Take 4 (fast),fast,2.2,2.228275495,0.8249692336,HOLD,Holding,4,FALSE
vid4,Take 4 (fast),fast,2.233333333,3.529160036,0.9139470518,HOLD,Holding,4,FALSE
vid4,Take 4 (fast),fast,2.266666667,4.982116624,0.9681361928,HOLD,Holding,4,FALSE
vid4,Take 4 (fast),fast,2.3,6.277968385,0.9748119964,RETRACT,Returning,6,FALSE
vid4,Take 4 (fast),fast,2.333333333,7.197692736,0.9016616612,RETRACT,Returning,6,FALSE
vid4,Take 4 (fast),fast,2.366666667,8.280442664,0.8766465889,RETRACT,Returning,6,FALSE
vid4,Take 4 (fast),fast,2.4,8.939556046,0.8979828594,RETRACT,Returning,6,FALSE
vid4,Take 4 (fast),fast,2.433333333,9.344259633,0.7667021667,RETRACT,Returning,6,FALSE
vid4,Take 4 (fast),fast,2.466666667,9.650441358,0.6685950478,RETRACT,Returning,6,FALSE
vid4,Take 4 (fast),fast,2.5,9.735418047,0.6657956554,RETRACT,Returning,6,FALSE
vid4,Take 4 (fast),fast,2.533333333,9.55845262,0.8445992696,RETRACT,Returning,6,FALSE
vid4,Take 4 (fast),fast,2.566666667,8.650477822,0.9370480932,RETRACT,Returning,6,FALSE
vid4,Take 4 (fast),fast,2.6,7.121898981,1.013349475,RETRACT,Returning,6,FALSE
vid4,Take 4 (fast),fast,2.633333333,4.961772042,1.024414888,RETRACT,Returning,6,FALSE
vid4,Take 4 (fast),fast,2.666666667,2.608190697,1.033231526,REST,At rest,1,FALSE
vid4,Take 4 (fast),fast,2.7,1.209990428,0.9709102406,REST,At rest,1,FALSE
vid4,Take 4 (fast),fast,2.733333333,0.7398869831,0.9103414814,REST,At rest,1,FALSE
vid4,Take 4 (fast),fast,2.766666667,0.5782912933,0.8806758811,REST,At rest,1,FALSE
vid4,Take 4 (fast),fast,2.8,0.7196965376,0.8882677402,REST,At rest,1,FALSE
vid4,Take 4 (fast),fast,2.833333333,0.1351962818,0.8515072198,REST,At rest,1,FALSE
vid4,Take 4 (fast),fast,2.866666667,0.4816840571,0.8342028192,REST,At rest,1,FALSE
vid4,Take 4 (fast),fast,2.9,0.2671987937,0.8468988458,REST,At rest,1,FALSE
vid4,Take 4 (fast),fast,2.933333333,0.3513813781,0.8798477592,REST,At rest,1,FALSE
vid4,Take 4 (fast),fast,2.966666667,0.3060292195,0.9082147354,REST,At rest,1,FALSE
vid4,Take 4 (fast),fast,3,0.04283822966,0.9402552102,REST,At rest,1,FALSE
vid4,Take 4 (fast),fast,3.033333333,0.5472780563,0.9535552515,REST,At rest,1,FALSE
vid4,Take 4 (fast),fast,3.066666667,0.7774219974,0.9074850614,REST,At rest,1,FALSE
vid4,Take 4 (fast),fast,3.1,0.2299891629,0.8691967421,REST,At rest,1,FALSE
vid4,Take 4 (fast),fast,3.133333333,0.3188614764,0.8450223953,REST,At rest,1,FALSE
vid4,Take 4 (fast),fast,3.166666667,0.4327489687,0.9273806102,REST,At rest,1,FALSE
vid4,Take 4 (fast),fast,3.2,0.7445853979,0.9822216402,REST,At rest,1,FALSE
vid4,Take 4 (fast),fast,3.233333333,1.917121176,1.032635207,REST,At rest,1,FALSE
vid4,Take 4 (fast),fast,3.266666667,3.535618858,0.9673679224,REST,At rest,1,FALSE
vid4,Take 4 (fast),fast,3.3,5.221622993,0.9377927455,REACH,Reaching,2,FALSE
vid4,Take 4 (fast),fast,3.333333333,6.863207131,0.8640868663,REACH,Reaching,2,FALSE
vid4,Take 4 (fast),fast,3.366666667,7.817408714,0.854208979,REACH,Reaching,2,FALSE
vid4,Take 4 (fast),fast,3.4,8.327910368,0.8028933101,REACH,Reaching,2,FALSE
vid4,Take 4 (fast),fast,3.433333333,8.683761062,0.8034028454,REACH,Reaching,2,FALSE
vid4,Take 4 (fast),fast,3.466666667,8.974760318,0.8561854342,REACH,Reaching,2,FALSE
vid4,Take 4 (fast),fast,3.5,9.069694093,0.9407733426,REACH,Reaching,2,FALSE
vid4,Take 4 (fast),fast,3.533333333,8.643278897,1.066496588,REACH,Reaching,2,FALSE
vid4,Take 4 (fast),fast,3.566666667,7.483499725,1.194275005,REACH,Reaching,2,FALSE
vid4,Take 4 (fast),fast,3.6,5.980237548,1.268668637,REACH,Reaching,2,FALSE
vid4,Take 4 (fast),fast,3.633333333,4.615796885,1.207930613,REACH,Reaching,2,FALSE
vid4,Take 4 (fast),fast,3.666666667,3.524147502,1.163614338,REACH,Reaching,2,FALSE
vid4,Take 4 (fast),fast,3.7,2.810411337,1.095265298,REACH,Reaching,2,FALSE
vid4,Take 4 (fast),fast,3.733333333,2.37843616,0.9603202306,GRASP,Grasping,3,FALSE
vid4,Take 4 (fast),fast,3.766666667,1.880169549,0.8116136624,GRASP,Grasping,3,FALSE
vid4,Take 4 (fast),fast,3.8,1.420925317,0.7110598059,GRASP,Grasping,3,FALSE
vid4,Take 4 (fast),fast,3.833333333,1.834369327,0.7105036921,GRASP,Grasping,3,FALSE
vid4,Take 4 (fast),fast,3.866666667,3.045462784,0.7129784675,GRASP,Grasping,3,FALSE
vid4,Take 4 (fast),fast,3.9,4.409501972,0.7255528699,GRASP,Grasping,3,FALSE
vid4,Take 4 (fast),fast,3.933333333,5.830403029,0.6800627618,GRASP,Grasping,3,FALSE
vid4,Take 4 (fast),fast,3.966666667,7.074146108,0.6969384156,GRASP,Grasping,3,FALSE
vid4,Take 4 (fast),fast,4,7.572905075,0.7218187033,GRASP,Grasping,3,FALSE
vid4,Take 4 (fast),fast,4.033333333,7.717607788,0.7183676492,GRASP,Grasping,3,FALSE
vid4,Take 4 (fast),fast,4.066666667,7.145430774,0.7410905933,GRASP,Grasping,3,FALSE
vid4,Take 4 (fast),fast,4.1,6.024935934,0.8098839953,GRASP,Grasping,3,FALSE
vid4,Take 4 (fast),fast,4.133333333,4.567803639,0.8983850973,GRASP,Grasping,3,FALSE
vid4,Take 4 (fast),fast,4.166666667,2.866622199,0.9143399455,HOLD,Holding,4,FALSE
vid4,Take 4 (fast),fast,4.2,1.292269433,0.8072914773,HOLD,Holding,4,FALSE
vid4,Take 4 (fast),fast,4.233333333,0.2812426789,0.7341017088,HOLD,Holding,4,FALSE
vid4,Take 4 (fast),fast,4.266666667,1.001098936,0.8671903975,HOLD,Holding,4,FALSE
vid4,Take 4 (fast),fast,4.3,2.020811037,1.066084551,HOLD,Holding,4,FALSE
vid4,Take 4 (fast),fast,4.333333333,3.394983072,1.032265971,HOLD,Holding,4,FALSE
vid4,Take 4 (fast),fast,4.366666667,4.755746326,0.8902014233,HOLD,Holding,4,FALSE
vid4,Take 4 (fast),fast,4.4,5.75566008,0.8141130694,HOLD,Holding,4,FALSE
vid4,Take 4 (fast),fast,4.433333333,6.390593737,0.8224466747,HOLD,Holding,4,FALSE
vid4,Take 4 (fast),fast,4.466666667,6.551346232,0.8209897079,HOLD,Holding,4,FALSE
vid4,Take 4 (fast),fast,4.5,6.402254636,0.8413859432,HOLD,Holding,4,FALSE
vid4,Take 4 (fast),fast,4.533333333,6.059328636,0.848150437,HOLD,Holding,4,FALSE
vid4,Take 4 (fast),fast,4.566666667,5.589375431,0.8508024828,HOLD,Holding,4,FALSE
vid4,Take 4 (fast),fast,4.6,4.833997825,0.8090807134,HOLD,Holding,4,FALSE
vid4,Take 4 (fast),fast,4.633333333,3.71733909,0.8225631181,HOLD,Holding,4,FALSE
vid4,Take 4 (fast),fast,4.666666667,2.373717932,0.8427114592,HOLD,Holding,4,FALSE
vid4,Take 4 (fast),fast,4.7,1.192011672,0.8206303867,HOLD,Holding,4,FALSE
vid4,Take 4 (fast),fast,4.733333333,0.5415453519,0.7937068191,HOLD,Holding,4,FALSE
vid4,Take 4 (fast),fast,4.766666667,0.2990593925,0.7922510395,HOLD,Holding,4,FALSE
vid4,Take 4 (fast),fast,4.8,0.4640568344,0.7677699978,HOLD,Holding,4,FALSE
vid4,Take 4 (fast),fast,4.833333333,0.8707035308,0.7109664797,HOLD,Holding,4,FALSE
vid4,Take 4 (fast),fast,4.866666667,1.688665332,0.8680237852,HOLD,Holding,4,FALSE
vid4,Take 4 (fast),fast,4.9,2.866243448,1.046823076,HOLD,Holding,4,FALSE
vid4,Take 4 (fast),fast,4.933333333,4.018930226,1.173574532,HOLD,Holding,4,FALSE
vid4,Take 4 (fast),fast,4.966666667,4.818127454,1.060975903,RETRACT,Returning,6,FALSE
vid4,Take 4 (fast),fast,5,5.585538064,0.9378011255,RETRACT,Returning,6,FALSE
vid4,Take 4 (fast),fast,5.033333333,6.524409044,0.8412407561,RETRACT,Returning,6,FALSE
vid4,Take 4 (fast),fast,5.066666667,7.506657111,0.88001195,RETRACT,Returning,6,FALSE
vid4,Take 4 (fast),fast,5.1,8.227428156,0.825430103,RETRACT,Returning,6,FALSE
vid4,Take 4 (fast),fast,5.133333333,8.323485729,0.5665259244,RETRACT,Returning,6,FALSE
vid4,Take 4 (fast),fast,5.166666667,8.138027478,0.5735591426,RETRACT,Returning,6,FALSE
vid4,Take 4 (fast),fast,5.2,8.653658566,1.07600953,RETRACT,Returning,6,FALSE
vid4,Take 4 (fast),fast,5.233333333,9.587127285,1.476179022,RETRACT,Returning,6,FALSE
vid4,Take 4 (fast),fast,5.266666667,8.511078928,1.247966469,RETRACT,Returning,6,FALSE
vid4,Take 4 (fast),fast,5.3,6.161889626,0.8778351815,REST,At rest,1,FALSE
vid4,Take 4 (fast),fast,5.333333333,2.738096549,0.8152094442,REST,At rest,1,FALSE
vid4,Take 4 (fast),fast,5.366666667,0.7347584262,0.8706328794,REST,At rest,1,FALSE
vid4,Take 4 (fast),fast,5.4,0.6690317839,0.8186815881,REST,At rest,1,FALSE
vid4,Take 4 (fast),fast,5.433333333,0.6093065914,0.7904321064,REST,At rest,1,FALSE
vid4,Take 4 (fast),fast,5.466666667,0.1703966786,0.8209078618,REST,At rest,1,FALSE
vid4,Take 4 (fast),fast,5.5,0.5987734473,0.864805555,REST,At rest,1,FALSE
vid4,Take 4 (fast),fast,5.533333333,1.023055968,0.867135244,REST,At rest,1,FALSE
vid4,Take 4 (fast),fast,5.566666667,0.1444615357,0.8763647039,REST,At rest,1,FALSE
vid4,Take 4 (fast),fast,5.6,0.855927659,0.9168406443,REST,At rest,1,FALSE
vid4,Take 4 (fast),fast,5.633333333,1.124812613,0.9214465144,REST,At rest,1,FALSE
vid4,Take 4 (fast),fast,5.666666667,0.9184642492,0.900490489,REST,At rest,1,FALSE
vid4,Take 4 (fast),fast,5.7,0.1465898147,0.9057739216,REST,At rest,1,FALSE
vid4,Take 4 (fast),fast,5.733333333,0.9396771065,0.9320548411,REST,At rest,1,FALSE
vid4,Take 4 (fast),fast,5.766666667,0.6965357341,0.8728417176,REST,At rest,1,FALSE
vid4,Take 4 (fast),fast,5.8,0.08865119918,0.8442491433,REST,At rest,1,FALSE
vid4,Take 4 (fast),fast,5.833333333,0.6940988917,0.8982785493,REST,At rest,1,FALSE
vid4,Take 4 (fast),fast,5.866666667,1.612167992,0.9951273681,REST,At rest,1,FALSE
vid4,Take 4 (fast),fast,5.9,2.750438126,0.9534224652,REST,At rest,1,FALSE
vid4,Take 4 (fast),fast,5.933333333,4.265078873,0.876099951,REST,At rest,1,FALSE
vid4,Take 4 (fast),fast,5.966666667,5.558162913,0.801964448,REACH,Reaching,2,FALSE
vid4,Take 4 (fast),fast,6,6.538242113,0.8012271033,REACH,Reaching,2,FALSE
vid4,Take 4 (fast),fast,6.033333333,7.21140137,0.7694016322,REACH,Reaching,2,FALSE
vid4,Take 4 (fast),fast,6.066666667,7.959852162,0.7588241977,REACH,Reaching,2,FALSE
vid4,Take 4 (fast),fast,6.1,8.449193199,0.7592164228,REACH,Reaching,2,FALSE
vid4,Take 4 (fast),fast,6.133333333,8.200576092,0.870664359,REACH,Reaching,2,FALSE
vid4,Take 4 (fast),fast,6.166666667,7.827895532,1.015210676,REACH,Reaching,2,FALSE
vid4,Take 4 (fast),fast,6.2,7.274696518,1.166991169,REACH,Reaching,2,FALSE
vid4,Take 4 (fast),fast,6.233333333,6.56165028,1.18849122,REACH,Reaching,2,FALSE
vid4,Take 4 (fast),fast,6.266666667,5.685673333,1.187959978,REACH,Reaching,2,FALSE
vid4,Take 4 (fast),fast,6.3,4.671767985,1.180566491,REACH,Reaching,2,FALSE
vid4,Take 4 (fast),fast,6.333333333,3.578467361,1.138510619,REACH,Reaching,2,FALSE
vid4,Take 4 (fast),fast,6.366666667,3.043115033,1.027222171,REACH,Reaching,2,FALSE
vid4,Take 4 (fast),fast,6.4,2.601118918,0.993620855,REACH,Reaching,2,FALSE
vid4,Take 4 (fast),fast,6.433333333,1.748382349,0.9922521741,REACH,Reaching,2,FALSE
vid4,Take 4 (fast),fast,6.466666667,1.18904663,0.9707306892,REACH,Reaching,2,FALSE
vid4,Take 4 (fast),fast,6.5,2.000017885,0.8590720967,GRASP,Grasping,3,FALSE
vid4,Take 4 (fast),fast,6.533333333,3.369460573,0.8057688957,GRASP,Grasping,3,FALSE
vid4,Take 4 (fast),fast,6.566666667,4.719494571,0.7952051135,GRASP,Grasping,3,FALSE
vid4,Take 4 (fast),fast,6.6,6.083717093,0.7344438772,GRASP,Grasping,3,FALSE
vid4,Take 4 (fast),fast,6.633333333,7.111495492,0.5897707328,GRASP,Grasping,3,FALSE
vid4,Take 4 (fast),fast,6.666666667,7.942350374,0.4579004011,GRASP,Grasping,3,FALSE
vid4,Take 4 (fast),fast,6.7,8.188334028,0.4883189515,GRASP,Grasping,3,FALSE
vid4,Take 4 (fast),fast,6.733333333,7.882808952,0.5617499169,GRASP,Grasping,3,FALSE
vid4,Take 4 (fast),fast,6.766666667,6.732432713,0.7175006342,GRASP,Grasping,3,FALSE
vid4,Take 4 (fast),fast,6.8,4.971614356,0.8379966902,GRASP,Grasping,3,FALSE
vid4,Take 4 (fast),fast,6.833333333,3.358739971,0.8813973745,GRASP,Grasping,3,FALSE
vid4,Take 4 (fast),fast,6.866666667,2.177582393,0.7459035767,HOLD,Holding,4,FALSE
vid4,Take 4 (fast),fast,6.9,0.8053281782,0.6764318502,HOLD,Holding,4,FALSE
vid4,Take 4 (fast),fast,6.933333333,1.053488443,0.7799750639,HOLD,Holding,4,FALSE
vid4,Take 4 (fast),fast,6.966666667,2.156543974,0.9770201661,HOLD,Holding,4,FALSE
vid4,Take 4 (fast),fast,7,3.07110853,1.040866981,HOLD,Holding,4,FALSE
vid4,Take 4 (fast),fast,7.033333333,3.612469968,0.9720078055,HOLD,Holding,4,FALSE
vid4,Take 4 (fast),fast,7.066666667,4.585942152,0.8597741526,HOLD,Holding,4,FALSE
vid4,Take 4 (fast),fast,7.1,5.421172956,0.8085209785,HOLD,Holding,4,FALSE
vid4,Take 4 (fast),fast,7.133333333,5.903178543,0.8005608264,HOLD,Holding,4,FALSE
vid4,Take 4 (fast),fast,7.166666667,6.11781975,0.8010793141,HOLD,Holding,4,FALSE
vid4,Take 4 (fast),fast,7.2,6.142520995,0.8066800138,HOLD,Holding,4,FALSE
vid4,Take 4 (fast),fast,7.233333333,5.928279332,0.8030321279,HOLD,Holding,4,FALSE
vid4,Take 4 (fast),fast,7.266666667,5.47191885,0.7533414531,HOLD,Holding,4,FALSE
vid4,Take 4 (fast),fast,7.3,4.801283835,0.6884492542,HOLD,Holding,4,FALSE
vid4,Take 4 (fast),fast,7.333333333,3.818428642,0.7261830347,HOLD,Holding,4,FALSE
vid4,Take 4 (fast),fast,7.366666667,2.829136032,0.8458730896,HOLD,Holding,4,FALSE
vid4,Take 4 (fast),fast,7.4,1.816479542,0.9009490276,HOLD,Holding,4,FALSE
vid4,Take 4 (fast),fast,7.433333333,0.9378853984,0.8664258288,HOLD,Holding,4,FALSE
vid4,Take 4 (fast),fast,7.466666667,0.426160021,0.8298937316,HOLD,Holding,4,FALSE
vid4,Take 4 (fast),fast,7.5,1.057387758,0.8622147012,HOLD,Holding,4,FALSE
vid4,Take 4 (fast),fast,7.533333333,1.954268021,0.9100280699,HOLD,Holding,4,FALSE
vid4,Take 4 (fast),fast,7.566666667,2.950357663,0.9694972143,HOLD,Holding,4,FALSE
vid4,Take 4 (fast),fast,7.6,4.028420041,0.8859034958,RETRACT,Returning,6,FALSE
vid4,Take 4 (fast),fast,7.633333333,4.932445511,0.7031269143,RETRACT,Returning,6,FALSE
vid4,Take 4 (fast),fast,7.666666667,6.088563925,0.6354690653,RETRACT,Returning,6,FALSE
vid4,Take 4 (fast),fast,7.7,7.359451287,0.8210144708,RETRACT,Returning,6,FALSE
vid4,Take 4 (fast),fast,7.733333333,8.328140283,0.916417583,RETRACT,Returning,6,FALSE
vid4,Take 4 (fast),fast,7.766666667,8.940820105,0.9959175866,RETRACT,Returning,6,FALSE
vid4,Take 4 (fast),fast,7.8,8.990249641,1.070033672,RETRACT,Returning,6,FALSE
vid4,Take 4 (fast),fast,7.833333333,8.586466395,1.195708958,RETRACT,Returning,6,FALSE
vid4,Take 4 (fast),fast,7.866666667,7.812202708,1.12108601,RETRACT,Returning,6,FALSE
vid4,Take 4 (fast),fast,7.9,7.053882608,1.017125966,RETRACT,Returning,6,FALSE
vid4,Take 4 (fast),fast,7.933333333,6.298042248,0.8870793141,RETRACT,Returning,6,FALSE
vid4,Take 4 (fast),fast,7.966666667,5.542618151,0.882829211,RETRACT,Returning,6,FALSE
vid4,Take 4 (fast),fast,8,4.450599452,0.8697247072,RETRACT,Returning,6,FALSE
vid4,Take 4 (fast),fast,8.033333333,2.983515407,0.8624649437,RETRACT,Returning,6,FALSE
vid4,Take 4 (fast),fast,8.066666667,0.9453069419,0.8492443531,REST,At rest,1,FALSE
vid4,Take 4 (fast),fast,8.1,0.1811014124,0.8914296791,REST,At rest,1,FALSE
vid4,Take 4 (fast),fast,8.133333333,0.8422931192,0.8967800009,REST,At rest,1,FALSE
vid4,Take 4 (fast),fast,8.166666667,0.9215345176,0.8689024284,REST,At rest,1,FALSE
vid4,Take 4 (fast),fast,8.2,0.2895313959,0.8564694914,REST,At rest,1,FALSE
vid4,Take 4 (fast),fast,8.233333333,0.2842131522,0.8486058306,REST,At rest,1,FALSE
vid4,Take 4 (fast),fast,8.266666667,0.1898508641,0.8569503807,REST,At rest,1,FALSE
vid4,Take 4 (fast),fast,8.3,0.1133612233,0.8679884023,REST,At rest,1,FALSE
vid4,Take 4 (fast),fast,8.333333333,0.02986237233,0.8920511667,REST,At rest,1,FALSE
vid4,Take 4 (fast),fast,8.366666667,0.131966847,0.8993456398,REST,At rest,1,FALSE
vid4,Take 4 (fast),fast,8.4,0.1411849394,0.9025288218,REST,At rest,1,FALSE
vid4,Take 4 (fast),fast,8.433333333,0.2560412099,0.8945800022,REST,At rest,1,FALSE
vid4,Take 4 (fast),fast,8.466666667,1.048704801,0.8785121787,REST,At rest,1,FALSE
vid4,Take 4 (fast),fast,8.5,0.7264610939,0.8592988535,REST,At rest,1,FALSE
vid4,Take 4 (fast),fast,8.533333333,0.1759640987,0.8868182654,REST,At rest,1,FALSE
vid4,Take 4 (fast),fast,8.566666667,0.7341187096,0.9186799756,REST,At rest,1,FALSE
vid4,Take 4 (fast),fast,8.6,0.6778156535,0.932581777,REST,At rest,1,FALSE
vid4,Take 4 (fast),fast,8.633333333,0.04912793254,0.9029760646,REST,At rest,1,FALSE
vid4,Take 4 (fast),fast,8.666666667,0.1743735737,0.9006479084,REST,At rest,1,FALSE
vid4,Take 4 (fast),fast,8.7,0.334130119,0.9072065113,REST,At rest,1,FALSE
vid4,Take 4 (fast),fast,8.733333333,0.2829135703,0.9145460535,REST,At rest,1,FALSE
vid4,Take 4 (fast),fast,8.766666667,0.1937876744,0.896573794,REST,At rest,1,FALSE
vid4,Take 4 (fast),fast,8.8,0.1174441153,0.8929323012,REST,At rest,1,FALSE
vid4,Take 4 (fast),fast,8.833333333,0.05998733585,0.8902510654,REST,At rest,1,FALSE
vid4,Take 4 (fast),fast,8.866666667,0.2763663444,0.8936295637,REST,At rest,1,FALSE
vid4,Take 4 (fast),fast,8.9,0.3170711226,0.8875293566,REST,At rest,1,FALSE
vid4,Take 4 (fast),fast,8.933333333,0.1130463392,0.9201112656,REST,At rest,1,FALSE
vid4,Take 4 (fast),fast,8.966666667,0.09126174815,0.9187244799,REST,At rest,1,FALSE
vid4,Take 4 (fast),fast,9,0.09151597611,0.9080633986,REST,At rest,1,FALSE
vid4,Take 4 (fast),fast,9.033333333,0.1038177305,0.8945529677,REST,At rest,1,FALSE
vid4,Take 4 (fast),fast,9.066666667,0.2049447796,0.9073336912,REST,At rest,1,FALSE
vid4,Take 4 (fast),fast,9.1,0.2775956347,0.9083415987,REST,At rest,1,FALSE
vid4,Take 4 (fast),fast,9.133333333,0.07829711133,0.8975220838,REST,At rest,1,FALSE
vid4,Take 4 (fast),fast,9.166666667,0.1612767852,0.8787494863,REST,At rest,1,FALSE
vid4,Take 4 (fast),fast,9.2,0.1085908442,0.8654584777,REST,At rest,1,FALSE
vid4,Take 4 (fast),fast,9.233333333,0.1814446266,0.8839684366,REST,At rest,1,FALSE
vid4,Take 4 (fast),fast,9.266666667,0.1050189996,0.8897491898,REST,At rest,1,FALSE
vid4,Take 4 (fast),fast,9.3,0.5225986062,0.8984039054,REST,At rest,1,FALSE
vid4,Take 4 (fast),fast,9.333333333,0.9499057143,0.9052078753,REST,At rest,1,FALSE
vid5,Take 5 (hard),hard,0,0.1025784029,0.928295848,REST,At rest,1,FALSE
vid5,Take 5 (hard),hard,0.03333333333,0.07709780794,0.9233561347,REST,At rest,1,FALSE
vid5,Take 5 (hard),hard,0.06666666667,0.09463662516,0.9175954751,REST,At rest,1,FALSE
vid5,Take 5 (hard),hard,0.1,0.09973010183,0.9115603177,REST,At rest,1,FALSE
vid5,Take 5 (hard),hard,0.1333333333,0.3981427384,0.9024780195,REST,At rest,1,FALSE
vid5,Take 5 (hard),hard,0.1666666667,0.4139568429,0.8886202483,REST,At rest,1,FALSE
vid5,Take 5 (hard),hard,0.2,0.1741247818,0.878602935,REST,At rest,1,FALSE
vid5,Take 5 (hard),hard,0.2333333333,0.5188119777,0.8644470709,REST,At rest,1,FALSE
vid5,Take 5 (hard),hard,0.2666666667,0.6462570264,0.9322891309,REST,At rest,1,FALSE
vid5,Take 5 (hard),hard,0.3,0.2139934489,0.9882053961,REST,At rest,1,FALSE
vid5,Take 5 (hard),hard,0.3333333333,0.2234440765,0.9550432711,REST,At rest,1,FALSE
vid5,Take 5 (hard),hard,0.3666666667,0.07891586035,0.9186373755,REST,At rest,1,FALSE
vid5,Take 5 (hard),hard,0.4,0.1384111766,0.9472232879,REST,At rest,1,FALSE
vid5,Take 5 (hard),hard,0.4333333333,0.3008188788,0.9509547904,REST,At rest,1,FALSE
vid5,Take 5 (hard),hard,0.4666666667,0.6323918229,0.8880590689,REST,At rest,1,FALSE
vid5,Take 5 (hard),hard,0.5,0.2597812731,0.8750260242,REST,At rest,1,FALSE
vid5,Take 5 (hard),hard,0.5333333333,0.09326378268,0.8881262688,REST,At rest,1,FALSE
vid5,Take 5 (hard),hard,0.5666666667,0.6988230672,0.892578672,REST,At rest,1,FALSE
vid5,Take 5 (hard),hard,0.6,0.9823064333,0.9340599767,REST,At rest,1,FALSE
vid5,Take 5 (hard),hard,0.6333333333,0.6596427016,0.9896319634,REST,At rest,1,FALSE
vid5,Take 5 (hard),hard,0.6666666667,0.06994195502,1.01049988,REST,At rest,1,FALSE
vid5,Take 5 (hard),hard,0.7,0.4134645764,0.9532854648,REST,At rest,1,FALSE
vid5,Take 5 (hard),hard,0.7333333333,0.2813647146,0.9399852713,REST,At rest,1,FALSE
vid5,Take 5 (hard),hard,0.7666666667,0.2996121369,1.006423767,REST,At rest,1,FALSE
vid5,Take 5 (hard),hard,0.8,0.4373549178,1.021504367,REST,At rest,1,FALSE
vid5,Take 5 (hard),hard,0.8333333333,0.4315962564,0.9841235257,REST,At rest,1,FALSE
vid5,Take 5 (hard),hard,0.8666666667,0.4180144668,0.957285021,REST,At rest,1,FALSE
vid5,Take 5 (hard),hard,0.9,0.5816283725,0.9635867687,REST,At rest,1,FALSE
vid5,Take 5 (hard),hard,0.9333333333,0.5047542039,0.8914474341,REST,At rest,1,FALSE
vid5,Take 5 (hard),hard,0.9666666667,0.3494338441,0.9080754254,REST,At rest,1,FALSE
vid5,Take 5 (hard),hard,1,1.17892346,0.9432171011,REST,At rest,1,FALSE
vid5,Take 5 (hard),hard,1.033333333,2.715262049,1.035930202,REST,At rest,1,FALSE
vid5,Take 5 (hard),hard,1.066666667,4.195304101,1.028109743,REACH,Reaching,2,FALSE
vid5,Take 5 (hard),hard,1.1,5.230227361,1.011677844,REACH,Reaching,2,FALSE
vid5,Take 5 (hard),hard,1.133333333,6.131257008,0.933205844,REACH,Reaching,2,FALSE
vid5,Take 5 (hard),hard,1.166666667,6.602813786,0.9086065481,REACH,Reaching,2,FALSE
vid5,Take 5 (hard),hard,1.2,6.920608879,0.8624454781,REACH,Reaching,2,FALSE
vid5,Take 5 (hard),hard,1.233333333,6.55041217,0.872525861,REACH,Reaching,2,FALSE
vid5,Take 5 (hard),hard,1.266666667,5.375948698,0.9460235874,REACH,Reaching,2,FALSE
vid5,Take 5 (hard),hard,1.3,3.997695028,0.9528783954,REACH,Reaching,2,FALSE
vid5,Take 5 (hard),hard,1.333333333,2.722440407,0.9025898693,REACH,Reaching,2,FALSE
vid5,Take 5 (hard),hard,1.366666667,1.583500037,0.9025194395,REACH,Reaching,2,FALSE
vid5,Take 5 (hard),hard,1.4,0.6590598006,1.024919697,REACH,Reaching,2,FALSE
vid5,Take 5 (hard),hard,1.433333333,0.2045303797,1.094532956,REACH,Reaching,2,FALSE
vid5,Take 5 (hard),hard,1.466666667,0.006944095276,1.141056431,REACH,Reaching,2,FALSE
vid5,Take 5 (hard),hard,1.5,0.08136044385,1.091437164,REACH,Reaching,2,FALSE
vid5,Take 5 (hard),hard,1.533333333,0.07194385384,1.082607032,REACH,Reaching,2,FALSE
vid5,Take 5 (hard),hard,1.566666667,0.2459421808,1.142517294,REACH,Reaching,2,FALSE
vid5,Take 5 (hard),hard,1.6,0.5506129702,1.258397768,REACH,Reaching,2,FALSE
vid5,Take 5 (hard),hard,1.633333333,0.5650873409,1.268904854,REACH,Reaching,2,FALSE
vid5,Take 5 (hard),hard,1.666666667,0.4700537134,1.218427614,REACH,Reaching,2,FALSE
vid5,Take 5 (hard),hard,1.7,0.3291280775,1.221900127,REACH,Reaching,2,FALSE
vid5,Take 5 (hard),hard,1.733333333,0.2679600612,1.236695554,REACH,Reaching,2,FALSE
vid5,Take 5 (hard),hard,1.766666667,0.2260501366,1.227154168,REACH,Reaching,2,FALSE
vid5,Take 5 (hard),hard,1.8,0.1007865209,1.231069398,REACH,Reaching,2,FALSE
vid5,Take 5 (hard),hard,1.833333333,0.1775214428,1.216793364,REACH,Reaching,2,FALSE
vid5,Take 5 (hard),hard,1.866666667,0.1976747888,1.179884186,REACH,Reaching,2,FALSE
vid5,Take 5 (hard),hard,1.9,0.2003149584,1.165819402,REACH,Reaching,2,FALSE
vid5,Take 5 (hard),hard,1.933333333,0.692378737,1.241565783,REACH,Reaching,2,FALSE
vid5,Take 5 (hard),hard,1.966666667,1.235964827,1.236102616,REACH,Reaching,2,FALSE
vid5,Take 5 (hard),hard,2,1.764379151,1.186811928,REACH,Reaching,2,FALSE
vid5,Take 5 (hard),hard,2.033333333,2.436290263,1.083823234,REACH,Reaching,2,FALSE
vid5,Take 5 (hard),hard,2.066666667,3.162377412,1.014609149,REACH,Reaching,2,FALSE
vid5,Take 5 (hard),hard,2.1,4.059015802,0.9746824463,REACH,Reaching,2,FALSE
vid5,Take 5 (hard),hard,2.133333333,4.860403366,1.00648438,REACH,Reaching,2,FALSE
vid5,Take 5 (hard),hard,2.166666667,5.304007581,1.054128219,REACH,Reaching,2,FALSE
vid5,Take 5 (hard),hard,2.2,5.546592357,1.088420798,REACH,Reaching,2,FALSE
vid5,Take 5 (hard),hard,2.233333333,5.585250012,1.118330178,REACH,Reaching,2,FALSE
vid5,Take 5 (hard),hard,2.266666667,5.403498544,1.126962196,REACH,Reaching,2,FALSE
vid5,Take 5 (hard),hard,2.3,5.170698266,1.152664974,REACH,Reaching,2,FALSE
vid5,Take 5 (hard),hard,2.333333333,4.920941509,1.140797701,REACH,Reaching,2,FALSE
vid5,Take 5 (hard),hard,2.366666667,4.811841862,1.068102378,REACH,Reaching,2,FALSE
vid5,Take 5 (hard),hard,2.4,4.74877312,1.003936874,REACH,Reaching,2,FALSE
vid5,Take 5 (hard),hard,2.433333333,4.324541512,0.9692209878,GRASP,Grasping,3,FALSE
vid5,Take 5 (hard),hard,2.466666667,3.386620169,0.9656268573,GRASP,Grasping,3,FALSE
vid5,Take 5 (hard),hard,2.5,2.252537048,0.9190330768,GRASP,Grasping,3,FALSE
vid5,Take 5 (hard),hard,2.533333333,1.274672763,0.8679626094,GRASP,Grasping,3,FALSE
vid5,Take 5 (hard),hard,2.566666667,0.717437543,0.8764163172,GRASP,Grasping,3,FALSE
vid5,Take 5 (hard),hard,2.6,0.4395103281,0.9252644464,GRASP,Grasping,3,FALSE
vid5,Take 5 (hard),hard,2.633333333,0.5757530999,0.9311527103,GRASP,Grasping,3,FALSE
vid5,Take 5 (hard),hard,2.666666667,0.4666250297,0.8926567906,GRASP,Grasping,3,FALSE
vid5,Take 5 (hard),hard,2.7,0.1724587029,0.8917176249,GRASP,Grasping,3,FALSE
vid5,Take 5 (hard),hard,2.733333333,0.2877296818,0.8914499735,GRASP,Grasping,3,FALSE
vid5,Take 5 (hard),hard,2.766666667,0.4518920418,0.8608821121,GRASP,Grasping,3,FALSE
vid5,Take 5 (hard),hard,2.8,0.4608577797,0.8345057602,GRASP,Grasping,3,FALSE
vid5,Take 5 (hard),hard,2.833333333,0.4231435201,0.8242878843,GRASP,Grasping,3,FALSE
vid5,Take 5 (hard),hard,2.866666667,0.3007300152,0.8076514493,GRASP,Grasping,3,FALSE
vid5,Take 5 (hard),hard,2.9,0.1827074901,0.7899721869,GRASP,Grasping,3,FALSE
vid5,Take 5 (hard),hard,2.933333333,0.1157707074,0.7876030547,GRASP,Grasping,3,FALSE
vid5,Take 5 (hard),hard,2.966666667,0.3215974006,0.7852650007,GRASP,Grasping,3,FALSE
vid5,Take 5 (hard),hard,3,0.6428658373,0.7758008514,GRASP,Grasping,3,FALSE
vid5,Take 5 (hard),hard,3.033333333,1.118869274,0.7910184894,GRASP,Grasping,3,FALSE
vid5,Take 5 (hard),hard,3.066666667,1.861257175,0.7862574255,GRASP,Grasping,3,FALSE
vid5,Take 5 (hard),hard,3.1,2.786164974,0.7455475074,GRASP,Grasping,3,FALSE
vid5,Take 5 (hard),hard,3.133333333,3.862378715,0.7223346312,GRASP,Grasping,3,FALSE
vid5,Take 5 (hard),hard,3.166666667,5.029115961,0.713046822,GRASP,Grasping,3,FALSE
vid5,Take 5 (hard),hard,3.2,5.950111883,0.6759090887,GRASP,Grasping,3,FALSE
vid5,Take 5 (hard),hard,3.233333333,6.551702334,0.6363321466,GRASP,Grasping,3,FALSE
vid5,Take 5 (hard),hard,3.266666667,6.641497528,0.6445675201,GRASP,Grasping,3,FALSE
vid5,Take 5 (hard),hard,3.3,6.128864581,0.7348979177,GRASP,Grasping,3,FALSE
vid5,Take 5 (hard),hard,3.333333333,5.273656093,0.8188732015,GRASP,Grasping,3,FALSE
vid5,Take 5 (hard),hard,3.366666667,4.08761407,0.9528404826,GRASP,Grasping,3,FALSE
vid5,Take 5 (hard),hard,3.4,2.878466729,0.9724940005,GRASP,Grasping,3,FALSE
vid5,Take 5 (hard),hard,3.433333333,1.816825741,1.031884989,GRASP,Grasping,3,FALSE
vid5,Take 5 (hard),hard,3.466666667,0.9271481378,1.033827001,HOLD,Holding,4,FALSE
vid5,Take 5 (hard),hard,3.5,0.3756457914,1.022290288,HOLD,Holding,4,FALSE
vid5,Take 5 (hard),hard,3.533333333,0.1460597624,0.9355586246,HOLD,Holding,4,FALSE
vid5,Take 5 (hard),hard,3.566666667,0.3962520226,0.9694519389,HOLD,Holding,4,FALSE
vid5,Take 5 (hard),hard,3.6,0.7698804044,1.017617744,HOLD,Holding,4,FALSE
vid5,Take 5 (hard),hard,3.633333333,1.216492024,0.9880827895,HOLD,Holding,4,FALSE
vid5,Take 5 (hard),hard,3.666666667,1.545526993,0.8991570271,HOLD,Holding,4,FALSE
vid5,Take 5 (hard),hard,3.7,1.933384549,0.857261536,HOLD,Holding,4,FALSE
vid5,Take 5 (hard),hard,3.733333333,2.443390356,0.8471720248,HOLD,Holding,4,FALSE
vid5,Take 5 (hard),hard,3.766666667,3.077895034,0.8545246781,HOLD,Holding,4,FALSE
vid5,Take 5 (hard),hard,3.8,3.773036978,0.85361731,HOLD,Holding,4,FALSE
vid5,Take 5 (hard),hard,3.833333333,4.589842806,0.8318256228,HOLD,Holding,4,FALSE
vid5,Take 5 (hard),hard,3.866666667,5.288036127,0.7855072437,HOLD,Holding,4,FALSE
vid5,Take 5 (hard),hard,3.9,5.69094527,0.7326468121,HOLD,Holding,4,FALSE
vid5,Take 5 (hard),hard,3.933333333,5.774304911,0.6810263049,HOLD,Holding,4,FALSE
vid5,Take 5 (hard),hard,3.966666667,5.31785764,0.6601821525,HOLD,Holding,4,FALSE
vid5,Take 5 (hard),hard,4,4.737230917,0.689552203,HOLD,Holding,4,FALSE
vid5,Take 5 (hard),hard,4.033333333,3.756452494,0.7016621953,HOLD,Holding,4,FALSE
vid5,Take 5 (hard),hard,4.066666667,2.637322591,0.6894536501,HOLD,Holding,4,FALSE
vid5,Take 5 (hard),hard,4.1,1.678310491,0.6431760668,HOLD,Holding,4,FALSE
vid5,Take 5 (hard),hard,4.133333333,0.9818743115,0.6125069536,HOLD,Holding,4,FALSE
vid5,Take 5 (hard),hard,4.166666667,0.4931283516,0.5887958816,HOLD,Holding,4,FALSE
vid5,Take 5 (hard),hard,4.2,0.2342374729,0.6340714964,HOLD,Holding,4,FALSE
vid5,Take 5 (hard),hard,4.233333333,0.106806227,0.675805071,HOLD,Holding,4,FALSE
vid5,Take 5 (hard),hard,4.266666667,0.1854332476,0.6697662643,HOLD,Holding,4,FALSE
vid5,Take 5 (hard),hard,4.3,0.2561960639,0.6335634081,HOLD,Holding,4,FALSE
vid5,Take 5 (hard),hard,4.333333333,0.2390569539,0.6062428835,HOLD,Holding,4,FALSE
vid5,Take 5 (hard),hard,4.366666667,0.1510735319,0.590979282,HOLD,Holding,4,FALSE
vid5,Take 5 (hard),hard,4.4,0.01602552596,0.5899295077,HOLD,Holding,4,FALSE
vid5,Take 5 (hard),hard,4.433333333,0.1014088608,0.6070324394,HOLD,Holding,4,FALSE
vid5,Take 5 (hard),hard,4.466666667,0.03436896423,0.6154574655,HOLD,Holding,4,FALSE
vid5,Take 5 (hard),hard,4.5,0.04212629257,0.6135509114,HOLD,Holding,4,FALSE
vid5,Take 5 (hard),hard,4.533333333,0.05387006088,0.5924299345,HOLD,Holding,4,FALSE
vid5,Take 5 (hard),hard,4.566666667,0.06437485517,0.5861119145,HOLD,Holding,4,FALSE
vid5,Take 5 (hard),hard,4.6,0.03750808309,0.5940772915,HOLD,Holding,4,FALSE
vid5,Take 5 (hard),hard,4.633333333,0.06051938056,0.5934289675,HOLD,Holding,4,FALSE
vid5,Take 5 (hard),hard,4.666666667,0.0671808563,0.5868308596,HOLD,Holding,4,FALSE
vid5,Take 5 (hard),hard,4.7,0.07736262578,0.5900366602,HOLD,Holding,4,FALSE
vid5,Take 5 (hard),hard,4.733333333,0.07848274363,0.6009395359,HOLD,Holding,4,FALSE
vid5,Take 5 (hard),hard,4.766666667,0.02523812376,0.6165945493,HOLD,Holding,4,FALSE
vid5,Take 5 (hard),hard,4.8,0.01305084746,0.6416437661,HOLD,Holding,4,FALSE
vid5,Take 5 (hard),hard,4.833333333,0.1161748217,0.6482875839,HOLD,Holding,4,FALSE
vid5,Take 5 (hard),hard,4.866666667,0.1717391272,0.6470814335,HOLD,Holding,4,FALSE
vid5,Take 5 (hard),hard,4.9,0.4079172024,0.6705129733,HOLD,Holding,4,FALSE
vid5,Take 5 (hard),hard,4.933333333,0.6067149751,0.7191563202,HOLD,Holding,4,FALSE
vid5,Take 5 (hard),hard,4.966666667,0.7126830916,0.7544560048,HOLD,Holding,4,FALSE
vid5,Take 5 (hard),hard,5,1.162239553,0.8252128036,HOLD,Holding,4,FALSE
vid5,Take 5 (hard),hard,5.033333333,1.972475322,0.8098744518,HOLD,Holding,4,FALSE
vid5,Take 5 (hard),hard,5.066666667,2.868909694,0.8115069967,RELEASE,Releasing,5,FALSE
vid5,Take 5 (hard),hard,5.1,4.066123415,0.7944476396,RELEASE,Releasing,5,FALSE
vid5,Take 5 (hard),hard,5.133333333,5.921633442,0.8243733578,RELEASE,Releasing,5,FALSE
vid5,Take 5 (hard),hard,5.166666667,7.875586995,0.8086221698,RELEASE,Releasing,5,FALSE
vid5,Take 5 (hard),hard,5.2,9.240388247,0.8540410753,RELEASE,Releasing,5,FALSE
vid5,Take 5 (hard),hard,5.233333333,9.441820659,0.8452169796,RETRACT,Returning,6,FALSE
vid5,Take 5 (hard),hard,5.266666667,9.573319021,0.9443440237,RETRACT,Returning,6,FALSE
vid5,Take 5 (hard),hard,5.3,10.111924451,1.049984556,RETRACT,Returning,6,FALSE
vid5,Take 5 (hard),hard,5.333333333,9.649510326,1.071728555,RETRACT,Returning,6,FALSE
vid5,Take 5 (hard),hard,5.366666667,8.901706091,1.008727177,RETRACT,Returning,6,FALSE
vid5,Take 5 (hard),hard,5.4,7.644172095,0.9969989105,RETRACT,Returning,6,FALSE
vid5,Take 5 (hard),hard,5.433333333,6.441596604,0.9804790153,RETRACT,Returning,6,FALSE
vid5,Take 5 (hard),hard,5.466666667,5.705905128,0.9081840094,RETRACT,Returning,6,FALSE
vid5,Take 5 (hard),hard,5.5,3.447948343,0.8423518973,RETRACT,Returning,6,FALSE
vid5,Take 5 (hard),hard,5.533333333,1.551577691,0.86625978,REST,At rest,1,FALSE
vid5,Take 5 (hard),hard,5.566666667,0.5881471855,0.920303158,REST,At rest,1,FALSE
vid5,Take 5 (hard),hard,5.6,0.2106428345,0.9234697553,REST,At rest,1,FALSE
vid5,Take 5 (hard),hard,5.633333333,0.379767808,0.8512971447,REST,At rest,1,FALSE
vid5,Take 5 (hard),hard,5.666666667,0.2559391417,0.8463401312,REST,At rest,1,FALSE
vid5,Take 5 (hard),hard,5.7,0.129476741,0.8697922508,REST,At rest,1,FALSE
vid5,Take 5 (hard),hard,5.733333333,0.1631528674,0.8805719774,REST,At rest,1,FALSE
vid5,Take 5 (hard),hard,5.766666667,0.2059757491,0.8856935886,REST,At rest,1,FALSE
vid5,Take 5 (hard),hard,5.8,0.4024818816,0.8828487147,REST,At rest,1,FALSE
vid5,Take 5 (hard),hard,5.833333333,0.3985960531,0.9105046441,REST,At rest,1,FALSE
vid5,Take 5 (hard),hard,5.866666667,0.2279925983,0.9372399188,REST,At rest,1,FALSE
vid5,Take 5 (hard),hard,5.9,0.3126946748,0.9297987804,REST,At rest,1,FALSE
vid5,Take 5 (hard),hard,5.933333333,0.2745484122,0.9009834741,REST,At rest,1,FALSE
vid5,Take 5 (hard),hard,5.966666667,0.2690234966,0.9382014663,REST,At rest,1,FALSE
vid5,Take 5 (hard),hard,6,0.1196548657,0.9740014692,REST,At rest,1,FALSE
vid5,Take 5 (hard),hard,6.033333333,0.2233566011,0.9379109104,REST,At rest,1,FALSE
vid5,Take 5 (hard),hard,6.066666667,0.155414909,0.9004661278,REST,At rest,1,FALSE
vid5,Take 5 (hard),hard,6.1,0.4875355794,0.9210681652,REST,At rest,1,FALSE
vid5,Take 5 (hard),hard,6.133333333,0.5551578196,0.9607031976,REST,At rest,1,FALSE
vid5,Take 5 (hard),hard,6.166666667,0.2761742833,0.9574248585,REST,At rest,1,FALSE
vid5,Take 5 (hard),hard,6.2,0.2540812447,0.9494877137,REST,At rest,1,FALSE
vid5,Take 5 (hard),hard,6.233333333,0.1726325893,0.9448839587,REST,At rest,1,FALSE
vid5,Take 5 (hard),hard,6.266666667,0.09004548325,0.9481829328,REST,At rest,1,FALSE
vid5,Take 5 (hard),hard,6.3,0.1015847373,0.947487149,REST,At rest,1,FALSE
vid5,Take 5 (hard),hard,6.333333333,0.2206124699,0.9326705212,REST,At rest,1,FALSE
vid5,Take 5 (hard),hard,6.366666667,0.1733680831,0.9362546397,REST,At rest,1,FALSE
vid5,Take 5 (hard),hard,6.4,0.2573389263,0.9351897906,REST,At rest,1,FALSE
vid5,Take 5 (hard),hard,6.433333333,0.0747899506,0.9372840754,REST,At rest,1,FALSE
vid5,Take 5 (hard),hard,6.466666667,0.2965440301,0.9336734357,REST,At rest,1,FALSE
vid5,Take 5 (hard),hard,6.5,0.08212791788,0.9312572941,REST,At rest,1,FALSE
vid5,Take 5 (hard),hard,6.533333333,0.131003727,0.932864046,REST,At rest,1,FALSE
vid5,Take 5 (hard),hard,6.566666667,0.07349019464,0.9308418509,REST,At rest,1,FALSE
vid5,Take 5 (hard),hard,6.6,0.308404996,0.9341298376,REST,At rest,1,FALSE
vid5,Take 5 (hard),hard,6.633333333,0.5301049238,0.9616288993,REST,At rest,1,FALSE
vid5,Take 5 (hard),hard,6.666666667,1.191810739,0.9908117177,REST,At rest,1,FALSE
vid5,Take 5 (hard),hard,6.7,2.684786904,1.018306778,REST,At rest,1,FALSE
vid5,Take 5 (hard),hard,6.733333333,4.533091219,1.003258525,REACH,Reaching,2,FALSE
vid5,Take 5 (hard),hard,6.766666667,6.1510933,0.9710245737,REACH,Reaching,2,FALSE
vid5,Take 5 (hard),hard,6.8,7.064683267,0.8842176825,REACH,Reaching,2,FALSE
vid5,Take 5 (hard),hard,6.833333333,7.254521498,0.8239256543,REACH,Reaching,2,FALSE
vid5,Take 5 (hard),hard,6.866666667,6.882698647,0.7697662433,REACH,Reaching,2,FALSE
vid5,Take 5 (hard),hard,6.9,5.999113317,0.8475389305,REACH,Reaching,2,FALSE
vid5,Take 5 (hard),hard,6.933333333,4.374701113,0.9580869549,REACH,Reaching,2,FALSE
vid5,Take 5 (hard),hard,6.966666667,2.935433042,1.063029007,REACH,Reaching,2,FALSE
vid5,Take 5 (hard),hard,7,2.07046979,1.102375946,REACH,Reaching,2,FALSE
vid5,Take 5 (hard),hard,7.033333333,1.560809859,1.16519217,REACH,Reaching,2,FALSE
vid5,Take 5 (hard),hard,7.066666667,1.160575684,1.180804513,REACH,Reaching,2,FALSE
vid5,Take 5 (hard),hard,7.1,0.8156053266,1.144483131,REACH,Reaching,2,FALSE
vid5,Take 5 (hard),hard,7.133333333,0.5779739331,1.130129648,REACH,Reaching,2,FALSE
vid5,Take 5 (hard),hard,7.166666667,0.385122744,1.125705574,REACH,Reaching,2,FALSE
vid5,Take 5 (hard),hard,7.2,0.2391563434,1.126845383,REACH,Reaching,2,FALSE
vid5,Take 5 (hard),hard,7.233333333,0.167344758,1.092556379,REACH,Reaching,2,FALSE
vid5,Take 5 (hard),hard,7.266666667,0.1753222986,1.102435985,REACH,Reaching,2,FALSE
vid5,Take 5 (hard),hard,7.3,0.2036537395,1.112784793,REACH,Reaching,2,FALSE
vid5,Take 5 (hard),hard,7.333333333,0.2091957495,1.128883565,REACH,Reaching,2,FALSE
vid5,Take 5 (hard),hard,7.366666667,0.2551881724,1.132573843,REACH,Reaching,2,FALSE
vid5,Take 5 (hard),hard,7.4,0.2670610993,1.161075034,REACH,Reaching,2,FALSE
vid5,Take 5 (hard),hard,7.433333333,0.3064088109,1.186399573,REACH,Reaching,2,FALSE
vid5,Take 5 (hard),hard,7.466666667,0.1857762773,1.193637522,REACH,Reaching,2,FALSE
vid5,Take 5 (hard),hard,7.5,0.117321989,1.174216592,REACH,Reaching,2,FALSE
vid5,Take 5 (hard),hard,7.533333333,0.07931680086,1.174019501,REACH,Reaching,2,FALSE
vid5,Take 5 (hard),hard,7.566666667,0.1403678065,1.189350767,REACH,Reaching,2,FALSE
vid5,Take 5 (hard),hard,7.6,0.1100531043,1.213020293,REACH,Reaching,2,FALSE
vid5,Take 5 (hard),hard,7.633333333,0.1845252416,1.207020726,REACH,Reaching,2,FALSE
vid5,Take 5 (hard),hard,7.666666667,0.2297067772,1.196245843,REACH,Reaching,2,FALSE
vid5,Take 5 (hard),hard,7.7,0.3123232637,1.200810621,REACH,Reaching,2,FALSE
vid5,Take 5 (hard),hard,7.733333333,0.6392206986,1.198945112,REACH,Reaching,2,FALSE
vid5,Take 5 (hard),hard,7.766666667,0.872334861,1.212268418,REACH,Reaching,2,FALSE
vid5,Take 5 (hard),hard,7.8,1.343372325,1.205296854,REACH,Reaching,2,FALSE
vid5,Take 5 (hard),hard,7.833333333,1.750882212,1.209961328,REACH,Reaching,2,FALSE
vid5,Take 5 (hard),hard,7.866666667,2.299968673,1.19514396,REACH,Reaching,2,FALSE
vid5,Take 5 (hard),hard,7.9,2.906660756,1.176699104,REACH,Reaching,2,FALSE
vid5,Take 5 (hard),hard,7.933333333,3.374403709,1.173497078,REACH,Reaching,2,FALSE
vid5,Take 5 (hard),hard,7.966666667,4.074117489,1.174849113,REACH,Reaching,2,FALSE
vid5,Take 5 (hard),hard,8,4.545624916,1.223604669,REACH,Reaching,2,FALSE
vid5,Take 5 (hard),hard,8.033333333,4.881200733,1.234810807,REACH,Reaching,2,FALSE
vid5,Take 5 (hard),hard,8.066666667,5.007466251,1.273569018,REACH,Reaching,2,FALSE
vid5,Take 5 (hard),hard,8.1,4.920515818,1.278419656,REACH,Reaching,2,FALSE
vid5,Take 5 (hard),hard,8.133333333,4.845433418,1.276304703,REACH,Reaching,2,FALSE
vid5,Take 5 (hard),hard,8.166666667,4.544866576,1.216160042,REACH,Reaching,2,FALSE
vid5,Take 5 (hard),hard,8.2,4.061215554,1.142986935,REACH,Reaching,2,FALSE
vid5,Take 5 (hard),hard,8.233333333,3.388780944,1.059062162,REACH,Reaching,2,FALSE
vid5,Take 5 (hard),hard,8.266666667,2.697073187,1.090739946,REACH,Reaching,2,FALSE
vid5,Take 5 (hard),hard,8.3,2.48782646,1.117170688,REACH,Reaching,2,FALSE
vid5,Take 5 (hard),hard,8.333333333,2.297458819,1.03416239,GRASP,Grasping,3,FALSE
vid5,Take 5 (hard),hard,8.366666667,1.997172805,0.9502737216,GRASP,Grasping,3,FALSE
vid5,Take 5 (hard),hard,8.4,1.431860285,1.028428346,GRASP,Grasping,3,FALSE
vid5,Take 5 (hard),hard,8.433333333,0.7172649457,1.079532356,GRASP,Grasping,3,FALSE
vid5,Take 5 (hard),hard,8.466666667,0.3041752984,1.010043465,GRASP,Grasping,3,FALSE
vid5,Take 5 (hard),hard,8.5,0.1315887544,0.9133858952,GRASP,Grasping,3,FALSE
vid5,Take 5 (hard),hard,8.533333333,0.1791137578,0.9049540269,GRASP,Grasping,3,FALSE
vid5,Take 5 (hard),hard,8.566666667,0.1114237184,0.926653322,GRASP,Grasping,3,FALSE
vid5,Take 5 (hard),hard,8.6,0.07489664257,0.9413776996,GRASP,Grasping,3,FALSE
vid5,Take 5 (hard),hard,8.633333333,0.04035606098,0.9129475849,GRASP,Grasping,3,FALSE
vid5,Take 5 (hard),hard,8.666666667,0.05754765408,0.9038993614,GRASP,Grasping,3,FALSE
vid5,Take 5 (hard),hard,8.7,0.09843636225,0.9029978118,GRASP,Grasping,3,FALSE
vid5,Take 5 (hard),hard,8.733333333,0.1169237259,0.9009998552,GRASP,Grasping,3,FALSE
vid5,Take 5 (hard),hard,8.766666667,0.0952862037,0.8943427263,GRASP,Grasping,3,FALSE
vid5,Take 5 (hard),hard,8.8,0.2017371286,0.8935297171,GRASP,Grasping,3,FALSE
vid5,Take 5 (hard),hard,8.833333333,0.2325060599,0.8800925897,GRASP,Grasping,3,FALSE
vid5,Take 5 (hard),hard,8.866666667,0.4527645072,0.8674130517,GRASP,Grasping,3,FALSE
vid5,Take 5 (hard),hard,8.9,0.4182559162,0.9157952218,GRASP,Grasping,3,FALSE
vid5,Take 5 (hard),hard,8.933333333,0.9828292834,0.9634979163,GRASP,Grasping,3,FALSE
vid5,Take 5 (hard),hard,8.966666667,1.707746667,0.9514767419,GRASP,Grasping,3,FALSE
vid5,Take 5 (hard),hard,9,2.099217581,0.895054141,GRASP,Grasping,3,FALSE
vid5,Take 5 (hard),hard,9.033333333,2.05328122,0.9111101193,GRASP,Grasping,3,FALSE
vid5,Take 5 (hard),hard,9.066666667,1.262753519,0.952680992,GRASP,Grasping,3,FALSE
vid5,Take 5 (hard),hard,9.1,0.7316366886,0.9045255757,GRASP,Grasping,3,FALSE
vid5,Take 5 (hard),hard,9.133333333,1.538122698,0.8554520144,GRASP,Grasping,3,FALSE
vid5,Take 5 (hard),hard,9.166666667,2.865956496,0.8117741684,GRASP,Grasping,3,FALSE
vid5,Take 5 (hard),hard,9.2,4.706252083,0.7205363391,GRASP,Grasping,3,FALSE
vid5,Take 5 (hard),hard,9.233333333,6.78362769,0.600432986,GRASP,Grasping,3,FALSE
vid5,Take 5 (hard),hard,9.266666667,6.846056493,0.5959037503,GRASP,Grasping,3,FALSE
vid5,Take 5 (hard),hard,9.3,5.399816072,0.6508299118,GRASP,Grasping,3,FALSE
vid5,Take 5 (hard),hard,9.333333333,,,GRASP,Grasping,3,TRUE
vid5,Take 5 (hard),hard,9.366666667,,,GRASP,Grasping,3,TRUE
vid5,Take 5 (hard),hard,9.4,,,GRASP,Grasping,3,TRUE
vid5,Take 5 (hard),hard,9.433333333,,,GRASP,Grasping,3,TRUE
vid5,Take 5 (hard),hard,9.466666667,,,GRASP,Grasping,3,TRUE
vid5,Take 5 (hard),hard,9.5,,,GRASP,Grasping,3,TRUE
vid5,Take 5 (hard),hard,9.533333333,,,GRASP,Grasping,3,TRUE
vid5,Take 5 (hard),hard,9.566666667,,,GRASP,Grasping,3,TRUE
vid5,Take 5 (hard),hard,9.6,,,GRASP,Grasping,3,TRUE
vid5,Take 5 (hard),hard,9.633333333,,,HOLD,Holding,4,TRUE
vid5,Take 5 (hard),hard,9.666666667,,,HOLD,Holding,4,TRUE
vid5,Take 5 (hard),hard,9.7,,,HOLD,Holding,4,TRUE
vid5,Take 5 (hard),hard,9.733333333,,,HOLD,Holding,4,TRUE
vid5,Take 5 (hard),hard,9.766666667,,,HOLD,Holding,4,TRUE
vid5,Take 5 (hard),hard,9.8,,,HOLD,Holding,4,TRUE
vid5,Take 5 (hard),hard,9.833333333,,,HOLD,Holding,4,TRUE
vid5,Take 5 (hard),hard,9.866666667,2.585139317,0.7004855181,HOLD,Holding,4,FALSE
vid5,Take 5 (hard),hard,9.9,5.200121125,0.6856228674,HOLD,Holding,4,FALSE
vid5,Take 5 (hard),hard,9.933333333,6.930703102,0.6741384526,HOLD,Holding,4,FALSE
vid5,Take 5 (hard),hard,9.966666667,6.876268811,0.659643966,HOLD,Holding,4,FALSE
vid5,Take 5 (hard),hard,10,6.606642347,0.6813979698,HOLD,Holding,4,FALSE
vid5,Take 5 (hard),hard,10.033333333,6.073169638,0.7045458745,HOLD,Holding,4,FALSE
vid5,Take 5 (hard),hard,10.066666667,5.258927603,0.7472719858,HOLD,Holding,4,FALSE
vid5,Take 5 (hard),hard,10.1,4.310796471,0.7558833068,HOLD,Holding,4,FALSE
vid5,Take 5 (hard),hard,10.133333333,3.377769612,0.7483272916,HOLD,Holding,4,FALSE
vid5,Take 5 (hard),hard,10.166666667,2.62110415,0.7549836863,HOLD,Holding,4,FALSE
vid5,Take 5 (hard),hard,10.2,1.894172487,0.7635446596,HOLD,Holding,4,FALSE
vid5,Take 5 (hard),hard,10.233333333,1.100231072,0.7867248552,HOLD,Holding,4,FALSE
vid5,Take 5 (hard),hard,10.266666667,0.422018363,0.8007202513,HOLD,Holding,4,FALSE
vid5,Take 5 (hard),hard,10.3,0.1293716526,0.7923243191,HOLD,Holding,4,FALSE
vid5,Take 5 (hard),hard,10.333333333,0.09084309176,0.7267023335,HOLD,Holding,4,FALSE
vid5,Take 5 (hard),hard,10.366666667,0.1208043864,0.6831771916,HOLD,Holding,4,FALSE
vid5,Take 5 (hard),hard,10.4,0.1868801106,0.6807730248,HOLD,Holding,4,FALSE
vid5,Take 5 (hard),hard,10.433333333,0.2450627537,0.7079685244,HOLD,Holding,4,FALSE
vid5,Take 5 (hard),hard,10.466666667,0.2077238326,0.7140333724,HOLD,Holding,4,FALSE
vid5,Take 5 (hard),hard,10.5,0.08492847227,0.6972712743,HOLD,Holding,4,FALSE
vid5,Take 5 (hard),hard,10.533333333,0.04500418068,0.6651406134,HOLD,Holding,4,FALSE
vid5,Take 5 (hard),hard,10.566666667,0.05320992757,0.6387583103,HOLD,Holding,4,FALSE
vid5,Take 5 (hard),hard,10.6,0.07362867985,0.6300117562,HOLD,Holding,4,FALSE
vid5,Take 5 (hard),hard,10.633333333,0.09232480676,0.6220901777,HOLD,Holding,4,FALSE
vid5,Take 5 (hard),hard,10.666666667,0.1328563854,0.6273252141,HOLD,Holding,4,FALSE
vid5,Take 5 (hard),hard,10.7,0.09935105842,0.620277034,HOLD,Holding,4,FALSE
vid5,Take 5 (hard),hard,10.733333333,0.111019246,0.6337793436,HOLD,Holding,4,FALSE
vid5,Take 5 (hard),hard,10.766666667,0.1111082516,0.6392746636,HOLD,Holding,4,FALSE
vid5,Take 5 (hard),hard,10.8,0.159207336,0.6589213193,HOLD,Holding,4,FALSE
vid5,Take 5 (hard),hard,10.833333333,0.135642483,0.6770004806,HOLD,Holding,4,FALSE
vid5,Take 5 (hard),hard,10.866666667,0.1791339359,0.6916421679,HOLD,Holding,4,FALSE
vid5,Take 5 (hard),hard,10.9,0.252647023,0.6739325297,HOLD,Holding,4,FALSE
vid5,Take 5 (hard),hard,10.933333333,0.5947419171,0.6364532839,HOLD,Holding,4,FALSE
vid5,Take 5 (hard),hard,10.966666667,0.9044483968,0.6591637057,HOLD,Holding,4,FALSE
vid5,Take 5 (hard),hard,11,1.191596118,0.7089947448,HOLD,Holding,4,FALSE
vid5,Take 5 (hard),hard,11.033333333,1.416068536,0.7497941331,HOLD,Holding,4,FALSE
vid5,Take 5 (hard),hard,11.066666667,1.69268304,0.7055980354,HOLD,Holding,4,FALSE
vid5,Take 5 (hard),hard,11.1,2.249939268,0.7312149547,HOLD,Holding,4,FALSE
vid5,Take 5 (hard),hard,11.133333333,3.006006842,0.7235507253,RELEASE,Releasing,5,FALSE
vid5,Take 5 (hard),hard,11.166666667,4.304296479,0.803313775,RELEASE,Releasing,5,FALSE
vid5,Take 5 (hard),hard,11.2,5.790540843,0.8655008788,RELEASE,Releasing,5,FALSE
vid5,Take 5 (hard),hard,11.233333333,7.206367129,0.9359823985,RELEASE,Releasing,5,FALSE
vid5,Take 5 (hard),hard,11.266666667,8.018197716,0.9203412018,RELEASE,Releasing,5,FALSE
vid5,Take 5 (hard),hard,11.3,8.057544165,0.9265542111,RETRACT,Returning,6,FALSE
vid5,Take 5 (hard),hard,11.333333333,7.873023834,0.9049572425,RETRACT,Returning,6,FALSE
vid5,Take 5 (hard),hard,11.366666667,7.475343774,0.8790879135,RETRACT,Returning,6,FALSE
vid5,Take 5 (hard),hard,11.4,6.926481673,0.8670496754,RETRACT,Returning,6,FALSE
vid5,Take 5 (hard),hard,11.433333333,6.379507803,0.9249887743,RETRACT,Returning,6,FALSE
vid5,Take 5 (hard),hard,11.466666667,5.77828627,0.9765967752,RETRACT,Returning,6,FALSE
vid5,Take 5 (hard),hard,11.5,5.14533539,1.041073288,RETRACT,Returning,6,FALSE
vid5,Take 5 (hard),hard,11.533333333,4.595385366,1.069504061,RETRACT,Returning,6,FALSE
vid5,Take 5 (hard),hard,11.566666667,4.142552217,1.08934911,RETRACT,Returning,6,FALSE
vid5,Take 5 (hard),hard,11.6,3.739863526,1.046285236,RETRACT,Returning,6,FALSE
vid5,Take 5 (hard),hard,11.633333333,3.54176883,1.036927944,RETRACT,Returning,6,FALSE
vid5,Take 5 (hard),hard,11.666666667,3.083815382,1.054247945,RETRACT,Returning,6,FALSE
vid5,Take 5 (hard),hard,11.7,2.507344812,1.052030614,RETRACT,Returning,6,FALSE
vid5,Take 5 (hard),hard,11.733333333,1.538466015,0.9828936819,REST,At rest,1,FALSE
vid5,Take 5 (hard),hard,11.766666667,0.6167226623,0.9171477884,REST,At rest,1,FALSE
vid5,Take 5 (hard),hard,11.8,0.3375736109,0.8478250182,REST,At rest,1,FALSE
vid5,Take 5 (hard),hard,11.833333333,0.3716665931,0.8506107588,REST,At rest,1,FALSE
vid5,Take 5 (hard),hard,11.866666667,0.1296738939,0.8864447848,REST,At rest,1,FALSE
vid5,Take 5 (hard),hard,11.9,0.1694363831,0.9100669183,REST,At rest,1,FALSE
vid5,Take 5 (hard),hard,11.933333333,0.4462578437,0.8827923063,REST,At rest,1,FALSE
vid5,Take 5 (hard),hard,11.966666667,0.1401696824,0.8708013936,REST,At rest,1,FALSE
vid5,Take 5 (hard),hard,12,0.3645347247,0.9168899114,REST,At rest,1,FALSE
vid5,Take 5 (hard),hard,12.033333333,0.1984618457,0.9607096811,REST,At rest,1,FALSE
vid5,Take 5 (hard),hard,12.066666667,0.3239903702,0.9573146071,REST,At rest,1,FALSE
vid5,Take 5 (hard),hard,12.1,0.09031198425,0.933027729,REST,At rest,1,FALSE
vid5,Take 5 (hard),hard,12.133333333,0.1118663016,0.9354475732,REST,At rest,1,FALSE
vid5,Take 5 (hard),hard,12.166666667,0.2696286139,0.9161996951,REST,At rest,1,FALSE
vid5,Take 5 (hard),hard,12.2,0.1295652919,0.9026227523,REST,At rest,1,FALSE
vid5,Take 5 (hard),hard,12.233333333,0.5589023227,0.9320427158,REST,At rest,1,FALSE
vid5,Take 5 (hard),hard,12.266666667,0.6091601228,0.957531277,REST,At rest,1,FALSE
vid5,Take 5 (hard),hard,12.3,0.3006226513,0.9667360045,REST,At rest,1,FALSE
vid5,Take 5 (hard),hard,12.333333333,0.228038225,0.979306367,REST,At rest,1,FALSE
vid5,Take 5 (hard),hard,12.366666667,0.1277663489,0.9686802255,REST,At rest,1,FALSE
vid5,Take 5 (hard),hard,12.4,0.1863817583,0.9524907413,REST,At rest,1,FALSE
vid5,Take 5 (hard),hard,12.433333333,0.1713805408,0.9555787227,REST,At rest,1,FALSE
vid5,Take 5 (hard),hard,12.466666667,0.00486933217,0.9570841939,REST,At rest,1,FALSE
vid5,Take 5 (hard),hard,12.5,0.08403110332,0.9508511259,REST,At rest,1,FALSE
vid5,Take 5 (hard),hard,12.533333333,0.07861419107,0.9497473963,REST,At rest,1,FALSE
vid5,Take 5 (hard),hard,12.566666667,0.1655122765,0.9740070676,REST,At rest,1,FALSE
vid5,Take 5 (hard),hard,12.6,0.03963460493,0.9897005008,REST,At rest,1,FALSE
vid5,Take 5 (hard),hard,12.633333333,0.08638718818,0.9889126461,REST,At rest,1,FALSE
vid5,Take 5 (hard),hard,12.666666667,0.1002325802,0.9597654659,REST,At rest,1,FALSE
vid5,Take 5 (hard),hard,12.7,0.08766371564,0.9578133216,REST,At rest,1,FALSE
vid5,Take 5 (hard),hard,12.733333333,0.03425624789,0.9788675875,REST,At rest,1,FALSE
vid5,Take 5 (hard),hard,12.766666667,0.03218982785,0.9828780731,REST,At rest,1,FALSE
vid5,Take 5 (hard),hard,12.8,0.09216636001,0.9810182833,REST,At rest,1,FALSE
vid5,Take 5 (hard),hard,12.833333333,0.2497886118,0.9823708268,REST,At rest,1,FALSE
vid5,Take 5 (hard),hard,12.866666667,0.08801960529,0.9819807099,REST,At rest,1,FALSE
vid5,Take 5 (hard),hard,12.9,0.037906842,0.9740457396,REST,At rest,1,FALSE
vid5,Take 5 (hard),hard,12.933333333,0.05855994555,0.985738643,REST,At rest,1,FALSE
vid5,Take 5 (hard),hard,12.966666667,0.1404664401,0.994596669,REST,At rest,1,FALSE
vid5,Take 5 (hard),hard,13,0.1230769178,0.9652280489,REST,At rest,1,FALSE
vid5,Take 5 (hard),hard,13.033333333,0.1229577118,0.9698008169,REST,At rest,1,FALSE
vid5,Take 5 (hard),hard,13.066666667,0.07356571666,0.9887560024,REST,At rest,1,FALSE
vid5,Take 5 (hard),hard,13.1,0.1254827459,0.9981443464,REST,At rest,1,FALSE
vid5,Take 5 (hard),hard,13.133333333,0.03617287623,0.958011899,REST,At rest,1,FALSE
vid5,Take 5 (hard),hard,13.166666667,0.1605353692,0.9612788268,REST,At rest,1,FALSE
vid5,Take 5 (hard),hard,13.2,0.07899221525,0.9449235212,REST,At rest,1,FALSE
vid5,Take 5 (hard),hard,13.233333333,0.1970578926,0.9568986868,REST,At rest,1,FALSE
vid5,Take 5 (hard),hard,13.266666667,0.04705989162,0.94042376,REST,At rest,1,FALSE
vid5,Take 5 (hard),hard,13.3,0.1045634182,0.9656060842,REST,At rest,1,FALSE
vid5,Take 5 (hard),hard,13.333333333,0.1524273561,0.954564021,REST,At rest,1,FALSE
vid5,Take 5 (hard),hard,13.366666667,0.08528599406,0.9662440795,REST,At rest,1,FALSE
vid5,Take 5 (hard),hard,13.4,0.1049174484,0.9460955815,REST,At rest,1,FALSE
vid5,Take 5 (hard),hard,13.433333333,0.1415873049,0.9709634474,REST,At rest,1,FALSE
vid5,Take 5 (hard),hard,13.466666667,0.09132051238,0.9766693511,REST,At rest,1,FALSE
vid5,Take 5 (hard),hard,13.5,0.1676905708,0.9769670906,REST,At rest,1,FALSE
vid5,Take 5 (hard),hard,13.533333333,0.3625778176,0.9424446448,REST,At rest,1,FALSE
vid5,Take 5 (hard),hard,13.566666667,0.6089730673,0.9579952956,REST,At rest,1,FALSE
vid5,Take 5 (hard),hard,13.6,0.8573434438,0.9702118088,REST,At rest,1,FALSE
vid5,Take 5 (hard),hard,13.633333333,1.913220405,1.013938231,REST,At rest,1,FALSE
vid5,Take 5 (hard),hard,13.666666667,3.565837036,1.009813726,REST,At rest,1,FALSE
vid5,Take 5 (hard),hard,13.7,5.201879604,0.9650471985,REACH,Reaching,2,FALSE
vid5,Take 5 (hard),hard,13.733333333,6.542328687,0.8409680266,REACH,Reaching,2,FALSE
vid5,Take 5 (hard),hard,13.766666667,7.286036892,0.778264376,REACH,Reaching,2,FALSE
vid5,Take 5 (hard),hard,13.8,7.71476345,0.7928327901,REACH,Reaching,2,FALSE
vid5,Take 5 (hard),hard,13.833333333,7.72998971,0.8455886277,REACH,Reaching,2,FALSE
vid5,Take 5 (hard),hard,13.866666667,7.131381307,0.8625813267,REACH,Reaching,2,FALSE
vid5,Take 5 (hard),hard,13.9,6.733304151,0.9855068615,REACH,Reaching,2,FALSE
vid5,Take 5 (hard),hard,13.933333333,6.358999056,1.125223643,REACH,Reaching,2,FALSE
vid5,Take 5 (hard),hard,13.966666667,5.915135939,1.219769282,REACH,Reaching,2,FALSE
vid5,Take 5 (hard),hard,14,5.249592353,1.23639982,REACH,Reaching,2,FALSE
vid5,Take 5 (hard),hard,14.033333333,4.471036541,1.277817937,REACH,Reaching,2,FALSE
vid5,Take 5 (hard),hard,14.066666667,4.247973679,1.165697441,REACH,Reaching,2,FALSE
vid5,Take 5 (hard),hard,14.1,4.44712201,1.045894314,REACH,Reaching,2,FALSE
vid5,Take 5 (hard),hard,14.133333333,4.71513312,1.077215021,REACH,Reaching,2,FALSE
vid5,Take 5 (hard),hard,14.166666667,5.004445892,1.200206773,REACH,Reaching,2,FALSE
vid5,Take 5 (hard),hard,14.2,4.806988508,1.108976143,REACH,Reaching,2,FALSE
vid5,Take 5 (hard),hard,14.233333333,4.244403516,0.8724550262,GRASP,Grasping,3,FALSE
vid5,Take 5 (hard),hard,14.266666667,3.427518636,0.6639550509,GRASP,Grasping,3,FALSE
vid5,Take 5 (hard),hard,14.3,2.438474329,0.5902324832,GRASP,Grasping,3,FALSE
vid5,Take 5 (hard),hard,14.333333333,1.695788132,0.5294677951,GRASP,Grasping,3,FALSE
vid5,Take 5 (hard),hard,14.366666667,1.024304454,0.4788216889,GRASP,Grasping,3,FALSE
vid5,Take 5 (hard),hard,14.4,0.5243225886,0.426030391,GRASP,Grasping,3,FALSE
vid5,Take 5 (hard),hard,14.433333333,0.2383573953,0.4276587876,GRASP,Grasping,3,FALSE
vid5,Take 5 (hard),hard,14.466666667,0.3917247144,0.4345338365,GRASP,Grasping,3,FALSE
vid5,Take 5 (hard),hard,14.5,0.357847144,0.4494059711,GRASP,Grasping,3,FALSE
vid5,Take 5 (hard),hard,14.533333333,0.2727477885,0.4547602189,GRASP,Grasping,3,FALSE
vid5,Take 5 (hard),hard,14.566666667,0.2100445987,0.4627640557,GRASP,Grasping,3,FALSE
vid5,Take 5 (hard),hard,14.6,0.2195064778,0.4726559952,GRASP,Grasping,3,FALSE
vid5,Take 5 (hard),hard,14.633333333,0.2520542419,0.4918558947,GRASP,Grasping,3,FALSE
vid5,Take 5 (hard),hard,14.666666667,0.3172055449,0.5035660324,GRASP,Grasping,3,FALSE
vid5,Take 5 (hard),hard,14.7,0.327852032,0.493741062,GRASP,Grasping,3,FALSE
vid5,Take 5 (hard),hard,14.733333333,0.3367899312,0.4792971601,GRASP,Grasping,3,FALSE
vid5,Take 5 (hard),hard,14.766666667,0.2906697311,0.4811162576,GRASP,Grasping,3,FALSE
vid5,Take 5 (hard),hard,14.8,0.03042256454,0.4834140063,GRASP,Grasping,3,FALSE
vid5,Take 5 (hard),hard,14.833333333,0.3150676514,0.4758181421,GRASP,Grasping,3,FALSE
vid5,Take 5 (hard),hard,14.866666667,0.4284667041,0.4731483443,GRASP,Grasping,3,FALSE
vid5,Take 5 (hard),hard,14.9,0.3278274061,0.4695916481,GRASP,Grasping,3,FALSE
vid5,Take 5 (hard),hard,14.933333333,0.537495454,0.523786104,GRASP,Grasping,3,FALSE
vid5,Take 5 (hard),hard,14.966666667,1.211244795,0.5838620244,GRASP,Grasping,3,FALSE
vid5,Take 5 (hard),hard,15,1.325451874,0.727133563,GRASP,Grasping,3,FALSE
vid5,Take 5 (hard),hard,15.033333333,1.306585648,0.8398764284,GRASP,Grasping,3,FALSE
vid5,Take 5 (hard),hard,15.066666667,1.512635042,0.9929114009,GRASP,Grasping,3,FALSE
vid5,Take 5 (hard),hard,15.1,1.371118057,1.128377928,GRASP,Grasping,3,FALSE
vid5,Take 5 (hard),hard,15.133333333,1.407151215,1.200877599,GRASP,Grasping,3,FALSE
vid5,Take 5 (hard),hard,15.166666667,1.155848769,1.195415913,GRASP,Grasping,3,FALSE
vid5,Take 5 (hard),hard,15.2,0.6945767004,1.222167565,GRASP,Grasping,3,FALSE
vid5,Take 5 (hard),hard,15.233333333,0.7108467344,1.325012089,GRASP,Grasping,3,FALSE
vid5,Take 5 (hard),hard,15.266666667,1.125001521,1.338880864,GRASP,Grasping,3,FALSE
vid5,Take 5 (hard),hard,15.3,1.424204832,1.313767836,GRASP,Grasping,3,FALSE
vid5,Take 5 (hard),hard,15.333333333,1.305009706,1.190011864,GRASP,Grasping,3,FALSE
vid5,Take 5 (hard),hard,15.366666667,1.020329921,1.07216254,GRASP,Grasping,3,FALSE
vid5,Take 5 (hard),hard,15.4,0.6194926746,1.012377744,GRASP,Grasping,3,FALSE
vid5,Take 5 (hard),hard,15.433333333,0.523824497,1.020091428,GRASP,Grasping,3,FALSE
vid5,Take 5 (hard),hard,15.466666667,0.5666751255,0.9709977108,GRASP,Grasping,3,FALSE
vid5,Take 5 (hard),hard,15.5,0.2914144629,0.8870756567,GRASP,Grasping,3,FALSE
vid5,Take 5 (hard),hard,15.533333333,0.2797459547,0.8532968905,GRASP,Grasping,3,FALSE
vid5,Take 5 (hard),hard,15.566666667,0.1733884363,0.8410112261,GRASP,Grasping,3,FALSE
vid5,Take 5 (hard),hard,15.6,0.3928369181,0.8444148059,GRASP,Grasping,3,FALSE
vid5,Take 5 (hard),hard,15.633333333,0.3827405862,0.802501877,GRASP,Grasping,3,FALSE
vid5,Take 5 (hard),hard,15.666666667,0.4752195567,0.7482792498,GRASP,Grasping,3,FALSE
vid5,Take 5 (hard),hard,15.7,0.6606571495,0.719572646,GRASP,Grasping,3,FALSE
vid5,Take 5 (hard),hard,15.733333333,0.4416874763,0.7171584088,GRASP,Grasping,3,FALSE
vid5,Take 5 (hard),hard,15.766666667,0.4739843251,0.7067256616,GRASP,Grasping,3,FALSE
vid5,Take 5 (hard),hard,15.8,0.5723467597,0.6887495884,GRASP,Grasping,3,FALSE
vid5,Take 5 (hard),hard,15.833333333,0.7601476874,0.7037406929,GRASP,Grasping,3,FALSE
vid5,Take 5 (hard),hard,15.866666667,0.7946661146,0.68049134,GRASP,Grasping,3,FALSE
vid5,Take 5 (hard),hard,15.9,0.8303733976,0.6539155078,GRASP,Grasping,3,FALSE
vid5,Take 5 (hard),hard,15.933333333,0.9466346499,0.6430064151,GRASP,Grasping,3,FALSE
vid5,Take 5 (hard),hard,15.966666667,1.009833081,0.6182485489,GRASP,Grasping,3,FALSE
vid5,Take 5 (hard),hard,16,0.9756167529,0.5522620913,GRASP,Grasping,3,FALSE
vid5,Take 5 (hard),hard,16.033333333,0.7396789033,0.5255731524,GRASP,Grasping,3,FALSE
vid5,Take 5 (hard),hard,16.066666667,0.4745348555,0.5451925782,GRASP,Grasping,3,FALSE
vid5,Take 5 (hard),hard,16.1,0.1360802649,0.5518310905,GRASP,Grasping,3,FALSE
vid5,Take 5 (hard),hard,16.133333333,0.06871058735,0.5501822581,GRASP,Grasping,3,FALSE
vid5,Take 5 (hard),hard,16.166666667,0.1690132238,0.5591627067,GRASP,Grasping,3,FALSE
vid5,Take 5 (hard),hard,16.2,0.09774894305,0.5506994935,GRASP,Grasping,3,FALSE
vid5,Take 5 (hard),hard,16.233333333,0.1141152597,0.5392342149,GRASP,Grasping,3,FALSE
vid5,Take 5 (hard),hard,16.266666667,0.1309558579,0.5327300206,GRASP,Grasping,3,FALSE
vid5,Take 5 (hard),hard,16.3,0.05364736041,0.5350005536,GRASP,Grasping,3,FALSE
vid5,Take 5 (hard),hard,16.333333333,0.0585243771,0.5335927996,GRASP,Grasping,3,FALSE
vid5,Take 5 (hard),hard,16.366666667,0.08177692989,0.5354545075,GRASP,Grasping,3,FALSE
vid5,Take 5 (hard),hard,16.4,0.03799189392,0.5271107419,GRASP,Grasping,3,FALSE
vid5,Take 5 (hard),hard,16.433333333,0.03013561119,0.5344476945,GRASP,Grasping,3,FALSE
vid5,Take 5 (hard),hard,16.466666667,0.04027512178,0.5410479817,GRASP,Grasping,3,FALSE
vid5,Take 5 (hard),hard,16.5,0.02351134883,0.540551329,GRASP,Grasping,3,FALSE
vid5,Take 5 (hard),hard,16.533333333,0.09002760823,0.5337853002,GRASP,Grasping,3,FALSE
vid5,Take 5 (hard),hard,16.566666667,0.1056639967,0.542474896,GRASP,Grasping,3,FALSE
vid5,Take 5 (hard),hard,16.6,0.2546995039,0.5370509743,GRASP,Grasping,3,FALSE
vid5,Take 5 (hard),hard,16.633333333,0.6434026752,0.5310224467,GRASP,Grasping,3,FALSE
vid5,Take 5 (hard),hard,16.666666667,1.314493158,0.549388172,GRASP,Grasping,3,FALSE
vid5,Take 5 (hard),hard,16.7,2.670978512,0.5981953583,GRASP,Grasping,3,FALSE
vid5,Take 5 (hard),hard,16.733333333,4.278274283,0.6083460112,GRASP,Grasping,3,FALSE
vid5,Take 5 (hard),hard,16.766666667,6.042466754,0.5306256414,GRASP,Grasping,3,FALSE
vid5,Take 5 (hard),hard,16.8,7.496344879,0.4349176127,GRASP,Grasping,3,FALSE
vid5,Take 5 (hard),hard,16.833333333,8.408408514,0.4099487775,GRASP,Grasping,3,FALSE
vid5,Take 5 (hard),hard,16.866666667,8.442460761,0.431395952,GRASP,Grasping,3,FALSE
vid5,Take 5 (hard),hard,16.9,7.524648524,0.4697704953,GRASP,Grasping,3,FALSE
vid5,Take 5 (hard),hard,16.933333333,6.336688549,0.580075289,GRASP,Grasping,3,FALSE
vid5,Take 5 (hard),hard,16.966666667,5.303493104,0.6910467864,GRASP,Grasping,3,FALSE
vid5,Take 5 (hard),hard,17,4.176668207,0.743366349,GRASP,Grasping,3,FALSE
vid5,Take 5 (hard),hard,17.033333333,2.680057984,0.7106779188,GRASP,Grasping,3,FALSE
vid5,Take 5 (hard),hard,17.066666667,1.328634015,0.683990787,GRASP,Grasping,3,FALSE
vid5,Take 5 (hard),hard,17.1,,,GRASP,Grasping,3,TRUE
vid5,Take 5 (hard),hard,17.133333333,,,HOLD,Holding,4,TRUE
vid5,Take 5 (hard),hard,17.166666667,,,HOLD,Holding,4,TRUE
vid5,Take 5 (hard),hard,17.2,,,HOLD,Holding,4,TRUE
vid5,Take 5 (hard),hard,17.233333333,,,HOLD,Holding,4,TRUE
vid5,Take 5 (hard),hard,17.266666667,,,HOLD,Holding,4,TRUE
vid5,Take 5 (hard),hard,17.3,0.4216498398,0.702667952,HOLD,Holding,4,FALSE
vid5,Take 5 (hard),hard,17.333333333,0.5516977161,0.7320979908,HOLD,Holding,4,FALSE
vid5,Take 5 (hard),hard,17.366666667,0.520558696,0.7884359206,HOLD,Holding,4,FALSE
vid5,Take 5 (hard),hard,17.4,0.4215453247,0.8120445785,HOLD,Holding,4,FALSE
vid5,Take 5 (hard),hard,17.433333333,0.5295062626,0.7841732778,HOLD,Holding,4,FALSE
vid5,Take 5 (hard),hard,17.466666667,0.5985797697,0.7746083527,HOLD,Holding,4,FALSE
vid5,Take 5 (hard),hard,17.5,0.7308164924,0.8886354072,HOLD,Holding,4,FALSE
vid5,Take 5 (hard),hard,17.533333333,0.5706180055,0.9715066956,HOLD,Holding,4,FALSE
vid5,Take 5 (hard),hard,17.566666667,0.6827964466,0.9760988877,HOLD,Holding,4,FALSE
vid5,Take 5 (hard),hard,17.6,0.6485418284,0.9219569146,HOLD,Holding,4,FALSE
vid5,Take 5 (hard),hard,17.633333333,0.9543308682,0.9799851996,HOLD,Holding,4,FALSE
vid5,Take 5 (hard),hard,17.666666667,1.132812678,1.071280866,HOLD,Holding,4,FALSE
vid5,Take 5 (hard),hard,17.7,1.177965124,1.097419488,HOLD,Holding,4,FALSE
vid5,Take 5 (hard),hard,17.733333333,1.630285695,0.976125696,HOLD,Holding,4,FALSE
vid5,Take 5 (hard),hard,17.766666667,2.479586398,0.8592572246,HOLD,Holding,4,FALSE
vid5,Take 5 (hard),hard,17.8,3.418871682,0.8347689514,HOLD,Holding,4,FALSE
vid5,Take 5 (hard),hard,17.833333333,4.128279511,0.8595859792,HOLD,Holding,4,FALSE
vid5,Take 5 (hard),hard,17.866666667,4.412052853,0.7988839457,HOLD,Holding,4,FALSE
vid5,Take 5 (hard),hard,17.9,4.556778037,0.7172561521,HOLD,Holding,4,FALSE
vid5,Take 5 (hard),hard,17.933333333,4.463787433,0.6036909348,HOLD,Holding,4,FALSE
vid5,Take 5 (hard),hard,17.966666667,3.950187177,0.5320144654,HOLD,Holding,4,FALSE
vid5,Take 5 (hard),hard,18,3.427743178,0.5168271973,HOLD,Holding,4,FALSE
vid5,Take 5 (hard),hard,18.033333333,2.676792225,0.5176554972,HOLD,Holding,4,FALSE
vid5,Take 5 (hard),hard,18.066666667,1.976580829,0.5004444402,HOLD,Holding,4,FALSE
vid5,Take 5 (hard),hard,18.1,1.451393419,0.4978612785,HOLD,Holding,4,FALSE
vid5,Take 5 (hard),hard,18.133333333,0.823647501,0.5245375497,HOLD,Holding,4,FALSE
vid5,Take 5 (hard),hard,18.166666667,0.4498565193,0.5237818019,HOLD,Holding,4,FALSE
vid5,Take 5 (hard),hard,18.2,0.2931274654,0.5476833632,HOLD,Holding,4,FALSE
vid5,Take 5 (hard),hard,18.233333333,0.3520343179,0.5787852922,HOLD,Holding,4,FALSE
vid5,Take 5 (hard),hard,18.266666667,0.6490450038,0.5676967189,HOLD,Holding,4,FALSE
vid5,Take 5 (hard),hard,18.3,1.022349657,0.5370881379,HOLD,Holding,4,FALSE
vid5,Take 5 (hard),hard,18.333333333,1.134973324,0.5289772282,HOLD,Holding,4,FALSE
vid5,Take 5 (hard),hard,18.366666667,1.311493031,0.5399622957,HOLD,Holding,4,FALSE
vid5,Take 5 (hard),hard,18.4,1.541881723,0.5893142771,HOLD,Holding,4,FALSE
vid5,Take 5 (hard),hard,18.433333333,1.702276967,0.6313608536,HOLD,Holding,4,FALSE
vid5,Take 5 (hard),hard,18.466666667,1.94711405,0.660910511,HOLD,Holding,4,FALSE
vid5,Take 5 (hard),hard,18.5,2.044389008,0.67618619,HOLD,Holding,4,FALSE
vid5,Take 5 (hard),hard,18.533333333,1.96224762,0.6796912272,HOLD,Holding,4,FALSE
vid5,Take 5 (hard),hard,18.566666667,1.520005392,0.6438612503,HOLD,Holding,4,FALSE
vid5,Take 5 (hard),hard,18.6,0.8800426456,0.6079102952,HOLD,Holding,4,FALSE
vid5,Take 5 (hard),hard,18.633333333,0.4413834118,0.6127101753,HOLD,Holding,4,FALSE
vid5,Take 5 (hard),hard,18.666666667,0.1764421991,0.6362860336,HOLD,Holding,4,FALSE
vid5,Take 5 (hard),hard,18.7,0.09725578999,0.6397325084,HOLD,Holding,4,FALSE
vid5,Take 5 (hard),hard,18.733333333,0.07998479891,0.6362059638,HOLD,Holding,4,FALSE
vid5,Take 5 (hard),hard,18.766666667,0.05487684654,0.6467486981,HOLD,Holding,4,FALSE
vid5,Take 5 (hard),hard,18.8,0.1799677318,0.6569888637,HOLD,Holding,4,FALSE
vid5,Take 5 (hard),hard,18.833333333,0.08896525393,0.653586731,HOLD,Holding,4,FALSE
vid5,Take 5 (hard),hard,18.866666667,0.1907663015,0.6579228338,HOLD,Holding,4,FALSE
vid5,Take 5 (hard),hard,18.9,0.2882328762,0.6588019643,HOLD,Holding,4,FALSE
vid5,Take 5 (hard),hard,18.933333333,0.2515393254,0.6394474678,HOLD,Holding,4,FALSE
vid5,Take 5 (hard),hard,18.966666667,0.1376071908,0.6288331297,HOLD,Holding,4,FALSE
vid5,Take 5 (hard),hard,19,0.09249238666,0.6228951608,HOLD,Holding,4,FALSE
vid5,Take 5 (hard),hard,19.033333333,0.3086997666,0.6292443073,HOLD,Holding,4,FALSE
vid5,Take 5 (hard),hard,19.066666667,0.5278254189,0.6501670336,HOLD,Holding,4,FALSE
vid5,Take 5 (hard),hard,19.1,0.7456317344,0.6811178004,HOLD,Holding,4,FALSE
vid5,Take 5 (hard),hard,19.133333333,0.8784565135,0.7305159091,HOLD,Holding,4,FALSE
vid5,Take 5 (hard),hard,19.166666667,1.167505374,0.7815147734,HOLD,Holding,4,FALSE
vid5,Take 5 (hard),hard,19.2,1.578551695,0.8274655663,HOLD,Holding,4,FALSE
vid5,Take 5 (hard),hard,19.233333333,1.953946267,0.7789555219,HOLD,Holding,4,FALSE
vid5,Take 5 (hard),hard,19.266666667,2.492694615,0.7852750438,RELEASE,Releasing,5,FALSE
vid5,Take 5 (hard),hard,19.3,3.092217691,0.8138585547,RELEASE,Releasing,5,FALSE
vid5,Take 5 (hard),hard,19.333333333,4.017687146,0.9090154087,RELEASE,Releasing,5,FALSE
vid5,Take 5 (hard),hard,19.366666667,4.830793394,0.9061458141,RELEASE,Releasing,5,FALSE
vid5,Take 5 (hard),hard,19.4,5.550014343,0.8753505187,RELEASE,Releasing,5,FALSE
vid5,Take 5 (hard),hard,19.433333333,6.020446567,0.7931939631,RELEASE,Releasing,5,FALSE
vid5,Take 5 (hard),hard,19.466666667,6.135245747,0.7769665144,RETRACT,Returning,6,FALSE
vid5,Take 5 (hard),hard,19.5,6.410925545,0.8310766421,RETRACT,Returning,6,FALSE
vid5,Take 5 (hard),hard,19.533333333,6.333553686,0.9472283361,RETRACT,Returning,6,FALSE
vid5,Take 5 (hard),hard,19.566666667,6.048086821,1.100379448,RETRACT,Returning,6,FALSE
vid5,Take 5 (hard),hard,19.6,5.6539345,1.189067269,RETRACT,Returning,6,FALSE
vid5,Take 5 (hard),hard,19.633333333,5.379711542,1.201108787,RETRACT,Returning,6,FALSE
vid5,Take 5 (hard),hard,19.666666667,5.429216295,1.170459035,RETRACT,Returning,6,FALSE
vid5,Take 5 (hard),hard,19.7,5.422294666,1.157574408,RETRACT,Returning,6,FALSE
vid5,Take 5 (hard),hard,19.733333333,5.506616243,1.104360805,RETRACT,Returning,6,FALSE
vid5,Take 5 (hard),hard,19.766666667,5.393245843,1.040628249,RETRACT,Returning,6,FALSE
vid5,Take 5 (hard),hard,19.8,4.796336966,0.9491939478,RETRACT,Returning,6,FALSE
vid5,Take 5 (hard),hard,19.833333333,4.182200231,0.9482554008,RETRACT,Returning,6,FALSE
vid5,Take 5 (hard),hard,19.866666667,4.245860842,0.9949862565,RETRACT,Returning,6,FALSE
vid5,Take 5 (hard),hard,19.9,4.468011369,1.040424503,RETRACT,Returning,6,FALSE
vid5,Take 5 (hard),hard,19.933333333,3.564816523,0.9976810282,RETRACT,Returning,6,FALSE
vid5,Take 5 (hard),hard,19.966666667,2.055803123,0.9809984857,RETRACT,Returning,6,FALSE
vid5,Take 5 (hard),hard,20,0.705118735,0.9914018541,REST,At rest,1,FALSE
vid5,Take 5 (hard),hard,20.033333333,0.2960101818,1.004764782,REST,At rest,1,FALSE
vid5,Take 5 (hard),hard,20.066666667,0.1660499194,0.9986244295,REST,At rest,1,FALSE
vid5,Take 5 (hard),hard,20.1,0.2899688568,0.9963824251,REST,At rest,1,FALSE
vid5,Take 5 (hard),hard,20.133333333,0.1355496567,0.9771750526,REST,At rest,1,FALSE
vid5,Take 5 (hard),hard,20.166666667,0.1664527042,0.9400282162,REST,At rest,1,FALSE
vid5,Take 5 (hard),hard,20.2,0.1574260876,0.9252015363,REST,At rest,1,FALSE
vid5,Take 5 (hard),hard,20.233333333,0.08107257116,0.9340789128,REST,At rest,1,FALSE
vid5,Take 5 (hard),hard,20.266666667,0.1317228656,0.9650506864,REST,At rest,1,FALSE
vid5,Take 5 (hard),hard,20.3,0.1951041631,0.9417539672,REST,At rest,1,FALSE
vid5,Take 5 (hard),hard,20.333333333,0.2130714321,0.9423508577,REST,At rest,1,FALSE
vid5,Take 5 (hard),hard,20.366666667,0.2212277593,0.9252159608,REST,At rest,1,FALSE
vid5,Take 5 (hard),hard,20.4,0.1451161858,0.9287500344,REST,At rest,1,FALSE
vid5,Take 5 (hard),hard,20.433333333,0.09814372222,0.9228962555,REST,At rest,1,FALSE
vid5,Take 5 (hard),hard,20.466666667,0.2507163068,0.9614308317,REST,At rest,1,FALSE
vid5,Take 5 (hard),hard,20.5,0.2934220801,0.9762528229,REST,At rest,1,FALSE
vid5,Take 5 (hard),hard,20.533333333,0.2983818666,0.9780101393,REST,At rest,1,FALSE
vid5,Take 5 (hard),hard,20.566666667,0.3072998823,0.955825289,REST,At rest,1,FALSE
vid5,Take 5 (hard),hard,20.6,0.1171722448,0.9611173905,REST,At rest,1,FALSE
vid5,Take 5 (hard),hard,20.633333333,0.1186453949,0.9455840396,REST,At rest,1,FALSE
vid5,Take 5 (hard),hard,20.666666667,0.2317659016,0.9206175889,REST,At rest,1,FALSE
vid5,Take 5 (hard),hard,20.7,0.2351192816,0.8853615363,REST,At rest,1,FALSE
vid5,Take 5 (hard),hard,20.733333333,0.1516887499,0.8849705079,REST,At rest,1,FALSE
vid5,Take 5 (hard),hard,20.766666667,0.1784798192,0.8967437344,REST,At rest,1,FALSE
vid5,Take 5 (hard),hard,20.8,0.3593012247,0.9216564946,REST,At rest,1,FALSE
vid5,Take 5 (hard),hard,20.833333333,0.2279788482,0.9766404624,REST,At rest,1,FALSE
vid5,Take 5 (hard),hard,20.866666667,0.2045189274,1.01042702,REST,At rest,1,FALSE
vid5,Take 5 (hard),hard,20.9,0.2571855839,0.9772990224,REST,At rest,1,FALSE
vid5,Take 5 (hard),hard,20.933333333,0.1321871366,0.9495784698,REST,At rest,1,FALSE
vid5,Take 5 (hard),hard,20.966666667,0.07719504333,0.9531139403,REST,At rest,1,FALSE
vid5,Take 5 (hard),hard,21,0.1495786764,0.946001341,REST,At rest,1,FALSE
vid5,Take 5 (hard),hard,21.033333333,0.2652606108,0.9260698562,REST,At rest,1,FALSE
vid5,Take 5 (hard),hard,21.066666667,0.2497502246,0.9445930396,REST,At rest,1,FALSE
vid5,Take 5 (hard),hard,21.1,0.1852532661,0.9977680223,REST,At rest,1,FALSE
vid5,Take 5 (hard),hard,21.133333333,0.2527625165,0.9635606375,REST,At rest,1,FALSE
vid5,Take 5 (hard),hard,21.166666667,0.3149384987,0.9334903291,REST,At rest,1,FALSE
vid5,Take 5 (hard),hard,21.2,0.1136722411,0.9208847293,REST,At rest,1,FALSE
vid5,Take 5 (hard),hard,21.233333333,0.3060122586,0.9599060427,REST,At rest,1,FALSE
vid5,Take 5 (hard),hard,21.266666667,0.06755358629,0.9358933886,REST,At rest,1,FALSE
vid5,Take 5 (hard),hard,21.3,0.06968903731,0.9500623679,REST,At rest,1,FALSE
vid5,Take 5 (hard),hard,21.333333333,0.2305111262,0.943491063,REST,At rest,1,FALSE
vid5,Take 5 (hard),hard,21.366666667,0.3145575623,0.950160103,REST,At rest,1,FALSE
vid5,Take 5 (hard),hard,21.4,0.3101386986,0.9320611236,REST,At rest,1,FALSE
vid5,Take 5 (hard),hard,21.433333333,0.2827412192,0.9436643082,REST,At rest,1,FALSE
vid5,Take 5 (hard),hard,21.466666667,0.1112753356,0.9858367506,REST,At rest,1,FALSE
vid5,Take 5 (hard),hard,21.5,0.1538851556,0.994464084,REST,At rest,1,FALSE
vid5,Take 5 (hard),hard,21.533333333,0.3981588183,0.9648590783,REST,At rest,1,FALSE
vid5,Take 5 (hard),hard,21.566666667,0.2371370458,0.9125080697,REST,At rest,1,FALSE
vid5,Take 5 (hard),hard,21.6,0.3418993239,0.9305904602,REST,At rest,1,FALSE
vid5,Take 5 (hard),hard,21.633333333,0.08127708059,0.9531181464,REST,At rest,1,FALSE
vid5,Take 5 (hard),hard,21.666666667,0.1525153377,0.9990878751,REST,At rest,1,FALSE
vid5,Take 5 (hard),hard,21.7,0.1835206744,0.9663383563,REST,At rest,1,FALSE
vid5,Take 5 (hard),hard,21.733333333,0.3345020674,0.9403933253,REST,At rest,1,FALSE
vid5,Take 5 (hard),hard,21.766666667,0.2050648966,0.9126827924,REST,At rest,1,FALSE
vid5,Take 5 (hard),hard,21.8,0.04984575359,0.9350322788,REST,At rest,1,FALSE
vid5,Take 5 (hard),hard,21.833333333,0.1931574505,0.948738436,REST,At rest,1,FALSE
vid5,Take 5 (hard),hard,21.866666667,0.3214994329,0.9764725147,REST,At rest,1,FALSE
vid5,Take 5 (hard),hard,21.9,0.232779921,0.9844627707,REST,At rest,1,FALSE
vid5,Take 5 (hard),hard,21.933333333,0.1031445877,0.9564343165,REST,At rest,1,FALSE
vid5,Take 5 (hard),hard,21.966666667,0.03648737812,0.9468005569,REST,At rest,1,FALSE
vid5,Take 5 (hard),hard,22,0.2518424241,0.9468731783,REST,At rest,1,FALSE
vid5,Take 5 (hard),hard,22.033333333,0.2039765628,0.9549464596,REST,At rest,1,FALSE
vid5,Take 5 (hard),hard,22.066666667,0.2335318779,0.9513224155,REST,At rest,1,FALSE
vid5,Take 5 (hard),hard,22.1,0.2409298944,0.9509457393,REST,At rest,1,FALSE
vid5,Take 5 (hard),hard,22.133333333,0.2403415248,0.969156515,REST,At rest,1,FALSE
vid5,Take 5 (hard),hard,22.166666667,0.2366859096,0.9405163037,REST,At rest,1,FALSE
vid5,Take 5 (hard),hard,22.2,0.05333742084,0.9242630523,REST,At rest,1,FALSE
vid5,Take 5 (hard),hard,22.233333333,0.09997795434,0.9236266828,REST,At rest,1,FALSE
vid5,Take 5 (hard),hard,22.266666667,0.1733934776,0.9649338005,REST,At rest,1,FALSE
vid5,Take 5 (hard),hard,22.3,0.03783034948,0.9781416061,REST,At rest,1,FALSE
vid5,Take 5 (hard),hard,22.333333333,0.06435901438,0.9605583813,REST,At rest,1,FALSE
vid5,Take 5 (hard),hard,22.366666667,0.1161118384,0.9168069905,REST,At rest,1,FALSE
vid5,Take 5 (hard),hard,22.4,0.1929318021,0.9040408375,REST,At rest,1,FALSE
vid5,Take 5 (hard),hard,22.433333333,0.08036435419,0.918342233,REST,At rest,1,FALSE
vid5,Take 5 (hard),hard,22.466666667,0.01861859219,0.9357907416,REST,At rest,1,FALSE
vid5,Take 5 (hard),hard,22.5,0.1047678917,0.9648295066,REST,At rest,1,FALSE
vid5,Take 5 (hard),hard,22.533333333,0.07219774501,0.972137331,REST,At rest,1,FALSE
vid5,Take 5 (hard),hard,22.566666667,0.2009165288,0.9572618106,REST,At rest,1,FALSE
vid5,Take 5 (hard),hard,22.6,0.1624811232,0.9402000396,REST,At rest,1,FALSE
vid5,Take 5 (hard),hard,22.633333333,0.2654507357,0.9518470936,REST,At rest,1,FALSE
vid5,Take 5 (hard),hard,22.666666667,0.4801076155,0.9766047781,REST,At rest,1,FALSE
vid5,Take 5 (hard),hard,22.7,0.96936691,1.005389626,REST,At rest,1,FALSE
vid5,Take 5 (hard),hard,22.733333333,1.148525909,1.009140197,REST,At rest,1,FALSE
vid5,Take 5 (hard),hard,22.766666667,1.506736543,1.013432647,REACH,Reaching,2,FALSE
vid5,Take 5 (hard),hard,22.8,3.011265268,1.036200256,REACH,Reaching,2,FALSE
vid5,Take 5 (hard),hard,22.833333333,4.70722441,0.9701512488,REACH,Reaching,2,FALSE
vid5,Take 5 (hard),hard,22.866666667,6.267748377,0.8709697656,REACH,Reaching,2,FALSE
vid5,Take 5 (hard),hard,22.9,7.214482297,0.8300294635,REACH,Reaching,2,FALSE
vid5,Take 5 (hard),hard,22.933333333,7.649483953,0.8520637921,REACH,Reaching,2,FALSE
vid5,Take 5 (hard),hard,22.966666667,7.85997028,0.8310994802,REACH,Reaching,2,FALSE
vid5,Take 5 (hard),hard,23,8.03489186,0.7897066908,REACH,Reaching,2,FALSE
vid5,Take 5 (hard),hard,23.033333333,8.0868716,0.7453970468,REACH,Reaching,2,FALSE
vid5,Take 5 (hard),hard,23.066666667,8.002911945,0.7388487158,REACH,Reaching,2,FALSE
vid5,Take 5 (hard),hard,23.1,7.705094085,0.8483951434,REACH,Reaching,2,FALSE
vid5,Take 5 (hard),hard,23.133333333,7.198664559,1.02141549,REACH,Reaching,2,FALSE
vid5,Take 5 (hard),hard,23.166666667,6.369457228,1.171400238,REACH,Reaching,2,FALSE
vid5,Take 5 (hard),hard,23.2,5.6157928,1.19770576,REACH,Reaching,2,FALSE
vid5,Take 5 (hard),hard,23.233333333,5.256141707,1.122512501,REACH,Reaching,2,FALSE
vid5,Take 5 (hard),hard,23.266666667,5.192779433,0.9797015418,REACH,Reaching,2,FALSE
vid5,Take 5 (hard),hard,23.3,4.453995295,0.8165269859,GRASP,Grasping,3,FALSE
vid5,Take 5 (hard),hard,23.333333333,3.296991535,0.7021124729,GRASP,Grasping,3,FALSE
vid5,Take 5 (hard),hard,23.366666667,1.907370229,0.6737062996,GRASP,Grasping,3,FALSE
vid5,Take 5 (hard),hard,23.4,0.8576663765,0.6872693306,GRASP,Grasping,3,FALSE
vid5,Take 5 (hard),hard,23.433333333,0.5311797679,0.6567649202,GRASP,Grasping,3,FALSE
vid5,Take 5 (hard),hard,23.466666667,0.3357156944,0.6375471547,GRASP,Grasping,3,FALSE
vid5,Take 5 (hard),hard,23.5,0.2697540875,0.6423579871,GRASP,Grasping,3,FALSE
vid5,Take 5 (hard),hard,23.533333333,0.3681655913,0.6428283156,GRASP,Grasping,3,FALSE
vid5,Take 5 (hard),hard,23.566666667,0.3795251233,0.6192769159,GRASP,Grasping,3,FALSE
vid5,Take 5 (hard),hard,23.6,0.3262620017,0.5864731891,GRASP,Grasping,3,FALSE
vid5,Take 5 (hard),hard,23.633333333,0.4043383188,0.5527532554,GRASP,Grasping,3,FALSE
vid5,Take 5 (hard),hard,23.666666667,0.6389656194,0.5160949174,GRASP,Grasping,3,FALSE
vid5,Take 5 (hard),hard,23.7,0.8182726152,0.4952683958,GRASP,Grasping,3,FALSE
vid5,Take 5 (hard),hard,23.733333333,0.9410885121,0.468941264,GRASP,Grasping,3,FALSE
vid5,Take 5 (hard),hard,23.766666667,0.6557523784,0.3744319126,GRASP,Grasping,3,FALSE
vid5,Take 5 (hard),hard,23.8,0.4103466773,0.3311579857,GRASP,Grasping,3,FALSE
vid5,Take 5 (hard),hard,23.833333333,0.4548097219,0.2900712732,GRASP,Grasping,3,FALSE
vid5,Take 5 (hard),hard,23.866666667,0.7308345199,0.2630646042,GRASP,Grasping,3,FALSE
vid5,Take 5 (hard),hard,23.9,0.9640838984,0.2494857269,GRASP,Grasping,3,FALSE
vid5,Take 5 (hard),hard,23.933333333,0.8462624252,0.3544909951,GRASP,Grasping,3,FALSE
vid5,Take 5 (hard),hard,23.966666667,0.3391538101,0.4969920827,GRASP,Grasping,3,FALSE
vid5,Take 5 (hard),hard,24,0.08188490791,0.5832530125,GRASP,Grasping,3,FALSE
vid5,Take 5 (hard),hard,24.033333333,0.1026014464,0.6120679675,GRASP,Grasping,3,FALSE
vid5,Take 5 (hard),hard,24.066666667,0.2803523807,0.5605285475,GRASP,Grasping,3,FALSE
vid5,Take 5 (hard),hard,24.1,0.3827685694,0.500147116,GRASP,Grasping,3,FALSE
vid5,Take 5 (hard),hard,24.133333333,0.1824999861,0.4622269881,GRASP,Grasping,3,FALSE
vid5,Take 5 (hard),hard,24.166666667,0.08194470049,0.4493836104,GRASP,Grasping,3,FALSE
vid5,Take 5 (hard),hard,24.2,0.2669296533,0.4359273124,GRASP,Grasping,3,FALSE
vid5,Take 5 (hard),hard,24.233333333,0.3927364365,0.4081248625,GRASP,Grasping,3,FALSE
vid5,Take 5 (hard),hard,24.266666667,0.4305421686,0.3920291797,GRASP,Grasping,3,FALSE
vid5,Take 5 (hard),hard,24.3,0.3440898459,0.37084606,GRASP,Grasping,3,FALSE
vid5,Take 5 (hard),hard,24.333333333,0.2033966246,0.3406447355,GRASP,Grasping,3,FALSE
vid5,Take 5 (hard),hard,24.366666667,0.1477495164,0.298391407,REST,At rest,1,FALSE
vid5,Take 5 (hard),hard,24.4,0.1656241983,0.2829730003,REST,At rest,1,FALSE
vid5,Take 5 (hard),hard,24.433333333,0.2847882984,0.2678211534,REST,At rest,1,FALSE
vid5,Take 5 (hard),hard,24.466666667,0.3416275158,0.2477373708,REST,At rest,1,FALSE
vid5,Take 5 (hard),hard,24.5,0.319231819,0.2159290782,REST,At rest,1,FALSE
vid5,Take 5 (hard),hard,24.533333333,0.2751017219,0.211602686,REST,At rest,1,FALSE
vid5,Take 5 (hard),hard,24.566666667,0.2789073566,0.2047547354,REST,At rest,1,FALSE
vid5,Take 5 (hard),hard,24.6,0.2768918267,0.1945757375,REST,At rest,1,FALSE
vid5,Take 5 (hard),hard,24.633333333,0.2645809457,0.1704755987,REST,At rest,1,FALSE
vid5,Take 5 (hard),hard,24.666666667,0.2479027915,0.1742827108,REST,At rest,1,FALSE
vid5,Take 5 (hard),hard,24.7,0.2014055844,0.1753571312,REST,At rest,1,FALSE
vid5,Take 5 (hard),hard,24.733333333,0.140188722,0.1785815005,HOLD,Holding,4,FALSE
vid5,Take 5 (hard),hard,24.766666667,0.0904604535,0.1660292307,HOLD,Holding,4,FALSE
vid5,Take 5 (hard),hard,24.8,0.113012217,0.1757846236,HOLD,Holding,4,FALSE
vid5,Take 5 (hard),hard,24.833333333,0.1269214357,0.178649599,HOLD,Holding,4,FALSE
vid5,Take 5 (hard),hard,24.866666667,0.1175332022,0.1910577047,HOLD,Holding,4,FALSE
vid5,Take 5 (hard),hard,24.9,0.08662264777,0.1985075608,HOLD,Holding,4,FALSE
vid5,Take 5 (hard),hard,24.933333333,0.09869116047,0.2137501244,HOLD,Holding,4,FALSE
vid5,Take 5 (hard),hard,24.966666667,0.1433792606,0.2062198022,HOLD,Holding,4,FALSE
vid5,Take 5 (hard),hard,25,0.04959505152,0.2044849053,HOLD,Holding,4,FALSE
vid5,Take 5 (hard),hard,25.033333333,0.04250615816,0.1941863623,HOLD,Holding,4,FALSE
vid5,Take 5 (hard),hard,25.066666667,0.06571983876,0.2085541352,HOLD,Holding,4,FALSE
vid5,Take 5 (hard),hard,25.1,0.04163752849,0.2187448337,HOLD,Holding,4,FALSE
vid5,Take 5 (hard),hard,25.133333333,0.0893869433,0.226556164,HOLD,Holding,4,FALSE
vid5,Take 5 (hard),hard,25.166666667,0.05435250681,0.1998130787,HOLD,Holding,4,FALSE
vid5,Take 5 (hard),hard,25.2,0.02677292167,0.1901093142,HOLD,Holding,4,FALSE
vid5,Take 5 (hard),hard,25.233333333,0.06158277834,0.2032213363,HOLD,Holding,4,FALSE
vid5,Take 5 (hard),hard,25.266666667,0.08754176501,0.1957780565,HOLD,Holding,4,FALSE
vid5,Take 5 (hard),hard,25.3,0.08330383277,0.195436161,HOLD,Holding,4,FALSE
vid5,Take 5 (hard),hard,25.333333333,0.08317799789,0.2017268019,HOLD,Holding,4,FALSE
vid5,Take 5 (hard),hard,25.366666667,0.05918379986,0.2126479027,HOLD,Holding,4,FALSE
vid5,Take 5 (hard),hard,25.4,0.02564881736,0.2004475052,HOLD,Holding,4,FALSE
vid5,Take 5 (hard),hard,25.433333333,0.08868931521,0.2095100523,HOLD,Holding,4,FALSE
vid5,Take 5 (hard),hard,25.466666667,0.1121757397,0.2175111617,HOLD,Holding,4,FALSE
vid5,Take 5 (hard),hard,25.5,0.09168378813,0.2053209574,HOLD,Holding,4,FALSE
vid5,Take 5 (hard),hard,25.533333333,0.06848163925,0.1998329078,GRASP,Grasping,3,FALSE
vid5,Take 5 (hard),hard,25.566666667,0.02721315462,0.202588742,GRASP,Grasping,3,FALSE
vid5,Take 5 (hard),hard,25.6,0.03338797224,0.2030419565,GRASP,Grasping,3,FALSE
vid5,Take 5 (hard),hard,25.633333333,0.02910575441,0.1872349599,GRASP,Grasping,3,FALSE
vid5,Take 5 (hard),hard,25.666666667,0.05320359083,0.1787271579,GRASP,Grasping,3,FALSE
vid5,Take 5 (hard),hard,25.7,0.1833406803,0.1632794656,GRASP,Grasping,3,FALSE
vid5,Take 5 (hard),hard,25.733333333,0.419284675,0.1806350236,GRASP,Grasping,3,FALSE
vid5,Take 5 (hard),hard,25.766666667,0.5754815819,0.2297730197,GRASP,Grasping,3,FALSE
vid5,Take 5 (hard),hard,25.8,0.6204742117,0.2657802191,GRASP,Grasping,3,FALSE
vid5,Take 5 (hard),hard,25.833333333,0.7090601491,0.2331571006,GRASP,Grasping,3,FALSE
vid5,Take 5 (hard),hard,25.866666667,0.9919781802,0.171584068,GRASP,Grasping,3,FALSE
vid5,Take 5 (hard),hard,25.9,1.084954549,0.1177064123,GRASP,Grasping,3,FALSE
vid5,Take 5 (hard),hard,25.933333333,0.8848401461,0.1423381032,GRASP,Grasping,3,FALSE
vid5,Take 5 (hard),hard,25.966666667,0.4310927675,0.25829958,GRASP,Grasping,3,FALSE
vid5,Take 5 (hard),hard,26,0.2152340703,0.3887254526,GRASP,Grasping,3,FALSE
vid5,Take 5 (hard),hard,26.033333333,0.3977680793,0.4575932205,GRASP,Grasping,3,FALSE
vid5,Take 5 (hard),hard,26.066666667,0.4094212526,0.5136516961,GRASP,Grasping,3,FALSE
vid5,Take 5 (hard),hard,26.1,0.3015283535,0.5751561572,GRASP,Grasping,3,FALSE
vid5,Take 5 (hard),hard,26.133333333,0.251147929,0.6233172479,GRASP,Grasping,3,FALSE
vid5,Take 5 (hard),hard,26.166666667,0.1615640372,0.6308068515,GRASP,Grasping,3,FALSE
vid5,Take 5 (hard),hard,26.2,0.08709673838,0.6281069878,GRASP,Grasping,3,FALSE
vid5,Take 5 (hard),hard,26.233333333,0.08566602063,0.6235404242,GRASP,Grasping,3,FALSE
vid5,Take 5 (hard),hard,26.266666667,0.09425248382,0.6284668612,GRASP,Grasping,3,FALSE
vid5,Take 5 (hard),hard,26.3,0.1047836218,0.6350029091,GRASP,Grasping,3,FALSE
vid5,Take 5 (hard),hard,26.333333333,0.06270657953,0.641274928,GRASP,Grasping,3,FALSE
vid5,Take 5 (hard),hard,26.366666667,0.03888780487,0.6444144389,GRASP,Grasping,3,FALSE
vid5,Take 5 (hard),hard,26.4,0.007893292106,0.6393419737,GRASP,Grasping,3,FALSE
vid5,Take 5 (hard),hard,26.433333333,0.007574025311,0.6340343165,GRASP,Grasping,3,FALSE
vid5,Take 5 (hard),hard,26.466666667,0.07680708312,0.6362365077,GRASP,Grasping,3,FALSE
vid5,Take 5 (hard),hard,26.5,0.2323779423,0.6485735883,GRASP,Grasping,3,FALSE
vid5,Take 5 (hard),hard,26.533333333,0.4532016543,0.6615400228,GRASP,Grasping,3,FALSE
vid5,Take 5 (hard),hard,26.566666667,0.7557704853,0.6668623909,GRASP,Grasping,3,FALSE
vid5,Take 5 (hard),hard,26.6,1.201909388,0.6647825461,GRASP,Grasping,3,FALSE
vid5,Take 5 (hard),hard,26.633333333,1.891982598,0.6688176899,GRASP,Grasping,3,FALSE
vid5,Take 5 (hard),hard,26.666666667,2.897640502,0.667963761,GRASP,Grasping,3,FALSE
vid5,Take 5 (hard),hard,26.7,4.050860878,0.6728760615,GRASP,Grasping,3,FALSE
vid5,Take 5 (hard),hard,26.733333333,5.151422539,0.6651904358,GRASP,Grasping,3,FALSE
vid5,Take 5 (hard),hard,26.766666667,5.955486492,0.6410043615,GRASP,Grasping,3,FALSE
vid5,Take 5 (hard),hard,26.8,6.253293726,0.6068479916,GRASP,Grasping,3,FALSE
vid5,Take 5 (hard),hard,26.833333333,6.055937959,0.6425521481,GRASP,Grasping,3,FALSE
vid5,Take 5 (hard),hard,26.866666667,5.479436565,0.7095624824,GRASP,Grasping,3,FALSE
vid5,Take 5 (hard),hard,26.9,4.65010895,0.7694926645,GRASP,Grasping,3,FALSE
vid5,Take 5 (hard),hard,26.933333333,3.654089936,0.7846502547,GRASP,Grasping,3,FALSE
vid5,Take 5 (hard),hard,26.966666667,2.674783772,0.7842227589,GRASP,Grasping,3,FALSE
vid5,Take 5 (hard),hard,27,1.885050369,0.7712546193,GRASP,Grasping,3,FALSE
vid5,Take 5 (hard),hard,27.033333333,1.318263081,0.7958760329,GRASP,Grasping,3,FALSE
vid5,Take 5 (hard),hard,27.066666667,0.9563277619,0.8480158129,GRASP,Grasping,3,FALSE
vid5,Take 5 (hard),hard,27.1,0.6178183919,0.8836056686,GRASP,Grasping,3,FALSE
vid5,Take 5 (hard),hard,27.133333333,0.2860501879,0.880604723,GRASP,Grasping,3,FALSE
vid5,Take 5 (hard),hard,27.166666667,0.2003393312,0.858537146,HOLD,Holding,4,FALSE
vid5,Take 5 (hard),hard,27.2,0.1771591314,0.849689566,HOLD,Holding,4,FALSE
vid5,Take 5 (hard),hard,27.233333333,0.1476968567,0.8560340202,HOLD,Holding,4,FALSE
vid5,Take 5 (hard),hard,27.266666667,0.09192923458,0.8686379758,HOLD,Holding,4,FALSE
vid5,Take 5 (hard),hard,27.3,0.0672354672,0.8623940763,HOLD,Holding,4,FALSE
vid5,Take 5 (hard),hard,27.333333333,0.2648439576,0.8600522436,HOLD,Holding,4,FALSE
vid5,Take 5 (hard),hard,27.366666667,0.451088699,0.8701806848,HOLD,Holding,4,FALSE
vid5,Take 5 (hard),hard,27.4,0.7299223078,0.9205207795,HOLD,Holding,4,FALSE
vid5,Take 5 (hard),hard,27.433333333,0.8897988088,0.9273649928,HOLD,Holding,4,FALSE
vid5,Take 5 (hard),hard,27.466666667,0.9785000738,0.906530754,HOLD,Holding,4,FALSE
vid5,Take 5 (hard),hard,27.5,1.004753716,0.8809222259,HOLD,Holding,4,FALSE
vid5,Take 5 (hard),hard,27.533333333,0.9372704511,0.9067395029,HOLD,Holding,4,FALSE
vid5,Take 5 (hard),hard,27.566666667,0.9091368614,0.898958129,HOLD,Holding,4,FALSE
vid5,Take 5 (hard),hard,27.6,0.8967543368,0.8500358741,HOLD,Holding,4,FALSE
vid5,Take 5 (hard),hard,27.633333333,0.8993785103,0.8018997029,HOLD,Holding,4,FALSE
vid5,Take 5 (hard),hard,27.666666667,0.8816882539,0.8039368382,HOLD,Holding,4,FALSE
vid5,Take 5 (hard),hard,27.7,0.960936208,0.8051645816,HOLD,Holding,4,FALSE
vid5,Take 5 (hard),hard,27.733333333,0.9418325361,0.7910729988,HOLD,Holding,4,FALSE
vid5,Take 5 (hard),hard,27.766666667,0.9961388654,0.7755714193,HOLD,Holding,4,FALSE
vid5,Take 5 (hard),hard,27.8,1.10245155,0.7768883076,HOLD,Holding,4,FALSE
vid5,Take 5 (hard),hard,27.833333333,1.222453318,0.7691207962,HOLD,Holding,4,FALSE
vid5,Take 5 (hard),hard,27.866666667,1.475507403,0.7526694933,HOLD,Holding,4,FALSE
vid5,Take 5 (hard),hard,27.9,1.779341006,0.7685726483,HOLD,Holding,4,FALSE
vid5,Take 5 (hard),hard,27.933333333,2.062270909,0.7833400626,HOLD,Holding,4,FALSE
vid5,Take 5 (hard),hard,27.966666667,2.263035883,0.7965318162,HOLD,Holding,4,FALSE
vid5,Take 5 (hard),hard,28,2.352370867,0.7909772573,HOLD,Holding,4,FALSE
vid5,Take 5 (hard),hard,28.033333333,2.363275487,0.8069340343,HOLD,Holding,4,FALSE
vid5,Take 5 (hard),hard,28.066666667,2.42301851,0.8102167403,HOLD,Holding,4,FALSE
vid5,Take 5 (hard),hard,28.1,2.541318114,0.8035829305,HOLD,Holding,4,FALSE
vid5,Take 5 (hard),hard,28.133333333,2.712131628,0.787973835,HOLD,Holding,4,FALSE
vid5,Take 5 (hard),hard,28.166666667,2.955059743,0.7749096129,HOLD,Holding,4,FALSE
vid5,Take 5 (hard),hard,28.2,3.174075804,0.7668952589,HOLD,Holding,4,FALSE
vid5,Take 5 (hard),hard,28.233333333,3.47199418,0.7884125093,HOLD,Holding,4,FALSE
vid5,Take 5 (hard),hard,28.266666667,3.640180705,0.825055269,HOLD,Holding,4,FALSE
vid5,Take 5 (hard),hard,28.3,3.19925467,0.8187067977,HOLD,Holding,4,FALSE
vid5,Take 5 (hard),hard,28.333333333,2.415314163,0.7735808226,HOLD,Holding,4,FALSE
vid5,Take 5 (hard),hard,28.366666667,1.347920364,0.720934336,HOLD,Holding,4,FALSE
vid5,Take 5 (hard),hard,28.4,0.5073842236,0.6893264289,HOLD,Holding,4,FALSE
vid5,Take 5 (hard),hard,28.433333333,0.1799908677,0.6765693279,HOLD,Holding,4,FALSE
vid5,Take 5 (hard),hard,28.466666667,0.1860016042,0.6820901239,HOLD,Holding,4,FALSE
vid5,Take 5 (hard),hard,28.5,0.2677958618,0.6777547228,HOLD,Holding,4,FALSE
vid5,Take 5 (hard),hard,28.533333333,0.2696867706,0.6643130961,HOLD,Holding,4,FALSE
vid5,Take 5 (hard),hard,28.566666667,0.2234575001,0.6492724901,HOLD,Holding,4,FALSE
vid5,Take 5 (hard),hard,28.6,0.1229509453,0.6522120248,HOLD,Holding,4,FALSE
vid5,Take 5 (hard),hard,28.633333333,0.05684462531,0.6553233279,HOLD,Holding,4,FALSE
vid5,Take 5 (hard),hard,28.666666667,0.1204899894,0.6573989274,HOLD,Holding,4,FALSE
vid5,Take 5 (hard),hard,28.7,0.1124228872,0.6375664508,HOLD,Holding,4,FALSE
vid5,Take 5 (hard),hard,28.733333333,0.07635052888,0.6319100127,HOLD,Holding,4,FALSE
vid5,Take 5 (hard),hard,28.766666667,0.0380944089,0.6319252979,HOLD,Holding,4,FALSE
vid5,Take 5 (hard),hard,28.8,0.09814763206,0.6434377181,HOLD,Holding,4,FALSE
vid5,Take 5 (hard),hard,28.833333333,0.1041906083,0.6425830183,HOLD,Holding,4,FALSE
vid5,Take 5 (hard),hard,28.866666667,0.1393819413,0.6296572215,HOLD,Holding,4,FALSE
vid5,Take 5 (hard),hard,28.9,0.1151445816,0.6264201391,HOLD,Holding,4,FALSE
vid5,Take 5 (hard),hard,28.933333333,0.104136345,0.635749463,HOLD,Holding,4,FALSE
vid5,Take 5 (hard),hard,28.966666667,0.1080861975,0.6517429557,HOLD,Holding,4,FALSE
vid5,Take 5 (hard),hard,29,0.1255115135,0.6432342488,HOLD,Holding,4,FALSE
vid5,Take 5 (hard),hard,29.033333333,0.03990352642,0.6346655728,HOLD,Holding,4,FALSE
vid5,Take 5 (hard),hard,29.066666667,0.1615106301,0.628582905,HOLD,Holding,4,FALSE
vid5,Take 5 (hard),hard,29.1,0.3738207473,0.6589439386,HOLD,Holding,4,FALSE
vid5,Take 5 (hard),hard,29.133333333,0.7439694671,0.697415096,HOLD,Holding,4,FALSE
vid5,Take 5 (hard),hard,29.166666667,1.108409612,0.7170363321,HOLD,Holding,4,FALSE
vid5,Take 5 (hard),hard,29.2,1.348361288,0.7237427738,HOLD,Holding,4,FALSE
vid5,Take 5 (hard),hard,29.233333333,1.892261248,0.8703857132,RELEASE,Releasing,5,FALSE
vid5,Take 5 (hard),hard,29.266666667,2.919282004,1.023528353,RELEASE,Releasing,5,FALSE
vid5,Take 5 (hard),hard,29.3,4.070982592,1.074246346,RELEASE,Releasing,5,FALSE
vid5,Take 5 (hard),hard,29.333333333,4.976699873,0.9697491977,RELEASE,Releasing,5,FALSE
vid5,Take 5 (hard),hard,29.366666667,6.188220836,0.8961921939,RELEASE,Releasing,5,FALSE
vid5,Take 5 (hard),hard,29.4,7.616776073,0.8665670252,RELEASE,Releasing,5,FALSE
vid5,Take 5 (hard),hard,29.433333333,8.926842542,0.8939571781,RETRACT,Returning,6,FALSE
vid5,Take 5 (hard),hard,29.466666667,9.180346265,0.9120894967,RETRACT,Returning,6,FALSE
vid5,Take 5 (hard),hard,29.5,8.608850765,0.9985151416,RETRACT,Returning,6,FALSE
vid5,Take 5 (hard),hard,29.533333333,7.773378985,1.099705221,RETRACT,Returning,6,FALSE
vid5,Take 5 (hard),hard,29.566666667,7.222830571,1.153048167,RETRACT,Returning,6,FALSE
vid5,Take 5 (hard),hard,29.6,6.885504084,1.130925946,RETRACT,Returning,6,FALSE
vid5,Take 5 (hard),hard,29.633333333,6.938918357,1.113878291,RETRACT,Returning,6,FALSE
vid5,Take 5 (hard),hard,29.666666667,5.946918831,1.044590725,RETRACT,Returning,6,FALSE
vid5,Take 5 (hard),hard,29.7,4.107410678,0.950251302,RETRACT,Returning,6,FALSE
vid5,Take 5 (hard),hard,29.733333333,2.120005833,0.8879172902,REST,At rest,1,FALSE
vid5,Take 5 (hard),hard,29.766666667,0.8496309248,0.896467943,REST,At rest,1,FALSE
vid5,Take 5 (hard),hard,29.8,0.818297664,0.9502556439,REST,At rest,1,FALSE
vid5,Take 5 (hard),hard,29.833333333,0.3931786873,0.9684296561,REST,At rest,1,FALSE
vid5,Take 5 (hard),hard,29.866666667,0.263918056,0.928153572,REST,At rest,1,FALSE
vid5,Take 5 (hard),hard,29.9,0.3146156924,0.9057122267,REST,At rest,1,FALSE
vid5,Take 5 (hard),hard,29.933333333,0.3177049615,0.933565936,REST,At rest,1,FALSE
vid5,Take 5 (hard),hard,29.966666667,0.2745942997,0.9535876675,REST,At rest,1,FALSE
vid5,Take 5 (hard),hard,30,0.1297461732,0.9484969287,REST,At rest,1,FALSE
vid5,Take 5 (hard),hard,30.033333333,0.09666116419,0.9500502046,REST,At rest,1,FALSE
vid5,Take 5 (hard),hard,30.066666667,0.0782975171,0.9553855159,REST,At rest,1,FALSE
vid5,Take 5 (hard),hard,30.1,0.204222467,0.9590300514,REST,At rest,1,FALSE
vid5,Take 5 (hard),hard,30.133333333,0.09562290496,0.9691978216,REST,At rest,1,FALSE
vid5,Take 5 (hard),hard,30.166666667,0.1151325435,0.9554910359,REST,At rest,1,FALSE
vid5,Take 5 (hard),hard,30.2,0.0275528637,0.9358760294,REST,At rest,1,FALSE
vid5,Take 5 (hard),hard,30.233333333,0.05945416435,0.9093641072,REST,At rest,1,FALSE
vid5,Take 5 (hard),hard,30.266666667,0.2051473455,0.9227464777,REST,At rest,1,FALSE
vid5,Take 5 (hard),hard,30.3,0.356514384,0.9472583888,REST,At rest,1,FALSE
vid5,Take 5 (hard),hard,30.333333333,0.1238249709,0.9649926587,REST,At rest,1,FALSE
vid5,Take 5 (hard),hard,30.366666667,0.2742265295,0.959376167,REST,At rest,1,FALSE
vid5,Take 5 (hard),hard,30.4,0.6677769376,0.9328588632,REST,At rest,1,FALSE
vid6,Take 6 (holdout_slow),holdout_slow,0,2.47943721,0.8265533287,REST,At rest,1,FALSE
vid6,Take 6 (holdout_slow),holdout_slow,0.03333333333,1.768275693,0.9239190364,REST,At rest,1,FALSE
vid6,Take 6 (holdout_slow),holdout_slow,0.06666666667,1.067038718,0.9797734682,REST,At rest,1,FALSE
vid6,Take 6 (holdout_slow),holdout_slow,0.1,0.728123831,0.9697872108,REST,At rest,1,FALSE
vid6,Take 6 (holdout_slow),holdout_slow,0.1333333333,1.098058351,1.001206155,REST,At rest,1,FALSE
vid6,Take 6 (holdout_slow),holdout_slow,0.1666666667,1.708141378,0.9903246625,REST,At rest,1,FALSE
vid6,Take 6 (holdout_slow),holdout_slow,0.2,2.886830496,0.9823408028,REST,At rest,1,FALSE
vid6,Take 6 (holdout_slow),holdout_slow,0.2333333333,4.363807492,0.9372602421,REST,At rest,1,FALSE
vid6,Take 6 (holdout_slow),holdout_slow,0.2666666667,6.084371205,0.9066775116,REACH,Reaching,2,FALSE
vid6,Take 6 (holdout_slow),holdout_slow,0.3,7.655238875,0.8512989532,REACH,Reaching,2,FALSE
vid6,Take 6 (holdout_slow),holdout_slow,0.3333333333,8.540312935,0.8537425615,REACH,Reaching,2,FALSE
vid6,Take 6 (holdout_slow),holdout_slow,0.3666666667,9.135695068,0.8732589848,REACH,Reaching,2,FALSE
vid6,Take 6 (holdout_slow),holdout_slow,0.4,9.443758019,0.890631307,REACH,Reaching,2,FALSE
vid6,Take 6 (holdout_slow),holdout_slow,0.4333333333,9.730335432,0.8904240153,REACH,Reaching,2,FALSE
vid6,Take 6 (holdout_slow),holdout_slow,0.4666666667,9.42320479,0.9445926064,REACH,Reaching,2,FALSE
vid6,Take 6 (holdout_slow),holdout_slow,0.5,8.514062644,1.073233884,REACH,Reaching,2,FALSE
vid6,Take 6 (holdout_slow),holdout_slow,0.5333333333,7.266771698,1.205287763,REACH,Reaching,2,FALSE
vid6,Take 6 (holdout_slow),holdout_slow,0.5666666667,5.656305984,1.259590242,REACH,Reaching,2,FALSE
vid6,Take 6 (holdout_slow),holdout_slow,0.6,4.292544725,1.267604516,REACH,Reaching,2,FALSE
vid6,Take 6 (holdout_slow),holdout_slow,0.6333333333,3.255235725,1.315335815,REACH,Reaching,2,FALSE
vid6,Take 6 (holdout_slow),holdout_slow,0.6666666667,2.592385461,1.353542311,REACH,Reaching,2,FALSE
vid6,Take 6 (holdout_slow),holdout_slow,0.7,2.418502109,1.322591435,REACH,Reaching,2,FALSE
vid6,Take 6 (holdout_slow),holdout_slow,0.7333333333,2.10209767,1.27877571,REACH,Reaching,2,FALSE
vid6,Take 6 (holdout_slow),holdout_slow,0.7666666667,1.782816559,1.272845649,REACH,Reaching,2,FALSE
vid6,Take 6 (holdout_slow),holdout_slow,0.8,1.410488365,1.26306015,REACH,Reaching,2,FALSE
vid6,Take 6 (holdout_slow),holdout_slow,0.8333333333,0.9831233006,1.246366114,REACH,Reaching,2,FALSE
vid6,Take 6 (holdout_slow),holdout_slow,0.8666666667,0.8084453184,1.229635442,REACH,Reaching,2,FALSE
vid6,Take 6 (holdout_slow),holdout_slow,0.9,0.5946466195,1.211231777,REACH,Reaching,2,FALSE
vid6,Take 6 (holdout_slow),holdout_slow,0.9333333333,0.375507766,1.210920805,REACH,Reaching,2,FALSE
vid6,Take 6 (holdout_slow),holdout_slow,0.9666666667,0.1368320192,1.237040576,REACH,Reaching,2,FALSE
vid6,Take 6 (holdout_slow),holdout_slow,1,0.1238204234,1.244274153,REACH,Reaching,2,FALSE
vid6,Take 6 (holdout_slow),holdout_slow,1.033333333,0.1939045684,1.218246625,REACH,Reaching,2,FALSE
vid6,Take 6 (holdout_slow),holdout_slow,1.066666667,0.2283050005,1.216723738,REACH,Reaching,2,FALSE
vid6,Take 6 (holdout_slow),holdout_slow,1.1,0.1602010928,1.233561775,REACH,Reaching,2,FALSE
vid6,Take 6 (holdout_slow),holdout_slow,1.133333333,0.1206303667,1.233419524,REACH,Reaching,2,FALSE
vid6,Take 6 (holdout_slow),holdout_slow,1.166666667,0.2501181532,1.202728591,REACH,Reaching,2,FALSE
vid6,Take 6 (holdout_slow),holdout_slow,1.2,0.334496011,1.195028205,REACH,Reaching,2,FALSE
vid6,Take 6 (holdout_slow),holdout_slow,1.233333333,0.3257102179,1.224039318,REACH,Reaching,2,FALSE
vid6,Take 6 (holdout_slow),holdout_slow,1.266666667,0.1604651614,1.243575341,REACH,Reaching,2,FALSE
vid6,Take 6 (holdout_slow),holdout_slow,1.3,0.2043554637,1.246398893,REACH,Reaching,2,FALSE
vid6,Take 6 (holdout_slow),holdout_slow,1.333333333,0.3138728072,1.25459466,REACH,Reaching,2,FALSE
vid6,Take 6 (holdout_slow),holdout_slow,1.366666667,0.3797067223,1.271805454,REACH,Reaching,2,FALSE
vid6,Take 6 (holdout_slow),holdout_slow,1.4,0.5552805058,1.26594141,REACH,Reaching,2,FALSE
vid6,Take 6 (holdout_slow),holdout_slow,1.433333333,0.5591536737,1.24395188,REACH,Reaching,2,FALSE
vid6,Take 6 (holdout_slow),holdout_slow,1.466666667,0.7292044986,1.238986817,REACH,Reaching,2,FALSE
vid6,Take 6 (holdout_slow),holdout_slow,1.5,1.061600718,1.24058073,GRASP,Grasping,3,FALSE
vid6,Take 6 (holdout_slow),holdout_slow,1.533333333,1.188703879,1.200794748,GRASP,Grasping,3,FALSE
vid6,Take 6 (holdout_slow),holdout_slow,1.566666667,1.429030787,1.176049019,GRASP,Grasping,3,FALSE
vid6,Take 6 (holdout_slow),holdout_slow,1.6,1.656309586,1.198536466,GRASP,Grasping,3,FALSE
vid6,Take 6 (holdout_slow),holdout_slow,1.633333333,2.077825224,1.227643907,GRASP,Grasping,3,FALSE
vid6,Take 6 (holdout_slow),holdout_slow,1.666666667,2.592066439,1.191342454,GRASP,Grasping,3,FALSE
vid6,Take 6 (holdout_slow),holdout_slow,1.7,2.713208188,1.167543679,GRASP,Grasping,3,FALSE
vid6,Take 6 (holdout_slow),holdout_slow,1.733333333,2.644529288,1.116785162,GRASP,Grasping,3,FALSE
vid6,Take 6 (holdout_slow),holdout_slow,1.766666667,2.28003225,1.056941109,GRASP,Grasping,3,FALSE
vid6,Take 6 (holdout_slow),holdout_slow,1.8,1.419489497,0.9743262334,GRASP,Grasping,3,FALSE
vid6,Take 6 (holdout_slow),holdout_slow,1.833333333,0.6428966796,0.9521820889,GRASP,Grasping,3,FALSE
vid6,Take 6 (holdout_slow),holdout_slow,1.866666667,0.07441037498,1.03462114,GRASP,Grasping,3,FALSE
vid6,Take 6 (holdout_slow),holdout_slow,1.9,0.1192130872,1.074499771,GRASP,Grasping,3,FALSE
vid6,Take 6 (holdout_slow),holdout_slow,1.933333333,0.2163833856,1.087286646,GRASP,Grasping,3,FALSE
vid6,Take 6 (holdout_slow),holdout_slow,1.966666667,0.337025804,1.020033827,GRASP,Grasping,3,FALSE
vid6,Take 6 (holdout_slow),holdout_slow,2,0.3761615931,1.018641787,GRASP,Grasping,3,FALSE
vid6,Take 6 (holdout_slow),holdout_slow,2.033333333,0.2105238987,0.9447480134,GRASP,Grasping,3,FALSE
vid6,Take 6 (holdout_slow),holdout_slow,2.066666667,0.2047852975,0.9600220318,GRASP,Grasping,3,FALSE
vid6,Take 6 (holdout_slow),holdout_slow,2.1,0.09836033784,0.9546371535,GRASP,Grasping,3,FALSE
vid6,Take 6 (holdout_slow),holdout_slow,2.133333333,0.189138778,0.9853367522,GRASP,Grasping,3,FALSE
vid6,Take 6 (holdout_slow),holdout_slow,2.166666667,0.08392756745,0.9864698518,GRASP,Grasping,3,FALSE
vid6,Take 6 (holdout_slow),holdout_slow,2.2,0.1542038517,0.9960850405,GRASP,Grasping,3,FALSE
vid6,Take 6 (holdout_slow),holdout_slow,2.233333333,0.07249107919,0.9874937051,GRASP,Grasping,3,FALSE
vid6,Take 6 (holdout_slow),holdout_slow,2.266666667,0.1903566059,0.9987650647,GRASP,Grasping,3,FALSE
vid6,Take 6 (holdout_slow),holdout_slow,2.3,0.4239091741,1.035422679,GRASP,Grasping,3,FALSE
vid6,Take 6 (holdout_slow),holdout_slow,2.333333333,0.6456577334,1.067389092,GRASP,Grasping,3,FALSE
vid6,Take 6 (holdout_slow),holdout_slow,2.366666667,0.7208802181,1.10633905,REACH,Reaching,2,FALSE
vid6,Take 6 (holdout_slow),holdout_slow,2.4,0.8352116917,1.082350785,REACH,Reaching,2,FALSE
vid6,Take 6 (holdout_slow),holdout_slow,2.433333333,1.169297399,1.061125415,REACH,Reaching,2,FALSE
vid6,Take 6 (holdout_slow),holdout_slow,2.466666667,1.324951968,0.9150844024,REACH,Reaching,2,FALSE
vid6,Take 6 (holdout_slow),holdout_slow,2.5,1.196000179,0.688563536,REACH,Reaching,2,FALSE
vid6,Take 6 (holdout_slow),holdout_slow,2.533333333,1.224356845,0.393152118,REACH,Reaching,2,FALSE
vid6,Take 6 (holdout_slow),holdout_slow,2.566666667,0.9670646963,0.3316363536,REACH,Reaching,2,FALSE
vid6,Take 6 (holdout_slow),holdout_slow,2.6,1.013702576,0.3833605869,REACH,Reaching,2,FALSE
vid6,Take 6 (holdout_slow),holdout_slow,2.633333333,0.6022362772,0.4767915655,REACH,Reaching,2,FALSE
vid6,Take 6 (holdout_slow),holdout_slow,2.666666667,0.3982737527,0.5078453062,REACH,Reaching,2,FALSE
vid6,Take 6 (holdout_slow),holdout_slow,2.7,0.4395756163,0.561194277,REACH,Reaching,2,FALSE
vid6,Take 6 (holdout_slow),holdout_slow,2.733333333,0.4701615869,0.5877159299,REACH,Reaching,2,FALSE
vid6,Take 6 (holdout_slow),holdout_slow,2.766666667,0.1050111152,0.6031066398,REACH,Reaching,2,FALSE
vid6,Take 6 (holdout_slow),holdout_slow,2.8,0.0650916063,0.613228231,REACH,Reaching,2,FALSE
vid6,Take 6 (holdout_slow),holdout_slow,2.833333333,0.04404352834,0.6066824799,REACH,Reaching,2,FALSE
vid6,Take 6 (holdout_slow),holdout_slow,2.866666667,0.02053989966,0.5854728152,REACH,Reaching,2,FALSE
vid6,Take 6 (holdout_slow),holdout_slow,2.9,0.1467945577,0.5628588212,REACH,Reaching,2,FALSE
vid6,Take 6 (holdout_slow),holdout_slow,2.933333333,0.0717553438,0.5935730892,REACH,Reaching,2,FALSE
vid6,Take 6 (holdout_slow),holdout_slow,2.966666667,0.110112174,0.6234043399,REACH,Reaching,2,FALSE
vid6,Take 6 (holdout_slow),holdout_slow,3,0.07019750715,0.6517349133,REACH,Reaching,2,FALSE
vid6,Take 6 (holdout_slow),holdout_slow,3.033333333,0.01629683031,0.6236868798,REACH,Reaching,2,FALSE
vid6,Take 6 (holdout_slow),holdout_slow,3.066666667,0.08845023292,0.5968974956,REACH,Reaching,2,FALSE
vid6,Take 6 (holdout_slow),holdout_slow,3.1,0.2205440148,0.5867430134,REACH,Reaching,2,FALSE
vid6,Take 6 (holdout_slow),holdout_slow,3.133333333,0.1335040535,0.6271829629,GRASP,Grasping,3,FALSE
vid6,Take 6 (holdout_slow),holdout_slow,3.166666667,0.08729299058,0.6725201916,GRASP,Grasping,3,FALSE
vid6,Take 6 (holdout_slow),holdout_slow,3.2,0.03738535272,0.6778028715,GRASP,Grasping,3,FALSE
vid6,Take 6 (holdout_slow),holdout_slow,3.233333333,0.1277393035,0.6724129586,GRASP,Grasping,3,FALSE
vid6,Take 6 (holdout_slow),holdout_slow,3.266666667,0.1949544239,0.6983171898,GRASP,Grasping,3,FALSE
vid6,Take 6 (holdout_slow),holdout_slow,3.3,0.3270283979,0.7186676859,GRASP,Grasping,3,FALSE
vid6,Take 6 (holdout_slow),holdout_slow,3.333333333,0.4879964657,0.7144859305,GRASP,Grasping,3,FALSE
vid6,Take 6 (holdout_slow),holdout_slow,3.366666667,0.6248529327,0.7131686884,GRASP,Grasping,3,FALSE
vid6,Take 6 (holdout_slow),holdout_slow,3.4,0.9065780076,0.7515871997,GRASP,Grasping,3,FALSE
vid6,Take 6 (holdout_slow),holdout_slow,3.433333333,1.434073743,0.7661990054,GRASP,Grasping,3,FALSE
vid6,Take 6 (holdout_slow),holdout_slow,3.466666667,2.182881939,0.774161526,GRASP,Grasping,3,FALSE
vid6,Take 6 (holdout_slow),holdout_slow,3.5,3.215416549,0.7646070508,GRASP,Grasping,3,FALSE
vid6,Take 6 (holdout_slow),holdout_slow,3.533333333,4.106654865,0.7409703273,GRASP,Grasping,3,FALSE
vid6,Take 6 (holdout_slow),holdout_slow,3.566666667,4.796446127,0.6780020354,GRASP,Grasping,3,FALSE
vid6,Take 6 (holdout_slow),holdout_slow,3.6,5.332324513,0.6406366277,GRASP,Grasping,3,FALSE
vid6,Take 6 (holdout_slow),holdout_slow,3.633333333,5.786520011,0.6210589493,GRASP,Grasping,3,FALSE
vid6,Take 6 (holdout_slow),holdout_slow,3.666666667,6.171572845,0.5981831323,GRASP,Grasping,3,FALSE
vid6,Take 6 (holdout_slow),holdout_slow,3.7,6.354682405,0.577961243,GRASP,Grasping,3,FALSE
vid6,Take 6 (holdout_slow),holdout_slow,3.733333333,6.277629803,0.5772222769,GRASP,Grasping,3,FALSE
vid6,Take 6 (holdout_slow),holdout_slow,3.766666667,5.964877692,0.5669485752,GRASP,Grasping,3,FALSE
vid6,Take 6 (holdout_slow),holdout_slow,3.8,5.544534745,0.5359881947,GRASP,Grasping,3,FALSE
vid6,Take 6 (holdout_slow),holdout_slow,3.833333333,4.983878937,0.4929944973,GRASP,Grasping,3,FALSE
vid6,Take 6 (holdout_slow),holdout_slow,3.866666667,4.237905622,0.46718991,GRASP,Grasping,3,FALSE
vid6,Take 6 (holdout_slow),holdout_slow,3.9,3.384114342,0.4854352774,GRASP,Grasping,3,FALSE
vid6,Take 6 (holdout_slow),holdout_slow,3.933333333,2.631426895,0.5420799442,GRASP,Grasping,3,FALSE
vid6,Take 6 (holdout_slow),holdout_slow,3.966666667,1.958700956,0.6235037797,GRASP,Grasping,3,FALSE
vid6,Take 6 (holdout_slow),holdout_slow,4,1.357611063,0.661152995,GRASP,Grasping,3,FALSE
vid6,Take 6 (holdout_slow),holdout_slow,4.033333333,0.8615483912,0.6017857462,GRASP,Grasping,3,FALSE
vid6,Take 6 (holdout_slow),holdout_slow,4.066666667,0.5076936721,0.5415181142,GRASP,Grasping,3,FALSE
vid6,Take 6 (holdout_slow),holdout_slow,4.1,0.3932970277,0.5655808074,GRASP,Grasping,3,FALSE
vid6,Take 6 (holdout_slow),holdout_slow,4.133333333,0.3757634214,0.5908368678,HOLD,Holding,4,FALSE
vid6,Take 6 (holdout_slow),holdout_slow,4.166666667,0.386215014,0.5919582036,HOLD,Holding,4,FALSE
vid6,Take 6 (holdout_slow),holdout_slow,4.2,0.4211347787,0.5561444128,HOLD,Holding,4,FALSE
vid6,Take 6 (holdout_slow),holdout_slow,4.233333333,0.6256691436,0.5821441707,HOLD,Holding,4,FALSE
vid6,Take 6 (holdout_slow),holdout_slow,4.266666667,0.6016033398,0.608733686,HOLD,Holding,4,FALSE
vid6,Take 6 (holdout_slow),holdout_slow,4.3,0.5677621611,0.669670013,HOLD,Holding,4,FALSE
vid6,Take 6 (holdout_slow),holdout_slow,4.333333333,0.4468935344,0.6550452865,HOLD,Holding,4,FALSE
vid6,Take 6 (holdout_slow),holdout_slow,4.366666667,0.30353446,0.6402686926,HOLD,Holding,4,FALSE
vid6,Take 6 (holdout_slow),holdout_slow,4.4,0.2018530711,0.6390802664,HOLD,Holding,4,FALSE
vid6,Take 6 (holdout_slow),holdout_slow,4.433333333,0.1555805683,0.6553055923,HOLD,Holding,4,FALSE
vid6,Take 6 (holdout_slow),holdout_slow,4.466666667,0.280010742,0.6600274493,HOLD,Holding,4,FALSE
vid6,Take 6 (holdout_slow),holdout_slow,4.5,0.3064602296,0.65746939,HOLD,Holding,4,FALSE
vid6,Take 6 (holdout_slow),holdout_slow,4.533333333,0.3765928748,0.642739413,HOLD,Holding,4,FALSE
vid6,Take 6 (holdout_slow),holdout_slow,4.566666667,0.3213497703,0.6390735945,HOLD,Holding,4,FALSE
vid6,Take 6 (holdout_slow),holdout_slow,4.6,0.2388069081,0.6376681412,HOLD,Holding,4,FALSE
vid6,Take 6 (holdout_slow),holdout_slow,4.633333333,0.2821610539,0.6326451846,HOLD,Holding,4,FALSE
vid6,Take 6 (holdout_slow),holdout_slow,4.666666667,0.3075141321,0.6023129029,HOLD,Holding,4,FALSE
vid6,Take 6 (holdout_slow),holdout_slow,4.7,0.3073923765,0.5868136212,HOLD,Holding,4,FALSE
vid6,Take 6 (holdout_slow),holdout_slow,4.733333333,0.2749879176,0.5999984619,HOLD,Holding,4,FALSE
vid6,Take 6 (holdout_slow),holdout_slow,4.766666667,0.1725420188,0.6317772729,HOLD,Holding,4,FALSE
vid6,Take 6 (holdout_slow),holdout_slow,4.8,0.1941240616,0.6718876388,HOLD,Holding,4,FALSE
vid6,Take 6 (holdout_slow),holdout_slow,4.833333333,0.1703452237,0.68648685,HOLD,Holding,4,FALSE
vid6,Take 6 (holdout_slow),holdout_slow,4.866666667,0.1125919547,0.6851296514,HOLD,Holding,4,FALSE
vid6,Take 6 (holdout_slow),holdout_slow,4.9,0.08918377551,0.6419538282,HOLD,Holding,4,FALSE
vid6,Take 6 (holdout_slow),holdout_slow,4.933333333,0.05851474346,0.6423262851,HOLD,Holding,4,FALSE
vid6,Take 6 (holdout_slow),holdout_slow,4.966666667,0.05954588754,0.6483983477,HOLD,Holding,4,FALSE
vid6,Take 6 (holdout_slow),holdout_slow,5,0.03942242,0.6903132174,HOLD,Holding,4,FALSE
vid6,Take 6 (holdout_slow),holdout_slow,5.033333333,0.04514261453,0.6751184624,HOLD,Holding,4,FALSE
vid6,Take 6 (holdout_slow),holdout_slow,5.066666667,0.08768292226,0.6899730389,HOLD,Holding,4,FALSE
vid6,Take 6 (holdout_slow),holdout_slow,5.1,0.04529753177,0.6926291052,HOLD,Holding,4,FALSE
vid6,Take 6 (holdout_slow),holdout_slow,5.133333333,0.03173154799,0.6834296919,HOLD,Holding,4,FALSE
vid6,Take 6 (holdout_slow),holdout_slow,5.166666667,0.0958233295,0.6828740131,HOLD,Holding,4,FALSE
vid6,Take 6 (holdout_slow),holdout_slow,5.2,0.04306328989,0.7085069915,HOLD,Holding,4,FALSE
vid6,Take 6 (holdout_slow),holdout_slow,5.233333333,0.06641824451,0.7243890072,HOLD,Holding,4,FALSE
vid6,Take 6 (holdout_slow),holdout_slow,5.266666667,0.05676444979,0.69643913,HOLD,Holding,4,FALSE
vid6,Take 6 (holdout_slow),holdout_slow,5.3,0.06264896056,0.7006308225,HOLD,Holding,4,FALSE
vid6,Take 6 (holdout_slow),holdout_slow,5.333333333,0.1183922621,0.6917079842,HOLD,Holding,4,FALSE
vid6,Take 6 (holdout_slow),holdout_slow,5.366666667,0.09022356606,0.6888311332,HOLD,Holding,4,FALSE
vid6,Take 6 (holdout_slow),holdout_slow,5.4,0.08556311216,0.6654955161,HOLD,Holding,4,FALSE
vid6,Take 6 (holdout_slow),holdout_slow,5.433333333,0.1062331506,0.6806078315,HOLD,Holding,4,FALSE
vid6,Take 6 (holdout_slow),holdout_slow,5.466666667,0.103614984,0.6839127853,HOLD,Holding,4,FALSE
vid6,Take 6 (holdout_slow),holdout_slow,5.5,0.06919399388,0.6797586321,HOLD,Holding,4,FALSE
vid6,Take 6 (holdout_slow),holdout_slow,5.533333333,0.07774597895,0.6727655306,HOLD,Holding,4,FALSE
vid6,Take 6 (holdout_slow),holdout_slow,5.566666667,0.05151962739,0.6785597941,HOLD,Holding,4,FALSE
vid6,Take 6 (holdout_slow),holdout_slow,5.6,0.02934797394,0.6893970621,HOLD,Holding,4,FALSE
vid6,Take 6 (holdout_slow),holdout_slow,5.633333333,0.03497967057,0.7025404041,HOLD,Holding,4,FALSE
vid6,Take 6 (holdout_slow),holdout_slow,5.666666667,0.03122819514,0.7048438081,HOLD,Holding,4,FALSE
vid6,Take 6 (holdout_slow),holdout_slow,5.7,0.05586970547,0.6994811676,HOLD,Holding,4,FALSE
vid6,Take 6 (holdout_slow),holdout_slow,5.733333333,0.06005870566,0.6864333922,HOLD,Holding,4,FALSE
vid6,Take 6 (holdout_slow),holdout_slow,5.766666667,0.04721634138,0.6873856886,HOLD,Holding,4,FALSE
vid6,Take 6 (holdout_slow),holdout_slow,5.8,0.05404289193,0.6864702174,HOLD,Holding,4,FALSE
vid6,Take 6 (holdout_slow),holdout_slow,5.833333333,0.003281256704,0.7005343907,HOLD,Holding,4,FALSE
vid6,Take 6 (holdout_slow),holdout_slow,5.866666667,0.04434844216,0.694144817,HOLD,Holding,4,FALSE
vid6,Take 6 (holdout_slow),holdout_slow,5.9,0.0557028911,0.6834281105,HOLD,Holding,4,FALSE
vid6,Take 6 (holdout_slow),holdout_slow,5.933333333,0.05173779713,0.6963187036,HOLD,Holding,4,FALSE
vid6,Take 6 (holdout_slow),holdout_slow,5.966666667,0.1172296689,0.7102504559,HOLD,Holding,4,FALSE
vid6,Take 6 (holdout_slow),holdout_slow,6,0.04350460401,0.7031171647,HOLD,Holding,4,FALSE
vid6,Take 6 (holdout_slow),holdout_slow,6.033333333,0.06164310029,0.6971221446,HOLD,Holding,4,FALSE
vid6,Take 6 (holdout_slow),holdout_slow,6.066666667,0.1018162919,0.7006830148,HOLD,Holding,4,FALSE
vid6,Take 6 (holdout_slow),holdout_slow,6.1,0.1346846409,0.719672708,HOLD,Holding,4,FALSE
vid6,Take 6 (holdout_slow),holdout_slow,6.133333333,0.2006344256,0.7082027611,HOLD,Holding,4,FALSE
vid6,Take 6 (holdout_slow),holdout_slow,6.166666667,0.1996359067,0.6788342367,HOLD,Holding,4,FALSE
vid6,Take 6 (holdout_slow),holdout_slow,6.2,0.2290753928,0.6464164845,HOLD,Holding,4,FALSE
vid6,Take 6 (holdout_slow),holdout_slow,6.233333333,0.2449546997,0.6608046136,HOLD,Holding,4,FALSE
vid6,Take 6 (holdout_slow),holdout_slow,6.266666667,0.3907633929,0.6463651652,HOLD,Holding,4,FALSE
vid6,Take 6 (holdout_slow),holdout_slow,6.3,0.6160655785,0.6191544533,HOLD,Holding,4,FALSE
vid6,Take 6 (holdout_slow),holdout_slow,6.333333333,0.8034055777,0.5856803022,HOLD,Holding,4,FALSE
vid6,Take 6 (holdout_slow),holdout_slow,6.366666667,0.9206087682,0.5970814029,HOLD,Holding,4,FALSE
vid6,Take 6 (holdout_slow),holdout_slow,6.4,0.9543415607,0.5997102158,HOLD,Holding,4,FALSE
vid6,Take 6 (holdout_slow),holdout_slow,6.433333333,1.060347261,0.6155939604,HOLD,Holding,4,FALSE
vid6,Take 6 (holdout_slow),holdout_slow,6.466666667,1.303537536,0.6067736914,HOLD,Holding,4,FALSE
vid6,Take 6 (holdout_slow),holdout_slow,6.5,1.572817149,0.5871904378,HOLD,Holding,4,FALSE
vid6,Take 6 (holdout_slow),holdout_slow,6.533333333,1.957054047,0.6026798427,HOLD,Holding,4,FALSE
vid6,Take 6 (holdout_slow),holdout_slow,6.566666667,2.376539098,0.6438731825,HOLD,Holding,4,FALSE
vid6,Take 6 (holdout_slow),holdout_slow,6.6,2.855949205,0.6968963482,HOLD,Holding,4,FALSE
vid6,Take 6 (holdout_slow),holdout_slow,6.633333333,3.405962292,0.6968293646,HOLD,Holding,4,FALSE
vid6,Take 6 (holdout_slow),holdout_slow,6.666666667,3.889095054,0.6900704305,HOLD,Holding,4,FALSE
vid6,Take 6 (holdout_slow),holdout_slow,6.7,4.410773752,0.6874174228,HOLD,Holding,4,FALSE
vid6,Take 6 (holdout_slow),holdout_slow,6.733333333,4.789052737,0.718682638,HOLD,Holding,4,FALSE
vid6,Take 6 (holdout_slow),holdout_slow,6.766666667,5.079280341,0.7360115945,HOLD,Holding,4,FALSE
vid6,Take 6 (holdout_slow),holdout_slow,6.8,5.038464966,0.735839715,HOLD,Holding,4,FALSE
vid6,Take 6 (holdout_slow),holdout_slow,6.833333333,4.843658426,0.7603337734,HOLD,Holding,4,FALSE
vid6,Take 6 (holdout_slow),holdout_slow,6.866666667,4.44935529,0.7618824578,HOLD,Holding,4,FALSE
vid6,Take 6 (holdout_slow),holdout_slow,6.9,3.885503357,0.7806177634,HOLD,Holding,4,FALSE
vid6,Take 6 (holdout_slow),holdout_slow,6.933333333,3.268138586,0.7538496072,HOLD,Holding,4,FALSE
vid6,Take 6 (holdout_slow),holdout_slow,6.966666667,2.591955422,0.7735354047,HOLD,Holding,4,FALSE
vid6,Take 6 (holdout_slow),holdout_slow,7,2.145921762,0.7722745736,HOLD,Holding,4,FALSE
vid6,Take 6 (holdout_slow),holdout_slow,7.033333333,1.920468752,0.7920000514,HOLD,Holding,4,FALSE
vid6,Take 6 (holdout_slow),holdout_slow,7.066666667,1.766507593,0.7387783534,HOLD,Holding,4,FALSE
vid6,Take 6 (holdout_slow),holdout_slow,7.1,1.522236632,0.7049729887,HOLD,Holding,4,FALSE
vid6,Take 6 (holdout_slow),holdout_slow,7.133333333,1.065943684,0.7203990687,HOLD,Holding,4,FALSE
vid6,Take 6 (holdout_slow),holdout_slow,7.166666667,0.6090689591,0.7757857794,HOLD,Holding,4,FALSE
vid6,Take 6 (holdout_slow),holdout_slow,7.2,0.406423664,0.7830568726,HOLD,Holding,4,FALSE
vid6,Take 6 (holdout_slow),holdout_slow,7.233333333,0.2634292613,0.77815013,HOLD,Holding,4,FALSE
vid6,Take 6 (holdout_slow),holdout_slow,7.266666667,0.2078222979,0.7617972613,HOLD,Holding,4,FALSE
vid6,Take 6 (holdout_slow),holdout_slow,7.3,0.1607932174,0.7686378754,HOLD,Holding,4,FALSE
vid6,Take 6 (holdout_slow),holdout_slow,7.333333333,0.09228765833,0.7510606855,HOLD,Holding,4,FALSE
vid6,Take 6 (holdout_slow),holdout_slow,7.366666667,0.09185993311,0.7535514872,HOLD,Holding,4,FALSE
vid6,Take 6 (holdout_slow),holdout_slow,7.4,0.05394772173,0.7691917173,HOLD,Holding,4,FALSE
vid6,Take 6 (holdout_slow),holdout_slow,7.433333333,0.0637890729,0.7864096319,HOLD,Holding,4,FALSE
vid6,Take 6 (holdout_slow),holdout_slow,7.466666667,0.08946760203,0.7841033789,HOLD,Holding,4,FALSE
vid6,Take 6 (holdout_slow),holdout_slow,7.5,0.1228394684,0.7643807905,HOLD,Holding,4,FALSE
vid6,Take 6 (holdout_slow),holdout_slow,7.533333333,0.09095956935,0.7627193111,HOLD,Holding,4,FALSE
vid6,Take 6 (holdout_slow),holdout_slow,7.566666667,0.0926533348,0.7475601455,HOLD,Holding,4,FALSE
vid6,Take 6 (holdout_slow),holdout_slow,7.6,0.08125831987,0.7564063325,HOLD,Holding,4,FALSE
vid6,Take 6 (holdout_slow),holdout_slow,7.633333333,0.06460198338,0.7308581844,HOLD,Holding,4,FALSE
vid6,Take 6 (holdout_slow),holdout_slow,7.666666667,0.06314603984,0.7277282856,HOLD,Holding,4,FALSE
vid6,Take 6 (holdout_slow),holdout_slow,7.7,0.01457780375,0.7155189419,HOLD,Holding,4,FALSE
vid6,Take 6 (holdout_slow),holdout_slow,7.733333333,0.1079729764,0.7203186092,HOLD,Holding,4,FALSE
vid6,Take 6 (holdout_slow),holdout_slow,7.766666667,0.1481316437,0.6894542859,HOLD,Holding,4,FALSE
vid6,Take 6 (holdout_slow),holdout_slow,7.8,0.2360441107,0.694516037,HOLD,Holding,4,FALSE
vid6,Take 6 (holdout_slow),holdout_slow,7.833333333,0.4976543812,0.7109367325,HOLD,Holding,4,FALSE
vid6,Take 6 (holdout_slow),holdout_slow,7.866666667,0.6865598443,0.7661128455,HOLD,Holding,4,FALSE
vid6,Take 6 (holdout_slow),holdout_slow,7.9,1.234461151,0.8016723254,RELEASE,Releasing,5,FALSE
vid6,Take 6 (holdout_slow),holdout_slow,7.933333333,1.606770088,0.7969493806,RELEASE,Releasing,5,FALSE
vid6,Take 6 (holdout_slow),holdout_slow,7.966666667,1.835046219,0.8518256628,RELEASE,Releasing,5,FALSE
vid6,Take 6 (holdout_slow),holdout_slow,8,1.856930265,0.9766932134,RELEASE,Releasing,5,FALSE
vid6,Take 6 (holdout_slow),holdout_slow,8.033333333,1.63594895,1.110453676,RELEASE,Releasing,5,FALSE
vid6,Take 6 (holdout_slow),holdout_slow,8.066666667,1.699340592,1.158267282,RELEASE,Releasing,5,FALSE
vid6,Take 6 (holdout_slow),holdout_slow,8.1,1.406727879,1.178973551,RELEASE,Releasing,5,FALSE
vid6,Take 6 (holdout_slow),holdout_slow,8.133333333,1.071401441,1.161958647,RELEASE,Releasing,5,FALSE
vid6,Take 6 (holdout_slow),holdout_slow,8.166666667,0.8260292799,1.15731794,RELEASE,Releasing,5,FALSE
vid6,Take 6 (holdout_slow),holdout_slow,8.2,0.7556098759,1.150632775,RELEASE,Releasing,5,FALSE
vid6,Take 6 (holdout_slow),holdout_slow,8.233333333,0.6948022188,1.169784947,RELEASE,Releasing,5,FALSE
vid6,Take 6 (holdout_slow),holdout_slow,8.266666667,0.5849881373,1.230285178,RELEASE,Releasing,5,FALSE
vid6,Take 6 (holdout_slow),holdout_slow,8.3,0.394294524,1.285603355,RELEASE,Releasing,5,FALSE
vid6,Take 6 (holdout_slow),holdout_slow,8.333333333,0.211884979,1.312897189,RELEASE,Releasing,5,FALSE
vid6,Take 6 (holdout_slow),holdout_slow,8.366666667,0.1016950948,1.337346326,RELEASE,Releasing,5,FALSE
vid6,Take 6 (holdout_slow),holdout_slow,8.4,0.08807961559,1.37352836,RELEASE,Releasing,5,FALSE
vid6,Take 6 (holdout_slow),holdout_slow,8.433333333,0.01762603082,1.365576442,RELEASE,Releasing,5,FALSE
vid6,Take 6 (holdout_slow),holdout_slow,8.466666667,0.1359055456,1.318609238,RELEASE,Releasing,5,FALSE
vid6,Take 6 (holdout_slow),holdout_slow,8.5,0.1185841587,1.291753421,RELEASE,Releasing,5,FALSE
vid6,Take 6 (holdout_slow),holdout_slow,8.533333333,0.2124920119,1.285229854,RELEASE,Releasing,5,FALSE
vid6,Take 6 (holdout_slow),holdout_slow,8.566666667,0.3307440824,1.282204555,RELEASE,Releasing,5,FALSE
vid6,Take 6 (holdout_slow),holdout_slow,8.6,0.3775699904,1.247931046,RELEASE,Releasing,5,FALSE
vid6,Take 6 (holdout_slow),holdout_slow,8.633333333,0.3542133921,1.235353895,RELEASE,Releasing,5,FALSE
vid6,Take 6 (holdout_slow),holdout_slow,8.666666667,0.1932822451,1.236237609,RELEASE,Releasing,5,FALSE
vid6,Take 6 (holdout_slow),holdout_slow,8.7,0.06424809391,1.25997027,RELEASE,Releasing,5,FALSE
vid6,Take 6 (holdout_slow),holdout_slow,8.733333333,0.1760616962,1.275074345,RELEASE,Releasing,5,FALSE
vid6,Take 6 (holdout_slow),holdout_slow,8.766666667,0.1984712685,1.277925038,RELEASE,Releasing,5,FALSE
vid6,Take 6 (holdout_slow),holdout_slow,8.8,0.1762281775,1.243707005,RELEASE,Releasing,5,FALSE
vid6,Take 6 (holdout_slow),holdout_slow,8.833333333,0.09941854592,1.21761815,RELEASE,Releasing,5,FALSE
vid6,Take 6 (holdout_slow),holdout_slow,8.866666667,0.1730071793,1.232625514,RELEASE,Releasing,5,FALSE
vid6,Take 6 (holdout_slow),holdout_slow,8.9,0.2817140685,1.27952732,RELEASE,Releasing,5,FALSE
vid6,Take 6 (holdout_slow),holdout_slow,8.933333333,0.4123196831,1.262000356,RELEASE,Releasing,5,FALSE
vid6,Take 6 (holdout_slow),holdout_slow,8.966666667,0.5455589243,1.217500794,RELEASE,Releasing,5,FALSE
vid6,Take 6 (holdout_slow),holdout_slow,9,0.466250754,1.180209108,RELEASE,Releasing,5,FALSE
vid6,Take 6 (holdout_slow),holdout_slow,9.033333333,0.2832403151,1.176255305,RELEASE,Releasing,5,FALSE
vid6,Take 6 (holdout_slow),holdout_slow,9.066666667,0.6943394731,1.204467027,RELEASE,Releasing,5,FALSE
vid6,Take 6 (holdout_slow),holdout_slow,9.1,1.066684467,1.234943581,RELEASE,Releasing,5,FALSE
vid6,Take 6 (holdout_slow),holdout_slow,9.133333333,1.492582063,1.276329899,RELEASE,Releasing,5,FALSE
vid6,Take 6 (holdout_slow),holdout_slow,9.166666667,1.801802476,1.31749806,RELEASE,Releasing,5,FALSE
vid6,Take 6 (holdout_slow),holdout_slow,9.2,2.236490004,1.44999342,RELEASE,Releasing,5,FALSE
vid6,Take 6 (holdout_slow),holdout_slow,9.233333333,2.433999458,1.471165462,RELEASE,Releasing,5,FALSE
vid6,Take 6 (holdout_slow),holdout_slow,9.266666667,2.767964241,1.469284761,RELEASE,Releasing,5,FALSE
vid6,Take 6 (holdout_slow),holdout_slow,9.3,3.107725676,1.463697201,RELEASE,Releasing,5,FALSE
vid6,Take 6 (holdout_slow),holdout_slow,9.333333333,3.482738013,1.506176966,RELEASE,Releasing,5,FALSE
vid6,Take 6 (holdout_slow),holdout_slow,9.366666667,4.098251963,1.430438689,RELEASE,Releasing,5,FALSE
vid6,Take 6 (holdout_slow),holdout_slow,9.4,4.160900755,1.343901506,RETRACT,Returning,6,FALSE
vid6,Take 6 (holdout_slow),holdout_slow,9.433333333,4.471724513,1.347618531,RETRACT,Returning,6,FALSE
vid6,Take 6 (holdout_slow),holdout_slow,9.466666667,4.8035528,1.375812939,RETRACT,Returning,6,FALSE
vid6,Take 6 (holdout_slow),holdout_slow,9.5,5.164331725,1.429850923,RETRACT,Returning,6,FALSE
vid6,Take 6 (holdout_slow),holdout_slow,9.533333333,5.571829163,1.436197777,RETRACT,Returning,6,FALSE
vid6,Take 6 (holdout_slow),holdout_slow,9.566666667,5.828218188,1.42013576,RETRACT,Returning,6,FALSE
vid6,Take 6 (holdout_slow),holdout_slow,9.6,6.138571222,1.35530384,RETRACT,Returning,6,FALSE
vid6,Take 6 (holdout_slow),holdout_slow,9.633333333,6.393632558,1.320242088,RETRACT,Returning,6,FALSE
vid6,Take 6 (holdout_slow),holdout_slow,9.666666667,6.401687045,1.297468534,RETRACT,Returning,6,FALSE
vid6,Take 6 (holdout_slow),holdout_slow,9.7,6.295587822,1.280975894,RETRACT,Returning,6,FALSE
vid6,Take 6 (holdout_slow),holdout_slow,9.733333333,6.12635748,1.205401193,RETRACT,Returning,6,FALSE
vid6,Take 6 (holdout_slow),holdout_slow,9.766666667,5.872690623,1.182839589,RETRACT,Returning,6,FALSE
vid6,Take 6 (holdout_slow),holdout_slow,9.8,5.537248924,1.157394696,RETRACT,Returning,6,FALSE
vid6,Take 6 (holdout_slow),holdout_slow,9.833333333,5.179020255,1.150036401,RETRACT,Returning,6,FALSE
vid6,Take 6 (holdout_slow),holdout_slow,9.866666667,4.704739097,1.059483343,RETRACT,Returning,6,FALSE
vid6,Take 6 (holdout_slow),holdout_slow,9.9,4.3757054,1.040432801,RETRACT,Returning,6,FALSE
vid6,Take 6 (holdout_slow),holdout_slow,9.933333333,4.249586402,1.058099194,RETRACT,Returning,6,FALSE
vid6,Take 6 (holdout_slow),holdout_slow,9.966666667,4.576850607,1.099715757,RETRACT,Returning,6,FALSE
vid6,Take 6 (holdout_slow),holdout_slow,10,4.005019468,1.107822654,RETRACT,Returning,6,FALSE
vid6,Take 6 (holdout_slow),holdout_slow,10.033333333,2.573094589,1.176593257,RETRACT,Returning,6,FALSE
vid6,Take 6 (holdout_slow),holdout_slow,10.066666667,0.8748362607,1.193124209,REST,At rest,1,FALSE
vid6,Take 6 (holdout_slow),holdout_slow,10.1,0.6162896748,1.215899363,REST,At rest,1,FALSE
vid6,Take 6 (holdout_slow),holdout_slow,10.133333333,0.2269373945,1.202156502,REST,At rest,1,FALSE
vid6,Take 6 (holdout_slow),holdout_slow,10.166666667,0.09711698733,1.25956574,REST,At rest,1,FALSE
vid6,Take 6 (holdout_slow),holdout_slow,10.2,0.07636488858,1.23362103,REST,At rest,1,FALSE
vid6,Take 6 (holdout_slow),holdout_slow,10.233333333,0.4451561164,1.309376965,REST,At rest,1,FALSE
vid6,Take 6 (holdout_slow),holdout_slow,10.266666667,0.4104583854,1.246244973,REST,At rest,1,FALSE
vid6,Take 6 (holdout_slow),holdout_slow,10.3,0.1780083898,1.160211151,REST,At rest,1,FALSE
vid6,Take 6 (holdout_slow),holdout_slow,10.333333333,0.2701146863,1.104401371,REST,At rest,1,FALSE
vid6,Take 6 (holdout_slow),holdout_slow,10.366666667,0.5427949291,1.21295849,REST,At rest,1,FALSE
vid6,Take 6 (holdout_slow),holdout_slow,10.4,0.4777082347,1.22457922,REST,At rest,1,FALSE
vid6,Take 6 (holdout_slow),holdout_slow,10.433333333,0.1401185432,1.286219079,REST,At rest,1,FALSE
vid6,Take 6 (holdout_slow),holdout_slow,10.466666667,0.3789576537,1.258265014,REST,At rest,1,FALSE
vid6,Take 6 (holdout_slow),holdout_slow,10.5,0.1119534811,1.217656225,REST,At rest,1,FALSE
vid6,Take 6 (holdout_slow),holdout_slow,10.533333333,0.1827262479,1.224517239,REST,At rest,1,FALSE
vid6,Take 6 (holdout_slow),holdout_slow,10.566666667,0.04106878842,1.279246493,REST,At rest,1,FALSE
vid6,Take 6 (holdout_slow),holdout_slow,10.6,0.2775581581,1.202295646,REST,At rest,1,FALSE
vid6,Take 6 (holdout_slow),holdout_slow,10.633333333,0.1341981017,1.205599684,REST,At rest,1,FALSE
vid6,Take 6 (holdout_slow),holdout_slow,10.666666667,0.2828154656,1.219706128,REST,At rest,1,FALSE
vid6,Take 6 (holdout_slow),holdout_slow,10.7,0.1964521735,1.203807891,REST,At rest,1,FALSE
vid6,Take 6 (holdout_slow),holdout_slow,10.733333333,0.269495415,1.145092838,REST,At rest,1,FALSE
vid6,Take 6 (holdout_slow),holdout_slow,10.766666667,0.1441871564,1.197916131,REST,At rest,1,FALSE
vid6,Take 6 (holdout_slow),holdout_slow,10.8,0.3424144441,1.17302152,REST,At rest,1,FALSE
vid6,Take 6 (holdout_slow),holdout_slow,10.833333333,0.7893279133,1.073509349,REST,At rest,1,FALSE
vid6,Take 6 (holdout_slow),holdout_slow,10.866666667,0.8251380227,1.006540969,REST,At rest,1,FALSE
vid6,Take 6 (holdout_slow),holdout_slow,10.9,0.6166362869,1.003560001,REST,At rest,1,FALSE
vid6,Take 6 (holdout_slow),holdout_slow,10.933333333,0.4400240861,1.074924312,REST,At rest,1,FALSE
vid6,Take 6 (holdout_slow),holdout_slow,10.966666667,0.2343747001,1.094113566,REST,At rest,1,FALSE
vid6,Take 6 (holdout_slow),holdout_slow,11,0.1713286407,1.107745435,REST,At rest,1,FALSE
vid6,Take 6 (holdout_slow),holdout_slow,11.033333333,0.6420045203,1.065149331,REST,At rest,1,FALSE
vid6,Take 6 (holdout_slow),holdout_slow,11.066666667,0.7341005919,1.126253799,REST,At rest,1,FALSE
vid6,Take 6 (holdout_slow),holdout_slow,11.1,0.6147898437,1.184343329,REST,At rest,1,FALSE
vid6,Take 6 (holdout_slow),holdout_slow,11.133333333,0.676632938,1.235331283,REST,At rest,1,FALSE
vid6,Take 6 (holdout_slow),holdout_slow,11.166666667,0.3553962748,1.245170036,REST,At rest,1,FALSE
vid6,Take 6 (holdout_slow),holdout_slow,11.2,0.4387070879,1.254970313,REST,At rest,1,FALSE
vid6,Take 6 (holdout_slow),holdout_slow,11.233333333,0.3935777557,1.192443517,REST,At rest,1,FALSE
vid6,Take 6 (holdout_slow),holdout_slow,11.266666667,0.5340479943,1.113705933,REST,At rest,1,FALSE
vid6,Take 6 (holdout_slow),holdout_slow,11.3,0.4452600184,1.119069978,REST,At rest,1,FALSE
vid6,Take 6 (holdout_slow),holdout_slow,11.333333333,0.3696757017,1.112605111,REST,At rest,1,FALSE
vid6,Take 6 (holdout_slow),holdout_slow,11.366666667,0.225154776,1.099916949,REST,At rest,1,FALSE
vid6,Take 6 (holdout_slow),holdout_slow,11.4,0.3870207074,1.082024756,REST,At rest,1,FALSE
vid6,Take 6 (holdout_slow),holdout_slow,11.433333333,0.3492097893,1.149121192,REST,At rest,1,FALSE
vid6,Take 6 (holdout_slow),holdout_slow,11.466666667,0.183420739,1.18220792,REST,At rest,1,FALSE
vid6,Take 6 (holdout_slow),holdout_slow,11.5,0.1217131641,1.166518787,REST,At rest,1,FALSE
vid6,Take 6 (holdout_slow),holdout_slow,11.533333333,0.1205841028,1.122047903,REST,At rest,1,FALSE
vid6,Take 6 (holdout_slow),holdout_slow,11.566666667,0.01540853837,1.130877193,REST,At rest,1,FALSE
vid6,Take 6 (holdout_slow),holdout_slow,11.6,0.03434346827,1.138762247,REST,At rest,1,FALSE
vid6,Take 6 (holdout_slow),holdout_slow,11.633333333,0.1454450653,1.120076169,REST,At rest,1,FALSE
vid6,Take 6 (holdout_slow),holdout_slow,11.666666667,0.03177835929,1.114593799,REST,At rest,1,FALSE
vid6,Take 6 (holdout_slow),holdout_slow,11.7,0.03096925374,1.121685276,REST,At rest,1,FALSE
vid6,Take 6 (holdout_slow),holdout_slow,11.733333333,0.03978132398,1.121919351,REST,At rest,1,FALSE
vid6,Take 6 (holdout_slow),holdout_slow,11.766666667,0.1138104393,1.10522628,REST,At rest,1,FALSE
vid6,Take 6 (holdout_slow),holdout_slow,11.8,0.1762637262,1.100045609,REST,At rest,1,FALSE
vid6,Take 6 (holdout_slow),holdout_slow,11.833333333,0.1731009721,1.09084908,REST,At rest,1,FALSE
vid6,Take 6 (holdout_slow),holdout_slow,11.866666667,0.1838291698,1.095579611,REST,At rest,1,FALSE
vid6,Take 6 (holdout_slow),holdout_slow,11.9,0.2528945942,1.098068532,REST,At rest,1,FALSE
vid6,Take 6 (holdout_slow),holdout_slow,11.933333333,0.09959884852,1.108090402,REST,At rest,1,FALSE
vid6,Take 6 (holdout_slow),holdout_slow,11.966666667,0.1373610784,1.10131463,REST,At rest,1,FALSE
vid6,Take 6 (holdout_slow),holdout_slow,12,0.02746247619,1.103756194,REST,At rest,1,FALSE
vid6,Take 6 (holdout_slow),holdout_slow,12.033333333,0.07478254682,1.104904706,REST,At rest,1,FALSE
vid6,Take 6 (holdout_slow),holdout_slow,12.066666667,0.1084432558,1.109575555,REST,At rest,1,FALSE
vid6,Take 6 (holdout_slow),holdout_slow,12.1,0.03461156834,1.11992455,REST,At rest,1,FALSE
vid6,Take 6 (holdout_slow),holdout_slow,12.133333333,0.1246848423,1.106474865,REST,At rest,1,FALSE
vid6,Take 6 (holdout_slow),holdout_slow,12.166666667,0.06227572508,1.111556918,REST,At rest,1,FALSE
vid6,Take 6 (holdout_slow),holdout_slow,12.2,0.1865258679,1.126520062,REST,At rest,1,FALSE
vid6,Take 6 (holdout_slow),holdout_slow,12.233333333,0.06108499494,1.147474135,REST,At rest,1,FALSE
vid6,Take 6 (holdout_slow),holdout_slow,12.266666667,0.02637980792,1.138410019,REST,At rest,1,FALSE
vid6,Take 6 (holdout_slow),holdout_slow,12.3,0.05109786755,1.130081828,REST,At rest,1,FALSE
vid6,Take 6 (holdout_slow),holdout_slow,12.333333333,0.02144305835,1.117921809,REST,At rest,1,FALSE
vid6,Take 6 (holdout_slow),holdout_slow,12.366666667,0.02508694417,1.10458914,REST,At rest,1,FALSE
vid6,Take 6 (holdout_slow),holdout_slow,12.4,0.04861355415,1.095590443,REST,At rest,1,FALSE
vid6,Take 6 (holdout_slow),holdout_slow,12.433333333,0.05176167123,1.096364733,REST,At rest,1,FALSE
vid6,Take 6 (holdout_slow),holdout_slow,12.466666667,0.01183226316,1.095235727,REST,At rest,1,FALSE
vid6,Take 6 (holdout_slow),holdout_slow,12.5,0.04288396164,1.102100057,REST,At rest,1,FALSE
vid6,Take 6 (holdout_slow),holdout_slow,12.533333333,0.09493910006,1.107756477,REST,At rest,1,FALSE
vid6,Take 6 (holdout_slow),holdout_slow,12.566666667,0.08192531541,1.111449527,REST,At rest,1,FALSE
vid6,Take 6 (holdout_slow),holdout_slow,12.6,0.0903481563,1.112032713,REST,At rest,1,FALSE
vid6,Take 6 (holdout_slow),holdout_slow,12.633333333,0.05126586864,1.114575893,REST,At rest,1,FALSE
vid6,Take 6 (holdout_slow),holdout_slow,12.666666667,0.1570097143,1.109785395,REST,At rest,1,FALSE
vid6,Take 6 (holdout_slow),holdout_slow,12.7,0.1908868624,1.110098159,REST,At rest,1,FALSE
vid6,Take 6 (holdout_slow),holdout_slow,12.733333333,0.1424481467,1.125248975,REST,At rest,1,FALSE
vid6,Take 6 (holdout_slow),holdout_slow,12.766666667,0.03626701464,1.134705681,REST,At rest,1,FALSE
vid6,Take 6 (holdout_slow),holdout_slow,12.8,0.3190898365,1.123529303,REST,At rest,1,FALSE
vid6,Take 6 (holdout_slow),holdout_slow,12.833333333,0.1059173157,1.101915369,REST,At rest,1,FALSE
vid6,Take 6 (holdout_slow),holdout_slow,12.866666667,0.06663699985,1.12458179,REST,At rest,1,FALSE
vid6,Take 6 (holdout_slow),holdout_slow,12.9,0.1271719902,1.156393805,REST,At rest,1,FALSE
vid6,Take 6 (holdout_slow),holdout_slow,12.933333333,0.1723402816,1.159304111,REST,At rest,1,FALSE
vid6,Take 6 (holdout_slow),holdout_slow,12.966666667,0.03032534246,1.140578303,REST,At rest,1,FALSE
vid6,Take 6 (holdout_slow),holdout_slow,13,0.2700736076,1.136567954,REST,At rest,1,FALSE
vid6,Take 6 (holdout_slow),holdout_slow,13.033333333,0.3333239062,1.129963922,REST,At rest,1,FALSE
vid6,Take 6 (holdout_slow),holdout_slow,13.066666667,0.2967749329,1.109311093,REST,At rest,1,FALSE
vid6,Take 6 (holdout_slow),holdout_slow,13.1,0.1361413774,1.121087165,REST,At rest,1,FALSE
vid6,Take 6 (holdout_slow),holdout_slow,13.133333333,0.106091213,1.124788952,REST,At rest,1,FALSE
vid6,Take 6 (holdout_slow),holdout_slow,13.166666667,0.04059359044,1.112493579,REST,At rest,1,FALSE
vid6,Take 6 (holdout_slow),holdout_slow,13.2,0.1446965105,1.098245781,REST,At rest,1,FALSE
vid6,Take 6 (holdout_slow),holdout_slow,13.233333333,0.3249909462,1.096193308,REST,At rest,1,FALSE
vid6,Take 6 (holdout_slow),holdout_slow,13.266666667,0.3484463874,1.074116562,REST,At rest,1,FALSE
vid6,Take 6 (holdout_slow),holdout_slow,13.3,0.285839473,1.048017198,REST,At rest,1,FALSE
vid6,Take 6 (holdout_slow),holdout_slow,13.333333333,0.3659033559,1.132095452,REST,At rest,1,FALSE
vid6,Take 6 (holdout_slow),holdout_slow,13.366666667,0.4809347365,1.171163465,REST,At rest,1,FALSE
vid6,Take 6 (holdout_slow),holdout_slow,13.4,1.213285462,1.13734015,REST,At rest,1,FALSE
vid6,Take 6 (holdout_slow),holdout_slow,13.433333333,2.13081366,1.019218265,REST,At rest,1,FALSE
vid6,Take 6 (holdout_slow),holdout_slow,13.466666667,3.288761202,1.002038383,REST,At rest,1,FALSE
vid6,Take 6 (holdout_slow),holdout_slow,13.5,4.870131,1.026538027,REST,At rest,1,FALSE
vid6,Take 6 (holdout_slow),holdout_slow,13.533333333,6.413079594,1.02754463,REACH,Reaching,2,FALSE
vid6,Take 6 (holdout_slow),holdout_slow,13.566666667,7.80306192,0.9530974194,REACH,Reaching,2,FALSE
vid6,Take 6 (holdout_slow),holdout_slow,13.6,8.479483261,0.886894153,REACH,Reaching,2,FALSE
vid6,Take 6 (holdout_slow),holdout_slow,13.633333333,8.797939439,0.8495865436,REACH,Reaching,2,FALSE
vid6,Take 6 (holdout_slow),holdout_slow,13.666666667,9.149112158,0.833892343,REACH,Reaching,2,FALSE
vid6,Take 6 (holdout_slow),holdout_slow,13.7,9.412322553,0.8574969519,REACH,Reaching,2,FALSE
vid6,Take 6 (holdout_slow),holdout_slow,13.733333333,9.224573515,0.9247707479,REACH,Reaching,2,FALSE
vid6,Take 6 (holdout_slow),holdout_slow,13.766666667,8.840362725,1.02189547,REACH,Reaching,2,FALSE
vid6,Take 6 (holdout_slow),holdout_slow,13.8,8.147413328,1.137982174,REACH,Reaching,2,FALSE
vid6,Take 6 (holdout_slow),holdout_slow,13.833333333,7.216863169,1.267480379,REACH,Reaching,2,FALSE
vid6,Take 6 (holdout_slow),holdout_slow,13.866666667,6.134730037,1.292752529,REACH,Reaching,2,FALSE
vid6,Take 6 (holdout_slow),holdout_slow,13.9,4.590199645,1.266817996,REACH,Reaching,2,FALSE
vid6,Take 6 (holdout_slow),holdout_slow,13.933333333,3.145256671,1.214602943,REACH,Reaching,2,FALSE
vid6,Take 6 (holdout_slow),holdout_slow,13.966666667,2.233370331,1.15154025,REACH,Reaching,2,FALSE
vid6,Take 6 (holdout_slow),holdout_slow,14,1.830341735,1.051309555,REACH,Reaching,2,FALSE
vid6,Take 6 (holdout_slow),holdout_slow,14.033333333,1.669127136,0.986076739,REACH,Reaching,2,FALSE
vid6,Take 6 (holdout_slow),holdout_slow,14.066666667,1.42719101,1.019752027,REACH,Reaching,2,FALSE
vid6,Take 6 (holdout_slow),holdout_slow,14.1,1.081350976,1.092937525,REACH,Reaching,2,FALSE
vid6,Take 6 (holdout_slow),holdout_slow,14.133333333,0.7529261978,1.136808965,REACH,Reaching,2,FALSE
vid6,Take 6 (holdout_slow),holdout_slow,14.166666667,0.6393148045,1.11582114,REACH,Reaching,2,FALSE
vid6,Take 6 (holdout_slow),holdout_slow,14.2,0.5442529662,1.089159322,REACH,Reaching,2,FALSE
vid6,Take 6 (holdout_slow),holdout_slow,14.233333333,0.5131307658,1.07720977,REACH,Reaching,2,FALSE
vid6,Take 6 (holdout_slow),holdout_slow,14.266666667,0.5309443025,1.103207386,REACH,Reaching,2,FALSE
vid6,Take 6 (holdout_slow),holdout_slow,14.3,0.5671494219,1.161299386,REACH,Reaching,2,FALSE
vid6,Take 6 (holdout_slow),holdout_slow,14.333333333,0.7059122088,1.169739537,REACH,Reaching,2,FALSE
vid6,Take 6 (holdout_slow),holdout_slow,14.366666667,0.820972482,1.155277778,REACH,Reaching,2,FALSE
vid6,Take 6 (holdout_slow),holdout_slow,14.4,0.9705146482,1.164430791,REACH,Reaching,2,FALSE
vid6,Take 6 (holdout_slow),holdout_slow,14.433333333,1.086615103,1.178230285,REACH,Reaching,2,FALSE
vid6,Take 6 (holdout_slow),holdout_slow,14.466666667,1.120943296,1.166447195,REACH,Reaching,2,FALSE
vid6,Take 6 (holdout_slow),holdout_slow,14.5,1.164128511,1.131560134,REACH,Reaching,2,FALSE
vid6,Take 6 (holdout_slow),holdout_slow,14.533333333,1.047481953,1.12899126,REACH,Reaching,2,FALSE
vid6,Take 6 (holdout_slow),holdout_slow,14.566666667,1.225767028,1.085677875,REACH,Reaching,2,FALSE
vid6,Take 6 (holdout_slow),holdout_slow,14.6,1.331691064,1.025502831,REACH,Reaching,2,FALSE
vid6,Take 6 (holdout_slow),holdout_slow,14.633333333,1.347147786,0.9350955991,GRASP,Grasping,3,FALSE
vid6,Take 6 (holdout_slow),holdout_slow,14.666666667,0.9895654093,0.9015072893,GRASP,Grasping,3,FALSE
vid6,Take 6 (holdout_slow),holdout_slow,14.7,0.4327889309,0.9116693823,GRASP,Grasping,3,FALSE
vid6,Take 6 (holdout_slow),holdout_slow,14.733333333,0.1991792641,0.9356300849,GRASP,Grasping,3,FALSE
vid6,Take 6 (holdout_slow),holdout_slow,14.766666667,0.2475942074,0.9407277679,GRASP,Grasping,3,FALSE
vid6,Take 6 (holdout_slow),holdout_slow,14.8,0.1323235631,0.9377042179,GRASP,Grasping,3,FALSE
vid6,Take 6 (holdout_slow),holdout_slow,14.833333333,0.08977198315,0.9221905011,GRASP,Grasping,3,FALSE
vid6,Take 6 (holdout_slow),holdout_slow,14.866666667,0.08079896248,0.9314795504,GRASP,Grasping,3,FALSE
vid6,Take 6 (holdout_slow),holdout_slow,14.9,0.0761134689,0.9425066741,GRASP,Grasping,3,FALSE
vid6,Take 6 (holdout_slow),holdout_slow,14.933333333,0.167584262,0.9490903781,GRASP,Grasping,3,FALSE
vid6,Take 6 (holdout_slow),holdout_slow,14.966666667,0.2161070568,0.9435594988,GRASP,Grasping,3,FALSE
vid6,Take 6 (holdout_slow),holdout_slow,15,0.1569934499,0.9647766839,GRASP,Grasping,3,FALSE
vid6,Take 6 (holdout_slow),holdout_slow,15.033333333,0.0816417758,0.9571234898,GRASP,Grasping,3,FALSE
vid6,Take 6 (holdout_slow),holdout_slow,15.066666667,0.1869798513,0.9394193785,GRASP,Grasping,3,FALSE
vid6,Take 6 (holdout_slow),holdout_slow,15.1,0.4793483367,0.9522022547,GRASP,Grasping,3,FALSE
vid6,Take 6 (holdout_slow),holdout_slow,15.133333333,0.7198025571,1.016613569,GRASP,Grasping,3,FALSE
vid6,Take 6 (holdout_slow),holdout_slow,15.166666667,0.8606754457,1.079932528,GRASP,Grasping,3,FALSE
vid6,Take 6 (holdout_slow),holdout_slow,15.2,0.746942086,1.096063508,GRASP,Grasping,3,FALSE
vid6,Take 6 (holdout_slow),holdout_slow,15.233333333,0.5730210854,1.070613712,GRASP,Grasping,3,FALSE
vid6,Take 6 (holdout_slow),holdout_slow,15.266666667,0.4860733633,0.9901561144,GRASP,Grasping,3,FALSE
vid6,Take 6 (holdout_slow),holdout_slow,15.3,0.5681939819,0.8891955809,GRASP,Grasping,3,FALSE
vid6,Take 6 (holdout_slow),holdout_slow,15.333333333,0.6815676931,0.8405194073,GRASP,Grasping,3,FALSE
vid6,Take 6 (holdout_slow),holdout_slow,15.366666667,0.7200528683,0.830791769,GRASP,Grasping,3,FALSE
vid6,Take 6 (holdout_slow),holdout_slow,15.4,0.7330641204,0.8377987558,GRASP,Grasping,3,FALSE
vid6,Take 6 (holdout_slow),holdout_slow,15.433333333,0.5477666907,0.8056273324,GRASP,Grasping,3,FALSE
vid6,Take 6 (holdout_slow),holdout_slow,15.466666667,0.481900534,0.7361846697,GRASP,Grasping,3,FALSE
vid6,Take 6 (holdout_slow),holdout_slow,15.5,0.5467527495,0.6383068378,GRASP,Grasping,3,FALSE
vid6,Take 6 (holdout_slow),holdout_slow,15.533333333,0.7527606668,0.587932524,GRASP,Grasping,3,FALSE
vid6,Take 6 (holdout_slow),holdout_slow,15.566666667,0.8690361453,0.6366797633,GRASP,Grasping,3,FALSE
vid6,Take 6 (holdout_slow),holdout_slow,15.6,0.7960816629,0.7035381462,GRASP,Grasping,3,FALSE
vid6,Take 6 (holdout_slow),holdout_slow,15.633333333,0.6430423405,0.7334746473,GRASP,Grasping,3,FALSE
vid6,Take 6 (holdout_slow),holdout_slow,15.666666667,0.4927301537,0.7298155353,GRASP,Grasping,3,FALSE
vid6,Take 6 (holdout_slow),holdout_slow,15.7,0.4594836368,0.7335728351,GRASP,Grasping,3,FALSE
vid6,Take 6 (holdout_slow),holdout_slow,15.733333333,0.3494909964,0.7623253966,GRASP,Grasping,3,FALSE
vid6,Take 6 (holdout_slow),holdout_slow,15.766666667,0.1865677854,0.7860239755,GRASP,Grasping,3,FALSE
vid6,Take 6 (holdout_slow),holdout_slow,15.8,0.1043075535,0.8053298286,GRASP,Grasping,3,FALSE
vid6,Take 6 (holdout_slow),holdout_slow,15.833333333,0.1546248953,0.7804308909,GRASP,Grasping,3,FALSE
vid6,Take 6 (holdout_slow),holdout_slow,15.866666667,0.0216551722,0.762558694,GRASP,Grasping,3,FALSE
vid6,Take 6 (holdout_slow),holdout_slow,15.9,0.1261856755,0.7390867484,GRASP,Grasping,3,FALSE
vid6,Take 6 (holdout_slow),holdout_slow,15.933333333,0.1663297046,0.7392582627,GRASP,Grasping,3,FALSE
vid6,Take 6 (holdout_slow),holdout_slow,15.966666667,0.1474967674,0.7346655979,GRASP,Grasping,3,FALSE
vid6,Take 6 (holdout_slow),holdout_slow,16,0.03709989282,0.7280720492,GRASP,Grasping,3,FALSE
vid6,Take 6 (holdout_slow),holdout_slow,16.033333333,0.1676429241,0.7348251508,GRASP,Grasping,3,FALSE
vid6,Take 6 (holdout_slow),holdout_slow,16.066666667,0.07857092235,0.7446338884,GRASP,Grasping,3,FALSE
vid6,Take 6 (holdout_slow),holdout_slow,16.1,0.06047055028,0.7382965277,GRASP,Grasping,3,FALSE
vid6,Take 6 (holdout_slow),holdout_slow,16.133333333,0.1424483687,0.7094663224,GRASP,Grasping,3,FALSE
vid6,Take 6 (holdout_slow),holdout_slow,16.166666667,0.06217796322,0.7131492876,GRASP,Grasping,3,FALSE
vid6,Take 6 (holdout_slow),holdout_slow,16.2,0.07716541073,0.7180107809,GRASP,Grasping,3,FALSE
vid6,Take 6 (holdout_slow),holdout_slow,16.233333333,0.04462015878,0.7170377052,GRASP,Grasping,3,FALSE
vid6,Take 6 (holdout_slow),holdout_slow,16.266666667,0.03524068552,0.7168348906,GRASP,Grasping,3,FALSE
vid6,Take 6 (holdout_slow),holdout_slow,16.3,0.07749776813,0.701460649,GRASP,Grasping,3,FALSE
vid6,Take 6 (holdout_slow),holdout_slow,16.333333333,0.1661669097,0.683078799,GRASP,Grasping,3,FALSE
vid6,Take 6 (holdout_slow),holdout_slow,16.366666667,0.4981218106,0.7093668237,GRASP,Grasping,3,FALSE
vid6,Take 6 (holdout_slow),holdout_slow,16.4,0.8722954563,0.7400323811,GRASP,Grasping,3,FALSE
vid6,Take 6 (holdout_slow),holdout_slow,16.433333333,1.361258861,0.7576773745,GRASP,Grasping,3,FALSE
vid6,Take 6 (holdout_slow),holdout_slow,16.466666667,2.197883894,0.7584585077,GRASP,Grasping,3,FALSE
vid6,Take 6 (holdout_slow),holdout_slow,16.5,3.167848917,0.7518925753,GRASP,Grasping,3,FALSE
vid6,Take 6 (holdout_slow),holdout_slow,16.533333333,4.314917057,0.7198110181,GRASP,Grasping,3,FALSE
vid6,Take 6 (holdout_slow),holdout_slow,16.566666667,5.18509134,0.6837493607,GRASP,Grasping,3,FALSE
vid6,Take 6 (holdout_slow),holdout_slow,16.6,5.807696164,0.7026756114,GRASP,Grasping,3,FALSE
vid6,Take 6 (holdout_slow),holdout_slow,16.633333333,6.131252337,0.7212669751,GRASP,Grasping,3,FALSE
vid6,Take 6 (holdout_slow),holdout_slow,16.666666667,6.142103192,0.7462364824,GRASP,Grasping,3,FALSE
vid6,Take 6 (holdout_slow),holdout_slow,16.7,5.768579445,0.7156459154,GRASP,Grasping,3,FALSE
vid6,Take 6 (holdout_slow),holdout_slow,16.733333333,4.946470816,0.706584418,GRASP,Grasping,3,FALSE
vid6,Take 6 (holdout_slow),holdout_slow,16.766666667,3.976629756,0.6903784756,GRASP,Grasping,3,FALSE
vid6,Take 6 (holdout_slow),holdout_slow,16.8,3.025563662,0.6855433076,GRASP,Grasping,3,FALSE
vid6,Take 6 (holdout_slow),holdout_slow,16.833333333,2.216509422,0.6673669299,GRASP,Grasping,3,FALSE
vid6,Take 6 (holdout_slow),holdout_slow,16.866666667,1.590489166,0.6749890472,GRASP,Grasping,3,FALSE
vid6,Take 6 (holdout_slow),holdout_slow,16.9,1.159226076,0.6883871496,GRASP,Grasping,3,FALSE
vid6,Take 6 (holdout_slow),holdout_slow,16.933333333,0.9750460937,0.7019442606,GRASP,Grasping,3,FALSE
vid6,Take 6 (holdout_slow),holdout_slow,16.966666667,0.883836895,0.7008224364,GRASP,Grasping,3,FALSE
vid6,Take 6 (holdout_slow),holdout_slow,17,0.730472197,0.7208583793,GRASP,Grasping,3,FALSE
vid6,Take 6 (holdout_slow),holdout_slow,17.033333333,0.6866330628,0.72569245,GRASP,Grasping,3,FALSE
vid6,Take 6 (holdout_slow),holdout_slow,17.066666667,0.5248668947,0.7250936981,GRASP,Grasping,3,FALSE
vid6,Take 6 (holdout_slow),holdout_slow,17.1,0.4403548433,0.7016019481,HOLD,Holding,4,FALSE
vid6,Take 6 (holdout_slow),holdout_slow,17.133333333,0.3716235087,0.6915531192,HOLD,Holding,4,FALSE
vid6,Take 6 (holdout_slow),holdout_slow,17.166666667,0.2117921495,0.6941374538,HOLD,Holding,4,FALSE
vid6,Take 6 (holdout_slow),holdout_slow,17.2,0.2011366649,0.7123552497,HOLD,Holding,4,FALSE
vid6,Take 6 (holdout_slow),holdout_slow,17.233333333,0.1633137281,0.7006736927,HOLD,Holding,4,FALSE
vid6,Take 6 (holdout_slow),holdout_slow,17.266666667,0.1222370449,0.6814714362,HOLD,Holding,4,FALSE
vid6,Take 6 (holdout_slow),holdout_slow,17.3,0.09920348968,0.6624057105,HOLD,Holding,4,FALSE
vid6,Take 6 (holdout_slow),holdout_slow,17.333333333,0.1509440802,0.6552980244,HOLD,Holding,4,FALSE
vid6,Take 6 (holdout_slow),holdout_slow,17.366666667,0.2190990061,0.6714594503,HOLD,Holding,4,FALSE
vid6,Take 6 (holdout_slow),holdout_slow,17.4,0.2438260403,0.6908780841,HOLD,Holding,4,FALSE
vid6,Take 6 (holdout_slow),holdout_slow,17.433333333,0.2413468732,0.7027054534,HOLD,Holding,4,FALSE
vid6,Take 6 (holdout_slow),holdout_slow,17.466666667,0.2358355485,0.7141476506,HOLD,Holding,4,FALSE
vid6,Take 6 (holdout_slow),holdout_slow,17.5,0.2488996842,0.7733053615,HOLD,Holding,4,FALSE
vid6,Take 6 (holdout_slow),holdout_slow,17.533333333,0.2772288081,0.7579146435,HOLD,Holding,4,FALSE
vid6,Take 6 (holdout_slow),holdout_slow,17.566666667,0.2277619476,0.7142325394,HOLD,Holding,4,FALSE
vid6,Take 6 (holdout_slow),holdout_slow,17.6,0.1455791547,0.7092709539,HOLD,Holding,4,FALSE
vid6,Take 6 (holdout_slow),holdout_slow,17.633333333,0.077233168,0.7541946755,HOLD,Holding,4,FALSE
vid6,Take 6 (holdout_slow),holdout_slow,17.666666667,0.08437861567,0.7502513688,HOLD,Holding,4,FALSE
vid6,Take 6 (holdout_slow),holdout_slow,17.7,0.1303379568,0.7400838693,HOLD,Holding,4,FALSE
vid6,Take 6 (holdout_slow),holdout_slow,17.733333333,0.1818117875,0.7333374849,HOLD,Holding,4,FALSE
vid6,Take 6 (holdout_slow),holdout_slow,17.766666667,0.2077817652,0.7250646673,HOLD,Holding,4,FALSE
vid6,Take 6 (holdout_slow),holdout_slow,17.8,0.1530282429,0.7056385205,HOLD,Holding,4,FALSE
vid6,Take 6 (holdout_slow),holdout_slow,17.833333333,0.1867082005,0.724862838,HOLD,Holding,4,FALSE
vid6,Take 6 (holdout_slow),holdout_slow,17.866666667,0.1474478858,0.7299146647,HOLD,Holding,4,FALSE
vid6,Take 6 (holdout_slow),holdout_slow,17.9,0.1418640521,0.7422081141,HOLD,Holding,4,FALSE
vid6,Take 6 (holdout_slow),holdout_slow,17.933333333,0.06379400984,0.7159013118,HOLD,Holding,4,FALSE
vid6,Take 6 (holdout_slow),holdout_slow,17.966666667,0.02163213547,0.7043204674,HOLD,Holding,4,FALSE
vid6,Take 6 (holdout_slow),holdout_slow,18,0.03192768217,0.6931803295,HOLD,Holding,4,FALSE
vid6,Take 6 (holdout_slow),holdout_slow,18.033333333,0.02180525941,0.7313978285,HOLD,Holding,4,FALSE
vid6,Take 6 (holdout_slow),holdout_slow,18.066666667,0.0180350483,0.7385071004,HOLD,Holding,4,FALSE
vid6,Take 6 (holdout_slow),holdout_slow,18.1,0.0247249645,0.712718991,HOLD,Holding,4,FALSE
vid6,Take 6 (holdout_slow),holdout_slow,18.133333333,0.07208054692,0.6939821607,HOLD,Holding,4,FALSE
vid6,Take 6 (holdout_slow),holdout_slow,18.166666667,0.2059091241,0.7000691406,HOLD,Holding,4,FALSE
vid6,Take 6 (holdout_slow),holdout_slow,18.2,0.2217148365,0.7062617113,HOLD,Holding,4,FALSE
vid6,Take 6 (holdout_slow),holdout_slow,18.233333333,0.1823956237,0.7121091232,HOLD,Holding,4,FALSE
vid6,Take 6 (holdout_slow),holdout_slow,18.266666667,0.1411623214,0.7332465636,HOLD,Holding,4,FALSE
vid6,Take 6 (holdout_slow),holdout_slow,18.3,0.1486465921,0.7368491581,HOLD,Holding,4,FALSE
vid6,Take 6 (holdout_slow),holdout_slow,18.333333333,0.114665501,0.7244136903,HOLD,Holding,4,FALSE
vid6,Take 6 (holdout_slow),holdout_slow,18.366666667,0.08262948341,0.7439254557,HOLD,Holding,4,FALSE
vid6,Take 6 (holdout_slow),holdout_slow,18.4,0.1108648446,0.7522899688,HOLD,Holding,4,FALSE
vid6,Take 6 (holdout_slow),holdout_slow,18.433333333,0.1246374416,0.7475855961,HOLD,Holding,4,FALSE
vid6,Take 6 (holdout_slow),holdout_slow,18.466666667,0.09649426581,0.7252401696,HOLD,Holding,4,FALSE
vid6,Take 6 (holdout_slow),holdout_slow,18.5,0.03559886741,0.7454243439,HOLD,Holding,4,FALSE
vid6,Take 6 (holdout_slow),holdout_slow,18.533333333,0.06087175274,0.759033637,HOLD,Holding,4,FALSE
vid6,Take 6 (holdout_slow),holdout_slow,18.566666667,0.1205618519,0.7623786215,HOLD,Holding,4,FALSE
vid6,Take 6 (holdout_slow),holdout_slow,18.6,0.1265055833,0.7447049202,HOLD,Holding,4,FALSE
vid6,Take 6 (holdout_slow),holdout_slow,18.633333333,0.1219178449,0.7435479022,HOLD,Holding,4,FALSE
vid6,Take 6 (holdout_slow),holdout_slow,18.666666667,0.09898969874,0.7416744495,HOLD,Holding,4,FALSE
vid6,Take 6 (holdout_slow),holdout_slow,18.7,0.08409430276,0.7292856791,HOLD,Holding,4,FALSE
vid6,Take 6 (holdout_slow),holdout_slow,18.733333333,0.08936942194,0.7134825036,HOLD,Holding,4,FALSE
vid6,Take 6 (holdout_slow),holdout_slow,18.766666667,0.1105107432,0.7173824249,HOLD,Holding,4,FALSE
vid6,Take 6 (holdout_slow),holdout_slow,18.8,0.1411620933,0.7238747909,HOLD,Holding,4,FALSE
vid6,Take 6 (holdout_slow),holdout_slow,18.833333333,0.1605029848,0.7249282236,HOLD,Holding,4,FALSE
vid6,Take 6 (holdout_slow),holdout_slow,18.866666667,0.1220117955,0.7184927135,HOLD,Holding,4,FALSE
vid6,Take 6 (holdout_slow),holdout_slow,18.9,0.1510700414,0.7215914952,HOLD,Holding,4,FALSE
vid6,Take 6 (holdout_slow),holdout_slow,18.933333333,0.2308880568,0.7130217619,HOLD,Holding,4,FALSE
vid6,Take 6 (holdout_slow),holdout_slow,18.966666667,0.3133274825,0.6903269574,HOLD,Holding,4,FALSE
vid6,Take 6 (holdout_slow),holdout_slow,19,0.2635060267,0.6954457098,HOLD,Holding,4,FALSE
vid6,Take 6 (holdout_slow),holdout_slow,19.033333333,0.1326864391,0.7008139722,HOLD,Holding,4,FALSE
vid6,Take 6 (holdout_slow),holdout_slow,19.066666667,0.07784169596,0.686031025,HOLD,Holding,4,FALSE
vid6,Take 6 (holdout_slow),holdout_slow,19.1,0.236678853,0.6659951917,HOLD,Holding,4,FALSE
vid6,Take 6 (holdout_slow),holdout_slow,19.133333333,0.4386474158,0.6879491594,HOLD,Holding,4,FALSE
vid6,Take 6 (holdout_slow),holdout_slow,19.166666667,0.4989856705,0.7121906931,HOLD,Holding,4,FALSE
vid6,Take 6 (holdout_slow),holdout_slow,19.2,0.4140929837,0.7216700653,HOLD,Holding,4,FALSE
vid6,Take 6 (holdout_slow),holdout_slow,19.233333333,0.3610653137,0.7207158886,HOLD,Holding,4,FALSE
vid6,Take 6 (holdout_slow),holdout_slow,19.266666667,0.4255117895,0.7214262938,HOLD,Holding,4,FALSE
vid6,Take 6 (holdout_slow),holdout_slow,19.3,0.4057336339,0.7132697457,HOLD,Holding,4,FALSE
vid6,Take 6 (holdout_slow),holdout_slow,19.333333333,0.3920086505,0.7051508869,HOLD,Holding,4,FALSE
vid6,Take 6 (holdout_slow),holdout_slow,19.366666667,0.3217883185,0.7110608505,HOLD,Holding,4,FALSE
vid6,Take 6 (holdout_slow),holdout_slow,19.4,0.3416518287,0.7456952471,HOLD,Holding,4,FALSE
vid6,Take 6 (holdout_slow),holdout_slow,19.433333333,0.4326367737,0.7445776986,HOLD,Holding,4,FALSE
vid6,Take 6 (holdout_slow),holdout_slow,19.466666667,0.4057600673,0.7260822555,HOLD,Holding,4,FALSE
vid6,Take 6 (holdout_slow),holdout_slow,19.5,0.343218715,0.7084233615,HOLD,Holding,4,FALSE
vid6,Take 6 (holdout_slow),holdout_slow,19.533333333,0.3219744309,0.7145625231,HOLD,Holding,4,FALSE
vid6,Take 6 (holdout_slow),holdout_slow,19.566666667,0.3385423169,0.7285722079,HOLD,Holding,4,FALSE
vid6,Take 6 (holdout_slow),holdout_slow,19.6,0.4281277146,0.7593131482,HOLD,Holding,4,FALSE
vid6,Take 6 (holdout_slow),holdout_slow,19.633333333,0.4296356509,0.7536491624,HOLD,Holding,4,FALSE
vid6,Take 6 (holdout_slow),holdout_slow,19.666666667,0.3108541545,0.7225100628,HOLD,Holding,4,FALSE
vid6,Take 6 (holdout_slow),holdout_slow,19.7,0.181307298,0.6977012675,HOLD,Holding,4,FALSE
vid6,Take 6 (holdout_slow),holdout_slow,19.733333333,0.1156334986,0.7014840645,HOLD,Holding,4,FALSE
vid6,Take 6 (holdout_slow),holdout_slow,19.766666667,0.201461651,0.6990816578,HOLD,Holding,4,FALSE
vid6,Take 6 (holdout_slow),holdout_slow,19.8,0.2436389182,0.7006214883,HOLD,Holding,4,FALSE
vid6,Take 6 (holdout_slow),holdout_slow,19.833333333,0.1570786705,0.6894513143,HOLD,Holding,4,FALSE
vid6,Take 6 (holdout_slow),holdout_slow,19.866666667,0.1491211746,0.6832109539,HOLD,Holding,4,FALSE
vid6,Take 6 (holdout_slow),holdout_slow,19.9,0.1277427015,0.6821655456,HOLD,Holding,4,FALSE
vid6,Take 6 (holdout_slow),holdout_slow,19.933333333,0.08044981205,0.6924141128,HOLD,Holding,4,FALSE
vid6,Take 6 (holdout_slow),holdout_slow,19.966666667,0.1204948605,0.7039295088,HOLD,Holding,4,FALSE
vid6,Take 6 (holdout_slow),holdout_slow,20,0.1047831298,0.7031955585,HOLD,Holding,4,FALSE
vid6,Take 6 (holdout_slow),holdout_slow,20.033333333,0.2040247301,0.7231532485,HOLD,Holding,4,FALSE
vid6,Take 6 (holdout_slow),holdout_slow,20.066666667,0.3174012097,0.7337999169,HOLD,Holding,4,FALSE
vid6,Take 6 (holdout_slow),holdout_slow,20.1,0.5578207705,0.7397880179,HOLD,Holding,4,FALSE
vid6,Take 6 (holdout_slow),holdout_slow,20.133333333,0.7002618799,0.7225162927,HOLD,Holding,4,FALSE
vid6,Take 6 (holdout_slow),holdout_slow,20.166666667,0.9574610485,0.7150858329,HOLD,Holding,4,FALSE
vid6,Take 6 (holdout_slow),holdout_slow,20.2,1.315618783,0.6999760197,HOLD,Holding,4,FALSE
vid6,Take 6 (holdout_slow),holdout_slow,20.233333333,1.722755273,0.6939943286,HOLD,Holding,4,FALSE
vid6,Take 6 (holdout_slow),holdout_slow,20.266666667,2.305022908,0.6869813768,HOLD,Holding,4,FALSE
vid6,Take 6 (holdout_slow),holdout_slow,20.3,2.789808039,0.6838569601,HOLD,Holding,4,FALSE
vid6,Take 6 (holdout_slow),holdout_slow,20.333333333,3.097094126,0.679822426,HOLD,Holding,4,FALSE
vid6,Take 6 (holdout_slow),holdout_slow,20.366666667,3.293757658,0.6769175427,HOLD,Holding,4,FALSE
vid6,Take 6 (holdout_slow),holdout_slow,20.4,3.383329477,0.6837754032,HOLD,Holding,4,FALSE
vid6,Take 6 (holdout_slow),holdout_slow,20.433333333,3.499105759,0.6927412131,HOLD,Holding,4,FALSE
vid6,Take 6 (holdout_slow),holdout_slow,20.466666667,3.593803118,0.6916130777,HOLD,Holding,4,FALSE
vid6,Take 6 (holdout_slow),holdout_slow,20.5,3.525099117,0.6536788718,HOLD,Holding,4,FALSE
vid6,Take 6 (holdout_slow),holdout_slow,20.533333333,3.321261198,0.643134046,HOLD,Holding,4,FALSE
vid6,Take 6 (holdout_slow),holdout_slow,20.566666667,3.026913037,0.6602429909,HOLD,Holding,4,FALSE
vid6,Take 6 (holdout_slow),holdout_slow,20.6,2.737220889,0.7010445882,HOLD,Holding,4,FALSE
vid6,Take 6 (holdout_slow),holdout_slow,20.633333333,2.440462951,0.7263111084,HOLD,Holding,4,FALSE
vid6,Take 6 (holdout_slow),holdout_slow,20.666666667,2.191178659,0.7337417015,HOLD,Holding,4,FALSE
vid6,Take 6 (holdout_slow),holdout_slow,20.7,1.793857041,0.685255698,HOLD,Holding,4,FALSE
vid6,Take 6 (holdout_slow),holdout_slow,20.733333333,1.261793679,0.6681423787,HOLD,Holding,4,FALSE
vid6,Take 6 (holdout_slow),holdout_slow,20.766666667,0.7188646153,0.700840517,HOLD,Holding,4,FALSE
vid6,Take 6 (holdout_slow),holdout_slow,20.8,0.3779901062,0.7601334864,HOLD,Holding,4,FALSE
vid6,Take 6 (holdout_slow),holdout_slow,20.833333333,0.3780067158,0.7708135377,HOLD,Holding,4,FALSE
vid6,Take 6 (holdout_slow),holdout_slow,20.866666667,0.3687264697,0.7790722209,HOLD,Holding,4,FALSE
vid6,Take 6 (holdout_slow),holdout_slow,20.9,0.2298824645,0.7843228943,HOLD,Holding,4,FALSE
vid6,Take 6 (holdout_slow),holdout_slow,20.933333333,0.1011977844,0.7866947516,HOLD,Holding,4,FALSE
vid6,Take 6 (holdout_slow),holdout_slow,20.966666667,0.1000500164,0.7757850151,HOLD,Holding,4,FALSE
vid6,Take 6 (holdout_slow),holdout_slow,21,0.1370267341,0.734441827,HOLD,Holding,4,FALSE
vid6,Take 6 (holdout_slow),holdout_slow,21.033333333,0.1847153696,0.6884173422,HOLD,Holding,4,FALSE
vid6,Take 6 (holdout_slow),holdout_slow,21.066666667,0.1346928297,0.6508919339,HOLD,Holding,4,FALSE
vid6,Take 6 (holdout_slow),holdout_slow,21.1,0.1355714104,0.61675904,HOLD,Holding,4,FALSE
vid6,Take 6 (holdout_slow),holdout_slow,21.133333333,0.1489259155,0.609213259,HOLD,Holding,4,FALSE
vid6,Take 6 (holdout_slow),holdout_slow,21.166666667,0.1848303434,0.669866453,HOLD,Holding,4,FALSE
vid6,Take 6 (holdout_slow),holdout_slow,21.2,0.1335000273,0.7148532509,HOLD,Holding,4,FALSE
vid6,Take 6 (holdout_slow),holdout_slow,21.233333333,0.1729735452,0.7412094431,HOLD,Holding,4,FALSE
vid6,Take 6 (holdout_slow),holdout_slow,21.266666667,0.06945891084,0.7513207715,HOLD,Holding,4,FALSE
vid6,Take 6 (holdout_slow),holdout_slow,21.3,0.1642188457,0.7549304279,HOLD,Holding,4,FALSE
vid6,Take 6 (holdout_slow),holdout_slow,21.333333333,0.1026560492,0.7593365597,HOLD,Holding,4,FALSE
vid6,Take 6 (holdout_slow),holdout_slow,21.366666667,0.01529771094,0.7887221075,GRASP,Grasping,3,FALSE
vid6,Take 6 (holdout_slow),holdout_slow,21.4,0.04732842713,0.7833800714,GRASP,Grasping,3,FALSE
vid6,Take 6 (holdout_slow),holdout_slow,21.433333333,0.1601406742,0.7367447657,GRASP,Grasping,3,FALSE
vid6,Take 6 (holdout_slow),holdout_slow,21.466666667,0.1454140277,0.6942708705,GRASP,Grasping,3,FALSE
vid6,Take 6 (holdout_slow),holdout_slow,21.5,0.1773704779,0.6987051972,GRASP,Grasping,3,FALSE
vid6,Take 6 (holdout_slow),holdout_slow,21.533333333,0.1228277186,0.7075489861,GRASP,Grasping,3,FALSE
vid6,Take 6 (holdout_slow),holdout_slow,21.566666667,0.05584836406,0.7464000599,GRASP,Grasping,3,FALSE
vid6,Take 6 (holdout_slow),holdout_slow,21.6,0.09574946759,0.7344802626,GRASP,Grasping,3,FALSE
vid6,Take 6 (holdout_slow),holdout_slow,21.633333333,0.1242887941,0.7358824513,GRASP,Grasping,3,FALSE
vid6,Take 6 (holdout_slow),holdout_slow,21.666666667,0.1656404427,0.7205178012,GRASP,Grasping,3,FALSE
vid6,Take 6 (holdout_slow),holdout_slow,21.7,0.1756017462,0.7031774905,GRASP,Grasping,3,FALSE
vid6,Take 6 (holdout_slow),holdout_slow,21.733333333,0.1896142815,0.6587063225,GRASP,Grasping,3,FALSE
vid6,Take 6 (holdout_slow),holdout_slow,21.766666667,0.305727346,0.6878858843,GRASP,Grasping,3,FALSE
vid6,Take 6 (holdout_slow),holdout_slow,21.8,0.4195341904,0.7732082012,GRASP,Grasping,3,FALSE
vid6,Take 6 (holdout_slow),holdout_slow,21.833333333,0.6366646846,0.7969787201,GRASP,Grasping,3,FALSE
vid6,Take 6 (holdout_slow),holdout_slow,21.866666667,0.819689661,0.7831077227,GRASP,Grasping,3,FALSE
vid6,Take 6 (holdout_slow),holdout_slow,21.9,0.8896934305,0.7960451572,GRASP,Grasping,3,FALSE
vid6,Take 6 (holdout_slow),holdout_slow,21.933333333,1.110950105,0.8793544012,GRASP,Grasping,3,FALSE
vid6,Take 6 (holdout_slow),holdout_slow,21.966666667,1.187343693,0.9469814282,GRASP,Grasping,3,FALSE
vid6,Take 6 (holdout_slow),holdout_slow,22,1.276480008,0.9832868382,GRASP,Grasping,3,FALSE
vid6,Take 6 (holdout_slow),holdout_slow,22.033333333,1.170513921,0.9559848415,RELEASE,Releasing,5,FALSE
vid6,Take 6 (holdout_slow),holdout_slow,22.066666667,0.8576039411,0.9664484968,RELEASE,Releasing,5,FALSE
vid6,Take 6 (holdout_slow),holdout_slow,22.1,0.6422051811,1.034024522,RELEASE,Releasing,5,FALSE
vid6,Take 6 (holdout_slow),holdout_slow,22.133333333,0.5311053022,1.14803502,RELEASE,Releasing,5,FALSE
vid6,Take 6 (holdout_slow),holdout_slow,22.166666667,0.571073522,1.251410627,RELEASE,Releasing,5,FALSE
vid6,Take 6 (holdout_slow),holdout_slow,22.2,0.3479327546,1.283340079,RELEASE,Releasing,5,FALSE
vid6,Take 6 (holdout_slow),holdout_slow,22.233333333,0.2696148738,1.251846925,RELEASE,Releasing,5,FALSE
vid6,Take 6 (holdout_slow),holdout_slow,22.266666667,0.227215434,1.26841766,RELEASE,Releasing,5,FALSE
vid6,Take 6 (holdout_slow),holdout_slow,22.3,0.4629224256,1.362044231,RELEASE,Releasing,5,FALSE
vid6,Take 6 (holdout_slow),holdout_slow,22.333333333,0.3547625724,1.385363051,RELEASE,Releasing,5,FALSE
vid6,Take 6 (holdout_slow),holdout_slow,22.366666667,0.1697433615,1.356642188,RELEASE,Releasing,5,FALSE
vid6,Take 6 (holdout_slow),holdout_slow,22.4,0.1232965685,1.420995323,RELEASE,Releasing,5,FALSE
vid6,Take 6 (holdout_slow),holdout_slow,22.433333333,0.1892158241,1.463312614,RELEASE,Releasing,5,FALSE
vid6,Take 6 (holdout_slow),holdout_slow,22.466666667,0.1399107198,1.421966986,RELEASE,Releasing,5,FALSE
vid6,Take 6 (holdout_slow),holdout_slow,22.5,0.09885417848,1.333638166,RELEASE,Releasing,5,FALSE
vid6,Take 6 (holdout_slow),holdout_slow,22.533333333,0.1940153126,1.493832371,RELEASE,Releasing,5,FALSE
vid6,Take 6 (holdout_slow),holdout_slow,22.566666667,0.1990069174,1.631548113,RELEASE,Releasing,5,FALSE
vid6,Take 6 (holdout_slow),holdout_slow,22.6,0.437929952,1.665834308,RELEASE,Releasing,5,FALSE
vid6,Take 6 (holdout_slow),holdout_slow,22.633333333,0.4968614795,1.561282377,RELEASE,Releasing,5,FALSE
vid6,Take 6 (holdout_slow),holdout_slow,22.666666667,0.2196534862,1.542835949,RELEASE,Releasing,5,FALSE
vid6,Take 6 (holdout_slow),holdout_slow,22.7,0.2107020958,1.506407162,RELEASE,Releasing,5,FALSE
vid6,Take 6 (holdout_slow),holdout_slow,22.733333333,0.2897049933,1.511143085,RELEASE,Releasing,5,FALSE
vid6,Take 6 (holdout_slow),holdout_slow,22.766666667,0.238503391,1.434771295,RELEASE,Releasing,5,FALSE
vid6,Take 6 (holdout_slow),holdout_slow,22.8,0.2131166023,1.36516744,RELEASE,Releasing,5,FALSE
vid6,Take 6 (holdout_slow),holdout_slow,22.833333333,0.4702209521,1.301208488,RELEASE,Releasing,5,FALSE
vid6,Take 6 (holdout_slow),holdout_slow,22.866666667,0.6280159247,1.359138071,RELEASE,Releasing,5,FALSE
vid6,Take 6 (holdout_slow),holdout_slow,22.9,1.03069907,1.405261219,RELEASE,Releasing,5,FALSE
vid6,Take 6 (holdout_slow),holdout_slow,22.933333333,1.306486292,1.435835469,RELEASE,Releasing,5,FALSE
vid6,Take 6 (holdout_slow),holdout_slow,22.966666667,1.412238841,1.360556537,RETRACT,Returning,6,FALSE
vid6,Take 6 (holdout_slow),holdout_slow,23,1.392275079,1.374202998,RETRACT,Returning,6,FALSE
vid6,Take 6 (holdout_slow),holdout_slow,23.033333333,1.126918087,1.489569934,RETRACT,Returning,6,FALSE
vid6,Take 6 (holdout_slow),holdout_slow,23.066666667,1.697934326,2.270788786,RETRACT,Returning,6,FALSE
vid6,Take 6 (holdout_slow),holdout_slow,23.1,2.371970559,2.838168856,RETRACT,Returning,6,FALSE
vid6,Take 6 (holdout_slow),holdout_slow,23.133333333,4.277784654,3.01593324,RETRACT,Returning,6,FALSE
vid6,Take 6 (holdout_slow),holdout_slow,23.166666667,5.974677185,2.333090784,RETRACT,Returning,6,FALSE
vid6,Take 6 (holdout_slow),holdout_slow,23.2,6.606606759,1.741391714,RETRACT,Returning,6,FALSE
vid6,Take 6 (holdout_slow),holdout_slow,23.233333333,7.01817774,1.18994247,RETRACT,Returning,6,FALSE
vid6,Take 6 (holdout_slow),holdout_slow,23.266666667,6.586924247,1.038249826,RETRACT,Returning,6,FALSE
vid6,Take 6 (holdout_slow),holdout_slow,23.3,6.763590581,1.019527936,RETRACT,Returning,6,FALSE
vid6,Take 6 (holdout_slow),holdout_slow,23.333333333,6.79087161,1.039933925,RETRACT,Returning,6,FALSE
vid6,Take 6 (holdout_slow),holdout_slow,23.366666667,6.806282739,1.066642351,RETRACT,Returning,6,FALSE
vid6,Take 6 (holdout_slow),holdout_slow,23.4,6.915846431,1.050988471,RETRACT,Returning,6,FALSE
vid6,Take 6 (holdout_slow),holdout_slow,23.433333333,6.952474689,1.034007227,RETRACT,Returning,6,FALSE
vid6,Take 6 (holdout_slow),holdout_slow,23.466666667,6.932228029,0.9656521217,RETRACT,Returning,6,FALSE
vid6,Take 6 (holdout_slow),holdout_slow,23.5,6.353551642,0.922415802,RETRACT,Returning,6,FALSE
vid6,Take 6 (holdout_slow),holdout_slow,23.533333333,5.505454168,0.9272454576,RETRACT,Returning,6,FALSE
vid6,Take 6 (holdout_slow),holdout_slow,23.566666667,4.818864099,0.9857800995,RETRACT,Returning,6,FALSE
vid6,Take 6 (holdout_slow),holdout_slow,23.6,3.977167857,1.045918911,RETRACT,Returning,6,FALSE
vid6,Take 6 (holdout_slow),holdout_slow,23.633333333,3.203678612,1.059215656,RETRACT,Returning,6,FALSE
vid6,Take 6 (holdout_slow),holdout_slow,23.666666667,2.217558947,1.065212034,RETRACT,Returning,6,FALSE
vid6,Take 6 (holdout_slow),holdout_slow,23.7,1.177603254,1.055702163,RETRACT,Returning,6,FALSE
vid6,Take 6 (holdout_slow),holdout_slow,23.733333333,0.2303792059,1.064549897,REST,At rest,1,FALSE
vid6,Take 6 (holdout_slow),holdout_slow,23.766666667,0.2431844022,1.080565946,REST,At rest,1,FALSE
vid6,Take 6 (holdout_slow),holdout_slow,23.8,0.4533156938,1.092277245,REST,At rest,1,FALSE
vid6,Take 6 (holdout_slow),holdout_slow,23.833333333,0.506971837,1.13378016,REST,At rest,1,FALSE
vid6,Take 6 (holdout_slow),holdout_slow,23.866666667,0.3607851327,1.117970304,REST,At rest,1,FALSE
vid6,Take 6 (holdout_slow),holdout_slow,23.9,0.2413674911,1.088319051,REST,At rest,1,FALSE
vid6,Take 6 (holdout_slow),holdout_slow,23.933333333,0.09462278558,1.044694575,REST,At rest,1,FALSE
vid6,Take 6 (holdout_slow),holdout_slow,23.966666667,0.04610043291,1.063302883,REST,At rest,1,FALSE
vid6,Take 6 (holdout_slow),holdout_slow,24,0.08468826578,1.0541171,REST,At rest,1,FALSE
vid6,Take 6 (holdout_slow),holdout_slow,24.033333333,0.1267121742,1.036303568,REST,At rest,1,FALSE
vid6,Take 6 (holdout_slow),holdout_slow,24.066666667,0.213165839,1.021443815,REST,At rest,1,FALSE
vid6,Take 6 (holdout_slow),holdout_slow,24.1,0.2334751962,1.012350261,REST,At rest,1,FALSE
vid6,Take 6 (holdout_slow),holdout_slow,24.133333333,0.1456867871,1.022403662,REST,At rest,1,FALSE
vid6,Take 6 (holdout_slow),holdout_slow,24.166666667,0.02507947262,1.04724865,REST,At rest,1,FALSE
vid6,Take 6 (holdout_slow),holdout_slow,24.2,0.05764010371,1.049173876,REST,At rest,1,FALSE
vid6,Take 6 (holdout_slow),holdout_slow,24.233333333,0.07863599132,1.029348594,REST,At rest,1,FALSE
vid6,Take 6 (holdout_slow),holdout_slow,24.266666667,0.0602491504,1.032149937,REST,At rest,1,FALSE
vid6,Take 6 (holdout_slow),holdout_slow,24.3,0.02610627455,1.046697814,REST,At rest,1,FALSE
vid6,Take 6 (holdout_slow),holdout_slow,24.333333333,0.05434679778,1.031855112,REST,At rest,1,FALSE
vid6,Take 6 (holdout_slow),holdout_slow,24.366666667,0.1469812991,1.015653722,REST,At rest,1,FALSE
vid6,Take 6 (holdout_slow),holdout_slow,24.4,0.2106289446,1.029397296,REST,At rest,1,FALSE
vid6,Take 6 (holdout_slow),holdout_slow,24.433333333,0.09228159287,1.050552754,REST,At rest,1,FALSE
vid6,Take 6 (holdout_slow),holdout_slow,24.466666667,0.06775360027,1.053435889,REST,At rest,1,FALSE
vid6,Take 6 (holdout_slow),holdout_slow,24.5,0.1728302439,1.047007025,REST,At rest,1,FALSE
vid6,Take 6 (holdout_slow),holdout_slow,24.533333333,0.1920542246,1.045296207,REST,At rest,1,FALSE
vid6,Take 6 (holdout_slow),holdout_slow,24.566666667,0.2156012097,1.041274817,REST,At rest,1,FALSE
vid6,Take 6 (holdout_slow),holdout_slow,24.6,0.1434873832,1.055784794,REST,At rest,1,FALSE
vid6,Take 6 (holdout_slow),holdout_slow,24.633333333,0.08801938801,1.056254282,REST,At rest,1,FALSE
vid6,Take 6 (holdout_slow),holdout_slow,24.666666667,0.1015947447,1.048180128,REST,At rest,1,FALSE
vid6,Take 6 (holdout_slow),holdout_slow,24.7,0.01185319518,1.028602631,REST,At rest,1,FALSE
vid6,Take 6 (holdout_slow),holdout_slow,24.733333333,0.04791504899,1.022191482,REST,At rest,1,FALSE
vid6,Take 6 (holdout_slow),holdout_slow,24.766666667,0.08066121502,1.025216965,REST,At rest,1,FALSE
vid6,Take 6 (holdout_slow),holdout_slow,24.8,0.06854553165,1.037626813,REST,At rest,1,FALSE
vid6,Take 6 (holdout_slow),holdout_slow,24.833333333,0.06443627118,1.037719826,REST,At rest,1,FALSE
vid6,Take 6 (holdout_slow),holdout_slow,24.866666667,0.02752404471,1.024661382,REST,At rest,1,FALSE
vid6,Take 6 (holdout_slow),holdout_slow,24.9,0.008900402436,1.036537046,REST,At rest,1,FALSE
vid6,Take 6 (holdout_slow),holdout_slow,24.933333333,0.09365034664,1.039591556,REST,At rest,1,FALSE
vid6,Take 6 (holdout_slow),holdout_slow,24.966666667,0.179639656,1.025082287,REST,At rest,1,FALSE
vid6,Take 6 (holdout_slow),holdout_slow,25,0.0700219051,1.009534782,REST,At rest,1,FALSE
vid6,Take 6 (holdout_slow),holdout_slow,25.033333333,0.0287714091,1.007692352,REST,At rest,1,FALSE
vid6,Take 6 (holdout_slow),holdout_slow,25.066666667,0.1373734186,1.000690653,REST,At rest,1,FALSE
vid6,Take 6 (holdout_slow),holdout_slow,25.1,0.08144710918,1.011924546,REST,At rest,1,FALSE
vid6,Take 6 (holdout_slow),holdout_slow,25.133333333,0.1276911322,1.036268828,REST,At rest,1,FALSE
vid6,Take 6 (holdout_slow),holdout_slow,25.166666667,0.1069283483,1.042388466,REST,At rest,1,FALSE
vid6,Take 6 (holdout_slow),holdout_slow,25.2,0.1009069017,1.032828021,REST,At rest,1,FALSE
vid6,Take 6 (holdout_slow),holdout_slow,25.233333333,0.0282190436,1.040900239,REST,At rest,1,FALSE
vid6,Take 6 (holdout_slow),holdout_slow,25.266666667,0.02546155081,1.068891005,REST,At rest,1,FALSE
vid6,Take 6 (holdout_slow),holdout_slow,25.3,0.04022968953,1.091918232,REST,At rest,1,FALSE
vid6,Take 6 (holdout_slow),holdout_slow,25.333333333,0.1182141574,1.086305232,REST,At rest,1,FALSE
vid6,Take 6 (holdout_slow),holdout_slow,25.366666667,0.2253587889,1.071499519,REST,At rest,1,FALSE
vid6,Take 6 (holdout_slow),holdout_slow,25.4,0.2467678225,1.057222621,REST,At rest,1,FALSE
vid6,Take 6 (holdout_slow),holdout_slow,25.433333333,0.1683322705,1.045698198,REST,At rest,1,FALSE
vid6,Take 6 (holdout_slow),holdout_slow,25.466666667,0.101011527,1.038258236,REST,At rest,1,FALSE
vid6,Take 6 (holdout_slow),holdout_slow,25.5,0.05705053231,1.053175654,REST,At rest,1,FALSE
vid6,Take 6 (holdout_slow),holdout_slow,25.533333333,0.1369771423,1.037888154,REST,At rest,1,FALSE
vid6,Take 6 (holdout_slow),holdout_slow,25.566666667,0.2350650916,0.9892010104,REST,At rest,1,FALSE
vid6,Take 6 (holdout_slow),holdout_slow,25.6,0.1838940566,0.9433690354,REST,At rest,1,FALSE
vid6,Take 6 (holdout_slow),holdout_slow,25.633333333,0.2135678216,0.9259477292,REST,At rest,1,FALSE
vid6,Take 6 (holdout_slow),holdout_slow,25.666666667,0.2722350087,0.9079053325,REST,At rest,1,FALSE
vid6,Take 6 (holdout_slow),holdout_slow,25.7,0.2790450177,0.9187335839,REST,At rest,1,FALSE
vid6,Take 6 (holdout_slow),holdout_slow,25.733333333,0.2373121747,0.9702962704,REST,At rest,1,FALSE
vid6,Take 6 (holdout_slow),holdout_slow,25.766666667,0.1068121797,1.016318941,REST,At rest,1,FALSE
vid6,Take 6 (holdout_slow),holdout_slow,25.8,0.1511393614,1.011178849,REST,At rest,1,FALSE
vid6,Take 6 (holdout_slow),holdout_slow,25.833333333,0.08270276816,0.9989803322,REST,At rest,1,FALSE
vid6,Take 6 (holdout_slow),holdout_slow,25.866666667,0.01969175091,1.004002499,REST,At rest,1,FALSE
vid6,Take 6 (holdout_slow),holdout_slow,25.9,0.1469417783,1.004044838,REST,At rest,1,FALSE
vid6,Take 6 (holdout_slow),holdout_slow,25.933333333,0.3880962189,0.9915740536,REST,At rest,1,FALSE
vid6,Take 6 (holdout_slow),holdout_slow,25.966666667,0.9031109842,0.9932483444,REST,At rest,1,FALSE
vid6,Take 6 (holdout_slow),holdout_slow,26,1.660205067,1.030482276,REST,At rest,1,FALSE
vid6,Take 6 (holdout_slow),holdout_slow,26.033333333,2.394563447,1.018040509,REST,At rest,1,FALSE
vid6,Take 6 (holdout_slow),holdout_slow,26.066666667,3.296032511,1.010479244,REST,At rest,1,FALSE
vid6,Take 6 (holdout_slow),holdout_slow,26.1,4.508084372,0.9903847122,REACH,Reaching,2,FALSE
vid6,Take 6 (holdout_slow),holdout_slow,26.133333333,5.739984576,1.002539357,REACH,Reaching,2,FALSE
vid6,Take 6 (holdout_slow),holdout_slow,26.166666667,6.826999044,0.9512014243,REACH,Reaching,2,FALSE
vid6,Take 6 (holdout_slow),holdout_slow,26.2,7.40308185,0.8804147999,REACH,Reaching,2,FALSE
vid6,Take 6 (holdout_slow),holdout_slow,26.233333333,7.576113534,0.8701653346,REACH,Reaching,2,FALSE
vid6,Take 6 (holdout_slow),holdout_slow,26.266666667,7.596517085,0.9708722459,REACH,Reaching,2,FALSE
vid6,Take 6 (holdout_slow),holdout_slow,26.3,7.378326104,1.073075271,REACH,Reaching,2,FALSE
vid6,Take 6 (holdout_slow),holdout_slow,26.333333333,6.973742385,1.075884041,REACH,Reaching,2,FALSE
vid6,Take 6 (holdout_slow),holdout_slow,26.366666667,6.614681054,1.092030236,REACH,Reaching,2,FALSE
vid6,Take 6 (holdout_slow),holdout_slow,26.4,6.32584904,1.170418498,REACH,Reaching,2,FALSE
vid6,Take 6 (holdout_slow),holdout_slow,26.433333333,5.960334135,1.258255332,REACH,Reaching,2,FALSE
vid6,Take 6 (holdout_slow),holdout_slow,26.466666667,5.448096435,1.2857702,REACH,Reaching,2,FALSE
vid6,Take 6 (holdout_slow),holdout_slow,26.5,4.724681191,1.309092801,REACH,Reaching,2,FALSE
vid6,Take 6 (holdout_slow),holdout_slow,26.533333333,4.226236687,1.257131728,REACH,Reaching,2,FALSE
vid6,Take 6 (holdout_slow),holdout_slow,26.566666667,3.950865848,1.181584134,REACH,Reaching,2,FALSE
vid6,Take 6 (holdout_slow),holdout_slow,26.6,3.73658791,1.094644795,GRASP,Grasping,3,FALSE
vid6,Take 6 (holdout_slow),holdout_slow,26.633333333,3.487308254,1.053201561,GRASP,Grasping,3,FALSE
vid6,Take 6 (holdout_slow),holdout_slow,26.666666667,2.993414283,0.9959298429,GRASP,Grasping,3,FALSE
vid6,Take 6 (holdout_slow),holdout_slow,26.7,2.472676407,0.9507516606,GRASP,Grasping,3,FALSE
vid6,Take 6 (holdout_slow),holdout_slow,26.733333333,1.978800878,0.9483330263,GRASP,Grasping,3,FALSE
vid6,Take 6 (holdout_slow),holdout_slow,26.766666667,1.58445369,1.02446376,GRASP,Grasping,3,FALSE
vid6,Take 6 (holdout_slow),holdout_slow,26.8,1.399833885,1.121204078,GRASP,Grasping,3,FALSE
vid6,Take 6 (holdout_slow),holdout_slow,26.833333333,1.185957107,1.136794248,REACH,Reaching,2,FALSE
vid6,Take 6 (holdout_slow),holdout_slow,26.866666667,1.07622995,1.087972055,REACH,Reaching,2,FALSE
vid6,Take 6 (holdout_slow),holdout_slow,26.9,0.9518577907,1.058766522,REACH,Reaching,2,FALSE
vid6,Take 6 (holdout_slow),holdout_slow,26.933333333,0.7486787045,1.067198515,REACH,Reaching,2,FALSE
vid6,Take 6 (holdout_slow),holdout_slow,26.966666667,0.6235548505,1.046932767,REACH,Reaching,2,FALSE
vid6,Take 6 (holdout_slow),holdout_slow,27,0.4662741552,1.024600359,REACH,Reaching,2,FALSE
vid6,Take 6 (holdout_slow),holdout_slow,27.033333333,0.2896281753,1.012957384,REACH,Reaching,2,FALSE
vid6,Take 6 (holdout_slow),holdout_slow,27.066666667,0.08260833129,1.037238353,REACH,Reaching,2,FALSE
vid6,Take 6 (holdout_slow),holdout_slow,27.1,0.1011288597,1.077295048,REACH,Reaching,2,FALSE
vid6,Take 6 (holdout_slow),holdout_slow,27.133333333,0.2365139216,1.099362902,REACH,Reaching,2,FALSE
vid6,Take 6 (holdout_slow),holdout_slow,27.166666667,0.2686292507,1.108634441,REACH,Reaching,2,FALSE
vid6,Take 6 (holdout_slow),holdout_slow,27.2,0.2430187309,1.130337413,REACH,Reaching,2,FALSE
vid6,Take 6 (holdout_slow),holdout_slow,27.233333333,0.2026602821,1.169144027,REACH,Reaching,2,FALSE
vid6,Take 6 (holdout_slow),holdout_slow,27.266666667,0.06025793388,1.162879598,REACH,Reaching,2,FALSE
vid6,Take 6 (holdout_slow),holdout_slow,27.3,0.03550537104,1.159838872,REACH,Reaching,2,FALSE
vid6,Take 6 (holdout_slow),holdout_slow,27.333333333,0.03723445889,1.163256089,REACH,Reaching,2,FALSE
vid6,Take 6 (holdout_slow),holdout_slow,27.366666667,0.08116604466,1.125035861,REACH,Reaching,2,FALSE
vid6,Take 6 (holdout_slow),holdout_slow,27.4,0.08682244182,1.079347603,REACH,Reaching,2,FALSE
vid6,Take 6 (holdout_slow),holdout_slow,27.433333333,0.2030340577,1.064677934,REACH,Reaching,2,FALSE
vid6,Take 6 (holdout_slow),holdout_slow,27.466666667,0.2226673305,1.076826601,REACH,Reaching,2,FALSE
vid6,Take 6 (holdout_slow),holdout_slow,27.5,0.3190666634,1.078475655,REACH,Reaching,2,FALSE
vid6,Take 6 (holdout_slow),holdout_slow,27.533333333,0.6355596924,1.086640213,REACH,Reaching,2,FALSE
vid6,Take 6 (holdout_slow),holdout_slow,27.566666667,0.9524889485,0.9928908516,REACH,Reaching,2,FALSE
vid6,Take 6 (holdout_slow),holdout_slow,27.6,1.286889682,0.8333893531,REACH,Reaching,2,FALSE
vid6,Take 6 (holdout_slow),holdout_slow,27.633333333,1.370227688,0.7058068238,REACH,Reaching,2,FALSE
vid6,Take 6 (holdout_slow),holdout_slow,27.666666667,1.206845568,0.6918296859,GRASP,Grasping,3,FALSE
vid6,Take 6 (holdout_slow),holdout_slow,27.7,1.268151882,0.6739900461,GRASP,Grasping,3,FALSE
vid6,Take 6 (holdout_slow),holdout_slow,27.733333333,1.144216482,0.5736583529,GRASP,Grasping,3,FALSE
vid6,Take 6 (holdout_slow),holdout_slow,27.766666667,1.114682873,0.4825714734,GRASP,Grasping,3,FALSE
vid6,Take 6 (holdout_slow),holdout_slow,27.8,1.241788736,0.5168694617,GRASP,Grasping,3,FALSE
vid6,Take 6 (holdout_slow),holdout_slow,27.833333333,1.48216625,0.604289751,GRASP,Grasping,3,FALSE
vid6,Take 6 (holdout_slow),holdout_slow,27.866666667,1.667238018,0.6075645708,GRASP,Grasping,3,FALSE
vid6,Take 6 (holdout_slow),holdout_slow,27.9,1.487075018,0.580970226,GRASP,Grasping,3,FALSE
vid6,Take 6 (holdout_slow),holdout_slow,27.933333333,1.093974801,0.5899364649,GRASP,Grasping,3,FALSE
vid6,Take 6 (holdout_slow),holdout_slow,27.966666667,0.5790399528,0.63720244,GRASP,Grasping,3,FALSE
vid6,Take 6 (holdout_slow),holdout_slow,28,0.2048238682,0.6768611639,GRASP,Grasping,3,FALSE
vid6,Take 6 (holdout_slow),holdout_slow,28.033333333,0.2819758431,0.7076331668,GRASP,Grasping,3,FALSE
vid6,Take 6 (holdout_slow),holdout_slow,28.066666667,0.2623822531,0.690232003,GRASP,Grasping,3,FALSE
vid6,Take 6 (holdout_slow),holdout_slow,28.1,0.127074343,0.6606846242,GRASP,Grasping,3,FALSE
vid6,Take 6 (holdout_slow),holdout_slow,28.133333333,0.06631944301,0.6471804464,GRASP,Grasping,3,FALSE
vid6,Take 6 (holdout_slow),holdout_slow,28.166666667,0.1267517637,0.6541005386,GRASP,Grasping,3,FALSE
vid6,Take 6 (holdout_slow),holdout_slow,28.2,0.1969836356,0.6638133105,GRASP,Grasping,3,FALSE
vid6,Take 6 (holdout_slow),holdout_slow,28.233333333,0.1351128096,0.6680275489,GRASP,Grasping,3,FALSE
vid6,Take 6 (holdout_slow),holdout_slow,28.266666667,0.1000755848,0.6790744213,GRASP,Grasping,3,FALSE
vid6,Take 6 (holdout_slow),holdout_slow,28.3,0.1468562086,0.6834820917,GRASP,Grasping,3,FALSE
vid6,Take 6 (holdout_slow),holdout_slow,28.333333333,0.1116344164,0.6722942001,GRASP,Grasping,3,FALSE
vid6,Take 6 (holdout_slow),holdout_slow,28.366666667,0.1022831746,0.6438998922,GRASP,Grasping,3,FALSE
vid6,Take 6 (holdout_slow),holdout_slow,28.4,0.119323938,0.6028071494,GRASP,Grasping,3,FALSE
vid6,Take 6 (holdout_slow),holdout_slow,28.433333333,0.1135206965,0.5727455107,GRASP,Grasping,3,FALSE
vid6,Take 6 (holdout_slow),holdout_slow,28.466666667,0.009423046894,0.5536235461,GRASP,Grasping,3,FALSE
vid6,Take 6 (holdout_slow),holdout_slow,28.5,0.07911526684,0.5510771584,GRASP,Grasping,3,FALSE
vid6,Take 6 (holdout_slow),holdout_slow,28.533333333,0.02526622384,0.550790662,GRASP,Grasping,3,FALSE
vid6,Take 6 (holdout_slow),holdout_slow,28.566666667,0.03575310041,0.5667269353,GRASP,Grasping,3,FALSE
vid6,Take 6 (holdout_slow),holdout_slow,28.6,0.03996807056,0.5681474926,GRASP,Grasping,3,FALSE
vid6,Take 6 (holdout_slow),holdout_slow,28.633333333,0.1284687115,0.5598672397,GRASP,Grasping,3,FALSE
vid6,Take 6 (holdout_slow),holdout_slow,28.666666667,0.09749979513,0.5496899273,GRASP,Grasping,3,FALSE
vid6,Take 6 (holdout_slow),holdout_slow,28.7,0.05914874541,0.5624690986,GRASP,Grasping,3,FALSE
vid6,Take 6 (holdout_slow),holdout_slow,28.733333333,0.03188965185,0.5731248387,GRASP,Grasping,3,FALSE
vid6,Take 6 (holdout_slow),holdout_slow,28.766666667,0.06283752616,0.5673186494,GRASP,Grasping,3,FALSE
vid6,Take 6 (holdout_slow),holdout_slow,28.8,0.01411111838,0.5432109132,GRASP,Grasping,3,FALSE
vid6,Take 6 (holdout_slow),holdout_slow,28.833333333,0.06813845803,0.5415499769,GRASP,Grasping,3,FALSE
vid6,Take 6 (holdout_slow),holdout_slow,28.866666667,0.00885683278,0.5430198361,GRASP,Grasping,3,FALSE
vid6,Take 6 (holdout_slow),holdout_slow,28.9,0.03103324022,0.5567265861,GRASP,Grasping,3,FALSE
vid6,Take 6 (holdout_slow),holdout_slow,28.933333333,0.03971978994,0.5555893643,GRASP,Grasping,3,FALSE
vid6,Take 6 (holdout_slow),holdout_slow,28.966666667,0.04803968582,0.5718191464,GRASP,Grasping,3,FALSE
vid6,Take 6 (holdout_slow),holdout_slow,29,0.01227371449,0.5600521565,GRASP,Grasping,3,FALSE
vid6,Take 6 (holdout_slow),holdout_slow,29.033333333,0.02461625053,0.5662396246,GRASP,Grasping,3,FALSE
vid6,Take 6 (holdout_slow),holdout_slow,29.066666667,0.02859234256,0.5634956626,GRASP,Grasping,3,FALSE
vid6,Take 6 (holdout_slow),holdout_slow,29.1,0.07271263657,0.5730156323,GRASP,Grasping,3,FALSE
vid6,Take 6 (holdout_slow),holdout_slow,29.133333333,0.1761277645,0.5711412013,GRASP,Grasping,3,FALSE
vid6,Take 6 (holdout_slow),holdout_slow,29.166666667,0.2367951583,0.5773474301,GRASP,Grasping,3,FALSE
vid6,Take 6 (holdout_slow),holdout_slow,29.2,0.3361734767,0.5735771396,GRASP,Grasping,3,FALSE
vid6,Take 6 (holdout_slow),holdout_slow,29.233333333,0.4636872642,0.5755175025,GRASP,Grasping,3,FALSE
vid6,Take 6 (holdout_slow),holdout_slow,29.266666667,0.856639095,0.5529437563,GRASP,Grasping,3,FALSE
vid6,Take 6 (holdout_slow),holdout_slow,29.3,1.571685545,0.5516421655,GRASP,Grasping,3,FALSE
vid6,Take 6 (holdout_slow),holdout_slow,29.333333333,2.539937282,0.5683099715,GRASP,Grasping,3,FALSE
vid6,Take 6 (holdout_slow),holdout_slow,29.366666667,3.684287847,0.5421270869,GRASP,Grasping,3,FALSE
vid6,Take 6 (holdout_slow),holdout_slow,29.4,4.706633317,0.4882607867,GRASP,Grasping,3,FALSE
vid6,Take 6 (holdout_slow),holdout_slow,29.433333333,5.575543077,0.4787022563,GRASP,Grasping,3,FALSE
vid6,Take 6 (holdout_slow),holdout_slow,29.466666667,6.346967242,0.4804659214,GRASP,Grasping,3,FALSE
vid6,Take 6 (holdout_slow),holdout_slow,29.5,6.583653485,0.4329722621,GRASP,Grasping,3,FALSE
vid6,Take 6 (holdout_slow),holdout_slow,29.533333333,7.117776867,0.4166800063,GRASP,Grasping,3,FALSE
vid6,Take 6 (holdout_slow),holdout_slow,29.566666667,8.266357382,0.4917668501,GRASP,Grasping,3,FALSE
vid6,Take 6 (holdout_slow),holdout_slow,29.6,8.337007317,0.642390631,GRASP,Grasping,3,FALSE
vid6,Take 6 (holdout_slow),holdout_slow,29.633333333,7.695202097,0.7003766551,GRASP,Grasping,3,FALSE
vid6,Take 6 (holdout_slow),holdout_slow,29.666666667,5.701315253,0.7004095957,GRASP,Grasping,3,FALSE
vid6,Take 6 (holdout_slow),holdout_slow,29.7,3.601678239,0.683671285,GRASP,Grasping,3,FALSE
vid6,Take 6 (holdout_slow),holdout_slow,29.733333333,2.789600809,0.7877274795,GRASP,Grasping,3,FALSE
vid6,Take 6 (holdout_slow),holdout_slow,29.766666667,2.049090259,0.9324882434,GRASP,Grasping,3,FALSE
vid6,Take 6 (holdout_slow),holdout_slow,29.8,1.383971371,1.043950575,GRASP,Grasping,3,FALSE
vid6,Take 6 (holdout_slow),holdout_slow,29.833333333,0.9022009185,1.041418645,HOLD,Holding,4,FALSE
vid6,Take 6 (holdout_slow),holdout_slow,29.866666667,0.7796614924,1.047248595,HOLD,Holding,4,FALSE
vid6,Take 6 (holdout_slow),holdout_slow,29.9,0.8167157567,1.14265895,HOLD,Holding,4,FALSE
vid6,Take 6 (holdout_slow),holdout_slow,29.933333333,0.9004512856,1.253790783,HOLD,Holding,4,FALSE
vid6,Take 6 (holdout_slow),holdout_slow,29.966666667,0.8613298973,1.240652574,HOLD,Holding,4,FALSE
vid6,Take 6 (holdout_slow),holdout_slow,30,0.7607044179,1.155064778,HOLD,Holding,4,FALSE
vid6,Take 6 (holdout_slow),holdout_slow,30.033333333,0.4198555029,1.060423446,HOLD,Holding,4,FALSE
vid6,Take 6 (holdout_slow),holdout_slow,30.066666667,0.1228604262,1.043261767,HOLD,Holding,4,FALSE
vid6,Take 6 (holdout_slow),holdout_slow,30.1,0.2708278893,1.09118834,HOLD,Holding,4,FALSE
vid6,Take 6 (holdout_slow),holdout_slow,30.133333333,0.1046816159,1.134646521,HOLD,Holding,4,FALSE
vid6,Take 6 (holdout_slow),holdout_slow,30.166666667,0.09452402188,1.071296861,HOLD,Holding,4,FALSE
vid6,Take 6 (holdout_slow),holdout_slow,30.2,0.3861469902,0.9864728833,HOLD,Holding,4,FALSE
vid6,Take 6 (holdout_slow),holdout_slow,30.233333333,0.6837089863,1.000556568,HOLD,Holding,4,FALSE
vid6,Take 6 (holdout_slow),holdout_slow,30.266666667,0.5434906633,1.061625345,HOLD,Holding,4,FALSE
vid6,Take 6 (holdout_slow),holdout_slow,30.3,0.2028685725,0.9910198426,HOLD,Holding,4,FALSE
vid6,Take 6 (holdout_slow),holdout_slow,30.333333333,0.05211527686,0.9193888341,HOLD,Holding,4,FALSE
vid6,Take 6 (holdout_slow),holdout_slow,30.366666667,0.1899454113,0.8865498612,HOLD,Holding,4,FALSE
vid6,Take 6 (holdout_slow),holdout_slow,30.4,0.096249537,0.9105302847,HOLD,Holding,4,FALSE
vid6,Take 6 (holdout_slow),holdout_slow,30.433333333,0.1355585676,0.9264141271,HOLD,Holding,4,FALSE
vid6,Take 6 (holdout_slow),holdout_slow,30.466666667,0.08697355078,0.9728729778,HOLD,Holding,4,FALSE
vid6,Take 6 (holdout_slow),holdout_slow,30.5,0.0973396278,0.9817759488,HOLD,Holding,4,FALSE
vid6,Take 6 (holdout_slow),holdout_slow,30.533333333,0.2237677855,0.9574032205,HOLD,Holding,4,FALSE
vid6,Take 6 (holdout_slow),holdout_slow,30.566666667,0.2777217786,0.9251926985,HOLD,Holding,4,FALSE
vid6,Take 6 (holdout_slow),holdout_slow,30.6,0.1083419661,0.9138663546,HOLD,Holding,4,FALSE
vid6,Take 6 (holdout_slow),holdout_slow,30.633333333,0.03141115069,0.9389500962,HOLD,Holding,4,FALSE
vid6,Take 6 (holdout_slow),holdout_slow,30.666666667,0.3399241388,0.9360365014,HOLD,Holding,4,FALSE
vid6,Take 6 (holdout_slow),holdout_slow,30.7,0.2430868682,0.8566635272,HOLD,Holding,4,FALSE
vid6,Take 6 (holdout_slow),holdout_slow,30.733333333,0.270571929,0.7999094175,HOLD,Holding,4,FALSE
vid6,Take 6 (holdout_slow),holdout_slow,30.766666667,0.2651054027,0.8712263624,HOLD,Holding,4,FALSE
vid6,Take 6 (holdout_slow),holdout_slow,30.8,0.2747777816,0.9276323801,HOLD,Holding,4,FALSE
vid6,Take 6 (holdout_slow),holdout_slow,30.833333333,0.297836676,0.9523859917,HOLD,Holding,4,FALSE
vid6,Take 6 (holdout_slow),holdout_slow,30.866666667,0.3435475168,0.9305378819,HOLD,Holding,4,FALSE
vid6,Take 6 (holdout_slow),holdout_slow,30.9,0.2915632682,0.9674028261,HOLD,Holding,4,FALSE
vid6,Take 6 (holdout_slow),holdout_slow,30.933333333,0.2094730507,0.9246182347,HOLD,Holding,4,FALSE
vid6,Take 6 (holdout_slow),holdout_slow,30.966666667,0.1270571055,0.8807282991,HOLD,Holding,4,FALSE
vid6,Take 6 (holdout_slow),holdout_slow,31,0.03776649399,0.8614174138,HOLD,Holding,4,FALSE
vid6,Take 6 (holdout_slow),holdout_slow,31.033333333,0.2678114117,0.9514497858,HOLD,Holding,4,FALSE
vid6,Take 6 (holdout_slow),holdout_slow,31.066666667,0.8728281167,1.026151332,HOLD,Holding,4,FALSE
vid6,Take 6 (holdout_slow),holdout_slow,31.1,1.805657226,0.9681843905,HOLD,Holding,4,FALSE
vid6,Take 6 (holdout_slow),holdout_slow,31.133333333,2.708599875,0.8412440777,HOLD,Holding,4,FALSE
vid6,Take 6 (holdout_slow),holdout_slow,31.166666667,3.714973827,0.7833192636,HOLD,Holding,4,FALSE
vid6,Take 6 (holdout_slow),holdout_slow,31.2,4.472643033,0.784863091,HOLD,Holding,4,FALSE
vid6,Take 6 (holdout_slow),holdout_slow,31.233333333,5.051656343,0.7684304137,HOLD,Holding,4,FALSE
vid6,Take 6 (holdout_slow),holdout_slow,31.266666667,5.514416555,0.7528862489,HOLD,Holding,4,FALSE
vid6,Take 6 (holdout_slow),holdout_slow,31.3,5.814450713,0.7529199312,HOLD,Holding,4,FALSE
vid6,Take 6 (holdout_slow),holdout_slow,31.333333333,6.089020862,0.7454750648,HOLD,Holding,4,FALSE
vid6,Take 6 (holdout_slow),holdout_slow,31.366666667,6.282166246,0.7193398588,HOLD,Holding,4,FALSE
vid6,Take 6 (holdout_slow),holdout_slow,31.4,6.143404182,0.7249437817,HOLD,Holding,4,FALSE
vid6,Take 6 (holdout_slow),holdout_slow,31.433333333,5.804733441,0.6987960876,HOLD,Holding,4,FALSE
vid6,Take 6 (holdout_slow),holdout_slow,31.466666667,5.285754566,0.6588211804,HOLD,Holding,4,FALSE
vid6,Take 6 (holdout_slow),holdout_slow,31.5,4.707704114,0.6151393055,HOLD,Holding,4,FALSE
vid6,Take 6 (holdout_slow),holdout_slow,31.533333333,4.041483714,0.5442321226,HOLD,Holding,4,FALSE
vid6,Take 6 (holdout_slow),holdout_slow,31.566666667,2.961300961,0.486263415,HOLD,Holding,4,FALSE
vid6,Take 6 (holdout_slow),holdout_slow,31.6,1.789897171,0.4747854158,HOLD,Holding,4,FALSE
vid6,Take 6 (holdout_slow),holdout_slow,31.633333333,0.8189976401,0.5425670726,HOLD,Holding,4,FALSE
vid6,Take 6 (holdout_slow),holdout_slow,31.666666667,0.2617492718,0.5754716518,HOLD,Holding,4,FALSE
vid6,Take 6 (holdout_slow),holdout_slow,31.7,0.324285863,0.5571374683,HOLD,Holding,4,FALSE
vid6,Take 6 (holdout_slow),holdout_slow,31.733333333,0.3619153768,0.5100417905,HOLD,Holding,4,FALSE
vid6,Take 6 (holdout_slow),holdout_slow,31.766666667,0.3043834338,0.5045665207,HOLD,Holding,4,FALSE
vid6,Take 6 (holdout_slow),holdout_slow,31.8,0.2373078182,0.5426230228,HOLD,Holding,4,FALSE
vid6,Take 6 (holdout_slow),holdout_slow,31.833333333,0.07998034204,0.5927043238,HOLD,Holding,4,FALSE
vid6,Take 6 (holdout_slow),holdout_slow,31.866666667,0.09581452473,0.6292959903,HOLD,Holding,4,FALSE
vid6,Take 6 (holdout_slow),holdout_slow,31.9,0.1360931456,0.6465010606,HOLD,Holding,4,FALSE
vid6,Take 6 (holdout_slow),holdout_slow,31.933333333,0.06422941946,0.6324707079,HOLD,Holding,4,FALSE
vid6,Take 6 (holdout_slow),holdout_slow,31.966666667,0.08738377119,0.625193448,HOLD,Holding,4,FALSE
vid6,Take 6 (holdout_slow),holdout_slow,32,0.1098560202,0.6217084211,HOLD,Holding,4,FALSE
vid6,Take 6 (holdout_slow),holdout_slow,32.033333333,0.1904823377,0.6231341661,HOLD,Holding,4,FALSE
vid6,Take 6 (holdout_slow),holdout_slow,32.066666667,0.3140790505,0.6514434411,HOLD,Holding,4,FALSE
vid6,Take 6 (holdout_slow),holdout_slow,32.1,0.6696916762,0.6917338107,HOLD,Holding,4,FALSE
vid6,Take 6 (holdout_slow),holdout_slow,32.133333333,1.206007728,0.7280744847,HOLD,Holding,4,FALSE
vid6,Take 6 (holdout_slow),holdout_slow,32.166666667,1.694452208,0.7457745752,RELEASE,Releasing,5,FALSE
vid6,Take 6 (holdout_slow),holdout_slow,32.2,2.115161294,0.7963077908,RELEASE,Releasing,5,FALSE
vid6,Take 6 (holdout_slow),holdout_slow,32.233333333,2.305371962,0.8037548532,RELEASE,Releasing,5,FALSE
vid6,Take 6 (holdout_slow),holdout_slow,32.266666667,2.468897236,1.094534709,RELEASE,Releasing,5,FALSE
vid6,Take 6 (holdout_slow),holdout_slow,32.3,2.511958834,2.072779093,RELEASE,Releasing,5,FALSE
vid6,Take 6 (holdout_slow),holdout_slow,32.333333333,2.149286533,3.133565169,RELEASE,Releasing,5,FALSE
vid6,Take 6 (holdout_slow),holdout_slow,32.366666667,1.577738406,3.314544671,RELEASE,Releasing,5,FALSE
vid6,Take 6 (holdout_slow),holdout_slow,32.4,1.420752915,2.766119932,RELEASE,Releasing,5,FALSE
vid6,Take 6 (holdout_slow),holdout_slow,32.433333333,1.595237455,2.373228952,RELEASE,Releasing,5,FALSE
vid6,Take 6 (holdout_slow),holdout_slow,32.466666667,1.507955154,2.310209573,RELEASE,Releasing,5,FALSE
vid6,Take 6 (holdout_slow),holdout_slow,32.5,1.163058093,2.122455768,RELEASE,Releasing,5,FALSE
vid6,Take 6 (holdout_slow),holdout_slow,32.533333333,0.6596622326,1.758904779,RELEASE,Releasing,5,FALSE
vid6,Take 6 (holdout_slow),holdout_slow,32.566666667,0.517062901,1.399119915,RELEASE,Releasing,5,FALSE
vid6,Take 6 (holdout_slow),holdout_slow,32.6,0.2671208877,1.297884275,RELEASE,Releasing,5,FALSE
vid6,Take 6 (holdout_slow),holdout_slow,32.633333333,0.2861614064,1.297907677,RELEASE,Releasing,5,FALSE
vid6,Take 6 (holdout_slow),holdout_slow,32.666666667,0.3752628729,1.317540491,RELEASE,Releasing,5,FALSE
vid6,Take 6 (holdout_slow),holdout_slow,32.7,0.3127650184,1.315937823,RELEASE,Releasing,5,FALSE
vid6,Take 6 (holdout_slow),holdout_slow,32.733333333,0.5771041406,1.298758185,RELEASE,Releasing,5,FALSE
vid6,Take 6 (holdout_slow),holdout_slow,32.766666667,0.74821833,1.246168862,RELEASE,Releasing,5,FALSE
vid6,Take 6 (holdout_slow),holdout_slow,32.8,0.8339582919,1.18900224,RELEASE,Releasing,5,FALSE
vid6,Take 6 (holdout_slow),holdout_slow,32.833333333,0.7683275676,1.160948413,RELEASE,Releasing,5,FALSE
vid6,Take 6 (holdout_slow),holdout_slow,32.866666667,0.5907396082,1.153002906,RELEASE,Releasing,5,FALSE
vid6,Take 6 (holdout_slow),holdout_slow,32.9,0.3677655569,1.163617457,RELEASE,Releasing,5,FALSE
vid6,Take 6 (holdout_slow),holdout_slow,32.933333333,0.1606963048,1.158588534,RELEASE,Releasing,5,FALSE
vid6,Take 6 (holdout_slow),holdout_slow,32.966666667,0.1269082379,1.15649285,RELEASE,Releasing,5,FALSE
vid6,Take 6 (holdout_slow),holdout_slow,33,0.05764259982,1.150755223,RELEASE,Releasing,5,FALSE
vid6,Take 6 (holdout_slow),holdout_slow,33.033333333,0.04964805066,1.161324814,RELEASE,Releasing,5,FALSE
vid6,Take 6 (holdout_slow),holdout_slow,33.066666667,0.2233398545,1.15599335,RELEASE,Releasing,5,FALSE
vid6,Take 6 (holdout_slow),holdout_slow,33.1,0.1823929423,1.144244641,RELEASE,Releasing,5,FALSE
vid6,Take 6 (holdout_slow),holdout_slow,33.133333333,0.05072720748,1.128573214,RELEASE,Releasing,5,FALSE
vid6,Take 6 (holdout_slow),holdout_slow,33.166666667,0.2091382223,1.121115499,RELEASE,Releasing,5,FALSE
vid6,Take 6 (holdout_slow),holdout_slow,33.2,0.2459618078,1.108400293,RELEASE,Releasing,5,FALSE
vid6,Take 6 (holdout_slow),holdout_slow,33.233333333,0.2752595291,1.115459929,RELEASE,Releasing,5,FALSE
vid6,Take 6 (holdout_slow),holdout_slow,33.266666667,0.1716662756,1.142395165,RELEASE,Releasing,5,FALSE
vid6,Take 6 (holdout_slow),holdout_slow,33.3,0.2096947747,1.137766369,RELEASE,Releasing,5,FALSE
vid6,Take 6 (holdout_slow),holdout_slow,33.333333333,0.07727241269,1.109963715,RELEASE,Releasing,5,FALSE
vid6,Take 6 (holdout_slow),holdout_slow,33.366666667,0.08438901465,1.0975416,RELEASE,Releasing,5,FALSE
vid6,Take 6 (holdout_slow),holdout_slow,33.4,0.2459253119,1.099255938,RELEASE,Releasing,5,FALSE
vid6,Take 6 (holdout_slow),holdout_slow,33.433333333,0.306116844,1.108120918,RELEASE,Releasing,5,FALSE
vid6,Take 6 (holdout_slow),holdout_slow,33.466666667,0.3496980296,1.106956874,RELEASE,Releasing,5,FALSE
vid6,Take 6 (holdout_slow),holdout_slow,33.5,0.3231952107,1.082120787,RELEASE,Releasing,5,FALSE
vid6,Take 6 (holdout_slow),holdout_slow,33.533333333,0.3891209704,1.059295933,RELEASE,Releasing,5,FALSE
vid6,Take 6 (holdout_slow),holdout_slow,33.566666667,0.6162271683,1.062976872,RELEASE,Releasing,5,FALSE
vid6,Take 6 (holdout_slow),holdout_slow,33.6,0.9985338008,1.057198845,RELEASE,Releasing,5,FALSE
vid6,Take 6 (holdout_slow),holdout_slow,33.633333333,1.497252425,1.031701741,RELEASE,Releasing,5,FALSE
vid6,Take 6 (holdout_slow),holdout_slow,33.666666667,1.949196039,1.040690696,RELEASE,Releasing,5,FALSE
vid6,Take 6 (holdout_slow),holdout_slow,33.7,2.589234914,1.080532403,RELEASE,Releasing,5,FALSE
vid6,Take 6 (holdout_slow),holdout_slow,33.733333333,3.205142234,1.124380228,RELEASE,Releasing,5,FALSE
vid6,Take 6 (holdout_slow),holdout_slow,33.766666667,3.920442032,1.195530589,RETRACT,Returning,6,FALSE
vid6,Take 6 (holdout_slow),holdout_slow,33.8,4.721957111,1.280225406,RETRACT,Returning,6,FALSE
vid6,Take 6 (holdout_slow),holdout_slow,33.833333333,5.593598692,1.380938087,RETRACT,Returning,6,FALSE
vid6,Take 6 (holdout_slow),holdout_slow,33.866666667,6.448741052,1.463905383,RETRACT,Returning,6,FALSE
vid6,Take 6 (holdout_slow),holdout_slow,33.9,7.282669469,1.509125528,RETRACT,Returning,6,FALSE
vid6,Take 6 (holdout_slow),holdout_slow,33.933333333,8.039349616,1.457222169,RETRACT,Returning,6,FALSE
vid6,Take 6 (holdout_slow),holdout_slow,33.966666667,8.550305291,1.325056504,RETRACT,Returning,6,FALSE
vid6,Take 6 (holdout_slow),holdout_slow,34,8.777625088,1.216163506,RETRACT,Returning,6,FALSE
vid6,Take 6 (holdout_slow),holdout_slow,34.033333333,8.939850318,1.14160289,RETRACT,Returning,6,FALSE
vid6,Take 6 (holdout_slow),holdout_slow,34.066666667,9.119902679,1.150869118,RETRACT,Returning,6,FALSE
vid6,Take 6 (holdout_slow),holdout_slow,34.1,9.205840604,1.165712839,RETRACT,Returning,6,FALSE
vid6,Take 6 (holdout_slow),holdout_slow,34.133333333,9.012132303,1.18387207,RETRACT,Returning,6,FALSE
vid6,Take 6 (holdout_slow),holdout_slow,34.166666667,8.354005264,1.159705754,RETRACT,Returning,6,FALSE
vid6,Take 6 (holdout_slow),holdout_slow,34.2,7.250574521,1.148202776,RETRACT,Returning,6,FALSE
vid6,Take 6 (holdout_slow),holdout_slow,34.233333333,5.976748709,1.093240319,RETRACT,Returning,6,FALSE
vid6,Take 6 (holdout_slow),holdout_slow,34.266666667,4.968798986,1.023230397,RETRACT,Returning,6,FALSE
vid6,Take 6 (holdout_slow),holdout_slow,34.3,4.333791101,0.99711464,RETRACT,Returning,6,FALSE
vid6,Take 6 (holdout_slow),holdout_slow,34.333333333,3.961653724,1.046178829,RETRACT,Returning,6,FALSE
vid6,Take 6 (holdout_slow),holdout_slow,34.366666667,3.535125132,1.209157568,RETRACT,Returning,6,FALSE
vid6,Take 6 (holdout_slow),holdout_slow,34.4,2.562814373,1.279255769,RETRACT,Returning,6,FALSE
vid6,Take 6 (holdout_slow),holdout_slow,34.433333333,1.577801812,1.238271488,REST,At rest,1,FALSE
vid6,Take 6 (holdout_slow),holdout_slow,34.466666667,1.016431285,1.164177195,REST,At rest,1,FALSE
vid6,Take 6 (holdout_slow),holdout_slow,34.5,0.5896001393,1.248580713,REST,At rest,1,FALSE
vid6,Take 6 (holdout_slow),holdout_slow,34.533333333,0.2365540236,1.302692734,REST,At rest,1,FALSE
vid6,Take 6 (holdout_slow),holdout_slow,34.566666667,0.4519415296,1.278373399,REST,At rest,1,FALSE
vid6,Take 6 (holdout_slow),holdout_slow,34.6,0.7194669631,1.199679172,REST,At rest,1,FALSE
vid6,Take 6 (holdout_slow),holdout_slow,34.633333333,0.4901279717,1.196106629,REST,At rest,1,FALSE
vid6,Take 6 (holdout_slow),holdout_slow,34.666666667,0.1703608501,1.233568124,REST,At rest,1,FALSE
vid6,Take 6 (holdout_slow),holdout_slow,34.7,0.3688263403,1.320941841,REST,At rest,1,FALSE
vid6,Take 6 (holdout_slow),holdout_slow,34.733333333,0.3967268272,1.315782633,REST,At rest,1,FALSE
vid6,Take 6 (holdout_slow),holdout_slow,34.766666667,0.1686870164,1.276217476,REST,At rest,1,FALSE
vid6,Take 6 (holdout_slow),holdout_slow,34.8,0.1711001505,1.170806549,REST,At rest,1,FALSE
vid6,Take 6 (holdout_slow),holdout_slow,34.833333333,0.3100308608,1.108103076,REST,At rest,1,FALSE
vid6,Take 6 (holdout_slow),holdout_slow,34.866666667,0.5859668536,1.055805274,REST,At rest,1,FALSE
vid6,Take 6 (holdout_slow),holdout_slow,34.9,0.9264201322,1.039477512,REST,At rest,1,FALSE
vid6,Take 6 (holdout_slow),holdout_slow,34.933333333,0.493731364,1.050404402,REST,At rest,1,FALSE
vid6,Take 6 (holdout_slow),holdout_slow,34.966666667,0.3173788886,1.033058815,REST,At rest,1,FALSE
vid6,Take 6 (holdout_slow),holdout_slow,35,0.3590939147,1.08306074,REST,At rest,1,FALSE
vid6,Take 6 (holdout_slow),holdout_slow,35.033333333,0.4962156504,1.149231592,REST,At rest,1,FALSE
vid6,Take 6 (holdout_slow),holdout_slow,35.066666667,0.5088460904,1.179819988,REST,At rest,1,FALSE
vid6,Take 6 (holdout_slow),holdout_slow,35.1,0.1692784815,1.135336551,REST,At rest,1,FALSE
vid6,Take 6 (holdout_slow),holdout_slow,35.133333333,0.3349743906,1.071124273,REST,At rest,1,FALSE
vid6,Take 6 (holdout_slow),holdout_slow,35.166666667,0.621616668,1.076191608,REST,At rest,1,FALSE
vid6,Take 6 (holdout_slow),holdout_slow,35.2,0.6663210695,1.105967416,REST,At rest,1,FALSE
vid6,Take 6 (holdout_slow),holdout_slow,35.233333333,1.001949362,1.125964343,REST,At rest,1,FALSE
vid6,Take 6 (holdout_slow),holdout_slow,35.266666667,0.7057949832,1.125285958,REST,At rest,1,FALSE
vid6,Take 6 (holdout_slow),holdout_slow,35.3,0.2011058738,1.249649765,REST,At rest,1,FALSE
vid6,Take 6 (holdout_slow),holdout_slow,35.333333333,0.3998793946,1.312364574,REST,At rest,1,FALSE
vid6,Take 6 (holdout_slow),holdout_slow,35.366666667,0.497599086,1.215876406,REST,At rest,1,FALSE
vid6,Take 6 (holdout_slow),holdout_slow,35.4,0.5931857367,1.204173946,REST,At rest,1,FALSE
vid6,Take 6 (holdout_slow),holdout_slow,35.433333333,0.3659979589,1.271640132,REST,At rest,1,FALSE
vid6,Take 6 (holdout_slow),holdout_slow,35.466666667,0.3982558737,1.25044479,REST,At rest,1,FALSE
vid6,Take 6 (holdout_slow),holdout_slow,35.5,1.088589431,1.184130228,REST,At rest,1,FALSE
vid6,Take 6 (holdout_slow),holdout_slow,35.533333333,1.658859817,1.228974199,REST,At rest,1,FALSE
vid6,Take 6 (holdout_slow),holdout_slow,35.566666667,1.411064192,1.259152952,REST,At rest,1,FALSE
vid6,Take 6 (holdout_slow),holdout_slow,35.6,1.628755911,1.167275345,REST,At rest,1,FALSE
vid6,Take 6 (holdout_slow),holdout_slow,35.633333333,2.320527471,1.046595964,REST,At rest,1,FALSE
vid6,Take 6 (holdout_slow),holdout_slow,35.666666667,3.131848338,0.959650859,REST,At rest,1,FALSE
vid6,Take 6 (holdout_slow),holdout_slow,35.7,4.312422236,0.9505313776,REST,At rest,1,FALSE
vid6,Take 6 (holdout_slow),holdout_slow,35.733333333,5.412602587,0.9734043264,REACH,Reaching,2,FALSE
vid6,Take 6 (holdout_slow),holdout_slow,35.766666667,6.168009549,1.020824549,REACH,Reaching,2,FALSE
vid6,Take 6 (holdout_slow),holdout_slow,35.8,6.516136036,1.049540371,REACH,Reaching,2,FALSE
vid6,Take 6 (holdout_slow),holdout_slow,35.833333333,6.583646358,1.048246016,REACH,Reaching,2,FALSE
vid6,Take 6 (holdout_slow),holdout_slow,35.866666667,6.369043692,1.040418311,REACH,Reaching,2,FALSE
vid6,Take 6 (holdout_slow),holdout_slow,35.9,5.978019219,1.038270273,REACH,Reaching,2,FALSE
vid6,Take 6 (holdout_slow),holdout_slow,35.933333333,5.600460893,1.046220089,REACH,Reaching,2,FALSE
vid6,Take 6 (holdout_slow),holdout_slow,35.966666667,5.331997146,1.063758369,REACH,Reaching,2,FALSE
vid6,Take 6 (holdout_slow),holdout_slow,36,4.923019398,1.066762389,REACH,Reaching,2,FALSE
vid6,Take 6 (holdout_slow),holdout_slow,36.033333333,4.409934322,1.067323468,REACH,Reaching,2,FALSE
vid6,Take 6 (holdout_slow),holdout_slow,36.066666667,3.935733708,1.085943532,REACH,Reaching,2,FALSE
vid6,Take 6 (holdout_slow),holdout_slow,36.1,3.479993967,1.117657362,REACH,Reaching,2,FALSE
vid6,Take 6 (holdout_slow),holdout_slow,36.133333333,3.212128859,1.148037555,REACH,Reaching,2,FALSE
vid6,Take 6 (holdout_slow),holdout_slow,36.166666667,2.934556481,1.178698758,REACH,Reaching,2,FALSE
vid6,Take 6 (holdout_slow),holdout_slow,36.2,2.659187011,1.192135787,REACH,Reaching,2,FALSE
vid6,Take 6 (holdout_slow),holdout_slow,36.233333333,2.496715222,1.198303647,REACH,Reaching,2,FALSE
vid6,Take 6 (holdout_slow),holdout_slow,36.266666667,2.381232749,1.192739247,REACH,Reaching,2,FALSE
vid6,Take 6 (holdout_slow),holdout_slow,36.3,2.352400753,1.166721938,REACH,Reaching,2,FALSE
vid6,Take 6 (holdout_slow),holdout_slow,36.333333333,2.324411103,1.148279924,REACH,Reaching,2,FALSE
vid6,Take 6 (holdout_slow),holdout_slow,36.366666667,2.372317808,1.166173746,REACH,Reaching,2,FALSE
vid6,Take 6 (holdout_slow),holdout_slow,36.4,2.503091019,1.194674596,REACH,Reaching,2,FALSE
vid6,Take 6 (holdout_slow),holdout_slow,36.433333333,2.534857217,1.209016479,REACH,Reaching,2,FALSE
vid6,Take 6 (holdout_slow),holdout_slow,36.466666667,2.521587561,1.197681283,REACH,Reaching,2,FALSE
vid6,Take 6 (holdout_slow),holdout_slow,36.5,2.526306892,1.172413346,REACH,Reaching,2,FALSE
vid6,Take 6 (holdout_slow),holdout_slow,36.533333333,2.577000418,1.137658147,REACH,Reaching,2,FALSE
vid6,Take 6 (holdout_slow),holdout_slow,36.566666667,2.744300878,1.114359855,REACH,Reaching,2,FALSE
vid6,Take 6 (holdout_slow),holdout_slow,36.6,2.935424721,1.105620058,REACH,Reaching,2,FALSE
vid6,Take 6 (holdout_slow),holdout_slow,36.633333333,3.121769551,1.112019826,REACH,Reaching,2,FALSE
vid6,Take 6 (holdout_slow),holdout_slow,36.666666667,3.391730874,1.098424099,REACH,Reaching,2,FALSE
vid6,Take 6 (holdout_slow),holdout_slow,36.7,3.761599099,1.04171508,REACH,Reaching,2,FALSE
vid6,Take 6 (holdout_slow),holdout_slow,36.733333333,3.897157747,0.9765924431,REACH,Reaching,2,FALSE
vid6,Take 6 (holdout_slow),holdout_slow,36.766666667,3.501052458,0.8498130523,REACH,Reaching,2,FALSE
vid6,Take 6 (holdout_slow),holdout_slow,36.8,2.621991809,0.681298494,REACH,Reaching,2,FALSE
vid6,Take 6 (holdout_slow),holdout_slow,36.833333333,1.634444449,0.5577132833,REACH,Reaching,2,FALSE
vid6,Take 6 (holdout_slow),holdout_slow,36.866666667,0.957910277,0.5488428842,REACH,Reaching,2,FALSE
vid6,Take 6 (holdout_slow),holdout_slow,36.9,0.6965682318,0.5620918116,REACH,Reaching,2,FALSE
vid6,Take 6 (holdout_slow),holdout_slow,36.933333333,0.62639701,0.5607234837,REACH,Reaching,2,FALSE
vid6,Take 6 (holdout_slow),holdout_slow,36.966666667,0.5472839031,0.5795885394,REACH,Reaching,2,FALSE
vid6,Take 6 (holdout_slow),holdout_slow,37,0.4947364438,0.616511094,REACH,Reaching,2,FALSE
vid6,Take 6 (holdout_slow),holdout_slow,37.033333333,0.4653026346,0.667833496,REACH,Reaching,2,FALSE
vid6,Take 6 (holdout_slow),holdout_slow,37.066666667,0.4694201548,0.7169690837,REACH,Reaching,2,FALSE
vid6,Take 6 (holdout_slow),holdout_slow,37.1,0.5089610137,0.7314020216,REACH,Reaching,2,FALSE
vid6,Take 6 (holdout_slow),holdout_slow,37.133333333,0.533728068,0.7159865932,REACH,Reaching,2,FALSE
vid6,Take 6 (holdout_slow),holdout_slow,37.166666667,0.5575994097,0.6935374919,REACH,Reaching,2,FALSE
vid6,Take 6 (holdout_slow),holdout_slow,37.2,0.4628157849,0.6581976456,REACH,Reaching,2,FALSE
vid6,Take 6 (holdout_slow),holdout_slow,37.233333333,0.3146391784,0.6315054867,REACH,Reaching,2,FALSE
vid6,Take 6 (holdout_slow),holdout_slow,37.266666667,0.03960882381,0.6562366509,REACH,Reaching,2,FALSE
vid6,Take 6 (holdout_slow),holdout_slow,37.3,0.1338529278,0.6761182851,REACH,Reaching,2,FALSE
vid6,Take 6 (holdout_slow),holdout_slow,37.333333333,0.1371946104,0.6360052285,REACH,Reaching,2,FALSE
vid6,Take 6 (holdout_slow),holdout_slow,37.366666667,0.09975721085,0.5772211866,REACH,Reaching,2,FALSE
vid6,Take 6 (holdout_slow),holdout_slow,37.4,0.1424039246,0.5528564635,REACH,Reaching,2,FALSE
vid6,Take 6 (holdout_slow),holdout_slow,37.433333333,0.161549041,0.5433162672,REACH,Reaching,2,FALSE
vid6,Take 6 (holdout_slow),holdout_slow,37.466666667,0.1080725489,0.5481824925,REACH,Reaching,2,FALSE
vid6,Take 6 (holdout_slow),holdout_slow,37.5,0.1155142856,0.5489705111,REACH,Reaching,2,FALSE
vid6,Take 6 (holdout_slow),holdout_slow,37.533333333,0.09105813816,0.5295589318,REACH,Reaching,2,FALSE
vid6,Take 6 (holdout_slow),holdout_slow,37.566666667,0.2420285387,0.535098292,REACH,Reaching,2,FALSE
vid6,Take 6 (holdout_slow),holdout_slow,37.6,0.368553251,0.5776877323,REACH,Reaching,2,FALSE
vid6,Take 6 (holdout_slow),holdout_slow,37.633333333,0.3929415351,0.6365836182,REACH,Reaching,2,FALSE
vid6,Take 6 (holdout_slow),holdout_slow,37.666666667,0.3698059531,0.6895778003,REACH,Reaching,2,FALSE
vid6,Take 6 (holdout_slow),holdout_slow,37.7,0.3265373079,0.7412667016,REACH,Reaching,2,FALSE
vid6,Take 6 (holdout_slow),holdout_slow,37.733333333,0.2903084466,0.7639082472,REACH,Reaching,2,FALSE
vid6,Take 6 (holdout_slow),holdout_slow,37.766666667,0.2112880624,0.7423009091,REACH,Reaching,2,FALSE
vid6,Take 6 (holdout_slow),holdout_slow,37.8,0.2053264977,0.7061754764,REACH,Reaching,2,FALSE
vid6,Take 6 (holdout_slow),holdout_slow,37.833333333,0.3178888199,0.6687346187,REACH,Reaching,2,FALSE
vid6,Take 6 (holdout_slow),holdout_slow,37.866666667,0.5626549662,0.6458996247,REACH,Reaching,2,FALSE
vid6,Take 6 (holdout_slow),holdout_slow,37.9,0.8873336952,0.6420904327,GRASP,Grasping,3,FALSE
vid6,Take 6 (holdout_slow),holdout_slow,37.933333333,1.349951385,0.6345362426,GRASP,Grasping,3,FALSE
vid6,Take 6 (holdout_slow),holdout_slow,37.966666667,2.070379801,0.6554676511,GRASP,Grasping,3,FALSE
vid6,Take 6 (holdout_slow),holdout_slow,38,2.923197611,0.6699676812,GRASP,Grasping,3,FALSE
vid6,Take 6 (holdout_slow),holdout_slow,38.033333333,3.823173285,0.6447790014,GRASP,Grasping,3,FALSE
vid6,Take 6 (holdout_slow),holdout_slow,38.066666667,4.599346114,0.5534303999,GRASP,Grasping,3,FALSE
vid6,Take 6 (holdout_slow),holdout_slow,38.1,5.360043665,0.466022517,GRASP,Grasping,3,FALSE
vid6,Take 6 (holdout_slow),holdout_slow,38.133333333,6.033049901,0.4080917002,GRASP,Grasping,3,FALSE
vid6,Take 6 (holdout_slow),holdout_slow,38.166666667,6.46890443,0.3919580717,GRASP,Grasping,3,FALSE
vid6,Take 6 (holdout_slow),holdout_slow,38.2,6.75421091,0.4045502125,GRASP,Grasping,3,FALSE
vid6,Take 6 (holdout_slow),holdout_slow,38.233333333,6.8636522,0.4232926488,GRASP,Grasping,3,FALSE
vid6,Take 6 (holdout_slow),holdout_slow,38.266666667,6.871030297,0.4817423464,GRASP,Grasping,3,FALSE
vid6,Take 6 (holdout_slow),holdout_slow,38.3,6.758961592,0.577265907,GRASP,Grasping,3,FALSE
vid6,Take 6 (holdout_slow),holdout_slow,38.333333333,6.469703546,0.6472759039,GRASP,Grasping,3,FALSE
vid6,Take 6 (holdout_slow),holdout_slow,38.366666667,6.02291754,0.7479952153,GRASP,Grasping,3,FALSE
vid6,Take 6 (holdout_slow),holdout_slow,38.4,5.332795794,0.899856997,GRASP,Grasping,3,FALSE
vid6,Take 6 (holdout_slow),holdout_slow,38.433333333,4.379880982,0.9484292846,GRASP,Grasping,3,FALSE
vid6,Take 6 (holdout_slow),holdout_slow,38.466666667,2.940628289,0.8232283635,GRASP,Grasping,3,FALSE
vid6,Take 6 (holdout_slow),holdout_slow,38.5,1.588479796,0.7047203663,GRASP,Grasping,3,FALSE
vid6,Take 6 (holdout_slow),holdout_slow,38.533333333,,,GRASP,Grasping,3,TRUE
vid6,Take 6 (holdout_slow),holdout_slow,38.566666667,,,GRASP,Grasping,3,TRUE
vid6,Take 6 (holdout_slow),holdout_slow,38.6,,,GRASP,Grasping,3,TRUE
vid6,Take 6 (holdout_slow),holdout_slow,38.633333333,,,GRASP,Grasping,3,TRUE
vid6,Take 6 (holdout_slow),holdout_slow,38.666666667,,,GRASP,Grasping,3,TRUE
vid6,Take 6 (holdout_slow),holdout_slow,38.7,,,GRASP,Grasping,3,TRUE
vid6,Take 6 (holdout_slow),holdout_slow,38.733333333,,,HOLD,Holding,4,TRUE
vid6,Take 6 (holdout_slow),holdout_slow,38.766666667,,,HOLD,Holding,4,TRUE
vid6,Take 6 (holdout_slow),holdout_slow,38.8,,,HOLD,Holding,4,TRUE
vid6,Take 6 (holdout_slow),holdout_slow,38.833333333,,,HOLD,Holding,4,TRUE
vid6,Take 6 (holdout_slow),holdout_slow,38.866666667,,,HOLD,Holding,4,TRUE
vid6,Take 6 (holdout_slow),holdout_slow,38.9,,,HOLD,Holding,4,TRUE
vid6,Take 6 (holdout_slow),holdout_slow,38.933333333,,,HOLD,Holding,4,TRUE
vid6,Take 6 (holdout_slow),holdout_slow,38.966666667,,,HOLD,Holding,4,TRUE
vid6,Take 6 (holdout_slow),holdout_slow,39,,,HOLD,Holding,4,TRUE
vid6,Take 6 (holdout_slow),holdout_slow,39.033333333,0.9394391081,0.9426853261,HOLD,Holding,4,FALSE
vid6,Take 6 (holdout_slow),holdout_slow,39.066666667,1.322447135,0.975940142,HOLD,Holding,4,FALSE
vid6,Take 6 (holdout_slow),holdout_slow,39.1,1.826003116,1.015493601,HOLD,Holding,4,FALSE
vid6,Take 6 (holdout_slow),holdout_slow,39.133333333,2.284778127,1.000045211,HOLD,Holding,4,FALSE
vid6,Take 6 (holdout_slow),holdout_slow,39.166666667,2.946347594,0.8886266675,HOLD,Holding,4,FALSE
vid6,Take 6 (holdout_slow),holdout_slow,39.2,3.517369367,0.7755108444,HOLD,Holding,4,FALSE
vid6,Take 6 (holdout_slow),holdout_slow,39.233333333,3.818349543,0.705251405,HOLD,Holding,4,FALSE
vid6,Take 6 (holdout_slow),holdout_slow,39.266666667,4.002637066,0.66123373,HOLD,Holding,4,FALSE
vid6,Take 6 (holdout_slow),holdout_slow,39.3,4.184277766,0.6155272457,HOLD,Holding,4,FALSE
vid6,Take 6 (holdout_slow),holdout_slow,39.333333333,4.326857439,0.5845348355,HOLD,Holding,4,FALSE
vid6,Take 6 (holdout_slow),holdout_slow,39.366666667,4.471424603,0.5460161943,HOLD,Holding,4,FALSE
vid6,Take 6 (holdout_slow),holdout_slow,39.4,4.592404422,0.489953545,HOLD,Holding,4,FALSE
vid6,Take 6 (holdout_slow),holdout_slow,39.433333333,4.663670556,0.4372222537,HOLD,Holding,4,FALSE
vid6,Take 6 (holdout_slow),holdout_slow,39.466666667,4.656314669,0.4276287959,HOLD,Holding,4,FALSE
vid6,Take 6 (holdout_slow),holdout_slow,39.5,4.582417889,0.4532487329,HOLD,Holding,4,FALSE
vid6,Take 6 (holdout_slow),holdout_slow,39.533333333,4.520786285,0.4921536078,HOLD,Holding,4,FALSE
vid6,Take 6 (holdout_slow),holdout_slow,39.566666667,4.340345537,0.5131358266,HOLD,Holding,4,FALSE
vid6,Take 6 (holdout_slow),holdout_slow,39.6,4.001620057,0.5227416478,HOLD,Holding,4,FALSE
vid6,Take 6 (holdout_slow),holdout_slow,39.633333333,3.640350513,0.5476812377,HOLD,Holding,4,FALSE
vid6,Take 6 (holdout_slow),holdout_slow,39.666666667,3.311807236,0.5864633731,HOLD,Holding,4,FALSE
vid6,Take 6 (holdout_slow),holdout_slow,39.7,3.016959327,0.6245149542,HOLD,Holding,4,FALSE
vid6,Take 6 (holdout_slow),holdout_slow,39.733333333,2.619358936,0.6433862702,HOLD,Holding,4,FALSE
vid6,Take 6 (holdout_slow),holdout_slow,39.766666667,1.874843696,0.671674814,HOLD,Holding,4,FALSE
vid6,Take 6 (holdout_slow),holdout_slow,39.8,1.079499259,0.7106224491,HOLD,Holding,4,FALSE
vid6,Take 6 (holdout_slow),holdout_slow,39.833333333,0.4735195697,0.7363745128,HOLD,Holding,4,FALSE
vid6,Take 6 (holdout_slow),holdout_slow,39.866666667,0.190270721,0.7431876171,HOLD,Holding,4,FALSE
vid6,Take 6 (holdout_slow),holdout_slow,39.9,0.1961783477,0.7389662952,HOLD,Holding,4,FALSE
vid6,Take 6 (holdout_slow),holdout_slow,39.933333333,0.1756339974,0.7459497382,HOLD,Holding,4,FALSE
vid6,Take 6 (holdout_slow),holdout_slow,39.966666667,0.2707409915,0.7428075042,HOLD,Holding,4,FALSE
vid6,Take 6 (holdout_slow),holdout_slow,40,0.3689996575,0.725645529,HOLD,Holding,4,FALSE
vid6,Take 6 (holdout_slow),holdout_slow,40.033333333,0.3985488436,0.6955861489,HOLD,Holding,4,FALSE
vid6,Take 6 (holdout_slow),holdout_slow,40.066666667,0.2849468089,0.6692766916,HOLD,Holding,4,FALSE
vid6,Take 6 (holdout_slow),holdout_slow,40.1,0.100906659,0.6616140977,HOLD,Holding,4,FALSE
vid6,Take 6 (holdout_slow),holdout_slow,40.133333333,0.03281103516,0.6675099348,HOLD,Holding,4,FALSE
vid6,Take 6 (holdout_slow),holdout_slow,40.166666667,0.1045497662,0.6796982243,HOLD,Holding,4,FALSE
vid6,Take 6 (holdout_slow),holdout_slow,40.2,0.1314696726,0.6747559816,HOLD,Holding,4,FALSE
vid6,Take 6 (holdout_slow),holdout_slow,40.233333333,0.1304893148,0.6611410758,HOLD,Holding,4,FALSE
vid6,Take 6 (holdout_slow),holdout_slow,40.266666667,0.1113882773,0.6409847741,HOLD,Holding,4,FALSE
vid6,Take 6 (holdout_slow),holdout_slow,40.3,0.08563021562,0.6251144446,HOLD,Holding,4,FALSE
vid6,Take 6 (holdout_slow),holdout_slow,40.333333333,0.0721227859,0.6139589562,HOLD,Holding,4,FALSE
vid6,Take 6 (holdout_slow),holdout_slow,40.366666667,0.09126005711,0.6124571641,HOLD,Holding,4,FALSE
vid6,Take 6 (holdout_slow),holdout_slow,40.4,0.1222346736,0.6130577445,HOLD,Holding,4,FALSE
vid6,Take 6 (holdout_slow),holdout_slow,40.433333333,0.1828180233,0.6128814549,HOLD,Holding,4,FALSE
vid6,Take 6 (holdout_slow),holdout_slow,40.466666667,0.192157561,0.6232518095,HOLD,Holding,4,FALSE
vid6,Take 6 (holdout_slow),holdout_slow,40.5,0.1473221688,0.6393001844,HOLD,Holding,4,FALSE
vid6,Take 6 (holdout_slow),holdout_slow,40.533333333,0.1036191478,0.6555006209,HOLD,Holding,4,FALSE
vid6,Take 6 (holdout_slow),holdout_slow,40.566666667,0.03534841437,0.6687583741,GRASP,Grasping,3,FALSE
vid6,Take 6 (holdout_slow),holdout_slow,40.6,0.03547511007,0.6787152662,GRASP,Grasping,3,FALSE
vid6,Take 6 (holdout_slow),holdout_slow,40.633333333,0.06699957083,0.6814401891,GRASP,Grasping,3,FALSE
vid6,Take 6 (holdout_slow),holdout_slow,40.666666667,0.1184296949,0.679336706,GRASP,Grasping,3,FALSE
vid6,Take 6 (holdout_slow),holdout_slow,40.7,0.1771572454,0.685078124,GRASP,Grasping,3,FALSE
vid6,Take 6 (holdout_slow),holdout_slow,40.733333333,0.2858693459,0.7028274675,GRASP,Grasping,3,FALSE
vid6,Take 6 (holdout_slow),holdout_slow,40.766666667,0.5577149981,0.7080675466,GRASP,Grasping,3,FALSE
vid6,Take 6 (holdout_slow),holdout_slow,40.8,0.9397842708,0.7050187987,GRASP,Grasping,3,FALSE
vid6,Take 6 (holdout_slow),holdout_slow,40.833333333,1.303590013,0.7353017602,GRASP,Grasping,3,FALSE
vid6,Take 6 (holdout_slow),holdout_slow,40.866666667,1.504730683,0.7836057889,GRASP,Grasping,3,FALSE
vid6,Take 6 (holdout_slow),holdout_slow,40.9,1.773157319,0.7809459219,GRASP,Grasping,3,FALSE
vid6,Take 6 (holdout_slow),holdout_slow,40.933333333,2.24701168,0.7374110816,GRASP,Grasping,3,FALSE
vid6,Take 6 (holdout_slow),holdout_slow,40.966666667,2.884527009,0.7082414477,GRASP,Grasping,3,FALSE
vid6,Take 6 (holdout_slow),holdout_slow,41,3.487781577,0.7726344579,GRASP,Grasping,3,FALSE
vid6,Take 6 (holdout_slow),holdout_slow,41.033333333,3.68403412,0.9150576328,GRASP,Grasping,3,FALSE
vid6,Take 6 (holdout_slow),holdout_slow,41.066666667,3.63483062,1.050474011,GRASP,Grasping,3,FALSE
vid6,Take 6 (holdout_slow),holdout_slow,41.1,3.277073458,1.096265638,GRASP,Grasping,3,FALSE
vid6,Take 6 (holdout_slow),holdout_slow,41.133333333,2.778390844,1.03860823,GRASP,Grasping,3,FALSE
vid6,Take 6 (holdout_slow),holdout_slow,41.166666667,2.411316145,1.072707958,GRASP,Grasping,3,FALSE
vid6,Take 6 (holdout_slow),holdout_slow,41.2,1.843322292,1.272556527,RELEASE,Releasing,5,FALSE
vid6,Take 6 (holdout_slow),holdout_slow,41.233333333,1.360300247,1.530552223,RELEASE,Releasing,5,FALSE
vid6,Take 6 (holdout_slow),holdout_slow,41.266666667,1.379161344,1.676076199,RELEASE,Releasing,5,FALSE
vid6,Take 6 (holdout_slow),holdout_slow,41.3,1.160628374,1.721415299,RELEASE,Releasing,5,FALSE
vid6,Take 6 (holdout_slow),holdout_slow,41.333333333,0.7112496017,1.685513308,RELEASE,Releasing,5,FALSE
vid6,Take 6 (holdout_slow),holdout_slow,41.366666667,0.3943233071,1.574711447,RELEASE,Releasing,5,FALSE
vid6,Take 6 (holdout_slow),holdout_slow,41.4,0.4682306828,1.474222515,RELEASE,Releasing,5,FALSE
vid6,Take 6 (holdout_slow),holdout_slow,41.433333333,0.5026317867,1.425248684,RELEASE,Releasing,5,FALSE
vid6,Take 6 (holdout_slow),holdout_slow,41.466666667,0.5331060961,1.398623321,RELEASE,Releasing,5,FALSE
vid6,Take 6 (holdout_slow),holdout_slow,41.5,0.448075275,1.346679425,RELEASE,Releasing,5,FALSE
vid6,Take 6 (holdout_slow),holdout_slow,41.533333333,0.2741606519,1.278921995,RELEASE,Releasing,5,FALSE
vid6,Take 6 (holdout_slow),holdout_slow,41.566666667,0.1175207659,1.232545949,RELEASE,Releasing,5,FALSE
vid6,Take 6 (holdout_slow),holdout_slow,41.6,0.1018474972,1.224686766,RELEASE,Releasing,5,FALSE
vid6,Take 6 (holdout_slow),holdout_slow,41.633333333,0.05283216866,1.254208973,RELEASE,Releasing,5,FALSE
vid6,Take 6 (holdout_slow),holdout_slow,41.666666667,0.1504206503,1.293009562,RELEASE,Releasing,5,FALSE
vid6,Take 6 (holdout_slow),holdout_slow,41.7,0.2538192245,1.284573614,RELEASE,Releasing,5,FALSE
vid6,Take 6 (holdout_slow),holdout_slow,41.733333333,0.2565492297,1.267527561,RELEASE,Releasing,5,FALSE
vid6,Take 6 (holdout_slow),holdout_slow,41.766666667,0.1475833987,1.274664001,RELEASE,Releasing,5,FALSE
vid6,Take 6 (holdout_slow),holdout_slow,41.8,0.09041917108,1.268120181,RELEASE,Releasing,5,FALSE
vid6,Take 6 (holdout_slow),holdout_slow,41.833333333,0.13427584,1.262992207,RELEASE,Releasing,5,FALSE
vid6,Take 6 (holdout_slow),holdout_slow,41.866666667,0.1493125358,1.285723672,RELEASE,Releasing,5,FALSE
vid6,Take 6 (holdout_slow),holdout_slow,41.9,0.3475563233,1.293134707,RELEASE,Releasing,5,FALSE
vid6,Take 6 (holdout_slow),holdout_slow,41.933333333,0.4357467076,1.294760918,RELEASE,Releasing,5,FALSE
vid6,Take 6 (holdout_slow),holdout_slow,41.966666667,0.4044877298,1.322302826,RELEASE,Releasing,5,FALSE
vid6,Take 6 (holdout_slow),holdout_slow,42,0.227854633,1.36546589,RELEASE,Releasing,5,FALSE
vid6,Take 6 (holdout_slow),holdout_slow,42.033333333,0.2544396189,1.405389452,RELEASE,Releasing,5,FALSE
vid6,Take 6 (holdout_slow),holdout_slow,42.066666667,0.6349085052,1.422131724,RELEASE,Releasing,5,FALSE
vid6,Take 6 (holdout_slow),holdout_slow,42.1,1.098715564,1.414982656,RELEASE,Releasing,5,FALSE
vid6,Take 6 (holdout_slow),holdout_slow,42.133333333,1.634969242,1.401083907,RELEASE,Releasing,5,FALSE
vid6,Take 6 (holdout_slow),holdout_slow,42.166666667,2.194173752,1.396153218,RETRACT,Returning,6,FALSE
vid6,Take 6 (holdout_slow),holdout_slow,42.2,2.791985712,1.354105172,RETRACT,Returning,6,FALSE
vid6,Take 6 (holdout_slow),holdout_slow,42.233333333,3.531810643,1.389974367,RETRACT,Returning,6,FALSE
vid6,Take 6 (holdout_slow),holdout_slow,42.266666667,4.477474293,1.455509395,RETRACT,Returning,6,FALSE
vid6,Take 6 (holdout_slow),holdout_slow,42.3,5.440878199,1.456456299,RETRACT,Returning,6,FALSE
vid6,Take 6 (holdout_slow),holdout_slow,42.333333333,6.307187407,1.390980023,RETRACT,Returning,6,FALSE
vid6,Take 6 (holdout_slow),holdout_slow,42.366666667,6.778245136,1.352222687,RETRACT,Returning,6,FALSE
vid6,Take 6 (holdout_slow),holdout_slow,42.4,7.005264397,1.331060181,RETRACT,Returning,6,FALSE
vid6,Take 6 (holdout_slow),holdout_slow,42.433333333,7.326651198,1.272218864,RETRACT,Returning,6,FALSE
vid6,Take 6 (holdout_slow),holdout_slow,42.466666667,7.732623433,1.204046533,RETRACT,Returning,6,FALSE
vid6,Take 6 (holdout_slow),holdout_slow,42.5,8.116351961,1.161673528,RETRACT,Returning,6,FALSE
vid6,Take 6 (holdout_slow),holdout_slow,42.533333333,8.349814009,1.171695848,RETRACT,Returning,6,FALSE
vid6,Take 6 (holdout_slow),holdout_slow,42.566666667,8.251218645,1.159707436,RETRACT,Returning,6,FALSE
vid6,Take 6 (holdout_slow),holdout_slow,42.6,7.925039575,1.078155422,RETRACT,Returning,6,FALSE
vid6,Take 6 (holdout_slow),holdout_slow,42.633333333,7.651148682,0.9804610528,RETRACT,Returning,6,FALSE
vid6,Take 6 (holdout_slow),holdout_slow,42.666666667,6.970580956,0.9704070651,RETRACT,Returning,6,FALSE
vid6,Take 6 (holdout_slow),holdout_slow,42.7,7.004588127,0.9969422433,RETRACT,Returning,6,FALSE
vid6,Take 6 (holdout_slow),holdout_slow,42.733333333,8.033845447,0.9552189126,RETRACT,Returning,6,FALSE
vid6,Take 6 (holdout_slow),holdout_slow,42.766666667,8.010932575,0.8052776311,REST,At rest,1,FALSE
vid6,Take 6 (holdout_slow),holdout_slow,42.8,6.104985394,0.744453794,REST,At rest,1,FALSE
vid6,Take 6 (holdout_slow),holdout_slow,42.833333333,2.602196453,0.8480832998,REST,At rest,1,FALSE
vid6,Take 6 (holdout_slow),holdout_slow,42.866666667,1.053337801,1.003522977,REST,At rest,1,FALSE
vid6,Take 6 (holdout_slow),holdout_slow,42.9,2.398239169,1.032021455,REST,At rest,1,FALSE
vid6,Take 6 (holdout_slow),holdout_slow,42.933333333,2.454968975,0.9940982325,REST,At rest,1,FALSE
vid6,Take 6 (holdout_slow),holdout_slow,42.966666667,2.261420557,0.9512507018,REST,At rest,1,FALSE
vid6,Take 6 (holdout_slow),holdout_slow,43,2.393862095,0.8905148499,REST,At rest,1,FALSE
vid7,Take 7 (holdout_fast),holdout_fast,0,0.9213932931,0.9197272036,REST,At rest,1,FALSE
vid7,Take 7 (holdout_fast),holdout_fast,0.03333333333,0.5715955598,0.992228798,REST,At rest,1,FALSE
vid7,Take 7 (holdout_fast),holdout_fast,0.06666666667,0.2265371316,1.030359875,REST,At rest,1,FALSE
vid7,Take 7 (holdout_fast),holdout_fast,0.1,0.1708056622,0.9957259464,REST,At rest,1,FALSE
vid7,Take 7 (holdout_fast),holdout_fast,0.1333333333,0.4145090511,1.051247793,REST,At rest,1,FALSE
vid7,Take 7 (holdout_fast),holdout_fast,0.1666666667,0.3510274467,1.067555816,REST,At rest,1,FALSE
vid7,Take 7 (holdout_fast),holdout_fast,0.2,0.412747629,1.06973029,REST,At rest,1,FALSE
vid7,Take 7 (holdout_fast),holdout_fast,0.2333333333,0.2157486799,1.003059748,REST,At rest,1,FALSE
vid7,Take 7 (holdout_fast),holdout_fast,0.2666666667,0.3607332204,0.9233072677,REST,At rest,1,FALSE
vid7,Take 7 (holdout_fast),holdout_fast,0.3,0.1131373208,0.9199992384,REST,At rest,1,FALSE
vid7,Take 7 (holdout_fast),holdout_fast,0.3333333333,0.2193219172,1.040190976,REST,At rest,1,FALSE
vid7,Take 7 (holdout_fast),holdout_fast,0.3666666667,0.11110378,1.079500138,REST,At rest,1,FALSE
vid7,Take 7 (holdout_fast),holdout_fast,0.4,0.2395805285,1.01467794,REST,At rest,1,FALSE
vid7,Take 7 (holdout_fast),holdout_fast,0.4333333333,0.3357501618,1.023476285,REST,At rest,1,FALSE
vid7,Take 7 (holdout_fast),holdout_fast,0.4666666667,0.1990979269,1.097360134,REST,At rest,1,FALSE
vid7,Take 7 (holdout_fast),holdout_fast,0.5,0.2498702432,1.103215432,REST,At rest,1,FALSE
vid7,Take 7 (holdout_fast),holdout_fast,0.5333333333,0.1240785521,1.006720362,REST,At rest,1,FALSE
vid7,Take 7 (holdout_fast),holdout_fast,0.5666666667,0.4043699543,1.086173328,REST,At rest,1,FALSE
vid7,Take 7 (holdout_fast),holdout_fast,0.6,0.1240722419,1.045947474,REST,At rest,1,FALSE
vid7,Take 7 (holdout_fast),holdout_fast,0.6333333333,0.12610662,1.028250321,REST,At rest,1,FALSE
vid7,Take 7 (holdout_fast),holdout_fast,0.6666666667,0.2659893592,0.9628708701,REST,At rest,1,FALSE
vid7,Take 7 (holdout_fast),holdout_fast,0.7,0.6327040898,1.066768628,REST,At rest,1,FALSE
vid7,Take 7 (holdout_fast),holdout_fast,0.7333333333,0.3950902246,1.040434468,REST,At rest,1,FALSE
vid7,Take 7 (holdout_fast),holdout_fast,0.7666666667,0.08964891094,1.011323421,REST,At rest,1,FALSE
vid7,Take 7 (holdout_fast),holdout_fast,0.8,0.3857265112,0.9855759199,REST,At rest,1,FALSE
vid7,Take 7 (holdout_fast),holdout_fast,0.8333333333,0.1529856593,1.015857947,REST,At rest,1,FALSE
vid7,Take 7 (holdout_fast),holdout_fast,0.8666666667,0.04019058288,0.9917149183,REST,At rest,1,FALSE
vid7,Take 7 (holdout_fast),holdout_fast,0.9,0.06508018838,1.002790542,REST,At rest,1,FALSE
vid7,Take 7 (holdout_fast),holdout_fast,0.9333333333,0.1012381644,1.018896386,REST,At rest,1,FALSE
vid7,Take 7 (holdout_fast),holdout_fast,0.9666666667,0.1669992638,1.033644637,REST,At rest,1,FALSE
vid7,Take 7 (holdout_fast),holdout_fast,1,0.3438344028,0.973677765,REST,At rest,1,FALSE
vid7,Take 7 (holdout_fast),holdout_fast,1.033333333,0.4814003574,0.9780592287,REST,At rest,1,FALSE
vid7,Take 7 (holdout_fast),holdout_fast,1.066666667,0.1290188874,0.9563938959,REST,At rest,1,FALSE
vid7,Take 7 (holdout_fast),holdout_fast,1.1,0.304757661,1.010568489,REST,At rest,1,FALSE
vid7,Take 7 (holdout_fast),holdout_fast,1.133333333,0.1831886069,1.078592451,REST,At rest,1,FALSE
vid7,Take 7 (holdout_fast),holdout_fast,1.166666667,0.2098154818,1.073148392,REST,At rest,1,FALSE
vid7,Take 7 (holdout_fast),holdout_fast,1.2,0.3416554497,0.9873144925,REST,At rest,1,FALSE
vid7,Take 7 (holdout_fast),holdout_fast,1.233333333,0.7024290968,0.9013630942,REST,At rest,1,FALSE
vid7,Take 7 (holdout_fast),holdout_fast,1.266666667,0.9242113464,0.8640319734,REST,At rest,1,FALSE
vid7,Take 7 (holdout_fast),holdout_fast,1.3,1.491536608,0.8253175938,REST,At rest,1,FALSE
vid7,Take 7 (holdout_fast),holdout_fast,1.333333333,2.127986784,0.9249436451,REST,At rest,1,FALSE
vid7,Take 7 (holdout_fast),holdout_fast,1.366666667,2.925753298,0.9427192556,REST,At rest,1,FALSE
vid7,Take 7 (holdout_fast),holdout_fast,1.4,3.890886402,0.917746238,REACH,Reaching,2,FALSE
vid7,Take 7 (holdout_fast),holdout_fast,1.433333333,4.860458639,0.9181323359,REACH,Reaching,2,FALSE
vid7,Take 7 (holdout_fast),holdout_fast,1.466666667,6.137254507,1.008026393,REACH,Reaching,2,FALSE
vid7,Take 7 (holdout_fast),holdout_fast,1.5,7.109700989,0.9748255771,REACH,Reaching,2,FALSE
vid7,Take 7 (holdout_fast),holdout_fast,1.533333333,7.828016275,0.8870196961,REACH,Reaching,2,FALSE
vid7,Take 7 (holdout_fast),holdout_fast,1.566666667,8.301429762,0.8420513108,REACH,Reaching,2,FALSE
vid7,Take 7 (holdout_fast),holdout_fast,1.6,8.312846535,0.9239249313,REACH,Reaching,2,FALSE
vid7,Take 7 (holdout_fast),holdout_fast,1.633333333,8.154999034,1.082356896,REACH,Reaching,2,FALSE
vid7,Take 7 (holdout_fast),holdout_fast,1.666666667,7.645863241,1.178380278,REACH,Reaching,2,FALSE
vid7,Take 7 (holdout_fast),holdout_fast,1.7,6.898831813,1.162841569,REACH,Reaching,2,FALSE
vid7,Take 7 (holdout_fast),holdout_fast,1.733333333,6.09979376,1.121904045,REACH,Reaching,2,FALSE
vid7,Take 7 (holdout_fast),holdout_fast,1.766666667,5.295763616,1.074752484,REACH,Reaching,2,FALSE
vid7,Take 7 (holdout_fast),holdout_fast,1.8,4.631223834,1.064514417,REACH,Reaching,2,FALSE
vid7,Take 7 (holdout_fast),holdout_fast,1.833333333,4.154160629,1.05564667,REACH,Reaching,2,FALSE
vid7,Take 7 (holdout_fast),holdout_fast,1.866666667,3.795774943,1.075136052,REACH,Reaching,2,FALSE
vid7,Take 7 (holdout_fast),holdout_fast,1.9,3.571227817,1.049397658,REACH,Reaching,2,FALSE
vid7,Take 7 (holdout_fast),holdout_fast,1.933333333,3.364325008,0.9884368492,GRASP,Grasping,3,FALSE
vid7,Take 7 (holdout_fast),holdout_fast,1.966666667,3.251090759,0.9621222497,GRASP,Grasping,3,FALSE
vid7,Take 7 (holdout_fast),holdout_fast,2,3.171577154,0.9912655977,GRASP,Grasping,3,FALSE
vid7,Take 7 (holdout_fast),holdout_fast,2.033333333,2.90584384,1.014129237,GRASP,Grasping,3,FALSE
vid7,Take 7 (holdout_fast),holdout_fast,2.066666667,2.418071881,0.9833799473,GRASP,Grasping,3,FALSE
vid7,Take 7 (holdout_fast),holdout_fast,2.1,1.647979331,0.9552993002,GRASP,Grasping,3,FALSE
vid7,Take 7 (holdout_fast),holdout_fast,2.133333333,0.7208031581,0.9091859162,GRASP,Grasping,3,FALSE
vid7,Take 7 (holdout_fast),holdout_fast,2.166666667,0.508106806,0.8840784176,GRASP,Grasping,3,FALSE
vid7,Take 7 (holdout_fast),holdout_fast,2.2,0.6562211767,0.8595728051,GRASP,Grasping,3,FALSE
vid7,Take 7 (holdout_fast),holdout_fast,2.233333333,0.7584150937,0.8480884551,GRASP,Grasping,3,FALSE
vid7,Take 7 (holdout_fast),holdout_fast,2.266666667,0.7728462992,0.7981354891,GRASP,Grasping,3,FALSE
vid7,Take 7 (holdout_fast),holdout_fast,2.3,0.9298750392,0.7814373219,GRASP,Grasping,3,FALSE
vid7,Take 7 (holdout_fast),holdout_fast,2.333333333,1.447534303,0.7648503692,GRASP,Grasping,3,FALSE
vid7,Take 7 (holdout_fast),holdout_fast,2.366666667,2.380328993,0.7953937461,GRASP,Grasping,3,FALSE
vid7,Take 7 (holdout_fast),holdout_fast,2.4,3.517339439,0.8222915748,GRASP,Grasping,3,FALSE
vid7,Take 7 (holdout_fast),holdout_fast,2.433333333,4.714168219,0.840944311,GRASP,Grasping,3,FALSE
vid7,Take 7 (holdout_fast),holdout_fast,2.466666667,5.806987124,0.8007287407,GRASP,Grasping,3,FALSE
vid7,Take 7 (holdout_fast),holdout_fast,2.5,6.492587569,0.7874148801,GRASP,Grasping,3,FALSE
vid7,Take 7 (holdout_fast),holdout_fast,2.533333333,6.795280719,0.794411567,GRASP,Grasping,3,FALSE
vid7,Take 7 (holdout_fast),holdout_fast,2.566666667,6.7414367,0.8252591424,GRASP,Grasping,3,FALSE
vid7,Take 7 (holdout_fast),holdout_fast,2.6,6.48616323,0.8511692542,GRASP,Grasping,3,FALSE
vid7,Take 7 (holdout_fast),holdout_fast,2.633333333,6.10951106,0.8925548697,GRASP,Grasping,3,FALSE
vid7,Take 7 (holdout_fast),holdout_fast,2.666666667,5.471731251,0.94549606,GRASP,Grasping,3,FALSE
vid7,Take 7 (holdout_fast),holdout_fast,2.7,4.362458176,0.9731157035,GRASP,Grasping,3,FALSE
vid7,Take 7 (holdout_fast),holdout_fast,2.733333333,3.186417705,1.015859631,GRASP,Grasping,3,FALSE
vid7,Take 7 (holdout_fast),holdout_fast,2.766666667,2.215427282,0.9835226375,GRASP,Grasping,3,FALSE
vid7,Take 7 (holdout_fast),holdout_fast,2.8,1.275785845,0.8255240901,GRASP,Grasping,3,FALSE
vid7,Take 7 (holdout_fast),holdout_fast,2.833333333,0.671262671,0.6607789188,GRASP,Grasping,3,FALSE
vid7,Take 7 (holdout_fast),holdout_fast,2.866666667,,,GRASP,Grasping,3,TRUE
vid7,Take 7 (holdout_fast),holdout_fast,2.9,,,GRASP,Grasping,3,TRUE
vid7,Take 7 (holdout_fast),holdout_fast,2.933333333,,,HOLD,Holding,4,TRUE
vid7,Take 7 (holdout_fast),holdout_fast,2.966666667,,,HOLD,Holding,4,TRUE
vid7,Take 7 (holdout_fast),holdout_fast,3,,,HOLD,Holding,4,TRUE
vid7,Take 7 (holdout_fast),holdout_fast,3.033333333,2.081603481,1.014706459,HOLD,Holding,4,FALSE
vid7,Take 7 (holdout_fast),holdout_fast,3.066666667,3.468782629,1.006485472,HOLD,Holding,4,FALSE
vid7,Take 7 (holdout_fast),holdout_fast,3.1,4.785215806,0.9451189961,HOLD,Holding,4,FALSE
vid7,Take 7 (holdout_fast),holdout_fast,3.133333333,5.482965205,0.8588919343,HOLD,Holding,4,FALSE
vid7,Take 7 (holdout_fast),holdout_fast,3.166666667,5.950305054,0.81493995,HOLD,Holding,4,FALSE
vid7,Take 7 (holdout_fast),holdout_fast,3.2,5.975900597,0.7850486662,HOLD,Holding,4,FALSE
vid7,Take 7 (holdout_fast),holdout_fast,3.233333333,5.765808688,0.7734635769,HOLD,Holding,4,FALSE
vid7,Take 7 (holdout_fast),holdout_fast,3.266666667,5.381050987,0.7449346214,HOLD,Holding,4,FALSE
vid7,Take 7 (holdout_fast),holdout_fast,3.3,4.852255676,0.7027576814,HOLD,Holding,4,FALSE
vid7,Take 7 (holdout_fast),holdout_fast,3.333333333,4.366470566,0.6345312454,HOLD,Holding,4,FALSE
vid7,Take 7 (holdout_fast),holdout_fast,3.366666667,3.967398263,0.6153664927,HOLD,Holding,4,FALSE
vid7,Take 7 (holdout_fast),holdout_fast,3.4,3.507175377,0.6493802094,HOLD,Holding,4,FALSE
vid7,Take 7 (holdout_fast),holdout_fast,3.433333333,3.000866069,0.6961181438,HOLD,Holding,4,FALSE
vid7,Take 7 (holdout_fast),holdout_fast,3.466666667,2.255858576,0.7434929274,HOLD,Holding,4,FALSE
vid7,Take 7 (holdout_fast),holdout_fast,3.5,1.378268808,0.7628704555,HOLD,Holding,4,FALSE
vid7,Take 7 (holdout_fast),holdout_fast,3.533333333,0.6341101831,0.7131132113,HOLD,Holding,4,FALSE
vid7,Take 7 (holdout_fast),holdout_fast,3.566666667,0.2232284617,0.6462092982,HOLD,Holding,4,FALSE
vid7,Take 7 (holdout_fast),holdout_fast,3.6,0.2139988756,0.6299024997,HOLD,Holding,4,FALSE
vid7,Take 7 (holdout_fast),holdout_fast,3.633333333,0.2953257636,0.6604800938,HOLD,Holding,4,FALSE
vid7,Take 7 (holdout_fast),holdout_fast,3.666666667,0.2788911043,0.6638846362,HOLD,Holding,4,FALSE
vid7,Take 7 (holdout_fast),holdout_fast,3.7,0.1870031795,0.6690490483,HOLD,Holding,4,FALSE
vid7,Take 7 (holdout_fast),holdout_fast,3.733333333,0.2841175192,0.6748782953,HOLD,Holding,4,FALSE
vid7,Take 7 (holdout_fast),holdout_fast,3.766666667,0.2881976408,0.680478765,HOLD,Holding,4,FALSE
vid7,Take 7 (holdout_fast),holdout_fast,3.8,0.6342298576,0.6416747719,HOLD,Holding,4,FALSE
vid7,Take 7 (holdout_fast),holdout_fast,3.833333333,1.086529345,0.7026776691,RELEASE,Releasing,5,FALSE
vid7,Take 7 (holdout_fast),holdout_fast,3.866666667,1.332357132,0.8713445678,RELEASE,Releasing,5,FALSE
vid7,Take 7 (holdout_fast),holdout_fast,3.9,1.535646708,1.014367704,RELEASE,Releasing,5,FALSE
vid7,Take 7 (holdout_fast),holdout_fast,3.933333333,1.379174938,1.04889831,RELEASE,Releasing,5,FALSE
vid7,Take 7 (holdout_fast),holdout_fast,3.966666667,1.125068821,1.096920471,RELEASE,Releasing,5,FALSE
vid7,Take 7 (holdout_fast),holdout_fast,4,1.17259152,1.180018252,RELEASE,Releasing,5,FALSE
vid7,Take 7 (holdout_fast),holdout_fast,4.033333333,0.8518786955,1.224030489,RELEASE,Releasing,5,FALSE
vid7,Take 7 (holdout_fast),holdout_fast,4.066666667,0.8546493014,1.275221622,RELEASE,Releasing,5,FALSE
vid7,Take 7 (holdout_fast),holdout_fast,4.1,0.714261636,1.320353695,RELEASE,Releasing,5,FALSE
vid7,Take 7 (holdout_fast),holdout_fast,4.133333333,0.6205409379,1.383318973,RELEASE,Releasing,5,FALSE
vid7,Take 7 (holdout_fast),holdout_fast,4.166666667,1.011128146,1.406369329,RELEASE,Releasing,5,FALSE
vid7,Take 7 (holdout_fast),holdout_fast,4.2,1.376431647,1.405338949,RELEASE,Releasing,5,FALSE
vid7,Take 7 (holdout_fast),holdout_fast,4.233333333,1.801955354,1.376993593,RELEASE,Releasing,5,FALSE
vid7,Take 7 (holdout_fast),holdout_fast,4.266666667,2.307615147,1.346363355,RELEASE,Releasing,5,FALSE
vid7,Take 7 (holdout_fast),holdout_fast,4.3,2.965313785,1.316947047,RELEASE,Releasing,5,FALSE
vid7,Take 7 (holdout_fast),holdout_fast,4.333333333,3.621071989,1.285714673,RELEASE,Releasing,5,FALSE
vid7,Take 7 (holdout_fast),holdout_fast,4.366666667,4.370481897,1.269853957,RELEASE,Releasing,5,FALSE
vid7,Take 7 (holdout_fast),holdout_fast,4.4,5.047381765,1.255828813,RETRACT,Returning,6,FALSE
vid7,Take 7 (holdout_fast),holdout_fast,4.433333333,5.811868309,1.256467186,RETRACT,Returning,6,FALSE
vid7,Take 7 (holdout_fast),holdout_fast,4.466666667,6.866402629,1.253179619,RETRACT,Returning,6,FALSE
vid7,Take 7 (holdout_fast),holdout_fast,4.5,7.901550582,1.24181401,RETRACT,Returning,6,FALSE
vid7,Take 7 (holdout_fast),holdout_fast,4.533333333,8.659681561,1.210133613,RETRACT,Returning,6,FALSE
vid7,Take 7 (holdout_fast),holdout_fast,4.566666667,9.163317387,1.184344167,RETRACT,Returning,6,FALSE
vid7,Take 7 (holdout_fast),holdout_fast,4.6,9.417733546,1.150622843,RETRACT,Returning,6,FALSE
vid7,Take 7 (holdout_fast),holdout_fast,4.633333333,9.504535285,1.115205471,RETRACT,Returning,6,FALSE
vid7,Take 7 (holdout_fast),holdout_fast,4.666666667,9.38403677,1.042066786,RETRACT,Returning,6,FALSE
vid7,Take 7 (holdout_fast),holdout_fast,4.7,8.51803593,1.016743234,RETRACT,Returning,6,FALSE
vid7,Take 7 (holdout_fast),holdout_fast,4.733333333,7.339522385,0.9952085612,RETRACT,Returning,6,FALSE
vid7,Take 7 (holdout_fast),holdout_fast,4.766666667,6.4008096,0.9239719047,RETRACT,Returning,6,FALSE
vid7,Take 7 (holdout_fast),holdout_fast,4.8,5.736549552,0.8364108817,RETRACT,Returning,6,FALSE
vid7,Take 7 (holdout_fast),holdout_fast,4.833333333,4.817830019,0.9360175818,RETRACT,Returning,6,FALSE
vid7,Take 7 (holdout_fast),holdout_fast,4.866666667,4.097704494,1.02627681,RETRACT,Returning,6,FALSE
vid7,Take 7 (holdout_fast),holdout_fast,4.9,2.261353814,1.01480922,RETRACT,Returning,6,FALSE
vid7,Take 7 (holdout_fast),holdout_fast,4.933333333,1.157807934,0.9844426124,RETRACT,Returning,6,FALSE
vid7,Take 7 (holdout_fast),holdout_fast,4.966666667,0.2108685043,1.058727501,REST,At rest,1,FALSE
vid7,Take 7 (holdout_fast),holdout_fast,5,0.1428968806,1.070441157,REST,At rest,1,FALSE
vid7,Take 7 (holdout_fast),holdout_fast,5.033333333,0.5420048509,1.142011309,REST,At rest,1,FALSE
vid7,Take 7 (holdout_fast),holdout_fast,5.066666667,0.3210358387,1.190440879,REST,At rest,1,FALSE
vid7,Take 7 (holdout_fast),holdout_fast,5.1,0.1725472693,1.258230639,REST,At rest,1,FALSE
vid7,Take 7 (holdout_fast),holdout_fast,5.133333333,0.1817362852,1.217802258,REST,At rest,1,FALSE
vid7,Take 7 (holdout_fast),holdout_fast,5.166666667,0.03913542291,1.243712328,REST,At rest,1,FALSE
vid7,Take 7 (holdout_fast),holdout_fast,5.2,0.3808163601,1.251505227,REST,At rest,1,FALSE
vid7,Take 7 (holdout_fast),holdout_fast,5.233333333,0.4350100041,1.235938521,REST,At rest,1,FALSE
vid7,Take 7 (holdout_fast),holdout_fast,5.266666667,0.5470773751,1.216844013,REST,At rest,1,FALSE
vid7,Take 7 (holdout_fast),holdout_fast,5.3,0.01648647931,1.173851721,REST,At rest,1,FALSE
vid7,Take 7 (holdout_fast),holdout_fast,5.333333333,0.0769194221,1.18811149,REST,At rest,1,FALSE
vid7,Take 7 (holdout_fast),holdout_fast,5.366666667,0.1452701446,1.117660262,REST,At rest,1,FALSE
vid7,Take 7 (holdout_fast),holdout_fast,5.4,0.3069346389,1.11757757,REST,At rest,1,FALSE
vid7,Take 7 (holdout_fast),holdout_fast,5.433333333,0.06587288161,1.198844765,REST,At rest,1,FALSE
vid7,Take 7 (holdout_fast),holdout_fast,5.466666667,0.4191693393,1.295786067,REST,At rest,1,FALSE
vid7,Take 7 (holdout_fast),holdout_fast,5.5,0.406480028,1.230450096,REST,At rest,1,FALSE
vid7,Take 7 (holdout_fast),holdout_fast,5.533333333,0.4376641764,1.120996211,REST,At rest,1,FALSE
vid7,Take 7 (holdout_fast),holdout_fast,5.566666667,0.4142893491,1.126280589,REST,At rest,1,FALSE
vid7,Take 7 (holdout_fast),holdout_fast,5.6,0.1843199673,1.126217438,REST,At rest,1,FALSE
vid7,Take 7 (holdout_fast),holdout_fast,5.633333333,0.6209571541,1.148636182,REST,At rest,1,FALSE
vid7,Take 7 (holdout_fast),holdout_fast,5.666666667,0.4260035975,1.139303013,REST,At rest,1,FALSE
vid7,Take 7 (holdout_fast),holdout_fast,5.7,0.2285916391,1.196928732,REST,At rest,1,FALSE
vid7,Take 7 (holdout_fast),holdout_fast,5.733333333,0.4903292041,1.184513116,REST,At rest,1,FALSE
vid7,Take 7 (holdout_fast),holdout_fast,5.766666667,0.6292581279,1.202721597,REST,At rest,1,FALSE
vid7,Take 7 (holdout_fast),holdout_fast,5.8,1.091541135,1.089805992,REST,At rest,1,FALSE
vid7,Take 7 (holdout_fast),holdout_fast,5.833333333,1.337827699,1.007745755,REST,At rest,1,FALSE
vid7,Take 7 (holdout_fast),holdout_fast,5.866666667,1.429188987,0.9084747539,REACH,Reaching,2,FALSE
vid7,Take 7 (holdout_fast),holdout_fast,5.9,2.095958316,0.8981009413,REACH,Reaching,2,FALSE
vid7,Take 7 (holdout_fast),holdout_fast,5.933333333,3.572736477,0.9144141087,REACH,Reaching,2,FALSE
vid7,Take 7 (holdout_fast),holdout_fast,5.966666667,5.495872554,0.9787034975,REACH,Reaching,2,FALSE
vid7,Take 7 (holdout_fast),holdout_fast,6,7.165812113,0.9668653662,REACH,Reaching,2,FALSE
vid7,Take 7 (holdout_fast),holdout_fast,6.033333333,7.984537871,0.97296153,REACH,Reaching,2,FALSE
vid7,Take 7 (holdout_fast),holdout_fast,6.066666667,8.460689276,0.95146207,REACH,Reaching,2,FALSE
vid7,Take 7 (holdout_fast),holdout_fast,6.1,8.85967066,0.9442258402,REACH,Reaching,2,FALSE
vid7,Take 7 (holdout_fast),holdout_fast,6.133333333,9.196849747,0.9020953548,REACH,Reaching,2,FALSE
vid7,Take 7 (holdout_fast),holdout_fast,6.166666667,9.326600906,0.9566704563,REACH,Reaching,2,FALSE
vid7,Take 7 (holdout_fast),holdout_fast,6.2,9.108123197,1.012557835,REACH,Reaching,2,FALSE
vid7,Take 7 (holdout_fast),holdout_fast,6.233333333,8.498197797,1.105225877,REACH,Reaching,2,FALSE
vid7,Take 7 (holdout_fast),holdout_fast,6.266666667,7.654746397,1.143490018,REACH,Reaching,2,FALSE
vid7,Take 7 (holdout_fast),holdout_fast,6.3,6.634908867,1.181861703,REACH,Reaching,2,FALSE
vid7,Take 7 (holdout_fast),holdout_fast,6.333333333,5.552619844,1.122717426,REACH,Reaching,2,FALSE
vid7,Take 7 (holdout_fast),holdout_fast,6.366666667,4.516304058,1.086515957,REACH,Reaching,2,FALSE
vid7,Take 7 (holdout_fast),holdout_fast,6.4,3.724551044,1.079357971,REACH,Reaching,2,FALSE
vid7,Take 7 (holdout_fast),holdout_fast,6.433333333,3.230356712,1.107200716,REACH,Reaching,2,FALSE
vid7,Take 7 (holdout_fast),holdout_fast,6.466666667,3.063298253,1.044540499,REACH,Reaching,2,FALSE
vid7,Take 7 (holdout_fast),holdout_fast,6.5,3.127308575,0.9296876353,REACH,Reaching,2,FALSE
vid7,Take 7 (holdout_fast),holdout_fast,6.533333333,2.888172205,0.8252574964,GRASP,Grasping,3,FALSE
vid7,Take 7 (holdout_fast),holdout_fast,6.566666667,2.409102158,0.7980644745,GRASP,Grasping,3,FALSE
vid7,Take 7 (holdout_fast),holdout_fast,6.6,1.626287125,0.7984341034,GRASP,Grasping,3,FALSE
vid7,Take 7 (holdout_fast),holdout_fast,6.633333333,1.010490671,0.7785949764,GRASP,Grasping,3,FALSE
vid7,Take 7 (holdout_fast),holdout_fast,6.666666667,0.8959509027,0.8116476641,GRASP,Grasping,3,FALSE
vid7,Take 7 (holdout_fast),holdout_fast,6.7,0.6207500632,0.8180947429,GRASP,Grasping,3,FALSE
vid7,Take 7 (holdout_fast),holdout_fast,6.733333333,0.3972059273,0.7753830771,GRASP,Grasping,3,FALSE
vid7,Take 7 (holdout_fast),holdout_fast,6.766666667,0.1872025584,0.7064331992,GRASP,Grasping,3,FALSE
vid7,Take 7 (holdout_fast),holdout_fast,6.8,0.1700333864,0.7352447595,GRASP,Grasping,3,FALSE
vid7,Take 7 (holdout_fast),holdout_fast,6.833333333,0.1360517268,0.7558905355,GRASP,Grasping,3,FALSE
vid7,Take 7 (holdout_fast),holdout_fast,6.866666667,0.05569658379,0.7872047402,GRASP,Grasping,3,FALSE
vid7,Take 7 (holdout_fast),holdout_fast,6.9,0.1839466246,0.7447579905,GRASP,Grasping,3,FALSE
vid7,Take 7 (holdout_fast),holdout_fast,6.933333333,0.4842162885,0.7613790093,GRASP,Grasping,3,FALSE
vid7,Take 7 (holdout_fast),holdout_fast,6.966666667,0.6872010011,0.7581992263,GRASP,Grasping,3,FALSE
vid7,Take 7 (holdout_fast),holdout_fast,7,1.066932213,0.8090436593,GRASP,Grasping,3,FALSE
vid7,Take 7 (holdout_fast),holdout_fast,7.033333333,1.55284678,0.7498731489,GRASP,Grasping,3,FALSE
vid7,Take 7 (holdout_fast),holdout_fast,7.066666667,2.575280205,0.727253536,GRASP,Grasping,3,FALSE
vid7,Take 7 (holdout_fast),holdout_fast,7.1,3.911225474,0.683060948,GRASP,Grasping,3,FALSE
vid7,Take 7 (holdout_fast),holdout_fast,7.133333333,5.395962347,0.699074878,GRASP,Grasping,3,FALSE
vid7,Take 7 (holdout_fast),holdout_fast,7.166666667,6.774882916,0.6880838595,GRASP,Grasping,3,FALSE
vid7,Take 7 (holdout_fast),holdout_fast,7.2,7.568036986,0.6988951775,GRASP,Grasping,3,FALSE
vid7,Take 7 (holdout_fast),holdout_fast,7.233333333,8.008238359,0.7052192415,GRASP,Grasping,3,FALSE
vid7,Take 7 (holdout_fast),holdout_fast,7.266666667,8.21900341,0.726290278,GRASP,Grasping,3,FALSE
vid7,Take 7 (holdout_fast),holdout_fast,7.3,7.628486839,0.7546054916,GRASP,Grasping,3,FALSE
vid7,Take 7 (holdout_fast),holdout_fast,7.333333333,5.608348146,0.8146825473,GRASP,Grasping,3,FALSE
vid7,Take 7 (holdout_fast),holdout_fast,7.366666667,3.024243524,0.8549259617,GRASP,Grasping,3,FALSE
vid7,Take 7 (holdout_fast),holdout_fast,7.4,,,GRASP,Grasping,3,TRUE
vid7,Take 7 (holdout_fast),holdout_fast,7.433333333,,,GRASP,Grasping,3,TRUE
vid7,Take 7 (holdout_fast),holdout_fast,7.466666667,,,GRASP,Grasping,3,TRUE
vid7,Take 7 (holdout_fast),holdout_fast,7.5,,,GRASP,Grasping,3,TRUE
vid7,Take 7 (holdout_fast),holdout_fast,7.533333333,,,HOLD,Holding,4,TRUE
vid7,Take 7 (holdout_fast),holdout_fast,7.566666667,,,HOLD,Holding,4,TRUE
vid7,Take 7 (holdout_fast),holdout_fast,7.6,,,HOLD,Holding,4,TRUE
vid7,Take 7 (holdout_fast),holdout_fast,7.633333333,,,HOLD,Holding,4,TRUE
vid7,Take 7 (holdout_fast),holdout_fast,7.666666667,,,HOLD,Holding,4,TRUE
vid7,Take 7 (holdout_fast),holdout_fast,7.7,,,HOLD,Holding,4,TRUE
vid7,Take 7 (holdout_fast),holdout_fast,7.733333333,,,HOLD,Holding,4,TRUE
vid7,Take 7 (holdout_fast),holdout_fast,7.766666667,,,HOLD,Holding,4,TRUE
vid7,Take 7 (holdout_fast),holdout_fast,7.8,,,HOLD,Holding,4,TRUE
vid7,Take 7 (holdout_fast),holdout_fast,7.833333333,,,HOLD,Holding,4,TRUE
vid7,Take 7 (holdout_fast),holdout_fast,7.866666667,3.93604085,0.8194062637,HOLD,Holding,4,FALSE
vid7,Take 7 (holdout_fast),holdout_fast,7.9,6.18486733,0.7818883278,HOLD,Holding,4,FALSE
vid7,Take 7 (holdout_fast),holdout_fast,7.933333333,7.610067108,0.7268251759,HOLD,Holding,4,FALSE
vid7,Take 7 (holdout_fast),holdout_fast,7.966666667,7.427314319,0.707446184,HOLD,Holding,4,FALSE
vid7,Take 7 (holdout_fast),holdout_fast,8,6.97542189,0.7302204575,HOLD,Holding,4,FALSE
vid7,Take 7 (holdout_fast),holdout_fast,8.033333333,6.289575303,0.7217879548,HOLD,Holding,4,FALSE
vid7,Take 7 (holdout_fast),holdout_fast,8.066666667,5.621931714,0.6987616694,HOLD,Holding,4,FALSE
vid7,Take 7 (holdout_fast),holdout_fast,8.1,4.785063388,0.6867041802,HOLD,Holding,4,FALSE
vid7,Take 7 (holdout_fast),holdout_fast,8.133333333,3.710942167,0.7206261214,HOLD,Holding,4,FALSE
vid7,Take 7 (holdout_fast),holdout_fast,8.166666667,2.312542674,0.7672408566,HOLD,Holding,4,FALSE
vid7,Take 7 (holdout_fast),holdout_fast,8.2,0.9998965066,0.837120036,HOLD,Holding,4,FALSE
vid7,Take 7 (holdout_fast),holdout_fast,8.233333333,0.4446718083,0.8732007653,HOLD,Holding,4,FALSE
vid7,Take 7 (holdout_fast),holdout_fast,8.266666667,0.5593896105,0.9116496575,HOLD,Holding,4,FALSE
vid7,Take 7 (holdout_fast),holdout_fast,8.3,0.5726939788,0.9157466981,HOLD,Holding,4,FALSE
vid7,Take 7 (holdout_fast),holdout_fast,8.333333333,0.6419720961,0.8932535834,HOLD,Holding,4,FALSE
vid7,Take 7 (holdout_fast),holdout_fast,8.366666667,0.6459926912,0.8457563785,HOLD,Holding,4,FALSE
vid7,Take 7 (holdout_fast),holdout_fast,8.4,0.7901326816,0.8041565301,RELEASE,Releasing,5,FALSE
vid7,Take 7 (holdout_fast),holdout_fast,8.433333333,1.009036125,0.8571509838,RELEASE,Releasing,5,FALSE
vid7,Take 7 (holdout_fast),holdout_fast,8.466666667,1.246210335,0.9169013508,RELEASE,Releasing,5,FALSE
vid7,Take 7 (holdout_fast),holdout_fast,8.5,1.229349068,1.007273545,RELEASE,Releasing,5,FALSE
vid7,Take 7 (holdout_fast),holdout_fast,8.533333333,1.243936922,1.07249328,RELEASE,Releasing,5,FALSE
vid7,Take 7 (holdout_fast),holdout_fast,8.566666667,1.084299268,1.158161475,RELEASE,Releasing,5,FALSE
vid7,Take 7 (holdout_fast),holdout_fast,8.6,0.8668481689,1.182810041,RELEASE,Releasing,5,FALSE
vid7,Take 7 (holdout_fast),holdout_fast,8.633333333,0.8226050563,1.201196854,RELEASE,Releasing,5,FALSE
vid7,Take 7 (holdout_fast),holdout_fast,8.666666667,0.5852298941,1.253424186,RELEASE,Releasing,5,FALSE
vid7,Take 7 (holdout_fast),holdout_fast,8.7,0.506554706,1.301208486,RELEASE,Releasing,5,FALSE
vid7,Take 7 (holdout_fast),holdout_fast,8.733333333,0.5242773892,1.33403861,RELEASE,Releasing,5,FALSE
vid7,Take 7 (holdout_fast),holdout_fast,8.766666667,0.3735910516,1.32681206,RELEASE,Releasing,5,FALSE
vid7,Take 7 (holdout_fast),holdout_fast,8.8,0.4479840478,1.330425469,RELEASE,Releasing,5,FALSE
vid7,Take 7 (holdout_fast),holdout_fast,8.833333333,0.4158399324,1.351350142,RELEASE,Releasing,5,FALSE
vid7,Take 7 (holdout_fast),holdout_fast,8.866666667,0.4198347092,1.382431737,RELEASE,Releasing,5,FALSE
vid7,Take 7 (holdout_fast),holdout_fast,8.9,0.4372804398,1.381277796,RELEASE,Releasing,5,FALSE
vid7,Take 7 (holdout_fast),holdout_fast,8.933333333,0.4795883002,1.39395493,RELEASE,Releasing,5,FALSE
vid7,Take 7 (holdout_fast),holdout_fast,8.966666667,0.730945673,1.390959287,RELEASE,Releasing,5,FALSE
vid7,Take 7 (holdout_fast),holdout_fast,9,1.04564985,1.373447595,RELEASE,Releasing,5,FALSE
vid7,Take 7 (holdout_fast),holdout_fast,9.033333333,1.689753228,1.316745224,RELEASE,Releasing,5,FALSE
vid7,Take 7 (holdout_fast),holdout_fast,9.066666667,2.473864199,1.310088729,RELEASE,Releasing,5,FALSE
vid7,Take 7 (holdout_fast),holdout_fast,9.1,3.304825041,1.289343118,RETRACT,Returning,6,FALSE
vid7,Take 7 (holdout_fast),holdout_fast,9.133333333,4.406646911,1.241070073,RETRACT,Returning,6,FALSE
vid7,Take 7 (holdout_fast),holdout_fast,9.166666667,5.593902791,1.222733222,RETRACT,Returning,6,FALSE
vid7,Take 7 (holdout_fast),holdout_fast,9.2,6.806580347,1.261889777,RETRACT,Returning,6,FALSE
vid7,Take 7 (holdout_fast),holdout_fast,9.233333333,7.81866877,1.26631594,RETRACT,Returning,6,FALSE
vid7,Take 7 (holdout_fast),holdout_fast,9.266666667,8.500321307,1.202097888,RETRACT,Returning,6,FALSE
vid7,Take 7 (holdout_fast),holdout_fast,9.3,9.022968761,1.142463911,RETRACT,Returning,6,FALSE
vid7,Take 7 (holdout_fast),holdout_fast,9.333333333,9.351763766,1.093275003,RETRACT,Returning,6,FALSE
vid7,Take 7 (holdout_fast),holdout_fast,9.366666667,9.410035642,1.087539297,RETRACT,Returning,6,FALSE
vid7,Take 7 (holdout_fast),holdout_fast,9.4,9.083562621,1.063597354,RETRACT,Returning,6,FALSE
vid7,Take 7 (holdout_fast),holdout_fast,9.433333333,8.421128927,1.055230961,RETRACT,Returning,6,FALSE
vid7,Take 7 (holdout_fast),holdout_fast,9.466666667,7.915531661,0.9634509621,RETRACT,Returning,6,FALSE
vid7,Take 7 (holdout_fast),holdout_fast,9.5,7.753999796,0.957660408,RETRACT,Returning,6,FALSE
vid7,Take 7 (holdout_fast),holdout_fast,9.533333333,7.138899166,1.070090445,RETRACT,Returning,6,FALSE
vid7,Take 7 (holdout_fast),holdout_fast,9.566666667,4.475630434,1.174647164,RETRACT,Returning,6,FALSE
vid7,Take 7 (holdout_fast),holdout_fast,9.6,2.018852309,1.107113123,RETRACT,Returning,6,FALSE
vid7,Take 7 (holdout_fast),holdout_fast,9.633333333,0.3006382907,0.9895426466,RETRACT,Returning,6,FALSE
vid7,Take 7 (holdout_fast),holdout_fast,9.666666667,0.9163908877,0.9628593158,RETRACT,Returning,6,FALSE
vid7,Take 7 (holdout_fast),holdout_fast,9.7,0.3022345847,1.008464399,RETRACT,Returning,6,FALSE
vid7,Take 7 (holdout_fast),holdout_fast,9.733333333,0.7855320559,1.083135252,RETRACT,Returning,6,FALSE
vid7,Take 7 (holdout_fast),holdout_fast,9.766666667,0.5628299761,1.166964664,RETRACT,Returning,6,FALSE
vid7,Take 7 (holdout_fast),holdout_fast,9.8,0.5939219415,1.184709358,RETRACT,Returning,6,FALSE
vid7,Take 7 (holdout_fast),holdout_fast,9.833333333,0.647914048,1.312843624,REST,At rest,1,FALSE
vid7,Take 7 (holdout_fast),holdout_fast,9.866666667,0.2288859332,1.368596895,REST,At rest,1,FALSE
vid7,Take 7 (holdout_fast),holdout_fast,9.9,0.4546857712,1.378527691,REST,At rest,1,FALSE
vid7,Take 7 (holdout_fast),holdout_fast,9.933333333,0.2404476844,1.326952855,REST,At rest,1,FALSE
vid7,Take 7 (holdout_fast),holdout_fast,9.966666667,0.491090388,1.41428643,REST,At rest,1,FALSE
vid7,Take 7 (holdout_fast),holdout_fast,10,0.6938956466,1.386676322,REST,At rest,1,FALSE
vid7,Take 7 (holdout_fast),holdout_fast,10.033333333,0.8493703105,1.311336247,REST,At rest,1,FALSE
vid7,Take 7 (holdout_fast),holdout_fast,10.066666667,0.3633974566,1.199650924,REST,At rest,1,FALSE
vid7,Take 7 (holdout_fast),holdout_fast,10.1,0.174177125,1.213531114,REACH,Reaching,2,FALSE
vid7,Take 7 (holdout_fast),holdout_fast,10.133333333,0.2552233485,1.223991591,REACH,Reaching,2,FALSE
vid7,Take 7 (holdout_fast),holdout_fast,10.166666667,0.5296406457,1.293696351,REACH,Reaching,2,FALSE
vid7,Take 7 (holdout_fast),holdout_fast,10.2,0.1105339449,1.303701136,REACH,Reaching,2,FALSE
vid7,Take 7 (holdout_fast),holdout_fast,10.233333333,0.5306710593,1.299482131,REACH,Reaching,2,FALSE
vid7,Take 7 (holdout_fast),holdout_fast,10.266666667,0.6096364615,1.191733277,REACH,Reaching,2,FALSE
vid7,Take 7 (holdout_fast),holdout_fast,10.3,0.6416868695,1.154008238,REACH,Reaching,2,FALSE
vid7,Take 7 (holdout_fast),holdout_fast,10.333333333,0.9405782008,1.115468832,REACH,Reaching,2,FALSE
vid7,Take 7 (holdout_fast),holdout_fast,10.366666667,1.873592456,1.002147773,REACH,Reaching,2,FALSE
vid7,Take 7 (holdout_fast),holdout_fast,10.4,3.72523567,0.8477621587,REACH,Reaching,2,FALSE
vid7,Take 7 (holdout_fast),holdout_fast,10.433333333,5.556535679,0.781467402,REACH,Reaching,2,FALSE
vid7,Take 7 (holdout_fast),holdout_fast,10.466666667,7.092479546,0.8273509341,REACH,Reaching,2,FALSE
vid7,Take 7 (holdout_fast),holdout_fast,10.5,7.596745474,0.8551658597,REACH,Reaching,2,FALSE
vid7,Take 7 (holdout_fast),holdout_fast,10.533333333,8.093945928,0.8606676401,REACH,Reaching,2,FALSE
vid7,Take 7 (holdout_fast),holdout_fast,10.566666667,8.494008095,0.8075568704,REACH,Reaching,2,FALSE
vid7,Take 7 (holdout_fast),holdout_fast,10.6,8.772749486,0.7926960456,REACH,Reaching,2,FALSE
vid7,Take 7 (holdout_fast),holdout_fast,10.633333333,8.804330609,0.8054224579,REACH,Reaching,2,FALSE
vid7,Take 7 (holdout_fast),holdout_fast,10.666666667,8.723113343,0.92951827,REACH,Reaching,2,FALSE
vid7,Take 7 (holdout_fast),holdout_fast,10.7,8.035359758,1.092389647,REACH,Reaching,2,FALSE
vid7,Take 7 (holdout_fast),holdout_fast,10.733333333,6.988589903,1.205754691,REACH,Reaching,2,FALSE
vid7,Take 7 (holdout_fast),holdout_fast,10.766666667,5.828999337,1.181008922,REACH,Reaching,2,FALSE
vid7,Take 7 (holdout_fast),holdout_fast,10.8,4.771600452,1.120595762,REACH,Reaching,2,FALSE
vid7,Take 7 (holdout_fast),holdout_fast,10.833333333,4.07981839,1.046009022,REACH,Reaching,2,FALSE
vid7,Take 7 (holdout_fast),holdout_fast,10.866666667,3.826799923,0.9673750209,REACH,Reaching,2,FALSE
vid7,Take 7 (holdout_fast),holdout_fast,10.9,3.657455737,0.9294555956,REACH,Reaching,2,FALSE
vid7,Take 7 (holdout_fast),holdout_fast,10.933333333,3.014746506,0.8893460363,REACH,Reaching,2,FALSE
vid7,Take 7 (holdout_fast),holdout_fast,10.966666667,2.200787732,0.8359681491,GRASP,Grasping,3,FALSE
vid7,Take 7 (holdout_fast),holdout_fast,11,1.471672229,0.7641803273,GRASP,Grasping,3,FALSE
vid7,Take 7 (holdout_fast),holdout_fast,11.033333333,1.823069112,0.6838362413,GRASP,Grasping,3,FALSE
vid7,Take 7 (holdout_fast),holdout_fast,11.066666667,2.679273355,0.6163669044,GRASP,Grasping,3,FALSE
vid7,Take 7 (holdout_fast),holdout_fast,11.1,3.71984633,0.560468154,GRASP,Grasping,3,FALSE
vid7,Take 7 (holdout_fast),holdout_fast,11.133333333,4.9274292,0.5272187123,GRASP,Grasping,3,FALSE
vid7,Take 7 (holdout_fast),holdout_fast,11.166666667,6.195520896,0.5593074847,GRASP,Grasping,3,FALSE
vid7,Take 7 (holdout_fast),holdout_fast,11.2,7.396806056,0.6399677948,GRASP,Grasping,3,FALSE
vid7,Take 7 (holdout_fast),holdout_fast,11.233333333,8.003758377,0.6866632555,GRASP,Grasping,3,FALSE
vid7,Take 7 (holdout_fast),holdout_fast,11.266666667,8.330517316,0.6599405819,GRASP,Grasping,3,FALSE
vid7,Take 7 (holdout_fast),holdout_fast,11.3,8.299796938,0.6604432748,GRASP,Grasping,3,FALSE
vid7,Take 7 (holdout_fast),holdout_fast,11.333333333,6.525819929,0.7557905756,GRASP,Grasping,3,FALSE
vid7,Take 7 (holdout_fast),holdout_fast,11.366666667,4.054665265,0.8686784002,GRASP,Grasping,3,FALSE
vid7,Take 7 (holdout_fast),holdout_fast,11.4,,,GRASP,Grasping,3,TRUE
vid7,Take 7 (holdout_fast),holdout_fast,11.433333333,,,GRASP,Grasping,3,TRUE
vid7,Take 7 (holdout_fast),holdout_fast,11.466666667,,,GRASP,Grasping,3,TRUE
vid7,Take 7 (holdout_fast),holdout_fast,11.5,,,GRASP,Grasping,3,TRUE
vid7,Take 7 (holdout_fast),holdout_fast,11.533333333,,,HOLD,Holding,4,TRUE
vid7,Take 7 (holdout_fast),holdout_fast,11.566666667,,,HOLD,Holding,4,TRUE
vid7,Take 7 (holdout_fast),holdout_fast,11.6,,,HOLD,Holding,4,TRUE
vid7,Take 7 (holdout_fast),holdout_fast,11.633333333,,,HOLD,Holding,4,TRUE
vid7,Take 7 (holdout_fast),holdout_fast,11.666666667,,,HOLD,Holding,4,TRUE
vid7,Take 7 (holdout_fast),holdout_fast,11.7,3.555438116,0.7453920896,HOLD,Holding,4,FALSE
vid7,Take 7 (holdout_fast),holdout_fast,11.733333333,5.857514667,0.6954436619,HOLD,Holding,4,FALSE
vid7,Take 7 (holdout_fast),holdout_fast,11.766666667,7.411146458,0.6425297155,HOLD,Holding,4,FALSE
vid7,Take 7 (holdout_fast),holdout_fast,11.8,7.429514187,0.6108738688,HOLD,Holding,4,FALSE
vid7,Take 7 (holdout_fast),holdout_fast,11.833333333,7.0900422,0.5878702517,HOLD,Holding,4,FALSE
vid7,Take 7 (holdout_fast),holdout_fast,11.866666667,6.618668746,0.580184575,HOLD,Holding,4,FALSE
vid7,Take 7 (holdout_fast),holdout_fast,11.9,6.17242123,0.5693959274,HOLD,Holding,4,FALSE
vid7,Take 7 (holdout_fast),holdout_fast,11.933333333,5.637919737,0.5551318091,HOLD,Holding,4,FALSE
vid7,Take 7 (holdout_fast),holdout_fast,11.966666667,4.882262381,0.5744631326,HOLD,Holding,4,FALSE
vid7,Take 7 (holdout_fast),holdout_fast,12,3.621434637,0.6388257337,HOLD,Holding,4,FALSE
vid7,Take 7 (holdout_fast),holdout_fast,12.033333333,2.122599007,0.696009778,HOLD,Holding,4,FALSE
vid7,Take 7 (holdout_fast),holdout_fast,12.066666667,0.7817879439,0.6852679993,HOLD,Holding,4,FALSE
vid7,Take 7 (holdout_fast),holdout_fast,12.1,0.534817937,0.6470083921,RELEASE,Releasing,5,FALSE
vid7,Take 7 (holdout_fast),holdout_fast,12.133333333,0.8514987777,0.6291284777,RELEASE,Releasing,5,FALSE
vid7,Take 7 (holdout_fast),holdout_fast,12.166666667,1.213657857,0.6923794962,RELEASE,Releasing,5,FALSE
vid7,Take 7 (holdout_fast),holdout_fast,12.2,1.451088161,0.8413808536,RELEASE,Releasing,5,FALSE
vid7,Take 7 (holdout_fast),holdout_fast,12.233333333,1.65964204,1.053481383,RELEASE,Releasing,5,FALSE
vid7,Take 7 (holdout_fast),holdout_fast,12.266666667,1.69082184,1.239131989,RELEASE,Releasing,5,FALSE
vid7,Take 7 (holdout_fast),holdout_fast,12.3,1.579631964,1.316270224,RELEASE,Releasing,5,FALSE
vid7,Take 7 (holdout_fast),holdout_fast,12.333333333,1.335165721,1.313901122,RELEASE,Releasing,5,FALSE
vid7,Take 7 (holdout_fast),holdout_fast,12.366666667,1.094239438,1.297126232,RELEASE,Releasing,5,FALSE
vid7,Take 7 (holdout_fast),holdout_fast,12.4,0.8907249223,1.311418252,RELEASE,Releasing,5,FALSE
vid7,Take 7 (holdout_fast),holdout_fast,12.433333333,0.831711539,1.319797472,RELEASE,Releasing,5,FALSE
vid7,Take 7 (holdout_fast),holdout_fast,12.466666667,0.8236969152,1.318212335,RELEASE,Releasing,5,FALSE
vid7,Take 7 (holdout_fast),holdout_fast,12.5,0.8253749203,1.306476901,RELEASE,Releasing,5,FALSE
vid7,Take 7 (holdout_fast),holdout_fast,12.533333333,0.8591889739,1.2873723,RELEASE,Releasing,5,FALSE
vid7,Take 7 (holdout_fast),holdout_fast,12.566666667,1.104968322,1.265858399,RETRACT,Returning,6,FALSE
vid7,Take 7 (holdout_fast),holdout_fast,12.6,1.702622583,1.23001308,RETRACT,Returning,6,FALSE
vid7,Take 7 (holdout_fast),holdout_fast,12.633333333,2.572841994,1.181909482,RETRACT,Returning,6,FALSE
vid7,Take 7 (holdout_fast),holdout_fast,12.666666667,3.595663188,1.138745199,RETRACT,Returning,6,FALSE
vid7,Take 7 (holdout_fast),holdout_fast,12.7,4.628795542,1.099463249,RETRACT,Returning,6,FALSE
vid7,Take 7 (holdout_fast),holdout_fast,12.733333333,5.596832287,1.097617212,RETRACT,Returning,6,FALSE
vid7,Take 7 (holdout_fast),holdout_fast,12.766666667,6.511004759,1.165905762,RETRACT,Returning,6,FALSE
vid7,Take 7 (holdout_fast),holdout_fast,12.8,7.500370541,1.209232502,RETRACT,Returning,6,FALSE
vid7,Take 7 (holdout_fast),holdout_fast,12.833333333,8.303131195,1.171276489,RETRACT,Returning,6,FALSE
vid7,Take 7 (holdout_fast),holdout_fast,12.866666667,8.831703757,1.053297709,RETRACT,Returning,6,FALSE
vid7,Take 7 (holdout_fast),holdout_fast,12.9,9.182021914,1.003056667,RETRACT,Returning,6,FALSE
vid7,Take 7 (holdout_fast),holdout_fast,12.933333333,9.477846591,0.9953649115,RETRACT,Returning,6,FALSE
vid7,Take 7 (holdout_fast),holdout_fast,12.966666667,9.761034544,1.055520894,RETRACT,Returning,6,FALSE
vid7,Take 7 (holdout_fast),holdout_fast,13,9.840222527,1.092395319,RETRACT,Returning,6,FALSE
vid7,Take 7 (holdout_fast),holdout_fast,13.033333333,9.30826701,1.121818507,RETRACT,Returning,6,FALSE
vid7,Take 7 (holdout_fast),holdout_fast,13.066666667,8.551286545,0.9901672944,RETRACT,Returning,6,FALSE
vid7,Take 7 (holdout_fast),holdout_fast,13.1,7.061707036,0.8602270235,RETRACT,Returning,6,FALSE
vid7,Take 7 (holdout_fast),holdout_fast,13.133333333,6.1769987,0.8185244043,RETRACT,Returning,6,FALSE
vid7,Take 7 (holdout_fast),holdout_fast,13.166666667,4.612625451,0.909617295,RETRACT,Returning,6,FALSE
vid7,Take 7 (holdout_fast),holdout_fast,13.2,2.863439484,0.9964074911,RETRACT,Returning,6,FALSE
vid7,Take 7 (holdout_fast),holdout_fast,13.233333333,1.466444218,1.021445149,RETRACT,Returning,6,FALSE
vid7,Take 7 (holdout_fast),holdout_fast,13.266666667,1.690505561,1.012168061,RETRACT,Returning,6,FALSE
vid7,Take 7 (holdout_fast),holdout_fast,13.3,1.507449152,0.978980947,RETRACT,Returning,6,FALSE
vid7,Take 7 (holdout_fast),holdout_fast,13.333333333,1.558291129,0.9714836685,RETRACT,Returning,6,FALSE
vid7,Take 7 (holdout_fast),holdout_fast,13.366666667,1.259887719,0.9552962821,RETRACT,Returning,6,FALSE
vid7,Take 7 (holdout_fast),holdout_fast,13.4,1.40492526,0.9941489981,RETRACT,Returning,6,FALSE
vid7,Take 7 (holdout_fast),holdout_fast,13.433333333,1.226319557,1.068297895,RETRACT,Returning,6,FALSE
vid7,Take 7 (holdout_fast),holdout_fast,13.466666667,1.414298778,1.084917876,RETRACT,Returning,6,FALSE
vid7,Take 7 (holdout_fast),holdout_fast,13.5,1.678577907,1.060776398,RETRACT,Returning,6,FALSE
vid7,Take 7 (holdout_fast),holdout_fast,13.533333333,1.941734861,1.037780045,RETRACT,Returning,6,FALSE
vid7,Take 7 (holdout_fast),holdout_fast,13.566666667,2.205080026,1.005474454,RETRACT,Returning,6,FALSE
