take,take_label,take_group,t_s,speed,aperture,predicted_label,phase_name,phase_order,hand_not_visible
vid1,Take 1 (clean),clean,0.0,2.2414912002011262,0.8470962610393119,REST,At rest,1,False
vid1,Take 1 (clean),clean,0.0333333333333333,1.345731013503724,0.8936386297498211,REST,At rest,1,False
vid1,Take 1 (clean),clean,0.0666666666666666,0.5060985937156299,0.9243558338296324,REST,At rest,1,False
vid1,Take 1 (clean),clean,0.1,0.1168885132898136,0.9226269556601434,REST,At rest,1,False
vid1,Take 1 (clean),clean,0.1333333333333333,0.0532108394383604,0.9540912270772146,REST,At rest,1,False
vid1,Take 1 (clean),clean,0.1666666666666666,0.1998552773557936,0.9339328187963596,REST,At rest,1,False
vid1,Take 1 (clean),clean,0.2,0.2234955475130862,0.9095750406350804,REST,At rest,1,False
vid1,Take 1 (clean),clean,0.2333333333333333,0.1762746925141643,0.9019863317879492,REST,At rest,1,False
vid1,Take 1 (clean),clean,0.2666666666666666,0.0163629997974463,0.9076942631563314,REST,At rest,1,False
vid1,Take 1 (clean),clean,0.3,0.1205152476322317,0.8806856390510015,REST,At rest,1,False
vid1,Take 1 (clean),clean,0.3333333333333333,0.0801757354464217,0.8748609191013973,REST,At rest,1,False
vid1,Take 1 (clean),clean,0.3666666666666666,0.077376474085765,0.8780940786106634,REST,At rest,1,False
vid1,Take 1 (clean),clean,0.4,0.228679698554241,0.8848502462065132,REST,At rest,1,False
vid1,Take 1 (clean),clean,0.4333333333333333,0.3999063975797437,0.9335939107088852,REST,At rest,1,False
vid1,Take 1 (clean),clean,0.4666666666666667,0.0999538588663265,0.9643272480231702,REST,At rest,1,False
vid1,Take 1 (clean),clean,0.5,0.02404106658759,0.942051418459132,REST,At rest,1,False
vid1,Take 1 (clean),clean,0.5333333333333333,0.1808297713041716,0.8919156575544761,REST,At rest,1,False
vid1,Take 1 (clean),clean,0.5666666666666667,0.2171297104431577,0.915147756190022,REST,At rest,1,False
vid1,Take 1 (clean),clean,0.6,0.4175644609348573,0.9157456005026248,REST,At rest,1,False
vid1,Take 1 (clean),clean,0.6333333333333333,0.2322633141647262,0.9153715366035912,REST,At rest,1,False
vid1,Take 1 (clean),clean,0.6666666666666666,0.3946232075692381,0.8914305356787917,REST,At rest,1,False
vid1,Take 1 (clean),clean,0.7,0.2576829357944369,0.8767562453660215,REST,At rest,1,False
vid1,Take 1 (clean),clean,0.7333333333333333,0.1070206412022276,0.9031721810104224,REST,At rest,1,False
vid1,Take 1 (clean),clean,0.7666666666666666,0.1594240912454356,0.91476714540661,REST,At rest,1,False
vid1,Take 1 (clean),clean,0.8,0.1648736608665267,0.9144637198999336,REST,At rest,1,False
vid1,Take 1 (clean),clean,0.8333333333333334,0.0900930170615087,0.8858113091351759,REST,At rest,1,False
vid1,Take 1 (clean),clean,0.8666666666666667,0.0555671970037759,0.8965241965641928,REST,At rest,1,False
vid1,Take 1 (clean),clean,0.9,0.1744524228975295,0.8795088940624612,REST,At rest,1,False
vid1,Take 1 (clean),clean,0.9333333333333332,0.2877916297996317,0.8870278279308473,REST,At rest,1,False
vid1,Take 1 (clean),clean,0.9666666666666668,0.2634942209785391,0.8814938418117111,REST,At rest,1,False
vid1,Take 1 (clean),clean,1.0,0.1804349500854503,0.9180303236883962,REST,At rest,1,False
vid1,Take 1 (clean),clean,1.0333333333333332,0.0997172107536542,0.932917575314646,REST,At rest,1,False
vid1,Take 1 (clean),clean,1.0666666666666669,0.313118695118767,0.926511724302716,REST,At rest,1,False
vid1,Take 1 (clean),clean,1.1,0.3133861412954679,0.8825062696391411,REST,At rest,1,False
vid1,Take 1 (clean),clean,1.1333333333333333,0.1962545190893915,0.8729374429695869,REST,At rest,1,False
vid1,Take 1 (clean),clean,1.1666666666666667,0.1491180256243196,0.8749937646600758,REST,At rest,1,False
vid1,Take 1 (clean),clean,1.2,0.1697035029970608,0.8833957242007561,REST,At rest,1,False
vid1,Take 1 (clean),clean,1.2333333333333334,0.1316842483749676,0.9036112933096904,REST,At rest,1,False
vid1,Take 1 (clean),clean,1.2666666666666666,0.1611933539370357,0.8914213927157033,REST,At rest,1,False
vid1,Take 1 (clean),clean,1.3,0.1804705574989403,0.8763807790814522,REST,At rest,1,False
vid1,Take 1 (clean),clean,1.3333333333333333,0.2362670338635065,0.8548805267965585,REST,At rest,1,False
vid1,Take 1 (clean),clean,1.3666666666666667,0.1433473610907006,0.8625420029078764,REST,At rest,1,False
vid1,Take 1 (clean),clean,1.4,0.2819567084880232,0.8918317917149549,REST,At rest,1,False
vid1,Take 1 (clean),clean,1.4333333333333331,0.3919063746156517,0.907701882817364,REST,At rest,1,False
vid1,Take 1 (clean),clean,1.4666666666666666,0.2997000872336026,0.943385634211495,REST,At rest,1,False
vid1,Take 1 (clean),clean,1.5,0.2576480275059908,0.9298875539718232,REST,At rest,1,False
vid1,Take 1 (clean),clean,1.5333333333333332,0.4678315775534953,0.912790466034758,REST,At rest,1,False
vid1,Take 1 (clean),clean,1.5666666666666669,0.5418600167480686,0.8979894809997013,REST,At rest,1,False
vid1,Take 1 (clean),clean,1.6,0.274846132177899,0.9302767843426236,REST,At rest,1,False
vid1,Take 1 (clean),clean,1.6333333333333333,0.1602935639665485,0.935191246931133,REST,At rest,1,False
vid1,Take 1 (clean),clean,1.6666666666666667,0.3409873891461824,0.9263267614826696,REST,At rest,1,False
vid1,Take 1 (clean),clean,1.7,0.2142511896236834,0.9316427722052912,REST,At rest,1,False
vid1,Take 1 (clean),clean,1.7333333333333334,0.179166906911328,0.941493960604424,REST,At rest,1,False
vid1,Take 1 (clean),clean,1.7666666666666666,0.2308424568089354,0.9477804511775524,REST,At rest,1,False
vid1,Take 1 (clean),clean,1.8,0.090624047569341,0.9498279024707232,REST,At rest,1,False
vid1,Take 1 (clean),clean,1.8333333333333333,0.3596071401489445,0.9504018264545042,REST,At rest,1,False
vid1,Take 1 (clean),clean,1.8666666666666667,0.5826736402846564,0.9886067290282752,REST,At rest,1,False
vid1,Take 1 (clean),clean,1.9,0.7208776668384252,1.0110243479124008,REST,At rest,1,False
vid1,Take 1 (clean),clean,1.9333333333333331,0.80542728679844,0.9946031516405452,REST,At rest,1,False
vid1,Take 1 (clean),clean,1.9666666666666663,0.8353494234464302,0.9750543289839488,REST,At rest,1,False
vid1,Take 1 (clean),clean,2.0,0.970661870125014,0.978931982210664,REACH,Reaching,2,False
vid1,Take 1 (clean),clean,2.033333333333333,1.0609347689589352,1.009633252747207,REACH,Reaching,2,False
vid1,Take 1 (clean),clean,2.0666666666666664,1.062652857305226,1.0169771494544848,REACH,Reaching,2,False
vid1,Take 1 (clean),clean,2.1,1.051599451525724,1.033493941630952,REACH,Reaching,2,False
vid1,Take 1 (clean),clean,2.1333333333333333,1.1821060711715032,0.9968885994200416,REACH,Reaching,2,False
vid1,Take 1 (clean),clean,2.1666666666666665,1.1530256951020408,1.010463440663816,REACH,Reaching,2,False
vid1,Take 1 (clean),clean,2.2,1.302804259932334,1.0026712215131652,REACH,Reaching,2,False
vid1,Take 1 (clean),clean,2.2333333333333334,1.1920342681228282,1.0016130530129037,REACH,Reaching,2,False
vid1,Take 1 (clean),clean,2.2666666666666666,1.1998183971859584,1.0013357720251173,REACH,Reaching,2,False
vid1,Take 1 (clean),clean,2.3,1.273892992111334,1.0068110905990535,REACH,Reaching,2,False
vid1,Take 1 (clean),clean,2.3333333333333335,1.3012951046616943,0.984599346976478,REACH,Reaching,2,False
vid1,Take 1 (clean),clean,2.3666666666666667,1.445874133262733,0.9750832550715618,REACH,Reaching,2,False
vid1,Take 1 (clean),clean,2.4,1.5490911680116752,1.0331930395258926,REACH,Reaching,2,False
vid1,Take 1 (clean),clean,2.433333333333333,1.6683064486673842,1.0485348572068345,REACH,Reaching,2,False
vid1,Take 1 (clean),clean,2.466666666666667,1.7745134174728587,1.0641890977072408,REACH,Reaching,2,False
vid1,Take 1 (clean),clean,2.5,2.1247857817332285,1.0924198272134265,REACH,Reaching,2,False
vid1,Take 1 (clean),clean,2.533333333333333,2.1205874543925693,1.1180536002501802,REACH,Reaching,2,False
vid1,Take 1 (clean),clean,2.5666666666666664,2.340052069004716,1.1394892714168,REACH,Reaching,2,False
vid1,Take 1 (clean),clean,2.6,2.4879431613250023,1.0757576223621694,REACH,Reaching,2,False
vid1,Take 1 (clean),clean,2.6333333333333333,2.5744501810779097,1.1039190333970643,REACH,Reaching,2,False
vid1,Take 1 (clean),clean,2.6666666666666665,2.8080996374527434,1.048104231879094,REACH,Reaching,2,False
vid1,Take 1 (clean),clean,2.7,2.7004627131692516,1.0736440105291123,REACH,Reaching,2,False
vid1,Take 1 (clean),clean,2.7333333333333334,2.598164176616453,1.0341126036077666,REACH,Reaching,2,False
vid1,Take 1 (clean),clean,2.7666666666666666,2.5209927332603375,1.0804216802778992,REACH,Reaching,2,False
vid1,Take 1 (clean),clean,2.8,2.318422067709655,1.0722997830095349,REACH,Reaching,2,False
vid1,Take 1 (clean),clean,2.8333333333333335,2.0799252606069305,1.0701754868500974,REACH,Reaching,2,False
vid1,Take 1 (clean),clean,2.8666666666666667,2.0209169607596955,1.0945635862279255,REACH,Reaching,2,False
vid1,Take 1 (clean),clean,2.9,2.0415100823248955,1.1159582204095857,REACH,Reaching,2,False
vid1,Take 1 (clean),clean,2.933333333333333,2.2769808790589776,1.1419832106579364,REACH,Reaching,2,False
vid1,Take 1 (clean),clean,2.966666666666667,2.4432030979932784,1.134705592368337,REACH,Reaching,2,False
vid1,Take 1 (clean),clean,3.0,2.4465264584882034,1.137690723239777,REACH,Reaching,2,False
vid1,Take 1 (clean),clean,3.033333333333333,2.3835696998545397,1.162064572997653,REACH,Reaching,2,False
vid1,Take 1 (clean),clean,3.0666666666666664,2.238856869559809,1.184590441439312,REACH,Reaching,2,False
vid1,Take 1 (clean),clean,3.1,2.023319839496251,1.1937332857499778,REACH,Reaching,2,False
vid1,Take 1 (clean),clean,3.1333333333333333,1.8625332218629904,1.1830438030655157,REACH,Reaching,2,False
vid1,Take 1 (clean),clean,3.1666666666666665,1.7854737010275452,1.1836448367533732,REACH,Reaching,2,False
vid1,Take 1 (clean),clean,3.2,1.7107738794570029,1.1801904099259224,REACH,Reaching,2,False
vid1,Take 1 (clean),clean,3.2333333333333334,1.6802606437515184,1.179540183223076,REACH,Reaching,2,False
vid1,Take 1 (clean),clean,3.2666666666666666,1.580471118358737,1.1771178600860064,REACH,Reaching,2,False
vid1,Take 1 (clean),clean,3.3,1.4543947419413847,1.168970756176087,REACH,Reaching,2,False
vid1,Take 1 (clean),clean,3.3333333333333335,1.4742767018029936,1.144234938878763,REACH,Reaching,2,False
vid1,Take 1 (clean),clean,3.3666666666666667,1.400200508811167,1.1189417592111122,REACH,Reaching,2,False
vid1,Take 1 (clean),clean,3.4,1.3768507146225268,1.116169224664838,REACH,Reaching,2,False
vid1,Take 1 (clean),clean,3.433333333333333,1.3411376015245111,1.1182868945956206,REACH,Reaching,2,False
vid1,Take 1 (clean),clean,3.466666666666667,1.2339231067227414,1.1536608706053888,REACH,Reaching,2,False
vid1,Take 1 (clean),clean,3.5,1.1859088821896713,1.189983243772476,REACH,Reaching,2,False
vid1,Take 1 (clean),clean,3.533333333333333,1.1227062069312943,1.2228500743754684,REACH,Reaching,2,False
vid1,Take 1 (clean),clean,3.5666666666666664,1.0744094786217833,1.2220071624459743,REACH,Reaching,2,False
vid1,Take 1 (clean),clean,3.6,1.0412065900355147,1.237877416624105,REACH,Reaching,2,False
vid1,Take 1 (clean),clean,3.6333333333333337,0.8956943882205718,1.261386652870269,REACH,Reaching,2,False
vid1,Take 1 (clean),clean,3.6666666666666665,0.766212174458738,1.27220879656589,REACH,Reaching,2,False
vid1,Take 1 (clean),clean,3.7,0.6904103057994531,1.254551955134665,REACH,Reaching,2,False
vid1,Take 1 (clean),clean,3.7333333333333334,0.6225146155209695,1.223553864888285,REACH,Reaching,2,False
vid1,Take 1 (clean),clean,3.7666666666666666,0.7132854651293848,1.2181340680904589,REACH,Reaching,2,False
vid1,Take 1 (clean),clean,3.8,0.7070724400684884,1.2048030249639623,REACH,Reaching,2,False
vid1,Take 1 (clean),clean,3.8333333333333335,0.8208764667356702,1.1966801937128104,REACH,Reaching,2,False
vid1,Take 1 (clean),clean,3.8666666666666663,0.9157472068106074,1.1457748354711998,REACH,Reaching,2,False
vid1,Take 1 (clean),clean,3.9,0.9985945868037024,1.113600191342858,REACH,Reaching,2,False
vid1,Take 1 (clean),clean,3.933333333333333,1.1171877441684146,1.0794512765901918,REACH,Reaching,2,False
vid1,Take 1 (clean),clean,3.966666666666667,1.089375149202539,1.0669158773370182,REACH,Reaching,2,False
vid1,Take 1 (clean),clean,4.0,1.114048490481073,1.0275432498012715,REACH,Reaching,2,False
vid1,Take 1 (clean),clean,4.033333333333333,1.105214189353528,1.0205272319059604,REACH,Reaching,2,False
vid1,Take 1 (clean),clean,4.066666666666666,1.172368782606675,0.9959803801703964,GRASP,Grasping,3,False
vid1,Take 1 (clean),clean,4.1,1.2453730439972246,0.9713392995466592,GRASP,Grasping,3,False
vid1,Take 1 (clean),clean,4.133333333333333,1.2437823274305493,0.934889463414688,GRASP,Grasping,3,False
vid1,Take 1 (clean),clean,4.166666666666667,0.9420121840817338,0.9148465846135548,GRASP,Grasping,3,False
vid1,Take 1 (clean),clean,4.2,0.7139092828494777,0.8854854781328272,GRASP,Grasping,3,False
vid1,Take 1 (clean),clean,4.233333333333333,0.5250943162832477,0.8744788492326511,GRASP,Grasping,3,False
vid1,Take 1 (clean),clean,4.266666666666667,0.3244101230546314,0.8454087282639029,GRASP,Grasping,3,False
vid1,Take 1 (clean),clean,4.3,0.3059546076550213,0.8084137518398296,GRASP,Grasping,3,False
vid1,Take 1 (clean),clean,4.333333333333333,0.0624064404275198,0.7761172591666432,GRASP,Grasping,3,False
vid1,Take 1 (clean),clean,4.366666666666666,0.113802846956091,0.8070155656203053,GRASP,Grasping,3,False
vid1,Take 1 (clean),clean,4.4,0.0622394712574863,0.7900201649344931,GRASP,Grasping,3,False
vid1,Take 1 (clean),clean,4.433333333333334,0.0227185985908477,0.8001243792141259,GRASP,Grasping,3,False
vid1,Take 1 (clean),clean,4.466666666666667,0.0394400554477574,0.7859606897901538,GRASP,Grasping,3,False
vid1,Take 1 (clean),clean,4.5,0.0657503277493827,0.8002314551659097,GRASP,Grasping,3,False
vid1,Take 1 (clean),clean,4.533333333333333,0.0540060022448476,0.7775558709766743,GRASP,Grasping,3,False
vid1,Take 1 (clean),clean,4.566666666666666,0.0608867270850109,0.7803153634882126,GRASP,Grasping,3,False
vid1,Take 1 (clean),clean,4.6,0.0776783596646266,0.7635539886773945,GRASP,Grasping,3,False
vid1,Take 1 (clean),clean,4.633333333333333,0.1487687456341501,0.760021660396529,GRASP,Grasping,3,False
vid1,Take 1 (clean),clean,4.666666666666667,0.1280802530232596,0.7544900427645981,GRASP,Grasping,3,False
vid1,Take 1 (clean),clean,4.7,0.1600485555170488,0.7684517768040504,GRASP,Grasping,3,False
vid1,Take 1 (clean),clean,4.733333333333333,0.0865194511667238,0.762374454586161,GRASP,Grasping,3,False
vid1,Take 1 (clean),clean,4.766666666666667,0.0883741543573887,0.7739589124618965,GRASP,Grasping,3,False
vid1,Take 1 (clean),clean,4.8,0.1561647254501159,0.7458909177906512,GRASP,Grasping,3,False
vid1,Take 1 (clean),clean,4.833333333333333,0.2738615906979882,0.7526148677846393,GRASP,Grasping,3,False
vid1,Take 1 (clean),clean,4.866666666666666,0.342035890556203,0.751434008857523,GRASP,Grasping,3,False
vid1,Take 1 (clean),clean,4.9,0.6306156783515265,0.8131372447219067,GRASP,Grasping,3,False
vid1,Take 1 (clean),clean,4.933333333333334,0.7098939448905361,0.8765745111599563,GRASP,Grasping,3,False
vid1,Take 1 (clean),clean,4.966666666666667,0.8555105206235978,0.9161745050048068,GRASP,Grasping,3,False
vid1,Take 1 (clean),clean,5.0,1.0724200202259662,0.9250567582412894,GRASP,Grasping,3,False
vid1,Take 1 (clean),clean,5.033333333333333,1.397336708095385,0.9317547019038236,GRASP,Grasping,3,False
vid1,Take 1 (clean),clean,5.066666666666666,1.7911703121275753,0.9194752646976272,GRASP,Grasping,3,False
vid1,Take 1 (clean),clean,5.1,2.120265939289234,0.8494769099021946,GRASP,Grasping,3,False
vid1,Take 1 (clean),clean,5.133333333333333,2.4470387546348458,0.8089321558837597,GRASP,Grasping,3,False
vid1,Take 1 (clean),clean,5.166666666666667,2.6413240242430276,0.7988105781475352,GRASP,Grasping,3,False
vid1,Take 1 (clean),clean,5.2,2.847661199535432,0.8005494010310823,GRASP,Grasping,3,False
vid1,Take 1 (clean),clean,5.233333333333333,2.9076108953986473,0.8047506857220708,GRASP,Grasping,3,False
vid1,Take 1 (clean),clean,5.266666666666667,2.856751494559552,0.8439389196272796,GRASP,Grasping,3,False
vid1,Take 1 (clean),clean,5.3,2.6765672104018106,0.8801432031907552,GRASP,Grasping,3,False
vid1,Take 1 (clean),clean,5.333333333333333,2.291899436939576,0.8794937173890793,GRASP,Grasping,3,False
vid1,Take 1 (clean),clean,5.366666666666666,1.7689027813493368,0.8862616308344109,GRASP,Grasping,3,False
vid1,Take 1 (clean),clean,5.4,1.281556205435418,0.8723426681553088,GRASP,Grasping,3,False
vid1,Take 1 (clean),clean,5.433333333333334,0.8186154237583151,0.8271161479863037,GRASP,Grasping,3,False
vid1,Take 1 (clean),clean,5.466666666666667,0.4861564632115519,0.7849674988403191,HOLD,Holding,4,False
vid1,Take 1 (clean),clean,5.5,0.3154695413184853,0.8038870156850488,HOLD,Holding,4,False
vid1,Take 1 (clean),clean,5.533333333333333,0.2737168158587224,0.8128209877779122,HOLD,Holding,4,False
vid1,Take 1 (clean),clean,5.566666666666666,0.3209116987780661,0.8009819926033461,HOLD,Holding,4,False
vid1,Take 1 (clean),clean,5.6,0.3773192945793767,0.7892364429858313,HOLD,Holding,4,False
vid1,Take 1 (clean),clean,5.633333333333333,0.3437372422288335,0.7856219797001022,HOLD,Holding,4,False
vid1,Take 1 (clean),clean,5.666666666666667,0.3630410274274932,0.791963864365207,HOLD,Holding,4,False
vid1,Take 1 (clean),clean,5.7,0.3569310640643797,0.8062578486073109,HOLD,Holding,4,False
vid1,Take 1 (clean),clean,5.733333333333333,0.2401473252917556,0.8275538529573506,HOLD,Holding,4,False
vid1,Take 1 (clean),clean,5.766666666666667,0.2317174809569516,0.8250333556797128,HOLD,Holding,4,False
vid1,Take 1 (clean),clean,5.8,0.0728638769084637,0.8284108140029474,HOLD,Holding,4,False
vid1,Take 1 (clean),clean,5.833333333333333,0.0465954385488686,0.8351483655198546,HOLD,Holding,4,False
vid1,Take 1 (clean),clean,5.866666666666666,0.0941637817081018,0.842341380615678,HOLD,Holding,4,False
vid1,Take 1 (clean),clean,5.9,0.1099553368550894,0.8397998469384639,HOLD,Holding,4,False
vid1,Take 1 (clean),clean,5.933333333333334,0.0723531193948515,0.8364091219914799,HOLD,Holding,4,False
vid1,Take 1 (clean),clean,5.966666666666667,0.1024741860727283,0.8349780291328726,HOLD,Holding,4,False
vid1,Take 1 (clean),clean,6.0,0.1177008365961194,0.8259103989820114,HOLD,Holding,4,False
vid1,Take 1 (clean),clean,6.033333333333333,0.1366929197703479,0.8290937909966071,HOLD,Holding,4,False
vid1,Take 1 (clean),clean,6.066666666666666,0.168484533708729,0.8220134272418285,HOLD,Holding,4,False
vid1,Take 1 (clean),clean,6.1,0.130325293844349,0.8226936446129517,HOLD,Holding,4,False
vid1,Take 1 (clean),clean,6.133333333333333,0.0964314396437986,0.8271337598885214,HOLD,Holding,4,False
vid1,Take 1 (clean),clean,6.166666666666667,0.1610841473753408,0.8483831649068522,HOLD,Holding,4,False
vid1,Take 1 (clean),clean,6.2,0.2385301098579519,0.8424289248489419,HOLD,Holding,4,False
vid1,Take 1 (clean),clean,6.233333333333333,0.3306560335674574,0.8411809361690241,HOLD,Holding,4,False
vid1,Take 1 (clean),clean,6.266666666666667,0.3249454457769543,0.8330951869870676,HOLD,Holding,4,False
vid1,Take 1 (clean),clean,6.3,0.3198159725194562,0.8349414284119803,HOLD,Holding,4,False
vid1,Take 1 (clean),clean,6.333333333333333,0.3830965655008618,0.848231851541005,HOLD,Holding,4,False
vid1,Take 1 (clean),clean,6.366666666666666,0.3484877205941107,0.8565907419572856,HOLD,Holding,4,False
vid1,Take 1 (clean),clean,6.4,0.3469753580241562,0.8495542183709754,HOLD,Holding,4,False
vid1,Take 1 (clean),clean,6.433333333333334,0.2616110439518481,0.8302599445078013,HOLD,Holding,4,False
vid1,Take 1 (clean),clean,6.466666666666667,0.1773988478293468,0.8454065477001949,HOLD,Holding,4,False
vid1,Take 1 (clean),clean,6.5,0.0744041136668994,0.8536137425598536,HOLD,Holding,4,False
vid1,Take 1 (clean),clean,6.533333333333333,0.0190611298978184,0.8689540925444509,HOLD,Holding,4,False
vid1,Take 1 (clean),clean,6.566666666666666,0.0333930414716794,0.860108545396006,HOLD,Holding,4,False
vid1,Take 1 (clean),clean,6.6,0.0325962668152678,0.8693646390432197,HOLD,Holding,4,False
vid1,Take 1 (clean),clean,6.633333333333333,0.1183395551771322,0.8740735319458962,HOLD,Holding,4,False
vid1,Take 1 (clean),clean,6.666666666666667,0.1115744289613945,0.8797157628766353,HOLD,Holding,4,False
vid1,Take 1 (clean),clean,6.7,0.1816139290992705,0.8729395040687578,HOLD,Holding,4,False
vid1,Take 1 (clean),clean,6.733333333333333,0.1461864750917461,0.8758737651897621,HOLD,Holding,4,False
vid1,Take 1 (clean),clean,6.766666666666667,0.1703556868152354,0.8801244830193787,HOLD,Holding,4,False
vid1,Take 1 (clean),clean,6.8,0.1447119098489399,0.8757646510082492,HOLD,Holding,4,False
vid1,Take 1 (clean),clean,6.833333333333333,0.0868475747627689,0.8882952602861407,HOLD,Holding,4,False
vid1,Take 1 (clean),clean,6.866666666666666,0.2439389918474849,0.9118150990791716,HOLD,Holding,4,False
vid1,Take 1 (clean),clean,6.8999999999999995,0.3669283642779998,0.929113301863264,HOLD,Holding,4,False
vid1,Take 1 (clean),clean,6.933333333333334,0.5652066440834959,0.924203131651012,HOLD,Holding,4,False
vid1,Take 1 (clean),clean,6.966666666666667,0.6370685030420941,0.9058802133774796,HOLD,Holding,4,False
vid1,Take 1 (clean),clean,7.0,0.7150200861623249,0.9077041553029676,HOLD,Holding,4,False
vid1,Take 1 (clean),clean,7.033333333333333,0.8536430384907198,0.8925182712479418,HOLD,Holding,4,False
vid1,Take 1 (clean),clean,7.066666666666666,0.918952227149212,0.8930907107275536,HOLD,Holding,4,False
vid1,Take 1 (clean),clean,7.1,1.09453052669195,0.874680460463096,HOLD,Holding,4,False
vid1,Take 1 (clean),clean,7.133333333333333,1.19604824518381,0.8643224761114149,HOLD,Holding,4,False
vid1,Take 1 (clean),clean,7.166666666666667,1.3221161349045802,0.8498793034821978,HOLD,Holding,4,False
vid1,Take 1 (clean),clean,7.2,1.3579939004811508,0.8471113475777688,HOLD,Holding,4,False
vid1,Take 1 (clean),clean,7.233333333333333,1.4304029016871769,0.8551530060729223,HOLD,Holding,4,False
vid1,Take 1 (clean),clean,7.266666666666667,1.3789434312292728,0.8515604716823048,HOLD,Holding,4,False
vid1,Take 1 (clean),clean,7.3,1.2352598264820085,0.8571811787608079,HOLD,Holding,4,False
vid1,Take 1 (clean),clean,7.333333333333333,1.0756561498484571,0.8574935779483939,HOLD,Holding,4,False
vid1,Take 1 (clean),clean,7.366666666666666,0.8107983428381762,0.8641822663149586,HOLD,Holding,4,False
vid1,Take 1 (clean),clean,7.4,0.6723427358483203,0.8474174795194719,HOLD,Holding,4,False
vid1,Take 1 (clean),clean,7.433333333333334,0.562503017685494,0.833198375335541,HOLD,Holding,4,False
vid1,Take 1 (clean),clean,7.466666666666667,0.5637707375942426,0.8271339240197604,HOLD,Holding,4,False
vid1,Take 1 (clean),clean,7.5,0.5875577780856344,0.8350210705302741,HOLD,Holding,4,False
vid1,Take 1 (clean),clean,7.533333333333333,0.70250109552719,0.8333024466957214,HOLD,Holding,4,False
vid1,Take 1 (clean),clean,7.566666666666666,0.7312333567862876,0.8357233308945524,HOLD,Holding,4,False
vid1,Take 1 (clean),clean,7.6,0.7924964352804202,0.827788731161837,HOLD,Holding,4,False
vid1,Take 1 (clean),clean,7.633333333333333,0.8341544178048843,0.8437709532908892,HOLD,Holding,4,False
vid1,Take 1 (clean),clean,7.666666666666667,0.8707827493650888,0.8533962620507988,HOLD,Holding,4,False
vid1,Take 1 (clean),clean,7.7,0.8805800995337654,0.8699259499847546,HOLD,Holding,4,False
vid1,Take 1 (clean),clean,7.733333333333333,0.8450417834565056,0.8701038929481628,HOLD,Holding,4,False
vid1,Take 1 (clean),clean,7.766666666666667,0.8150521506490327,0.8584257653942152,HOLD,Holding,4,False
vid1,Take 1 (clean),clean,7.8,0.7214470458702873,0.83421085092057,HOLD,Holding,4,False
vid1,Take 1 (clean),clean,7.833333333333333,0.6950534719010784,0.8229031084509056,HOLD,Holding,4,False
vid1,Take 1 (clean),clean,7.866666666666666,0.5352267942883154,0.793241187502104,HOLD,Holding,4,False
vid1,Take 1 (clean),clean,7.9,0.3542463135477274,0.7728944419157563,HOLD,Holding,4,False
vid1,Take 1 (clean),clean,7.933333333333334,0.1719393674170444,0.7780474759600984,HOLD,Holding,4,False
vid1,Take 1 (clean),clean,7.966666666666667,0.1247163708296329,0.7836911035414253,HOLD,Holding,4,False
vid1,Take 1 (clean),clean,8.0,0.1283894729704865,0.761119139074309,HOLD,Holding,4,False
vid1,Take 1 (clean),clean,8.033333333333333,0.0036567640528327,0.7497927220251261,HOLD,Holding,4,False
vid1,Take 1 (clean),clean,8.066666666666666,0.163102175471819,0.7640018818397374,HOLD,Holding,4,False
vid1,Take 1 (clean),clean,8.1,0.2636334794261076,0.8111487518802559,HOLD,Holding,4,False
vid1,Take 1 (clean),clean,8.133333333333333,0.3093701797062465,0.8582865007628769,HOLD,Holding,4,False
vid1,Take 1 (clean),clean,8.166666666666666,0.3485881603414891,0.8625419419773653,HOLD,Holding,4,False
vid1,Take 1 (clean),clean,8.2,0.4664746018297403,0.9553808729500496,HOLD,Holding,4,False
vid1,Take 1 (clean),clean,8.233333333333333,0.7161862835230007,1.1160739066723162,RELEASE,Releasing,5,False
vid1,Take 1 (clean),clean,8.266666666666666,1.1444175688630442,1.2982728924036009,RELEASE,Releasing,5,False
vid1,Take 1 (clean),clean,8.3,0.9438622757431115,1.359569894071351,RELEASE,Releasing,5,False
vid1,Take 1 (clean),clean,8.333333333333334,1.104439257056985,1.376129930665417,RELEASE,Releasing,5,False
vid1,Take 1 (clean),clean,8.366666666666667,0.666311635019662,1.2397324060313586,RELEASE,Releasing,5,False
vid1,Take 1 (clean),clean,8.4,0.3820381889488022,1.120784082461273,RELEASE,Releasing,5,False
vid1,Take 1 (clean),clean,8.433333333333334,0.4717751315793414,1.0873525510184183,RELEASE,Releasing,5,False
vid1,Take 1 (clean),clean,8.466666666666667,0.1502024936530554,1.1650513353243288,RELEASE,Releasing,5,False
vid1,Take 1 (clean),clean,8.5,0.489043771638188,1.1840638122727136,RELEASE,Releasing,5,False
vid1,Take 1 (clean),clean,8.533333333333333,0.458118382145918,1.21099048283287,RELEASE,Releasing,5,False
vid1,Take 1 (clean),clean,8.566666666666666,0.4488224723749274,1.2475801688465356,RELEASE,Releasing,5,False
vid1,Take 1 (clean),clean,8.6,0.2114038395431964,1.2426400543365108,RELEASE,Releasing,5,False
vid1,Take 1 (clean),clean,8.633333333333333,0.1256450149630098,1.2024017802522573,RELEASE,Releasing,5,False
vid1,Take 1 (clean),clean,8.666666666666666,0.3040730992984265,1.185016070863807,RELEASE,Releasing,5,False
vid1,Take 1 (clean),clean,8.7,0.3792871214461581,1.3830652243341122,RELEASE,Releasing,5,False
vid1,Take 1 (clean),clean,8.733333333333333,0.4585984768352796,1.3714788720235014,RELEASE,Releasing,5,False
vid1,Take 1 (clean),clean,8.766666666666666,0.4540518681687788,1.346463474035083,RELEASE,Releasing,5,False
vid1,Take 1 (clean),clean,8.8,0.7037577891635677,1.2649477306401162,RELEASE,Releasing,5,False
vid1,Take 1 (clean),clean,8.833333333333334,0.5214555527700607,1.345992075126837,RELEASE,Releasing,5,False
vid1,Take 1 (clean),clean,8.866666666666667,0.9623038060386814,1.324293966417314,RELEASE,Releasing,5,False
vid1,Take 1 (clean),clean,8.9,1.0159579788022872,1.3119344151779426,RELEASE,Releasing,5,False
vid1,Take 1 (clean),clean,8.933333333333334,0.997537838172436,1.292219489150778,RELEASE,Releasing,5,False
vid1,Take 1 (clean),clean,8.966666666666667,1.140386022857092,1.2331821218429824,RELEASE,Releasing,5,False
vid1,Take 1 (clean),clean,9.0,1.0565003487260862,1.2346267315817097,RELEASE,Releasing,5,False
vid1,Take 1 (clean),clean,9.033333333333331,1.2770259817102618,1.2333911911463915,RELEASE,Releasing,5,False
vid1,Take 1 (clean),clean,9.066666666666666,1.3691130397272506,1.2692012090592626,RELEASE,Releasing,5,False
vid1,Take 1 (clean),clean,9.1,1.5130999289142286,1.267937009693232,RELEASE,Releasing,5,False
vid1,Take 1 (clean),clean,9.133333333333333,1.6350939612607356,1.2829254529635037,RELEASE,Releasing,5,False
vid1,Take 1 (clean),clean,9.166666666666666,1.757651674466695,1.2909606699463871,RETRACT,Returning,6,False
vid1,Take 1 (clean),clean,9.2,1.904343292145976,1.3052304854967889,RETRACT,Returning,6,False
vid1,Take 1 (clean),clean,9.233333333333333,2.104076057998454,1.2465814979340393,RETRACT,Returning,6,False
vid1,Take 1 (clean),clean,9.266666666666666,2.4619595326668295,1.1862579644906834,RETRACT,Returning,6,False
vid1,Take 1 (clean),clean,9.3,2.7168846419732913,1.1101721983521489,RETRACT,Returning,6,False
vid1,Take 1 (clean),clean,9.333333333333334,2.9006610112051425,1.107615240147973,RETRACT,Returning,6,False
vid1,Take 1 (clean),clean,9.366666666666667,3.138571301123207,1.113362134264393,RETRACT,Returning,6,False
vid1,Take 1 (clean),clean,9.4,3.3019755936416595,1.1468884997407196,RETRACT,Returning,6,False
vid1,Take 1 (clean),clean,9.433333333333334,3.7028437473377913,1.1542712062844465,RETRACT,Returning,6,False
vid1,Take 1 (clean),clean,9.466666666666669,3.920907394056015,1.1533818246452552,RETRACT,Returning,6,False
vid1,Take 1 (clean),clean,9.5,4.139564229510529,1.1321939045420677,RETRACT,Returning,6,False
vid1,Take 1 (clean),clean,9.533333333333331,4.1870893263776505,1.1218962142128086,RETRACT,Returning,6,False
vid1,Take 1 (clean),clean,9.566666666666666,3.9117220291743946,1.1255429669935346,RETRACT,Returning,6,False
vid1,Take 1 (clean),clean,9.6,3.789836058029483,1.1218870228701956,RETRACT,Returning,6,False
vid1,Take 1 (clean),clean,9.633333333333333,3.489822227301641,1.114639016778063,RETRACT,Returning,6,False
vid1,Take 1 (clean),clean,9.666666666666666,3.4998307439084804,1.129286549202532,RETRACT,Returning,6,False
vid1,Take 1 (clean),clean,9.7,3.4952607727490115,1.1387257965486552,RETRACT,Returning,6,False
vid1,Take 1 (clean),clean,9.733333333333333,3.432054210986551,1.150042440005954,RETRACT,Returning,6,False
vid1,Take 1 (clean),clean,9.766666666666666,3.4654325786537283,1.1375823691841065,RETRACT,Returning,6,False
vid1,Take 1 (clean),clean,9.8,3.532590611447935,1.1615610207877545,RETRACT,Returning,6,False
vid1,Take 1 (clean),clean,9.833333333333334,3.693664246372291,1.1384316389117433,RETRACT,Returning,6,False
vid1,Take 1 (clean),clean,9.866666666666667,3.525511840060521,1.1358832037992574,RETRACT,Returning,6,False
vid1,Take 1 (clean),clean,9.9,3.448742139260603,1.13269831570475,RETRACT,Returning,6,False
vid1,Take 1 (clean),clean,9.933333333333334,2.888474981041135,1.154678308744154,RETRACT,Returning,6,False
vid1,Take 1 (clean),clean,9.966666666666669,2.594404329595061,1.1533334361240233,RETRACT,Returning,6,False
vid1,Take 1 (clean),clean,10.0,2.128014357102335,1.1454621585415468,RETRACT,Returning,6,False
vid1,Take 1 (clean),clean,10.033333333333331,1.5842133351773748,1.1183285808447685,RETRACT,Returning,6,False
vid1,Take 1 (clean),clean,10.066666666666666,1.0124696781403943,1.0448819738317718,RETRACT,Returning,6,False
vid1,Take 1 (clean),clean,10.1,0.4570015144164813,0.9958025194249992,REST,At rest,1,False
vid1,Take 1 (clean),clean,10.133333333333333,0.1216187577200927,0.9756763035873968,REST,At rest,1,False
vid1,Take 1 (clean),clean,10.166666666666666,0.2861035945739159,0.996994083775072,REST,At rest,1,False
vid1,Take 1 (clean),clean,10.2,0.2497986131417672,1.0156105403104407,REST,At rest,1,False
vid1,Take 1 (clean),clean,10.233333333333333,0.3702545057499795,1.029501085939831,REST,At rest,1,False
vid1,Take 1 (clean),clean,10.266666666666666,0.2361765348884501,0.995686540009444,REST,At rest,1,False
vid1,Take 1 (clean),clean,10.3,0.1262130433362599,0.9811336502074234,REST,At rest,1,False
vid1,Take 1 (clean),clean,10.333333333333334,0.2570881403206729,0.9825008249679767,REST,At rest,1,False
vid1,Take 1 (clean),clean,10.366666666666667,0.4419718560620317,0.9942178436698296,REST,At rest,1,False
vid1,Take 1 (clean),clean,10.4,0.2112792005111354,0.9878832800658368,REST,At rest,1,False
vid1,Take 1 (clean),clean,10.433333333333334,0.1825959108013992,0.9692066869648216,REST,At rest,1,False
vid1,Take 1 (clean),clean,10.466666666666669,0.2035875598902667,0.9645707096905164,REST,At rest,1,False
vid1,Take 1 (clean),clean,10.5,0.1936266249438261,0.9525203714853354,REST,At rest,1,False
vid1,Take 1 (clean),clean,10.533333333333331,0.0178546487738463,0.9537499362333172,REST,At rest,1,False
vid1,Take 1 (clean),clean,10.566666666666666,0.2078390838524264,0.9503479587246187,REST,At rest,1,False
vid1,Take 1 (clean),clean,10.6,0.1018430997048288,0.9721909260601204,REST,At rest,1,False
vid1,Take 1 (clean),clean,10.633333333333333,0.0671725067382528,0.9768089838615496,REST,At rest,1,False
vid1,Take 1 (clean),clean,10.666666666666666,0.0581385599252691,0.9704638590560748,REST,At rest,1,False
vid1,Take 1 (clean),clean,10.7,0.2423898528424501,0.9628015473287144,REST,At rest,1,False
vid1,Take 1 (clean),clean,10.733333333333333,0.0275295123111191,1.0028618123422666,REST,At rest,1,False
vid1,Take 1 (clean),clean,10.766666666666666,0.07234314111719,1.0134420324829456,REST,At rest,1,False
vid1,Take 1 (clean),clean,10.8,0.3387715982525051,1.0047505853020988,REST,At rest,1,False
vid1,Take 1 (clean),clean,10.833333333333334,0.2207161936124559,0.9649493953522134,REST,At rest,1,False
vid1,Take 1 (clean),clean,10.866666666666667,0.0566661294481347,0.9672919480270648,REST,At rest,1,False
vid1,Take 1 (clean),clean,10.9,0.3138294226598161,0.9680918896042606,REST,At rest,1,False
vid1,Take 1 (clean),clean,10.933333333333334,0.2748965481697251,0.989124557584329,REST,At rest,1,False
vid1,Take 1 (clean),clean,10.966666666666669,0.2320479353012991,1.011830614973906,REST,At rest,1,False
vid1,Take 1 (clean),clean,11.0,0.0985887485868266,1.0520328073868588,REST,At rest,1,False
vid1,Take 1 (clean),clean,11.033333333333331,0.3217678365082102,1.0482585836747549,REST,At rest,1,False
vid1,Take 1 (clean),clean,11.066666666666666,0.2605932721722761,1.029628204517722,REST,At rest,1,False
vid1,Take 1 (clean),clean,11.1,0.0715879622679303,0.981195852339593,REST,At rest,1,False
vid1,Take 1 (clean),clean,11.133333333333333,0.0913273057902804,0.9776360025309684,REST,At rest,1,False
vid1,Take 1 (clean),clean,11.166666666666666,0.1096078937074776,0.9603701838465064,REST,At rest,1,False
vid1,Take 1 (clean),clean,11.2,0.1107304621495967,0.9733456048659344,REST,At rest,1,False
vid1,Take 1 (clean),clean,11.233333333333333,0.1069855121031663,0.9725264423161234,REST,At rest,1,False
vid1,Take 1 (clean),clean,11.266666666666666,0.2331811888194141,0.9853859619882996,REST,At rest,1,False
vid1,Take 1 (clean),clean,11.3,0.2390048650163428,0.975511015360159,REST,At rest,1,False
vid1,Take 1 (clean),clean,11.333333333333334,0.1278572495049285,0.9679943375557426,REST,At rest,1,False
vid1,Take 1 (clean),clean,11.366666666666667,0.1589322114857532,0.9500249825030108,REST,At rest,1,False
vid1,Take 1 (clean),clean,11.4,0.5142589039159514,0.964627277277156,REST,At rest,1,False
vid1,Take 1 (clean),clean,11.433333333333334,0.1596528361283504,0.9788537569299112,REST,At rest,1,False
vid1,Take 1 (clean),clean,11.466666666666669,0.1740647609301967,1.0078504771852257,REST,At rest,1,False
vid1,Take 1 (clean),clean,11.5,0.0942748692457815,0.993318194097323,REST,At rest,1,False
vid1,Take 1 (clean),clean,11.533333333333331,0.075803161720228,0.983665618661998,REST,At rest,1,False
vid1,Take 1 (clean),clean,11.566666666666666,0.2136089491613245,0.9513510738369172,REST,At rest,1,False
vid1,Take 1 (clean),clean,11.6,0.1935298282412855,0.970238118126523,REST,At rest,1,False
vid1,Take 1 (clean),clean,11.633333333333333,0.0747680803601678,0.9953368748297922,REST,At rest,1,False
vid1,Take 1 (clean),clean,11.666666666666666,0.1579299357301302,1.0271524025906071,REST,At rest,1,False
vid1,Take 1 (clean),clean,11.7,0.0890649610560139,1.0067667173809467,REST,At rest,1,False
vid1,Take 1 (clean),clean,11.733333333333333,0.248150314343706,0.9937976223392688,REST,At rest,1,False
vid1,Take 1 (clean),clean,11.766666666666666,0.1432721742781362,0.9837811347593248,REST,At rest,1,False
vid1,Take 1 (clean),clean,11.8,0.0952351155175005,0.9911385260508776,REST,At rest,1,False
vid1,Take 1 (clean),clean,11.833333333333334,0.2435237264261192,0.9798474031247176,REST,At rest,1,False
vid1,Take 1 (clean),clean,11.866666666666667,0.1819136117369524,0.9805791770900322,REST,At rest,1,False
vid1,Take 1 (clean),clean,11.9,0.1467984609322928,0.9606524358727536,REST,At rest,1,False
vid1,Take 1 (clean),clean,11.933333333333334,0.3585557871810369,0.9578691275081964,REST,At rest,1,False
vid1,Take 1 (clean),clean,11.966666666666669,0.0714548074546887,0.9656979830759568,REST,At rest,1,False
vid1,Take 1 (clean),clean,12.0,0.1581393903731873,0.98821630263815,REST,At rest,1,False
vid1,Take 1 (clean),clean,12.033333333333331,0.2432160940192639,0.9820386573984186,REST,At rest,1,False
vid1,Take 1 (clean),clean,12.066666666666666,0.2244697877188148,0.9635549962580542,REST,At rest,1,False
vid1,Take 1 (clean),clean,12.1,0.2166386796439123,0.9647992227188208,REST,At rest,1,False
vid1,Take 1 (clean),clean,12.133333333333333,0.1142988329804849,0.9970132553865784,REST,At rest,1,False
vid1,Take 1 (clean),clean,12.166666666666666,0.1012610219804438,1.004717475790812,REST,At rest,1,False
vid1,Take 1 (clean),clean,12.2,0.1389752773029796,0.9928221850176272,REST,At rest,1,False
vid1,Take 1 (clean),clean,12.233333333333333,0.0751444311167401,0.9911418335202378,REST,At rest,1,False
vid1,Take 1 (clean),clean,12.266666666666666,0.0860726998369392,0.9830057619100754,REST,At rest,1,False
vid1,Take 1 (clean),clean,12.3,0.2038218831593298,0.97914660079774,REST,At rest,1,False
vid1,Take 1 (clean),clean,12.333333333333334,0.0763545928586159,1.003829767030426,REST,At rest,1,False
vid1,Take 1 (clean),clean,12.366666666666667,0.0952206209870249,1.0089064815181912,REST,At rest,1,False
vid1,Take 1 (clean),clean,12.4,0.0370337900411424,0.9759928320354296,REST,At rest,1,False
vid1,Take 1 (clean),clean,12.433333333333334,0.1677153650517077,0.990463089636436,REST,At rest,1,False
vid1,Take 1 (clean),clean,12.466666666666669,0.1535030773458061,1.0290413116045611,REST,At rest,1,False
vid1,Take 1 (clean),clean,12.5,0.3094493066553812,1.0234997263335908,REST,At rest,1,False
vid1,Take 1 (clean),clean,12.533333333333331,0.1892040613817136,0.9965816349752562,REST,At rest,1,False
vid1,Take 1 (clean),clean,12.566666666666666,0.2871123443211668,1.0194249237659672,REST,At rest,1,False
vid1,Take 1 (clean),clean,12.6,0.3979214789266048,1.0339950025410043,REST,At rest,1,False
vid1,Take 1 (clean),clean,12.633333333333333,0.3036882969946628,1.0750659488888508,REST,At rest,1,False
vid1,Take 1 (clean),clean,12.666666666666666,0.6529643259694282,1.1176480725046336,REST,At rest,1,False
vid1,Take 1 (clean),clean,12.7,0.7297496717260804,1.1723800260341364,REACH,Reaching,2,False
vid1,Take 1 (clean),clean,12.733333333333333,1.0838928365622886,1.2149226286687154,REACH,Reaching,2,False
vid1,Take 1 (clean),clean,12.766666666666666,1.2185569309378588,1.2078148554263983,REACH,Reaching,2,False
vid1,Take 1 (clean),clean,12.8,1.3589439834043997,1.1830498043424478,REACH,Reaching,2,False
vid1,Take 1 (clean),clean,12.833333333333334,1.5384993994575344,1.131985334906059,REACH,Reaching,2,False
vid1,Take 1 (clean),clean,12.866666666666667,1.6763859977792357,1.1227133612415152,REACH,Reaching,2,False
vid1,Take 1 (clean),clean,12.9,2.100574521671355,1.1172770879695368,REACH,Reaching,2,False
vid1,Take 1 (clean),clean,12.933333333333334,2.466548129975585,1.1243060765330304,REACH,Reaching,2,False
vid1,Take 1 (clean),clean,12.966666666666669,2.7564453492239376,1.1222816503667254,REACH,Reaching,2,False
vid1,Take 1 (clean),clean,13.0,2.87004978304356,1.1107835105779833,REACH,Reaching,2,False
vid1,Take 1 (clean),clean,13.033333333333331,2.784606933496945,1.1170951056987977,REACH,Reaching,2,False
vid1,Take 1 (clean),clean,13.066666666666666,2.7871347740002106,1.117655086818286,REACH,Reaching,2,False
vid1,Take 1 (clean),clean,13.1,2.7232252961242023,1.1363826100269376,REACH,Reaching,2,False
vid1,Take 1 (clean),clean,13.133333333333333,2.771639988142128,1.1410453826228952,REACH,Reaching,2,False
vid1,Take 1 (clean),clean,13.166666666666666,2.778334179115201,1.1165443444362355,REACH,Reaching,2,False
vid1,Take 1 (clean),clean,13.2,2.7758133551474136,1.0661194733410566,REACH,Reaching,2,False
vid1,Take 1 (clean),clean,13.233333333333333,2.6683199681355014,1.0738025732379808,REACH,Reaching,2,False
vid1,Take 1 (clean),clean,13.266666666666666,2.5771960215706415,1.0967224743756694,REACH,Reaching,2,False
vid1,Take 1 (clean),clean,13.3,2.678547261741164,1.1070463847274747,REACH,Reaching,2,False
vid1,Take 1 (clean),clean,13.333333333333334,2.7910396802200057,1.107847189546345,REACH,Reaching,2,False
vid1,Take 1 (clean),clean,13.366666666666667,2.9571860768526603,1.0842780234193714,REACH,Reaching,2,False
vid1,Take 1 (clean),clean,13.4,2.953502519299408,1.0793366388827503,REACH,Reaching,2,False
vid1,Take 1 (clean),clean,13.433333333333334,2.935374116275332,1.0669756912136794,REACH,Reaching,2,False
vid1,Take 1 (clean),clean,13.466666666666669,3.076150158535049,1.104482596636339,REACH,Reaching,2,False
vid1,Take 1 (clean),clean,13.5,3.1470204463851705,1.1049893334932188,REACH,Reaching,2,False
vid1,Take 1 (clean),clean,13.533333333333331,3.153120623997335,1.1419721226672288,REACH,Reaching,2,False
vid1,Take 1 (clean),clean,13.566666666666666,3.1324025983999215,1.1914556749878142,REACH,Reaching,2,False
vid1,Take 1 (clean),clean,13.6,3.1476191904099933,1.2404920286274237,REACH,Reaching,2,False
vid1,Take 1 (clean),clean,13.633333333333333,3.243046423722303,1.2421585943630349,REACH,Reaching,2,False
vid1,Take 1 (clean),clean,13.666666666666666,3.225606864539607,1.2277311731701186,REACH,Reaching,2,False
vid1,Take 1 (clean),clean,13.7,3.1038044666927904,1.2408693315588473,REACH,Reaching,2,False
vid1,Take 1 (clean),clean,13.733333333333333,2.961753849836955,1.2774035417839316,REACH,Reaching,2,False
vid1,Take 1 (clean),clean,13.766666666666666,2.6942845342480464,1.2893963319455897,REACH,Reaching,2,False
vid1,Take 1 (clean),clean,13.8,2.5288848364006724,1.282873578816067,REACH,Reaching,2,False
vid1,Take 1 (clean),clean,13.833333333333334,2.392932543792085,1.249629344717328,REACH,Reaching,2,False
vid1,Take 1 (clean),clean,13.866666666666667,2.3969565649816684,1.21882745953741,REACH,Reaching,2,False
vid1,Take 1 (clean),clean,13.9,1.9341635903076984,1.1796981634206776,REACH,Reaching,2,False
vid1,Take 1 (clean),clean,13.933333333333334,1.5139537457898342,1.144479599231205,REACH,Reaching,2,False
vid1,Take 1 (clean),clean,13.966666666666669,1.5438228015961408,1.1157644775394775,REACH,Reaching,2,False
vid1,Take 1 (clean),clean,14.0,1.697376701116302,1.1021419038818947,REACH,Reaching,2,False
vid1,Take 1 (clean),clean,14.033333333333331,1.7696601799949985,1.0788555043849144,REACH,Reaching,2,False
vid1,Take 1 (clean),clean,14.066666666666666,1.5908800340606544,0.9722766475253012,REACH,Reaching,2,False
vid1,Take 1 (clean),clean,14.1,1.2081964828729683,0.8743656856531171,REACH,Reaching,2,False
vid1,Take 1 (clean),clean,14.133333333333333,1.0641902688593283,0.8298035567601488,GRASP,Grasping,3,False
vid1,Take 1 (clean),clean,14.166666666666666,0.8262652748033653,0.8248917840522857,GRASP,Grasping,3,False
vid1,Take 1 (clean),clean,14.2,0.6266353245931958,0.7755249488915682,GRASP,Grasping,3,False
vid1,Take 1 (clean),clean,14.233333333333333,0.5254063329886695,0.7479979192068947,GRASP,Grasping,3,False
vid1,Take 1 (clean),clean,14.266666666666666,0.313644982597967,0.7738595266468367,GRASP,Grasping,3,False
vid1,Take 1 (clean),clean,14.3,0.1290689692860018,0.8284625782117427,GRASP,Grasping,3,False
vid1,Take 1 (clean),clean,14.333333333333334,0.0452018863903491,0.8352624835687511,GRASP,Grasping,3,False
vid1,Take 1 (clean),clean,14.366666666666667,0.1352352591939118,0.8256040196010992,GRASP,Grasping,3,False
vid1,Take 1 (clean),clean,14.4,0.1723209362427312,0.8591877323099729,GRASP,Grasping,3,False
vid1,Take 1 (clean),clean,14.433333333333334,0.1638002576847776,0.866294719568619,GRASP,Grasping,3,False
vid1,Take 1 (clean),clean,14.466666666666669,0.1596612014506478,0.8379355167931938,GRASP,Grasping,3,False
vid1,Take 1 (clean),clean,14.5,0.1395761941320375,0.7863363239879053,GRASP,Grasping,3,False
vid1,Take 1 (clean),clean,14.533333333333331,0.0908064361774098,0.8042598696572754,GRASP,Grasping,3,False
vid1,Take 1 (clean),clean,14.566666666666666,0.0688036190631693,0.790806542244356,GRASP,Grasping,3,False
vid1,Take 1 (clean),clean,14.6,0.1037878268693579,0.8399607794213398,GRASP,Grasping,3,False
vid1,Take 1 (clean),clean,14.633333333333333,0.1022624543442875,0.848906845165558,GRASP,Grasping,3,False
vid1,Take 1 (clean),clean,14.666666666666666,0.1572354405827825,0.873774068753874,GRASP,Grasping,3,False
vid1,Take 1 (clean),clean,14.7,0.1177305485211663,0.8301330992537038,GRASP,Grasping,3,False
vid1,Take 1 (clean),clean,14.733333333333333,0.1476497419077433,0.8450919618160426,GRASP,Grasping,3,False
vid1,Take 1 (clean),clean,14.766666666666666,0.1173692484150409,0.8317052416985182,GRASP,Grasping,3,False
vid1,Take 1 (clean),clean,14.8,0.1852534963182026,0.8215518708878238,GRASP,Grasping,3,False
vid1,Take 1 (clean),clean,14.833333333333334,0.3281054205272338,0.810658902531334,GRASP,Grasping,3,False
vid1,Take 1 (clean),clean,14.866666666666667,0.6560837211176578,0.812946205835228,GRASP,Grasping,3,False
vid1,Take 1 (clean),clean,14.9,1.0611498259803904,0.7926070542460197,GRASP,Grasping,3,False
vid1,Take 1 (clean),clean,14.933333333333334,1.42624572547598,0.7058009692783997,GRASP,Grasping,3,False
vid1,Take 1 (clean),clean,14.966666666666669,1.7516564888336534,0.6882626991025345,GRASP,Grasping,3,False
vid1,Take 1 (clean),clean,15.0,2.109246022041407,0.6859809411769482,GRASP,Grasping,3,False
vid1,Take 1 (clean),clean,15.033333333333331,2.3379201930311573,0.6924832714672153,GRASP,Grasping,3,False
vid1,Take 1 (clean),clean,15.066666666666666,2.5947747638731524,0.6637824186176504,GRASP,Grasping,3,False
vid1,Take 1 (clean),clean,15.1,2.749830532079637,0.6800478330351071,GRASP,Grasping,3,False
vid1,Take 1 (clean),clean,15.133333333333333,2.813786918092329,0.6950730519845959,GRASP,Grasping,3,False
vid1,Take 1 (clean),clean,15.166666666666666,2.8366481481822654,0.7053931108253857,GRASP,Grasping,3,False
vid1,Take 1 (clean),clean,15.2,2.703619797305226,0.7018845043334303,GRASP,Grasping,3,False
vid1,Take 1 (clean),clean,15.233333333333333,2.5548125765750807,0.6871897653055602,GRASP,Grasping,3,False
vid1,Take 1 (clean),clean,15.266666666666666,2.5073753238175445,0.6898075219010569,GRASP,Grasping,3,False
vid1,Take 1 (clean),clean,15.3,2.4974731432064794,0.7155934564096035,GRASP,Grasping,3,False
vid1,Take 1 (clean),clean,15.333333333333334,2.4640619767061014,0.7428412986162609,GRASP,Grasping,3,False
vid1,Take 1 (clean),clean,15.366666666666667,2.2712056945692747,0.7437513529821652,GRASP,Grasping,3,False
vid1,Take 1 (clean),clean,15.4,1.9175865762162323,0.7175171654858614,GRASP,Grasping,3,False
vid1,Take 1 (clean),clean,15.433333333333334,1.562859754980552,0.6873627877516906,GRASP,Grasping,3,False
vid1,Take 1 (clean),clean,15.466666666666669,1.2287626081986929,0.6544868797929209,GRASP,Grasping,3,False
vid1,Take 1 (clean),clean,15.5,0.9447674902206272,0.6743771029837988,GRASP,Grasping,3,False
vid1,Take 1 (clean),clean,15.533333333333331,0.7106868563121261,0.7224732467095135,HOLD,Holding,4,False
vid1,Take 1 (clean),clean,15.566666666666666,0.520917231792629,0.7698916591523743,HOLD,Holding,4,False
vid1,Take 1 (clean),clean,15.6,0.4143298588929132,0.7809471802020913,HOLD,Holding,4,False
vid1,Take 1 (clean),clean,15.633333333333333,0.3729063007713591,0.7804386108354405,HOLD,Holding,4,False
vid1,Take 1 (clean),clean,15.666666666666666,0.3286689300220578,0.7769889310024595,HOLD,Holding,4,False
vid1,Take 1 (clean),clean,15.7,0.2624211495663855,0.7765734711876598,HOLD,Holding,4,False
vid1,Take 1 (clean),clean,15.733333333333333,0.2081006044280079,0.7873729654853211,HOLD,Holding,4,False
vid1,Take 1 (clean),clean,15.766666666666666,0.1669481751259084,0.7987833173359633,HOLD,Holding,4,False
vid1,Take 1 (clean),clean,15.8,0.1288966599333224,0.7918548791194846,HOLD,Holding,4,False
vid1,Take 1 (clean),clean,15.833333333333334,0.1321757495606524,0.7984261754624131,HOLD,Holding,4,False
vid1,Take 1 (clean),clean,15.866666666666667,0.1229731049127827,0.8061967636189156,HOLD,Holding,4,False
vid1,Take 1 (clean),clean,15.9,0.1300828168293049,0.8051442726642936,HOLD,Holding,4,False
vid1,Take 1 (clean),clean,15.933333333333334,0.1321717056406012,0.7982976251521533,HOLD,Holding,4,False
vid1,Take 1 (clean),clean,15.966666666666669,0.1289922460531932,0.7890006301102802,HOLD,Holding,4,False
vid1,Take 1 (clean),clean,16.0,0.0955669981743367,0.7933261693573989,HOLD,Holding,4,False
vid1,Take 1 (clean),clean,16.03333333333333,0.0380013955976361,0.798398275216104,HOLD,Holding,4,False
vid1,Take 1 (clean),clean,16.066666666666666,0.060447496351859,0.8032552797603084,HOLD,Holding,4,False
vid1,Take 1 (clean),clean,16.1,0.1321245302330326,0.8047767284982024,HOLD,Holding,4,False
vid1,Take 1 (clean),clean,16.133333333333333,0.1495909337101984,0.7947443761132028,HOLD,Holding,4,False
vid1,Take 1 (clean),clean,16.166666666666668,0.1090134258196093,0.7849559564327098,HOLD,Holding,4,False
vid1,Take 1 (clean),clean,16.2,0.0962820448456627,0.7622147141165495,HOLD,Holding,4,False
vid1,Take 1 (clean),clean,16.233333333333334,0.0882680744475216,0.7713962430397371,HOLD,Holding,4,False
vid1,Take 1 (clean),clean,16.266666666666666,0.044702657906272,0.7639723341049989,HOLD,Holding,4,False
vid1,Take 1 (clean),clean,16.3,0.055209484159652,0.7499808349942,HOLD,Holding,4,False
vid1,Take 1 (clean),clean,16.333333333333332,0.0918511331868168,0.7443859233096873,HOLD,Holding,4,False
vid1,Take 1 (clean),clean,16.366666666666667,0.1356349597841487,0.7481921390562375,HOLD,Holding,4,False
vid1,Take 1 (clean),clean,16.4,0.1879303421889558,0.7615920666877142,HOLD,Holding,4,False
vid1,Take 1 (clean),clean,16.433333333333334,0.2374765137604219,0.7623629816115227,HOLD,Holding,4,False
vid1,Take 1 (clean),clean,16.466666666666665,0.192861079526329,0.7814297671690901,HOLD,Holding,4,False
vid1,Take 1 (clean),clean,16.5,0.1476414331733185,0.77610278639451,HOLD,Holding,4,False
vid1,Take 1 (clean),clean,16.53333333333333,0.0649981028760901,0.788035320799231,HOLD,Holding,4,False
vid1,Take 1 (clean),clean,16.566666666666666,0.0131996386840103,0.7843069982918166,HOLD,Holding,4,False
vid1,Take 1 (clean),clean,16.6,0.0544455559520084,0.785886737352658,HOLD,Holding,4,False
vid1,Take 1 (clean),clean,16.633333333333333,0.0776395883480174,0.783598564600062,HOLD,Holding,4,False
vid1,Take 1 (clean),clean,16.666666666666668,0.083300335703304,0.7848802294774002,HOLD,Holding,4,False
vid1,Take 1 (clean),clean,16.7,0.126766281793254,0.7807469166776807,HOLD,Holding,4,False
vid1,Take 1 (clean),clean,16.733333333333334,0.1025045320916783,0.783553065705288,HOLD,Holding,4,False
vid1,Take 1 (clean),clean,16.766666666666666,0.0955136294625433,0.788598815220064,HOLD,Holding,4,False
vid1,Take 1 (clean),clean,16.8,0.0246634191077378,0.7868717148067847,HOLD,Holding,4,False
vid1,Take 1 (clean),clean,16.833333333333332,0.0559824030071464,0.7856162302777162,HOLD,Holding,4,False
vid1,Take 1 (clean),clean,16.866666666666667,0.1098792442890695,0.7857847888438556,HOLD,Holding,4,False
vid1,Take 1 (clean),clean,16.9,0.2770447046034029,0.7844300850663963,HOLD,Holding,4,False
vid1,Take 1 (clean),clean,16.933333333333334,0.577426822077873,0.7760303426503472,HOLD,Holding,4,False
vid1,Take 1 (clean),clean,16.966666666666665,0.9415725586080153,0.778789784096053,HOLD,Holding,4,False
vid1,Take 1 (clean),clean,17.0,1.3388290880637197,0.7992701064411779,HOLD,Holding,4,False
vid1,Take 1 (clean),clean,17.03333333333333,1.708574640894475,0.8225457416931751,HOLD,Holding,4,False
vid1,Take 1 (clean),clean,17.066666666666666,1.997239275853718,0.8154815384495704,HOLD,Holding,4,False
vid1,Take 1 (clean),clean,17.1,2.302671430459094,0.7852061631033816,HOLD,Holding,4,False
vid1,Take 1 (clean),clean,17.133333333333333,2.5935850779573912,0.740477008762238,HOLD,Holding,4,False
vid1,Take 1 (clean),clean,17.166666666666668,2.742194858156615,0.6867761001267795,HOLD,Holding,4,False
vid1,Take 1 (clean),clean,17.2,2.813621923085338,0.6624764446065775,HOLD,Holding,4,False
vid1,Take 1 (clean),clean,17.233333333333334,2.7296384685349033,0.6912797529255047,HOLD,Holding,4,False
vid1,Take 1 (clean),clean,17.266666666666666,2.546218183104799,0.7489482391284406,HOLD,Holding,4,False
vid1,Take 1 (clean),clean,17.3,2.3445105018787142,0.7882917138579489,HOLD,Holding,4,False
vid1,Take 1 (clean),clean,17.333333333333332,2.0770415185905953,0.7990080503125443,HOLD,Holding,4,False
vid1,Take 1 (clean),clean,17.366666666666667,1.8314018245448556,0.8162728924067897,HOLD,Holding,4,False
vid1,Take 1 (clean),clean,17.4,1.6122964677019764,0.8478510716623935,HOLD,Holding,4,False
vid1,Take 1 (clean),clean,17.433333333333334,1.3961680735448436,0.8686102597586217,HOLD,Holding,4,False
vid1,Take 1 (clean),clean,17.466666666666665,1.2033647783677843,0.8756518143048705,HOLD,Holding,4,False
vid1,Take 1 (clean),clean,17.5,1.0216963312630571,0.8651896848994028,HOLD,Holding,4,False
vid1,Take 1 (clean),clean,17.53333333333333,0.9678131780116394,0.8495396600394193,HOLD,Holding,4,False
vid1,Take 1 (clean),clean,17.566666666666666,0.9397819617125076,0.8331888023650841,HOLD,Holding,4,False
vid1,Take 1 (clean),clean,17.6,0.993352596600812,0.8311474715172085,HOLD,Holding,4,False
vid1,Take 1 (clean),clean,17.633333333333333,0.9875176924288644,0.8284217169755584,HOLD,Holding,4,False
vid1,Take 1 (clean),clean,17.666666666666668,0.9950437071690028,0.8329017106118252,HOLD,Holding,4,False
vid1,Take 1 (clean),clean,17.7,0.831403631724762,0.8339122292762539,HOLD,Holding,4,False
vid1,Take 1 (clean),clean,17.733333333333334,0.6300708751485434,0.7991708588498774,HOLD,Holding,4,False
vid1,Take 1 (clean),clean,17.766666666666666,0.3872574233408755,0.7417979801221153,HOLD,Holding,4,False
vid1,Take 1 (clean),clean,17.8,0.1119835966839612,0.7190006956450855,HOLD,Holding,4,False
vid1,Take 1 (clean),clean,17.833333333333332,0.1349058271263243,0.7329237675673206,HOLD,Holding,4,False
vid1,Take 1 (clean),clean,17.866666666666667,0.0628664347679798,0.7321789589429876,HOLD,Holding,4,False
vid1,Take 1 (clean),clean,17.9,0.0189308475049386,0.7395311103280967,HOLD,Holding,4,False
vid1,Take 1 (clean),clean,17.933333333333334,0.1703553047850722,0.7457284862713246,HOLD,Holding,4,False
vid1,Take 1 (clean),clean,17.966666666666665,0.0840431494297524,0.7808350152200538,HOLD,Holding,4,False
vid1,Take 1 (clean),clean,18.0,0.0957321630603429,0.7768149476667854,HOLD,Holding,4,False
vid1,Take 1 (clean),clean,18.03333333333333,0.1985455176919647,0.7661702883387564,HOLD,Holding,4,False
vid1,Take 1 (clean),clean,18.066666666666663,0.2312475955478751,0.768129867294314,HOLD,Holding,4,False
vid1,Take 1 (clean),clean,18.1,0.3171697219101826,0.8017521091712771,HOLD,Holding,4,False
vid1,Take 1 (clean),clean,18.133333333333333,0.3277502088834069,0.8320181369746499,HOLD,Holding,4,False
vid1,Take 1 (clean),clean,18.166666666666668,0.5612818309144548,0.8486173511492776,HOLD,Holding,4,False
vid1,Take 1 (clean),clean,18.2,0.8514604790332142,1.010323981994689,RELEASE,Releasing,5,False
vid1,Take 1 (clean),clean,18.233333333333334,0.9184902007394606,1.1764392076923706,RELEASE,Releasing,5,False
vid1,Take 1 (clean),clean,18.266666666666666,1.0067789109550265,1.3057207239251492,RELEASE,Releasing,5,False
vid1,Take 1 (clean),clean,18.3,1.0376775294330178,1.362581797591098,RELEASE,Releasing,5,False
vid1,Take 1 (clean),clean,18.333333333333332,1.0478181083596283,1.4845073798642778,RELEASE,Releasing,5,False
vid1,Take 1 (clean),clean,18.366666666666667,1.0875995326952062,1.528388541867268,RELEASE,Releasing,5,False
vid1,Take 1 (clean),clean,18.4,0.874711676594575,1.5267068709711589,RELEASE,Releasing,5,False
vid1,Take 1 (clean),clean,18.433333333333337,0.5067838420319841,1.4565084383490454,RELEASE,Releasing,5,False
vid1,Take 1 (clean),clean,18.466666666666665,0.5874405940853662,1.4884800921186996,RELEASE,Releasing,5,False
vid1,Take 1 (clean),clean,18.5,0.4553434376398101,1.519896688197961,RELEASE,Releasing,5,False
vid1,Take 1 (clean),clean,18.53333333333333,0.210604875228325,1.6829726174993922,RELEASE,Releasing,5,False
vid1,Take 1 (clean),clean,18.566666666666663,0.7219300321577704,1.7212670908581935,RELEASE,Releasing,5,False
vid1,Take 1 (clean),clean,18.6,1.0406471798529622,1.689290625192548,RELEASE,Releasing,5,False
vid1,Take 1 (clean),clean,18.633333333333333,1.3167439079969356,1.64427286303199,RELEASE,Releasing,5,False
vid1,Take 1 (clean),clean,18.666666666666668,1.1983685581107268,1.6361740294530789,RELEASE,Releasing,5,False
vid1,Take 1 (clean),clean,18.7,1.424451391064835,1.5788427434918506,RELEASE,Releasing,5,False
vid1,Take 1 (clean),clean,18.733333333333334,1.4675392181638924,1.4688060101365816,RELEASE,Releasing,5,False
vid1,Take 1 (clean),clean,18.766666666666666,1.3163628755597996,1.4385831869669603,RELEASE,Releasing,5,False
vid1,Take 1 (clean),clean,18.8,1.2257795289555704,1.399437380907982,RELEASE,Releasing,5,False
vid1,Take 1 (clean),clean,18.833333333333332,1.1817126406777092,1.4092940063939705,RELEASE,Releasing,5,False
vid1,Take 1 (clean),clean,18.866666666666667,1.2622699943724751,1.4608755523735946,RETRACT,Returning,6,False
vid1,Take 1 (clean),clean,18.9,1.458180378470179,1.5196849567166086,RETRACT,Returning,6,False
vid1,Take 1 (clean),clean,18.933333333333337,1.534801244171807,1.5153842118020613,RETRACT,Returning,6,False
vid1,Take 1 (clean),clean,18.966666666666665,1.6687462871915273,1.4819691165839453,RETRACT,Returning,6,False
vid1,Take 1 (clean),clean,19.0,1.8704067320591824,1.4524226009496166,RETRACT,Returning,6,False
vid1,Take 1 (clean),clean,19.03333333333333,2.0448591623102983,1.465630499889446,RETRACT,Returning,6,False
vid1,Take 1 (clean),clean,19.066666666666663,2.5503523933865133,1.4377216736603586,RETRACT,Returning,6,False
vid1,Take 1 (clean),clean,19.1,2.910238189037733,1.3847926693952626,RETRACT,Returning,6,False
vid1,Take 1 (clean),clean,19.133333333333333,2.8758114417132385,1.331133690922558,RETRACT,Returning,6,False
vid1,Take 1 (clean),clean,19.166666666666668,2.880371299077523,1.3132032178928792,RETRACT,Returning,6,False
vid1,Take 1 (clean),clean,19.2,2.76757678630436,1.2954190129461112,RETRACT,Returning,6,False
vid1,Take 1 (clean),clean,19.233333333333334,3.05730001416515,1.285713053433606,RETRACT,Returning,6,False
vid1,Take 1 (clean),clean,19.266666666666666,3.282730112762329,1.28268339613158,RETRACT,Returning,6,False
vid1,Take 1 (clean),clean,19.3,3.5366347592935967,1.245992498757671,RETRACT,Returning,6,False
vid1,Take 1 (clean),clean,19.333333333333332,3.664602412241784,1.1924017705407604,RETRACT,Returning,6,False
vid1,Take 1 (clean),clean,19.366666666666667,3.496035420114004,1.1719579668300102,RETRACT,Returning,6,False
vid1,Take 1 (clean),clean,19.4,3.3830759408054125,1.1942014430957557,RETRACT,Returning,6,False
vid1,Take 1 (clean),clean,19.433333333333337,3.0533063665261353,1.2058395599191114,RETRACT,Returning,6,False
vid1,Take 1 (clean),clean,19.466666666666665,3.011470441250645,1.1772840810866587,RETRACT,Returning,6,False
vid1,Take 1 (clean),clean,19.5,3.164243007718257,1.1514580096558908,RETRACT,Returning,6,False
vid1,Take 1 (clean),clean,19.53333333333333,3.218488241270448,1.1396803801906756,RETRACT,Returning,6,False
vid1,Take 1 (clean),clean,19.566666666666663,3.265908949802704,1.1313228279931151,RETRACT,Returning,6,False
vid1,Take 1 (clean),clean,19.6,3.1232832334329776,1.1218712492538017,RETRACT,Returning,6,False
vid1,Take 1 (clean),clean,19.633333333333333,2.925404235728817,1.1306473460798412,RETRACT,Returning,6,False
vid1,Take 1 (clean),clean,19.666666666666668,2.764651256888042,1.0892200382402408,RETRACT,Returning,6,False
vid1,Take 1 (clean),clean,19.7,2.5505096388763655,1.0467255898932597,RETRACT,Returning,6,False
vid1,Take 1 (clean),clean,19.733333333333334,2.359997018024029,1.020785518996166,RETRACT,Returning,6,False
vid1,Take 1 (clean),clean,19.766666666666666,2.0766588691678445,1.0527745450408477,RETRACT,Returning,6,False
vid1,Take 1 (clean),clean,19.8,1.9053703631099717,1.0359148636835744,RETRACT,Returning,6,False
vid1,Take 1 (clean),clean,19.833333333333332,1.5821071317591964,1.0976791159641477,RETRACT,Returning,6,False
vid1,Take 1 (clean),clean,19.866666666666667,1.4214393980136084,1.0911583873076247,RETRACT,Returning,6,False
vid1,Take 1 (clean),clean,19.9,1.2057318762174782,1.0626084367387196,RETRACT,Returning,6,False
vid1,Take 1 (clean),clean,19.933333333333337,0.8694478299603771,1.057512127285441,RETRACT,Returning,6,False
vid1,Take 1 (clean),clean,19.966666666666665,0.7600908358442816,1.1323006764482348,RETRACT,Returning,6,False
vid1,Take 1 (clean),clean,20.0,0.925905680565428,1.2016250006340063,RETRACT,Returning,6,False
vid1,Take 1 (clean),clean,20.03333333333333,1.0108727781980955,1.1299213368898415,RETRACT,Returning,6,False
vid1,Take 1 (clean),clean,20.066666666666663,0.8678277572910609,1.082609484486631,REST,At rest,1,False
vid1,Take 1 (clean),clean,20.1,0.5522286283826701,1.0636306247590572,REST,At rest,1,False
vid1,Take 1 (clean),clean,20.133333333333333,0.2622292017836421,1.100429092939737,REST,At rest,1,False
vid1,Take 1 (clean),clean,20.166666666666668,0.255241946244689,1.056599929146197,REST,At rest,1,False
vid1,Take 1 (clean),clean,20.2,0.2508572414706172,0.9993645393771912,REST,At rest,1,False
vid1,Take 1 (clean),clean,20.233333333333334,0.2904347633175232,0.9266913059843062,REST,At rest,1,False
vid1,Take 1 (clean),clean,20.266666666666666,0.1089023288973493,0.9298055341944752,REST,At rest,1,False
vid1,Take 1 (clean),clean,20.3,0.8366291457293173,0.9887715345617154,REST,At rest,1,False
vid1,Take 1 (clean),clean,20.333333333333332,1.0379905709429111,1.0516887650297908,REST,At rest,1,False
vid1,Take 1 (clean),clean,20.366666666666667,0.730965646358074,1.034631960057783,REST,At rest,1,False
vid1,Take 1 (clean),clean,20.4,0.2009422409123853,1.0311213834603044,REST,At rest,1,False
vid1,Take 1 (clean),clean,20.433333333333337,0.3031588043675218,1.0374386274352037,REST,At rest,1,False
vid1,Take 1 (clean),clean,20.466666666666665,0.3879639128843048,1.0476504709816366,REST,At rest,1,False
vid1,Take 1 (clean),clean,20.5,0.3107024125422475,1.060596424878193,REST,At rest,1,False
vid1,Take 1 (clean),clean,20.53333333333333,0.1457750974304246,1.0399927480332325,REST,At rest,1,False
vid1,Take 1 (clean),clean,20.566666666666663,0.1222843815066354,1.0072776488203274,REST,At rest,1,False
vid1,Take 1 (clean),clean,20.6,0.1780250163608846,0.9964537403400396,REST,At rest,1,False
vid1,Take 1 (clean),clean,20.633333333333333,0.2572291853915921,0.99689073870817,REST,At rest,1,False
vid1,Take 1 (clean),clean,20.666666666666668,0.1208783689433762,0.989904736136582,REST,At rest,1,False
vid1,Take 1 (clean),clean,20.7,0.0315988613891914,0.9796591640357704,REST,At rest,1,False
vid1,Take 1 (clean),clean,20.733333333333334,0.0902969395227753,1.0086232893638494,REST,At rest,1,False
vid1,Take 1 (clean),clean,20.766666666666666,0.1403930492827101,0.9826869779129488,REST,At rest,1,False
vid1,Take 1 (clean),clean,20.8,0.2827210678870271,0.9807747271056654,REST,At rest,1,False
vid1,Take 1 (clean),clean,20.833333333333332,0.0747430689201858,0.9939298307494282,REST,At rest,1,False
vid1,Take 1 (clean),clean,20.866666666666667,0.2407222255474485,1.0167251740718146,REST,At rest,1,False
vid1,Take 1 (clean),clean,20.9,0.1771181347348766,1.022576230962677,REST,At rest,1,False
vid1,Take 1 (clean),clean,20.933333333333337,0.1719829668089152,1.0064115553784756,REST,At rest,1,False
vid1,Take 1 (clean),clean,20.966666666666665,0.0910569428183921,1.0126041159510764,REST,At rest,1,False
vid1,Take 1 (clean),clean,21.0,0.0589529397235927,0.9879161419303566,REST,At rest,1,False
vid1,Take 1 (clean),clean,21.03333333333333,0.0860668173642829,1.0075367311032744,REST,At rest,1,False
vid1,Take 1 (clean),clean,21.066666666666663,0.1577036494097695,1.012371105809006,REST,At rest,1,False
vid1,Take 1 (clean),clean,21.1,0.1677139447789213,1.012978282702618,REST,At rest,1,False
vid1,Take 1 (clean),clean,21.133333333333333,0.2517542931572991,0.964031222174995,REST,At rest,1,False
vid1,Take 1 (clean),clean,21.166666666666668,0.0643818766129967,0.9541969683219804,REST,At rest,1,False
vid1,Take 1 (clean),clean,21.2,0.2304099869876305,0.9725399641208228,REST,At rest,1,False
vid1,Take 1 (clean),clean,21.233333333333334,0.247496383480192,1.010299815016674,REST,At rest,1,False
vid1,Take 1 (clean),clean,21.266666666666666,0.1671098540729255,1.0040335890738274,REST,At rest,1,False
vid1,Take 1 (clean),clean,21.3,0.1234897129155934,1.0173839245955123,REST,At rest,1,False
vid1,Take 1 (clean),clean,21.333333333333332,0.1315819331603225,0.9900908604794376,REST,At rest,1,False
vid1,Take 1 (clean),clean,21.366666666666667,0.0732446611177748,0.9721171479364298,REST,At rest,1,False
vid1,Take 1 (clean),clean,21.4,0.2176996415803797,0.937696698140887,REST,At rest,1,False
vid1,Take 1 (clean),clean,21.433333333333337,0.278522629928939,0.971771053481747,REST,At rest,1,False
vid1,Take 1 (clean),clean,21.466666666666665,0.1442373905449531,0.989994459268012,REST,At rest,1,False
vid1,Take 1 (clean),clean,21.5,0.0117156580393203,0.999609843635656,REST,At rest,1,False
vid1,Take 1 (clean),clean,21.53333333333333,0.2811650110750109,0.9914565622273268,REST,At rest,1,False
vid1,Take 1 (clean),clean,21.566666666666663,0.2855717616920069,0.9838659412698004,REST,At rest,1,False
vid1,Take 1 (clean),clean,21.6,0.0710084229867615,0.9951462396881112,REST,At rest,1,False
vid1,Take 1 (clean),clean,21.633333333333333,0.0384699487028827,0.9934035015281094,REST,At rest,1,False
vid1,Take 1 (clean),clean,21.666666666666668,0.0707922101969521,1.003186588793598,REST,At rest,1,False
vid1,Take 1 (clean),clean,21.7,0.005964251188481,1.019953774788464,REST,At rest,1,False
vid1,Take 1 (clean),clean,21.733333333333334,0.2371770822295771,1.0303650181412622,REST,At rest,1,False
vid1,Take 1 (clean),clean,21.766666666666666,0.1036987752044276,1.016581395156022,REST,At rest,1,False
vid1,Take 1 (clean),clean,21.8,0.0887917951857576,1.0008395147275668,REST,At rest,1,False
vid1,Take 1 (clean),clean,21.833333333333332,0.193951871644548,1.0076472352956931,REST,At rest,1,False
vid1,Take 1 (clean),clean,21.866666666666667,0.4620238411152055,1.0259403532303617,REST,At rest,1,False
vid1,Take 1 (clean),clean,21.9,0.1480959606958113,1.0162638154773032,REST,At rest,1,False
vid1,Take 1 (clean),clean,21.933333333333337,0.043662089880782,1.0214375698360143,REST,At rest,1,False
vid1,Take 1 (clean),clean,21.966666666666665,0.2612673613410561,0.9803003666490728,REST,At rest,1,False
vid1,Take 1 (clean),clean,22.0,0.1782694260273001,1.0023680475777257,REST,At rest,1,False
vid1,Take 1 (clean),clean,22.03333333333333,0.0675783720927433,0.9999798888256828,REST,At rest,1,False
vid1,Take 1 (clean),clean,22.066666666666663,0.040354941887996,1.0191058221492155,REST,At rest,1,False
vid1,Take 1 (clean),clean,22.1,0.0098743338262098,0.9859890584350122,REST,At rest,1,False
vid1,Take 1 (clean),clean,22.133333333333333,0.0519246343592584,0.9994653209503508,REST,At rest,1,False
vid1,Take 1 (clean),clean,22.166666666666668,0.03393660098275,1.0447189830576156,REST,At rest,1,False
vid1,Take 1 (clean),clean,22.2,0.1132894663804203,1.0374114624074044,REST,At rest,1,False
vid1,Take 1 (clean),clean,22.233333333333334,0.0224909188732184,1.0498106416822448,REST,At rest,1,False
vid1,Take 1 (clean),clean,22.266666666666666,0.0356134253516644,1.0470320825541908,REST,At rest,1,False
vid1,Take 1 (clean),clean,22.3,0.1496788445182154,1.0728689867002192,REST,At rest,1,False
vid1,Take 1 (clean),clean,22.333333333333332,0.0177492699628697,1.0562388069191917,REST,At rest,1,False
vid1,Take 1 (clean),clean,22.366666666666667,0.0692345335216548,1.053787017606742,REST,At rest,1,False
vid1,Take 1 (clean),clean,22.4,0.1780424326505315,1.0319347573375213,REST,At rest,1,False
vid1,Take 1 (clean),clean,22.433333333333337,0.1646789803545702,0.9967802842140836,REST,At rest,1,False
vid1,Take 1 (clean),clean,22.466666666666665,0.1512270701860956,1.00872167664234,REST,At rest,1,False
vid1,Take 1 (clean),clean,22.5,0.1261173928445785,1.0655188171777552,REST,At rest,1,False
vid1,Take 1 (clean),clean,22.53333333333333,0.2079542761586703,1.0821875831777872,REST,At rest,1,False
vid1,Take 1 (clean),clean,22.566666666666663,0.2436356082539958,1.048618240858035,REST,At rest,1,False
vid1,Take 1 (clean),clean,22.6,0.1904410334286027,1.019112399089666,REST,At rest,1,False
vid1,Take 1 (clean),clean,22.633333333333333,0.11631234867379,1.035047009839798,REST,At rest,1,False
vid1,Take 1 (clean),clean,22.666666666666668,0.1455203261495448,1.005736659257054,REST,At rest,1,False
vid1,Take 1 (clean),clean,22.7,0.0639662346122062,0.9711695952904564,REST,At rest,1,False
vid1,Take 1 (clean),clean,22.733333333333334,0.0261207393762127,0.97007950782144,REST,At rest,1,False
vid1,Take 1 (clean),clean,22.766666666666666,0.0731569747754061,1.004673316028286,REST,At rest,1,False
vid1,Take 1 (clean),clean,22.8,0.0313199499333965,1.0409395141870144,REST,At rest,1,False
vid1,Take 1 (clean),clean,22.833333333333332,0.2994864037989919,1.0092312175723386,REST,At rest,1,False
vid1,Take 1 (clean),clean,22.866666666666667,0.3069457319050785,0.9980799936572368,REST,At rest,1,False
vid1,Take 1 (clean),clean,22.9,0.267536270550071,1.0009315237890537,REST,At rest,1,False
vid1,Take 1 (clean),clean,22.933333333333337,0.3764560088590818,1.0214531251074632,REST,At rest,1,False
vid1,Take 1 (clean),clean,22.966666666666665,0.5559602594395217,1.0434191554007213,REST,At rest,1,False
vid1,Take 1 (clean),clean,23.0,0.6793010586601518,1.1252396581336523,REST,At rest,1,False
vid1,Take 1 (clean),clean,23.03333333333333,0.7087845713554103,1.1685729368638944,REACH,Reaching,2,False
vid1,Take 1 (clean),clean,23.066666666666663,0.9721777049541064,1.149574358123793,REACH,Reaching,2,False
vid1,Take 1 (clean),clean,23.1,1.3605242803596316,1.1074488898931032,REACH,Reaching,2,False
vid1,Take 1 (clean),clean,23.133333333333333,1.75287304510663,1.1106252635131568,REACH,Reaching,2,False
vid1,Take 1 (clean),clean,23.166666666666668,2.145287459425562,1.158274731998403,REACH,Reaching,2,False
vid1,Take 1 (clean),clean,23.2,2.3861265072856717,1.1925932863509745,REACH,Reaching,2,False
vid1,Take 1 (clean),clean,23.233333333333334,2.6285623483204983,1.204890369820149,REACH,Reaching,2,False
vid1,Take 1 (clean),clean,23.266666666666666,2.937280957581419,1.197102386380542,REACH,Reaching,2,False
vid1,Take 1 (clean),clean,23.3,3.3524251820582815,1.1803182585672294,REACH,Reaching,2,False
vid1,Take 1 (clean),clean,23.333333333333332,3.713250223981795,1.1162274328952222,REACH,Reaching,2,False
vid1,Take 1 (clean),clean,23.366666666666667,3.713859795879936,1.075428990111153,REACH,Reaching,2,False
vid1,Take 1 (clean),clean,23.4,3.5230639512935498,1.0686720792768014,REACH,Reaching,2,False
vid1,Take 1 (clean),clean,23.433333333333337,3.2062345034254953,1.0906498826411342,REACH,Reaching,2,False
vid1,Take 1 (clean),clean,23.466666666666665,2.947519682124631,1.1165114023080156,REACH,Reaching,2,False
vid1,Take 1 (clean),clean,23.5,2.855523288377994,1.1292738010625214,REACH,Reaching,2,False
vid1,Take 1 (clean),clean,23.53333333333333,2.835328681915286,1.152740811195716,REACH,Reaching,2,False
vid1,Take 1 (clean),clean,23.566666666666663,2.7626089237868516,1.1759848700062014,REACH,Reaching,2,False
vid1,Take 1 (clean),clean,23.6,2.6727596372550955,1.219307597076991,REACH,Reaching,2,False
vid1,Take 1 (clean),clean,23.633333333333333,2.4657570065757195,1.2432041824185494,REACH,Reaching,2,False
vid1,Take 1 (clean),clean,23.666666666666668,2.366429103100327,1.2623698908361567,REACH,Reaching,2,False
vid1,Take 1 (clean),clean,23.7,2.3581609651494655,1.2611570828335252,REACH,Reaching,2,False
vid1,Take 1 (clean),clean,23.733333333333334,2.397652369130725,1.2385271877767092,REACH,Reaching,2,False
vid1,Take 1 (clean),clean,23.766666666666666,2.3800016080944415,1.2227357059397923,REACH,Reaching,2,False
vid1,Take 1 (clean),clean,23.8,2.3419880282138146,1.218493537038647,REACH,Reaching,2,False
vid1,Take 1 (clean),clean,23.833333333333332,2.377150271133542,1.235788263199357,REACH,Reaching,2,False
vid1,Take 1 (clean),clean,23.866666666666667,2.3251299936801604,1.2439603867877451,REACH,Reaching,2,False
vid1,Take 1 (clean),clean,23.9,2.3408918747123,1.2527902699937246,REACH,Reaching,2,False
vid1,Take 1 (clean),clean,23.933333333333337,2.31153684170232,1.2668630544655235,REACH,Reaching,2,False
vid1,Take 1 (clean),clean,23.966666666666665,2.272723677108801,1.2769793174555222,REACH,Reaching,2,False
vid1,Take 1 (clean),clean,24.0,2.350291458859002,1.283776088755316,REACH,Reaching,2,False
vid1,Take 1 (clean),clean,24.03333333333333,2.25355743220982,1.3023102206029482,REACH,Reaching,2,False
vid1,Take 1 (clean),clean,24.066666666666663,2.141375892431399,1.3151585943877642,REACH,Reaching,2,False
vid1,Take 1 (clean),clean,24.1,2.015748294367432,1.3101387607476662,REACH,Reaching,2,False
vid1,Take 1 (clean),clean,24.133333333333333,1.890304458230689,1.2948529365073072,REACH,Reaching,2,False
vid1,Take 1 (clean),clean,24.166666666666668,1.943647028753727,1.2842729376302866,REACH,Reaching,2,False
vid1,Take 1 (clean),clean,24.2,1.987705343078368,1.2429241283727208,REACH,Reaching,2,False
vid1,Take 1 (clean),clean,24.233333333333334,1.9674219156874275,1.2051057895113475,REACH,Reaching,2,False
vid1,Take 1 (clean),clean,24.266666666666666,1.8389048952625937,1.1756758996365488,REACH,Reaching,2,False
vid1,Take 1 (clean),clean,24.3,1.716137996868951,1.1203134739336538,REACH,Reaching,2,False
vid1,Take 1 (clean),clean,24.333333333333332,1.643545322780358,1.0427207290556546,REACH,Reaching,2,False
vid1,Take 1 (clean),clean,24.366666666666667,1.633191819828645,1.0047602686373205,REACH,Reaching,2,False
vid1,Take 1 (clean),clean,24.4,1.6672565987190702,0.9923147430465772,REACH,Reaching,2,False
vid1,Take 1 (clean),clean,24.433333333333337,1.6300166403445104,0.9731425476624348,REACH,Reaching,2,False
vid1,Take 1 (clean),clean,24.466666666666665,1.6465300864986476,0.980525504519703,REACH,Reaching,2,False
vid1,Take 1 (clean),clean,24.5,1.6004756406889722,0.9979802670591384,REACH,Reaching,2,False
vid1,Take 1 (clean),clean,24.53333333333333,1.6319517895446345,0.991829754724546,REACH,Reaching,2,False
vid1,Take 1 (clean),clean,24.566666666666663,1.6945993843069,0.9754219470457732,REACH,Reaching,2,False
vid1,Take 1 (clean),clean,24.6,1.6464017101858193,0.9616070323936464,GRASP,Grasping,3,False
vid1,Take 1 (clean),clean,24.633333333333333,1.415962342936206,0.9090236720447088,GRASP,Grasping,3,False
vid1,Take 1 (clean),clean,24.666666666666668,1.0743004047802114,0.8524856316745276,GRASP,Grasping,3,False
vid1,Take 1 (clean),clean,24.7,0.7950430297232156,0.9019020110952712,GRASP,Grasping,3,False
vid1,Take 1 (clean),clean,24.733333333333334,0.5717671484233093,0.9388861339632316,GRASP,Grasping,3,False
vid1,Take 1 (clean),clean,24.766666666666666,0.4518500955491191,0.9156237201229744,GRASP,Grasping,3,False
vid1,Take 1 (clean),clean,24.8,0.3595879491470973,0.8602238907320019,GRASP,Grasping,3,False
vid1,Take 1 (clean),clean,24.833333333333332,0.3296488515567086,0.8851413173557098,GRASP,Grasping,3,False
vid1,Take 1 (clean),clean,24.866666666666667,0.367928347072067,0.8897359834667534,GRASP,Grasping,3,False
vid1,Take 1 (clean),clean,24.9,0.375061431190627,0.8882626523414531,GRASP,Grasping,3,False
vid1,Take 1 (clean),clean,24.933333333333337,0.3790699663632618,0.8741466212746429,GRASP,Grasping,3,False
vid1,Take 1 (clean),clean,24.966666666666665,0.3664252724381093,0.8756610319779241,GRASP,Grasping,3,False
vid1,Take 1 (clean),clean,25.0,0.3076001477297276,0.8446217088741484,GRASP,Grasping,3,False
vid1,Take 1 (clean),clean,25.03333333333333,0.3719670160730058,0.8224489305762186,GRASP,Grasping,3,False
vid1,Take 1 (clean),clean,25.066666666666663,0.3611721237335375,0.8093073952064739,GRASP,Grasping,3,False
vid1,Take 1 (clean),clean,25.1,0.2778492878443852,0.846321679538313,GRASP,Grasping,3,False
vid1,Take 1 (clean),clean,25.133333333333333,0.3137008728551659,0.8385194336973659,GRASP,Grasping,3,False
vid1,Take 1 (clean),clean,25.166666666666668,0.3716707698581407,0.7975187174453047,GRASP,Grasping,3,False
vid1,Take 1 (clean),clean,25.2,0.3826133443007699,0.7931371681530854,GRASP,Grasping,3,False
vid1,Take 1 (clean),clean,25.233333333333334,0.4229791096544812,0.8115036906114443,GRASP,Grasping,3,False
vid1,Take 1 (clean),clean,25.266666666666666,0.3920176854959177,0.8130728346957656,GRASP,Grasping,3,False
vid1,Take 1 (clean),clean,25.3,0.4118494703143816,0.7994989964731711,GRASP,Grasping,3,False
vid1,Take 1 (clean),clean,25.333333333333332,0.4344923472914381,0.7819307782780404,GRASP,Grasping,3,False
vid1,Take 1 (clean),clean,25.366666666666667,0.3598722352758377,0.7499497121042786,GRASP,Grasping,3,False
vid1,Take 1 (clean),clean,25.4,0.3141616143397559,0.7366954509580171,GRASP,Grasping,3,False
vid1,Take 1 (clean),clean,25.433333333333337,0.3780128078294453,0.7316540049600733,GRASP,Grasping,3,False
vid1,Take 1 (clean),clean,25.466666666666665,0.4129277960161905,0.7343166304377405,GRASP,Grasping,3,False
vid1,Take 1 (clean),clean,25.5,0.3922739154125544,0.7510541463213702,GRASP,Grasping,3,False
vid1,Take 1 (clean),clean,25.53333333333333,0.2748323956171875,0.7721730441850249,GRASP,Grasping,3,False
vid1,Take 1 (clean),clean,25.566666666666663,0.2578517448846766,0.7548913469531753,GRASP,Grasping,3,False
vid1,Take 1 (clean),clean,25.6,0.357643877199103,0.7331089250202505,GRASP,Grasping,3,False
vid1,Take 1 (clean),clean,25.633333333333333,0.3952367791181288,0.7120806650606564,GRASP,Grasping,3,False
vid1,Take 1 (clean),clean,25.666666666666668,0.4110548640117499,0.7221831966109791,GRASP,Grasping,3,False
vid1,Take 1 (clean),clean,25.7,0.4145082261623861,0.7369254545017349,GRASP,Grasping,3,False
vid1,Take 1 (clean),clean,25.733333333333334,0.4971387519628539,0.745855975738607,GRASP,Grasping,3,False
vid1,Take 1 (clean),clean,25.766666666666666,0.7474144759464605,0.7580064311700693,GRASP,Grasping,3,False
vid1,Take 1 (clean),clean,25.8,0.9916799330902948,0.7624004156294324,GRASP,Grasping,3,False
vid1,Take 1 (clean),clean,25.833333333333332,1.2804159355422526,0.7427496489832703,GRASP,Grasping,3,False
vid1,Take 1 (clean),clean,25.866666666666667,1.5661242344786472,0.7112606878957087,GRASP,Grasping,3,False
vid1,Take 1 (clean),clean,25.9,1.7540612727439833,0.6675481508543312,GRASP,Grasping,3,False
vid1,Take 1 (clean),clean,25.933333333333337,1.9919102881978463,0.6351173650393614,GRASP,Grasping,3,False
vid1,Take 1 (clean),clean,25.966666666666665,2.2287953217089465,0.655297830418239,GRASP,Grasping,3,False
vid1,Take 1 (clean),clean,26.0,2.4602947879096635,0.6982577955384179,GRASP,Grasping,3,False
vid1,Take 1 (clean),clean,26.03333333333333,2.65497559862226,0.7182181421308675,GRASP,Grasping,3,False
vid1,Take 1 (clean),clean,26.066666666666663,2.742810972093771,0.7264656758072184,GRASP,Grasping,3,False
vid1,Take 1 (clean),clean,26.1,2.694459244311341,0.729470730590643,GRASP,Grasping,3,False
vid1,Take 1 (clean),clean,26.133333333333333,2.517953603260245,0.7143185697715208,GRASP,Grasping,3,False
vid1,Take 1 (clean),clean,26.166666666666668,2.259283185852825,0.7088942849302078,GRASP,Grasping,3,False
vid1,Take 1 (clean),clean,26.2,1.9914757199387907,0.6888046490900204,GRASP,Grasping,3,False
vid1,Take 1 (clean),clean,26.233333333333334,1.8129872543818144,0.6685859325323595,GRASP,Grasping,3,False
vid1,Take 1 (clean),clean,26.266666666666666,1.6362259059686464,0.6716035272969036,GRASP,Grasping,3,False
vid1,Take 1 (clean),clean,26.3,1.4377178651920928,0.7019094056967984,GRASP,Grasping,3,False
vid1,Take 1 (clean),clean,26.333333333333332,1.2335125316194102,0.7196495251399971,GRASP,Grasping,3,False
vid1,Take 1 (clean),clean,26.366666666666667,1.0869034246030167,0.7257290498177785,GRASP,Grasping,3,False
vid1,Take 1 (clean),clean,26.4,0.9895554834150696,0.7356634264771367,HOLD,Holding,4,False
vid1,Take 1 (clean),clean,26.433333333333337,0.9267171726741988,0.7452534412761641,HOLD,Holding,4,False
vid1,Take 1 (clean),clean,26.466666666666665,0.7070882201524342,0.7539468158561281,HOLD,Holding,4,False
vid1,Take 1 (clean),clean,26.5,0.4879854139901224,0.7495008487686796,HOLD,Holding,4,False
vid1,Take 1 (clean),clean,26.53333333333333,0.3137908864800798,0.7449450855939135,HOLD,Holding,4,False
vid1,Take 1 (clean),clean,26.566666666666663,0.220436815219829,0.7351608089471664,HOLD,Holding,4,False
vid1,Take 1 (clean),clean,26.6,0.2132979564514467,0.7276933704168473,HOLD,Holding,4,False
vid1,Take 1 (clean),clean,26.633333333333333,0.1363009270936187,0.7232063469612664,HOLD,Holding,4,False
vid1,Take 1 (clean),clean,26.666666666666668,0.1716142824453061,0.7330924839405882,HOLD,Holding,4,False
vid1,Take 1 (clean),clean,26.7,0.1499023716835024,0.7385115165495473,HOLD,Holding,4,False
vid1,Take 1 (clean),clean,26.733333333333334,0.166596924512386,0.729932396430052,HOLD,Holding,4,False
vid1,Take 1 (clean),clean,26.766666666666666,0.1754295054356352,0.7313517444328578,HOLD,Holding,4,False
vid1,Take 1 (clean),clean,26.8,0.1593777398317097,0.7396894103724337,HOLD,Holding,4,False
vid1,Take 1 (clean),clean,26.833333333333332,0.1137857878999973,0.7488256808145675,HOLD,Holding,4,False
vid1,Take 1 (clean),clean,26.866666666666667,0.0532527803408352,0.7384424765278429,HOLD,Holding,4,False
vid1,Take 1 (clean),clean,26.9,0.0538897492806884,0.7303694691338047,HOLD,Holding,4,False
vid1,Take 1 (clean),clean,26.933333333333337,0.0859714023023538,0.7248645484769882,HOLD,Holding,4,False
vid1,Take 1 (clean),clean,26.966666666666665,0.0721466917754931,0.7273122233335629,HOLD,Holding,4,False
vid1,Take 1 (clean),clean,27.0,0.0469077272277891,0.724853840387286,HOLD,Holding,4,False
vid1,Take 1 (clean),clean,27.03333333333333,0.0634860148320801,0.7129678133035258,HOLD,Holding,4,False
vid1,Take 1 (clean),clean,27.066666666666663,0.0473132574067869,0.6913668346567169,HOLD,Holding,4,False
vid1,Take 1 (clean),clean,27.1,0.0271595949054049,0.6959301180295439,HOLD,Holding,4,False
vid1,Take 1 (clean),clean,27.133333333333333,0.019527324498273,0.7139841104977338,HOLD,Holding,4,False
vid1,Take 1 (clean),clean,27.166666666666668,0.0394621086060228,0.7300797353341918,HOLD,Holding,4,False
vid1,Take 1 (clean),clean,27.2,0.1070151912561566,0.7284519100321704,HOLD,Holding,4,False
vid1,Take 1 (clean),clean,27.233333333333334,0.1892953631066338,0.7276336093157316,HOLD,Holding,4,False
vid1,Take 1 (clean),clean,27.266666666666666,0.21515228883926,0.7358468140583357,HOLD,Holding,4,False
vid1,Take 1 (clean),clean,27.3,0.2591576856389266,0.7626101784716852,HOLD,Holding,4,False
vid1,Take 1 (clean),clean,27.333333333333332,0.2583453161001193,0.7877305920405964,HOLD,Holding,4,False
vid1,Take 1 (clean),clean,27.366666666666667,0.2408828341920311,0.7974477270472948,HOLD,Holding,4,False
vid1,Take 1 (clean),clean,27.4,0.2679750097711978,0.7850722767594632,HOLD,Holding,4,False
vid1,Take 1 (clean),clean,27.433333333333337,0.292607520157172,0.788954518117225,HOLD,Holding,4,False
vid1,Take 1 (clean),clean,27.466666666666665,0.3512778947501276,0.8041668445135516,HOLD,Holding,4,False
vid1,Take 1 (clean),clean,27.5,0.4181515540372538,0.8236018193908672,HOLD,Holding,4,False
vid1,Take 1 (clean),clean,27.53333333333333,0.50543574512387,0.812326331206767,HOLD,Holding,4,False
vid1,Take 1 (clean),clean,27.566666666666663,0.5833661888673625,0.7984284053621892,HOLD,Holding,4,False
vid1,Take 1 (clean),clean,27.6,0.6411077498093085,0.7978944462033284,HOLD,Holding,4,False
vid1,Take 1 (clean),clean,27.633333333333333,0.689635027013953,0.8096936988467018,HOLD,Holding,4,False
vid1,Take 1 (clean),clean,27.666666666666668,0.8460478733344533,0.813560540837527,HOLD,Holding,4,False
vid1,Take 1 (clean),clean,27.7,1.0117341929025634,0.8154392047678793,HOLD,Holding,4,False
vid1,Take 1 (clean),clean,27.733333333333334,1.1581692355449718,0.8136790090055842,HOLD,Holding,4,False
vid1,Take 1 (clean),clean,27.766666666666666,1.260413180013305,0.8317267668403507,HOLD,Holding,4,False
vid1,Take 1 (clean),clean,27.8,1.3272366142033565,0.8706347420334939,HOLD,Holding,4,False
vid1,Take 1 (clean),clean,27.833333333333332,1.441779127242086,0.8920471269039848,HOLD,Holding,4,False
vid1,Take 1 (clean),clean,27.866666666666667,1.5736735614258754,0.8678199682580309,HOLD,Holding,4,False
vid1,Take 1 (clean),clean,27.9,1.7397869052162551,0.8358193170751725,HOLD,Holding,4,False
vid1,Take 1 (clean),clean,27.933333333333337,1.913518024988611,0.8232900612209064,HOLD,Holding,4,False
vid1,Take 1 (clean),clean,27.966666666666665,2.043220069561719,0.8117907912448231,HOLD,Holding,4,False
vid1,Take 1 (clean),clean,28.0,2.0980728912042697,0.8052976340007103,HOLD,Holding,4,False
vid1,Take 1 (clean),clean,28.03333333333333,2.084180635844782,0.8067803678676043,HOLD,Holding,4,False
vid1,Take 1 (clean),clean,28.066666666666663,2.019844506403861,0.8035911376857668,HOLD,Holding,4,False
vid1,Take 1 (clean),clean,28.1,1.8965915591622515,0.7800579736463473,HOLD,Holding,4,False
vid1,Take 1 (clean),clean,28.133333333333333,1.7624706805635837,0.7435222289177836,HOLD,Holding,4,False
vid1,Take 1 (clean),clean,28.166666666666668,1.5947506249510732,0.7058470896575547,HOLD,Holding,4,False
vid1,Take 1 (clean),clean,28.2,1.443512032093722,0.6897426079424932,HOLD,Holding,4,False
vid1,Take 1 (clean),clean,28.233333333333334,1.3333678578765684,0.6824444202386405,HOLD,Holding,4,False
vid1,Take 1 (clean),clean,28.266666666666666,1.1926272197449057,0.6738755665622302,HOLD,Holding,4,False
vid1,Take 1 (clean),clean,28.3,1.1436712745070012,0.6657032307555558,HOLD,Holding,4,False
vid1,Take 1 (clean),clean,28.333333333333332,1.0899456968592094,0.6678138882093259,HOLD,Holding,4,False
vid1,Take 1 (clean),clean,28.366666666666667,1.007245985898533,0.6809337492796106,HOLD,Holding,4,False
vid1,Take 1 (clean),clean,28.4,0.9930552016926588,0.6874916465015272,HOLD,Holding,4,False
vid1,Take 1 (clean),clean,28.433333333333337,1.0454727324489983,0.7042220683378062,HOLD,Holding,4,False
vid1,Take 1 (clean),clean,28.466666666666665,1.1504456785020896,0.7070502544055972,HOLD,Holding,4,False
vid1,Take 1 (clean),clean,28.5,1.1858989684188492,0.7336420011093454,HOLD,Holding,4,False
vid1,Take 1 (clean),clean,28.53333333333333,1.1251752620329805,0.7603934827042436,HOLD,Holding,4,False
vid1,Take 1 (clean),clean,28.566666666666663,0.8355205682408338,0.80473322623971,HOLD,Holding,4,False
vid1,Take 1 (clean),clean,28.6,0.5320091730304283,0.8117350782823451,HOLD,Holding,4,False
vid1,Take 1 (clean),clean,28.633333333333333,0.3274376705645695,0.8010925547418376,HOLD,Holding,4,False
vid1,Take 1 (clean),clean,28.666666666666668,0.1665505581522462,0.7785266858749054,HOLD,Holding,4,False
vid1,Take 1 (clean),clean,28.7,0.1594935442367398,0.7928317996741597,HOLD,Holding,4,False
vid1,Take 1 (clean),clean,28.733333333333334,0.2184914025338476,0.805176955323509,HOLD,Holding,4,False
vid1,Take 1 (clean),clean,28.766666666666666,0.3597253593826312,0.815735103509454,HOLD,Holding,4,False
vid1,Take 1 (clean),clean,28.8,0.3731455017825008,0.8197226564761458,HOLD,Holding,4,False
vid1,Take 1 (clean),clean,28.833333333333332,0.300493239257086,0.8186827396578586,HOLD,Holding,4,False
vid1,Take 1 (clean),clean,28.866666666666667,0.217978239603652,0.7999849068563025,HOLD,Holding,4,False
vid1,Take 1 (clean),clean,28.9,0.1302012404337048,0.7866258044299534,HOLD,Holding,4,False
vid1,Take 1 (clean),clean,28.933333333333337,0.0979872761267602,0.7940167843070481,HOLD,Holding,4,False
vid1,Take 1 (clean),clean,28.966666666666665,0.0983162922271991,0.7986327199568414,HOLD,Holding,4,False
vid1,Take 1 (clean),clean,29.0,0.1490800364222489,0.8005919746875414,HOLD,Holding,4,False
vid1,Take 1 (clean),clean,29.03333333333333,0.1187856585681117,0.8078453434112758,HOLD,Holding,4,False
vid1,Take 1 (clean),clean,29.066666666666663,0.0111727492588567,0.8029968223440966,HOLD,Holding,4,False
vid1,Take 1 (clean),clean,29.1,0.083744254527844,0.7920552542045212,HOLD,Holding,4,False
vid1,Take 1 (clean),clean,29.133333333333333,0.0986496057528331,0.7881724542845661,HOLD,Holding,4,False
vid1,Take 1 (clean),clean,29.166666666666668,0.0979176409076523,0.7749453859474499,HOLD,Holding,4,False
vid1,Take 1 (clean),clean,29.2,0.1623722239951773,0.7670446423966931,HOLD,Holding,4,False
vid1,Take 1 (clean),clean,29.233333333333334,0.1314533781806844,0.7745128777822511,HOLD,Holding,4,False
vid1,Take 1 (clean),clean,29.266666666666666,0.0756730001383195,0.7851370457581243,HOLD,Holding,4,False
vid1,Take 1 (clean),clean,29.3,0.0773691575788605,0.7782923636205241,HOLD,Holding,4,False
vid1,Take 1 (clean),clean,29.333333333333332,0.1485216387357096,0.7746605569145208,HOLD,Holding,4,False
vid1,Take 1 (clean),clean,29.366666666666667,0.0802738489372259,0.7928553710146673,HOLD,Holding,4,False
vid1,Take 1 (clean),clean,29.4,0.0629584838836855,0.8106332363639711,HOLD,Holding,4,False
vid1,Take 1 (clean),clean,29.433333333333337,0.0698210820792081,0.8129520368431333,HOLD,Holding,4,False
vid1,Take 1 (clean),clean,29.466666666666665,0.0252315083588244,0.8064582961709114,HOLD,Holding,4,False
vid1,Take 1 (clean),clean,29.5,0.1028298983328722,0.7855953856132946,HOLD,Holding,4,False
vid1,Take 1 (clean),clean,29.53333333333333,0.0925626496034536,0.7741227693425132,HOLD,Holding,4,False
vid1,Take 1 (clean),clean,29.566666666666663,0.1354749753114744,0.753167235133348,HOLD,Holding,4,False
vid1,Take 1 (clean),clean,29.6,0.2478615836105853,0.7588981590616531,HOLD,Holding,4,False
vid1,Take 1 (clean),clean,29.633333333333333,0.4165507179174666,0.781132260734126,HOLD,Holding,4,False
vid1,Take 1 (clean),clean,29.666666666666668,0.5842176591647721,0.8893794503842565,HOLD,Holding,4,False
vid1,Take 1 (clean),clean,29.7,0.6995350095084264,1.0895421809818226,RELEASE,Releasing,5,False
vid1,Take 1 (clean),clean,29.733333333333334,0.7059641260593311,1.1342188291430946,RELEASE,Releasing,5,False
vid1,Take 1 (clean),clean,29.766666666666666,0.7933364844509876,1.0821130120607865,RELEASE,Releasing,5,False
vid1,Take 1 (clean),clean,29.8,0.8068577493193851,1.0798248338456442,RELEASE,Releasing,5,False
vid1,Take 1 (clean),clean,29.833333333333332,0.99246486966791,1.2071732110801183,RELEASE,Releasing,5,False
vid1,Take 1 (clean),clean,29.866666666666667,1.026746060494748,1.2332954151695723,RELEASE,Releasing,5,False
vid1,Take 1 (clean),clean,29.9,0.6346621477005606,1.3207658282255548,RELEASE,Releasing,5,False
vid1,Take 1 (clean),clean,29.933333333333337,0.3179061988799136,1.3902614622108391,RELEASE,Releasing,5,False
vid1,Take 1 (clean),clean,29.966666666666665,0.4194595762592498,1.4916506681591668,RELEASE,Releasing,5,False
vid1,Take 1 (clean),clean,30.0,0.6334213618262353,1.465446979395911,RELEASE,Releasing,5,False
vid1,Take 1 (clean),clean,30.03333333333333,0.51912123203425,1.455063268837538,RELEASE,Releasing,5,False
vid1,Take 1 (clean),clean,30.066666666666663,0.5502031586284759,1.4161233043517265,RELEASE,Releasing,5,False
vid1,Take 1 (clean),clean,30.1,0.4573588460933711,1.448828212073427,RELEASE,Releasing,5,False
vid1,Take 1 (clean),clean,30.133333333333333,0.565384856058651,1.4244004098009184,RELEASE,Releasing,5,False
vid1,Take 1 (clean),clean,30.166666666666668,0.6273761878607228,1.38376623067244,RELEASE,Releasing,5,False
vid1,Take 1 (clean),clean,30.2,0.491237559753348,1.391290728658781,RELEASE,Releasing,5,False
vid1,Take 1 (clean),clean,30.233333333333334,0.4150416495039227,1.4168819846566745,RELEASE,Releasing,5,False
vid1,Take 1 (clean),clean,30.266666666666666,0.5744917683571463,1.394438610525892,RELEASE,Releasing,5,False
vid1,Take 1 (clean),clean,30.3,0.7713574826865737,1.336684802999085,RELEASE,Releasing,5,False
vid1,Take 1 (clean),clean,30.333333333333332,1.066732872640966,1.3089113567462385,RELEASE,Releasing,5,False
vid1,Take 1 (clean),clean,30.366666666666667,1.3312197341576162,1.3436275783931466,RELEASE,Releasing,5,False
vid1,Take 1 (clean),clean,30.4,1.3669495658683135,1.4022627114483426,RELEASE,Releasing,5,False
vid1,Take 1 (clean),clean,30.433333333333337,1.439903175023299,1.4247170881700333,RETRACT,Returning,6,False
vid1,Take 1 (clean),clean,30.466666666666665,1.485166482451586,1.417471656870571,RETRACT,Returning,6,False
vid1,Take 1 (clean),clean,30.5,1.854558624261321,1.3874946737080749,RETRACT,Returning,6,False
vid1,Take 1 (clean),clean,30.53333333333333,2.5217633653155387,1.3322130617022456,RETRACT,Returning,6,False
vid1,Take 1 (clean),clean,30.566666666666663,3.0177488470841385,1.2532198395748353,RETRACT,Returning,6,False
vid1,Take 1 (clean),clean,30.6,3.565698707853405,1.245538863131254,RETRACT,Returning,6,False
vid1,Take 1 (clean),clean,30.633333333333333,4.107766728663596,1.2623981171768413,RETRACT,Returning,6,False
vid1,Take 1 (clean),clean,30.666666666666668,4.634967736429363,1.2470932858396582,RETRACT,Returning,6,False
vid1,Take 1 (clean),clean,30.7,4.946402279806984,1.208162115324288,RETRACT,Returning,6,False
vid1,Take 1 (clean),clean,30.733333333333334,5.062551736781609,1.230305461604713,RETRACT,Returning,6,False
vid1,Take 1 (clean),clean,30.766666666666666,5.284999095766453,1.2570269894755166,RETRACT,Returning,6,False
vid1,Take 1 (clean),clean,30.8,5.34925673845715,1.283189192895263,RETRACT,Returning,6,False
vid1,Take 1 (clean),clean,30.833333333333332,5.201628802994547,1.3293044665674,RETRACT,Returning,6,False
vid1,Take 1 (clean),clean,30.866666666666667,4.738495808276264,1.3798885268688266,RETRACT,Returning,6,False
vid1,Take 1 (clean),clean,30.9,3.997477826452197,1.3685546814242842,RETRACT,Returning,6,False
vid1,Take 1 (clean),clean,30.933333333333337,3.570992066543735,1.309246762479236,RETRACT,Returning,6,False
vid1,Take 1 (clean),clean,30.966666666666665,3.3681418219965407,1.2090529393404086,RETRACT,Returning,6,False
vid1,Take 1 (clean),clean,31.0,3.221811186318783,1.1182953973882246,RETRACT,Returning,6,False
vid1,Take 1 (clean),clean,31.03333333333333,3.0947422019706847,1.0883382502146584,RETRACT,Returning,6,False
vid1,Take 1 (clean),clean,31.066666666666663,2.703974143428435,1.121726527808523,RETRACT,Returning,6,False
vid1,Take 1 (clean),clean,31.1,2.3413510530944817,1.1280162438257704,RETRACT,Returning,6,False
vid1,Take 1 (clean),clean,31.133333333333333,1.9530416893330231,1.0519706423000714,RETRACT,Returning,6,False
vid1,Take 1 (clean),clean,31.166666666666668,1.2394968531802866,0.9957632452667546,RETRACT,Returning,6,False
vid1,Take 1 (clean),clean,31.2,0.7451587980824278,1.0316431545394011,REST,At rest,1,False
vid1,Take 1 (clean),clean,31.233333333333334,0.2024292699319209,1.1022283277614788,REST,At rest,1,False
vid1,Take 1 (clean),clean,31.266666666666666,0.297251308170751,1.131210080940778,REST,At rest,1,False
vid1,Take 1 (clean),clean,31.3,0.3909721714992604,1.129663124373542,REST,At rest,1,False
vid1,Take 1 (clean),clean,31.333333333333332,0.6352084917451335,1.1044210214710968,REST,At rest,1,False
vid1,Take 1 (clean),clean,31.366666666666667,0.4080668851874604,1.0586654884198896,REST,At rest,1,False
vid1,Take 1 (clean),clean,31.4,0.2921231768390401,1.0188683049919325,REST,At rest,1,False
vid1,Take 1 (clean),clean,31.433333333333337,0.0814749314387253,1.019209974906592,REST,At rest,1,False
vid1,Take 1 (clean),clean,31.466666666666665,0.1320539237595615,1.0035337890993468,REST,At rest,1,False
vid1,Take 1 (clean),clean,31.5,0.1354482918750482,1.0034933314854848,REST,At rest,1,False
vid1,Take 1 (clean),clean,31.53333333333333,0.211551423871984,1.0100506920270054,REST,At rest,1,False
vid1,Take 1 (clean),clean,31.566666666666663,0.4655209058329286,1.0278631456545442,REST,At rest,1,False
vid1,Take 1 (clean),clean,31.6,0.5090056000541593,0.9955132297949342,REST,At rest,1,False
vid1,Take 1 (clean),clean,31.633333333333333,0.229883069359385,0.9680975258638388,REST,At rest,1,False
vid1,Take 1 (clean),clean,31.666666666666668,0.1281022068743297,0.9516954402911636,REST,At rest,1,False
vid1,Take 1 (clean),clean,31.7,0.1466322248588275,0.9570864280670464,REST,At rest,1,False
vid1,Take 1 (clean),clean,31.733333333333334,0.1908905970645419,1.0182813606468435,REST,At rest,1,False
vid1,Take 1 (clean),clean,31.766666666666666,0.2156609599372191,1.026169794443566,REST,At rest,1,False
vid1,Take 1 (clean),clean,31.8,0.2094204626262475,1.0018344502156216,REST,At rest,1,False
vid1,Take 1 (clean),clean,31.833333333333332,0.2604392271818908,0.9679951438650768,REST,At rest,1,False
vid1,Take 1 (clean),clean,31.866666666666667,0.2806076523517516,0.9930242795232062,REST,At rest,1,False
vid1,Take 1 (clean),clean,31.9,0.2831626668780634,0.9706996627281744,REST,At rest,1,False
vid1,Take 1 (clean),clean,31.933333333333337,0.0862943520242292,0.9439306996467264,REST,At rest,1,False
vid1,Take 1 (clean),clean,31.966666666666665,0.1327850128539676,0.9211039178042816,REST,At rest,1,False
vid1,Take 1 (clean),clean,32.0,0.0817271952867604,0.9551437375147468,REST,At rest,1,False
vid1,Take 1 (clean),clean,32.03333333333333,0.2180297940563299,0.9824377511303192,REST,At rest,1,False
vid1,Take 1 (clean),clean,32.06666666666666,0.1641336411225354,0.97228081695216,REST,At rest,1,False
vid1,Take 1 (clean),clean,32.1,0.2396006185505372,0.9240075954864824,REST,At rest,1,False
vid1,Take 1 (clean),clean,32.13333333333333,0.4227661993729572,0.930793528500226,REST,At rest,1,False
vid1,Take 1 (clean),clean,32.166666666666664,0.286108220620233,0.9441938081308452,REST,At rest,1,False
vid1,Take 1 (clean),clean,32.2,0.1472351996466787,0.981548243209274,REST,At rest,1,False
vid1,Take 1 (clean),clean,32.233333333333334,0.1289961357554106,0.974777468671816,REST,At rest,1,False
vid1,Take 1 (clean),clean,32.266666666666666,0.1465984562415692,0.9445565672730056,REST,At rest,1,False
vid1,Take 1 (clean),clean,32.3,0.3060430670871621,0.9541642647158556,REST,At rest,1,False
vid1,Take 1 (clean),clean,32.333333333333336,0.2582836579867001,0.98810313165939,REST,At rest,1,False
vid1,Take 1 (clean),clean,32.36666666666667,0.2822727659828389,1.009074321896386,REST,At rest,1,False
vid1,Take 1 (clean),clean,32.4,0.1092702044272029,0.983346221995401,REST,At rest,1,False
vid1,Take 1 (clean),clean,32.43333333333333,0.1326089130661873,0.9651916764817932,REST,At rest,1,False
vid1,Take 1 (clean),clean,32.46666666666667,0.316993787995511,0.963753646418492,REST,At rest,1,False
vid1,Take 1 (clean),clean,32.5,0.6094056203600524,0.9693487168589832,REST,At rest,1,False
vid2,Take 2 (clean),clean,0.0,0.0752136567763918,0.7505405396218996,REST,At rest,1,False
vid2,Take 2 (clean),clean,0.0333333333333333,0.044377501473755,0.7791732282546232,REST,At rest,1,False
vid2,Take 2 (clean),clean,0.0666666666666666,0.0884963933270146,0.7976144093765661,REST,At rest,1,False
vid2,Take 2 (clean),clean,0.1,0.0613198078817545,0.8046691543763325,REST,At rest,1,False
vid2,Take 2 (clean),clean,0.1333333333333333,0.0278696041719559,0.8056611831754423,REST,At rest,1,False
vid2,Take 2 (clean),clean,0.1666666666666666,0.1260306229161436,0.8116706645321013,REST,At rest,1,False
vid2,Take 2 (clean),clean,0.2,0.0976980319270049,0.8221027417458597,REST,At rest,1,False
vid2,Take 2 (clean),clean,0.2333333333333333,0.1086328966190243,0.8223958403119738,REST,At rest,1,False
vid2,Take 2 (clean),clean,0.2666666666666666,0.1114070852971234,0.8085035590395107,REST,At rest,1,False
vid2,Take 2 (clean),clean,0.3,0.0936501281166704,0.7878639092228508,REST,At rest,1,False
vid2,Take 2 (clean),clean,0.3333333333333333,0.2288757570321363,0.7702167805194507,REST,At rest,1,False
vid2,Take 2 (clean),clean,0.3666666666666666,0.2604794346607718,0.7680742241165742,REST,At rest,1,False
vid2,Take 2 (clean),clean,0.4,0.0420773048108339,0.7881699825042141,REST,At rest,1,False
vid2,Take 2 (clean),clean,0.4333333333333333,0.1765788293095114,0.8015134283411958,REST,At rest,1,False
vid2,Take 2 (clean),clean,0.4666666666666667,0.2481778112116405,0.7795301396031865,REST,At rest,1,False
vid2,Take 2 (clean),clean,0.5,0.2467097665059305,0.7561683425817287,REST,At rest,1,False
vid2,Take 2 (clean),clean,0.5333333333333333,0.0500040578437261,0.7661150063284087,REST,At rest,1,False
vid2,Take 2 (clean),clean,0.5666666666666667,0.1962026020767672,0.7826180589365833,REST,At rest,1,False
vid2,Take 2 (clean),clean,0.6,0.2659702911887091,0.7756388759651274,REST,At rest,1,False
vid2,Take 2 (clean),clean,0.6333333333333333,0.2195571402095849,0.7678477273835559,REST,At rest,1,False
vid2,Take 2 (clean),clean,0.6666666666666666,0.0647940851846289,0.782120082406143,REST,At rest,1,False
vid2,Take 2 (clean),clean,0.7,0.2277167223721584,0.7909141056042196,REST,At rest,1,False
vid2,Take 2 (clean),clean,0.7333333333333333,0.201165264838823,0.7712149127308598,REST,At rest,1,False
vid2,Take 2 (clean),clean,0.7666666666666666,0.0931534592273963,0.7469149147012758,REST,At rest,1,False
vid2,Take 2 (clean),clean,0.8,0.0408037787292502,0.7429202463927668,REST,At rest,1,False
vid2,Take 2 (clean),clean,0.8333333333333334,0.116470808604626,0.7519742038595826,REST,At rest,1,False
vid2,Take 2 (clean),clean,0.8666666666666667,0.1082715160889971,0.7594951295325112,REST,At rest,1,False
vid2,Take 2 (clean),clean,0.9,0.0554563392077314,0.7704012993908945,REST,At rest,1,False
vid2,Take 2 (clean),clean,0.9333333333333332,0.2542131367487391,0.7854221083753486,REST,At rest,1,False
vid2,Take 2 (clean),clean,0.9666666666666668,0.3153455148631456,0.7971453461976628,REST,At rest,1,False
vid2,Take 2 (clean),clean,1.0,0.1246733618673879,0.7998341186824899,REST,At rest,1,False
vid2,Take 2 (clean),clean,1.0333333333333332,0.0631468367567437,0.799921183360324,REST,At rest,1,False
vid2,Take 2 (clean),clean,1.0666666666666669,0.0974241372018605,0.8072929971207649,REST,At rest,1,False
vid2,Take 2 (clean),clean,1.1,0.1178036890446691,0.8102319104161394,REST,At rest,1,False
vid2,Take 2 (clean),clean,1.1333333333333333,0.1155286736662614,0.8020344339500436,REST,At rest,1,False
vid2,Take 2 (clean),clean,1.1666666666666667,0.1177659041508313,0.7865097302290337,REST,At rest,1,False
vid2,Take 2 (clean),clean,1.2,0.2892056660228185,0.7692309568379413,REST,At rest,1,False
vid2,Take 2 (clean),clean,1.2333333333333334,0.4146459812454587,0.7674897743090686,REST,At rest,1,False
vid2,Take 2 (clean),clean,1.2666666666666666,0.2369585274537428,0.791873585666465,REST,At rest,1,False
vid2,Take 2 (clean),clean,1.3,0.0736321961922548,0.8140656119468623,REST,At rest,1,False
vid2,Take 2 (clean),clean,1.3333333333333333,0.220167148788487,0.8059616297743646,REST,At rest,1,False
vid2,Take 2 (clean),clean,1.3666666666666667,0.2400531277178973,0.7876149351738144,REST,At rest,1,False
vid2,Take 2 (clean),clean,1.4,0.1308197955500053,0.783121955240912,REST,At rest,1,False
vid2,Take 2 (clean),clean,1.4333333333333331,0.1009005898866494,0.7892306579383503,REST,At rest,1,False
vid2,Take 2 (clean),clean,1.4666666666666666,0.0363949196788369,0.802689863259797,REST,At rest,1,False
vid2,Take 2 (clean),clean,1.5,0.1010726259153151,0.801879047045666,REST,At rest,1,False
vid2,Take 2 (clean),clean,1.5333333333333332,0.0612234816408746,0.7686005159512911,REST,At rest,1,False
vid2,Take 2 (clean),clean,1.5666666666666669,0.0880976530763109,0.7370714594966638,REST,At rest,1,False
vid2,Take 2 (clean),clean,1.6,0.1963743298433773,0.7405146422450856,REST,At rest,1,False
vid2,Take 2 (clean),clean,1.6333333333333333,0.2656750937807033,0.7648034946168087,REST,At rest,1,False
vid2,Take 2 (clean),clean,1.6666666666666667,0.1874159956231829,0.7838961537985176,REST,At rest,1,False
vid2,Take 2 (clean),clean,1.7,0.1127983362923466,0.7914368391058958,REST,At rest,1,False
vid2,Take 2 (clean),clean,1.7333333333333334,0.5420126212863661,0.7754272073580655,REST,At rest,1,False
vid2,Take 2 (clean),clean,1.7666666666666666,0.6451959121164457,0.7915424760683843,REST,At rest,1,False
vid2,Take 2 (clean),clean,1.8,0.6716882069076197,0.879243330524215,REST,At rest,1,False
vid2,Take 2 (clean),clean,1.8333333333333333,0.4987009621586901,0.9203775532801176,REST,At rest,1,False
vid2,Take 2 (clean),clean,1.8666666666666667,0.7692816666879949,0.9300072611328692,REST,At rest,1,False
vid2,Take 2 (clean),clean,1.9,0.9046239629748404,1.0038243395412187,REST,At rest,1,False
vid2,Take 2 (clean),clean,1.9333333333333331,1.1183938655988888,1.111169490122631,REACH,Reaching,2,False
vid2,Take 2 (clean),clean,1.9666666666666663,1.5951966444799073,1.1304684987642757,REACH,Reaching,2,False
vid2,Take 2 (clean),clean,2.0,2.3083083860416873,1.054917337211489,REACH,Reaching,2,False
vid2,Take 2 (clean),clean,2.033333333333333,3.165557731044508,0.9947453699900694,REACH,Reaching,2,False
vid2,Take 2 (clean),clean,2.0666666666666664,3.834089117889605,0.9403524944439752,REACH,Reaching,2,False
vid2,Take 2 (clean),clean,2.1,4.430699630539907,0.9154906858063234,REACH,Reaching,2,False
vid2,Take 2 (clean),clean,2.1333333333333333,4.613597275825978,0.9260992678307092,REACH,Reaching,2,False
vid2,Take 2 (clean),clean,2.1666666666666665,4.730907508991127,0.9486655622538964,REACH,Reaching,2,False
vid2,Take 2 (clean),clean,2.2,4.715337586906869,0.96069688279431,REACH,Reaching,2,False
vid2,Take 2 (clean),clean,2.2333333333333334,4.603587087372321,0.9549793839938282,REACH,Reaching,2,False
vid2,Take 2 (clean),clean,2.2666666666666666,4.498284660026934,0.9986953752866116,REACH,Reaching,2,False
vid2,Take 2 (clean),clean,2.3,4.13897636963051,1.035021489336997,REACH,Reaching,2,False
vid2,Take 2 (clean),clean,2.3333333333333335,3.626202855487086,1.0772176525968562,REACH,Reaching,2,False
vid2,Take 2 (clean),clean,2.3666666666666667,3.1841489054842467,1.0988646505468065,REACH,Reaching,2,False
vid2,Take 2 (clean),clean,2.4,2.7979468130710288,1.1177110401945651,REACH,Reaching,2,False
vid2,Take 2 (clean),clean,2.433333333333333,2.5192034101488967,1.125739978685034,REACH,Reaching,2,False
vid2,Take 2 (clean),clean,2.466666666666667,2.280516976652106,1.1500273137877148,REACH,Reaching,2,False
vid2,Take 2 (clean),clean,2.5,2.029931424909195,1.16201505894982,REACH,Reaching,2,False
vid2,Take 2 (clean),clean,2.533333333333333,1.8705144088055532,1.1724176699912938,REACH,Reaching,2,False
vid2,Take 2 (clean),clean,2.5666666666666664,1.7153309832177597,1.1795926747823458,REACH,Reaching,2,False
vid2,Take 2 (clean),clean,2.6,1.5537892390027546,1.1848321853070984,REACH,Reaching,2,False
vid2,Take 2 (clean),clean,2.6333333333333333,1.42265496636708,1.172161652027529,REACH,Reaching,2,False
vid2,Take 2 (clean),clean,2.6666666666666665,1.36231148759926,1.1500557027166345,REACH,Reaching,2,False
vid2,Take 2 (clean),clean,2.7,1.364183620598536,1.1376100172377777,REACH,Reaching,2,False
vid2,Take 2 (clean),clean,2.7333333333333334,1.402563300482642,1.125244683535295,REACH,Reaching,2,False
vid2,Take 2 (clean),clean,2.7666666666666666,1.479179831801591,1.1282287768293917,REACH,Reaching,2,False
vid2,Take 2 (clean),clean,2.8,1.4706400514305138,1.1190003977663994,REACH,Reaching,2,False
vid2,Take 2 (clean),clean,2.8333333333333335,1.4997885820847734,1.1248062969301915,REACH,Reaching,2,False
vid2,Take 2 (clean),clean,2.8666666666666667,1.5238784967564014,1.1192269603023537,REACH,Reaching,2,False
vid2,Take 2 (clean),clean,2.9,1.5217886063236454,1.12667110887764,REACH,Reaching,2,False
vid2,Take 2 (clean),clean,2.933333333333333,1.5887845552036592,1.126919316295881,REACH,Reaching,2,False
vid2,Take 2 (clean),clean,2.966666666666667,1.5280807441074784,1.1296474474394704,REACH,Reaching,2,False
vid2,Take 2 (clean),clean,3.0,1.5048295734399983,1.1324989352978836,REACH,Reaching,2,False
vid2,Take 2 (clean),clean,3.033333333333333,1.4161857533322444,1.139279422265003,REACH,Reaching,2,False
vid2,Take 2 (clean),clean,3.0666666666666664,1.3196332791102472,1.146515891865354,REACH,Reaching,2,False
vid2,Take 2 (clean),clean,3.1,1.1908898674716957,1.154966347340301,REACH,Reaching,2,False
vid2,Take 2 (clean),clean,3.1333333333333333,1.1169554583767694,1.1721802123539884,REACH,Reaching,2,False
vid2,Take 2 (clean),clean,3.1666666666666665,1.039911890997277,1.1928348581134762,REACH,Reaching,2,False
vid2,Take 2 (clean),clean,3.2,0.9337389536979144,1.2091606035564733,REACH,Reaching,2,False
vid2,Take 2 (clean),clean,3.2333333333333334,0.9349676366938976,1.2041839050806646,REACH,Reaching,2,False
vid2,Take 2 (clean),clean,3.2666666666666666,0.7978438918768261,1.2024290022468394,REACH,Reaching,2,False
vid2,Take 2 (clean),clean,3.3,0.7883539734812326,1.212410768094507,REACH,Reaching,2,False
vid2,Take 2 (clean),clean,3.3333333333333335,0.8277518839723571,1.228067478427721,REACH,Reaching,2,False
vid2,Take 2 (clean),clean,3.3666666666666667,0.8216226352951572,1.2521044069522722,REACH,Reaching,2,False
vid2,Take 2 (clean),clean,3.4,0.8441677965717506,1.2665304128681505,REACH,Reaching,2,False
vid2,Take 2 (clean),clean,3.433333333333333,0.8141128047093121,1.2689536870516325,REACH,Reaching,2,False
vid2,Take 2 (clean),clean,3.466666666666667,0.8103601288130863,1.218967444118444,REACH,Reaching,2,False
vid2,Take 2 (clean),clean,3.5,0.9333851304272324,1.1930148498058497,REACH,Reaching,2,False
vid2,Take 2 (clean),clean,3.533333333333333,1.0666077974353207,1.155094172523574,REACH,Reaching,2,False
vid2,Take 2 (clean),clean,3.5666666666666664,1.3624063005143918,1.1143496702454234,REACH,Reaching,2,False
vid2,Take 2 (clean),clean,3.6,1.5118337309694971,1.0360206059104116,GRASP,Grasping,3,False
vid2,Take 2 (clean),clean,3.6333333333333337,1.5345659751816083,0.952039017901937,GRASP,Grasping,3,False
vid2,Take 2 (clean),clean,3.6666666666666665,1.417163490253268,0.895741527124835,GRASP,Grasping,3,False
vid2,Take 2 (clean),clean,3.7,1.1649586297167274,0.8789496562846536,GRASP,Grasping,3,False
vid2,Take 2 (clean),clean,3.7333333333333334,1.0677732369527049,0.897136284808593,GRASP,Grasping,3,False
vid2,Take 2 (clean),clean,3.7666666666666666,0.8806367261062943,0.9113783463233192,GRASP,Grasping,3,False
vid2,Take 2 (clean),clean,3.8,0.7705511257983788,0.9262622315575396,GRASP,Grasping,3,False
vid2,Take 2 (clean),clean,3.8333333333333335,0.7439157943055494,0.9071844267612318,GRASP,Grasping,3,False
vid2,Take 2 (clean),clean,3.8666666666666663,0.628596939650862,0.858743158824551,GRASP,Grasping,3,False
vid2,Take 2 (clean),clean,3.9,0.5952779847334941,0.785801319449662,GRASP,Grasping,3,False
vid2,Take 2 (clean),clean,3.933333333333333,0.4718378530680768,0.7225123208484997,GRASP,Grasping,3,False
vid2,Take 2 (clean),clean,3.966666666666667,0.3329147755413641,0.6992054220558421,GRASP,Grasping,3,False
vid2,Take 2 (clean),clean,4.0,0.2656683589405447,0.6990240780874005,GRASP,Grasping,3,False
vid2,Take 2 (clean),clean,4.033333333333333,0.1565662067509814,0.7151846763791934,GRASP,Grasping,3,False
vid2,Take 2 (clean),clean,4.066666666666666,0.1122864358886299,0.7401744736880832,GRASP,Grasping,3,False
vid2,Take 2 (clean),clean,4.1,0.1181662094643117,0.7636144974876574,GRASP,Grasping,3,False
vid2,Take 2 (clean),clean,4.133333333333333,0.1230681588132262,0.7596002777480645,GRASP,Grasping,3,False
vid2,Take 2 (clean),clean,4.166666666666667,0.1194512707320531,0.7372953790736537,GRASP,Grasping,3,False
vid2,Take 2 (clean),clean,4.2,0.1650036933808916,0.7351884681026515,GRASP,Grasping,3,False
vid2,Take 2 (clean),clean,4.233333333333333,0.0771430198880612,0.7277244118527461,GRASP,Grasping,3,False
vid2,Take 2 (clean),clean,4.266666666666667,0.0998863255523347,0.7457490001882318,GRASP,Grasping,3,False
vid2,Take 2 (clean),clean,4.3,0.1352415147563033,0.730016417367145,GRASP,Grasping,3,False
vid2,Take 2 (clean),clean,4.333333333333333,0.1600472486991208,0.7164260041942457,GRASP,Grasping,3,False
vid2,Take 2 (clean),clean,4.366666666666666,0.0705629878097403,0.6827553070305941,GRASP,Grasping,3,False
vid2,Take 2 (clean),clean,4.4,0.0967365335243453,0.7068950265991248,GRASP,Grasping,3,False
vid2,Take 2 (clean),clean,4.433333333333334,0.044886261874016,0.7370376589043922,GRASP,Grasping,3,False
vid2,Take 2 (clean),clean,4.466666666666667,0.0525874672201368,0.7342827392802989,GRASP,Grasping,3,False
vid2,Take 2 (clean),clean,4.5,0.1550957933809308,0.7192362070687283,GRASP,Grasping,3,False
vid2,Take 2 (clean),clean,4.533333333333333,0.2102471143207051,0.7335828264602372,GRASP,Grasping,3,False
vid2,Take 2 (clean),clean,4.566666666666666,0.3025115905301291,0.7460805734883367,GRASP,Grasping,3,False
vid2,Take 2 (clean),clean,4.6,0.3255028592312172,0.7231145248817255,GRASP,Grasping,3,False
vid2,Take 2 (clean),clean,4.633333333333333,0.3226344202080022,0.7134120957665485,GRASP,Grasping,3,False
vid2,Take 2 (clean),clean,4.666666666666667,0.3921685912290982,0.7043789395520682,GRASP,Grasping,3,False
vid2,Take 2 (clean),clean,4.7,0.4377616236274245,0.7212176524900479,GRASP,Grasping,3,False
vid2,Take 2 (clean),clean,4.733333333333333,0.5996446696309445,0.722934865989345,GRASP,Grasping,3,False
vid2,Take 2 (clean),clean,4.766666666666667,1.030719532354371,0.730960171170311,GRASP,Grasping,3,False
vid2,Take 2 (clean),clean,4.8,1.4204710664790352,0.7334089301356052,GRASP,Grasping,3,False
vid2,Take 2 (clean),clean,4.833333333333333,1.848145231083158,0.7403993125196707,GRASP,Grasping,3,False
vid2,Take 2 (clean),clean,4.866666666666666,2.2197851449209485,0.7026925401494383,GRASP,Grasping,3,False
vid2,Take 2 (clean),clean,4.9,2.4187864256102087,0.6633521838950737,GRASP,Grasping,3,False
vid2,Take 2 (clean),clean,4.933333333333334,2.619224193475276,0.6480010771099759,GRASP,Grasping,3,False
vid2,Take 2 (clean),clean,4.966666666666667,2.7774858189948626,0.6516118638212497,GRASP,Grasping,3,False
vid2,Take 2 (clean),clean,5.0,2.88588033246966,0.6587128491547356,GRASP,Grasping,3,False
vid2,Take 2 (clean),clean,5.033333333333333,2.97843224938431,0.7125791957328945,GRASP,Grasping,3,False
vid2,Take 2 (clean),clean,5.066666666666666,2.999802659638088,0.7597051838857566,GRASP,Grasping,3,False
vid2,Take 2 (clean),clean,5.1,2.997708136775978,0.7767431529054178,GRASP,Grasping,3,False
vid2,Take 2 (clean),clean,5.133333333333333,2.9345168321507673,0.7763163936498961,GRASP,Grasping,3,False
vid2,Take 2 (clean),clean,5.166666666666667,2.8807709534145927,0.7986065995638423,GRASP,Grasping,3,False
vid2,Take 2 (clean),clean,5.2,2.679553864709353,0.8332773990939776,GRASP,Grasping,3,False
vid2,Take 2 (clean),clean,5.233333333333333,2.259307546099371,0.8337931608827662,GRASP,Grasping,3,False
vid2,Take 2 (clean),clean,5.266666666666667,1.8029760775434545,0.8297519934516961,GRASP,Grasping,3,False
vid2,Take 2 (clean),clean,5.3,1.3288851627975204,0.8314408137222751,GRASP,Grasping,3,False
vid2,Take 2 (clean),clean,5.333333333333333,0.989868794243992,0.8570675611838106,GRASP,Grasping,3,False
vid2,Take 2 (clean),clean,5.366666666666666,0.7801997724159322,0.8709236611667545,HOLD,Holding,4,False
vid2,Take 2 (clean),clean,5.4,0.663503534631944,0.8642018702049675,HOLD,Holding,4,False
vid2,Take 2 (clean),clean,5.433333333333334,0.5917375408056,0.8564203718927506,HOLD,Holding,4,False
vid2,Take 2 (clean),clean,5.466666666666667,0.5178743467575552,0.8505967427787078,HOLD,Holding,4,False
vid2,Take 2 (clean),clean,5.5,0.5196307840430391,0.875906728050507,HOLD,Holding,4,False
vid2,Take 2 (clean),clean,5.533333333333333,0.4763841920577964,0.9090977975909263,HOLD,Holding,4,False
vid2,Take 2 (clean),clean,5.566666666666666,0.4161715610377965,0.9194330409339364,HOLD,Holding,4,False
vid2,Take 2 (clean),clean,5.6,0.3296760630609313,0.8898913092234498,HOLD,Holding,4,False
vid2,Take 2 (clean),clean,5.633333333333333,0.1514171714536681,0.8856710267239539,HOLD,Holding,4,False
vid2,Take 2 (clean),clean,5.666666666666667,0.1204957754912693,0.915725931510168,HOLD,Holding,4,False
vid2,Take 2 (clean),clean,5.7,0.0688735799475471,0.956699451962692,HOLD,Holding,4,False
vid2,Take 2 (clean),clean,5.733333333333333,0.0776973695000195,0.9674681203595952,HOLD,Holding,4,False
vid2,Take 2 (clean),clean,5.766666666666667,0.0891977432169325,0.986924575211277,HOLD,Holding,4,False
vid2,Take 2 (clean),clean,5.8,0.1752803805810272,0.9944849226753268,HOLD,Holding,4,False
vid2,Take 2 (clean),clean,5.833333333333333,0.1158568463959589,0.9972087726869264,HOLD,Holding,4,False
vid2,Take 2 (clean),clean,5.866666666666666,0.1521517229455235,0.9758018984850448,HOLD,Holding,4,False
vid2,Take 2 (clean),clean,5.9,0.0461267113817207,0.9700186342494096,HOLD,Holding,4,False
vid2,Take 2 (clean),clean,5.933333333333334,0.031706516079931,0.9679749055137518,HOLD,Holding,4,False
vid2,Take 2 (clean),clean,5.966666666666667,0.1067625538448153,0.965077704503273,HOLD,Holding,4,False
vid2,Take 2 (clean),clean,6.0,0.1214616962271396,0.9547068840629312,HOLD,Holding,4,False
vid2,Take 2 (clean),clean,6.033333333333333,0.1207044806184964,0.9137434335886392,HOLD,Holding,4,False
vid2,Take 2 (clean),clean,6.066666666666666,0.1423214342810683,0.905629000190405,HOLD,Holding,4,False
vid2,Take 2 (clean),clean,6.1,0.1295572897573167,0.9122107853297948,HOLD,Holding,4,False
vid2,Take 2 (clean),clean,6.133333333333333,0.1295665844925306,0.9318248502004725,HOLD,Holding,4,False
vid2,Take 2 (clean),clean,6.166666666666667,0.0840508797021696,0.9158432865370346,HOLD,Holding,4,False
vid2,Take 2 (clean),clean,6.2,0.0533517808537894,0.909195203182222,HOLD,Holding,4,False
vid2,Take 2 (clean),clean,6.233333333333333,0.0344577401520599,0.9110884627502964,HOLD,Holding,4,False
vid2,Take 2 (clean),clean,6.266666666666667,0.003440988182075,0.9345794275778768,HOLD,Holding,4,False
vid2,Take 2 (clean),clean,6.3,0.0511486379342751,0.9684830968520028,HOLD,Holding,4,False
vid2,Take 2 (clean),clean,6.333333333333333,0.0817724155168974,1.0005574112795013,HOLD,Holding,4,False
vid2,Take 2 (clean),clean,6.366666666666666,0.0916445336953916,1.0054969086115426,HOLD,Holding,4,False
vid2,Take 2 (clean),clean,6.4,0.1166596833892965,0.9820921916482456,HOLD,Holding,4,False
vid2,Take 2 (clean),clean,6.433333333333334,0.1559773978454571,0.9692635779828191,HOLD,Holding,4,False
vid2,Take 2 (clean),clean,6.466666666666667,0.2823916436957373,0.9594098220284571,HOLD,Holding,4,False
vid2,Take 2 (clean),clean,6.5,0.2989016358571796,0.9592199692767956,HOLD,Holding,4,False
vid2,Take 2 (clean),clean,6.533333333333333,0.3479921487815247,0.9734848902813544,HOLD,Holding,4,False
vid2,Take 2 (clean),clean,6.566666666666666,0.3789295235309698,0.9893628215706668,HOLD,Holding,4,False
vid2,Take 2 (clean),clean,6.6,0.4332278301656933,0.9815030370100384,HOLD,Holding,4,False
vid2,Take 2 (clean),clean,6.633333333333333,0.5497517746447881,0.9746697142515176,HOLD,Holding,4,False
vid2,Take 2 (clean),clean,6.666666666666667,0.617475987114098,0.983839809040456,HOLD,Holding,4,False
vid2,Take 2 (clean),clean,6.7,0.7845400291337645,0.9710340542134088,HOLD,Holding,4,False
vid2,Take 2 (clean),clean,6.733333333333333,0.8800037398405867,0.9600893263888272,HOLD,Holding,4,False
vid2,Take 2 (clean),clean,6.766666666666667,1.017287687042391,0.9551813436766168,HOLD,Holding,4,False
vid2,Take 2 (clean),clean,6.8,1.1508185064572756,0.9252324281473367,HOLD,Holding,4,False
vid2,Take 2 (clean),clean,6.833333333333333,1.3821796198101204,0.9058987365023032,HOLD,Holding,4,False
vid2,Take 2 (clean),clean,6.866666666666666,1.6468952896734117,0.8848137202187007,HOLD,Holding,4,False
vid2,Take 2 (clean),clean,6.8999999999999995,1.811130009993682,0.858169368643271,HOLD,Holding,4,False
vid2,Take 2 (clean),clean,6.933333333333334,2.0697339986933,0.8104200615872409,HOLD,Holding,4,False
vid2,Take 2 (clean),clean,6.966666666666667,2.276837598962143,0.8001699097835819,HOLD,Holding,4,False
vid2,Take 2 (clean),clean,7.0,2.4813292850069293,0.7985446986905079,HOLD,Holding,4,False
vid2,Take 2 (clean),clean,7.033333333333333,2.621060852811868,0.7884053522803514,HOLD,Holding,4,False
vid2,Take 2 (clean),clean,7.066666666666666,2.581643626402497,0.7780823780270482,HOLD,Holding,4,False
vid2,Take 2 (clean),clean,7.1,2.5941394462877727,0.7759639006517838,HOLD,Holding,4,False
vid2,Take 2 (clean),clean,7.133333333333333,2.511323963161768,0.804543281007953,HOLD,Holding,4,False
vid2,Take 2 (clean),clean,7.166666666666667,2.431326819964134,0.8332509751822159,HOLD,Holding,4,False
vid2,Take 2 (clean),clean,7.2,2.2964772986441697,0.8567671593599396,HOLD,Holding,4,False
vid2,Take 2 (clean),clean,7.233333333333333,2.1747145891114186,0.8527548475437741,HOLD,Holding,4,False
vid2,Take 2 (clean),clean,7.266666666666667,1.915912001253688,0.8402446506768151,HOLD,Holding,4,False
vid2,Take 2 (clean),clean,7.3,1.713886797057815,0.8238148989729656,HOLD,Holding,4,False
vid2,Take 2 (clean),clean,7.333333333333333,1.39233764491543,0.8129008925627313,HOLD,Holding,4,False
vid2,Take 2 (clean),clean,7.366666666666666,1.088881095346232,0.8132437321309092,HOLD,Holding,4,False
vid2,Take 2 (clean),clean,7.4,0.7652820330597976,0.792826225985431,HOLD,Holding,4,False
vid2,Take 2 (clean),clean,7.433333333333334,0.4061626069060317,0.7953152202632503,HOLD,Holding,4,False
vid2,Take 2 (clean),clean,7.466666666666667,0.2827931206502554,0.7781639858116833,HOLD,Holding,4,False
vid2,Take 2 (clean),clean,7.5,0.1255736966935961,0.7581819062163795,HOLD,Holding,4,False
vid2,Take 2 (clean),clean,7.533333333333333,0.0941453348538932,0.7174980311524799,HOLD,Holding,4,False
vid2,Take 2 (clean),clean,7.566666666666666,0.044152557199623,0.7241582433472284,HOLD,Holding,4,False
vid2,Take 2 (clean),clean,7.6,0.077448709100592,0.7360737364486912,HOLD,Holding,4,False
vid2,Take 2 (clean),clean,7.633333333333333,0.0759550521286554,0.7534808080155578,HOLD,Holding,4,False
vid2,Take 2 (clean),clean,7.666666666666667,0.087730318007985,0.7399378458431847,HOLD,Holding,4,False
vid2,Take 2 (clean),clean,7.7,0.203308127049743,0.7347664278988296,HOLD,Holding,4,False
vid2,Take 2 (clean),clean,7.733333333333333,0.384283698039411,0.7336304055033389,HOLD,Holding,4,False
vid2,Take 2 (clean),clean,7.766666666666667,0.6271086276394394,0.7497216249768244,HOLD,Holding,4,False
vid2,Take 2 (clean),clean,7.8,1.1201907174097152,0.7742813197994888,HOLD,Holding,4,False
vid2,Take 2 (clean),clean,7.833333333333333,1.7411688130273275,0.7639369291021532,HOLD,Holding,4,False
vid2,Take 2 (clean),clean,7.866666666666666,2.24280274648526,0.722663719147333,HOLD,Holding,4,False
vid2,Take 2 (clean),clean,7.9,2.3554143308675446,0.7839751551654487,HOLD,Holding,4,False
vid2,Take 2 (clean),clean,7.933333333333334,2.2556452108620655,0.9944951424314696,RELEASE,Releasing,5,False
vid2,Take 2 (clean),clean,7.966666666666667,2.142731932224088,1.2251557181118713,RELEASE,Releasing,5,False
vid2,Take 2 (clean),clean,8.0,2.169446858852862,1.3374693890659834,RELEASE,Releasing,5,False
vid2,Take 2 (clean),clean,8.033333333333333,1.6893246815943177,1.4074400598924712,RELEASE,Releasing,5,False
vid2,Take 2 (clean),clean,8.066666666666666,0.9993747426044692,1.4564752784156183,RELEASE,Releasing,5,False
vid2,Take 2 (clean),clean,8.1,0.4655692004911715,1.5013371608425887,RELEASE,Releasing,5,False
vid2,Take 2 (clean),clean,8.133333333333333,0.309639970510566,1.5232595285065569,RELEASE,Releasing,5,False
vid2,Take 2 (clean),clean,8.166666666666666,0.1540308985761146,1.5083379443964209,RELEASE,Releasing,5,False
vid2,Take 2 (clean),clean,8.2,0.1907537747483531,1.4836177993761983,RELEASE,Releasing,5,False
vid2,Take 2 (clean),clean,8.233333333333333,0.1957805742023544,1.463013840681514,RELEASE,Releasing,5,False
vid2,Take 2 (clean),clean,8.266666666666666,0.0641891108910017,1.5034344639639876,RELEASE,Releasing,5,False
vid2,Take 2 (clean),clean,8.3,0.112546580072482,1.5296158125467048,RELEASE,Releasing,5,False
vid2,Take 2 (clean),clean,8.333333333333334,0.2940435823267748,1.569608546052425,RELEASE,Releasing,5,False
vid2,Take 2 (clean),clean,8.366666666666667,0.2161511517050098,1.578067378333761,RELEASE,Releasing,5,False
vid2,Take 2 (clean),clean,8.4,0.159209012891007,1.5282824154816503,RELEASE,Releasing,5,False
vid2,Take 2 (clean),clean,8.433333333333334,0.5303153554844409,1.4809799955619585,RELEASE,Releasing,5,False
vid2,Take 2 (clean),clean,8.466666666666667,0.6953645358673393,1.455436769092095,RELEASE,Releasing,5,False
vid2,Take 2 (clean),clean,8.5,0.5582651443430882,1.442414316334912,RELEASE,Releasing,5,False
vid2,Take 2 (clean),clean,8.533333333333333,0.4520411628006778,1.377629179656799,RELEASE,Releasing,5,False
vid2,Take 2 (clean),clean,8.566666666666666,0.1580344902618033,1.3371855949595064,RELEASE,Releasing,5,False
vid2,Take 2 (clean),clean,8.6,0.1147611674340493,1.358252395525759,RELEASE,Releasing,5,False
vid2,Take 2 (clean),clean,8.633333333333333,0.3462269893848337,1.3285465246085395,RELEASE,Releasing,5,False
vid2,Take 2 (clean),clean,8.666666666666666,0.6146573530109142,1.3253280851201807,RELEASE,Releasing,5,False
vid2,Take 2 (clean),clean,8.7,1.0469455183387515,1.312977383700256,RELEASE,Releasing,5,False
vid2,Take 2 (clean),clean,8.733333333333333,1.0054093359204224,1.4177348845961384,RELEASE,Releasing,5,False
vid2,Take 2 (clean),clean,8.766666666666666,0.9399120647249236,1.456571398353222,RELEASE,Releasing,5,False
vid2,Take 2 (clean),clean,8.8,0.6295274741609669,1.4939551167759333,RELEASE,Releasing,5,False
vid2,Take 2 (clean),clean,8.833333333333334,0.8650548286988362,1.4683076718908503,RELEASE,Releasing,5,False
vid2,Take 2 (clean),clean,8.866666666666667,1.0290078876664757,1.438756046042428,RELEASE,Releasing,5,False
vid2,Take 2 (clean),clean,8.9,1.117083802203007,1.406471955667378,RELEASE,Releasing,5,False
vid2,Take 2 (clean),clean,8.933333333333334,1.4414990462326955,1.3658512849705862,RELEASE,Releasing,5,False
vid2,Take 2 (clean),clean,8.966666666666667,1.6661902608533266,1.348392309178439,RELEASE,Releasing,5,False
vid2,Take 2 (clean),clean,9.0,1.6663511320834483,1.2778347364694749,RETRACT,Returning,6,False
vid2,Take 2 (clean),clean,9.033333333333331,1.8734288244161317,1.2831139338363642,RETRACT,Returning,6,False
vid2,Take 2 (clean),clean,9.066666666666666,2.005922787337593,1.2720515167237945,RETRACT,Returning,6,False
vid2,Take 2 (clean),clean,9.1,2.3924678878332655,1.287703211650035,RETRACT,Returning,6,False
vid2,Take 2 (clean),clean,9.133333333333333,2.733378291254973,1.2505018607712173,RETRACT,Returning,6,False
vid2,Take 2 (clean),clean,9.166666666666666,2.816282809395546,1.2317611118747314,RETRACT,Returning,6,False
vid2,Take 2 (clean),clean,9.2,3.12527604998069,1.1903655627012424,RETRACT,Returning,6,False
vid2,Take 2 (clean),clean,9.233333333333333,3.3387496804739354,1.148861208369225,RETRACT,Returning,6,False
vid2,Take 2 (clean),clean,9.266666666666666,3.589905784731829,1.1092015815572212,RETRACT,Returning,6,False
vid2,Take 2 (clean),clean,9.3,3.997689985742813,1.0914083511960242,RETRACT,Returning,6,False
vid2,Take 2 (clean),clean,9.333333333333334,4.312693463200292,1.098503889530094,RETRACT,Returning,6,False
vid2,Take 2 (clean),clean,9.366666666666667,4.511502622131397,1.1086113009461702,RETRACT,Returning,6,False
vid2,Take 2 (clean),clean,9.4,4.493504726439009,1.1108294330077095,RETRACT,Returning,6,False
vid2,Take 2 (clean),clean,9.433333333333334,4.339044222203874,1.106722457382635,RETRACT,Returning,6,False
vid2,Take 2 (clean),clean,9.466666666666669,4.3753725937896535,1.1093447853782012,RETRACT,Returning,6,False
vid2,Take 2 (clean),clean,9.5,4.287737355023949,1.1245455145996717,RETRACT,Returning,6,False
vid2,Take 2 (clean),clean,9.533333333333331,4.2748632904364925,1.1370520064067682,RETRACT,Returning,6,False
vid2,Take 2 (clean),clean,9.566666666666666,4.086378957457437,1.125090289575737,RETRACT,Returning,6,False
vid2,Take 2 (clean),clean,9.6,3.7976553586160504,1.126583937087349,RETRACT,Returning,6,False
vid2,Take 2 (clean),clean,9.633333333333333,3.597769272741825,1.1116530847017252,RETRACT,Returning,6,False
vid2,Take 2 (clean),clean,9.666666666666666,3.3891088180274114,1.1117861937304243,RETRACT,Returning,6,False
vid2,Take 2 (clean),clean,9.7,3.251841901784975,1.1216853279220804,RETRACT,Returning,6,False
vid2,Take 2 (clean),clean,9.733333333333333,3.112031373557707,1.0982053890479853,RETRACT,Returning,6,False
vid2,Take 2 (clean),clean,9.766666666666666,2.757194066075696,1.0770845893638774,RETRACT,Returning,6,False
vid2,Take 2 (clean),clean,9.8,2.617999571022537,1.045672459890408,RETRACT,Returning,6,False
vid2,Take 2 (clean),clean,9.833333333333334,2.7303313778534446,1.168187530175838,RETRACT,Returning,6,False
vid2,Take 2 (clean),clean,9.866666666666667,2.412354354459278,1.1943065136796196,RETRACT,Returning,6,False
vid2,Take 2 (clean),clean,9.9,1.7213061119755635,1.139936082273251,RETRACT,Returning,6,False
vid2,Take 2 (clean),clean,9.933333333333334,0.7895903469517896,1.027421392970162,RETRACT,Returning,6,False
vid2,Take 2 (clean),clean,9.966666666666669,0.818766233145805,1.0338620617971612,REST,At rest,1,False
vid2,Take 2 (clean),clean,10.0,0.8339928108093039,0.9766945693161512,REST,At rest,1,False
vid2,Take 2 (clean),clean,10.033333333333331,0.7003964938082214,0.923133427165038,REST,At rest,1,False
vid2,Take 2 (clean),clean,10.066666666666666,0.8936634676744752,0.9886625152481592,REST,At rest,1,False
vid2,Take 2 (clean),clean,10.1,0.4880620761259472,1.0485710157369323,REST,At rest,1,False
vid2,Take 2 (clean),clean,10.133333333333333,0.0162734685921792,0.963015084482588,REST,At rest,1,False
vid2,Take 2 (clean),clean,10.166666666666666,0.2596824368648792,0.9046878979391932,REST,At rest,1,False
vid2,Take 2 (clean),clean,10.2,0.6236812318620957,0.9522132801953228,REST,At rest,1,False
vid2,Take 2 (clean),clean,10.233333333333333,0.8590914371438267,1.034783130327721,REST,At rest,1,False
vid2,Take 2 (clean),clean,10.266666666666666,0.7564952236860824,1.0524749201232797,REST,At rest,1,False
vid2,Take 2 (clean),clean,10.3,0.5065911956429856,1.044960781178249,REST,At rest,1,False
vid2,Take 2 (clean),clean,10.333333333333334,0.6349811003492479,1.0238999260798702,REST,At rest,1,False
vid2,Take 2 (clean),clean,10.366666666666667,0.591130465956135,1.0529597390865733,REST,At rest,1,False
vid2,Take 2 (clean),clean,10.4,0.2633001632210291,1.066917808053347,REST,At rest,1,False
vid2,Take 2 (clean),clean,10.433333333333334,0.2558054352151802,1.0490780223899083,REST,At rest,1,False
vid2,Take 2 (clean),clean,10.466666666666669,0.8968986930873287,1.008595747981805,REST,At rest,1,False
vid2,Take 2 (clean),clean,10.5,0.3033134565416022,1.0288927022990066,REST,At rest,1,False
vid2,Take 2 (clean),clean,10.533333333333331,0.1971211346521535,1.0073939756600057,REST,At rest,1,False
vid2,Take 2 (clean),clean,10.566666666666666,0.2255527728197062,1.020282261817759,REST,At rest,1,False
vid2,Take 2 (clean),clean,10.6,0.3601963066532238,1.0648107542291272,REST,At rest,1,False
vid2,Take 2 (clean),clean,10.633333333333333,0.0678727048421149,1.0929389707008432,REST,At rest,1,False
vid2,Take 2 (clean),clean,10.666666666666666,0.1765912776100711,1.0666227932900674,REST,At rest,1,False
vid2,Take 2 (clean),clean,10.7,0.316712253803073,1.0413086061645176,REST,At rest,1,False
vid2,Take 2 (clean),clean,10.733333333333333,0.0360754179849843,1.0450807990705602,REST,At rest,1,False
vid2,Take 2 (clean),clean,10.766666666666666,0.1604028873854304,1.0403405419244318,REST,At rest,1,False
vid2,Take 2 (clean),clean,10.8,0.063256826983404,1.0319770705412474,REST,At rest,1,False
vid2,Take 2 (clean),clean,10.833333333333334,0.2083432769738553,1.0175974687770173,REST,At rest,1,False
vid2,Take 2 (clean),clean,10.866666666666667,0.0990170429642879,1.030439307343152,REST,At rest,1,False
vid2,Take 2 (clean),clean,10.9,0.0535844088393632,1.0329489019027789,REST,At rest,1,False
vid2,Take 2 (clean),clean,10.933333333333334,0.2631737633135854,1.0189354149985357,REST,At rest,1,False
vid2,Take 2 (clean),clean,10.966666666666669,0.2707895484509122,1.0013679261571728,REST,At rest,1,False
vid2,Take 2 (clean),clean,11.0,0.0168812333944942,1.0081215877617056,REST,At rest,1,False
vid2,Take 2 (clean),clean,11.033333333333331,0.2757699064679166,1.0082061365663884,REST,At rest,1,False
vid2,Take 2 (clean),clean,11.066666666666666,0.5100694821045451,1.008631397714525,REST,At rest,1,False
vid2,Take 2 (clean),clean,11.1,0.1106698264150978,1.0084728042499018,REST,At rest,1,False
vid2,Take 2 (clean),clean,11.133333333333333,0.3226848835553854,1.009942508462429,REST,At rest,1,False
vid2,Take 2 (clean),clean,11.166666666666666,0.3467365057999499,1.0205159378114563,REST,At rest,1,False
vid2,Take 2 (clean),clean,11.2,0.0937865450975212,1.044165487236872,REST,At rest,1,False
vid2,Take 2 (clean),clean,11.233333333333333,0.4919442354917849,1.0618501820079265,REST,At rest,1,False
vid2,Take 2 (clean),clean,11.266666666666666,0.3907451895063952,1.045176008200482,REST,At rest,1,False
vid2,Take 2 (clean),clean,11.3,0.2243166609704949,1.0157643660800144,REST,At rest,1,False
vid2,Take 2 (clean),clean,11.333333333333334,0.4586863681888052,0.9900967468848116,REST,At rest,1,False
vid2,Take 2 (clean),clean,11.366666666666667,0.3908607235328571,1.0086885646768533,REST,At rest,1,False
vid2,Take 2 (clean),clean,11.4,0.231820009387697,1.0050446382731932,REST,At rest,1,False
vid2,Take 2 (clean),clean,11.433333333333334,0.4412191402046136,0.999137932725378,REST,At rest,1,False
vid2,Take 2 (clean),clean,11.466666666666669,0.5585469286820034,0.9739221286980732,REST,At rest,1,False
vid2,Take 2 (clean),clean,11.5,0.5182487106750067,0.98274517427501,REST,At rest,1,False
vid2,Take 2 (clean),clean,11.533333333333331,0.2029907090120498,0.989835898302096,REST,At rest,1,False
vid2,Take 2 (clean),clean,11.566666666666666,0.0685916036818146,0.998538230570772,REST,At rest,1,False
vid2,Take 2 (clean),clean,11.6,0.239749630450688,1.009645195510418,REST,At rest,1,False
vid2,Take 2 (clean),clean,11.633333333333333,0.3498334088079212,1.0147039385302077,REST,At rest,1,False
vid2,Take 2 (clean),clean,11.666666666666666,0.3434626022799207,0.9926171445847344,REST,At rest,1,False
vid2,Take 2 (clean),clean,11.7,0.1827976377118182,0.9767021624337836,REST,At rest,1,False
vid2,Take 2 (clean),clean,11.733333333333333,0.1258500419302938,1.002910660884034,REST,At rest,1,False
vid2,Take 2 (clean),clean,11.766666666666666,0.2082779694379967,1.0559529443030262,REST,At rest,1,False
vid2,Take 2 (clean),clean,11.8,0.214529128083572,1.039429254200667,REST,At rest,1,False
vid2,Take 2 (clean),clean,11.833333333333334,0.0945284848779102,1.0023401961020126,REST,At rest,1,False
vid2,Take 2 (clean),clean,11.866666666666667,0.3311626910210822,0.9926127184196164,REST,At rest,1,False
vid2,Take 2 (clean),clean,11.9,0.4254696608947659,1.0210772584333934,REST,At rest,1,False
vid2,Take 2 (clean),clean,11.933333333333334,0.0967355472057087,1.0276677085888155,REST,At rest,1,False
vid2,Take 2 (clean),clean,11.966666666666669,0.2607837577915703,1.038968403634082,REST,At rest,1,False
vid2,Take 2 (clean),clean,12.0,0.1499967051948387,1.0549761969526692,REST,At rest,1,False
vid2,Take 2 (clean),clean,12.033333333333331,0.0645078833796381,1.078895304444491,REST,At rest,1,False
vid2,Take 2 (clean),clean,12.066666666666666,0.0284920400964377,1.054717813571274,REST,At rest,1,False
vid2,Take 2 (clean),clean,12.1,0.055716747706818,1.0372827840027528,REST,At rest,1,False
vid2,Take 2 (clean),clean,12.133333333333333,0.1994946739544283,1.0264093914490535,REST,At rest,1,False
vid2,Take 2 (clean),clean,12.166666666666666,0.1932956545904981,1.029621100762419,REST,At rest,1,False
vid2,Take 2 (clean),clean,12.2,0.4925094693139312,0.9937635528567904,REST,At rest,1,False
vid2,Take 2 (clean),clean,12.233333333333333,0.2512529338679048,1.05551585289991,REST,At rest,1,False
vid2,Take 2 (clean),clean,12.266666666666666,0.2555460153123908,1.0899317462767668,REST,At rest,1,False
vid2,Take 2 (clean),clean,12.3,0.3902250392086271,1.090436504325482,REST,At rest,1,False
vid2,Take 2 (clean),clean,12.333333333333334,0.3177871225305157,1.0342198636780051,REST,At rest,1,False
vid2,Take 2 (clean),clean,12.366666666666667,0.2095000429380692,1.0546594583744338,REST,At rest,1,False
vid2,Take 2 (clean),clean,12.4,0.1027722663459201,1.0451187662981278,REST,At rest,1,False
vid2,Take 2 (clean),clean,12.433333333333334,0.1663552085127234,1.0346579326106984,REST,At rest,1,False
vid2,Take 2 (clean),clean,12.466666666666669,0.0875076449935898,1.030498574564541,REST,At rest,1,False
vid2,Take 2 (clean),clean,12.5,0.0823000508182295,1.0512341149146855,REST,At rest,1,False
vid2,Take 2 (clean),clean,12.533333333333331,0.1281692022717228,1.053054363565182,REST,At rest,1,False
vid2,Take 2 (clean),clean,12.566666666666666,0.3391850328248241,1.0379324273698731,REST,At rest,1,False
vid2,Take 2 (clean),clean,12.6,0.1149101588850148,1.033291983625061,REST,At rest,1,False
vid2,Take 2 (clean),clean,12.633333333333333,0.078148229930129,1.0346672848070015,REST,At rest,1,False
vid2,Take 2 (clean),clean,12.666666666666666,0.2362448942002428,1.0220842850228524,REST,At rest,1,False
vid2,Take 2 (clean),clean,12.7,0.2724663141942842,0.9960863494922771,REST,At rest,1,False
vid2,Take 2 (clean),clean,12.733333333333333,0.0755479892713356,0.9958012531040938,REST,At rest,1,False
vid2,Take 2 (clean),clean,12.766666666666666,0.1211455706579183,1.0185359966384686,REST,At rest,1,False
vid2,Take 2 (clean),clean,12.8,0.2254983340224994,1.0305776118961547,REST,At rest,1,False
vid2,Take 2 (clean),clean,12.833333333333334,0.2749658134622208,1.0156005071347014,REST,At rest,1,False
vid2,Take 2 (clean),clean,12.866666666666667,0.1322687472414692,1.000331192833985,REST,At rest,1,False
vid2,Take 2 (clean),clean,12.9,0.2866919366512993,1.0073001409217688,REST,At rest,1,False
vid2,Take 2 (clean),clean,12.933333333333334,0.3481084733790081,1.0035134417506,REST,At rest,1,False
vid2,Take 2 (clean),clean,12.966666666666669,0.1301850038549534,1.0014658623606738,REST,At rest,1,False
vid2,Take 2 (clean),clean,13.0,0.1817712436697117,0.9982964466020025,REST,At rest,1,False
vid2,Take 2 (clean),clean,13.033333333333331,0.1106290014462004,1.0215239119436683,REST,At rest,1,False
vid2,Take 2 (clean),clean,13.066666666666666,0.2279521360171656,1.0320068291496407,REST,At rest,1,False
vid2,Take 2 (clean),clean,13.1,0.0586745142089284,1.033906749761139,REST,At rest,1,False
vid2,Take 2 (clean),clean,13.133333333333333,0.2302244903302136,1.0318843350588482,REST,At rest,1,False
vid2,Take 2 (clean),clean,13.166666666666666,0.0236695777787084,1.0469266274570836,REST,At rest,1,False
vid2,Take 2 (clean),clean,13.2,0.0976833766166773,1.047815165940919,REST,At rest,1,False
vid2,Take 2 (clean),clean,13.233333333333333,0.0485821499218317,1.0216941142235447,REST,At rest,1,False
vid2,Take 2 (clean),clean,13.266666666666666,0.1895493848195743,1.0156421496110908,REST,At rest,1,False
vid2,Take 2 (clean),clean,13.3,0.4186855838960038,1.0246970426030615,REST,At rest,1,False
vid2,Take 2 (clean),clean,13.333333333333334,0.1962824548624091,1.0403272274041804,REST,At rest,1,False
vid2,Take 2 (clean),clean,13.366666666666667,0.136579970536981,1.0419661649284997,REST,At rest,1,False
vid2,Take 2 (clean),clean,13.4,0.2340639164849887,1.0240630744419967,REST,At rest,1,False
vid2,Take 2 (clean),clean,13.433333333333334,0.1653769579901164,1.035245086045786,REST,At rest,1,False
vid2,Take 2 (clean),clean,13.466666666666669,0.141882884503125,1.024231753911695,REST,At rest,1,False
vid2,Take 2 (clean),clean,13.5,0.1145996555609206,1.0285813680130595,REST,At rest,1,False
vid2,Take 2 (clean),clean,13.533333333333331,0.1528926975388046,1.0285964644016112,REST,At rest,1,False
vid2,Take 2 (clean),clean,13.566666666666666,0.2122150735254625,1.0339191781062802,REST,At rest,1,False
vid2,Take 2 (clean),clean,13.6,0.2260870046313155,1.0099859558120017,REST,At rest,1,False
vid2,Take 2 (clean),clean,13.633333333333333,0.33561974130475,1.0116362931585283,REST,At rest,1,False
vid2,Take 2 (clean),clean,13.666666666666666,0.4060720165236295,1.0616878967200425,REST,At rest,1,False
vid2,Take 2 (clean),clean,13.7,0.4160116218839108,1.0921307534475322,REST,At rest,1,False
vid2,Take 2 (clean),clean,13.733333333333333,0.4203474810151228,1.110233710832851,REST,At rest,1,False
vid2,Take 2 (clean),clean,13.766666666666666,0.659962511911172,1.100404467051508,REST,At rest,1,False
vid2,Take 2 (clean),clean,13.8,0.8372066162941324,1.0918847408175862,REST,At rest,1,False
vid2,Take 2 (clean),clean,13.833333333333334,1.330897227370132,1.0609624283510397,REACH,Reaching,2,False
vid2,Take 2 (clean),clean,13.866666666666667,1.9333888709121168,1.0350439488918803,REACH,Reaching,2,False
vid2,Take 2 (clean),clean,13.9,2.4835224774306885,1.025575300397266,REACH,Reaching,2,False
vid2,Take 2 (clean),clean,13.933333333333334,2.9321803720994235,1.0513009509966167,REACH,Reaching,2,False
vid2,Take 2 (clean),clean,13.966666666666669,3.1133322744658463,1.0802275054087205,REACH,Reaching,2,False
vid2,Take 2 (clean),clean,14.0,3.2996718987171274,1.0864385533996306,REACH,Reaching,2,False
vid2,Take 2 (clean),clean,14.033333333333331,3.4793523186411313,1.099282913053935,REACH,Reaching,2,False
vid2,Take 2 (clean),clean,14.066666666666666,3.6107610983423286,1.0960629238095316,REACH,Reaching,2,False
vid2,Take 2 (clean),clean,14.1,3.6360513184748857,1.0795123956759864,REACH,Reaching,2,False
vid2,Take 2 (clean),clean,14.133333333333333,3.4760712021976112,1.0492457947686022,REACH,Reaching,2,False
vid2,Take 2 (clean),clean,14.166666666666666,3.214870549903401,1.051147730368008,REACH,Reaching,2,False
vid2,Take 2 (clean),clean,14.2,3.0033475319071616,1.043401585330945,REACH,Reaching,2,False
vid2,Take 2 (clean),clean,14.233333333333333,2.879036967167056,1.0352142349928417,REACH,Reaching,2,False
vid2,Take 2 (clean),clean,14.266666666666666,2.7882466815931815,1.0230865963629483,REACH,Reaching,2,False
vid2,Take 2 (clean),clean,14.3,2.7524345890653894,1.0509413032677382,REACH,Reaching,2,False
vid2,Take 2 (clean),clean,14.333333333333334,2.7517495125763425,1.082785746921877,REACH,Reaching,2,False
vid2,Take 2 (clean),clean,14.366666666666667,2.7932759428390113,1.1227578407255714,REACH,Reaching,2,False
vid2,Take 2 (clean),clean,14.4,2.797507836520455,1.1285730671615612,REACH,Reaching,2,False
vid2,Take 2 (clean),clean,14.433333333333334,2.739097678759872,1.1267127453669072,REACH,Reaching,2,False
vid2,Take 2 (clean),clean,14.466666666666669,2.583511289998521,1.1265070760696807,REACH,Reaching,2,False
vid2,Take 2 (clean),clean,14.5,2.423768669206141,1.1383944611332382,REACH,Reaching,2,False
vid2,Take 2 (clean),clean,14.533333333333331,2.3322052347710587,1.1433056755637885,REACH,Reaching,2,False
vid2,Take 2 (clean),clean,14.566666666666666,2.2616382289798507,1.1561725389282809,REACH,Reaching,2,False
vid2,Take 2 (clean),clean,14.6,2.241512625537534,1.175035023410408,REACH,Reaching,2,False
vid2,Take 2 (clean),clean,14.633333333333333,2.225805820767098,1.2084101471610154,REACH,Reaching,2,False
vid2,Take 2 (clean),clean,14.666666666666666,2.179984744946013,1.2079160705330063,REACH,Reaching,2,False
vid2,Take 2 (clean),clean,14.7,2.1391571116030343,1.1918911196270685,REACH,Reaching,2,False
vid2,Take 2 (clean),clean,14.733333333333333,2.0750096355320777,1.1419337223929469,REACH,Reaching,2,False
vid2,Take 2 (clean),clean,14.766666666666666,1.9416007159450075,1.1208045563616815,REACH,Reaching,2,False
vid2,Take 2 (clean),clean,14.8,1.7789478317907932,1.102190318830666,REACH,Reaching,2,False
vid2,Take 2 (clean),clean,14.833333333333334,1.5671108003442291,1.099749235135287,REACH,Reaching,2,False
vid2,Take 2 (clean),clean,14.866666666666667,1.442736194648396,1.0802557284714749,REACH,Reaching,2,False
vid2,Take 2 (clean),clean,14.9,1.2837137313569804,1.0841542759772598,REACH,Reaching,2,False
vid2,Take 2 (clean),clean,14.933333333333334,1.1401107545485802,1.0983431451286176,REACH,Reaching,2,False
vid2,Take 2 (clean),clean,14.966666666666669,0.9862112533778,1.143627040682182,REACH,Reaching,2,False
vid2,Take 2 (clean),clean,15.0,0.9037941041901264,1.2021534164676706,REACH,Reaching,2,False
vid2,Take 2 (clean),clean,15.033333333333331,0.9149635631949242,1.2499826534955365,REACH,Reaching,2,False
vid2,Take 2 (clean),clean,15.066666666666666,0.8650235792927278,1.255082914520796,REACH,Reaching,2,False
vid2,Take 2 (clean),clean,15.1,0.7664836883628283,1.2372889640602924,REACH,Reaching,2,False
vid2,Take 2 (clean),clean,15.133333333333333,0.7290233114200695,1.2163510067081134,REACH,Reaching,2,False
vid2,Take 2 (clean),clean,15.166666666666666,0.6981839986195414,1.2025115759681348,REACH,Reaching,2,False
vid2,Take 2 (clean),clean,15.2,0.9545402943133596,1.1784484065293803,REACH,Reaching,2,False
vid2,Take 2 (clean),clean,15.233333333333333,0.7633141551846879,1.1812409654973712,REACH,Reaching,2,False
vid2,Take 2 (clean),clean,15.266666666666666,0.8624898009680664,1.108247176891337,REACH,Reaching,2,False
vid2,Take 2 (clean),clean,15.3,0.9254690871857912,1.0416595548466638,GRASP,Grasping,3,False
vid2,Take 2 (clean),clean,15.333333333333334,0.8251681716923394,0.9733160104935524,GRASP,Grasping,3,False
vid2,Take 2 (clean),clean,15.366666666666667,1.313746950391079,0.9382105978233422,GRASP,Grasping,3,False
vid2,Take 2 (clean),clean,15.4,1.2854360917604994,0.8985861669786179,GRASP,Grasping,3,False
vid2,Take 2 (clean),clean,15.433333333333334,1.4171610892818196,0.8765426211696231,GRASP,Grasping,3,False
vid2,Take 2 (clean),clean,15.466666666666669,1.2881890673835736,0.8586784312498665,GRASP,Grasping,3,False
vid2,Take 2 (clean),clean,15.5,1.0646286899549966,0.7997085089177367,GRASP,Grasping,3,False
vid2,Take 2 (clean),clean,15.533333333333331,0.6879096468789117,0.7647066000284256,GRASP,Grasping,3,False
vid2,Take 2 (clean),clean,15.566666666666666,0.602112330419432,0.7666940004612687,GRASP,Grasping,3,False
vid2,Take 2 (clean),clean,15.6,0.5611103565380209,0.754451234358853,GRASP,Grasping,3,False
vid2,Take 2 (clean),clean,15.633333333333333,0.4055617664246591,0.7216138597873024,GRASP,Grasping,3,False
vid2,Take 2 (clean),clean,15.666666666666666,0.169680843663129,0.6982149372148643,GRASP,Grasping,3,False
vid2,Take 2 (clean),clean,15.7,0.0603165703588278,0.7205233183499052,GRASP,Grasping,3,False
vid2,Take 2 (clean),clean,15.733333333333333,0.0490545784288923,0.7207036579675177,GRASP,Grasping,3,False
vid2,Take 2 (clean),clean,15.766666666666666,0.0790753288388913,0.7098557469139645,GRASP,Grasping,3,False
vid2,Take 2 (clean),clean,15.8,0.1422457798064381,0.7067900526810077,GRASP,Grasping,3,False
vid2,Take 2 (clean),clean,15.833333333333334,0.0582331048588778,0.7018405348773898,GRASP,Grasping,3,False
vid2,Take 2 (clean),clean,15.866666666666667,0.1033017645082813,0.741894408145209,GRASP,Grasping,3,False
vid2,Take 2 (clean),clean,15.9,0.0805672056471978,0.7587111540166123,GRASP,Grasping,3,False
vid2,Take 2 (clean),clean,15.933333333333334,0.032804520674604,0.7650459389280012,GRASP,Grasping,3,False
vid2,Take 2 (clean),clean,15.966666666666669,0.0302610468983426,0.731498760387336,GRASP,Grasping,3,False
vid2,Take 2 (clean),clean,16.0,0.0636171956461332,0.7573751072986327,GRASP,Grasping,3,False
vid2,Take 2 (clean),clean,16.03333333333333,0.1207724829596513,0.7768230567046912,GRASP,Grasping,3,False
vid2,Take 2 (clean),clean,16.066666666666666,0.1779097433538398,0.7767144439360089,GRASP,Grasping,3,False
vid2,Take 2 (clean),clean,16.1,0.1678415772673463,0.7480242756299273,GRASP,Grasping,3,False
vid2,Take 2 (clean),clean,16.133333333333333,0.1553131670874667,0.7489934808586634,GRASP,Grasping,3,False
vid2,Take 2 (clean),clean,16.166666666666668,0.1705939135454155,0.7885103143315115,GRASP,Grasping,3,False
vid2,Take 2 (clean),clean,16.2,0.133611780445513,0.7743156694627068,GRASP,Grasping,3,False
vid2,Take 2 (clean),clean,16.233333333333334,0.1746316749498373,0.7521794589811382,GRASP,Grasping,3,False
vid2,Take 2 (clean),clean,16.266666666666666,0.0747870794140749,0.7356283031535504,GRASP,Grasping,3,False
vid2,Take 2 (clean),clean,16.3,0.0340595933224675,0.7576188197351755,GRASP,Grasping,3,False
vid2,Take 2 (clean),clean,16.333333333333332,0.0665636543562537,0.7373524735917456,GRASP,Grasping,3,False
vid2,Take 2 (clean),clean,16.366666666666667,0.0672972363533422,0.755606821775166,GRASP,Grasping,3,False
vid2,Take 2 (clean),clean,16.4,0.1129021092216316,0.7771947578715283,GRASP,Grasping,3,False
vid2,Take 2 (clean),clean,16.433333333333334,0.1743519856128287,0.7993683825265956,GRASP,Grasping,3,False
vid2,Take 2 (clean),clean,16.466666666666665,0.2736627681602879,0.7524438586634975,GRASP,Grasping,3,False
vid2,Take 2 (clean),clean,16.5,0.1738495648881989,0.7076058130543182,GRASP,Grasping,3,False
vid2,Take 2 (clean),clean,16.53333333333333,0.1191103330442284,0.6714913074713125,GRASP,Grasping,3,False
vid2,Take 2 (clean),clean,16.566666666666666,0.1415694041895787,0.6826079100488855,GRASP,Grasping,3,False
vid2,Take 2 (clean),clean,16.6,0.2817385936120678,0.6926020274391992,GRASP,Grasping,3,False
vid2,Take 2 (clean),clean,16.633333333333333,0.3545950568688606,0.6796073519818935,GRASP,Grasping,3,False
vid2,Take 2 (clean),clean,16.666666666666668,0.3902463831703593,0.6602249879116036,GRASP,Grasping,3,False
vid2,Take 2 (clean),clean,16.7,0.3564301856264069,0.6830465987048444,GRASP,Grasping,3,False
vid2,Take 2 (clean),clean,16.733333333333334,0.3281219967899508,0.7373553701773119,GRASP,Grasping,3,False
vid2,Take 2 (clean),clean,16.766666666666666,0.4594933863673084,0.7798304612085696,GRASP,Grasping,3,False
vid2,Take 2 (clean),clean,16.8,0.6332031620252802,0.7650789204362283,GRASP,Grasping,3,False
vid2,Take 2 (clean),clean,16.833333333333332,0.9177592325094854,0.7245874313575302,GRASP,Grasping,3,False
vid2,Take 2 (clean),clean,16.866666666666667,1.2786362736880177,0.7179341801237239,GRASP,Grasping,3,False
vid2,Take 2 (clean),clean,16.9,1.7626597964681847,0.7316113747231893,GRASP,Grasping,3,False
vid2,Take 2 (clean),clean,16.933333333333334,2.3964166524643495,0.6939368354264098,GRASP,Grasping,3,False
vid2,Take 2 (clean),clean,16.966666666666665,3.095234239533053,0.6814375147726576,GRASP,Grasping,3,False
vid2,Take 2 (clean),clean,17.0,3.823135828084915,0.7274198467088218,GRASP,Grasping,3,False
vid2,Take 2 (clean),clean,17.03333333333333,4.35443811905912,0.7683910712681873,GRASP,Grasping,3,False
vid2,Take 2 (clean),clean,17.066666666666666,4.7273977490998496,0.762170023401081,GRASP,Grasping,3,False
vid2,Take 2 (clean),clean,17.1,4.8692786994763395,0.76883281738261,GRASP,Grasping,3,False
vid2,Take 2 (clean),clean,17.133333333333333,4.771708567228978,0.7951668778952133,GRASP,Grasping,3,False
vid2,Take 2 (clean),clean,17.166666666666668,4.473890066706085,0.8365117732799292,GRASP,Grasping,3,False
vid2,Take 2 (clean),clean,17.2,4.045805678492117,0.8781635537477023,GRASP,Grasping,3,False
vid2,Take 2 (clean),clean,17.233333333333334,3.4830508399705704,0.940458329851252,GRASP,Grasping,3,False
vid2,Take 2 (clean),clean,17.266666666666666,2.7856673128256952,0.9860789465556596,GRASP,Grasping,3,False
vid2,Take 2 (clean),clean,17.3,2.114383789430994,0.9886494105930544,GRASP,Grasping,3,False
vid2,Take 2 (clean),clean,17.333333333333332,1.3717844874442828,0.935104053883765,GRASP,Grasping,3,False
vid2,Take 2 (clean),clean,17.366666666666667,0.8050738288764585,0.8811865001459359,GRASP,Grasping,3,False
vid2,Take 2 (clean),clean,17.4,0.5057662527369557,0.8352951128488638,HOLD,Holding,4,False
vid2,Take 2 (clean),clean,17.433333333333334,0.4080732246097999,0.795457113372443,HOLD,Holding,4,False
vid2,Take 2 (clean),clean,17.466666666666665,0.3720536719679997,0.7899073547202891,HOLD,Holding,4,False
vid2,Take 2 (clean),clean,17.5,0.298678805495216,0.8099734376005449,HOLD,Holding,4,False
vid2,Take 2 (clean),clean,17.53333333333333,0.2244192163134354,0.8287881134237934,HOLD,Holding,4,False
vid2,Take 2 (clean),clean,17.566666666666666,0.2065943463561585,0.8250454722982203,HOLD,Holding,4,False
vid2,Take 2 (clean),clean,17.6,0.230657539017607,0.8047119243625296,HOLD,Holding,4,False
vid2,Take 2 (clean),clean,17.633333333333333,0.2531885083590317,0.7969007971705223,HOLD,Holding,4,False
vid2,Take 2 (clean),clean,17.666666666666668,0.2142214704372328,0.7922219398548322,HOLD,Holding,4,False
vid2,Take 2 (clean),clean,17.7,0.1636560101151311,0.7827800570395671,HOLD,Holding,4,False
vid2,Take 2 (clean),clean,17.733333333333334,0.1913080226828376,0.7796564704928933,HOLD,Holding,4,False
vid2,Take 2 (clean),clean,17.766666666666666,0.1916871349947896,0.7940259254520475,HOLD,Holding,4,False
vid2,Take 2 (clean),clean,17.8,0.1497856270252317,0.8132360154498824,HOLD,Holding,4,False
vid2,Take 2 (clean),clean,17.833333333333332,0.1645886995385905,0.8171008961936395,HOLD,Holding,4,False
vid2,Take 2 (clean),clean,17.866666666666667,0.2551012139153171,0.8155678476799563,HOLD,Holding,4,False
vid2,Take 2 (clean),clean,17.9,0.3386757487191506,0.801914502787643,HOLD,Holding,4,False
vid2,Take 2 (clean),clean,17.933333333333334,0.3704877327508712,0.8127712617581659,HOLD,Holding,4,False
vid2,Take 2 (clean),clean,17.966666666666665,0.3434540420248856,0.8232422615733279,HOLD,Holding,4,False
vid2,Take 2 (clean),clean,18.0,0.2886374623819596,0.8301744989590117,HOLD,Holding,4,False
vid2,Take 2 (clean),clean,18.03333333333333,0.2067243948797589,0.8282474627205917,HOLD,Holding,4,False
vid2,Take 2 (clean),clean,18.066666666666663,0.1082287047062305,0.8429756191197624,HOLD,Holding,4,False
vid2,Take 2 (clean),clean,18.1,0.0485448144202881,0.8327661888739918,HOLD,Holding,4,False
vid2,Take 2 (clean),clean,18.133333333333333,0.0512917285402439,0.8323432048315301,HOLD,Holding,4,False
vid2,Take 2 (clean),clean,18.166666666666668,0.0757212938434771,0.8381930900830604,HOLD,Holding,4,False
vid2,Take 2 (clean),clean,18.2,0.0769923245500054,0.8489238433103724,HOLD,Holding,4,False
vid2,Take 2 (clean),clean,18.233333333333334,0.1018106299448219,0.8538170140154556,HOLD,Holding,4,False
vid2,Take 2 (clean),clean,18.266666666666666,0.1639349154947772,0.8668746995103886,HOLD,Holding,4,False
vid2,Take 2 (clean),clean,18.3,0.2115180603701317,0.868264327206348,HOLD,Holding,4,False
vid2,Take 2 (clean),clean,18.333333333333332,0.2141760531893604,0.8600172492098423,HOLD,Holding,4,False
vid2,Take 2 (clean),clean,18.366666666666667,0.1788511911740551,0.854759797422818,HOLD,Holding,4,False
vid2,Take 2 (clean),clean,18.4,0.2246715075065108,0.8609855318594898,HOLD,Holding,4,False
vid2,Take 2 (clean),clean,18.433333333333337,0.2059612994347888,0.8676005139103918,HOLD,Holding,4,False
vid2,Take 2 (clean),clean,18.466666666666665,0.2270534004527919,0.8681583998424655,HOLD,Holding,4,False
vid2,Take 2 (clean),clean,18.5,0.3269101426517183,0.8670144134067991,HOLD,Holding,4,False
vid2,Take 2 (clean),clean,18.53333333333333,0.3270037203555216,0.8648009118078539,HOLD,Holding,4,False
vid2,Take 2 (clean),clean,18.566666666666663,0.4768800422428401,0.8738780132417838,HOLD,Holding,4,False
vid2,Take 2 (clean),clean,18.6,0.5641276117774802,0.8531566820292599,HOLD,Holding,4,False
vid2,Take 2 (clean),clean,18.633333333333333,0.6557248481070866,0.8244720044996888,HOLD,Holding,4,False
vid2,Take 2 (clean),clean,18.666666666666668,0.6822189382344991,0.7813240314259973,HOLD,Holding,4,False
vid2,Take 2 (clean),clean,18.7,0.653643146449796,0.7974729481508791,HOLD,Holding,4,False
vid2,Take 2 (clean),clean,18.733333333333334,0.660486395382614,0.8083575612128022,HOLD,Holding,4,False
vid2,Take 2 (clean),clean,18.766666666666666,0.6987777848532807,0.8507454490660742,HOLD,Holding,4,False
vid2,Take 2 (clean),clean,18.8,0.7963282878992973,0.8551685794836328,HOLD,Holding,4,False
vid2,Take 2 (clean),clean,18.833333333333332,0.8360579414885869,0.8472748096176372,HOLD,Holding,4,False
vid2,Take 2 (clean),clean,18.866666666666667,0.9524762513163312,0.8143951502832374,HOLD,Holding,4,False
vid2,Take 2 (clean),clean,18.9,1.0465084944882272,0.8131624780957237,HOLD,Holding,4,False
vid2,Take 2 (clean),clean,18.933333333333337,1.163195179334192,0.7982790697455079,HOLD,Holding,4,False
vid2,Take 2 (clean),clean,18.966666666666665,1.3267264911664391,0.7787696927086704,HOLD,Holding,4,False
vid2,Take 2 (clean),clean,19.0,1.4762838737920323,0.7717564657993633,HOLD,Holding,4,False
vid2,Take 2 (clean),clean,19.03333333333333,1.6265164987478269,0.7943165417191239,HOLD,Holding,4,False
vid2,Take 2 (clean),clean,19.066666666666663,1.7411446621591466,0.7874613379186856,HOLD,Holding,4,False
vid2,Take 2 (clean),clean,19.1,1.809086780444961,0.777872523221215,HOLD,Holding,4,False
vid2,Take 2 (clean),clean,19.133333333333333,1.8202634741874333,0.7580695350536906,HOLD,Holding,4,False
vid2,Take 2 (clean),clean,19.166666666666668,1.770142789237272,0.7664799617274007,HOLD,Holding,4,False
vid2,Take 2 (clean),clean,19.2,1.8459743125419452,0.7665840819842138,HOLD,Holding,4,False
vid2,Take 2 (clean),clean,19.233333333333334,1.8676953970187644,0.7599187025265292,HOLD,Holding,4,False
vid2,Take 2 (clean),clean,19.266666666666666,1.823152624831146,0.7619033783013671,HOLD,Holding,4,False
vid2,Take 2 (clean),clean,19.3,1.7326076019131984,0.7771608072502583,HOLD,Holding,4,False
vid2,Take 2 (clean),clean,19.333333333333332,1.5244070900255522,0.7758198383853128,HOLD,Holding,4,False
vid2,Take 2 (clean),clean,19.366666666666667,1.4723986321264395,0.764565163544753,HOLD,Holding,4,False
vid2,Take 2 (clean),clean,19.4,1.427191808561222,0.770378093657845,HOLD,Holding,4,False
vid2,Take 2 (clean),clean,19.433333333333337,1.377056864474992,0.7818325809693718,HOLD,Holding,4,False
vid2,Take 2 (clean),clean,19.466666666666665,1.4022147985296511,0.769419390170228,HOLD,Holding,4,False
vid2,Take 2 (clean),clean,19.5,1.3706460230784876,0.760650571880634,HOLD,Holding,4,False
vid2,Take 2 (clean),clean,19.53333333333333,1.388704310669814,0.762628934841189,HOLD,Holding,4,False
vid2,Take 2 (clean),clean,19.566666666666663,1.350479522654495,0.7679577413073899,HOLD,Holding,4,False
vid2,Take 2 (clean),clean,19.6,1.351675993233156,0.7723465058976537,HOLD,Holding,4,False
vid2,Take 2 (clean),clean,19.633333333333333,1.3697544148984475,0.7739388094858864,HOLD,Holding,4,False
vid2,Take 2 (clean),clean,19.666666666666668,1.0864807832988117,0.7273798684716536,HOLD,Holding,4,False
vid2,Take 2 (clean),clean,19.7,0.7846709129276305,0.6875467628338248,HOLD,Holding,4,False
vid2,Take 2 (clean),clean,19.733333333333334,0.4560564766545392,0.6726946163671871,HOLD,Holding,4,False
vid2,Take 2 (clean),clean,19.766666666666666,0.2846553919569128,0.6787932883896652,HOLD,Holding,4,False
vid2,Take 2 (clean),clean,19.8,0.108338301129081,0.6713637326278076,HOLD,Holding,4,False
vid2,Take 2 (clean),clean,19.833333333333332,0.0821261404905142,0.6632643972891307,HOLD,Holding,4,False
vid2,Take 2 (clean),clean,19.866666666666667,0.0875255672017716,0.649564623258885,HOLD,Holding,4,False
vid2,Take 2 (clean),clean,19.9,0.0923061945720301,0.6407831453460294,HOLD,Holding,4,False
vid2,Take 2 (clean),clean,19.933333333333337,0.0852003360540598,0.6434883859848919,HOLD,Holding,4,False
vid2,Take 2 (clean),clean,19.966666666666665,0.0834032124111349,0.6638645983046276,HOLD,Holding,4,False
vid2,Take 2 (clean),clean,20.0,0.0332532518753262,0.6660152000132052,HOLD,Holding,4,False
vid2,Take 2 (clean),clean,20.03333333333333,0.0263104593478308,0.6638588981021833,HOLD,Holding,4,False
vid2,Take 2 (clean),clean,20.066666666666663,0.1255858326356501,0.6353424903059021,HOLD,Holding,4,False
vid2,Take 2 (clean),clean,20.1,0.0501993510514248,0.648088203820687,HOLD,Holding,4,False
vid2,Take 2 (clean),clean,20.133333333333333,0.058084678893196,0.6883718616552003,HOLD,Holding,4,False
vid2,Take 2 (clean),clean,20.166666666666668,0.0388142401220298,0.6970271203156453,HOLD,Holding,4,False
vid2,Take 2 (clean),clean,20.2,0.0641213886834146,0.6949070467163696,HOLD,Holding,4,False
vid2,Take 2 (clean),clean,20.233333333333334,0.0729585115864042,0.6802323593017021,HOLD,Holding,4,False
vid2,Take 2 (clean),clean,20.266666666666666,0.0862790723319945,0.7049463155785618,HOLD,Holding,4,False
vid2,Take 2 (clean),clean,20.3,0.0942051408073047,0.7070086299752437,HOLD,Holding,4,False
vid2,Take 2 (clean),clean,20.333333333333332,0.2506643700198163,0.7333774495992325,HOLD,Holding,4,False
vid2,Take 2 (clean),clean,20.366666666666667,0.6056533929914866,0.7436492362799092,HOLD,Holding,4,False
vid2,Take 2 (clean),clean,20.4,0.8894997746771673,0.7884627722461495,HOLD,Holding,4,False
vid2,Take 2 (clean),clean,20.433333333333337,1.2708071121226607,0.8936626445176696,HOLD,Holding,4,False
vid2,Take 2 (clean),clean,20.466666666666665,1.518983471664642,0.9785388458325152,HOLD,Holding,4,False
vid2,Take 2 (clean),clean,20.5,1.603894185590211,0.993347465380486,HOLD,Holding,4,False
vid2,Take 2 (clean),clean,20.53333333333333,1.782205843257976,0.9983537282646918,RELEASE,Releasing,5,False
vid2,Take 2 (clean),clean,20.566666666666663,1.709377630576946,1.0829317311912547,RELEASE,Releasing,5,False
vid2,Take 2 (clean),clean,20.6,1.4931358690569068,1.1818496786703152,RELEASE,Releasing,5,False
vid2,Take 2 (clean),clean,20.633333333333333,1.1390338660303676,1.26992493653353,RELEASE,Releasing,5,False
vid2,Take 2 (clean),clean,20.666666666666668,0.8073299039277522,1.3131650673373547,RELEASE,Releasing,5,False
vid2,Take 2 (clean),clean,20.7,0.6901337943658441,1.3684103470852231,RELEASE,Releasing,5,False
vid2,Take 2 (clean),clean,20.733333333333334,0.5589376544549056,1.4188765758393411,RELEASE,Releasing,5,False
vid2,Take 2 (clean),clean,20.766666666666666,0.3061235884242936,1.4519659532961722,RELEASE,Releasing,5,False
vid2,Take 2 (clean),clean,20.8,0.1691904716597368,1.3969948722622012,RELEASE,Releasing,5,False
vid2,Take 2 (clean),clean,20.833333333333332,0.2122984824872375,1.2823104100003977,RELEASE,Releasing,5,False
vid2,Take 2 (clean),clean,20.866666666666667,0.3164504583523714,1.2304315640154495,RELEASE,Releasing,5,False
vid2,Take 2 (clean),clean,20.9,0.4966059430551962,1.2438107767709352,RELEASE,Releasing,5,False
vid2,Take 2 (clean),clean,20.933333333333337,0.2657507150608004,1.257920461901055,RELEASE,Releasing,5,False
vid2,Take 2 (clean),clean,20.966666666666665,0.1135732168163542,1.2931474996018877,RELEASE,Releasing,5,False
vid2,Take 2 (clean),clean,21.0,0.2310333545285197,1.2975343903054757,RELEASE,Releasing,5,False
vid2,Take 2 (clean),clean,21.03333333333333,0.1747917515782782,1.3781013792703851,RELEASE,Releasing,5,False
vid2,Take 2 (clean),clean,21.066666666666663,0.5232207393931692,1.4110736812051368,RELEASE,Releasing,5,False
vid2,Take 2 (clean),clean,21.1,0.4359959653762077,1.5445608577481995,RELEASE,Releasing,5,False
vid2,Take 2 (clean),clean,21.133333333333333,0.3676511246044899,1.589092169950448,RELEASE,Releasing,5,False
vid2,Take 2 (clean),clean,21.166666666666668,0.545499409897625,1.5941041786163297,RELEASE,Releasing,5,False
vid2,Take 2 (clean),clean,21.2,0.7179674476605971,1.4560145798475514,RELEASE,Releasing,5,False
vid2,Take 2 (clean),clean,21.233333333333334,0.4091546742980941,1.4066515951550258,RELEASE,Releasing,5,False
vid2,Take 2 (clean),clean,21.266666666666666,0.2206578046228606,1.401073658712113,RELEASE,Releasing,5,False
vid2,Take 2 (clean),clean,21.3,0.0675061116455099,1.3408487098189907,RELEASE,Releasing,5,False
vid2,Take 2 (clean),clean,21.333333333333332,0.0674484050383312,1.347458646522696,RELEASE,Releasing,5,False
vid2,Take 2 (clean),clean,21.366666666666667,0.1130856746901558,1.3879369464284024,RELEASE,Releasing,5,False
vid2,Take 2 (clean),clean,21.4,0.3258410245185987,1.3913862159081267,RELEASE,Releasing,5,False
vid2,Take 2 (clean),clean,21.433333333333337,0.6448966218106889,1.3423720772031345,RELEASE,Releasing,5,False
vid2,Take 2 (clean),clean,21.466666666666665,0.7270594328475655,1.3814231713654352,RELEASE,Releasing,5,False
vid2,Take 2 (clean),clean,21.5,0.9481719395087128,1.4097027966460058,RELEASE,Releasing,5,False
vid2,Take 2 (clean),clean,21.53333333333333,0.9914588344954252,1.4126350757493795,RELEASE,Releasing,5,False
vid2,Take 2 (clean),clean,21.566666666666663,1.12384928696359,1.4380758321979463,RETRACT,Returning,6,False
vid2,Take 2 (clean),clean,21.6,1.2482252313343514,1.4490138808608355,RETRACT,Returning,6,False
vid2,Take 2 (clean),clean,21.633333333333333,1.2391506291047942,1.4336801011999656,RETRACT,Returning,6,False
vid2,Take 2 (clean),clean,21.666666666666668,1.4320208093916438,1.3768778964548916,RETRACT,Returning,6,False
vid2,Take 2 (clean),clean,21.7,1.753455056632478,1.3483425476642168,RETRACT,Returning,6,False
vid2,Take 2 (clean),clean,21.733333333333334,1.991510746925979,1.3522485030950906,RETRACT,Returning,6,False
vid2,Take 2 (clean),clean,21.766666666666666,2.039553071542162,1.3521648827643358,RETRACT,Returning,6,False
vid2,Take 2 (clean),clean,21.8,2.0704468261460756,1.306535818924746,RETRACT,Returning,6,False
vid2,Take 2 (clean),clean,21.833333333333332,2.2372961970478693,1.2923466817754707,RETRACT,Returning,6,False
vid2,Take 2 (clean),clean,21.866666666666667,2.3963799270771227,1.3013485901697337,RETRACT,Returning,6,False
vid2,Take 2 (clean),clean,21.9,2.741503458245058,1.334380672252524,RETRACT,Returning,6,False
vid2,Take 2 (clean),clean,21.933333333333337,2.944815396629034,1.3295481520313572,RETRACT,Returning,6,False
vid2,Take 2 (clean),clean,21.966666666666665,3.098799269633148,1.2972686971464495,RETRACT,Returning,6,False
vid2,Take 2 (clean),clean,22.0,3.1873900166259728,1.275429058613066,RETRACT,Returning,6,False
vid2,Take 2 (clean),clean,22.03333333333333,3.1834104414148365,1.316074568561132,RETRACT,Returning,6,False
vid2,Take 2 (clean),clean,22.066666666666663,3.1427682952755545,1.3535663166296272,RETRACT,Returning,6,False
vid2,Take 2 (clean),clean,22.1,3.091947464030221,1.33089603101548,RETRACT,Returning,6,False
vid2,Take 2 (clean),clean,22.133333333333333,3.1240176877166435,1.2928944738645805,RETRACT,Returning,6,False
vid2,Take 2 (clean),clean,22.166666666666668,3.128633301741799,1.2574446484909096,RETRACT,Returning,6,False
vid2,Take 2 (clean),clean,22.2,3.1581177140430445,1.2220892977391686,RETRACT,Returning,6,False
vid2,Take 2 (clean),clean,22.233333333333334,3.276877490859748,1.177931630846751,RETRACT,Returning,6,False
vid2,Take 2 (clean),clean,22.266666666666666,3.3873991624338764,1.1327674422105878,RETRACT,Returning,6,False
vid2,Take 2 (clean),clean,22.3,3.5307639706434,1.1033963719033266,RETRACT,Returning,6,False
vid2,Take 2 (clean),clean,22.333333333333332,3.3710884130394194,1.1069432907186931,RETRACT,Returning,6,False
vid2,Take 2 (clean),clean,22.366666666666667,3.0001177142437188,1.1459145689605323,RETRACT,Returning,6,False
vid2,Take 2 (clean),clean,22.4,2.8528592265037105,1.1467871820825797,RETRACT,Returning,6,False
vid2,Take 2 (clean),clean,22.433333333333337,2.948464425107718,1.1059813921159871,RETRACT,Returning,6,False
vid2,Take 2 (clean),clean,22.466666666666665,3.1028853536580385,1.0810979306641104,RETRACT,Returning,6,False
vid2,Take 2 (clean),clean,22.5,3.174758433389535,1.0809183343294575,RETRACT,Returning,6,False
vid2,Take 2 (clean),clean,22.53333333333333,3.124518458268573,1.0763745095455606,RETRACT,Returning,6,False
vid2,Take 2 (clean),clean,22.566666666666663,2.895538804117196,1.0603392137201173,RETRACT,Returning,6,False
vid2,Take 2 (clean),clean,22.6,2.4978652636313896,1.0524383073955228,RETRACT,Returning,6,False
vid2,Take 2 (clean),clean,22.633333333333333,2.131423500305728,1.039872621642676,RETRACT,Returning,6,False
vid2,Take 2 (clean),clean,22.666666666666668,1.745428651436441,1.0378835263893624,RETRACT,Returning,6,False
vid2,Take 2 (clean),clean,22.7,1.627188975201477,1.070679802530548,RETRACT,Returning,6,False
vid2,Take 2 (clean),clean,22.733333333333334,1.578396278003403,1.1095704382118363,RETRACT,Returning,6,False
vid2,Take 2 (clean),clean,22.766666666666666,1.784488027046327,1.1131894363677703,RETRACT,Returning,6,False
vid2,Take 2 (clean),clean,22.8,1.6196574523341174,1.0966104424508836,RETRACT,Returning,6,False
vid2,Take 2 (clean),clean,22.833333333333332,1.2181574285987629,1.039786639093936,RETRACT,Returning,6,False
vid2,Take 2 (clean),clean,22.866666666666667,0.8844675616712261,1.0325592898235851,RETRACT,Returning,6,False
vid2,Take 2 (clean),clean,22.9,0.4882920364282306,1.038477447455345,RETRACT,Returning,6,False
vid2,Take 2 (clean),clean,22.933333333333337,0.5394652345428087,1.081678344022019,RETRACT,Returning,6,False
vid2,Take 2 (clean),clean,22.966666666666665,0.3490719612015441,1.0997814826839056,REST,At rest,1,False
vid2,Take 2 (clean),clean,23.0,0.0659949351029021,1.123563762969306,REST,At rest,1,False
vid2,Take 2 (clean),clean,23.03333333333333,0.0033336334660659,1.1102699169215222,REST,At rest,1,False
vid2,Take 2 (clean),clean,23.066666666666663,0.075394394420628,1.104323698333026,REST,At rest,1,False
vid2,Take 2 (clean),clean,23.1,0.3324695225827253,1.1006603503643846,REST,At rest,1,False
vid2,Take 2 (clean),clean,23.133333333333333,0.3989019822182478,1.1091089676510348,REST,At rest,1,False
vid2,Take 2 (clean),clean,23.166666666666668,0.1570394122271856,1.115980028636915,REST,At rest,1,False
vid2,Take 2 (clean),clean,23.2,0.1746271385681782,1.1103088284038545,REST,At rest,1,False
vid2,Take 2 (clean),clean,23.233333333333334,0.2537756425317445,1.103537832728887,REST,At rest,1,False
vid2,Take 2 (clean),clean,23.266666666666666,0.0946149058318287,1.0954391493860376,REST,At rest,1,False
vid2,Take 2 (clean),clean,23.3,0.0819108364983894,1.1029506428458675,REST,At rest,1,False
vid2,Take 2 (clean),clean,23.333333333333332,0.1441778883339788,1.0990935602955023,REST,At rest,1,False
vid2,Take 2 (clean),clean,23.366666666666667,0.1484144020527101,1.1085284755525422,REST,At rest,1,False
vid2,Take 2 (clean),clean,23.4,0.0425600018415939,1.0908871912386275,REST,At rest,1,False
vid2,Take 2 (clean),clean,23.433333333333337,0.1587886180313983,1.0954949383557695,REST,At rest,1,False
vid2,Take 2 (clean),clean,23.466666666666665,0.2307696775829573,1.087580187351225,REST,At rest,1,False
vid2,Take 2 (clean),clean,23.5,0.2340204823747536,1.1037612500987148,REST,At rest,1,False
vid2,Take 2 (clean),clean,23.53333333333333,0.1380929735438328,1.1069323609129067,REST,At rest,1,False
vid2,Take 2 (clean),clean,23.566666666666663,0.311836950425554,1.1255014019721572,REST,At rest,1,False
vid2,Take 2 (clean),clean,23.6,0.0721414557742357,1.1269963154591416,REST,At rest,1,False
vid2,Take 2 (clean),clean,23.633333333333333,0.2578274882967277,1.1233326447541916,REST,At rest,1,False
vid2,Take 2 (clean),clean,23.666666666666668,0.0272422078794768,1.111769958567662,REST,At rest,1,False
vid2,Take 2 (clean),clean,23.7,0.235767263184111,1.101739035902055,REST,At rest,1,False
vid2,Take 2 (clean),clean,23.733333333333334,0.1461317979663249,1.099052638887675,REST,At rest,1,False
vid2,Take 2 (clean),clean,23.766666666666666,0.1098315768438649,1.1047130676168586,REST,At rest,1,False
vid2,Take 2 (clean),clean,23.8,0.0989077492938939,1.104971305487772,REST,At rest,1,False
vid2,Take 2 (clean),clean,23.833333333333332,0.3957721014884645,1.118258527169474,REST,At rest,1,False
vid2,Take 2 (clean),clean,23.866666666666667,0.1462351394978321,1.1214495869911991,REST,At rest,1,False
vid2,Take 2 (clean),clean,23.9,0.0966736723921238,1.1049565456065769,REST,At rest,1,False
vid2,Take 2 (clean),clean,23.933333333333337,0.1156758315534032,1.087042358626705,REST,At rest,1,False
vid2,Take 2 (clean),clean,23.966666666666665,0.0941950050774092,1.0917835650551737,REST,At rest,1,False
vid2,Take 2 (clean),clean,24.0,0.2892204191971258,1.1193413948683408,REST,At rest,1,False
vid2,Take 2 (clean),clean,24.03333333333333,0.1685505178397585,1.117298299739552,REST,At rest,1,False
vid2,Take 2 (clean),clean,24.066666666666663,0.2145560264832836,1.1210308345826725,REST,At rest,1,False
vid2,Take 2 (clean),clean,24.1,0.3423627598908374,1.107033379785721,REST,At rest,1,False
vid2,Take 2 (clean),clean,24.133333333333333,0.0872002932847536,1.1047479582501676,REST,At rest,1,False
vid2,Take 2 (clean),clean,24.166666666666668,0.1214578634774557,1.1096604862662731,REST,At rest,1,False
vid2,Take 2 (clean),clean,24.2,0.0802810483960585,1.1194237041301074,REST,At rest,1,False
vid2,Take 2 (clean),clean,24.233333333333334,0.1680560132765593,1.1127594054282164,REST,At rest,1,False
vid2,Take 2 (clean),clean,24.266666666666666,0.070978213119884,1.1153339796188944,REST,At rest,1,False
vid2,Take 2 (clean),clean,24.3,0.1145328309257321,1.1129012734486732,REST,At rest,1,False
vid2,Take 2 (clean),clean,24.333333333333332,0.0793261519844374,1.0979974800865329,REST,At rest,1,False
vid2,Take 2 (clean),clean,24.366666666666667,0.1463499884615972,1.1046849928280889,REST,At rest,1,False
vid2,Take 2 (clean),clean,24.4,0.079285642944274,1.1211212364409302,REST,At rest,1,False
vid2,Take 2 (clean),clean,24.433333333333337,0.0839535189334936,1.1130672416639853,REST,At rest,1,False
vid2,Take 2 (clean),clean,24.466666666666665,0.1047498110601893,1.0975110213997996,REST,At rest,1,False
vid2,Take 2 (clean),clean,24.5,0.0566312720738969,1.0967580792903076,REST,At rest,1,False
vid2,Take 2 (clean),clean,24.53333333333333,0.1920054197650882,1.0999127140702238,REST,At rest,1,False
vid2,Take 2 (clean),clean,24.566666666666663,0.0660100540130459,1.109608179318472,REST,At rest,1,False
vid2,Take 2 (clean),clean,24.6,0.4009692948387566,1.1025375247432665,REST,At rest,1,False
vid2,Take 2 (clean),clean,24.633333333333333,0.3462873686678356,1.1136145888515696,REST,At rest,1,False
vid2,Take 2 (clean),clean,24.666666666666668,0.1827592854626911,1.1164250884631457,REST,At rest,1,False
vid2,Take 2 (clean),clean,24.7,0.0481193444543477,1.1353549147008366,REST,At rest,1,False
vid2,Take 2 (clean),clean,24.733333333333334,0.1434649063785773,1.1082794084061085,REST,At rest,1,False
vid2,Take 2 (clean),clean,24.766666666666666,0.1073361838046622,1.0990414183813,REST,At rest,1,False
vid2,Take 2 (clean),clean,24.8,0.2495828366296808,1.0878790674240288,REST,At rest,1,False
vid2,Take 2 (clean),clean,24.833333333333332,0.4080238340190675,1.1114040984559457,REST,At rest,1,False
vid2,Take 2 (clean),clean,24.866666666666667,0.2372292824039706,1.1075925797978394,REST,At rest,1,False
vid2,Take 2 (clean),clean,24.9,0.1329775250879149,1.110914756846424,REST,At rest,1,False
vid2,Take 2 (clean),clean,24.933333333333337,0.1608340013320427,1.1173822774794122,REST,At rest,1,False
vid2,Take 2 (clean),clean,24.966666666666665,0.1061554406922222,1.133841785125221,REST,At rest,1,False
vid2,Take 2 (clean),clean,25.0,0.0353115533485562,1.1155543611942005,REST,At rest,1,False
vid2,Take 2 (clean),clean,25.03333333333333,0.1825053002101713,1.1110289499092787,REST,At rest,1,False
vid2,Take 2 (clean),clean,25.066666666666663,0.2243026005466074,1.1082887313346736,REST,At rest,1,False
vid2,Take 2 (clean),clean,25.1,0.1106592132649571,1.1024171013962132,REST,At rest,1,False
vid2,Take 2 (clean),clean,25.133333333333333,0.1365058042964503,1.0996715950586002,REST,At rest,1,False
vid2,Take 2 (clean),clean,25.166666666666668,0.0433384838786848,1.1044192143050753,REST,At rest,1,False
vid2,Take 2 (clean),clean,25.2,0.165652168683465,1.1234627471454324,REST,At rest,1,False
vid2,Take 2 (clean),clean,25.233333333333334,0.0469170383520654,1.12544165076602,REST,At rest,1,False
vid2,Take 2 (clean),clean,25.266666666666666,0.0516134832011813,1.135675742855137,REST,At rest,1,False
vid2,Take 2 (clean),clean,25.3,0.2434018626770478,1.1237012220274452,REST,At rest,1,False
vid2,Take 2 (clean),clean,25.333333333333332,0.1125525686063905,1.1254941992296028,REST,At rest,1,False
vid2,Take 2 (clean),clean,25.366666666666667,0.0687911874218845,1.108731799156336,REST,At rest,1,False
vid2,Take 2 (clean),clean,25.4,0.2770561376705153,1.1128732950158573,REST,At rest,1,False
vid2,Take 2 (clean),clean,25.433333333333337,0.1043040886669673,1.1165309231091511,REST,At rest,1,False
vid2,Take 2 (clean),clean,25.466666666666665,0.2052139165217937,1.1286156410460058,REST,At rest,1,False
vid2,Take 2 (clean),clean,25.5,0.1717618283257921,1.1297487731096088,REST,At rest,1,False
vid2,Take 2 (clean),clean,25.53333333333333,0.0883572842956381,1.1256356975900377,REST,At rest,1,False
vid2,Take 2 (clean),clean,25.566666666666663,0.0780904371061784,1.1219116399560642,REST,At rest,1,False
vid2,Take 2 (clean),clean,25.6,0.0644416325430979,1.1122517067997046,REST,At rest,1,False
vid2,Take 2 (clean),clean,25.633333333333333,0.0965593221066291,1.112984156933744,REST,At rest,1,False
vid2,Take 2 (clean),clean,25.666666666666668,0.0796613394252824,1.1139884070044273,REST,At rest,1,False
vid2,Take 2 (clean),clean,25.7,0.1244766090166046,1.1217361608201748,REST,At rest,1,False
vid2,Take 2 (clean),clean,25.733333333333334,0.1013335009654291,1.1241433857314402,REST,At rest,1,False
vid2,Take 2 (clean),clean,25.766666666666666,0.0215055868991219,1.112829624889036,REST,At rest,1,False
vid2,Take 2 (clean),clean,25.8,0.0918277141586244,1.1092623662197547,REST,At rest,1,False
vid2,Take 2 (clean),clean,25.833333333333332,0.1778741473821133,1.1192988032304936,REST,At rest,1,False
vid2,Take 2 (clean),clean,25.866666666666667,0.2938288849767684,1.1308967578799007,REST,At rest,1,False
vid2,Take 2 (clean),clean,25.9,0.4707469446048279,1.13185365745851,REST,At rest,1,False
vid2,Take 2 (clean),clean,25.933333333333337,0.5751184615584227,1.1354367593306172,REST,At rest,1,False
vid2,Take 2 (clean),clean,25.966666666666665,0.7496002107175244,1.091222324714573,REST,At rest,1,False
vid2,Take 2 (clean),clean,26.0,1.2868800051273404,1.0123144263651689,REST,At rest,1,False
vid2,Take 2 (clean),clean,26.03333333333333,2.081735401989452,0.9522537308959954,REST,At rest,1,False
vid2,Take 2 (clean),clean,26.066666666666663,2.9770516189587246,0.9410698105420764,REACH,Reaching,2,False
vid2,Take 2 (clean),clean,26.1,3.887435634290117,0.986766865446266,REACH,Reaching,2,False
vid2,Take 2 (clean),clean,26.133333333333333,4.342542723064392,1.0489453579818102,REACH,Reaching,2,False
vid2,Take 2 (clean),clean,26.166666666666668,4.540295159771045,1.071824453772558,REACH,Reaching,2,False
vid2,Take 2 (clean),clean,26.2,4.646775911183204,1.0475612136509906,REACH,Reaching,2,False
vid2,Take 2 (clean),clean,26.233333333333334,4.747171422373275,1.0254466203917885,REACH,Reaching,2,False
vid2,Take 2 (clean),clean,26.266666666666666,4.807628721079296,1.0227644649735577,REACH,Reaching,2,False
vid2,Take 2 (clean),clean,26.3,4.753694988918899,1.0298469491153048,REACH,Reaching,2,False
vid2,Take 2 (clean),clean,26.333333333333332,4.701572390271289,1.080175921761273,REACH,Reaching,2,False
vid2,Take 2 (clean),clean,26.366666666666667,4.664191659725216,1.134131287923096,REACH,Reaching,2,False
vid2,Take 2 (clean),clean,26.4,4.556332422362476,1.1624577869602124,REACH,Reaching,2,False
vid2,Take 2 (clean),clean,26.433333333333337,4.344815527222476,1.147587435265471,REACH,Reaching,2,False
vid2,Take 2 (clean),clean,26.466666666666665,4.0734213788401386,1.150527457580054,REACH,Reaching,2,False
vid2,Take 2 (clean),clean,26.5,3.8026824337288394,1.1682102542585238,REACH,Reaching,2,False
vid2,Take 2 (clean),clean,26.53333333333333,3.669668739650406,1.184612093342514,REACH,Reaching,2,False
vid2,Take 2 (clean),clean,26.566666666666663,3.5276649935422,1.1692796099188023,REACH,Reaching,2,False
vid2,Take 2 (clean),clean,26.6,3.3422265076107625,1.1735692888172242,REACH,Reaching,2,False
vid2,Take 2 (clean),clean,26.633333333333333,3.1477901880647186,1.179458775706417,REACH,Reaching,2,False
vid2,Take 2 (clean),clean,26.666666666666668,2.972071946561737,1.199219159582695,REACH,Reaching,2,False
vid2,Take 2 (clean),clean,26.7,2.7879452352457372,1.202843469790073,REACH,Reaching,2,False
vid2,Take 2 (clean),clean,26.733333333333334,2.601646030251758,1.211153520669383,REACH,Reaching,2,False
vid2,Take 2 (clean),clean,26.766666666666666,2.4475748708350684,1.2021523279862536,REACH,Reaching,2,False
vid2,Take 2 (clean),clean,26.8,2.321839811546955,1.2038404759945331,REACH,Reaching,2,False
vid2,Take 2 (clean),clean,26.833333333333332,2.2376287964996835,1.2338540356845369,REACH,Reaching,2,False
vid2,Take 2 (clean),clean,26.866666666666667,2.018551192368959,1.2584526909164653,REACH,Reaching,2,False
vid2,Take 2 (clean),clean,26.9,1.6957619802768422,1.276557685986936,REACH,Reaching,2,False
vid2,Take 2 (clean),clean,26.933333333333337,1.488418204276251,1.2788082064913129,REACH,Reaching,2,False
vid2,Take 2 (clean),clean,26.966666666666665,1.5506937454692633,1.260869433304164,REACH,Reaching,2,False
vid2,Take 2 (clean),clean,27.0,1.6436000199387066,1.1600038539556328,REACH,Reaching,2,False
vid2,Take 2 (clean),clean,27.03333333333333,1.6483636469996688,1.059373146846815,REACH,Reaching,2,False
vid2,Take 2 (clean),clean,27.066666666666663,1.4009926405298516,0.9626888086559698,GRASP,Grasping,3,False
vid2,Take 2 (clean),clean,27.1,1.3952563290300235,0.8853330985556763,GRASP,Grasping,3,False
vid2,Take 2 (clean),clean,27.133333333333333,1.4375118521377988,0.8387586406227603,GRASP,Grasping,3,False
vid2,Take 2 (clean),clean,27.166666666666668,1.465325114525939,0.8273489197892474,GRASP,Grasping,3,False
vid2,Take 2 (clean),clean,27.2,1.3279296730801786,0.7974353523817491,GRASP,Grasping,3,False
vid2,Take 2 (clean),clean,27.233333333333334,0.9008068487592492,0.7116622855255398,GRASP,Grasping,3,False
vid2,Take 2 (clean),clean,27.266666666666666,0.7757849805315025,0.6503198674643274,GRASP,Grasping,3,False
vid2,Take 2 (clean),clean,27.3,0.4970841350612082,0.6238546371350627,GRASP,Grasping,3,False
vid2,Take 2 (clean),clean,27.333333333333332,0.238537877837674,0.6265332418989762,GRASP,Grasping,3,False
vid2,Take 2 (clean),clean,27.366666666666667,0.3641766007635882,0.609918671312753,GRASP,Grasping,3,False
vid2,Take 2 (clean),clean,27.4,0.3767036377168617,0.560864732216985,GRASP,Grasping,3,False
vid2,Take 2 (clean),clean,27.433333333333337,0.3181240361311455,0.5300293939276117,GRASP,Grasping,3,False
vid2,Take 2 (clean),clean,27.466666666666665,0.1603893480925167,0.5206248861541363,GRASP,Grasping,3,False
vid2,Take 2 (clean),clean,27.5,0.090583422898657,0.5232242575980665,GRASP,Grasping,3,False
vid2,Take 2 (clean),clean,27.53333333333333,0.1396665343504885,0.5093953768811463,GRASP,Grasping,3,False
vid2,Take 2 (clean),clean,27.566666666666663,0.1249204246194573,0.5117051183333612,GRASP,Grasping,3,False
vid2,Take 2 (clean),clean,27.6,0.1705343149899685,0.525514809111702,GRASP,Grasping,3,False
vid2,Take 2 (clean),clean,27.633333333333333,0.1383948600075704,0.5316474053120144,GRASP,Grasping,3,False
vid2,Take 2 (clean),clean,27.666666666666668,0.1717184786112127,0.5338158130758969,GRASP,Grasping,3,False
vid2,Take 2 (clean),clean,27.7,0.1938377268327543,0.5283211128684856,GRASP,Grasping,3,False
vid2,Take 2 (clean),clean,27.733333333333334,0.2004705170505764,0.5355373133358222,GRASP,Grasping,3,False
vid2,Take 2 (clean),clean,27.766666666666666,0.1813520965414805,0.5304849085063901,GRASP,Grasping,3,False
vid2,Take 2 (clean),clean,27.8,0.217136751186328,0.5268722599217017,GRASP,Grasping,3,False
vid2,Take 2 (clean),clean,27.833333333333332,0.1046697356210158,0.5205087754203965,GRASP,Grasping,3,False
vid2,Take 2 (clean),clean,27.866666666666667,0.0777428714147012,0.530476052672566,GRASP,Grasping,3,False
vid2,Take 2 (clean),clean,27.9,0.032201067185069,0.5309747259626986,GRASP,Grasping,3,False
vid2,Take 2 (clean),clean,27.933333333333337,0.0686158203267129,0.535603509800027,GRASP,Grasping,3,False
vid2,Take 2 (clean),clean,27.966666666666665,0.1847422422009339,0.5451271680268764,GRASP,Grasping,3,False
vid2,Take 2 (clean),clean,28.0,0.4319437502825369,0.553290647580708,GRASP,Grasping,3,False
vid2,Take 2 (clean),clean,28.03333333333333,0.7930706511100215,0.5590376946587655,GRASP,Grasping,3,False
vid2,Take 2 (clean),clean,28.066666666666663,1.1195639427634243,0.5658846000434232,GRASP,Grasping,3,False
vid2,Take 2 (clean),clean,28.1,1.3891194641946198,0.5753721780152224,GRASP,Grasping,3,False
vid2,Take 2 (clean),clean,28.133333333333333,1.6981864786539007,0.5669998183047407,GRASP,Grasping,3,False
vid2,Take 2 (clean),clean,28.166666666666668,2.179889328355988,0.570252736583923,GRASP,Grasping,3,False
vid2,Take 2 (clean),clean,28.2,2.853250179816764,0.598767730186939,GRASP,Grasping,3,False
vid2,Take 2 (clean),clean,28.233333333333334,3.4343802800694743,0.6628104652339084,GRASP,Grasping,3,False
vid2,Take 2 (clean),clean,28.266666666666666,3.903726801477967,0.7113746404586029,GRASP,Grasping,3,False
vid2,Take 2 (clean),clean,28.3,4.219907212084521,0.7379068519798009,GRASP,Grasping,3,False
vid2,Take 2 (clean),clean,28.333333333333332,4.381713194370083,0.7367722787696435,GRASP,Grasping,3,False
vid2,Take 2 (clean),clean,28.366666666666667,4.426714390431294,0.7419647575314344,GRASP,Grasping,3,False
vid2,Take 2 (clean),clean,28.4,4.324896751655004,0.7570919920854217,GRASP,Grasping,3,False
vid2,Take 2 (clean),clean,28.433333333333337,3.9747503946878866,0.7996181851086653,GRASP,Grasping,3,False
vid2,Take 2 (clean),clean,28.466666666666665,3.4542106801658514,0.8171727757105386,GRASP,Grasping,3,False
vid2,Take 2 (clean),clean,28.5,2.777459874154701,0.8365286416558725,GRASP,Grasping,3,False
vid2,Take 2 (clean),clean,28.53333333333333,2.0296405698479165,0.8220299362891194,GRASP,Grasping,3,False
vid2,Take 2 (clean),clean,28.566666666666663,1.3632644791777735,0.7918831383235366,GRASP,Grasping,3,False
vid2,Take 2 (clean),clean,28.6,0.8833351129235578,0.7234378608581329,HOLD,Holding,4,False
vid2,Take 2 (clean),clean,28.633333333333333,0.6305875579256622,0.6975524517354578,HOLD,Holding,4,False
vid2,Take 2 (clean),clean,28.666666666666668,0.553948701572673,0.7248761561022962,HOLD,Holding,4,False
vid2,Take 2 (clean),clean,28.7,0.6140414272534346,0.7841876389411132,HOLD,Holding,4,False
vid2,Take 2 (clean),clean,28.733333333333334,0.5955642131364428,0.8155038473023363,HOLD,Holding,4,False
vid2,Take 2 (clean),clean,28.766666666666666,0.5144473676877668,0.8037043548797554,HOLD,Holding,4,False
vid2,Take 2 (clean),clean,28.8,0.4343888251437732,0.7757406700240339,HOLD,Holding,4,False
vid2,Take 2 (clean),clean,28.833333333333332,0.2939550438771375,0.7641808227058459,HOLD,Holding,4,False
vid2,Take 2 (clean),clean,28.866666666666667,0.2382527252834616,0.7846288697154635,HOLD,Holding,4,False
vid2,Take 2 (clean),clean,28.9,0.2890039466905315,0.8090501700857,HOLD,Holding,4,False
vid2,Take 2 (clean),clean,28.933333333333337,0.1177446609851261,0.8316233729984328,HOLD,Holding,4,False
vid2,Take 2 (clean),clean,28.966666666666665,0.0991455741003977,0.8604682839848683,HOLD,Holding,4,False
vid2,Take 2 (clean),clean,29.0,0.1699401048925969,0.8683762999531971,HOLD,Holding,4,False
vid2,Take 2 (clean),clean,29.03333333333333,0.2295466408343797,0.8548515888372004,HOLD,Holding,4,False
vid2,Take 2 (clean),clean,29.066666666666663,0.0872935519654788,0.8326740590233908,HOLD,Holding,4,False
vid2,Take 2 (clean),clean,29.1,0.0947785580415382,0.8429255088789934,HOLD,Holding,4,False
vid2,Take 2 (clean),clean,29.133333333333333,0.1078984362167556,0.8522506987548591,HOLD,Holding,4,False
vid2,Take 2 (clean),clean,29.166666666666668,0.0677193548740722,0.8566760209904555,HOLD,Holding,4,False
vid2,Take 2 (clean),clean,29.2,0.0784523020612598,0.8479417438358297,HOLD,Holding,4,False
vid2,Take 2 (clean),clean,29.233333333333334,0.1472888709107424,0.8548683328776363,HOLD,Holding,4,False
vid2,Take 2 (clean),clean,29.266666666666666,0.2086763239747547,0.8791171294100134,HOLD,Holding,4,False
vid2,Take 2 (clean),clean,29.3,0.1534701950044441,0.8576813294145884,HOLD,Holding,4,False
vid2,Take 2 (clean),clean,29.333333333333332,0.182899604461229,0.8303389013656923,HOLD,Holding,4,False
vid2,Take 2 (clean),clean,29.366666666666667,0.2563419275901732,0.8162062181363015,HOLD,Holding,4,False
vid2,Take 2 (clean),clean,29.4,0.3170617221650688,0.8603424455151615,HOLD,Holding,4,False
vid2,Take 2 (clean),clean,29.433333333333337,0.3712095512209358,0.8978918422748157,HOLD,Holding,4,False
vid2,Take 2 (clean),clean,29.466666666666665,0.5973376558815232,0.9340889465469036,HOLD,Holding,4,False
vid2,Take 2 (clean),clean,29.5,0.7552599458796841,0.9019246324482186,HOLD,Holding,4,False
vid2,Take 2 (clean),clean,29.53333333333333,0.8595299211684114,0.8362021825279566,HOLD,Holding,4,False
vid2,Take 2 (clean),clean,29.566666666666663,0.9876140666875548,0.7800653938524864,HOLD,Holding,4,False
vid2,Take 2 (clean),clean,29.6,1.0897916259949376,0.78059675691402,HOLD,Holding,4,False
vid2,Take 2 (clean),clean,29.633333333333333,1.2524796759910877,0.8009403082368084,HOLD,Holding,4,False
vid2,Take 2 (clean),clean,29.666666666666668,1.3263644676504789,0.8076096587513968,HOLD,Holding,4,False
vid2,Take 2 (clean),clean,29.7,1.422711089986037,0.8005001742943365,HOLD,Holding,4,False
vid2,Take 2 (clean),clean,29.733333333333334,1.454051012659695,0.7759133773540555,HOLD,Holding,4,False
vid2,Take 2 (clean),clean,29.766666666666666,1.381165060448816,0.7644070180719392,HOLD,Holding,4,False
vid2,Take 2 (clean),clean,29.8,1.2857575434688393,0.7563261657373522,HOLD,Holding,4,False
vid2,Take 2 (clean),clean,29.833333333333332,1.1630765989044718,0.7586077683739129,HOLD,Holding,4,False
vid2,Take 2 (clean),clean,29.866666666666667,1.0861548334641662,0.7719413270312797,HOLD,Holding,4,False
vid2,Take 2 (clean),clean,29.9,0.9184752028211524,0.7947085667873878,HOLD,Holding,4,False
vid2,Take 2 (clean),clean,29.933333333333337,0.8157028438905038,0.8094077815103148,HOLD,Holding,4,False
vid2,Take 2 (clean),clean,29.966666666666665,0.6738301737833984,0.8123740167203798,HOLD,Holding,4,False
vid2,Take 2 (clean),clean,30.0,0.7043104732806106,0.818071915488312,HOLD,Holding,4,False
vid2,Take 2 (clean),clean,30.03333333333333,0.7207309831140702,0.8061487552562023,HOLD,Holding,4,False
vid2,Take 2 (clean),clean,30.066666666666663,0.6862752083397685,0.7936084301461793,HOLD,Holding,4,False
vid2,Take 2 (clean),clean,30.1,0.7641039782392646,0.7790132347836687,HOLD,Holding,4,False
vid2,Take 2 (clean),clean,30.133333333333333,0.8120788049634802,0.782271440503185,HOLD,Holding,4,False
vid2,Take 2 (clean),clean,30.166666666666668,0.9426882071862024,0.7828449990126667,HOLD,Holding,4,False
vid2,Take 2 (clean),clean,30.2,0.9815288596698512,0.7724723417391682,HOLD,Holding,4,False
vid2,Take 2 (clean),clean,30.233333333333334,1.0013906555057268,0.7374574257737894,HOLD,Holding,4,False
vid2,Take 2 (clean),clean,30.266666666666666,1.0098843391906926,0.7105038510593618,HOLD,Holding,4,False
vid2,Take 2 (clean),clean,30.3,1.015858323015954,0.6902540985179209,HOLD,Holding,4,False
vid2,Take 2 (clean),clean,30.333333333333332,0.9798975117051032,0.6680959578170259,HOLD,Holding,4,False
vid2,Take 2 (clean),clean,30.366666666666667,0.9706084810919337,0.6484173265869116,HOLD,Holding,4,False
vid2,Take 2 (clean),clean,30.4,0.923428545971272,0.63007889299465,HOLD,Holding,4,False
vid2,Take 2 (clean),clean,30.433333333333337,0.8546635723297777,0.6289649575536977,HOLD,Holding,4,False
vid2,Take 2 (clean),clean,30.466666666666665,0.8493262031934066,0.6261685198855036,HOLD,Holding,4,False
vid2,Take 2 (clean),clean,30.5,0.8980991382847874,0.6314989089074884,HOLD,Holding,4,False
vid2,Take 2 (clean),clean,30.53333333333333,1.040509227446443,0.6226201774144993,HOLD,Holding,4,False
vid2,Take 2 (clean),clean,30.566666666666663,1.3354329759821877,0.6228455993726322,HOLD,Holding,4,False
vid2,Take 2 (clean),clean,30.6,1.6211524675680284,0.6466286598376013,HOLD,Holding,4,False
vid2,Take 2 (clean),clean,30.633333333333333,1.9002024325334264,0.6913141292283536,HOLD,Holding,4,False
vid2,Take 2 (clean),clean,30.666666666666668,2.0217140383432333,0.7065314928761193,HOLD,Holding,4,False
vid2,Take 2 (clean),clean,30.7,1.7465798996293684,0.6857903861030715,HOLD,Holding,4,False
vid2,Take 2 (clean),clean,30.733333333333334,1.33183837360059,0.6532460592689978,HOLD,Holding,4,False
vid2,Take 2 (clean),clean,30.766666666666666,0.7441558627322485,0.6185315367039467,HOLD,Holding,4,False
vid2,Take 2 (clean),clean,30.8,0.3179698439255151,0.5901777138773932,HOLD,Holding,4,False
vid2,Take 2 (clean),clean,30.833333333333332,0.1429106779568372,0.5803580850883041,HOLD,Holding,4,False
vid2,Take 2 (clean),clean,30.866666666666667,0.0781625974364126,0.5909154184517015,HOLD,Holding,4,False
vid2,Take 2 (clean),clean,30.9,0.024985953659331,0.5949096084866896,HOLD,Holding,4,False
vid2,Take 2 (clean),clean,30.933333333333337,0.1559430543726129,0.596317354156139,HOLD,Holding,4,False
vid2,Take 2 (clean),clean,30.966666666666665,0.197515157946688,0.6013641038791272,HOLD,Holding,4,False
vid2,Take 2 (clean),clean,31.0,0.1978796793064888,0.5989429878764659,HOLD,Holding,4,False
vid2,Take 2 (clean),clean,31.03333333333333,0.1615665941797278,0.5943883721993439,HOLD,Holding,4,False
vid2,Take 2 (clean),clean,31.066666666666663,0.1216748725390209,0.5889126044402769,HOLD,Holding,4,False
vid2,Take 2 (clean),clean,31.1,0.1120804778015379,0.5818985744635948,HOLD,Holding,4,False
vid2,Take 2 (clean),clean,31.133333333333333,0.0835691610019528,0.5727354529010567,HOLD,Holding,4,False
vid2,Take 2 (clean),clean,31.166666666666668,0.0911168130603517,0.573851381876466,HOLD,Holding,4,False
vid2,Take 2 (clean),clean,31.2,0.133626835418981,0.5912383805583767,HOLD,Holding,4,False
vid2,Take 2 (clean),clean,31.233333333333334,0.1886534409593,0.5941708735759424,HOLD,Holding,4,False
vid2,Take 2 (clean),clean,31.266666666666666,0.2257818872177507,0.5976717369155736,HOLD,Holding,4,False
vid2,Take 2 (clean),clean,31.3,0.2080400398898525,0.5927308923686119,HOLD,Holding,4,False
vid2,Take 2 (clean),clean,31.333333333333332,0.1773842059604977,0.6071415467404068,HOLD,Holding,4,False
vid2,Take 2 (clean),clean,31.366666666666667,0.1696215012140666,0.6189510886981747,HOLD,Holding,4,False
vid2,Take 2 (clean),clean,31.4,0.167522711548082,0.6286686788487506,HOLD,Holding,4,False
vid2,Take 2 (clean),clean,31.433333333333337,0.2199041669424273,0.6375390851089693,HOLD,Holding,4,False
vid2,Take 2 (clean),clean,31.466666666666665,0.3076711834057399,0.6496052131269886,HOLD,Holding,4,False
vid2,Take 2 (clean),clean,31.5,0.4008953800549206,0.6513806705672953,HOLD,Holding,4,False
vid2,Take 2 (clean),clean,31.53333333333333,0.6207197367221309,0.6756086575294473,HOLD,Holding,4,False
vid2,Take 2 (clean),clean,31.566666666666663,0.9282223738785318,0.748154483953011,HOLD,Holding,4,False
vid2,Take 2 (clean),clean,31.6,1.1587562756812542,0.8457682120458095,HOLD,Holding,4,False
vid2,Take 2 (clean),clean,31.633333333333333,1.3458999618835523,0.9408495500801104,HOLD,Holding,4,False
vid2,Take 2 (clean),clean,31.666666666666668,1.625288518759345,0.9850531243298032,RELEASE,Releasing,5,False
vid2,Take 2 (clean),clean,31.7,1.9660922790547664,0.9854543816421614,RELEASE,Releasing,5,False
vid2,Take 2 (clean),clean,31.733333333333334,2.5043126560260554,0.9663213480926824,RELEASE,Releasing,5,False
vid2,Take 2 (clean),clean,31.766666666666666,3.1514146623017285,0.974603305400722,RELEASE,Releasing,5,False
vid2,Take 2 (clean),clean,31.8,3.727477766973059,0.9401085502232306,RELEASE,Releasing,5,False
vid2,Take 2 (clean),clean,31.833333333333332,4.227534816929824,0.8769636870887502,RELEASE,Releasing,5,False
vid2,Take 2 (clean),clean,31.866666666666667,4.594388221715232,0.8337533244598437,RETRACT,Returning,6,False
vid2,Take 2 (clean),clean,31.9,4.878283649832208,0.8495869871287982,RETRACT,Returning,6,False
vid2,Take 2 (clean),clean,31.933333333333337,5.1316417640482435,0.88210855835872,RETRACT,Returning,6,False
vid2,Take 2 (clean),clean,31.966666666666665,5.304739917233368,0.917025463704871,RETRACT,Returning,6,False
vid2,Take 2 (clean),clean,32.0,5.481165386038889,0.9350329475967804,RETRACT,Returning,6,False
vid2,Take 2 (clean),clean,32.03333333333333,5.530329909817221,0.9758683254516408,RETRACT,Returning,6,False
vid2,Take 2 (clean),clean,32.06666666666666,5.490770147570799,1.0166803791966443,RETRACT,Returning,6,False
vid2,Take 2 (clean),clean,32.1,5.287928540385255,1.0352403862976498,RETRACT,Returning,6,False
vid2,Take 2 (clean),clean,32.13333333333333,5.066422709271814,1.0014452361731243,RETRACT,Returning,6,False
vid2,Take 2 (clean),clean,32.166666666666664,4.797279096304944,0.997020952790919,RETRACT,Returning,6,False
vid2,Take 2 (clean),clean,32.2,4.486609903104248,1.0048754311711203,RETRACT,Returning,6,False
vid2,Take 2 (clean),clean,32.233333333333334,4.116494818558376,1.0230646173585085,RETRACT,Returning,6,False
vid2,Take 2 (clean),clean,32.266666666666666,3.373267948730843,1.030321449181826,RETRACT,Returning,6,False
vid2,Take 2 (clean),clean,32.3,2.771725065986878,1.0362849426413585,RETRACT,Returning,6,False
vid2,Take 2 (clean),clean,32.333333333333336,2.386472320876182,1.0474525267898422,RETRACT,Returning,6,False
vid2,Take 2 (clean),clean,32.36666666666667,2.294287413240754,1.1033249468975934,RETRACT,Returning,6,False
vid2,Take 2 (clean),clean,32.4,2.214012151593964,1.1408075602324577,RETRACT,Returning,6,False
vid2,Take 2 (clean),clean,32.43333333333333,1.702860893558234,1.0660544349971108,RETRACT,Returning,6,False
vid2,Take 2 (clean),clean,32.46666666666667,1.227843567330789,0.9969419460347484,RETRACT,Returning,6,False
vid2,Take 2 (clean),clean,32.5,0.3443820203674157,0.986398936088781,REST,At rest,1,False
vid2,Take 2 (clean),clean,32.53333333333333,0.644771092692363,0.9677855019308168,REST,At rest,1,False
vid2,Take 2 (clean),clean,32.56666666666666,0.3645015123002135,0.9436117474306056,REST,At rest,1,False
vid2,Take 2 (clean),clean,32.6,0.4163058584521655,0.9736161026234128,REST,At rest,1,False
vid2,Take 2 (clean),clean,32.63333333333333,0.863868257507381,1.0321467888117268,REST,At rest,1,False
vid2,Take 2 (clean),clean,32.666666666666664,0.6077476352374112,1.0292912043819162,REST,At rest,1,False
vid2,Take 2 (clean),clean,32.7,0.2001164905848394,1.0095736779924065,REST,At rest,1,False
vid2,Take 2 (clean),clean,32.733333333333334,0.0364627130740235,0.9912571641112023,REST,At rest,1,False
vid2,Take 2 (clean),clean,32.766666666666666,0.0401224476381926,0.9802328689133988,REST,At rest,1,False
vid2,Take 2 (clean),clean,32.8,0.1940870663506158,0.9866798865366752,REST,At rest,1,False
vid2,Take 2 (clean),clean,32.833333333333336,0.142495702947804,0.980521168281577,REST,At rest,1,False
vid2,Take 2 (clean),clean,32.86666666666667,0.2279535956487413,0.9943955830724036,REST,At rest,1,False
vid2,Take 2 (clean),clean,32.9,0.1121947520209031,0.989988964661988,REST,At rest,1,False
vid2,Take 2 (clean),clean,32.93333333333333,0.2421934799131745,1.0018519947875568,REST,At rest,1,False
vid2,Take 2 (clean),clean,32.96666666666667,0.2240388051201093,1.0022081682929147,REST,At rest,1,False
vid2,Take 2 (clean),clean,33.0,0.1272934163761876,1.0081596987460268,REST,At rest,1,False
vid2,Take 2 (clean),clean,33.03333333333333,0.2321365818388201,0.995402567770132,REST,At rest,1,False
vid2,Take 2 (clean),clean,33.06666666666666,0.4854213508026877,0.979653069128454,REST,At rest,1,False
vid2,Take 2 (clean),clean,33.1,0.3350453615161186,0.985971340355742,REST,At rest,1,False
vid2,Take 2 (clean),clean,33.13333333333333,0.2297406188970259,0.9918641928269156,REST,At rest,1,False
vid2,Take 2 (clean),clean,33.166666666666664,0.1372570016057879,0.9931522663801532,REST,At rest,1,False
vid2,Take 2 (clean),clean,33.2,0.0785705324154666,0.966969667624008,REST,At rest,1,False
vid2,Take 2 (clean),clean,33.233333333333334,0.1797414265718819,0.9908243955870498,REST,At rest,1,False
vid2,Take 2 (clean),clean,33.266666666666666,0.0784998407423789,1.0035954522007695,REST,At rest,1,False
vid2,Take 2 (clean),clean,33.3,0.2883665228847429,1.0095221660490303,REST,At rest,1,False
vid2,Take 2 (clean),clean,33.333333333333336,0.2612474716543498,1.0058488958997642,REST,At rest,1,False
vid2,Take 2 (clean),clean,33.36666666666667,0.147448330696886,1.0116227611557151,REST,At rest,1,False
vid2,Take 2 (clean),clean,33.4,0.3643215428704038,0.9923438308208088,REST,At rest,1,False
vid2,Take 2 (clean),clean,33.43333333333333,0.2627237698988012,0.9826659253386076,REST,At rest,1,False
vid2,Take 2 (clean),clean,33.46666666666667,0.0322444806848106,0.9813142591070692,REST,At rest,1,False
vid2,Take 2 (clean),clean,33.5,0.213903112218641,0.9814869282223696,REST,At rest,1,False
vid2,Take 2 (clean),clean,33.53333333333333,0.1458732040393835,0.9751743609981868,REST,At rest,1,False
vid2,Take 2 (clean),clean,33.56666666666666,0.1202861887491218,0.9903772412188526,REST,At rest,1,False
vid2,Take 2 (clean),clean,33.6,0.0938950867074758,0.992288392749203,REST,At rest,1,False
vid2,Take 2 (clean),clean,33.63333333333333,0.085732377133465,1.0001453016959574,REST,At rest,1,False
vid2,Take 2 (clean),clean,33.666666666666664,0.0473499847429752,1.0129626452984382,REST,At rest,1,False
vid2,Take 2 (clean),clean,33.7,0.0901712699352565,1.024891891379379,REST,At rest,1,False
vid2,Take 2 (clean),clean,33.733333333333334,0.0260500716514039,1.002109023427359,REST,At rest,1,False
vid2,Take 2 (clean),clean,33.766666666666666,0.1970111244992693,0.9975497561903012,REST,At rest,1,False
vid2,Take 2 (clean),clean,33.8,0.3821353015275991,0.9973358864737226,REST,At rest,1,False
vid3,Take 3 (clean),clean,0.0,0.2923320437096692,0.81591565513995,REST,At rest,1,False
vid3,Take 3 (clean),clean,0.0333333333333333,0.1705145827706533,0.8060799752760672,REST,At rest,1,False
vid3,Take 3 (clean),clean,0.0666666666666666,0.0743434659549427,0.8037955928597903,REST,At rest,1,False
vid3,Take 3 (clean),clean,0.1,0.0522872506527669,0.8113173701764215,REST,At rest,1,False
vid3,Take 3 (clean),clean,0.1333333333333333,0.045908887953226,0.8178789311694024,REST,At rest,1,False
vid3,Take 3 (clean),clean,0.1666666666666666,0.0985952961680466,0.8115704422813614,REST,At rest,1,False
vid3,Take 3 (clean),clean,0.2,0.2418029906089805,0.8040316644345626,REST,At rest,1,False
vid3,Take 3 (clean),clean,0.2333333333333333,0.2062098974282915,0.8050001858880884,REST,At rest,1,False
vid3,Take 3 (clean),clean,0.2666666666666666,0.0703110466318317,0.8173661250691843,REST,At rest,1,False
vid3,Take 3 (clean),clean,0.3,0.0846641969222513,0.8398484480396314,REST,At rest,1,False
vid3,Take 3 (clean),clean,0.3333333333333333,0.1132508516226737,0.8530205250039559,REST,At rest,1,False
vid3,Take 3 (clean),clean,0.3666666666666666,0.0117163162480639,0.8437253880820033,REST,At rest,1,False
vid3,Take 3 (clean),clean,0.4,0.0498253278708027,0.8181101024767382,REST,At rest,1,False
vid3,Take 3 (clean),clean,0.4333333333333333,0.0702306010169377,0.802752998190277,REST,At rest,1,False
vid3,Take 3 (clean),clean,0.4666666666666667,0.0368443841475184,0.7959668290154345,REST,At rest,1,False
vid3,Take 3 (clean),clean,0.5,0.0970577021068303,0.7982598855540204,REST,At rest,1,False
vid3,Take 3 (clean),clean,0.5333333333333333,0.246014729302873,0.8026588219109954,REST,At rest,1,False
vid3,Take 3 (clean),clean,0.5666666666666667,0.2124274377236224,0.8113241555860893,REST,At rest,1,False
vid3,Take 3 (clean),clean,0.6,0.0292685233455591,0.8127783811129886,REST,At rest,1,False
vid3,Take 3 (clean),clean,0.6333333333333333,0.1956557982167497,0.8017888244683798,REST,At rest,1,False
vid3,Take 3 (clean),clean,0.6666666666666666,0.3288643236825137,0.7968841016145827,REST,At rest,1,False
vid3,Take 3 (clean),clean,0.7,0.3434579536545186,0.8150552788309263,REST,At rest,1,False
vid3,Take 3 (clean),clean,0.7333333333333333,0.4023538933652135,0.8316237909820627,REST,At rest,1,False
vid3,Take 3 (clean),clean,0.7666666666666666,0.4875813156877872,0.8118793922106169,REST,At rest,1,False
vid3,Take 3 (clean),clean,0.8,0.7876655596622232,0.8417160127707746,REST,At rest,1,False
vid3,Take 3 (clean),clean,0.8333333333333334,1.0479081050698993,0.8951797120635091,REST,At rest,1,False
vid3,Take 3 (clean),clean,0.8666666666666667,1.6345931318631852,0.9587762962551184,REST,At rest,1,False
vid3,Take 3 (clean),clean,0.9,2.73718396222376,1.0200259346282248,REACH,Reaching,2,False
vid3,Take 3 (clean),clean,0.9333333333333332,3.926101430697968,1.0374021994576978,REACH,Reaching,2,False
vid3,Take 3 (clean),clean,0.9666666666666668,5.310189342921434,1.0062004093978008,REACH,Reaching,2,False
vid3,Take 3 (clean),clean,1.0,6.294255561193439,0.9242404667383376,REACH,Reaching,2,False
vid3,Take 3 (clean),clean,1.0333333333333332,6.724939634545547,0.9391968774701076,REACH,Reaching,2,False
vid3,Take 3 (clean),clean,1.0666666666666669,6.827703868689972,0.9469262113758488,REACH,Reaching,2,False
vid3,Take 3 (clean),clean,1.1,6.7110243552055655,0.9615573669103712,REACH,Reaching,2,False
vid3,Take 3 (clean),clean,1.1333333333333333,6.468509306076152,0.937310969582532,REACH,Reaching,2,False
vid3,Take 3 (clean),clean,1.1666666666666667,6.251728472257158,1.0239621574569373,REACH,Reaching,2,False
vid3,Take 3 (clean),clean,1.2,5.893211189052823,1.1649132585903206,REACH,Reaching,2,False
vid3,Take 3 (clean),clean,1.2333333333333334,5.062338576473526,1.2664862845265918,REACH,Reaching,2,False
vid3,Take 3 (clean),clean,1.2666666666666666,4.418050914247358,1.2607707179610264,REACH,Reaching,2,False
vid3,Take 3 (clean),clean,1.3,3.867421535728431,1.2149181921929932,REACH,Reaching,2,False
vid3,Take 3 (clean),clean,1.3333333333333333,3.510729817288986,1.168022016499409,REACH,Reaching,2,False
vid3,Take 3 (clean),clean,1.3666666666666667,3.2468606735731953,1.1451091921518153,REACH,Reaching,2,False
vid3,Take 3 (clean),clean,1.4,2.8399319136862373,1.1330896013714593,REACH,Reaching,2,False
vid3,Take 3 (clean),clean,1.4333333333333331,2.487138945112477,1.1295766058665948,REACH,Reaching,2,False
vid3,Take 3 (clean),clean,1.4666666666666666,2.2344311325805553,1.1363877995786384,REACH,Reaching,2,False
vid3,Take 3 (clean),clean,1.5,1.916440529258868,1.1500335341165124,REACH,Reaching,2,False
vid3,Take 3 (clean),clean,1.5333333333333332,1.6703799086894973,1.1581666554896175,REACH,Reaching,2,False
vid3,Take 3 (clean),clean,1.5666666666666669,1.497455794542359,1.1572868868329111,REACH,Reaching,2,False
vid3,Take 3 (clean),clean,1.6,1.3327275663818343,1.1497548183923632,REACH,Reaching,2,False
vid3,Take 3 (clean),clean,1.6333333333333333,1.214674456257848,1.135748283620842,REACH,Reaching,2,False
vid3,Take 3 (clean),clean,1.6666666666666667,1.1104543928365929,1.1231039905018392,REACH,Reaching,2,False
vid3,Take 3 (clean),clean,1.7,0.8775705598282603,1.1283439749449262,REACH,Reaching,2,False
vid3,Take 3 (clean),clean,1.7333333333333334,0.5921996830781643,1.1305662552484537,REACH,Reaching,2,False
vid3,Take 3 (clean),clean,1.7666666666666666,0.3723927445237845,1.130090327563405,REACH,Reaching,2,False
vid3,Take 3 (clean),clean,1.8,0.1403848561259731,1.122555355899247,REACH,Reaching,2,False
vid3,Take 3 (clean),clean,1.8333333333333333,0.0492680666250698,1.1264564134596682,REACH,Reaching,2,False
vid3,Take 3 (clean),clean,1.8666666666666667,0.0710244084628864,1.1259565313325783,REACH,Reaching,2,False
vid3,Take 3 (clean),clean,1.9,0.2295028392174204,1.1320701794264918,REACH,Reaching,2,False
vid3,Take 3 (clean),clean,1.9333333333333331,0.2116415654518783,1.142122690149177,REACH,Reaching,2,False
vid3,Take 3 (clean),clean,1.9666666666666663,0.3522044944295022,1.1522227080846468,REACH,Reaching,2,False
vid3,Take 3 (clean),clean,2.0,0.4565344775150975,1.1605378631202214,REACH,Reaching,2,False
vid3,Take 3 (clean),clean,2.033333333333333,0.7497694955127735,1.1705271946927345,REACH,Reaching,2,False
vid3,Take 3 (clean),clean,2.0666666666666664,1.0097586282714632,1.1887532451249418,REACH,Reaching,2,False
vid3,Take 3 (clean),clean,2.1,1.218766189983804,1.192455657643674,REACH,Reaching,2,False
vid3,Take 3 (clean),clean,2.1333333333333333,1.4447950299652712,1.2535356850276334,REACH,Reaching,2,False
vid3,Take 3 (clean),clean,2.1666666666666665,1.832579538834191,1.2771113233258051,REACH,Reaching,2,False
vid3,Take 3 (clean),clean,2.2,2.445751422397742,1.221214959602926,REACH,Reaching,2,False
vid3,Take 3 (clean),clean,2.2333333333333334,2.8603593753334464,1.0487941215708871,REACH,Reaching,2,False
vid3,Take 3 (clean),clean,2.2666666666666666,2.5318760621904155,0.8979343741258535,GRASP,Grasping,3,False
vid3,Take 3 (clean),clean,2.3,1.8439851264920275,0.8012658209697883,GRASP,Grasping,3,False
vid3,Take 3 (clean),clean,2.3333333333333335,1.0561397434967694,0.7974444813032114,GRASP,Grasping,3,False
vid3,Take 3 (clean),clean,2.3666666666666667,0.5833901106541554,0.8438595793730493,GRASP,Grasping,3,False
vid3,Take 3 (clean),clean,2.4,0.5806611017683928,0.934056932654193,GRASP,Grasping,3,False
vid3,Take 3 (clean),clean,2.433333333333333,0.4711135389449422,0.967781508785452,GRASP,Grasping,3,False
vid3,Take 3 (clean),clean,2.466666666666667,0.5485827330814492,0.9312477847487792,GRASP,Grasping,3,False
vid3,Take 3 (clean),clean,2.5,0.4870118312290484,0.8797088826791946,GRASP,Grasping,3,False
vid3,Take 3 (clean),clean,2.533333333333333,0.4744509191487653,0.9134413820593756,GRASP,Grasping,3,False
vid3,Take 3 (clean),clean,2.5666666666666664,0.3917020784858336,0.957607075808366,GRASP,Grasping,3,False
vid3,Take 3 (clean),clean,2.6,0.2538433238053498,0.9901274873438056,GRASP,Grasping,3,False
vid3,Take 3 (clean),clean,2.6333333333333333,0.2274150718719677,1.0080209036572485,GRASP,Grasping,3,False
vid3,Take 3 (clean),clean,2.6666666666666665,0.1442819837259486,1.011685342179663,GRASP,Grasping,3,False
vid3,Take 3 (clean),clean,2.7,0.0969662659095623,0.982889780215381,GRASP,Grasping,3,False
vid3,Take 3 (clean),clean,2.7333333333333334,0.1166131127048084,0.9890927820403768,GRASP,Grasping,3,False
vid3,Take 3 (clean),clean,2.7666666666666666,0.1988761392818991,0.9894764697546464,GRASP,Grasping,3,False
vid3,Take 3 (clean),clean,2.8,0.1068767831773197,0.9593467192433234,GRASP,Grasping,3,False
vid3,Take 3 (clean),clean,2.8333333333333335,0.084945075099842,0.9356815885717192,GRASP,Grasping,3,False
vid3,Take 3 (clean),clean,2.8666666666666667,0.0659744265934397,0.9628714584472152,GRASP,Grasping,3,False
vid3,Take 3 (clean),clean,2.9,0.0335283064227797,0.9568662230282252,GRASP,Grasping,3,False
vid3,Take 3 (clean),clean,2.933333333333333,0.1469952991731124,0.9169373835949916,GRASP,Grasping,3,False
vid3,Take 3 (clean),clean,2.966666666666667,0.0457109712878624,0.9000649750504955,GRASP,Grasping,3,False
vid3,Take 3 (clean),clean,3.0,0.0098828813749848,0.925849460753826,GRASP,Grasping,3,False
vid3,Take 3 (clean),clean,3.033333333333333,0.0168325285288396,0.923934218001349,GRASP,Grasping,3,False
vid3,Take 3 (clean),clean,3.0666666666666664,0.0358629478636786,0.9382063167754812,GRASP,Grasping,3,False
vid3,Take 3 (clean),clean,3.1,0.0359932437090391,0.9545944541821806,GRASP,Grasping,3,False
vid3,Take 3 (clean),clean,3.1333333333333333,0.0749048450478692,0.9847889458285118,GRASP,Grasping,3,False
vid3,Take 3 (clean),clean,3.1666666666666665,0.0281959165764499,0.9459380875270644,GRASP,Grasping,3,False
vid3,Take 3 (clean),clean,3.2,0.0386394646753334,0.899396458400893,GRASP,Grasping,3,False
vid3,Take 3 (clean),clean,3.2333333333333334,0.1125150134877692,0.8586703407279429,GRASP,Grasping,3,False
vid3,Take 3 (clean),clean,3.2666666666666666,0.0705707523931335,0.8597954472343405,GRASP,Grasping,3,False
vid3,Take 3 (clean),clean,3.3,0.0088268604884282,0.8477497758661227,GRASP,Grasping,3,False
vid3,Take 3 (clean),clean,3.3333333333333335,0.1762221467093354,0.8528716333483193,GRASP,Grasping,3,False
vid3,Take 3 (clean),clean,3.3666666666666667,0.354949715168577,0.8597798697174724,GRASP,Grasping,3,False
vid3,Take 3 (clean),clean,3.4,0.5774688360821343,0.8527909472675679,GRASP,Grasping,3,False
vid3,Take 3 (clean),clean,3.433333333333333,1.030436705977024,0.8612693172688106,GRASP,Grasping,3,False
vid3,Take 3 (clean),clean,3.466666666666667,1.7686078393207367,0.8032339274960664,GRASP,Grasping,3,False
vid3,Take 3 (clean),clean,3.5,2.6643936828771424,0.7524144946204444,GRASP,Grasping,3,False
vid3,Take 3 (clean),clean,3.533333333333333,3.5724454509959216,0.7067244638547016,GRASP,Grasping,3,False
vid3,Take 3 (clean),clean,3.5666666666666664,4.284359226509292,0.6966532110477207,GRASP,Grasping,3,False
vid3,Take 3 (clean),clean,3.6,4.673546755724592,0.6628157599755898,GRASP,Grasping,3,False
vid3,Take 3 (clean),clean,3.6333333333333337,4.8517727257624355,0.6706870858826339,GRASP,Grasping,3,False
vid3,Take 3 (clean),clean,3.6666666666666665,4.696298041024559,0.7125103357358817,GRASP,Grasping,3,False
vid3,Take 3 (clean),clean,3.7,4.27270929617383,0.7391171301550535,GRASP,Grasping,3,False
vid3,Take 3 (clean),clean,3.7333333333333334,3.55887851503111,0.7882513215166337,GRASP,Grasping,3,False
vid3,Take 3 (clean),clean,3.7666666666666666,2.711094727769966,0.7919317846806132,GRASP,Grasping,3,False
vid3,Take 3 (clean),clean,3.8,1.9297811847138835,0.7524461140231276,GRASP,Grasping,3,False
vid3,Take 3 (clean),clean,3.8333333333333335,1.3344432979646013,0.7412962572292852,GRASP,Grasping,3,False
vid3,Take 3 (clean),clean,3.8666666666666663,0.9556198929910786,0.7730806750644833,GRASP,Grasping,3,False
vid3,Take 3 (clean),clean,3.9,0.5856285569001912,0.8197518631551574,GRASP,Grasping,3,False
vid3,Take 3 (clean),clean,3.933333333333333,0.2926888282450247,0.819993188599604,HOLD,Holding,4,False
vid3,Take 3 (clean),clean,3.966666666666667,0.2096275369447828,0.813617628527877,HOLD,Holding,4,False
vid3,Take 3 (clean),clean,4.0,0.2624655335135432,0.7888854861883166,HOLD,Holding,4,False
vid3,Take 3 (clean),clean,4.033333333333333,0.1594595036565922,0.7967038753805877,HOLD,Holding,4,False
vid3,Take 3 (clean),clean,4.066666666666666,0.2324511914027616,0.8081142858631997,HOLD,Holding,4,False
vid3,Take 3 (clean),clean,4.1,0.341011396675401,0.8205622329891883,HOLD,Holding,4,False
vid3,Take 3 (clean),clean,4.133333333333333,0.2902629113944516,0.8255944165293749,HOLD,Holding,4,False
vid3,Take 3 (clean),clean,4.166666666666667,0.2222976413237844,0.8244823361901031,HOLD,Holding,4,False
vid3,Take 3 (clean),clean,4.2,0.1342207974339516,0.8040899353537587,HOLD,Holding,4,False
vid3,Take 3 (clean),clean,4.233333333333333,0.155683850287864,0.8002280516519982,HOLD,Holding,4,False
vid3,Take 3 (clean),clean,4.266666666666667,0.2138951102596176,0.8047298864737269,HOLD,Holding,4,False
vid3,Take 3 (clean),clean,4.3,0.1743883477270201,0.8182539611118791,HOLD,Holding,4,False
vid3,Take 3 (clean),clean,4.333333333333333,0.104687138750092,0.8155647700501661,HOLD,Holding,4,False
vid3,Take 3 (clean),clean,4.366666666666666,0.0231202545339853,0.8118396399451759,HOLD,Holding,4,False
vid3,Take 3 (clean),clean,4.4,0.0417579078334105,0.8203787101816226,HOLD,Holding,4,False
vid3,Take 3 (clean),clean,4.433333333333334,0.0848903509622633,0.8237360641055361,HOLD,Holding,4,False
vid3,Take 3 (clean),clean,4.466666666666667,0.0923096737993534,0.8112939899310745,HOLD,Holding,4,False
vid3,Take 3 (clean),clean,4.5,0.0760900028436335,0.7961081232485149,HOLD,Holding,4,False
vid3,Take 3 (clean),clean,4.533333333333333,0.025641765203089,0.7968259361599963,HOLD,Holding,4,False
vid3,Take 3 (clean),clean,4.566666666666666,0.0955411346194652,0.807197238625974,HOLD,Holding,4,False
vid3,Take 3 (clean),clean,4.6,0.1107804160809282,0.8120038535826085,HOLD,Holding,4,False
vid3,Take 3 (clean),clean,4.633333333333333,0.1037513708565215,0.8291536141520424,HOLD,Holding,4,False
vid3,Take 3 (clean),clean,4.666666666666667,0.1662602695241574,0.8385808790011446,HOLD,Holding,4,False
vid3,Take 3 (clean),clean,4.7,0.3320044349093283,0.8362544996376583,HOLD,Holding,4,False
vid3,Take 3 (clean),clean,4.733333333333333,0.4722400376290695,0.7992954780897594,HOLD,Holding,4,False
vid3,Take 3 (clean),clean,4.766666666666667,0.6145549491688491,0.7751897153931759,HOLD,Holding,4,False
vid3,Take 3 (clean),clean,4.8,0.7004872418087551,0.8134588030536413,HOLD,Holding,4,False
vid3,Take 3 (clean),clean,4.833333333333333,0.8612467691158355,0.8594077456260092,HOLD,Holding,4,False
vid3,Take 3 (clean),clean,4.866666666666666,1.0241786712221757,0.8893886070145093,HOLD,Holding,4,False
vid3,Take 3 (clean),clean,4.9,1.136760662395914,0.881943530725204,HOLD,Holding,4,False
vid3,Take 3 (clean),clean,4.933333333333334,1.275255029111666,0.8746963176197178,HOLD,Holding,4,False
vid3,Take 3 (clean),clean,4.966666666666667,1.510797665177951,0.8495007692703435,HOLD,Holding,4,False
vid3,Take 3 (clean),clean,5.0,1.7139304001795188,0.8386837767224632,HOLD,Holding,4,False
vid3,Take 3 (clean),clean,5.033333333333333,2.0271177199789823,0.8183442665759798,HOLD,Holding,4,False
vid3,Take 3 (clean),clean,5.066666666666666,2.2562773508349094,0.7732789917757913,HOLD,Holding,4,False
vid3,Take 3 (clean),clean,5.1,2.457407180012626,0.7211891268621153,HOLD,Holding,4,False
vid3,Take 3 (clean),clean,5.133333333333333,2.6863304019180747,0.7130852760620917,HOLD,Holding,4,False
vid3,Take 3 (clean),clean,5.166666666666667,2.8411835684991575,0.7328567619684527,HOLD,Holding,4,False
vid3,Take 3 (clean),clean,5.2,2.996834378011771,0.7473165780004738,HOLD,Holding,4,False
vid3,Take 3 (clean),clean,5.233333333333333,3.044397344803036,0.7309176698120066,HOLD,Holding,4,False
vid3,Take 3 (clean),clean,5.266666666666667,3.1270738074601976,0.7294004199810172,HOLD,Holding,4,False
vid3,Take 3 (clean),clean,5.3,3.361971327352523,0.7220533308077277,HOLD,Holding,4,False
vid3,Take 3 (clean),clean,5.333333333333333,3.283002780935949,0.7089677203752243,HOLD,Holding,4,False
vid3,Take 3 (clean),clean,5.366666666666666,2.837677699835361,0.7463004146494182,HOLD,Holding,4,False
vid3,Take 3 (clean),clean,5.4,1.94631424764798,0.7642870123845305,HOLD,Holding,4,False
vid3,Take 3 (clean),clean,5.433333333333334,0.9754065547340588,0.7443275323111127,HOLD,Holding,4,False
vid3,Take 3 (clean),clean,5.466666666666667,0.2334231307351351,0.685582394256283,HOLD,Holding,4,False
vid3,Take 3 (clean),clean,5.5,0.4133004873917639,0.7020988040173575,HOLD,Holding,4,False
vid3,Take 3 (clean),clean,5.533333333333333,0.5249024409259857,0.7050412256626221,HOLD,Holding,4,False
vid3,Take 3 (clean),clean,5.566666666666666,0.4837593066278772,0.6994962694062673,HOLD,Holding,4,False
vid3,Take 3 (clean),clean,5.6,0.5662661128914265,0.6859492622887746,HOLD,Holding,4,False
vid3,Take 3 (clean),clean,5.633333333333333,0.8086867481807678,0.7068610187877407,HOLD,Holding,4,False
vid3,Take 3 (clean),clean,5.666666666666667,1.3031093230612762,0.8176552111312466,HOLD,Holding,4,False
vid3,Take 3 (clean),clean,5.7,1.9641634220849729,0.9577203814298776,RELEASE,Releasing,5,False
vid3,Take 3 (clean),clean,5.733333333333333,2.4042402893889188,1.1017601057782536,RELEASE,Releasing,5,False
vid3,Take 3 (clean),clean,5.766666666666667,2.516153566452235,1.1668112322311466,RELEASE,Releasing,5,False
vid3,Take 3 (clean),clean,5.8,2.5410313608237645,1.2368517676785389,RELEASE,Releasing,5,False
vid3,Take 3 (clean),clean,5.833333333333333,1.9777411131209268,1.3501980045128297,RELEASE,Releasing,5,False
vid3,Take 3 (clean),clean,5.866666666666666,1.2431733505330953,1.5027843629397033,RELEASE,Releasing,5,False
vid3,Take 3 (clean),clean,5.9,0.9229545369476788,1.6027167660810542,RELEASE,Releasing,5,False
vid3,Take 3 (clean),clean,5.933333333333334,0.4060689814902257,1.622952673419323,RELEASE,Releasing,5,False
vid3,Take 3 (clean),clean,5.966666666666667,0.235866897546127,1.6107217550136992,RELEASE,Releasing,5,False
vid3,Take 3 (clean),clean,6.0,0.0968834381819758,1.5899981249446289,RELEASE,Releasing,5,False
vid3,Take 3 (clean),clean,6.033333333333333,0.4058496588976228,1.575498367738071,RELEASE,Releasing,5,False
vid3,Take 3 (clean),clean,6.066666666666666,0.5042299160453783,1.5914889868974678,RELEASE,Releasing,5,False
vid3,Take 3 (clean),clean,6.1,0.5494979945523019,1.587994109452444,RELEASE,Releasing,5,False
vid3,Take 3 (clean),clean,6.133333333333333,0.5064754821105674,1.5955257462589432,RELEASE,Releasing,5,False
vid3,Take 3 (clean),clean,6.166666666666667,0.3219272645658804,1.6073393028789893,RELEASE,Releasing,5,False
vid3,Take 3 (clean),clean,6.2,0.151476009210808,1.6310914556823135,RELEASE,Releasing,5,False
vid3,Take 3 (clean),clean,6.233333333333333,0.2976742174348301,1.6176550793886428,RELEASE,Releasing,5,False
vid3,Take 3 (clean),clean,6.266666666666667,0.3044305582134703,1.62808730300342,RELEASE,Releasing,5,False
vid3,Take 3 (clean),clean,6.3,0.223852765405054,1.6237738333930527,RELEASE,Releasing,5,False
vid3,Take 3 (clean),clean,6.333333333333333,0.256302700101934,1.6088772784846137,RELEASE,Releasing,5,False
vid3,Take 3 (clean),clean,6.366666666666666,0.6322093189619097,1.5749541205315607,RELEASE,Releasing,5,False
vid3,Take 3 (clean),clean,6.4,0.8719785985876769,1.5700403962028255,RELEASE,Releasing,5,False
vid3,Take 3 (clean),clean,6.433333333333334,1.1463988372106142,1.5638419879516905,RELEASE,Releasing,5,False
vid3,Take 3 (clean),clean,6.466666666666667,1.4381000896124854,1.5639429912212597,RELEASE,Releasing,5,False
vid3,Take 3 (clean),clean,6.5,1.7630406010513535,1.561373743999983,RELEASE,Releasing,5,False
vid3,Take 3 (clean),clean,6.533333333333333,2.213994535368384,1.5312302839994527,RETRACT,Returning,6,False
vid3,Take 3 (clean),clean,6.566666666666666,2.781716780127925,1.4959219502302534,RETRACT,Returning,6,False
vid3,Take 3 (clean),clean,6.6,3.308541949993098,1.3437209920056503,RETRACT,Returning,6,False
vid3,Take 3 (clean),clean,6.633333333333333,3.823011437607336,1.1238953268029117,RETRACT,Returning,6,False
vid3,Take 3 (clean),clean,6.666666666666667,4.137344762697894,0.9477448959617628,RETRACT,Returning,6,False
vid3,Take 3 (clean),clean,6.7,4.438447986117039,0.9401595465888616,RETRACT,Returning,6,False
vid3,Take 3 (clean),clean,6.733333333333333,4.543115517422883,0.9473532461894882,RETRACT,Returning,6,False
vid3,Take 3 (clean),clean,6.766666666666667,4.606815921839516,0.9439992110419528,RETRACT,Returning,6,False
vid3,Take 3 (clean),clean,6.8,4.772321678892551,0.9287279994952462,RETRACT,Returning,6,False
vid3,Take 3 (clean),clean,6.833333333333333,4.969909572325674,0.9627221660581128,RETRACT,Returning,6,False
vid3,Take 3 (clean),clean,6.866666666666666,5.123578052430614,0.985915641523292,RETRACT,Returning,6,False
vid3,Take 3 (clean),clean,6.8999999999999995,5.074058534862959,1.0106419524080552,RETRACT,Returning,6,False
vid3,Take 3 (clean),clean,6.933333333333334,4.921787025025031,0.9812728450981998,RETRACT,Returning,6,False
vid3,Take 3 (clean),clean,6.966666666666667,4.659815403257238,0.9596412098405452,RETRACT,Returning,6,False
vid3,Take 3 (clean),clean,7.0,4.279264702226863,0.9401447973602528,RETRACT,Returning,6,False
vid3,Take 3 (clean),clean,7.033333333333333,3.804692683645423,0.9783986653364242,RETRACT,Returning,6,False
vid3,Take 3 (clean),clean,7.066666666666666,3.4534165407916944,1.0131248124993133,RETRACT,Returning,6,False
vid3,Take 3 (clean),clean,7.1,3.231612144900696,1.0560352632401966,RETRACT,Returning,6,False
vid3,Take 3 (clean),clean,7.133333333333333,3.1344424514572977,1.0561455299678109,RETRACT,Returning,6,False
vid3,Take 3 (clean),clean,7.166666666666667,2.8613838878398807,1.061022853108568,RETRACT,Returning,6,False
vid3,Take 3 (clean),clean,7.2,2.738568508461952,1.052266582083866,RETRACT,Returning,6,False
vid3,Take 3 (clean),clean,7.233333333333333,2.517971949511532,1.0572950979444509,RETRACT,Returning,6,False
vid3,Take 3 (clean),clean,7.266666666666667,2.226978147719458,1.0411933709432055,RETRACT,Returning,6,False
vid3,Take 3 (clean),clean,7.3,1.9026927020960596,1.028723751628133,RETRACT,Returning,6,False
vid3,Take 3 (clean),clean,7.333333333333333,1.650307963881928,1.0641982038396147,RETRACT,Returning,6,False
vid3,Take 3 (clean),clean,7.366666666666666,1.8635743715199429,1.095962000376881,RETRACT,Returning,6,False
vid3,Take 3 (clean),clean,7.4,2.319083518724759,1.147987978582535,RETRACT,Returning,6,False
vid3,Take 3 (clean),clean,7.433333333333334,2.3149349964268975,1.1250278463324388,RETRACT,Returning,6,False
vid3,Take 3 (clean),clean,7.466666666666667,1.7046194729099562,1.09086838478177,RETRACT,Returning,6,False
vid3,Take 3 (clean),clean,7.5,0.756308468002382,1.0372127596898542,RETRACT,Returning,6,False
vid3,Take 3 (clean),clean,7.533333333333333,0.1323726912679773,1.0624578761276322,REST,At rest,1,False
vid3,Take 3 (clean),clean,7.566666666666666,0.0516453181436907,1.0694440364797662,REST,At rest,1,False
vid3,Take 3 (clean),clean,7.6,0.0770721398508109,1.0779102325616916,REST,At rest,1,False
vid3,Take 3 (clean),clean,7.633333333333333,0.2753525354966012,1.0928069041166073,REST,At rest,1,False
vid3,Take 3 (clean),clean,7.666666666666667,0.1507441484200919,1.089299727996745,REST,At rest,1,False
vid3,Take 3 (clean),clean,7.7,0.0665415965469219,1.0867733097051315,REST,At rest,1,False
vid3,Take 3 (clean),clean,7.733333333333333,0.1862508970515326,1.084526922396528,REST,At rest,1,False
vid3,Take 3 (clean),clean,7.766666666666667,0.3470597306642766,1.0864458468095193,REST,At rest,1,False
vid3,Take 3 (clean),clean,7.8,0.1649596498635923,1.0954419480168185,REST,At rest,1,False
vid3,Take 3 (clean),clean,7.833333333333333,0.1112320061796223,1.121650005509967,REST,At rest,1,False
vid3,Take 3 (clean),clean,7.866666666666666,0.2118518225874689,1.1198613899609615,REST,At rest,1,False
vid3,Take 3 (clean),clean,7.9,0.116892198769012,1.0882029870645404,REST,At rest,1,False
vid3,Take 3 (clean),clean,7.933333333333334,0.1283144911210219,1.076968233777408,REST,At rest,1,False
vid3,Take 3 (clean),clean,7.966666666666667,0.0157523321743993,1.0867758799873342,REST,At rest,1,False
vid3,Take 3 (clean),clean,8.0,0.0740760389175558,1.093060253636547,REST,At rest,1,False
vid3,Take 3 (clean),clean,8.033333333333333,0.2088257809246244,1.0882155482927094,REST,At rest,1,False
vid3,Take 3 (clean),clean,8.066666666666666,0.1319946766041238,1.0508874536578752,REST,At rest,1,False
vid3,Take 3 (clean),clean,8.1,0.113121109882767,1.0536526670766386,REST,At rest,1,False
vid3,Take 3 (clean),clean,8.133333333333333,0.0157760732601313,1.06458751339666,REST,At rest,1,False
vid3,Take 3 (clean),clean,8.166666666666666,0.0944702416623891,1.0841953708582712,REST,At rest,1,False
vid3,Take 3 (clean),clean,8.2,0.1004207290212455,1.0669851728201822,REST,At rest,1,False
vid3,Take 3 (clean),clean,8.233333333333333,0.0572660705617138,1.0731926650523549,REST,At rest,1,False
vid3,Take 3 (clean),clean,8.266666666666666,0.1698027760457793,1.0914890029258897,REST,At rest,1,False
vid3,Take 3 (clean),clean,8.3,0.0831478332092251,1.0823267978652569,REST,At rest,1,False
vid3,Take 3 (clean),clean,8.333333333333334,0.1742073152276324,1.071180608550909,REST,At rest,1,False
vid3,Take 3 (clean),clean,8.366666666666667,0.1392515798378741,1.0629180913795602,REST,At rest,1,False
vid3,Take 3 (clean),clean,8.4,0.0487984401809602,1.0718292330515955,REST,At rest,1,False
vid3,Take 3 (clean),clean,8.433333333333334,0.0577213847652043,1.0589893882923525,REST,At rest,1,False
vid3,Take 3 (clean),clean,8.466666666666667,0.0858503349212367,1.0595744145768606,REST,At rest,1,False
vid3,Take 3 (clean),clean,8.5,0.0413724622443771,1.065296400460268,REST,At rest,1,False
vid3,Take 3 (clean),clean,8.533333333333333,0.2038879469866735,1.0715419085394122,REST,At rest,1,False
vid3,Take 3 (clean),clean,8.566666666666666,0.1075791348459766,1.0782610614283783,REST,At rest,1,False
vid3,Take 3 (clean),clean,8.6,0.1261231773502925,1.0655429106492915,REST,At rest,1,False
vid3,Take 3 (clean),clean,8.633333333333333,0.1787743260300578,1.059243963931055,REST,At rest,1,False
vid3,Take 3 (clean),clean,8.666666666666666,0.1376251579037285,1.0544592611810908,REST,At rest,1,False
vid3,Take 3 (clean),clean,8.7,0.2002235337746655,1.074083263275242,REST,At rest,1,False
vid3,Take 3 (clean),clean,8.733333333333333,0.0539603375201616,1.07673084804548,REST,At rest,1,False
vid3,Take 3 (clean),clean,8.766666666666666,0.0630947460536199,1.0837777363694658,REST,At rest,1,False
vid3,Take 3 (clean),clean,8.8,0.0224724670876924,1.0697747899376848,REST,At rest,1,False
vid3,Take 3 (clean),clean,8.833333333333334,0.0731600417650015,1.079158544276714,REST,At rest,1,False
vid3,Take 3 (clean),clean,8.866666666666667,0.0898965655078704,1.0635708341117702,REST,At rest,1,False
vid3,Take 3 (clean),clean,8.9,0.0394841599746903,1.0574524058684858,REST,At rest,1,False
vid3,Take 3 (clean),clean,8.933333333333334,0.0869665237832034,1.0483385922104154,REST,At rest,1,False
vid3,Take 3 (clean),clean,8.966666666666667,0.160520185326265,1.0731845439949783,REST,At rest,1,False
vid3,Take 3 (clean),clean,9.0,0.193819291797252,1.093782043122848,REST,At rest,1,False
vid3,Take 3 (clean),clean,9.033333333333331,0.144202469298968,1.1013873267227217,REST,At rest,1,False
vid3,Take 3 (clean),clean,9.066666666666666,0.3618155043045498,1.0911891421416644,REST,At rest,1,False
vid3,Take 3 (clean),clean,9.1,0.6505172685834891,1.0868471120823873,REST,At rest,1,False
vid3,Take 3 (clean),clean,9.133333333333333,1.3104734240874305,1.109755682794929,REST,At rest,1,False
vid3,Take 3 (clean),clean,9.166666666666666,2.124833669650889,1.0831442979916963,REACH,Reaching,2,False
vid3,Take 3 (clean),clean,9.2,3.246175523698969,0.9562077142748944,REACH,Reaching,2,False
vid3,Take 3 (clean),clean,9.233333333333333,4.612318812001129,0.9048368277968262,REACH,Reaching,2,False
vid3,Take 3 (clean),clean,9.266666666666666,5.547593190204414,0.9915599060647048,REACH,Reaching,2,False
vid3,Take 3 (clean),clean,9.3,6.15425827614287,1.117097961560233,REACH,Reaching,2,False
vid3,Take 3 (clean),clean,9.333333333333334,6.26863801763785,1.1347560115447046,REACH,Reaching,2,False
vid3,Take 3 (clean),clean,9.366666666666667,6.237974273104181,1.1172597458573754,REACH,Reaching,2,False
vid3,Take 3 (clean),clean,9.4,6.114676162673037,1.0629744199890925,REACH,Reaching,2,False
vid3,Take 3 (clean),clean,9.433333333333334,5.884044385443183,1.040480982243123,REACH,Reaching,2,False
vid3,Take 3 (clean),clean,9.466666666666669,5.569021948284667,1.0933682009531418,REACH,Reaching,2,False
vid3,Take 3 (clean),clean,9.5,5.2683824805548864,1.1719840193044135,REACH,Reaching,2,False
vid3,Take 3 (clean),clean,9.533333333333331,5.031270200938407,1.2114123618211468,REACH,Reaching,2,False
vid3,Take 3 (clean),clean,9.566666666666666,4.7923908771823935,1.217154119655265,REACH,Reaching,2,False
vid3,Take 3 (clean),clean,9.6,4.4660189733790805,1.2070587810133475,REACH,Reaching,2,False
vid3,Take 3 (clean),clean,9.633333333333333,4.258572998690629,1.1773387097150876,REACH,Reaching,2,False
vid3,Take 3 (clean),clean,9.666666666666666,3.976149554043869,1.1590975560334185,REACH,Reaching,2,False
vid3,Take 3 (clean),clean,9.7,3.5778895408737563,1.1497044928506008,REACH,Reaching,2,False
vid3,Take 3 (clean),clean,9.733333333333333,3.1926199186910433,1.1354507414684707,REACH,Reaching,2,False
vid3,Take 3 (clean),clean,9.766666666666666,2.9165972253514703,1.0945021201903125,REACH,Reaching,2,False
vid3,Take 3 (clean),clean,9.8,2.8874134626443344,1.0563651869570496,REACH,Reaching,2,False
vid3,Take 3 (clean),clean,9.833333333333334,2.868175623912222,1.0552119335837926,REACH,Reaching,2,False
vid3,Take 3 (clean),clean,9.866666666666667,2.8409897996201914,1.0708101724401773,REACH,Reaching,2,False
vid3,Take 3 (clean),clean,9.9,2.760209828363831,1.0625196295569994,REACH,Reaching,2,False
vid3,Take 3 (clean),clean,9.933333333333334,2.794069141051698,1.058355188320749,REACH,Reaching,2,False
vid3,Take 3 (clean),clean,9.966666666666669,2.894517572209904,1.083842650810426,REACH,Reaching,2,False
vid3,Take 3 (clean),clean,10.0,2.8508014303691183,1.1103134895304716,REACH,Reaching,2,False
vid3,Take 3 (clean),clean,10.033333333333331,2.7593630537435305,1.020369756389654,REACH,Reaching,2,False
vid3,Take 3 (clean),clean,10.066666666666666,2.4071010478238275,0.9114748737608134,REACH,Reaching,2,False
vid3,Take 3 (clean),clean,10.1,1.8799881068476143,0.8485334122913173,GRASP,Grasping,3,False
vid3,Take 3 (clean),clean,10.133333333333333,1.2567177888401535,0.8535598709941761,GRASP,Grasping,3,False
vid3,Take 3 (clean),clean,10.166666666666666,0.7454623721356515,0.8688964387984026,GRASP,Grasping,3,False
vid3,Take 3 (clean),clean,10.2,0.4750869148978191,0.9166059744546404,GRASP,Grasping,3,False
vid3,Take 3 (clean),clean,10.233333333333333,0.3556852532041102,0.9302419430353368,GRASP,Grasping,3,False
vid3,Take 3 (clean),clean,10.266666666666666,0.2899406579361179,0.94448716715915,GRASP,Grasping,3,False
vid3,Take 3 (clean),clean,10.3,0.1888704813973902,0.9482627062497974,GRASP,Grasping,3,False
vid3,Take 3 (clean),clean,10.333333333333334,0.1437754002042362,0.969178561137712,GRASP,Grasping,3,False
vid3,Take 3 (clean),clean,10.366666666666667,0.111441087890459,0.9508377515801256,GRASP,Grasping,3,False
vid3,Take 3 (clean),clean,10.4,0.0817316094340647,0.961403458540822,GRASP,Grasping,3,False
vid3,Take 3 (clean),clean,10.433333333333334,0.0632783331191966,0.9452195880879608,GRASP,Grasping,3,False
vid3,Take 3 (clean),clean,10.466666666666669,0.0772428413590744,0.906499646117584,GRASP,Grasping,3,False
vid3,Take 3 (clean),clean,10.5,0.1447353144104329,0.8850742117427296,GRASP,Grasping,3,False
vid3,Take 3 (clean),clean,10.533333333333331,0.1802038942968859,0.8965187565876229,GRASP,Grasping,3,False
vid3,Take 3 (clean),clean,10.566666666666666,0.1023567535071926,0.8798265654114982,GRASP,Grasping,3,False
vid3,Take 3 (clean),clean,10.6,0.0584868740370154,0.8367490412563732,GRASP,Grasping,3,False
vid3,Take 3 (clean),clean,10.633333333333333,0.0939558073938132,0.8557487520274819,GRASP,Grasping,3,False
vid3,Take 3 (clean),clean,10.666666666666666,0.1471408972687821,0.8949241029014532,GRASP,Grasping,3,False
vid3,Take 3 (clean),clean,10.7,0.0857127635353472,0.9183130727220494,GRASP,Grasping,3,False
vid3,Take 3 (clean),clean,10.733333333333333,0.1072069126141505,0.9032003090136288,GRASP,Grasping,3,False
vid3,Take 3 (clean),clean,10.766666666666666,0.1314290021358248,0.890847750124925,GRASP,Grasping,3,False
vid3,Take 3 (clean),clean,10.8,0.1542702129445684,0.8712966847939243,GRASP,Grasping,3,False
vid3,Take 3 (clean),clean,10.833333333333334,0.0522004969886623,0.883475586325368,GRASP,Grasping,3,False
vid3,Take 3 (clean),clean,10.866666666666667,0.0955606774974788,0.8887218448599143,GRASP,Grasping,3,False
vid3,Take 3 (clean),clean,10.9,0.0337063121102614,0.8755100795953507,GRASP,Grasping,3,False
vid3,Take 3 (clean),clean,10.933333333333334,0.0794847487132214,0.8707487981663237,GRASP,Grasping,3,False
vid3,Take 3 (clean),clean,10.966666666666669,0.0484530317614503,0.8741308591023995,GRASP,Grasping,3,False
vid3,Take 3 (clean),clean,11.0,0.1055142176862783,0.8606134987152336,GRASP,Grasping,3,False
vid3,Take 3 (clean),clean,11.033333333333331,0.1030480912057392,0.8596909525807678,GRASP,Grasping,3,False
vid3,Take 3 (clean),clean,11.066666666666666,0.1087342384691512,0.8542998278079689,GRASP,Grasping,3,False
vid3,Take 3 (clean),clean,11.1,0.0784200944667012,0.8466614737565071,GRASP,Grasping,3,False
vid3,Take 3 (clean),clean,11.133333333333333,0.0991166892563566,0.8241000357538278,GRASP,Grasping,3,False
vid3,Take 3 (clean),clean,11.166666666666666,0.0855516356803597,0.8089569834603907,GRASP,Grasping,3,False
vid3,Take 3 (clean),clean,11.2,0.1188065083662644,0.7966596603765821,GRASP,Grasping,3,False
vid3,Take 3 (clean),clean,11.233333333333333,0.0612607713187221,0.8005958646025926,GRASP,Grasping,3,False
vid3,Take 3 (clean),clean,11.266666666666666,0.0112849021051096,0.8121748789111785,GRASP,Grasping,3,False
vid3,Take 3 (clean),clean,11.3,0.0360719245777494,0.8372517775085557,GRASP,Grasping,3,False
vid3,Take 3 (clean),clean,11.333333333333334,0.0347242317220306,0.8431771773103587,GRASP,Grasping,3,False
vid3,Take 3 (clean),clean,11.366666666666667,0.0887265279608907,0.8400844147836395,GRASP,Grasping,3,False
vid3,Take 3 (clean),clean,11.4,0.0683274601657935,0.7999213137514396,GRASP,Grasping,3,False
vid3,Take 3 (clean),clean,11.433333333333334,0.2018967509505526,0.7859197481106984,GRASP,Grasping,3,False
vid3,Take 3 (clean),clean,11.466666666666669,0.5162392072041235,0.7808288474152569,GRASP,Grasping,3,False
vid3,Take 3 (clean),clean,11.5,0.9136406411506734,0.8046352129340968,GRASP,Grasping,3,False
vid3,Take 3 (clean),clean,11.533333333333331,1.2887490114269078,0.7744602958581549,GRASP,Grasping,3,False
vid3,Take 3 (clean),clean,11.566666666666666,1.879707715601058,0.6887012455637488,GRASP,Grasping,3,False
vid3,Take 3 (clean),clean,11.6,2.5444645678266165,0.6097529279057171,GRASP,Grasping,3,False
vid3,Take 3 (clean),clean,11.633333333333333,3.143051705167621,0.5795722850327959,GRASP,Grasping,3,False
vid3,Take 3 (clean),clean,11.666666666666666,3.6846980603563737,0.5860229473582806,GRASP,Grasping,3,False
vid3,Take 3 (clean),clean,11.7,3.9195891543461703,0.6049834888871524,GRASP,Grasping,3,False
vid3,Take 3 (clean),clean,11.733333333333333,4.000046958320408,0.6508973103130318,GRASP,Grasping,3,False
vid3,Take 3 (clean),clean,11.766666666666666,3.906481670976506,0.7002792686579564,GRASP,Grasping,3,False
vid3,Take 3 (clean),clean,11.8,3.764979310276948,0.7267446431057839,GRASP,Grasping,3,False
vid3,Take 3 (clean),clean,11.833333333333334,3.4054456778678226,0.7438002034680103,GRASP,Grasping,3,False
vid3,Take 3 (clean),clean,11.866666666666667,2.963304072426129,0.7407323106531036,GRASP,Grasping,3,False
vid3,Take 3 (clean),clean,11.9,2.4049678118450246,0.7480049127359868,GRASP,Grasping,3,False
vid3,Take 3 (clean),clean,11.933333333333334,1.7710371680260844,0.7346618463424164,GRASP,Grasping,3,False
vid3,Take 3 (clean),clean,11.966666666666669,1.1406652032368303,0.7396684620640286,GRASP,Grasping,3,False
vid3,Take 3 (clean),clean,12.0,0.56220395134943,0.732411384278524,GRASP,Grasping,3,False
vid3,Take 3 (clean),clean,12.033333333333331,0.1447276628162607,0.738072179027844,HOLD,Holding,4,False
vid3,Take 3 (clean),clean,12.066666666666666,0.2301330987184476,0.758231538412906,HOLD,Holding,4,False
vid3,Take 3 (clean),clean,12.1,0.2893339262592677,0.7754963176143409,HOLD,Holding,4,False
vid3,Take 3 (clean),clean,12.133333333333333,0.2141172612461949,0.8055796016487375,HOLD,Holding,4,False
vid3,Take 3 (clean),clean,12.166666666666666,0.1135793273286163,0.8041483924106462,HOLD,Holding,4,False
vid3,Take 3 (clean),clean,12.2,0.1037005597543348,0.8039336271513816,HOLD,Holding,4,False
vid3,Take 3 (clean),clean,12.233333333333333,0.1054085984755005,0.8084088196607685,HOLD,Holding,4,False
vid3,Take 3 (clean),clean,12.266666666666666,0.214313256169918,0.8295752521293985,HOLD,Holding,4,False
vid3,Take 3 (clean),clean,12.3,0.1166499474451718,0.8371728695842227,HOLD,Holding,4,False
vid3,Take 3 (clean),clean,12.333333333333334,0.0763424272826362,0.8207137102718561,HOLD,Holding,4,False
vid3,Take 3 (clean),clean,12.366666666666667,0.0514755573880208,0.8291591244559012,HOLD,Holding,4,False
vid3,Take 3 (clean),clean,12.4,0.1302312031855711,0.8049943176047092,HOLD,Holding,4,False
vid3,Take 3 (clean),clean,12.433333333333334,0.1484323648671955,0.8122214039773206,HOLD,Holding,4,False
vid3,Take 3 (clean),clean,12.466666666666669,0.1650305807074084,0.7936205736097337,HOLD,Holding,4,False
vid3,Take 3 (clean),clean,12.5,0.1376120440215227,0.8000924521336841,HOLD,Holding,4,False
vid3,Take 3 (clean),clean,12.533333333333331,0.1547305863979973,0.7922271957909406,HOLD,Holding,4,False
vid3,Take 3 (clean),clean,12.566666666666666,0.1706782416135974,0.8138652470699704,HOLD,Holding,4,False
vid3,Take 3 (clean),clean,12.6,0.2307026137815911,0.8224191217808795,HOLD,Holding,4,False
vid3,Take 3 (clean),clean,12.633333333333333,0.2678367732004124,0.8166429502921831,HOLD,Holding,4,False
vid3,Take 3 (clean),clean,12.666666666666666,0.4154191575197236,0.7924076952062806,HOLD,Holding,4,False
vid3,Take 3 (clean),clean,12.7,0.606373188447364,0.7541781584633578,HOLD,Holding,4,False
vid3,Take 3 (clean),clean,12.733333333333333,0.7951538016852553,0.7613866819240038,HOLD,Holding,4,False
vid3,Take 3 (clean),clean,12.766666666666666,0.988199450484364,0.760275859103934,HOLD,Holding,4,False
vid3,Take 3 (clean),clean,12.8,1.086315133145774,0.7569936997074223,HOLD,Holding,4,False
vid3,Take 3 (clean),clean,12.833333333333334,1.2338359566460555,0.748081278282931,HOLD,Holding,4,False
vid3,Take 3 (clean),clean,12.866666666666667,1.4164847722705491,0.7765181299300956,HOLD,Holding,4,False
vid3,Take 3 (clean),clean,12.9,1.6311071785463265,0.7690193678167498,HOLD,Holding,4,False
vid3,Take 3 (clean),clean,12.933333333333334,1.846303687145876,0.7079864270126691,HOLD,Holding,4,False
vid3,Take 3 (clean),clean,12.966666666666669,2.137241082308386,0.6559869958940839,HOLD,Holding,4,False
vid3,Take 3 (clean),clean,13.0,2.3598651121916503,0.6647240106099536,HOLD,Holding,4,False
vid3,Take 3 (clean),clean,13.033333333333331,2.536985829149985,0.6897911037664727,HOLD,Holding,4,False
vid3,Take 3 (clean),clean,13.066666666666666,2.619806153043424,0.6897653424383094,HOLD,Holding,4,False
vid3,Take 3 (clean),clean,13.1,2.6666328887053843,0.6981370484384227,HOLD,Holding,4,False
vid3,Take 3 (clean),clean,13.133333333333333,2.7284365800020725,0.7005441120761775,HOLD,Holding,4,False
vid3,Take 3 (clean),clean,13.166666666666666,2.673907904015949,0.706170552339175,HOLD,Holding,4,False
vid3,Take 3 (clean),clean,13.2,2.7073142737827633,0.6996249334572416,HOLD,Holding,4,False
vid3,Take 3 (clean),clean,13.233333333333333,2.444802059916485,0.7080638368202133,HOLD,Holding,4,False
vid3,Take 3 (clean),clean,13.266666666666666,1.909849349848206,0.7269832665999303,HOLD,Holding,4,False
vid3,Take 3 (clean),clean,13.3,1.172441431416069,0.8225582988159477,HOLD,Holding,4,False
vid3,Take 3 (clean),clean,13.333333333333334,0.4378000573135811,0.9231284301428284,HOLD,Holding,4,False
vid3,Take 3 (clean),clean,13.366666666666667,0.0716870792195405,0.9672212832552612,HOLD,Holding,4,False
vid3,Take 3 (clean),clean,13.4,0.1149715123978964,0.9653514068402768,HOLD,Holding,4,False
vid3,Take 3 (clean),clean,13.433333333333334,0.0681037498453734,0.953668812225086,HOLD,Holding,4,False
vid3,Take 3 (clean),clean,13.466666666666669,0.1940696336778492,0.958783295238522,HOLD,Holding,4,False
vid3,Take 3 (clean),clean,13.5,0.3551500975292325,0.9650470779630612,HOLD,Holding,4,False
vid3,Take 3 (clean),clean,13.533333333333331,0.2870237572162748,0.9635275024572704,HOLD,Holding,4,False
vid3,Take 3 (clean),clean,13.566666666666666,0.1399218043006195,0.92328543959466,HOLD,Holding,4,False
vid3,Take 3 (clean),clean,13.6,0.0595807959233478,0.8998959155201419,HOLD,Holding,4,False
vid3,Take 3 (clean),clean,13.633333333333333,0.1725916502396188,0.8917827503151242,HOLD,Holding,4,False
vid3,Take 3 (clean),clean,13.666666666666666,0.1740300550883245,0.8932034215047429,HOLD,Holding,4,False
vid3,Take 3 (clean),clean,13.7,0.3293256885430738,0.8617063401432495,HOLD,Holding,4,False
vid3,Take 3 (clean),clean,13.733333333333333,0.6199176666453213,0.8078934473350436,HOLD,Holding,4,False
vid3,Take 3 (clean),clean,13.766666666666666,0.8837243520495619,0.7767237239284344,HOLD,Holding,4,False
vid3,Take 3 (clean),clean,13.8,1.406053390758478,0.7763534037420243,RELEASE,Releasing,5,False
vid3,Take 3 (clean),clean,13.833333333333334,1.6017860059212845,0.9534961545892308,RELEASE,Releasing,5,False
vid3,Take 3 (clean),clean,13.866666666666667,1.8563764818152817,1.121054614388601,RELEASE,Releasing,5,False
vid3,Take 3 (clean),clean,13.9,2.125712321064497,1.2598889182744837,RELEASE,Releasing,5,False
vid3,Take 3 (clean),clean,13.933333333333334,1.9448832646694432,1.2883921938901022,RELEASE,Releasing,5,False
vid3,Take 3 (clean),clean,13.966666666666669,1.5883727093503148,1.350387186947715,RELEASE,Releasing,5,False
vid3,Take 3 (clean),clean,14.0,0.931626380698565,1.3480985025126755,RELEASE,Releasing,5,False
vid3,Take 3 (clean),clean,14.033333333333331,0.4290168259229282,1.3333751569011534,RELEASE,Releasing,5,False
vid3,Take 3 (clean),clean,14.066666666666666,0.7340970863728833,1.339401231077903,RELEASE,Releasing,5,False
vid3,Take 3 (clean),clean,14.1,0.955691373578468,1.353590189761711,RELEASE,Releasing,5,False
vid3,Take 3 (clean),clean,14.133333333333333,0.6036215786241598,1.3616851064803182,RELEASE,Releasing,5,False
vid3,Take 3 (clean),clean,14.166666666666666,0.3240778675568164,1.3730528324203362,RELEASE,Releasing,5,False
vid3,Take 3 (clean),clean,14.2,0.1239411338371424,1.3757743477170508,RELEASE,Releasing,5,False
vid3,Take 3 (clean),clean,14.233333333333333,0.1582211894832191,1.405278180593782,RELEASE,Releasing,5,False
vid3,Take 3 (clean),clean,14.266666666666666,0.2520948664195347,1.409487958152102,RELEASE,Releasing,5,False
vid3,Take 3 (clean),clean,14.3,0.1285491807704432,1.4080442940312252,RELEASE,Releasing,5,False
vid3,Take 3 (clean),clean,14.333333333333334,0.1091857979228262,1.3924669236547396,RELEASE,Releasing,5,False
vid3,Take 3 (clean),clean,14.366666666666667,0.1596422260506276,1.3911230384600393,RELEASE,Releasing,5,False
vid3,Take 3 (clean),clean,14.4,0.2348131018823711,1.3828333901088017,RELEASE,Releasing,5,False
vid3,Take 3 (clean),clean,14.433333333333334,0.3045254086825261,1.3719054036409677,RELEASE,Releasing,5,False
vid3,Take 3 (clean),clean,14.466666666666669,0.4366468660947324,1.3791402201870482,RELEASE,Releasing,5,False
vid3,Take 3 (clean),clean,14.5,0.5482939412905105,1.3854926217333532,RELEASE,Releasing,5,False
vid3,Take 3 (clean),clean,14.533333333333331,0.7399516947876126,1.3862627924074074,RELEASE,Releasing,5,False
vid3,Take 3 (clean),clean,14.566666666666666,0.9252172187675224,1.384380563756232,RELEASE,Releasing,5,False
vid3,Take 3 (clean),clean,14.6,1.063367959219406,1.3903151890517682,RELEASE,Releasing,5,False
vid3,Take 3 (clean),clean,14.633333333333333,1.1724311994789438,1.4035621762141075,RELEASE,Releasing,5,False
vid3,Take 3 (clean),clean,14.666666666666666,1.274403730262271,1.4140628406378553,RELEASE,Releasing,5,False
vid3,Take 3 (clean),clean,14.7,1.4437241653440889,1.41095305179567,RELEASE,Releasing,5,False
vid3,Take 3 (clean),clean,14.733333333333333,1.4864040374950194,1.3997487915180642,RELEASE,Releasing,5,False
vid3,Take 3 (clean),clean,14.766666666666666,1.4373171794138362,1.3798332157649995,RELEASE,Releasing,5,False
vid3,Take 3 (clean),clean,14.8,1.5956558825528189,1.3709868334163613,RELEASE,Releasing,5,False
vid3,Take 3 (clean),clean,14.833333333333334,1.8829252265496197,1.3817703566903217,RETRACT,Returning,6,False
vid3,Take 3 (clean),clean,14.866666666666667,2.347072943782802,1.3908675172960936,RETRACT,Returning,6,False
vid3,Take 3 (clean),clean,14.9,2.7849539096618305,1.3794591175219295,RETRACT,Returning,6,False
vid3,Take 3 (clean),clean,14.933333333333334,3.221587480437098,1.3916962417050391,RETRACT,Returning,6,False
vid3,Take 3 (clean),clean,14.966666666666669,3.5690788934185114,1.3934150920447077,RETRACT,Returning,6,False
vid3,Take 3 (clean),clean,15.0,3.920213783811483,1.3629167083848448,RETRACT,Returning,6,False
vid3,Take 3 (clean),clean,15.033333333333331,4.159896681716216,1.3340987614998558,RETRACT,Returning,6,False
vid3,Take 3 (clean),clean,15.066666666666666,4.2202128695020535,1.3282623357363768,RETRACT,Returning,6,False
vid3,Take 3 (clean),clean,15.1,4.36939430698221,1.3145432551616285,RETRACT,Returning,6,False
vid3,Take 3 (clean),clean,15.133333333333333,4.4751673417593585,1.2827018525357974,RETRACT,Returning,6,False
vid3,Take 3 (clean),clean,15.166666666666666,4.581431492419749,1.26334345883757,RETRACT,Returning,6,False
vid3,Take 3 (clean),clean,15.2,4.693528008465696,1.2457660468387064,RETRACT,Returning,6,False
vid3,Take 3 (clean),clean,15.233333333333333,4.731952107151145,1.2334162472224854,RETRACT,Returning,6,False
vid3,Take 3 (clean),clean,15.266666666666666,4.662860342468644,1.221128695814068,RETRACT,Returning,6,False
vid3,Take 3 (clean),clean,15.3,4.5803194750810965,1.216914269390184,RETRACT,Returning,6,False
vid3,Take 3 (clean),clean,15.333333333333334,4.513443592707011,1.1981015051739323,RETRACT,Returning,6,False
vid3,Take 3 (clean),clean,15.366666666666667,4.101627791404062,1.1415264085275068,RETRACT,Returning,6,False
vid3,Take 3 (clean),clean,15.4,3.625294886005303,1.0941302660368983,RETRACT,Returning,6,False
vid3,Take 3 (clean),clean,15.433333333333334,2.987113283017183,1.0868140589131472,RETRACT,Returning,6,False
vid3,Take 3 (clean),clean,15.466666666666669,2.503880431427153,1.096858449091305,RETRACT,Returning,6,False
vid3,Take 3 (clean),clean,15.5,2.3580325617568914,1.0866316596246712,RETRACT,Returning,6,False
vid3,Take 3 (clean),clean,15.533333333333331,2.2904312048274975,1.0577144104734937,RETRACT,Returning,6,False
vid3,Take 3 (clean),clean,15.566666666666666,2.2523000919299765,1.0520617486256318,RETRACT,Returning,6,False
vid3,Take 3 (clean),clean,15.6,1.7821317180632923,1.0239983121019414,RETRACT,Returning,6,False
vid3,Take 3 (clean),clean,15.633333333333333,1.2745720157883658,0.994980942476978,RETRACT,Returning,6,False
vid3,Take 3 (clean),clean,15.666666666666666,0.7681550006672306,0.9688555142474954,RETRACT,Returning,6,False
vid3,Take 3 (clean),clean,15.7,0.766306420862787,0.9677629305052368,REST,At rest,1,False
vid3,Take 3 (clean),clean,15.733333333333333,0.9936569278256916,0.9165691595899385,REST,At rest,1,False
vid3,Take 3 (clean),clean,15.766666666666666,0.8394444899933282,0.8631017637541404,REST,At rest,1,False
vid3,Take 3 (clean),clean,15.8,0.3678715809476894,0.8434281984099522,REST,At rest,1,False
vid3,Take 3 (clean),clean,15.833333333333334,0.1470261154159177,0.8487233546928148,REST,At rest,1,False
vid3,Take 3 (clean),clean,15.866666666666667,0.1779024388092099,0.8543036964439057,REST,At rest,1,False
vid3,Take 3 (clean),clean,15.9,0.0858862335113893,0.8553393504254962,REST,At rest,1,False
vid3,Take 3 (clean),clean,15.933333333333334,0.332190093160745,0.8366160149077212,REST,At rest,1,False
vid3,Take 3 (clean),clean,15.966666666666669,0.6824281339820758,0.863016181046402,REST,At rest,1,False
vid3,Take 3 (clean),clean,16.0,0.7969558803948632,0.9381922206184428,REST,At rest,1,False
vid3,Take 3 (clean),clean,16.03333333333333,0.7536601074147733,0.9945726694544949,REST,At rest,1,False
vid3,Take 3 (clean),clean,16.066666666666666,0.2021250566858861,0.9930075605499096,REST,At rest,1,False
vid3,Take 3 (clean),clean,16.1,0.6347924055773793,0.9712322062923942,REST,At rest,1,False
vid3,Take 3 (clean),clean,16.133333333333333,1.1013270845984853,0.9394765704772008,REST,At rest,1,False
vid3,Take 3 (clean),clean,16.166666666666668,1.081382069366439,0.9040149925446582,REST,At rest,1,False
vid3,Take 3 (clean),clean,16.2,0.119136954203305,0.900543331131381,REST,At rest,1,False
vid3,Take 3 (clean),clean,16.233333333333334,0.3281871964807253,0.9173592693399214,REST,At rest,1,False
vid3,Take 3 (clean),clean,16.266666666666666,0.109613541982689,0.9158620305132346,REST,At rest,1,False
vid3,Take 3 (clean),clean,16.3,0.3871221003619384,0.8827592458779296,REST,At rest,1,False
vid3,Take 3 (clean),clean,16.333333333333332,0.6346459815461982,0.8939794143353189,REST,At rest,1,False
vid3,Take 3 (clean),clean,16.366666666666667,0.9483575138435868,0.9480643788122808,REST,At rest,1,False
vid3,Take 3 (clean),clean,16.4,1.0310652101217128,0.9834964035562512,REST,At rest,1,False
vid3,Take 3 (clean),clean,16.433333333333334,0.8498640405890839,0.9672423655146318,REST,At rest,1,False
vid3,Take 3 (clean),clean,16.466666666666665,0.6258341570067746,0.9469693866803096,REST,At rest,1,False
vid3,Take 3 (clean),clean,16.5,0.2131150349380781,0.9720177565764864,REST,At rest,1,False
vid3,Take 3 (clean),clean,16.53333333333333,0.1721358864880763,0.9632614028611434,REST,At rest,1,False
vid3,Take 3 (clean),clean,16.566666666666666,0.2240855443419663,0.9519615836286028,REST,At rest,1,False
vid3,Take 3 (clean),clean,16.6,0.1219063232239697,0.9294494771287972,REST,At rest,1,False
vid3,Take 3 (clean),clean,16.633333333333333,0.0450793372064353,0.9405537092077936,REST,At rest,1,False
vid3,Take 3 (clean),clean,16.666666666666668,0.030286988299945,0.946096628604732,REST,At rest,1,False
vid3,Take 3 (clean),clean,16.7,0.1075470873719025,0.9624786263243832,REST,At rest,1,False
vid3,Take 3 (clean),clean,16.733333333333334,0.3553533962511326,0.9636259982268504,REST,At rest,1,False
vid3,Take 3 (clean),clean,16.766666666666666,0.3564189724664964,0.9653105409542098,REST,At rest,1,False
vid3,Take 3 (clean),clean,16.8,0.2828255299709231,0.9431899966807348,REST,At rest,1,False
vid3,Take 3 (clean),clean,16.833333333333332,0.1623236481254521,0.9470639400426758,REST,At rest,1,False
vid3,Take 3 (clean),clean,16.866666666666667,0.1426519593106556,0.928557814372697,REST,At rest,1,False
vid3,Take 3 (clean),clean,16.9,0.1334781213480686,0.9117099099804103,REST,At rest,1,False
vid3,Take 3 (clean),clean,16.933333333333334,0.0759625738184196,0.8825297094145419,REST,At rest,1,False
vid3,Take 3 (clean),clean,16.966666666666665,0.304670151079374,0.9008594742458532,REST,At rest,1,False
vid3,Take 3 (clean),clean,17.0,0.4164058680157269,0.9097434212156676,REST,At rest,1,False
vid3,Take 3 (clean),clean,17.03333333333333,0.3734151622684682,0.9106012087050738,REST,At rest,1,False
vid3,Take 3 (clean),clean,17.066666666666666,0.2812947601501538,0.9199034668609454,REST,At rest,1,False
vid3,Take 3 (clean),clean,17.1,0.0595189167976518,0.9369786230672652,REST,At rest,1,False
vid3,Take 3 (clean),clean,17.133333333333333,0.0915471853323269,0.9303765455615,REST,At rest,1,False
vid3,Take 3 (clean),clean,17.166666666666668,0.2955046880853723,0.9122347109609829,REST,At rest,1,False
vid3,Take 3 (clean),clean,17.2,0.2241255991249834,0.9137043708935496,REST,At rest,1,False
vid3,Take 3 (clean),clean,17.233333333333334,0.0171783212990683,0.9218826508079428,REST,At rest,1,False
vid3,Take 3 (clean),clean,17.266666666666666,0.107738212695137,0.9242015320584044,REST,At rest,1,False
vid3,Take 3 (clean),clean,17.3,0.16426724648742,0.903836853857948,REST,At rest,1,False
vid3,Take 3 (clean),clean,17.333333333333332,0.0784352469935044,0.9069757198828976,REST,At rest,1,False
vid3,Take 3 (clean),clean,17.366666666666667,0.2228235958659385,0.9140597157244112,REST,At rest,1,False
vid3,Take 3 (clean),clean,17.4,0.0452038645406286,0.9250457774311056,REST,At rest,1,False
vid3,Take 3 (clean),clean,17.433333333333334,0.1259405006949046,0.9001137436145107,REST,At rest,1,False
vid3,Take 3 (clean),clean,17.466666666666665,0.2891347901311063,0.8869838011444053,REST,At rest,1,False
vid3,Take 3 (clean),clean,17.5,0.2973972778996069,0.8943974835508609,REST,At rest,1,False
vid3,Take 3 (clean),clean,17.53333333333333,0.2992719711790345,0.9151889486511132,REST,At rest,1,False
vid3,Take 3 (clean),clean,17.566666666666666,0.2909320604748824,0.9105400906679464,REST,At rest,1,False
vid3,Take 3 (clean),clean,17.6,0.0717085415827774,0.9246629275638992,REST,At rest,1,False
vid3,Take 3 (clean),clean,17.633333333333333,0.0281288448106115,0.9448314754098948,REST,At rest,1,False
vid3,Take 3 (clean),clean,17.666666666666668,0.2361111792381091,0.9649452015847674,REST,At rest,1,False
vid3,Take 3 (clean),clean,17.7,0.4236775287094126,0.9426732804175882,REST,At rest,1,False
vid3,Take 3 (clean),clean,17.733333333333334,0.1649864369198495,0.9146786416605284,REST,At rest,1,False
vid3,Take 3 (clean),clean,17.766666666666666,0.0483435248909404,0.9016236736634602,REST,At rest,1,False
vid3,Take 3 (clean),clean,17.8,0.0379719943983354,0.9228920004473712,REST,At rest,1,False
vid3,Take 3 (clean),clean,17.833333333333332,0.062213151184854,0.904502993016833,REST,At rest,1,False
vid3,Take 3 (clean),clean,17.866666666666667,0.292721027106591,0.8893385457463031,REST,At rest,1,False
vid3,Take 3 (clean),clean,17.9,0.1644746338246017,0.9062693497848568,REST,At rest,1,False
vid3,Take 3 (clean),clean,17.933333333333334,0.7519979466733079,0.9630876019169806,REST,At rest,1,False
vid3,Take 3 (clean),clean,17.966666666666665,1.2274533633438116,1.0281230173231208,REST,At rest,1,False
vid3,Take 3 (clean),clean,18.0,2.0478502562298546,1.072933333006812,REACH,Reaching,2,False
vid3,Take 3 (clean),clean,18.03333333333333,3.3974962272883986,1.0514743859328244,REACH,Reaching,2,False
vid3,Take 3 (clean),clean,18.066666666666663,4.627388801204463,0.9883850297417616,REACH,Reaching,2,False
vid3,Take 3 (clean),clean,18.1,5.660874636596049,0.9347440031049398,REACH,Reaching,2,False
vid3,Take 3 (clean),clean,18.133333333333333,6.033277048998157,0.9434821361731552,REACH,Reaching,2,False
vid3,Take 3 (clean),clean,18.166666666666668,6.260497587704445,0.9618186928655956,REACH,Reaching,2,False
vid3,Take 3 (clean),clean,18.2,6.564905514284284,0.9877558046754004,REACH,Reaching,2,False
vid3,Take 3 (clean),clean,18.233333333333334,6.700771099379758,1.038926961530474,REACH,Reaching,2,False
vid3,Take 3 (clean),clean,18.266666666666666,6.435536978723879,1.109582258419292,REACH,Reaching,2,False
vid3,Take 3 (clean),clean,18.3,5.938774963547991,1.1468705610096877,REACH,Reaching,2,False
vid3,Take 3 (clean),clean,18.333333333333332,5.4679190671260605,1.1487291613682529,REACH,Reaching,2,False
vid3,Take 3 (clean),clean,18.366666666666667,4.996880573987744,1.1544964261930533,REACH,Reaching,2,False
vid3,Take 3 (clean),clean,18.4,4.34691906745383,1.108263252977372,REACH,Reaching,2,False
vid3,Take 3 (clean),clean,18.433333333333337,3.688329972278635,1.050484009433787,REACH,Reaching,2,False
vid3,Take 3 (clean),clean,18.466666666666665,3.2074958226757095,1.0166761324472249,REACH,Reaching,2,False
vid3,Take 3 (clean),clean,18.5,2.9563074317053344,1.007209008332998,REACH,Reaching,2,False
vid3,Take 3 (clean),clean,18.53333333333333,2.8334039108464752,1.0048440655529682,REACH,Reaching,2,False
vid3,Take 3 (clean),clean,18.566666666666663,2.669641953851473,1.0126751385919224,REACH,Reaching,2,False
vid3,Take 3 (clean),clean,18.6,2.5431861310028285,1.0311981144390183,REACH,Reaching,2,False
vid3,Take 3 (clean),clean,18.633333333333333,2.3309619160032233,1.0591797410438322,REACH,Reaching,2,False
vid3,Take 3 (clean),clean,18.666666666666668,2.02273790604445,1.0981283476555648,REACH,Reaching,2,False
vid3,Take 3 (clean),clean,18.7,1.6267186993510814,1.1254010886675347,REACH,Reaching,2,False
vid3,Take 3 (clean),clean,18.733333333333334,1.3301327093316675,1.1190592251915998,REACH,Reaching,2,False
vid3,Take 3 (clean),clean,18.766666666666666,1.0629075671927373,1.0945441862762906,REACH,Reaching,2,False
vid3,Take 3 (clean),clean,18.8,0.8185062294834274,1.0802144041222097,REACH,Reaching,2,False
vid3,Take 3 (clean),clean,18.833333333333332,0.5751595886725661,1.0901922036255804,REACH,Reaching,2,False
vid3,Take 3 (clean),clean,18.866666666666667,0.3232039347453406,1.1132517421483394,REACH,Reaching,2,False
vid3,Take 3 (clean),clean,18.9,0.1834330792157557,1.124376355404056,REACH,Reaching,2,False
vid3,Take 3 (clean),clean,18.933333333333337,0.2048635276675364,1.1194666324769953,REACH,Reaching,2,False
vid3,Take 3 (clean),clean,18.966666666666665,0.4184046741569961,1.110589982306304,REACH,Reaching,2,False
vid3,Take 3 (clean),clean,19.0,0.7621981472482842,1.112477811857137,REACH,Reaching,2,False
vid3,Take 3 (clean),clean,19.03333333333333,1.2297524417541827,1.0939787177043363,REACH,Reaching,2,False
vid3,Take 3 (clean),clean,19.066666666666663,1.732078884216402,1.1055743820930806,REACH,Reaching,2,False
vid3,Take 3 (clean),clean,19.1,2.188547119870189,1.0643064413405428,REACH,Reaching,2,False
vid3,Take 3 (clean),clean,19.133333333333333,2.450385545973145,1.0197906325723174,REACH,Reaching,2,False
vid3,Take 3 (clean),clean,19.166666666666668,2.744618379769544,0.9648198932861274,REACH,Reaching,2,False
vid3,Take 3 (clean),clean,19.2,2.8577032578913344,0.9408681348603856,REACH,Reaching,2,False
vid3,Take 3 (clean),clean,19.233333333333334,2.7064616800386765,0.8347592358560211,GRASP,Grasping,3,False
vid3,Take 3 (clean),clean,19.266666666666666,2.205941582367412,0.8121522268891973,GRASP,Grasping,3,False
vid3,Take 3 (clean),clean,19.3,1.4529157176216394,0.9087841005301124,GRASP,Grasping,3,False
vid3,Take 3 (clean),clean,19.333333333333332,0.8095408613918017,0.9720097676200102,GRASP,Grasping,3,False
vid3,Take 3 (clean),clean,19.366666666666667,0.5355645727708663,0.9647866707340388,GRASP,Grasping,3,False
vid3,Take 3 (clean),clean,19.4,0.6882051225167082,0.9225497299015027,GRASP,Grasping,3,False
vid3,Take 3 (clean),clean,19.433333333333337,0.949572426651852,0.9155003841517262,GRASP,Grasping,3,False
vid3,Take 3 (clean),clean,19.466666666666665,1.0912283897777266,0.8339257525674258,GRASP,Grasping,3,False
vid3,Take 3 (clean),clean,19.5,1.2494672972919112,0.7486119613904253,GRASP,Grasping,3,False
vid3,Take 3 (clean),clean,19.53333333333333,1.3065886123293475,0.682174083033163,GRASP,Grasping,3,False
vid3,Take 3 (clean),clean,19.566666666666663,1.2103959958012471,0.669553591991936,GRASP,Grasping,3,False
vid3,Take 3 (clean),clean,19.6,1.0078255163979948,0.6608426724312625,GRASP,Grasping,3,False
vid3,Take 3 (clean),clean,19.633333333333333,0.7034598025615827,0.6141079701298647,GRASP,Grasping,3,False
vid3,Take 3 (clean),clean,19.666666666666668,0.4905240041847871,0.6202002015320202,GRASP,Grasping,3,False
vid3,Take 3 (clean),clean,19.7,0.37975520715377,0.6568002262001917,GRASP,Grasping,3,False
vid3,Take 3 (clean),clean,19.733333333333334,0.3572558797891502,0.6930494933670535,GRASP,Grasping,3,False
vid3,Take 3 (clean),clean,19.766666666666666,0.3309761014172457,0.6830950310412505,GRASP,Grasping,3,False
vid3,Take 3 (clean),clean,19.8,0.3094765284060992,0.6783356079017169,GRASP,Grasping,3,False
vid3,Take 3 (clean),clean,19.833333333333332,0.2867748394153427,0.6668327107555558,GRASP,Grasping,3,False
vid3,Take 3 (clean),clean,19.866666666666667,0.2567558576046415,0.6418277273457627,GRASP,Grasping,3,False
vid3,Take 3 (clean),clean,19.9,0.2841521791928131,0.6212804954450676,GRASP,Grasping,3,False
vid3,Take 3 (clean),clean,19.933333333333337,0.3521636455841931,0.6202244555327273,GRASP,Grasping,3,False
vid3,Take 3 (clean),clean,19.966666666666665,0.3779163611729933,0.6379845978490541,GRASP,Grasping,3,False
vid3,Take 3 (clean),clean,20.0,0.3497729163401251,0.6531548729508891,GRASP,Grasping,3,False
vid3,Take 3 (clean),clean,20.03333333333333,0.2721153160814589,0.6683083538502388,GRASP,Grasping,3,False
vid3,Take 3 (clean),clean,20.066666666666663,0.2334325864951646,0.6648449138929079,GRASP,Grasping,3,False
vid3,Take 3 (clean),clean,20.1,0.1703503036825543,0.6582720242577472,GRASP,Grasping,3,False
vid3,Take 3 (clean),clean,20.133333333333333,0.2023550659504641,0.6469611787035041,GRASP,Grasping,3,False
vid3,Take 3 (clean),clean,20.166666666666668,0.2889533917367238,0.6852046924183636,GRASP,Grasping,3,False
vid3,Take 3 (clean),clean,20.2,0.5314351409414935,0.7083413223802588,GRASP,Grasping,3,False
vid3,Take 3 (clean),clean,20.233333333333334,0.8928207082400543,0.6939184175589435,GRASP,Grasping,3,False
vid3,Take 3 (clean),clean,20.266666666666666,1.2863065119075927,0.6331068536757599,GRASP,Grasping,3,False
vid3,Take 3 (clean),clean,20.3,1.8679641840133727,0.5685865753501577,GRASP,Grasping,3,False
vid3,Take 3 (clean),clean,20.333333333333332,2.682971891024096,0.523401412191527,GRASP,Grasping,3,False
vid3,Take 3 (clean),clean,20.366666666666667,3.5754047804041615,0.526186099081283,GRASP,Grasping,3,False
vid3,Take 3 (clean),clean,20.4,4.286149301895932,0.5507113189033193,GRASP,Grasping,3,False
vid3,Take 3 (clean),clean,20.433333333333337,4.627977422069421,0.5769419836940809,GRASP,Grasping,3,False
vid3,Take 3 (clean),clean,20.466666666666665,4.601360936200867,0.6131466757110277,GRASP,Grasping,3,False
vid3,Take 3 (clean),clean,20.5,4.414833123579964,0.6680610642688699,GRASP,Grasping,3,False
vid3,Take 3 (clean),clean,20.53333333333333,4.016791303179296,0.7116062610515028,GRASP,Grasping,3,False
vid3,Take 3 (clean),clean,20.566666666666663,3.4270120715919017,0.7522110943162738,GRASP,Grasping,3,False
vid3,Take 3 (clean),clean,20.6,2.8548291973376276,0.7670600353632441,GRASP,Grasping,3,False
vid3,Take 3 (clean),clean,20.633333333333333,2.315262927306331,0.7731657986060039,GRASP,Grasping,3,False
vid3,Take 3 (clean),clean,20.666666666666668,1.840340928341559,0.7989020475824384,GRASP,Grasping,3,False
vid3,Take 3 (clean),clean,20.7,1.37513796070719,0.8070236619944361,GRASP,Grasping,3,False
vid3,Take 3 (clean),clean,20.733333333333334,0.9630657658195804,0.7721119850423906,GRASP,Grasping,3,False
vid3,Take 3 (clean),clean,20.766666666666666,0.6979658027665668,0.739410086729242,GRASP,Grasping,3,False
vid3,Take 3 (clean),clean,20.8,0.5609880051202172,0.6922113350762236,GRASP,Grasping,3,False
vid3,Take 3 (clean),clean,20.833333333333332,0.4528145932341797,0.6952002900869039,GRASP,Grasping,3,False
vid3,Take 3 (clean),clean,20.866666666666667,0.3856747758188611,0.6753183745703306,HOLD,Holding,4,False
vid3,Take 3 (clean),clean,20.9,0.2784744665143763,0.7160446777734845,HOLD,Holding,4,False
vid3,Take 3 (clean),clean,20.933333333333337,0.2770178371844207,0.6788368121119835,HOLD,Holding,4,False
vid3,Take 3 (clean),clean,20.966666666666665,0.3463526369882452,0.7386021306595952,HOLD,Holding,4,False
vid3,Take 3 (clean),clean,21.0,0.4151435947325592,0.7509475751435695,HOLD,Holding,4,False
vid3,Take 3 (clean),clean,21.03333333333333,0.4401220920034541,0.7747641476578876,HOLD,Holding,4,False
vid3,Take 3 (clean),clean,21.066666666666663,0.3283121353813978,0.7184644649867543,HOLD,Holding,4,False
vid3,Take 3 (clean),clean,21.1,0.3184665564556792,0.7220910034250859,HOLD,Holding,4,False
vid3,Take 3 (clean),clean,21.133333333333333,0.2792697863541492,0.7268803462851491,HOLD,Holding,4,False
vid3,Take 3 (clean),clean,21.166666666666668,0.2928457762197604,0.7233370689218278,HOLD,Holding,4,False
vid3,Take 3 (clean),clean,21.2,0.1585907028460197,0.7392941642823783,HOLD,Holding,4,False
vid3,Take 3 (clean),clean,21.233333333333334,0.0302706855931603,0.755483245421973,HOLD,Holding,4,False
vid3,Take 3 (clean),clean,21.266666666666666,0.0896581192499175,0.7526017426749353,HOLD,Holding,4,False
vid3,Take 3 (clean),clean,21.3,0.1808854482467517,0.7322881377592176,HOLD,Holding,4,False
vid3,Take 3 (clean),clean,21.333333333333332,0.1904322945271423,0.7436219132400894,HOLD,Holding,4,False
vid3,Take 3 (clean),clean,21.366666666666667,0.2042652263738686,0.7511188000481972,HOLD,Holding,4,False
vid3,Take 3 (clean),clean,21.4,0.1876255393048506,0.7414102276414001,HOLD,Holding,4,False
vid3,Take 3 (clean),clean,21.433333333333337,0.1822658227511677,0.7375714021266401,HOLD,Holding,4,False
vid3,Take 3 (clean),clean,21.466666666666665,0.2219281694273397,0.7477363973554964,HOLD,Holding,4,False
vid3,Take 3 (clean),clean,21.5,0.241830697482997,0.7396895142360893,HOLD,Holding,4,False
vid3,Take 3 (clean),clean,21.53333333333333,0.1978729809918108,0.7350507202112055,HOLD,Holding,4,False
vid3,Take 3 (clean),clean,21.566666666666663,0.1753277045882605,0.734793798638477,HOLD,Holding,4,False
vid3,Take 3 (clean),clean,21.6,0.103907216098225,0.7432134671880364,HOLD,Holding,4,False
vid3,Take 3 (clean),clean,21.633333333333333,0.1269325126289895,0.7292473405816734,HOLD,Holding,4,False
vid3,Take 3 (clean),clean,21.666666666666668,0.1992316479394133,0.7187407155902048,HOLD,Holding,4,False
vid3,Take 3 (clean),clean,21.7,0.2626141124900684,0.7132000012613436,HOLD,Holding,4,False
vid3,Take 3 (clean),clean,21.733333333333334,0.3570313074225517,0.7284809149997333,HOLD,Holding,4,False
vid3,Take 3 (clean),clean,21.766666666666666,0.3776989316174425,0.7292464474085196,HOLD,Holding,4,False
vid3,Take 3 (clean),clean,21.8,0.3871948136321388,0.7169775435747692,HOLD,Holding,4,False
vid3,Take 3 (clean),clean,21.833333333333332,0.504203890653059,0.7098705002030617,HOLD,Holding,4,False
vid3,Take 3 (clean),clean,21.866666666666667,0.6141797883710582,0.7246516794044795,HOLD,Holding,4,False
vid3,Take 3 (clean),clean,21.9,0.8042471798731834,0.7315564565661673,HOLD,Holding,4,False
vid3,Take 3 (clean),clean,21.933333333333337,1.0419089832546011,0.7050230740142284,HOLD,Holding,4,False
vid3,Take 3 (clean),clean,21.966666666666665,1.2016284718132737,0.6800567038750894,HOLD,Holding,4,False
vid3,Take 3 (clean),clean,22.0,1.4453558643012974,0.6766747046903465,HOLD,Holding,4,False
vid3,Take 3 (clean),clean,22.03333333333333,1.6808875377641077,0.7120397465514899,HOLD,Holding,4,False
vid3,Take 3 (clean),clean,22.066666666666663,1.957291571386928,0.7174685421674751,HOLD,Holding,4,False
vid3,Take 3 (clean),clean,22.1,2.309830975848998,0.6963569943664762,HOLD,Holding,4,False
vid3,Take 3 (clean),clean,22.133333333333333,2.628744000740834,0.669503412810194,HOLD,Holding,4,False
vid3,Take 3 (clean),clean,22.166666666666668,2.9474747387422013,0.6578907369026098,HOLD,Holding,4,False
vid3,Take 3 (clean),clean,22.2,3.144518468884402,0.6207790052166214,HOLD,Holding,4,False
vid3,Take 3 (clean),clean,22.233333333333334,3.344706722528376,0.6008469967177704,HOLD,Holding,4,False
vid3,Take 3 (clean),clean,22.266666666666666,3.4488426861387844,0.6024088813366993,HOLD,Holding,4,False
vid3,Take 3 (clean),clean,22.3,3.460257581018744,0.5953424138247135,HOLD,Holding,4,False
vid3,Take 3 (clean),clean,22.333333333333332,3.3877587932947097,0.5730759690784429,HOLD,Holding,4,False
vid3,Take 3 (clean),clean,22.366666666666667,3.186638604546447,0.5594736394545883,HOLD,Holding,4,False
vid3,Take 3 (clean),clean,22.4,2.9093430099677295,0.5818472315106843,HOLD,Holding,4,False
vid3,Take 3 (clean),clean,22.433333333333337,2.5612276203602047,0.6266628453349558,HOLD,Holding,4,False
vid3,Take 3 (clean),clean,22.466666666666665,2.1232844679082357,0.7160469303103129,HOLD,Holding,4,False
vid3,Take 3 (clean),clean,22.5,1.7438111541495618,0.8145852404000496,HOLD,Holding,4,False
vid3,Take 3 (clean),clean,22.53333333333333,1.4881046925734671,0.9121688188994024,HOLD,Holding,4,False
vid3,Take 3 (clean),clean,22.566666666666663,1.3319022243428689,0.9892805571332108,HOLD,Holding,4,False
vid3,Take 3 (clean),clean,22.6,1.3595299892712671,1.0307060386470344,HOLD,Holding,4,False
vid3,Take 3 (clean),clean,22.633333333333333,1.4542941486932297,0.9931320428335928,HOLD,Holding,4,False
vid3,Take 3 (clean),clean,22.666666666666668,1.5367556883526652,0.9117093505984356,HOLD,Holding,4,False
vid3,Take 3 (clean),clean,22.7,1.2902292677618816,0.8995885042839977,HOLD,Holding,4,False
vid3,Take 3 (clean),clean,22.733333333333334,0.8727832490713773,0.9562053242224132,HOLD,Holding,4,False
vid3,Take 3 (clean),clean,22.766666666666666,0.3892168309269241,1.0182154036016058,HOLD,Holding,4,False
vid3,Take 3 (clean),clean,22.8,0.0850465572055077,1.0189443975996395,HOLD,Holding,4,False
vid3,Take 3 (clean),clean,22.833333333333332,0.1268679476318915,1.043212559136207,HOLD,Holding,4,False
vid3,Take 3 (clean),clean,22.866666666666667,0.1854831960745232,1.0530111868793242,HOLD,Holding,4,False
vid3,Take 3 (clean),clean,22.9,0.2952170457928376,1.0657522397774253,HOLD,Holding,4,False
vid3,Take 3 (clean),clean,22.933333333333337,0.2266416302426838,1.0373050427142891,HOLD,Holding,4,False
vid3,Take 3 (clean),clean,22.966666666666665,0.0875828984172754,1.0336708241075063,HOLD,Holding,4,False
vid3,Take 3 (clean),clean,23.0,0.1356435374674568,1.043179411738348,HOLD,Holding,4,False
vid3,Take 3 (clean),clean,23.03333333333333,0.2085690262921774,1.0518767222922216,HOLD,Holding,4,False
vid3,Take 3 (clean),clean,23.066666666666663,0.2573879312641927,1.025726603817241,HOLD,Holding,4,False
vid3,Take 3 (clean),clean,23.1,0.1636089827421435,1.0282246183130543,HOLD,Holding,4,False
vid3,Take 3 (clean),clean,23.133333333333333,0.1013348429940866,1.0392689888643536,HOLD,Holding,4,False
vid3,Take 3 (clean),clean,23.166666666666668,0.0196792200241554,1.0078651920260802,HOLD,Holding,4,False
vid3,Take 3 (clean),clean,23.2,0.0119019737203763,0.9611746185105176,HOLD,Holding,4,False
vid3,Take 3 (clean),clean,23.233333333333334,0.0526719300316031,0.9737970701994636,HOLD,Holding,4,False
vid3,Take 3 (clean),clean,23.266666666666666,0.0465707115275789,1.0001958057314233,HOLD,Holding,4,False
vid3,Take 3 (clean),clean,23.3,0.0558155160951666,0.9450418549712396,HOLD,Holding,4,False
vid3,Take 3 (clean),clean,23.333333333333332,0.1038232713516131,0.9135692482862904,HOLD,Holding,4,False
vid3,Take 3 (clean),clean,23.366666666666667,0.1060238683058911,0.9002398547412118,HOLD,Holding,4,False
vid3,Take 3 (clean),clean,23.4,0.0266486407639508,0.8938571477953565,HOLD,Holding,4,False
vid3,Take 3 (clean),clean,23.433333333333337,0.107983794689846,0.848449291342309,HOLD,Holding,4,False
vid3,Take 3 (clean),clean,23.466666666666665,0.0757925566545414,0.8418681257362743,HOLD,Holding,4,False
vid3,Take 3 (clean),clean,23.5,0.0875345116953623,0.8517300335929611,HOLD,Holding,4,False
vid3,Take 3 (clean),clean,23.53333333333333,0.1788380144446362,0.8420881876033683,HOLD,Holding,4,False
vid3,Take 3 (clean),clean,23.566666666666663,0.23785618012731,0.8540164959722152,HOLD,Holding,4,False
vid3,Take 3 (clean),clean,23.6,0.3346352915072199,0.8707415229932608,HOLD,Holding,4,False
vid3,Take 3 (clean),clean,23.633333333333333,0.4112901609858411,0.8944812570763112,HOLD,Holding,4,False
vid3,Take 3 (clean),clean,23.666666666666668,0.4726826027969795,0.8668439175917796,HOLD,Holding,4,False
vid3,Take 3 (clean),clean,23.7,0.6096134374859532,0.8717389441052804,RELEASE,Releasing,5,False
vid3,Take 3 (clean),clean,23.733333333333334,0.5809149173639104,0.9266095840195896,RELEASE,Releasing,5,False
vid3,Take 3 (clean),clean,23.766666666666666,0.7695870044698615,0.9875413121866338,RELEASE,Releasing,5,False
vid3,Take 3 (clean),clean,23.8,0.9296501587735228,1.0534776518908524,RELEASE,Releasing,5,False
vid3,Take 3 (clean),clean,23.833333333333332,1.2278919459379134,1.096995306667922,RELEASE,Releasing,5,False
vid3,Take 3 (clean),clean,23.866666666666667,1.650306568880788,1.1615623157788575,RELEASE,Releasing,5,False
vid3,Take 3 (clean),clean,23.9,2.017037031785494,1.23147493974737,RELEASE,Releasing,5,False
vid3,Take 3 (clean),clean,23.933333333333337,2.508480987557945,1.306846162673554,RELEASE,Releasing,5,False
vid3,Take 3 (clean),clean,23.966666666666665,2.9969169312452575,1.30692996004219,RELEASE,Releasing,5,False
vid3,Take 3 (clean),clean,24.0,3.3643172706056244,1.278160148588839,RELEASE,Releasing,5,False
vid3,Take 3 (clean),clean,24.03333333333333,3.8662604146880297,1.2616374151468583,RELEASE,Releasing,5,False
vid3,Take 3 (clean),clean,24.066666666666663,4.3380578889519485,1.2685353103792385,RELEASE,Releasing,5,False
vid3,Take 3 (clean),clean,24.1,4.73706676996604,1.2821361559720303,RETRACT,Returning,6,False
vid3,Take 3 (clean),clean,24.133333333333333,4.925336802476197,1.2701144663573385,RETRACT,Returning,6,False
vid3,Take 3 (clean),clean,24.166666666666668,4.846763404350902,1.2244000631326477,RETRACT,Returning,6,False
vid3,Take 3 (clean),clean,24.2,4.650591175739151,1.1966294619350075,RETRACT,Returning,6,False
vid3,Take 3 (clean),clean,24.233333333333334,4.458705975218273,1.2052855918917065,RETRACT,Returning,6,False
vid3,Take 3 (clean),clean,24.266666666666666,4.340609315430947,1.209607787809624,RETRACT,Returning,6,False
vid3,Take 3 (clean),clean,24.3,4.142000755722541,1.2071843392345636,RETRACT,Returning,6,False
vid3,Take 3 (clean),clean,24.333333333333332,3.9043766814100618,1.2157914292199818,RETRACT,Returning,6,False
vid3,Take 3 (clean),clean,24.366666666666667,3.5249300111873727,1.2425311334352525,RETRACT,Returning,6,False
vid3,Take 3 (clean),clean,24.4,3.1103899598754357,1.2593987288776158,RETRACT,Returning,6,False
vid3,Take 3 (clean),clean,24.433333333333337,2.813187959795745,1.2582173487041255,RETRACT,Returning,6,False
vid3,Take 3 (clean),clean,24.466666666666665,2.5296326555833364,1.2523893816703942,RETRACT,Returning,6,False
vid3,Take 3 (clean),clean,24.5,2.2964147524392664,1.2475296366800397,RETRACT,Returning,6,False
vid3,Take 3 (clean),clean,24.53333333333333,2.184403374614779,1.229595519209108,RETRACT,Returning,6,False
vid3,Take 3 (clean),clean,24.566666666666663,2.044840756546385,1.2158830996727714,RETRACT,Returning,6,False
vid3,Take 3 (clean),clean,24.6,2.2672948021235975,1.1687247607426734,RETRACT,Returning,6,False
vid3,Take 3 (clean),clean,24.633333333333333,2.58157383604554,1.1584733586152345,RETRACT,Returning,6,False
vid3,Take 3 (clean),clean,24.666666666666668,2.987831075423818,1.1044231836838423,RETRACT,Returning,6,False
vid3,Take 3 (clean),clean,24.7,2.6290846855613226,1.0706688109533469,RETRACT,Returning,6,False
vid3,Take 3 (clean),clean,24.733333333333334,1.760962650742809,1.0345159236423034,RETRACT,Returning,6,False
vid3,Take 3 (clean),clean,24.766666666666666,0.7018921630982473,1.0426972265193062,RETRACT,Returning,6,False
vid3,Take 3 (clean),clean,24.8,0.1315881054542738,0.9883045533174378,RETRACT,Returning,6,False
vid3,Take 3 (clean),clean,24.833333333333332,0.5104630583996108,0.9311927367769606,REST,At rest,1,False
vid3,Take 3 (clean),clean,24.866666666666667,0.4182772255127219,0.895965882032271,REST,At rest,1,False
vid3,Take 3 (clean),clean,24.9,0.2846472444904608,0.8936908623998089,REST,At rest,1,False
vid3,Take 3 (clean),clean,24.933333333333337,0.1222148333893337,0.8710151256039093,REST,At rest,1,False
vid3,Take 3 (clean),clean,24.966666666666665,0.2578698726172833,0.8583248735218075,REST,At rest,1,False
vid3,Take 3 (clean),clean,25.0,0.1791460276463926,0.8508905324275892,REST,At rest,1,False
vid3,Take 3 (clean),clean,25.03333333333333,0.3161840010040274,0.9059714855743864,REST,At rest,1,False
vid3,Take 3 (clean),clean,25.066666666666663,0.1132805475809651,0.9504073337244412,REST,At rest,1,False
vid3,Take 3 (clean),clean,25.1,0.1264706460630132,0.9874230767214002,REST,At rest,1,False
vid3,Take 3 (clean),clean,25.133333333333333,0.0993975399406032,0.953069246227982,REST,At rest,1,False
vid3,Take 3 (clean),clean,25.166666666666668,0.1693429947990589,0.9101294228450864,REST,At rest,1,False
vid3,Take 3 (clean),clean,25.2,0.1373107019182547,0.8771431003823622,REST,At rest,1,False
vid3,Take 3 (clean),clean,25.233333333333334,0.4796832988147912,0.90343174098795,REST,At rest,1,False
vid3,Take 3 (clean),clean,25.266666666666666,0.4827276438790765,0.9080676456198196,REST,At rest,1,False
vid3,Take 3 (clean),clean,25.3,0.2043344892001841,0.9260383122342214,REST,At rest,1,False
vid3,Take 3 (clean),clean,25.333333333333332,0.0363628067435237,0.9213892661448784,REST,At rest,1,False
vid3,Take 3 (clean),clean,25.366666666666667,0.2403368047043729,0.9123097787492932,REST,At rest,1,False
vid3,Take 3 (clean),clean,25.4,0.3291532160029123,0.8947385015003416,REST,At rest,1,False
vid3,Take 3 (clean),clean,25.433333333333337,0.3141490534920539,0.9087715760444598,REST,At rest,1,False
vid3,Take 3 (clean),clean,25.466666666666665,0.1826761193441007,0.9007468619566134,REST,At rest,1,False
vid3,Take 3 (clean),clean,25.5,0.171560998932567,0.9053662500905324,REST,At rest,1,False
vid3,Take 3 (clean),clean,25.53333333333333,0.1893410693507497,0.9246474412643656,REST,At rest,1,False
vid3,Take 3 (clean),clean,25.566666666666663,0.1119040092393336,0.9645245599626584,REST,At rest,1,False
vid3,Take 3 (clean),clean,25.6,0.1306256160767571,0.9512872956462392,REST,At rest,1,False
vid3,Take 3 (clean),clean,25.633333333333333,0.0748642055973996,0.946803878539112,REST,At rest,1,False
vid3,Take 3 (clean),clean,25.666666666666668,0.1066487527997976,0.956955458256714,REST,At rest,1,False
vid3,Take 3 (clean),clean,25.7,0.1674588659430634,0.9678287502809306,REST,At rest,1,False
vid3,Take 3 (clean),clean,25.733333333333334,0.0829751647175697,0.952153394839999,REST,At rest,1,False
vid3,Take 3 (clean),clean,25.766666666666666,0.0088061399445166,0.9583219998274678,REST,At rest,1,False
vid3,Take 3 (clean),clean,25.8,0.0962392803543551,0.9761397809422676,REST,At rest,1,False
vid4,Take 4 (fast),fast,0.0,1.7747627525632053,0.8293095038496204,REST,At rest,1,False
vid4,Take 4 (fast),fast,0.0333333333333333,1.3341546170445755,0.95635268038225,REST,At rest,1,False
vid4,Take 4 (fast),fast,0.0666666666666666,0.8956811638094695,1.0130515834371676,REST,At rest,1,False
vid4,Take 4 (fast),fast,0.1,0.0610057022118943,0.9657393501373608,REST,At rest,1,False
vid4,Take 4 (fast),fast,0.1333333333333333,0.0296832915436637,0.9429632307383315,REST,At rest,1,False
vid4,Take 4 (fast),fast,0.1666666666666666,0.1730052554236782,0.9765597780798552,REST,At rest,1,False
vid4,Take 4 (fast),fast,0.2,0.098591981933614,0.9943758774904098,REST,At rest,1,False
vid4,Take 4 (fast),fast,0.2333333333333333,0.2907919910303089,0.9693328631172444,REST,At rest,1,False
vid4,Take 4 (fast),fast,0.2666666666666666,0.1432985349531715,0.9361406211019698,REST,At rest,1,False
vid4,Take 4 (fast),fast,0.3,0.0627815270165608,0.9242816492025948,REST,At rest,1,False
vid4,Take 4 (fast),fast,0.3333333333333333,0.1163310840057083,0.9597215887542668,REST,At rest,1,False
vid4,Take 4 (fast),fast,0.3666666666666666,0.4514962926521393,0.9836313515070324,REST,At rest,1,False
vid4,Take 4 (fast),fast,0.4,0.9338449514894372,0.9726539542311168,REST,At rest,1,False
vid4,Take 4 (fast),fast,0.4333333333333333,1.125826490166849,0.9186886514770408,REST,At rest,1,False
vid4,Take 4 (fast),fast,0.4666666666666667,0.7873743267691928,0.8871472342078887,REST,At rest,1,False
vid4,Take 4 (fast),fast,0.5,0.1451828776490483,0.8636926613878709,REST,At rest,1,False
vid4,Take 4 (fast),fast,0.5333333333333333,0.9636227378999171,0.8973662356979873,REST,At rest,1,False
vid4,Take 4 (fast),fast,0.5666666666666667,1.07597245405663,0.9334578287185024,REST,At rest,1,False
vid4,Take 4 (fast),fast,0.6,0.8794094273174669,0.967824943228854,REST,At rest,1,False
vid4,Take 4 (fast),fast,0.6333333333333333,0.4318251552986977,0.9615379104680608,REST,At rest,1,False
vid4,Take 4 (fast),fast,0.6666666666666666,0.1193755999583874,0.9437920641962608,REST,At rest,1,False
vid4,Take 4 (fast),fast,0.7,0.2668129425406772,0.9281253350688172,REST,At rest,1,False
vid4,Take 4 (fast),fast,0.7333333333333333,0.2226039267682774,0.9343489924752908,REST,At rest,1,False
vid4,Take 4 (fast),fast,0.7666666666666666,0.2444349671998976,0.9577690300821616,REST,At rest,1,False
vid4,Take 4 (fast),fast,0.8,0.6916169428363433,0.9845061583563254,REST,At rest,1,False
vid4,Take 4 (fast),fast,0.8333333333333334,1.4639943762257133,1.004961273017165,REST,At rest,1,False
vid4,Take 4 (fast),fast,0.8666666666666667,3.080348075917495,1.0376196342381545,REST,At rest,1,False
vid4,Take 4 (fast),fast,0.9,4.9491520883677635,1.025001674987441,REACH,Reaching,2,False
vid4,Take 4 (fast),fast,0.9333333333333332,6.670176327936753,0.941605730779295,REACH,Reaching,2,False
vid4,Take 4 (fast),fast,0.9666666666666668,7.990079593522456,0.8353731539177082,REACH,Reaching,2,False
vid4,Take 4 (fast),fast,1.0,8.787256534189215,0.7501510763344502,REACH,Reaching,2,False
vid4,Take 4 (fast),fast,1.0333333333333332,9.566597677072895,0.7606077756167144,REACH,Reaching,2,False
vid4,Take 4 (fast),fast,1.0666666666666669,10.236891740540292,0.8626278987753405,REACH,Reaching,2,False
vid4,Take 4 (fast),fast,1.1,10.695837700714009,0.9519090748766016,REACH,Reaching,2,False
vid4,Take 4 (fast),fast,1.1333333333333333,11.09261598279784,0.9579154115986036,REACH,Reaching,2,False
vid4,Take 4 (fast),fast,1.1666666666666667,10.971740291429962,1.020208841247321,REACH,Reaching,2,False
vid4,Take 4 (fast),fast,1.2,9.721267813976286,1.024120983012771,REACH,Reaching,2,False
vid4,Take 4 (fast),fast,1.2333333333333334,7.850941312849931,0.9506193081106004,REACH,Reaching,2,False
vid4,Take 4 (fast),fast,1.2666666666666666,5.613267202900018,0.8682452384314201,GRASP,Grasping,3,False
vid4,Take 4 (fast),fast,1.3,3.880819412219564,0.9393763727242932,GRASP,Grasping,3,False
vid4,Take 4 (fast),fast,1.3333333333333333,3.6215414746349497,0.913907391469462,GRASP,Grasping,3,False
vid4,Take 4 (fast),fast,1.3666666666666667,4.443837291093068,0.9297466544872176,GRASP,Grasping,3,False
vid4,Take 4 (fast),fast,1.4,5.708135075209973,0.8846193505161696,GRASP,Grasping,3,False
vid4,Take 4 (fast),fast,1.4333333333333331,6.962580820409216,0.7291484774389188,GRASP,Grasping,3,False
vid4,Take 4 (fast),fast,1.4666666666666666,7.603135583730552,0.5687966567640783,GRASP,Grasping,3,False
vid4,Take 4 (fast),fast,1.5,7.487493174983774,0.5746621725087232,GRASP,Grasping,3,False
vid4,Take 4 (fast),fast,1.5333333333333332,6.508409547821836,0.6048418020350556,GRASP,Grasping,3,False
vid4,Take 4 (fast),fast,1.5666666666666669,5.226838280777576,0.6764704439741204,GRASP,Grasping,3,False
vid4,Take 4 (fast),fast,1.6,3.991007561218716,0.7984913191171931,GRASP,Grasping,3,False
vid4,Take 4 (fast),fast,1.6333333333333333,2.2910021984611646,0.9291594221690692,HOLD,Holding,4,False
vid4,Take 4 (fast),fast,1.6666666666666667,1.490043590772603,0.935240187198675,HOLD,Holding,4,False
vid4,Take 4 (fast),fast,1.7,2.623955300485233,0.974390402662534,HOLD,Holding,4,False
vid4,Take 4 (fast),fast,1.7333333333333334,3.9635903926768874,0.9433438032920508,HOLD,Holding,4,False
vid4,Take 4 (fast),fast,1.7666666666666666,4.529316012845741,0.8705928277546242,HOLD,Holding,4,False
vid4,Take 4 (fast),fast,1.8,4.9460977483939095,0.8106092950475595,HOLD,Holding,4,False
vid4,Take 4 (fast),fast,1.8333333333333333,5.058863009207346,0.8177806507377641,HOLD,Holding,4,False
vid4,Take 4 (fast),fast,1.8666666666666667,4.979190713317131,0.8526418082899462,HOLD,Holding,4,False
vid4,Take 4 (fast),fast,1.9,4.900388818114086,0.8835060901861068,HOLD,Holding,4,False
vid4,Take 4 (fast),fast,1.9333333333333331,4.839927079974935,0.9141927769334282,HOLD,Holding,4,False
vid4,Take 4 (fast),fast,1.9666666666666663,4.775916458555623,0.9313545074117918,HOLD,Holding,4,False
vid4,Take 4 (fast),fast,2.0,4.382153116136622,0.9401903295499452,HOLD,Holding,4,False
vid4,Take 4 (fast),fast,2.033333333333333,3.788193421769479,0.9538163624618268,HOLD,Holding,4,False
vid4,Take 4 (fast),fast,2.0666666666666664,2.549834483255015,0.8650347344225807,HOLD,Holding,4,False
vid4,Take 4 (fast),fast,2.1,1.2493599330605456,0.7719714768163279,HOLD,Holding,4,False
vid4,Take 4 (fast),fast,2.1333333333333333,0.4906831179368385,0.7236208489501849,HOLD,Holding,4,False
vid4,Take 4 (fast),fast,2.1666666666666665,1.2403760081347857,0.8051697049951236,HOLD,Holding,4,False
vid4,Take 4 (fast),fast,2.2,2.22827549500262,0.824969233640357,HOLD,Holding,4,False
vid4,Take 4 (fast),fast,2.2333333333333334,3.529160036348406,0.9139470518386006,HOLD,Holding,4,False
vid4,Take 4 (fast),fast,2.2666666666666666,4.98211662377268,0.9681361927696818,HOLD,Holding,4,False
vid4,Take 4 (fast),fast,2.3,6.277968384681902,0.974811996409498,RETRACT,Returning,6,False
vid4,Take 4 (fast),fast,2.3333333333333335,7.197692736257184,0.9016616611575684,RETRACT,Returning,6,False
vid4,Take 4 (fast),fast,2.3666666666666667,8.280442663733309,0.8766465888590924,RETRACT,Returning,6,False
vid4,Take 4 (fast),fast,2.4,8.93955604601246,0.8979828594179887,RETRACT,Returning,6,False
vid4,Take 4 (fast),fast,2.433333333333333,9.344259633002768,0.7667021666692639,RETRACT,Returning,6,False
vid4,Take 4 (fast),fast,2.466666666666667,9.65044135782682,0.6685950477849972,RETRACT,Returning,6,False
vid4,Take 4 (fast),fast,2.5,9.73541804661223,0.6657956553519505,RETRACT,Returning,6,False
vid4,Take 4 (fast),fast,2.533333333333333,9.55845262041624,0.844599269591807,RETRACT,Returning,6,False
vid4,Take 4 (fast),fast,2.5666666666666664,8.650477822331213,0.9370480932063188,RETRACT,Returning,6,False
vid4,Take 4 (fast),fast,2.6,7.121898981345987,1.013349474952682,RETRACT,Returning,6,False
vid4,Take 4 (fast),fast,2.6333333333333333,4.961772042258659,1.0244148875063288,RETRACT,Returning,6,False
vid4,Take 4 (fast),fast,2.6666666666666665,2.608190697434651,1.0332315258570113,REST,At rest,1,False
vid4,Take 4 (fast),fast,2.7,1.2099904281168277,0.9709102405963844,REST,At rest,1,False
vid4,Take 4 (fast),fast,2.7333333333333334,0.7398869831103443,0.910341481400176,REST,At rest,1,False
vid4,Take 4 (fast),fast,2.7666666666666666,0.5782912932973812,0.8806758810997477,REST,At rest,1,False
vid4,Take 4 (fast),fast,2.8,0.719696537628284,0.8882677401778103,REST,At rest,1,False
vid4,Take 4 (fast),fast,2.8333333333333335,0.1351962817762623,0.8515072197935014,REST,At rest,1,False
vid4,Take 4 (fast),fast,2.8666666666666667,0.4816840571451679,0.8342028192082227,REST,At rest,1,False
vid4,Take 4 (fast),fast,2.9,0.2671987936778522,0.84689884582625,REST,At rest,1,False
vid4,Take 4 (fast),fast,2.933333333333333,0.3513813781083635,0.8798477591527266,REST,At rest,1,False
vid4,Take 4 (fast),fast,2.966666666666667,0.3060292195445746,0.908214735428013,REST,At rest,1,False
vid4,Take 4 (fast),fast,3.0,0.0428382296615213,0.9402552102112398,REST,At rest,1,False
vid4,Take 4 (fast),fast,3.033333333333333,0.5472780562930276,0.9535552515460654,REST,At rest,1,False
vid4,Take 4 (fast),fast,3.0666666666666664,0.7774219974453058,0.907485061383624,REST,At rest,1,False
vid4,Take 4 (fast),fast,3.1,0.2299891629395813,0.8691967420743285,REST,At rest,1,False
vid4,Take 4 (fast),fast,3.1333333333333333,0.3188614764465782,0.8450223953224345,REST,At rest,1,False
vid4,Take 4 (fast),fast,3.1666666666666665,0.432748968707015,0.9273806102499969,REST,At rest,1,False
vid4,Take 4 (fast),fast,3.2,0.744585397909346,0.9822216401958956,REST,At rest,1,False
vid4,Take 4 (fast),fast,3.2333333333333334,1.9171211756154072,1.0326352069060925,REST,At rest,1,False
vid4,Take 4 (fast),fast,3.2666666666666666,3.53561885806701,0.967367922374917,REST,At rest,1,False
vid4,Take 4 (fast),fast,3.3,5.22162299307988,0.9377927454964222,REACH,Reaching,2,False
vid4,Take 4 (fast),fast,3.3333333333333335,6.8632071313587515,0.8640868663395015,REACH,Reaching,2,False
vid4,Take 4 (fast),fast,3.3666666666666667,7.817408714310229,0.8542089789791523,REACH,Reaching,2,False
vid4,Take 4 (fast),fast,3.4,8.327910367930478,0.802893310063357,REACH,Reaching,2,False
vid4,Take 4 (fast),fast,3.433333333333333,8.683761062236828,0.8034028453882773,REACH,Reaching,2,False
vid4,Take 4 (fast),fast,3.466666666666667,8.974760318135102,0.8561854341567519,REACH,Reaching,2,False
vid4,Take 4 (fast),fast,3.5,9.069694092783864,0.9407733425769064,REACH,Reaching,2,False
vid4,Take 4 (fast),fast,3.533333333333333,8.64327889708944,1.066496587730435,REACH,Reaching,2,False
vid4,Take 4 (fast),fast,3.5666666666666664,7.483499725451412,1.1942750053312294,REACH,Reaching,2,False
vid4,Take 4 (fast),fast,3.6,5.980237547508518,1.2686686371880989,REACH,Reaching,2,False
vid4,Take 4 (fast),fast,3.6333333333333337,4.615796885231071,1.207930612639155,REACH,Reaching,2,False
vid4,Take 4 (fast),fast,3.6666666666666665,3.5241475015748693,1.163614337965183,REACH,Reaching,2,False
vid4,Take 4 (fast),fast,3.7,2.8104113366995733,1.095265298053856,REACH,Reaching,2,False
vid4,Take 4 (fast),fast,3.7333333333333334,2.378436159596093,0.960320230564576,GRASP,Grasping,3,False
vid4,Take 4 (fast),fast,3.7666666666666666,1.8801695492189625,0.8116136624259046,GRASP,Grasping,3,False
vid4,Take 4 (fast),fast,3.8,1.4209253167113798,0.7110598058534358,GRASP,Grasping,3,False
vid4,Take 4 (fast),fast,3.8333333333333335,1.834369326945409,0.71050369205617,GRASP,Grasping,3,False
vid4,Take 4 (fast),fast,3.8666666666666663,3.0454627839802293,0.7129784674856735,GRASP,Grasping,3,False
vid4,Take 4 (fast),fast,3.9,4.409501972168461,0.7255528699153235,GRASP,Grasping,3,False
vid4,Take 4 (fast),fast,3.933333333333333,5.8304030294898,0.6800627617824875,GRASP,Grasping,3,False
vid4,Take 4 (fast),fast,3.966666666666667,7.0741461082344,0.6969384156039463,GRASP,Grasping,3,False
vid4,Take 4 (fast),fast,4.0,7.572905074939995,0.7218187032990874,GRASP,Grasping,3,False
vid4,Take 4 (fast),fast,4.033333333333333,7.717607787544589,0.718367649237634,GRASP,Grasping,3,False
vid4,Take 4 (fast),fast,4.066666666666666,7.145430774363178,0.7410905932645523,GRASP,Grasping,3,False
vid4,Take 4 (fast),fast,4.1,6.0249359344282025,0.8098839952826423,GRASP,Grasping,3,False
vid4,Take 4 (fast),fast,4.133333333333333,4.567803638819361,0.8983850972760915,GRASP,Grasping,3,False
vid4,Take 4 (fast),fast,4.166666666666667,2.8666221988484257,0.9143399455296876,HOLD,Holding,4,False
vid4,Take 4 (fast),fast,4.2,1.2922694329889868,0.8072914773138046,HOLD,Holding,4,False
vid4,Take 4 (fast),fast,4.233333333333333,0.281242678923051,0.7341017088116341,HOLD,Holding,4,False
vid4,Take 4 (fast),fast,4.266666666666667,1.0010989361392877,0.8671903975250878,HOLD,Holding,4,False
vid4,Take 4 (fast),fast,4.3,2.020811037187343,1.0660845513680597,HOLD,Holding,4,False
vid4,Take 4 (fast),fast,4.333333333333333,3.3949830718342824,1.0322659706624246,HOLD,Holding,4,False
vid4,Take 4 (fast),fast,4.366666666666666,4.755746325942086,0.8902014232503019,HOLD,Holding,4,False
vid4,Take 4 (fast),fast,4.4,5.755660079517467,0.814113069422716,HOLD,Holding,4,False
vid4,Take 4 (fast),fast,4.433333333333334,6.390593736663023,0.8224466746922938,HOLD,Holding,4,False
vid4,Take 4 (fast),fast,4.466666666666667,6.55134623165991,0.8209897079438442,HOLD,Holding,4,False
vid4,Take 4 (fast),fast,4.5,6.40225463575149,0.8413859431805868,HOLD,Holding,4,False
vid4,Take 4 (fast),fast,4.533333333333333,6.059328636144176,0.8481504369805206,HOLD,Holding,4,False
vid4,Take 4 (fast),fast,4.566666666666666,5.589375430532852,0.8508024828361709,HOLD,Holding,4,False
vid4,Take 4 (fast),fast,4.6,4.833997825021006,0.8090807134356529,HOLD,Holding,4,False
vid4,Take 4 (fast),fast,4.633333333333333,3.717339089777328,0.8225631180686835,HOLD,Holding,4,False
vid4,Take 4 (fast),fast,4.666666666666667,2.373717932351711,0.8427114591722376,HOLD,Holding,4,False
vid4,Take 4 (fast),fast,4.7,1.1920116720548743,0.8206303866916737,HOLD,Holding,4,False
vid4,Take 4 (fast),fast,4.733333333333333,0.541545351861207,0.7937068190537558,HOLD,Holding,4,False
vid4,Take 4 (fast),fast,4.766666666666667,0.2990593924897482,0.7922510395200525,HOLD,Holding,4,False
vid4,Take 4 (fast),fast,4.8,0.4640568344313277,0.7677699978030754,HOLD,Holding,4,False
vid4,Take 4 (fast),fast,4.833333333333333,0.870703530812836,0.7109664796865987,HOLD,Holding,4,False
vid4,Take 4 (fast),fast,4.866666666666666,1.6886653317009053,0.8680237852135877,HOLD,Holding,4,False
vid4,Take 4 (fast),fast,4.9,2.8662434478262706,1.0468230763131323,HOLD,Holding,4,False
vid4,Take 4 (fast),fast,4.933333333333334,4.018930226055764,1.173574532448853,HOLD,Holding,4,False
vid4,Take 4 (fast),fast,4.966666666666667,4.818127453647275,1.060975903010894,RETRACT,Returning,6,False
vid4,Take 4 (fast),fast,5.0,5.585538064091985,0.9378011254644524,RETRACT,Returning,6,False
vid4,Take 4 (fast),fast,5.033333333333333,6.524409044023282,0.8412407561389765,RETRACT,Returning,6,False
vid4,Take 4 (fast),fast,5.066666666666666,7.506657111403148,0.8800119499761496,RETRACT,Returning,6,False
vid4,Take 4 (fast),fast,5.1,8.227428155936542,0.8254301030473334,RETRACT,Returning,6,False
vid4,Take 4 (fast),fast,5.133333333333333,8.323485729416179,0.5665259243737849,RETRACT,Returning,6,False
vid4,Take 4 (fast),fast,5.166666666666667,8.138027477652939,0.5735591425512117,RETRACT,Returning,6,False
vid4,Take 4 (fast),fast,5.2,8.653658565577889,1.076009530086219,RETRACT,Returning,6,False
vid4,Take 4 (fast),fast,5.233333333333333,9.587127284990924,1.4761790223443931,RETRACT,Returning,6,False
vid4,Take 4 (fast),fast,5.266666666666667,8.511078927621044,1.2479664686942882,RETRACT,Returning,6,False
vid4,Take 4 (fast),fast,5.3,6.161889625668518,0.8778351815330899,REST,At rest,1,False
vid4,Take 4 (fast),fast,5.333333333333333,2.7380965486989317,0.8152094441600413,REST,At rest,1,False
vid4,Take 4 (fast),fast,5.366666666666666,0.7347584261654904,0.8706328793763172,REST,At rest,1,False
vid4,Take 4 (fast),fast,5.4,0.6690317839219813,0.8186815880701244,REST,At rest,1,False
vid4,Take 4 (fast),fast,5.433333333333334,0.609306591407143,0.7904321063732752,REST,At rest,1,False
vid4,Take 4 (fast),fast,5.466666666666667,0.1703966786274036,0.8209078618481491,REST,At rest,1,False
vid4,Take 4 (fast),fast,5.5,0.5987734472588897,0.864805555036677,REST,At rest,1,False
vid4,Take 4 (fast),fast,5.533333333333333,1.0230559681875817,0.8671352439610569,REST,At rest,1,False
vid4,Take 4 (fast),fast,5.566666666666666,0.1444615356782678,0.8763647039386079,REST,At rest,1,False
vid4,Take 4 (fast),fast,5.6,0.8559276589657877,0.916840644344047,REST,At rest,1,False
vid4,Take 4 (fast),fast,5.633333333333333,1.1248126129425664,0.9214465144088148,REST,At rest,1,False
vid4,Take 4 (fast),fast,5.666666666666667,0.918464249169386,0.9004904889793486,REST,At rest,1,False
vid4,Take 4 (fast),fast,5.7,0.1465898147248287,0.9057739216232596,REST,At rest,1,False
vid4,Take 4 (fast),fast,5.733333333333333,0.9396771065203874,0.932054841071226,REST,At rest,1,False
vid4,Take 4 (fast),fast,5.766666666666667,0.6965357340651123,0.8728417176083669,REST,At rest,1,False
vid4,Take 4 (fast),fast,5.8,0.0886511991782096,0.8442491433465018,REST,At rest,1,False
vid4,Take 4 (fast),fast,5.833333333333333,0.6940988917487636,0.8982785492650598,REST,At rest,1,False
vid4,Take 4 (fast),fast,5.866666666666666,1.6121679915112743,0.9951273680559498,REST,At rest,1,False
vid4,Take 4 (fast),fast,5.9,2.7504381262852076,0.9534224651819824,REST,At rest,1,False
vid4,Take 4 (fast),fast,5.933333333333334,4.265078873435133,0.8760999510237237,REST,At rest,1,False
vid4,Take 4 (fast),fast,5.966666666666667,5.558162913068702,0.8019644480234777,REACH,Reaching,2,False
vid4,Take 4 (fast),fast,6.0,6.538242112845388,0.8012271033016634,REACH,Reaching,2,False
vid4,Take 4 (fast),fast,6.033333333333333,7.211401370340746,0.7694016322342563,REACH,Reaching,2,False
vid4,Take 4 (fast),fast,6.066666666666666,7.959852161540111,0.7588241977180584,REACH,Reaching,2,False
vid4,Take 4 (fast),fast,6.1,8.44919319879279,0.7592164228489374,REACH,Reaching,2,False
vid4,Take 4 (fast),fast,6.133333333333333,8.20057609154878,0.8706643589506725,REACH,Reaching,2,False
vid4,Take 4 (fast),fast,6.166666666666667,7.827895531770296,1.015210675509873,REACH,Reaching,2,False
vid4,Take 4 (fast),fast,6.2,7.274696517925739,1.1669911690117016,REACH,Reaching,2,False
vid4,Take 4 (fast),fast,6.233333333333333,6.561650280410441,1.1884912195415815,REACH,Reaching,2,False
vid4,Take 4 (fast),fast,6.266666666666667,5.685673332928478,1.1879599780418575,REACH,Reaching,2,False
vid4,Take 4 (fast),fast,6.3,4.671767984952017,1.1805664907896352,REACH,Reaching,2,False
vid4,Take 4 (fast),fast,6.333333333333333,3.5784673610981423,1.1385106190063514,REACH,Reaching,2,False
vid4,Take 4 (fast),fast,6.366666666666666,3.0431150331302272,1.0272221707985032,REACH,Reaching,2,False
vid4,Take 4 (fast),fast,6.4,2.6011189184919004,0.9936208550474024,REACH,Reaching,2,False
vid4,Take 4 (fast),fast,6.433333333333334,1.7483823490048924,0.9922521740651552,REACH,Reaching,2,False
vid4,Take 4 (fast),fast,6.466666666666667,1.1890466300224127,0.970730689201488,REACH,Reaching,2,False
vid4,Take 4 (fast),fast,6.5,2.00001788463744,0.8590720966737092,GRASP,Grasping,3,False
vid4,Take 4 (fast),fast,6.533333333333333,3.369460572599109,0.8057688956665895,GRASP,Grasping,3,False
vid4,Take 4 (fast),fast,6.566666666666666,4.719494571081033,0.7952051134869228,GRASP,Grasping,3,False
vid4,Take 4 (fast),fast,6.6,6.083717092850738,0.7344438771552118,GRASP,Grasping,3,False
vid4,Take 4 (fast),fast,6.633333333333333,7.111495492009026,0.589770732849021,GRASP,Grasping,3,False
vid4,Take 4 (fast),fast,6.666666666666667,7.942350374273824,0.4579004011282844,GRASP,Grasping,3,False
vid4,Take 4 (fast),fast,6.7,8.188334027869642,0.4883189514641477,GRASP,Grasping,3,False
vid4,Take 4 (fast),fast,6.733333333333333,7.882808951818888,0.5617499168534992,GRASP,Grasping,3,False
vid4,Take 4 (fast),fast,6.766666666666667,6.732432712812676,0.7175006341741235,GRASP,Grasping,3,False
vid4,Take 4 (fast),fast,6.8,4.971614355905783,0.8379966902189602,GRASP,Grasping,3,False
vid4,Take 4 (fast),fast,6.833333333333333,3.3587399710179633,0.8813973745312321,GRASP,Grasping,3,False
vid4,Take 4 (fast),fast,6.866666666666666,2.177582392604063,0.7459035766966701,HOLD,Holding,4,False
vid4,Take 4 (fast),fast,6.8999999999999995,0.8053281782249972,0.6764318502118484,HOLD,Holding,4,False
vid4,Take 4 (fast),fast,6.933333333333334,1.0534884427032098,0.7799750639196366,HOLD,Holding,4,False
vid4,Take 4 (fast),fast,6.966666666666667,2.1565439736442493,0.9770201661330068,HOLD,Holding,4,False
vid4,Take 4 (fast),fast,7.0,3.0711085296070726,1.0408669813548526,HOLD,Holding,4,False
vid4,Take 4 (fast),fast,7.033333333333333,3.6124699679336447,0.9720078055389324,HOLD,Holding,4,False
vid4,Take 4 (fast),fast,7.066666666666666,4.5859421522015555,0.8597741526004957,HOLD,Holding,4,False
vid4,Take 4 (fast),fast,7.1,5.421172955631159,0.8085209785448759,HOLD,Holding,4,False
vid4,Take 4 (fast),fast,7.133333333333333,5.903178542990913,0.8005608263983492,HOLD,Holding,4,False
vid4,Take 4 (fast),fast,7.166666666666667,6.117819750360599,0.8010793140633012,HOLD,Holding,4,False
vid4,Take 4 (fast),fast,7.2,6.142520995329756,0.806680013772233,HOLD,Holding,4,False
vid4,Take 4 (fast),fast,7.233333333333333,5.928279332237654,0.8030321279247675,HOLD,Holding,4,False
vid4,Take 4 (fast),fast,7.266666666666667,5.471918849983461,0.7533414531422669,HOLD,Holding,4,False
vid4,Take 4 (fast),fast,7.3,4.801283834869906,0.6884492541622559,HOLD,Holding,4,False
vid4,Take 4 (fast),fast,7.333333333333333,3.818428641819434,0.7261830346550258,HOLD,Holding,4,False
vid4,Take 4 (fast),fast,7.366666666666666,2.8291360322644423,0.8458730895798744,HOLD,Holding,4,False
vid4,Take 4 (fast),fast,7.4,1.8164795417005155,0.9009490275788344,HOLD,Holding,4,False
vid4,Take 4 (fast),fast,7.433333333333334,0.937885398398696,0.8664258287651129,HOLD,Holding,4,False
vid4,Take 4 (fast),fast,7.466666666666667,0.4261600210294238,0.8298937315679134,HOLD,Holding,4,False
vid4,Take 4 (fast),fast,7.5,1.0573877584774698,0.8622147012294565,HOLD,Holding,4,False
vid4,Take 4 (fast),fast,7.533333333333333,1.9542680210538048,0.910028069907288,HOLD,Holding,4,False
vid4,Take 4 (fast),fast,7.566666666666666,2.9503576626162675,0.9694972142944333,HOLD,Holding,4,False
vid4,Take 4 (fast),fast,7.6,4.028420041229537,0.8859034957916253,RETRACT,Returning,6,False
vid4,Take 4 (fast),fast,7.633333333333333,4.932445510918186,0.7031269142843728,RETRACT,Returning,6,False
vid4,Take 4 (fast),fast,7.666666666666667,6.088563924920002,0.6354690653211543,RETRACT,Returning,6,False
vid4,Take 4 (fast),fast,7.7,7.359451286820744,0.8210144707531282,RETRACT,Returning,6,False
vid4,Take 4 (fast),fast,7.733333333333333,8.328140282570738,0.916417583039814,RETRACT,Returning,6,False
vid4,Take 4 (fast),fast,7.766666666666667,8.94082010487392,0.995917586645752,RETRACT,Returning,6,False
vid4,Take 4 (fast),fast,7.8,8.99024964115145,1.0700336717231187,RETRACT,Returning,6,False
vid4,Take 4 (fast),fast,7.833333333333333,8.586466394894913,1.1957089577271511,RETRACT,Returning,6,False
vid4,Take 4 (fast),fast,7.866666666666666,7.812202707934752,1.1210860104637148,RETRACT,Returning,6,False
vid4,Take 4 (fast),fast,7.9,7.053882608243686,1.0171259661425476,RETRACT,Returning,6,False
vid4,Take 4 (fast),fast,7.933333333333334,6.298042247570963,0.8870793140681542,RETRACT,Returning,6,False
vid4,Take 4 (fast),fast,7.966666666666667,5.542618150895853,0.8828292109822568,RETRACT,Returning,6,False
vid4,Take 4 (fast),fast,8.0,4.450599451977312,0.8697247071933049,RETRACT,Returning,6,False
vid4,Take 4 (fast),fast,8.033333333333333,2.983515407205404,0.862464943664927,RETRACT,Returning,6,False
vid4,Take 4 (fast),fast,8.066666666666666,0.9453069419435044,0.849244353134322,REST,At rest,1,False
vid4,Take 4 (fast),fast,8.1,0.181101412418431,0.8914296790969828,REST,At rest,1,False
vid4,Take 4 (fast),fast,8.133333333333333,0.8422931192301885,0.8967800009060568,REST,At rest,1,False
vid4,Take 4 (fast),fast,8.166666666666666,0.92153451760866,0.8689024283522825,REST,At rest,1,False
vid4,Take 4 (fast),fast,8.2,0.2895313959424811,0.8564694914377202,REST,At rest,1,False
vid4,Take 4 (fast),fast,8.233333333333333,0.2842131522228647,0.848605830593901,REST,At rest,1,False
vid4,Take 4 (fast),fast,8.266666666666666,0.1898508640815047,0.856950380728602,REST,At rest,1,False
vid4,Take 4 (fast),fast,8.3,0.1133612233494141,0.8679884022942728,REST,At rest,1,False
vid4,Take 4 (fast),fast,8.333333333333334,0.0298623723319009,0.892051166741268,REST,At rest,1,False
vid4,Take 4 (fast),fast,8.366666666666667,0.1319668470232403,0.8993456398136686,REST,At rest,1,False
vid4,Take 4 (fast),fast,8.4,0.1411849393523693,0.9025288218366826,REST,At rest,1,False
vid4,Take 4 (fast),fast,8.433333333333334,0.2560412099406732,0.8945800022091555,REST,At rest,1,False
vid4,Take 4 (fast),fast,8.466666666666667,1.0487048009931017,0.87851217866171,REST,At rest,1,False
vid4,Take 4 (fast),fast,8.5,0.7264610938924428,0.8592988535218354,REST,At rest,1,False
vid4,Take 4 (fast),fast,8.533333333333333,0.1759640986814494,0.8868182653934533,REST,At rest,1,False
vid4,Take 4 (fast),fast,8.566666666666666,0.7341187096334065,0.9186799755617224,REST,At rest,1,False
vid4,Take 4 (fast),fast,8.6,0.6778156534765591,0.9325817770042456,REST,At rest,1,False
vid4,Take 4 (fast),fast,8.633333333333333,0.0491279325411038,0.9029760645676734,REST,At rest,1,False
vid4,Take 4 (fast),fast,8.666666666666666,0.1743735737211128,0.9006479084406261,REST,At rest,1,False
vid4,Take 4 (fast),fast,8.7,0.3341301189808735,0.9072065113221148,REST,At rest,1,False
vid4,Take 4 (fast),fast,8.733333333333333,0.2829135702853746,0.9145460535022548,REST,At rest,1,False
vid4,Take 4 (fast),fast,8.766666666666666,0.1937876744317403,0.8965737940348484,REST,At rest,1,False
vid4,Take 4 (fast),fast,8.8,0.1174441152563232,0.8929323012428824,REST,At rest,1,False
vid4,Take 4 (fast),fast,8.833333333333334,0.0599873358513313,0.8902510654234969,REST,At rest,1,False
vid4,Take 4 (fast),fast,8.866666666666667,0.2763663443849215,0.8936295636740841,REST,At rest,1,False
vid4,Take 4 (fast),fast,8.9,0.3170711226370622,0.8875293566406459,REST,At rest,1,False
vid4,Take 4 (fast),fast,8.933333333333334,0.1130463391968975,0.9201112655776856,REST,At rest,1,False
vid4,Take 4 (fast),fast,8.966666666666667,0.091261748145116,0.9187244799434005,REST,At rest,1,False
vid4,Take 4 (fast),fast,9.0,0.0915159761149259,0.908063398569272,REST,At rest,1,False
vid4,Take 4 (fast),fast,9.033333333333331,0.1038177305106813,0.8945529677071283,REST,At rest,1,False
vid4,Take 4 (fast),fast,9.066666666666666,0.204944779581345,0.9073336911580924,REST,At rest,1,False
vid4,Take 4 (fast),fast,9.1,0.2775956347348207,0.9083415987139511,REST,At rest,1,False
vid4,Take 4 (fast),fast,9.133333333333333,0.0782971113323965,0.8975220837713009,REST,At rest,1,False
vid4,Take 4 (fast),fast,9.166666666666666,0.161276785216385,0.8787494862720807,REST,At rest,1,False
vid4,Take 4 (fast),fast,9.2,0.1085908442439927,0.8654584777443469,REST,At rest,1,False
vid4,Take 4 (fast),fast,9.233333333333333,0.1814446266398979,0.8839684366400411,REST,At rest,1,False
vid4,Take 4 (fast),fast,9.266666666666666,0.1050189995996219,0.889749189768943,REST,At rest,1,False
vid4,Take 4 (fast),fast,9.3,0.5225986061519643,0.8984039053623019,REST,At rest,1,False
vid4,Take 4 (fast),fast,9.333333333333334,0.949905714303521,0.9052078752512498,REST,At rest,1,False
vid5,Take 5 (hard),hard,0.0,0.1025784029137313,0.928295848022941,REST,At rest,1,False
vid5,Take 5 (hard),hard,0.0333333333333333,0.0770978079427984,0.9233561347187932,REST,At rest,1,False
vid5,Take 5 (hard),hard,0.0666666666666666,0.094636625160662,0.9175954750910128,REST,At rest,1,False
vid5,Take 5 (hard),hard,0.1,0.0997301018332212,0.9115603177336706,REST,At rest,1,False
vid5,Take 5 (hard),hard,0.1333333333333333,0.3981427383872571,0.9024780194913702,REST,At rest,1,False
vid5,Take 5 (hard),hard,0.1666666666666666,0.4139568428502551,0.8886202483086768,REST,At rest,1,False
vid5,Take 5 (hard),hard,0.2,0.1741247817686794,0.8786029350061315,REST,At rest,1,False
vid5,Take 5 (hard),hard,0.2333333333333333,0.5188119776650548,0.8644470709193601,REST,At rest,1,False
vid5,Take 5 (hard),hard,0.2666666666666666,0.6462570263699959,0.932289130919406,REST,At rest,1,False
vid5,Take 5 (hard),hard,0.3,0.2139934488617748,0.9882053961490604,REST,At rest,1,False
vid5,Take 5 (hard),hard,0.3333333333333333,0.2234440764868502,0.9550432710945695,REST,At rest,1,False
vid5,Take 5 (hard),hard,0.3666666666666666,0.0789158603526722,0.9186373754643729,REST,At rest,1,False
vid5,Take 5 (hard),hard,0.4,0.1384111766437904,0.9472232879305948,REST,At rest,1,False
vid5,Take 5 (hard),hard,0.4333333333333333,0.3008188788461681,0.9509547904420536,REST,At rest,1,False
vid5,Take 5 (hard),hard,0.4666666666666667,0.6323918228686684,0.8880590688533059,REST,At rest,1,False
vid5,Take 5 (hard),hard,0.5,0.2597812730579923,0.8750260241922658,REST,At rest,1,False
vid5,Take 5 (hard),hard,0.5333333333333333,0.0932637826783169,0.8881262687918183,REST,At rest,1,False
vid5,Take 5 (hard),hard,0.5666666666666667,0.6988230672034974,0.8925786719586194,REST,At rest,1,False
vid5,Take 5 (hard),hard,0.6,0.9823064332733492,0.9340599766539762,REST,At rest,1,False
vid5,Take 5 (hard),hard,0.6333333333333333,0.6596427016239501,0.9896319633522328,REST,At rest,1,False
vid5,Take 5 (hard),hard,0.6666666666666666,0.0699419550226706,1.0104998802925598,REST,At rest,1,False
vid5,Take 5 (hard),hard,0.7,0.4134645764037676,0.9532854648114932,REST,At rest,1,False
vid5,Take 5 (hard),hard,0.7333333333333333,0.2813647145561335,0.9399852712644028,REST,At rest,1,False
vid5,Take 5 (hard),hard,0.7666666666666666,0.2996121368959908,1.0064237672560572,REST,At rest,1,False
vid5,Take 5 (hard),hard,0.8,0.437354917813171,1.021504366548928,REST,At rest,1,False
vid5,Take 5 (hard),hard,0.8333333333333334,0.4315962564096662,0.9841235257026842,REST,At rest,1,False
vid5,Take 5 (hard),hard,0.8666666666666667,0.418014466838112,0.9572850209772334,REST,At rest,1,False
vid5,Take 5 (hard),hard,0.9,0.5816283724671335,0.9635867687093872,REST,At rest,1,False
vid5,Take 5 (hard),hard,0.9333333333333332,0.5047542039340657,0.8914474340587204,REST,At rest,1,False
vid5,Take 5 (hard),hard,0.9666666666666668,0.3494338441308023,0.9080754254304588,REST,At rest,1,False
vid5,Take 5 (hard),hard,1.0,1.1789234604642371,0.9432171010868218,REST,At rest,1,False
vid5,Take 5 (hard),hard,1.0333333333333332,2.715262049315525,1.0359302024628207,REST,At rest,1,False
vid5,Take 5 (hard),hard,1.0666666666666669,4.195304101381467,1.0281097428124466,REACH,Reaching,2,False
vid5,Take 5 (hard),hard,1.1,5.230227360913259,1.011677843509957,REACH,Reaching,2,False
vid5,Take 5 (hard),hard,1.1333333333333333,6.1312570083354805,0.933205843976542,REACH,Reaching,2,False
vid5,Take 5 (hard),hard,1.1666666666666667,6.60281378634657,0.9086065481254824,REACH,Reaching,2,False
vid5,Take 5 (hard),hard,1.2,6.920608878694554,0.8624454781241867,REACH,Reaching,2,False
vid5,Take 5 (hard),hard,1.2333333333333334,6.550412169677917,0.8725258610008902,REACH,Reaching,2,False
vid5,Take 5 (hard),hard,1.2666666666666666,5.375948698445656,0.9460235873608588,REACH,Reaching,2,False
vid5,Take 5 (hard),hard,1.3,3.997695028008661,0.9528783953843836,REACH,Reaching,2,False
vid5,Take 5 (hard),hard,1.3333333333333333,2.722440407318641,0.9025898693274328,REACH,Reaching,2,False
vid5,Take 5 (hard),hard,1.3666666666666667,1.5835000373142305,0.9025194395057784,REACH,Reaching,2,False
vid5,Take 5 (hard),hard,1.4,0.6590598006225787,1.0249196966273535,REACH,Reaching,2,False
vid5,Take 5 (hard),hard,1.4333333333333331,0.2045303797135794,1.0945329563656627,REACH,Reaching,2,False
vid5,Take 5 (hard),hard,1.4666666666666666,0.0069440952764585,1.141056430821458,REACH,Reaching,2,False
vid5,Take 5 (hard),hard,1.5,0.0813604438534938,1.0914371640993257,REACH,Reaching,2,False
vid5,Take 5 (hard),hard,1.5333333333333332,0.0719438538423775,1.0826070324716113,REACH,Reaching,2,False
vid5,Take 5 (hard),hard,1.5666666666666669,0.2459421807992426,1.142517293592523,REACH,Reaching,2,False
vid5,Take 5 (hard),hard,1.6,0.5506129702132897,1.2583977679219929,REACH,Reaching,2,False
vid5,Take 5 (hard),hard,1.6333333333333333,0.5650873409194057,1.2689048541458696,REACH,Reaching,2,False
vid5,Take 5 (hard),hard,1.6666666666666667,0.4700537134400337,1.2184276142974515,REACH,Reaching,2,False
vid5,Take 5 (hard),hard,1.7,0.3291280774876255,1.2219001267215694,REACH,Reaching,2,False
vid5,Take 5 (hard),hard,1.7333333333333334,0.2679600611517566,1.2366955542081497,REACH,Reaching,2,False
vid5,Take 5 (hard),hard,1.7666666666666666,0.2260501366020913,1.2271541684538565,REACH,Reaching,2,False
vid5,Take 5 (hard),hard,1.8,0.1007865208672197,1.231069398323316,REACH,Reaching,2,False
vid5,Take 5 (hard),hard,1.8333333333333333,0.177521442805067,1.2167933643100934,REACH,Reaching,2,False
vid5,Take 5 (hard),hard,1.8666666666666667,0.1976747887923207,1.179884186219123,REACH,Reaching,2,False
vid5,Take 5 (hard),hard,1.9,0.2003149584393947,1.1658194017273416,REACH,Reaching,2,False
vid5,Take 5 (hard),hard,1.9333333333333331,0.6923787370282896,1.2415657827048283,REACH,Reaching,2,False
vid5,Take 5 (hard),hard,1.9666666666666663,1.23596482706122,1.2361026163249202,REACH,Reaching,2,False
vid5,Take 5 (hard),hard,2.0,1.7643791511506235,1.1868119275276685,REACH,Reaching,2,False
vid5,Take 5 (hard),hard,2.033333333333333,2.4362902628498393,1.0838232338375997,REACH,Reaching,2,False
vid5,Take 5 (hard),hard,2.0666666666666664,3.1623774122001067,1.0146091487120543,REACH,Reaching,2,False
vid5,Take 5 (hard),hard,2.1,4.059015802092683,0.9746824462627184,REACH,Reaching,2,False
vid5,Take 5 (hard),hard,2.1333333333333333,4.8604033656184376,1.0064843795633915,REACH,Reaching,2,False
vid5,Take 5 (hard),hard,2.1666666666666665,5.304007581351805,1.0541282187571757,REACH,Reaching,2,False
vid5,Take 5 (hard),hard,2.2,5.546592356895847,1.0884207976226938,REACH,Reaching,2,False
vid5,Take 5 (hard),hard,2.2333333333333334,5.585250012108604,1.1183301781067758,REACH,Reaching,2,False
vid5,Take 5 (hard),hard,2.2666666666666666,5.403498543808115,1.126962196016779,REACH,Reaching,2,False
vid5,Take 5 (hard),hard,2.3,5.170698265851929,1.1526649744910191,REACH,Reaching,2,False
vid5,Take 5 (hard),hard,2.3333333333333335,4.920941508810006,1.1407977014180215,REACH,Reaching,2,False
vid5,Take 5 (hard),hard,2.3666666666666667,4.811841862141381,1.0681023781077033,REACH,Reaching,2,False
vid5,Take 5 (hard),hard,2.4,4.748773120102389,1.003936874296467,REACH,Reaching,2,False
vid5,Take 5 (hard),hard,2.433333333333333,4.324541511502089,0.96922098777164,GRASP,Grasping,3,False
vid5,Take 5 (hard),hard,2.466666666666667,3.3866201689338964,0.9656268572978068,GRASP,Grasping,3,False
vid5,Take 5 (hard),hard,2.5,2.252537048358552,0.9190330767743878,GRASP,Grasping,3,False
vid5,Take 5 (hard),hard,2.533333333333333,1.2746727634136472,0.8679626093678404,GRASP,Grasping,3,False
vid5,Take 5 (hard),hard,2.5666666666666664,0.7174375430307665,0.876416317175542,GRASP,Grasping,3,False
vid5,Take 5 (hard),hard,2.6,0.4395103280922303,0.925264446436568,GRASP,Grasping,3,False
vid5,Take 5 (hard),hard,2.6333333333333333,0.5757530998562389,0.9311527103264784,GRASP,Grasping,3,False
vid5,Take 5 (hard),hard,2.6666666666666665,0.4666250296815263,0.8926567905785027,GRASP,Grasping,3,False
vid5,Take 5 (hard),hard,2.7,0.1724587028973024,0.8917176248555796,GRASP,Grasping,3,False
vid5,Take 5 (hard),hard,2.7333333333333334,0.2877296818441726,0.8914499734502657,GRASP,Grasping,3,False
vid5,Take 5 (hard),hard,2.7666666666666666,0.4518920418347877,0.8608821120882296,GRASP,Grasping,3,False
vid5,Take 5 (hard),hard,2.8,0.4608577797035784,0.8345057602085286,GRASP,Grasping,3,False
vid5,Take 5 (hard),hard,2.8333333333333335,0.4231435200741453,0.8242878842844877,GRASP,Grasping,3,False
vid5,Take 5 (hard),hard,2.8666666666666667,0.3007300152224748,0.8076514493344796,GRASP,Grasping,3,False
vid5,Take 5 (hard),hard,2.9,0.1827074901055262,0.7899721869306252,GRASP,Grasping,3,False
vid5,Take 5 (hard),hard,2.933333333333333,0.115770707387932,0.7876030547045938,GRASP,Grasping,3,False
vid5,Take 5 (hard),hard,2.966666666666667,0.3215974005924448,0.7852650006506218,GRASP,Grasping,3,False
vid5,Take 5 (hard),hard,3.0,0.6428658372995816,0.7758008514046973,GRASP,Grasping,3,False
vid5,Take 5 (hard),hard,3.033333333333333,1.1188692735483767,0.791018489383312,GRASP,Grasping,3,False
vid5,Take 5 (hard),hard,3.0666666666666664,1.861257174886203,0.7862574255370426,GRASP,Grasping,3,False
vid5,Take 5 (hard),hard,3.1,2.7861649741331367,0.7455475073689355,GRASP,Grasping,3,False
vid5,Take 5 (hard),hard,3.1333333333333333,3.862378714610432,0.7223346311762838,GRASP,Grasping,3,False
vid5,Take 5 (hard),hard,3.1666666666666665,5.029115961264718,0.7130468220190469,GRASP,Grasping,3,False
vid5,Take 5 (hard),hard,3.2,5.950111882944982,0.6759090886534431,GRASP,Grasping,3,False
vid5,Take 5 (hard),hard,3.2333333333333334,6.55170233359889,0.6363321465742358,GRASP,Grasping,3,False
vid5,Take 5 (hard),hard,3.2666666666666666,6.641497528425986,0.644567520078046,GRASP,Grasping,3,False
vid5,Take 5 (hard),hard,3.3,6.128864581103927,0.7348979176556528,GRASP,Grasping,3,False
vid5,Take 5 (hard),hard,3.3333333333333335,5.273656093390144,0.8188732014582252,GRASP,Grasping,3,False
vid5,Take 5 (hard),hard,3.3666666666666667,4.087614070226478,0.9528404825554624,GRASP,Grasping,3,False
vid5,Take 5 (hard),hard,3.4,2.8784667294930437,0.9724940005183972,GRASP,Grasping,3,False
vid5,Take 5 (hard),hard,3.433333333333333,1.8168257412281776,1.031884988780645,GRASP,Grasping,3,False
vid5,Take 5 (hard),hard,3.466666666666667,0.927148137782002,1.0338270011363688,HOLD,Holding,4,False
vid5,Take 5 (hard),hard,3.5,0.3756457914321704,1.0222902877844935,HOLD,Holding,4,False
vid5,Take 5 (hard),hard,3.533333333333333,0.1460597623595991,0.9355586246372548,HOLD,Holding,4,False
vid5,Take 5 (hard),hard,3.5666666666666664,0.3962520225865331,0.9694519388634965,HOLD,Holding,4,False
vid5,Take 5 (hard),hard,3.6,0.7698804044013027,1.0176177441052543,HOLD,Holding,4,False
vid5,Take 5 (hard),hard,3.6333333333333337,1.2164920237367929,0.9880827895326764,HOLD,Holding,4,False
vid5,Take 5 (hard),hard,3.6666666666666665,1.5455269930580944,0.8991570271054422,HOLD,Holding,4,False
vid5,Take 5 (hard),hard,3.7,1.9333845487630532,0.8572615359629089,HOLD,Holding,4,False
vid5,Take 5 (hard),hard,3.7333333333333334,2.443390356238277,0.8471720248349509,HOLD,Holding,4,False
vid5,Take 5 (hard),hard,3.7666666666666666,3.0778950342826414,0.8545246781333381,HOLD,Holding,4,False
vid5,Take 5 (hard),hard,3.8,3.773036977970773,0.8536173100291355,HOLD,Holding,4,False
vid5,Take 5 (hard),hard,3.8333333333333335,4.589842806325833,0.831825622849079,HOLD,Holding,4,False
vid5,Take 5 (hard),hard,3.8666666666666663,5.2880361266205895,0.7855072437103967,HOLD,Holding,4,False
vid5,Take 5 (hard),hard,3.9,5.690945270142048,0.7326468120935796,HOLD,Holding,4,False
vid5,Take 5 (hard),hard,3.933333333333333,5.774304911206966,0.6810263048535794,HOLD,Holding,4,False
vid5,Take 5 (hard),hard,3.966666666666667,5.317857640030579,0.6601821524970333,HOLD,Holding,4,False
vid5,Take 5 (hard),hard,4.0,4.737230917025616,0.6895522029845521,HOLD,Holding,4,False
vid5,Take 5 (hard),hard,4.033333333333333,3.756452494323974,0.7016621952982404,HOLD,Holding,4,False
vid5,Take 5 (hard),hard,4.066666666666666,2.637322591008222,0.6894536500896109,HOLD,Holding,4,False
vid5,Take 5 (hard),hard,4.1,1.678310491120164,0.6431760667892283,HOLD,Holding,4,False
vid5,Take 5 (hard),hard,4.133333333333333,0.9818743115368588,0.6125069535735416,HOLD,Holding,4,False
vid5,Take 5 (hard),hard,4.166666666666667,0.4931283516056137,0.588795881643896,HOLD,Holding,4,False
vid5,Take 5 (hard),hard,4.2,0.2342374729290534,0.6340714963675035,HOLD,Holding,4,False
vid5,Take 5 (hard),hard,4.233333333333333,0.1068062270481812,0.6758050709905441,HOLD,Holding,4,False
vid5,Take 5 (hard),hard,4.266666666666667,0.1854332476274875,0.6697662643038199,HOLD,Holding,4,False
vid5,Take 5 (hard),hard,4.3,0.2561960639430083,0.6335634080814847,HOLD,Holding,4,False
vid5,Take 5 (hard),hard,4.333333333333333,0.239056953858889,0.6062428834681437,HOLD,Holding,4,False
vid5,Take 5 (hard),hard,4.366666666666666,0.1510735319022122,0.590979282042625,HOLD,Holding,4,False
vid5,Take 5 (hard),hard,4.4,0.0160255259634818,0.5899295077395044,HOLD,Holding,4,False
vid5,Take 5 (hard),hard,4.433333333333334,0.1014088608319861,0.6070324393739223,HOLD,Holding,4,False
vid5,Take 5 (hard),hard,4.466666666666667,0.0343689642324393,0.6154574655295638,HOLD,Holding,4,False
vid5,Take 5 (hard),hard,4.5,0.0421262925667617,0.6135509113835725,HOLD,Holding,4,False
vid5,Take 5 (hard),hard,4.533333333333333,0.0538700608833089,0.5924299344928028,HOLD,Holding,4,False
vid5,Take 5 (hard),hard,4.566666666666666,0.0643748551681819,0.586111914511472,HOLD,Holding,4,False
vid5,Take 5 (hard),hard,4.6,0.0375080830853604,0.5940772914749758,HOLD,Holding,4,False
vid5,Take 5 (hard),hard,4.633333333333333,0.0605193805621047,0.5934289674858986,HOLD,Holding,4,False
vid5,Take 5 (hard),hard,4.666666666666667,0.0671808562959557,0.5868308596036539,HOLD,Holding,4,False
vid5,Take 5 (hard),hard,4.7,0.0773626257797378,0.5900366601765357,HOLD,Holding,4,False
vid5,Take 5 (hard),hard,4.733333333333333,0.0784827436305116,0.6009395358956797,HOLD,Holding,4,False
vid5,Take 5 (hard),hard,4.766666666666667,0.0252381237557843,0.6165945493089758,HOLD,Holding,4,False
vid5,Take 5 (hard),hard,4.8,0.013050847461858,0.6416437661292002,HOLD,Holding,4,False
vid5,Take 5 (hard),hard,4.833333333333333,0.1161748216679095,0.6482875839099422,HOLD,Holding,4,False
vid5,Take 5 (hard),hard,4.866666666666666,0.1717391272356028,0.647081433530395,HOLD,Holding,4,False
vid5,Take 5 (hard),hard,4.9,0.4079172023777735,0.6705129732615772,HOLD,Holding,4,False
vid5,Take 5 (hard),hard,4.933333333333334,0.6067149751318979,0.7191563201764279,HOLD,Holding,4,False
vid5,Take 5 (hard),hard,4.966666666666667,0.7126830915619697,0.7544560047581105,HOLD,Holding,4,False
vid5,Take 5 (hard),hard,5.0,1.1622395527554237,0.8252128035795062,HOLD,Holding,4,False
vid5,Take 5 (hard),hard,5.033333333333333,1.972475321690591,0.8098744517599382,HOLD,Holding,4,False
vid5,Take 5 (hard),hard,5.066666666666666,2.8689096939887224,0.8115069967055638,RELEASE,Releasing,5,False
vid5,Take 5 (hard),hard,5.1,4.066123414955244,0.794447639606736,RELEASE,Releasing,5,False
vid5,Take 5 (hard),hard,5.133333333333333,5.9216334424953185,0.8243733578113425,RELEASE,Releasing,5,False
vid5,Take 5 (hard),hard,5.166666666666667,7.875586995233553,0.8086221697525549,RELEASE,Releasing,5,False
vid5,Take 5 (hard),hard,5.2,9.240388246776812,0.854041075283895,RELEASE,Releasing,5,False
vid5,Take 5 (hard),hard,5.233333333333333,9.441820659011071,0.8452169796303165,RETRACT,Returning,6,False
vid5,Take 5 (hard),hard,5.266666666666667,9.573319020851535,0.944344023704356,RETRACT,Returning,6,False
vid5,Take 5 (hard),hard,5.3,10.111924451066471,1.0499845560975425,RETRACT,Returning,6,False
vid5,Take 5 (hard),hard,5.333333333333333,9.649510325914685,1.0717285549417277,RETRACT,Returning,6,False
vid5,Take 5 (hard),hard,5.366666666666666,8.901706090741703,1.008727177030396,RETRACT,Returning,6,False
vid5,Take 5 (hard),hard,5.4,7.644172094641156,0.996998910478136,RETRACT,Returning,6,False
vid5,Take 5 (hard),hard,5.433333333333334,6.441596603899178,0.9804790152824644,RETRACT,Returning,6,False
vid5,Take 5 (hard),hard,5.466666666666667,5.705905128481856,0.9081840093855628,RETRACT,Returning,6,False
vid5,Take 5 (hard),hard,5.5,3.447948342967571,0.8423518973455236,RETRACT,Returning,6,False
vid5,Take 5 (hard),hard,5.533333333333333,1.5515776912238668,0.8662597799513013,REST,At rest,1,False
vid5,Take 5 (hard),hard,5.566666666666666,0.5881471854925404,0.9203031580284898,REST,At rest,1,False
vid5,Take 5 (hard),hard,5.6,0.2106428344817021,0.9234697553391708,REST,At rest,1,False
vid5,Take 5 (hard),hard,5.633333333333333,0.3797678080061961,0.8512971446678486,REST,At rest,1,False
vid5,Take 5 (hard),hard,5.666666666666667,0.2559391416538131,0.846340131217773,REST,At rest,1,False
vid5,Take 5 (hard),hard,5.7,0.1294767410228076,0.8697922508431983,REST,At rest,1,False
vid5,Take 5 (hard),hard,5.733333333333333,0.1631528673942756,0.8805719773999752,REST,At rest,1,False
vid5,Take 5 (hard),hard,5.766666666666667,0.2059757491168572,0.8856935886055084,REST,At rest,1,False
vid5,Take 5 (hard),hard,5.8,0.402481881643664,0.8828487147318583,REST,At rest,1,False
vid5,Take 5 (hard),hard,5.833333333333333,0.3985960530922647,0.910504644121508,REST,At rest,1,False
vid5,Take 5 (hard),hard,5.866666666666666,0.2279925983033939,0.9372399187869764,REST,At rest,1,False
vid5,Take 5 (hard),hard,5.9,0.312694674783626,0.929798780411487,REST,At rest,1,False
vid5,Take 5 (hard),hard,5.933333333333334,0.2745484122285059,0.900983474060062,REST,At rest,1,False
vid5,Take 5 (hard),hard,5.966666666666667,0.2690234966348948,0.9382014663302908,REST,At rest,1,False
vid5,Take 5 (hard),hard,6.0,0.1196548656778699,0.9740014691810648,REST,At rest,1,False
vid5,Take 5 (hard),hard,6.033333333333333,0.2233566011081599,0.9379109103850194,REST,At rest,1,False
vid5,Take 5 (hard),hard,6.066666666666666,0.1554149090140599,0.9004661277749924,REST,At rest,1,False
vid5,Take 5 (hard),hard,6.1,0.4875355793626871,0.9210681652299784,REST,At rest,1,False
vid5,Take 5 (hard),hard,6.133333333333333,0.5551578195821071,0.960703197636961,REST,At rest,1,False
vid5,Take 5 (hard),hard,6.166666666666667,0.2761742833148717,0.9574248585302249,REST,At rest,1,False
vid5,Take 5 (hard),hard,6.2,0.2540812446803684,0.9494877137486392,REST,At rest,1,False
vid5,Take 5 (hard),hard,6.233333333333333,0.1726325892678269,0.9448839587366428,REST,At rest,1,False
vid5,Take 5 (hard),hard,6.266666666666667,0.0900454832532039,0.9481829327799054,REST,At rest,1,False
vid5,Take 5 (hard),hard,6.3,0.1015847373327167,0.9474871490110762,REST,At rest,1,False
vid5,Take 5 (hard),hard,6.333333333333333,0.2206124698529301,0.9326705212167512,REST,At rest,1,False
vid5,Take 5 (hard),hard,6.366666666666666,0.1733680830860474,0.9362546397494405,REST,At rest,1,False
vid5,Take 5 (hard),hard,6.4,0.257338926268177,0.9351897905578128,REST,At rest,1,False
vid5,Take 5 (hard),hard,6.433333333333334,0.0747899506034218,0.9372840754009764,REST,At rest,1,False
vid5,Take 5 (hard),hard,6.466666666666667,0.2965440301168335,0.9336734357218058,REST,At rest,1,False
vid5,Take 5 (hard),hard,6.5,0.0821279178796343,0.9312572940863048,REST,At rest,1,False
vid5,Take 5 (hard),hard,6.533333333333333,0.1310037269736793,0.9328640460347948,REST,At rest,1,False
vid5,Take 5 (hard),hard,6.566666666666666,0.073490194644117,0.9308418508620596,REST,At rest,1,False
vid5,Take 5 (hard),hard,6.6,0.3084049960178423,0.9341298376249926,REST,At rest,1,False
vid5,Take 5 (hard),hard,6.633333333333333,0.5301049238485196,0.9616288992823706,REST,At rest,1,False
vid5,Take 5 (hard),hard,6.666666666666667,1.1918107394539248,0.9908117176645176,REST,At rest,1,False
vid5,Take 5 (hard),hard,6.7,2.68478690395087,1.0183067782649202,REST,At rest,1,False
vid5,Take 5 (hard),hard,6.733333333333333,4.5330912189910455,1.003258524646069,REACH,Reaching,2,False
vid5,Take 5 (hard),hard,6.766666666666667,6.151093300191923,0.9710245736712324,REACH,Reaching,2,False
vid5,Take 5 (hard),hard,6.8,7.064683266872171,0.8842176824817537,REACH,Reaching,2,False
vid5,Take 5 (hard),hard,6.833333333333333,7.254521497928322,0.8239256542995546,REACH,Reaching,2,False
vid5,Take 5 (hard),hard,6.866666666666666,6.882698647221428,0.7697662432948434,REACH,Reaching,2,False
vid5,Take 5 (hard),hard,6.8999999999999995,5.999113316927517,0.8475389305099712,REACH,Reaching,2,False
vid5,Take 5 (hard),hard,6.933333333333334,4.37470111285555,0.9580869549067011,REACH,Reaching,2,False
vid5,Take 5 (hard),hard,6.966666666666667,2.935433041511209,1.0630290069196455,REACH,Reaching,2,False
vid5,Take 5 (hard),hard,7.0,2.0704697895348323,1.102375946444584,REACH,Reaching,2,False
vid5,Take 5 (hard),hard,7.033333333333333,1.5608098590779256,1.1651921702864905,REACH,Reaching,2,False
vid5,Take 5 (hard),hard,7.066666666666666,1.1605756839994028,1.1808045128577676,REACH,Reaching,2,False
vid5,Take 5 (hard),hard,7.1,0.8156053265687424,1.1444831310174464,REACH,Reaching,2,False
vid5,Take 5 (hard),hard,7.133333333333333,0.5779739331033849,1.130129648345074,REACH,Reaching,2,False
vid5,Take 5 (hard),hard,7.166666666666667,0.3851227440246178,1.1257055740996338,REACH,Reaching,2,False
vid5,Take 5 (hard),hard,7.2,0.2391563433904785,1.126845382565302,REACH,Reaching,2,False
vid5,Take 5 (hard),hard,7.233333333333333,0.1673447579951746,1.0925563788742632,REACH,Reaching,2,False
vid5,Take 5 (hard),hard,7.266666666666667,0.1753222985776425,1.1024359846624057,REACH,Reaching,2,False
vid5,Take 5 (hard),hard,7.3,0.2036537394652574,1.1127847931305257,REACH,Reaching,2,False
vid5,Take 5 (hard),hard,7.333333333333333,0.2091957494623713,1.1288835649255462,REACH,Reaching,2,False
vid5,Take 5 (hard),hard,7.366666666666666,0.2551881723520857,1.132573842987655,REACH,Reaching,2,False
vid5,Take 5 (hard),hard,7.4,0.2670610993355315,1.1610750342251557,REACH,Reaching,2,False
vid5,Take 5 (hard),hard,7.433333333333334,0.3064088108613325,1.1863995732395938,REACH,Reaching,2,False
vid5,Take 5 (hard),hard,7.466666666666667,0.1857762773179481,1.193637522140209,REACH,Reaching,2,False
vid5,Take 5 (hard),hard,7.5,0.1173219889628848,1.17421659238428,REACH,Reaching,2,False
vid5,Take 5 (hard),hard,7.533333333333333,0.0793168008634244,1.1740195013895824,REACH,Reaching,2,False
vid5,Take 5 (hard),hard,7.566666666666666,0.1403678065497076,1.1893507669483447,REACH,Reaching,2,False
vid5,Take 5 (hard),hard,7.6,0.1100531043026342,1.2130202927631888,REACH,Reaching,2,False
vid5,Take 5 (hard),hard,7.633333333333333,0.1845252416346766,1.20702072586949,REACH,Reaching,2,False
vid5,Take 5 (hard),hard,7.666666666666667,0.2297067772470563,1.1962458434226344,REACH,Reaching,2,False
vid5,Take 5 (hard),hard,7.7,0.3123232636678361,1.2008106209517782,REACH,Reaching,2,False
vid5,Take 5 (hard),hard,7.733333333333333,0.6392206986102588,1.198945112380774,REACH,Reaching,2,False
vid5,Take 5 (hard),hard,7.766666666666667,0.872334861028517,1.212268417763008,REACH,Reaching,2,False
vid5,Take 5 (hard),hard,7.8,1.343372324740942,1.2052968541619296,REACH,Reaching,2,False
vid5,Take 5 (hard),hard,7.833333333333333,1.7508822120259533,1.2099613276206171,REACH,Reaching,2,False
vid5,Take 5 (hard),hard,7.866666666666666,2.299968673371956,1.1951439599511928,REACH,Reaching,2,False
vid5,Take 5 (hard),hard,7.9,2.9066607557468833,1.1766991041924957,REACH,Reaching,2,False
vid5,Take 5 (hard),hard,7.933333333333334,3.37440370862981,1.1734970778607487,REACH,Reaching,2,False
vid5,Take 5 (hard),hard,7.966666666666667,4.074117489297699,1.1748491125427274,REACH,Reaching,2,False
vid5,Take 5 (hard),hard,8.0,4.545624915520875,1.2236046690238496,REACH,Reaching,2,False
vid5,Take 5 (hard),hard,8.033333333333333,4.881200732979512,1.2348108069647037,REACH,Reaching,2,False
vid5,Take 5 (hard),hard,8.066666666666666,5.007466250902423,1.273569017968697,REACH,Reaching,2,False
vid5,Take 5 (hard),hard,8.1,4.920515817704484,1.27841965630802,REACH,Reaching,2,False
vid5,Take 5 (hard),hard,8.133333333333333,4.845433418460468,1.276304702769564,REACH,Reaching,2,False
vid5,Take 5 (hard),hard,8.166666666666666,4.544866576004892,1.2161600421403056,REACH,Reaching,2,False
vid5,Take 5 (hard),hard,8.2,4.061215553561597,1.142986934589404,REACH,Reaching,2,False
vid5,Take 5 (hard),hard,8.233333333333333,3.3887809440272174,1.0590621621562637,REACH,Reaching,2,False
vid5,Take 5 (hard),hard,8.266666666666666,2.6970731874208465,1.0907399460804903,REACH,Reaching,2,False
vid5,Take 5 (hard),hard,8.3,2.487826460359686,1.1171706876923255,REACH,Reaching,2,False
vid5,Take 5 (hard),hard,8.333333333333334,2.297458819222898,1.034162390395233,GRASP,Grasping,3,False
vid5,Take 5 (hard),hard,8.366666666666667,1.997172804510506,0.9502737216158716,GRASP,Grasping,3,False
vid5,Take 5 (hard),hard,8.4,1.431860284504294,1.0284283461697918,GRASP,Grasping,3,False
vid5,Take 5 (hard),hard,8.433333333333334,0.7172649456953498,1.0795323564903487,GRASP,Grasping,3,False
vid5,Take 5 (hard),hard,8.466666666666667,0.3041752983787373,1.0100434649728482,GRASP,Grasping,3,False
vid5,Take 5 (hard),hard,8.5,0.1315887544489378,0.9133858952159176,GRASP,Grasping,3,False
vid5,Take 5 (hard),hard,8.533333333333333,0.1791137578376437,0.9049540269058912,GRASP,Grasping,3,False
vid5,Take 5 (hard),hard,8.566666666666666,0.1114237184476277,0.9266533220436612,GRASP,Grasping,3,False
vid5,Take 5 (hard),hard,8.6,0.0748966425693429,0.941377699588989,GRASP,Grasping,3,False
vid5,Take 5 (hard),hard,8.633333333333333,0.0403560609793715,0.9129475849094344,GRASP,Grasping,3,False
vid5,Take 5 (hard),hard,8.666666666666666,0.0575476540761389,0.9038993613947458,GRASP,Grasping,3,False
vid5,Take 5 (hard),hard,8.7,0.0984363622453292,0.9029978118393582,GRASP,Grasping,3,False
vid5,Take 5 (hard),hard,8.733333333333333,0.1169237258760475,0.900999855200642,GRASP,Grasping,3,False
vid5,Take 5 (hard),hard,8.766666666666666,0.0952862036984251,0.894342726321336,GRASP,Grasping,3,False
vid5,Take 5 (hard),hard,8.8,0.2017371286212756,0.8935297171333197,GRASP,Grasping,3,False
vid5,Take 5 (hard),hard,8.833333333333334,0.2325060598823431,0.8800925896660186,GRASP,Grasping,3,False
vid5,Take 5 (hard),hard,8.866666666666667,0.4527645072357515,0.8674130516644062,GRASP,Grasping,3,False
vid5,Take 5 (hard),hard,8.9,0.418255916227356,0.9157952217760236,GRASP,Grasping,3,False
vid5,Take 5 (hard),hard,8.933333333333334,0.9828292833944076,0.9634979163396412,GRASP,Grasping,3,False
vid5,Take 5 (hard),hard,8.966666666666667,1.707746667198062,0.9514767419106144,GRASP,Grasping,3,False
vid5,Take 5 (hard),hard,9.0,2.0992175811696763,0.895054141038003,GRASP,Grasping,3,False
vid5,Take 5 (hard),hard,9.033333333333331,2.053281219696399,0.9111101193022566,GRASP,Grasping,3,False
vid5,Take 5 (hard),hard,9.066666666666666,1.262753519216026,0.9526809920104504,GRASP,Grasping,3,False
vid5,Take 5 (hard),hard,9.1,0.7316366885690446,0.9045255756838576,GRASP,Grasping,3,False
vid5,Take 5 (hard),hard,9.133333333333333,1.5381226980343117,0.8554520143940972,GRASP,Grasping,3,False
vid5,Take 5 (hard),hard,9.166666666666666,2.865956495854973,0.8117741683946063,GRASP,Grasping,3,False
vid5,Take 5 (hard),hard,9.2,4.706252083176005,0.7205363390603963,GRASP,Grasping,3,False
vid5,Take 5 (hard),hard,9.233333333333333,6.783627690324125,0.6004329860026147,GRASP,Grasping,3,False
vid5,Take 5 (hard),hard,9.266666666666666,6.846056492963828,0.5959037503387665,GRASP,Grasping,3,False
vid5,Take 5 (hard),hard,9.3,5.399816072366268,0.6508299118112907,GRASP,Grasping,3,False
vid5,Take 5 (hard),hard,9.333333333333334,,,GRASP,Grasping,3,True
vid5,Take 5 (hard),hard,9.366666666666667,,,GRASP,Grasping,3,True
vid5,Take 5 (hard),hard,9.4,,,GRASP,Grasping,3,True
vid5,Take 5 (hard),hard,9.433333333333334,,,GRASP,Grasping,3,True
vid5,Take 5 (hard),hard,9.466666666666669,,,GRASP,Grasping,3,True
vid5,Take 5 (hard),hard,9.5,,,GRASP,Grasping,3,True
vid5,Take 5 (hard),hard,9.533333333333331,,,GRASP,Grasping,3,True
vid5,Take 5 (hard),hard,9.566666666666666,,,GRASP,Grasping,3,True
vid5,Take 5 (hard),hard,9.6,,,GRASP,Grasping,3,True
vid5,Take 5 (hard),hard,9.633333333333333,,,HOLD,Holding,4,True
vid5,Take 5 (hard),hard,9.666666666666666,,,HOLD,Holding,4,True
vid5,Take 5 (hard),hard,9.7,,,HOLD,Holding,4,True
vid5,Take 5 (hard),hard,9.733333333333333,,,HOLD,Holding,4,True
vid5,Take 5 (hard),hard,9.766666666666666,,,HOLD,Holding,4,True
vid5,Take 5 (hard),hard,9.8,,,HOLD,Holding,4,True
vid5,Take 5 (hard),hard,9.833333333333334,,,HOLD,Holding,4,True
vid5,Take 5 (hard),hard,9.866666666666667,2.5851393165997125,0.700485518136013,HOLD,Holding,4,False
vid5,Take 5 (hard),hard,9.9,5.200121125179264,0.6856228674103859,HOLD,Holding,4,False
vid5,Take 5 (hard),hard,9.933333333333334,6.930703101739881,0.6741384525647155,HOLD,Holding,4,False
vid5,Take 5 (hard),hard,9.966666666666669,6.876268810894244,0.6596439660299988,HOLD,Holding,4,False
vid5,Take 5 (hard),hard,10.0,6.606642347030824,0.6813979698458934,HOLD,Holding,4,False
vid5,Take 5 (hard),hard,10.033333333333331,6.0731696384742975,0.7045458744961137,HOLD,Holding,4,False
vid5,Take 5 (hard),hard,10.066666666666666,5.258927603129419,0.7472719857888404,HOLD,Holding,4,False
vid5,Take 5 (hard),hard,10.1,4.310796470988554,0.7558833068104941,HOLD,Holding,4,False
vid5,Take 5 (hard),hard,10.133333333333333,3.377769611866744,0.7483272916234023,HOLD,Holding,4,False
vid5,Take 5 (hard),hard,10.166666666666666,2.621104150214205,0.7549836863173601,HOLD,Holding,4,False
vid5,Take 5 (hard),hard,10.2,1.8941724866587824,0.7635446595987277,HOLD,Holding,4,False
vid5,Take 5 (hard),hard,10.233333333333333,1.1002310723825872,0.7867248552021122,HOLD,Holding,4,False
vid5,Take 5 (hard),hard,10.266666666666666,0.4220183630070724,0.8007202513057087,HOLD,Holding,4,False
vid5,Take 5 (hard),hard,10.3,0.1293716525765801,0.792324319147404,HOLD,Holding,4,False
vid5,Take 5 (hard),hard,10.333333333333334,0.09084309175936,0.7267023335314416,HOLD,Holding,4,False
vid5,Take 5 (hard),hard,10.366666666666667,0.1208043863803435,0.683177191585635,HOLD,Holding,4,False
vid5,Take 5 (hard),hard,10.4,0.1868801105784761,0.6807730248287269,HOLD,Holding,4,False
vid5,Take 5 (hard),hard,10.433333333333334,0.2450627536665461,0.707968524357874,HOLD,Holding,4,False
vid5,Take 5 (hard),hard,10.466666666666669,0.2077238326018506,0.7140333723640089,HOLD,Holding,4,False
vid5,Take 5 (hard),hard,10.5,0.0849284722726376,0.6972712743172592,HOLD,Holding,4,False
vid5,Take 5 (hard),hard,10.533333333333331,0.0450041806815778,0.6651406133626699,HOLD,Holding,4,False
vid5,Take 5 (hard),hard,10.566666666666666,0.0532099275695575,0.6387583103003612,HOLD,Holding,4,False
vid5,Take 5 (hard),hard,10.6,0.0736286798479169,0.6300117561852646,HOLD,Holding,4,False
vid5,Take 5 (hard),hard,10.633333333333333,0.0923248067555891,0.6220901776789566,HOLD,Holding,4,False
vid5,Take 5 (hard),hard,10.666666666666666,0.1328563853910335,0.6273252140571479,HOLD,Holding,4,False
vid5,Take 5 (hard),hard,10.7,0.0993510584204064,0.6202770339822937,HOLD,Holding,4,False
vid5,Take 5 (hard),hard,10.733333333333333,0.1110192459803324,0.6337793436320284,HOLD,Holding,4,False
vid5,Take 5 (hard),hard,10.766666666666666,0.1111082516319146,0.6392746635652341,HOLD,Holding,4,False
vid5,Take 5 (hard),hard,10.8,0.1592073359536012,0.6589213192623783,HOLD,Holding,4,False
vid5,Take 5 (hard),hard,10.833333333333334,0.1356424829647825,0.6770004805999521,HOLD,Holding,4,False
vid5,Take 5 (hard),hard,10.866666666666667,0.179133935917728,0.6916421679399116,HOLD,Holding,4,False
vid5,Take 5 (hard),hard,10.9,0.2526470230141518,0.673932529651942,HOLD,Holding,4,False
vid5,Take 5 (hard),hard,10.933333333333334,0.5947419170549687,0.6364532838863348,HOLD,Holding,4,False
vid5,Take 5 (hard),hard,10.966666666666669,0.9044483967547776,0.6591637056868249,HOLD,Holding,4,False
vid5,Take 5 (hard),hard,11.0,1.1915961176752612,0.708994744833634,HOLD,Holding,4,False
vid5,Take 5 (hard),hard,11.033333333333331,1.4160685362834982,0.7497941330762218,HOLD,Holding,4,False
vid5,Take 5 (hard),hard,11.066666666666666,1.6926830399845727,0.7055980353877404,HOLD,Holding,4,False
vid5,Take 5 (hard),hard,11.1,2.249939268220696,0.7312149547040777,HOLD,Holding,4,False
vid5,Take 5 (hard),hard,11.133333333333333,3.006006842255168,0.7235507252823318,RELEASE,Releasing,5,False
vid5,Take 5 (hard),hard,11.166666666666666,4.304296479338815,0.803313775029351,RELEASE,Releasing,5,False
vid5,Take 5 (hard),hard,11.2,5.790540843067798,0.8655008788209786,RELEASE,Releasing,5,False
vid5,Take 5 (hard),hard,11.233333333333333,7.206367128991224,0.9359823984669414,RELEASE,Releasing,5,False
vid5,Take 5 (hard),hard,11.266666666666666,8.018197715603025,0.9203412017737116,RELEASE,Releasing,5,False
vid5,Take 5 (hard),hard,11.3,8.057544165436736,0.926554211088593,RETRACT,Returning,6,False
vid5,Take 5 (hard),hard,11.333333333333334,7.8730238338657665,0.9049572424731164,RETRACT,Returning,6,False
vid5,Take 5 (hard),hard,11.366666666666667,7.475343773630623,0.8790879134781792,RETRACT,Returning,6,False
vid5,Take 5 (hard),hard,11.4,6.926481673471612,0.867049675429777,RETRACT,Returning,6,False
vid5,Take 5 (hard),hard,11.433333333333334,6.379507803389409,0.9249887742719348,RETRACT,Returning,6,False
vid5,Take 5 (hard),hard,11.466666666666669,5.778286269755256,0.9765967751758876,RETRACT,Returning,6,False
vid5,Take 5 (hard),hard,11.5,5.145335389759766,1.0410732881195122,RETRACT,Returning,6,False
vid5,Take 5 (hard),hard,11.533333333333331,4.595385365714928,1.0695040614133184,RETRACT,Returning,6,False
vid5,Take 5 (hard),hard,11.566666666666666,4.142552217124124,1.0893491096695855,RETRACT,Returning,6,False
vid5,Take 5 (hard),hard,11.6,3.7398635256738313,1.0462852361314898,RETRACT,Returning,6,False
vid5,Take 5 (hard),hard,11.633333333333333,3.5417688297036767,1.0369279435870444,RETRACT,Returning,6,False
vid5,Take 5 (hard),hard,11.666666666666666,3.083815381777979,1.05424794496038,RETRACT,Returning,6,False
vid5,Take 5 (hard),hard,11.7,2.5073448124667856,1.0520306142970806,RETRACT,Returning,6,False
vid5,Take 5 (hard),hard,11.733333333333333,1.5384660149948723,0.9828936819207148,REST,At rest,1,False
vid5,Take 5 (hard),hard,11.766666666666666,0.6167226622717744,0.9171477884269188,REST,At rest,1,False
vid5,Take 5 (hard),hard,11.8,0.33757361089015,0.847825018167474,REST,At rest,1,False
vid5,Take 5 (hard),hard,11.833333333333334,0.3716665931293516,0.8506107588232003,REST,At rest,1,False
vid5,Take 5 (hard),hard,11.866666666666667,0.1296738938804434,0.8864447847693177,REST,At rest,1,False
vid5,Take 5 (hard),hard,11.9,0.1694363830767947,0.9100669182540916,REST,At rest,1,False
vid5,Take 5 (hard),hard,11.933333333333334,0.4462578436864858,0.8827923062956888,REST,At rest,1,False
vid5,Take 5 (hard),hard,11.966666666666669,0.1401696824121035,0.8708013935695494,REST,At rest,1,False
vid5,Take 5 (hard),hard,12.0,0.3645347246551411,0.916889911365572,REST,At rest,1,False
vid5,Take 5 (hard),hard,12.033333333333331,0.198461845665911,0.9607096810628968,REST,At rest,1,False
vid5,Take 5 (hard),hard,12.066666666666666,0.3239903702373141,0.957314607070303,REST,At rest,1,False
vid5,Take 5 (hard),hard,12.1,0.0903119842524887,0.9330277289870904,REST,At rest,1,False
vid5,Take 5 (hard),hard,12.133333333333333,0.1118663016025419,0.9354475731602068,REST,At rest,1,False
vid5,Take 5 (hard),hard,12.166666666666666,0.2696286139025319,0.9161996951191628,REST,At rest,1,False
vid5,Take 5 (hard),hard,12.2,0.1295652918995469,0.9026227522609732,REST,At rest,1,False
vid5,Take 5 (hard),hard,12.233333333333333,0.5589023227380183,0.9320427158113272,REST,At rest,1,False
vid5,Take 5 (hard),hard,12.266666666666666,0.6091601228210958,0.957531277017914,REST,At rest,1,False
vid5,Take 5 (hard),hard,12.3,0.300622651344623,0.9667360044956887,REST,At rest,1,False
vid5,Take 5 (hard),hard,12.333333333333334,0.2280382249684073,0.9793063669588616,REST,At rest,1,False
vid5,Take 5 (hard),hard,12.366666666666667,0.1277663488778165,0.9686802255179676,REST,At rest,1,False
vid5,Take 5 (hard),hard,12.4,0.1863817582805622,0.952490741301064,REST,At rest,1,False
vid5,Take 5 (hard),hard,12.433333333333334,0.1713805408023117,0.9555787227166348,REST,At rest,1,False
vid5,Take 5 (hard),hard,12.466666666666669,0.0048693321702932,0.9570841938898365,REST,At rest,1,False
vid5,Take 5 (hard),hard,12.5,0.0840311033227995,0.9508511258809476,REST,At rest,1,False
vid5,Take 5 (hard),hard,12.533333333333331,0.0786141910687442,0.9497473963369354,REST,At rest,1,False
vid5,Take 5 (hard),hard,12.566666666666666,0.1655122765326174,0.974007067563015,REST,At rest,1,False
vid5,Take 5 (hard),hard,12.6,0.0396346049324164,0.989700500753452,REST,At rest,1,False
vid5,Take 5 (hard),hard,12.633333333333333,0.0863871881831959,0.9889126460812626,REST,At rest,1,False
vid5,Take 5 (hard),hard,12.666666666666666,0.1002325802180813,0.959765465937596,REST,At rest,1,False
vid5,Take 5 (hard),hard,12.7,0.0876637156444341,0.957813321599848,REST,At rest,1,False
vid5,Take 5 (hard),hard,12.733333333333333,0.0342562478927654,0.9788675875026353,REST,At rest,1,False
vid5,Take 5 (hard),hard,12.766666666666666,0.0321898278515249,0.9828780731232716,REST,At rest,1,False
vid5,Take 5 (hard),hard,12.8,0.0921663600111843,0.98101828334958,REST,At rest,1,False
vid5,Take 5 (hard),hard,12.833333333333334,0.2497886117942967,0.9823708268387982,REST,At rest,1,False
vid5,Take 5 (hard),hard,12.866666666666667,0.0880196052912305,0.9819807098879286,REST,At rest,1,False
vid5,Take 5 (hard),hard,12.9,0.0379068419984847,0.9740457395993598,REST,At rest,1,False
vid5,Take 5 (hard),hard,12.933333333333334,0.0585599455487957,0.985738643044638,REST,At rest,1,False
vid5,Take 5 (hard),hard,12.966666666666669,0.1404664401380665,0.9945966689803708,REST,At rest,1,False
vid5,Take 5 (hard),hard,13.0,0.123076917834957,0.9652280488609748,REST,At rest,1,False
vid5,Take 5 (hard),hard,13.033333333333331,0.1229577117591713,0.9698008168545758,REST,At rest,1,False
vid5,Take 5 (hard),hard,13.066666666666666,0.0735657166551181,0.9887560024437498,REST,At rest,1,False
vid5,Take 5 (hard),hard,13.1,0.1254827458850403,0.9981443464039929,REST,At rest,1,False
vid5,Take 5 (hard),hard,13.133333333333333,0.0361728762347018,0.9580118989917892,REST,At rest,1,False
vid5,Take 5 (hard),hard,13.166666666666666,0.1605353692075639,0.9612788268224174,REST,At rest,1,False
vid5,Take 5 (hard),hard,13.2,0.0789922152481407,0.944923521205652,REST,At rest,1,False
vid5,Take 5 (hard),hard,13.233333333333333,0.1970578925655171,0.9568986868243804,REST,At rest,1,False
vid5,Take 5 (hard),hard,13.266666666666666,0.0470598916220522,0.9404237600429626,REST,At rest,1,False
vid5,Take 5 (hard),hard,13.3,0.1045634182278857,0.9656060841946604,REST,At rest,1,False
vid5,Take 5 (hard),hard,13.333333333333334,0.1524273561402571,0.9545640210422226,REST,At rest,1,False
vid5,Take 5 (hard),hard,13.366666666666667,0.0852859940552394,0.9662440794886458,REST,At rest,1,False
vid5,Take 5 (hard),hard,13.4,0.1049174483817367,0.946095581539793,REST,At rest,1,False
vid5,Take 5 (hard),hard,13.433333333333334,0.141587304895529,0.9709634474186808,REST,At rest,1,False
vid5,Take 5 (hard),hard,13.466666666666669,0.0913205123787047,0.9766693510858308,REST,At rest,1,False
vid5,Take 5 (hard),hard,13.5,0.1676905708195328,0.9769670905903431,REST,At rest,1,False
vid5,Take 5 (hard),hard,13.533333333333331,0.3625778175510909,0.9424446447938594,REST,At rest,1,False
vid5,Take 5 (hard),hard,13.566666666666666,0.6089730672600249,0.9579952955762238,REST,At rest,1,False
vid5,Take 5 (hard),hard,13.6,0.8573434438271613,0.9702118088070634,REST,At rest,1,False
vid5,Take 5 (hard),hard,13.633333333333333,1.9132204046556736,1.013938231438695,REST,At rest,1,False
vid5,Take 5 (hard),hard,13.666666666666666,3.565837035692616,1.0098137264776308,REST,At rest,1,False
vid5,Take 5 (hard),hard,13.7,5.201879603977172,0.9650471985088408,REACH,Reaching,2,False
vid5,Take 5 (hard),hard,13.733333333333333,6.542328686786291,0.8409680266249207,REACH,Reaching,2,False
vid5,Take 5 (hard),hard,13.766666666666666,7.286036892132439,0.7782643760400607,REACH,Reaching,2,False
vid5,Take 5 (hard),hard,13.8,7.714763449724616,0.7928327900687719,REACH,Reaching,2,False
vid5,Take 5 (hard),hard,13.833333333333334,7.729989710046606,0.8455886276530069,REACH,Reaching,2,False
vid5,Take 5 (hard),hard,13.866666666666667,7.131381306541511,0.8625813267080421,REACH,Reaching,2,False
vid5,Take 5 (hard),hard,13.9,6.733304150506739,0.9855068615388856,REACH,Reaching,2,False
vid5,Take 5 (hard),hard,13.933333333333334,6.35899905591207,1.1252236432923626,REACH,Reaching,2,False
vid5,Take 5 (hard),hard,13.966666666666669,5.915135938546602,1.219769281965532,REACH,Reaching,2,False
vid5,Take 5 (hard),hard,14.0,5.249592352932174,1.2363998198954196,REACH,Reaching,2,False
vid5,Take 5 (hard),hard,14.033333333333331,4.471036540658098,1.2778179369964766,REACH,Reaching,2,False
vid5,Take 5 (hard),hard,14.066666666666666,4.247973678816711,1.1656974409089995,REACH,Reaching,2,False
vid5,Take 5 (hard),hard,14.1,4.447122010288295,1.0458943143393409,REACH,Reaching,2,False
vid5,Take 5 (hard),hard,14.133333333333333,4.715133120155401,1.0772150206112177,REACH,Reaching,2,False
vid5,Take 5 (hard),hard,14.166666666666666,5.004445892324669,1.200206772868065,REACH,Reaching,2,False
vid5,Take 5 (hard),hard,14.2,4.806988508379883,1.1089761433085517,REACH,Reaching,2,False
vid5,Take 5 (hard),hard,14.233333333333333,4.244403515709495,0.8724550262254765,GRASP,Grasping,3,False
vid5,Take 5 (hard),hard,14.266666666666666,3.4275186359256495,0.6639550508975977,GRASP,Grasping,3,False
vid5,Take 5 (hard),hard,14.3,2.4384743291864828,0.5902324831982284,GRASP,Grasping,3,False
vid5,Take 5 (hard),hard,14.333333333333334,1.6957881319646084,0.5294677951173842,GRASP,Grasping,3,False
vid5,Take 5 (hard),hard,14.366666666666667,1.0243044538924586,0.4788216889255252,GRASP,Grasping,3,False
vid5,Take 5 (hard),hard,14.4,0.5243225885943803,0.4260303909950775,GRASP,Grasping,3,False
vid5,Take 5 (hard),hard,14.433333333333334,0.2383573952676137,0.4276587875698476,GRASP,Grasping,3,False
vid5,Take 5 (hard),hard,14.466666666666669,0.3917247143688713,0.4345338364943904,GRASP,Grasping,3,False
vid5,Take 5 (hard),hard,14.5,0.3578471440394275,0.4494059711335614,GRASP,Grasping,3,False
vid5,Take 5 (hard),hard,14.533333333333331,0.2727477885252711,0.4547602188746429,GRASP,Grasping,3,False
vid5,Take 5 (hard),hard,14.566666666666666,0.2100445987033052,0.4627640557437379,GRASP,Grasping,3,False
vid5,Take 5 (hard),hard,14.6,0.2195064777527067,0.4726559951531197,GRASP,Grasping,3,False
vid5,Take 5 (hard),hard,14.633333333333333,0.2520542419030787,0.4918558947156513,GRASP,Grasping,3,False
vid5,Take 5 (hard),hard,14.666666666666666,0.3172055449417861,0.5035660323526874,GRASP,Grasping,3,False
vid5,Take 5 (hard),hard,14.7,0.3278520319639225,0.4937410619764316,GRASP,Grasping,3,False
vid5,Take 5 (hard),hard,14.733333333333333,0.3367899311793112,0.4792971601247289,GRASP,Grasping,3,False
vid5,Take 5 (hard),hard,14.766666666666666,0.2906697311475718,0.4811162575642926,GRASP,Grasping,3,False
vid5,Take 5 (hard),hard,14.8,0.0304225645359272,0.4834140062957382,GRASP,Grasping,3,False
vid5,Take 5 (hard),hard,14.833333333333334,0.3150676514085769,0.4758181421168783,GRASP,Grasping,3,False
vid5,Take 5 (hard),hard,14.866666666666667,0.4284667040500399,0.4731483443054414,GRASP,Grasping,3,False
vid5,Take 5 (hard),hard,14.9,0.3278274061370531,0.4695916481241997,GRASP,Grasping,3,False
vid5,Take 5 (hard),hard,14.933333333333334,0.5374954539767792,0.5237861040347971,GRASP,Grasping,3,False
vid5,Take 5 (hard),hard,14.966666666666669,1.211244794595556,0.5838620243805707,GRASP,Grasping,3,False
vid5,Take 5 (hard),hard,15.0,1.3254518739302936,0.7271335630181254,GRASP,Grasping,3,False
vid5,Take 5 (hard),hard,15.033333333333331,1.3065856475087945,0.8398764284242024,GRASP,Grasping,3,False
vid5,Take 5 (hard),hard,15.066666666666666,1.5126350417886625,0.9929114008634476,GRASP,Grasping,3,False
vid5,Take 5 (hard),hard,15.1,1.371118057049742,1.1283779284520827,GRASP,Grasping,3,False
vid5,Take 5 (hard),hard,15.133333333333333,1.407151214903177,1.2008775988373024,GRASP,Grasping,3,False
vid5,Take 5 (hard),hard,15.166666666666666,1.1558487687972612,1.1954159128246191,GRASP,Grasping,3,False
vid5,Take 5 (hard),hard,15.2,0.6945767004268093,1.22216756467245,GRASP,Grasping,3,False
vid5,Take 5 (hard),hard,15.233333333333333,0.7108467343524054,1.3250120886759833,GRASP,Grasping,3,False
vid5,Take 5 (hard),hard,15.266666666666666,1.1250015211171402,1.338880864489134,GRASP,Grasping,3,False
vid5,Take 5 (hard),hard,15.3,1.4242048319047818,1.3137678363557166,GRASP,Grasping,3,False
vid5,Take 5 (hard),hard,15.333333333333334,1.3050097058149075,1.190011863949551,GRASP,Grasping,3,False
vid5,Take 5 (hard),hard,15.366666666666667,1.0203299210834642,1.0721625403992188,GRASP,Grasping,3,False
vid5,Take 5 (hard),hard,15.4,0.6194926746431184,1.0123777440174482,GRASP,Grasping,3,False
vid5,Take 5 (hard),hard,15.433333333333334,0.5238244970170599,1.0200914275834885,GRASP,Grasping,3,False
vid5,Take 5 (hard),hard,15.466666666666669,0.5666751254871328,0.9709977107667132,GRASP,Grasping,3,False
vid5,Take 5 (hard),hard,15.5,0.2914144629106629,0.887075656660189,GRASP,Grasping,3,False
vid5,Take 5 (hard),hard,15.533333333333331,0.2797459547083094,0.853296890483744,GRASP,Grasping,3,False
vid5,Take 5 (hard),hard,15.566666666666666,0.1733884362972411,0.8410112261059042,GRASP,Grasping,3,False
vid5,Take 5 (hard),hard,15.6,0.3928369181498853,0.8444148059309405,GRASP,Grasping,3,False
vid5,Take 5 (hard),hard,15.633333333333333,0.3827405861660397,0.8025018770000267,GRASP,Grasping,3,False
vid5,Take 5 (hard),hard,15.666666666666666,0.4752195566763093,0.7482792498442739,GRASP,Grasping,3,False
vid5,Take 5 (hard),hard,15.7,0.6606571495165817,0.7195726459773366,GRASP,Grasping,3,False
vid5,Take 5 (hard),hard,15.733333333333333,0.4416874762538097,0.7171584088003692,GRASP,Grasping,3,False
vid5,Take 5 (hard),hard,15.766666666666666,0.4739843251308949,0.7067256615996514,GRASP,Grasping,3,False
vid5,Take 5 (hard),hard,15.8,0.572346759692158,0.6887495883888438,GRASP,Grasping,3,False
vid5,Take 5 (hard),hard,15.833333333333334,0.7601476873544509,0.7037406928972295,GRASP,Grasping,3,False
vid5,Take 5 (hard),hard,15.866666666666667,0.7946661145671903,0.6804913399738639,GRASP,Grasping,3,False
vid5,Take 5 (hard),hard,15.9,0.8303733975580022,0.653915507828123,GRASP,Grasping,3,False
vid5,Take 5 (hard),hard,15.933333333333334,0.9466346499390136,0.6430064151079248,GRASP,Grasping,3,False
vid5,Take 5 (hard),hard,15.966666666666669,1.009833081341175,0.6182485489057123,GRASP,Grasping,3,False
vid5,Take 5 (hard),hard,16.0,0.9756167528641494,0.5522620912818321,GRASP,Grasping,3,False
vid5,Take 5 (hard),hard,16.03333333333333,0.7396789033291808,0.525573152366782,GRASP,Grasping,3,False
vid5,Take 5 (hard),hard,16.066666666666666,0.4745348554664922,0.5451925782272139,GRASP,Grasping,3,False
vid5,Take 5 (hard),hard,16.1,0.136080264944459,0.5518310904749187,GRASP,Grasping,3,False
vid5,Take 5 (hard),hard,16.133333333333333,0.0687105873461761,0.5501822581101568,GRASP,Grasping,3,False
vid5,Take 5 (hard),hard,16.166666666666668,0.1690132237603636,0.5591627066561038,GRASP,Grasping,3,False
vid5,Take 5 (hard),hard,16.2,0.0977489430496774,0.5506994934851985,GRASP,Grasping,3,False
vid5,Take 5 (hard),hard,16.233333333333334,0.1141152597374785,0.5392342148803149,GRASP,Grasping,3,False
vid5,Take 5 (hard),hard,16.266666666666666,0.130955857875619,0.5327300205681678,GRASP,Grasping,3,False
vid5,Take 5 (hard),hard,16.3,0.0536473604058667,0.53500055356572,GRASP,Grasping,3,False
vid5,Take 5 (hard),hard,16.333333333333332,0.0585243771028589,0.5335927995949783,GRASP,Grasping,3,False
vid5,Take 5 (hard),hard,16.366666666666667,0.081776929890464,0.535454507478277,GRASP,Grasping,3,False
vid5,Take 5 (hard),hard,16.4,0.0379918939182843,0.5271107419101054,GRASP,Grasping,3,False
vid5,Take 5 (hard),hard,16.433333333333334,0.030135611192109,0.5344476945371602,GRASP,Grasping,3,False
vid5,Take 5 (hard),hard,16.466666666666665,0.0402751217828046,0.5410479817262988,GRASP,Grasping,3,False
vid5,Take 5 (hard),hard,16.5,0.0235113488313221,0.5405513289694548,GRASP,Grasping,3,False
vid5,Take 5 (hard),hard,16.53333333333333,0.0900276082263424,0.5337853002300437,GRASP,Grasping,3,False
vid5,Take 5 (hard),hard,16.566666666666666,0.1056639967416482,0.5424748960256035,GRASP,Grasping,3,False
vid5,Take 5 (hard),hard,16.6,0.2546995039214929,0.5370509742861023,GRASP,Grasping,3,False
vid5,Take 5 (hard),hard,16.633333333333333,0.6434026751909486,0.5310224467287948,GRASP,Grasping,3,False
vid5,Take 5 (hard),hard,16.666666666666668,1.3144931575550511,0.5493881720214113,GRASP,Grasping,3,False
vid5,Take 5 (hard),hard,16.7,2.67097851199337,0.5981953583466738,GRASP,Grasping,3,False
vid5,Take 5 (hard),hard,16.733333333333334,4.278274282980379,0.6083460111736161,GRASP,Grasping,3,False
vid5,Take 5 (hard),hard,16.766666666666666,6.042466753858757,0.5306256414359146,GRASP,Grasping,3,False
vid5,Take 5 (hard),hard,16.8,7.496344878627757,0.4349176126656388,GRASP,Grasping,3,False
vid5,Take 5 (hard),hard,16.833333333333332,8.408408513501747,0.4099487775387628,GRASP,Grasping,3,False
vid5,Take 5 (hard),hard,16.866666666666667,8.442460761069393,0.4313959520455592,GRASP,Grasping,3,False
vid5,Take 5 (hard),hard,16.9,7.524648524303167,0.4697704952503829,GRASP,Grasping,3,False
vid5,Take 5 (hard),hard,16.933333333333334,6.336688548947407,0.5800752889670142,GRASP,Grasping,3,False
vid5,Take 5 (hard),hard,16.966666666666665,5.3034931041695454,0.6910467863783096,GRASP,Grasping,3,False
vid5,Take 5 (hard),hard,17.0,4.176668207088184,0.7433663490291863,GRASP,Grasping,3,False
vid5,Take 5 (hard),hard,17.03333333333333,2.680057983987797,0.7106779188359886,GRASP,Grasping,3,False
vid5,Take 5 (hard),hard,17.066666666666666,1.3286340153779506,0.6839907869658158,GRASP,Grasping,3,False
vid5,Take 5 (hard),hard,17.1,,,GRASP,Grasping,3,True
vid5,Take 5 (hard),hard,17.133333333333333,,,HOLD,Holding,4,True
vid5,Take 5 (hard),hard,17.166666666666668,,,HOLD,Holding,4,True
vid5,Take 5 (hard),hard,17.2,,,HOLD,Holding,4,True
vid5,Take 5 (hard),hard,17.233333333333334,,,HOLD,Holding,4,True
vid5,Take 5 (hard),hard,17.266666666666666,,,HOLD,Holding,4,True
vid5,Take 5 (hard),hard,17.3,0.4216498397647945,0.702667952012009,HOLD,Holding,4,False
vid5,Take 5 (hard),hard,17.333333333333332,0.5516977161286445,0.7320979907881389,HOLD,Holding,4,False
vid5,Take 5 (hard),hard,17.366666666666667,0.520558696041791,0.7884359206487074,HOLD,Holding,4,False
vid5,Take 5 (hard),hard,17.4,0.4215453247180408,0.812044578497045,HOLD,Holding,4,False
vid5,Take 5 (hard),hard,17.433333333333334,0.5295062625864648,0.784173277780799,HOLD,Holding,4,False
vid5,Take 5 (hard),hard,17.466666666666665,0.5985797697001494,0.7746083526538481,HOLD,Holding,4,False
vid5,Take 5 (hard),hard,17.5,0.7308164924152771,0.8886354072394111,HOLD,Holding,4,False
vid5,Take 5 (hard),hard,17.53333333333333,0.5706180054504963,0.9715066956307796,HOLD,Holding,4,False
vid5,Take 5 (hard),hard,17.566666666666666,0.6827964466202738,0.9760988877262574,HOLD,Holding,4,False
vid5,Take 5 (hard),hard,17.6,0.6485418284069648,0.9219569146331724,HOLD,Holding,4,False
vid5,Take 5 (hard),hard,17.633333333333333,0.9543308682436652,0.9799851996449184,HOLD,Holding,4,False
vid5,Take 5 (hard),hard,17.666666666666668,1.1328126783198855,1.0712808657056505,HOLD,Holding,4,False
vid5,Take 5 (hard),hard,17.7,1.1779651242676528,1.09741948799134,HOLD,Holding,4,False
vid5,Take 5 (hard),hard,17.733333333333334,1.630285694735205,0.9761256959739284,HOLD,Holding,4,False
vid5,Take 5 (hard),hard,17.766666666666666,2.4795863976064947,0.859257224631865,HOLD,Holding,4,False
vid5,Take 5 (hard),hard,17.8,3.418871681561873,0.8347689513874816,HOLD,Holding,4,False
vid5,Take 5 (hard),hard,17.833333333333332,4.128279510828017,0.8595859791831553,HOLD,Holding,4,False
vid5,Take 5 (hard),hard,17.866666666666667,4.412052852891113,0.7988839457332056,HOLD,Holding,4,False
vid5,Take 5 (hard),hard,17.9,4.556778037033302,0.7172561521152044,HOLD,Holding,4,False
vid5,Take 5 (hard),hard,17.933333333333334,4.463787433466209,0.6036909347739629,HOLD,Holding,4,False
vid5,Take 5 (hard),hard,17.966666666666665,3.9501871772898536,0.5320144653572227,HOLD,Holding,4,False
vid5,Take 5 (hard),hard,18.0,3.4277431778662324,0.5168271972755819,HOLD,Holding,4,False
vid5,Take 5 (hard),hard,18.03333333333333,2.6767922254264356,0.5176554972176118,HOLD,Holding,4,False
vid5,Take 5 (hard),hard,18.066666666666663,1.9765808286901352,0.5004444402240856,HOLD,Holding,4,False
vid5,Take 5 (hard),hard,18.1,1.4513934186523858,0.4978612785148835,HOLD,Holding,4,False
vid5,Take 5 (hard),hard,18.133333333333333,0.8236475010187982,0.5245375497352278,HOLD,Holding,4,False
vid5,Take 5 (hard),hard,18.166666666666668,0.4498565193199429,0.5237818018864351,HOLD,Holding,4,False
vid5,Take 5 (hard),hard,18.2,0.293127465422066,0.5476833632168161,HOLD,Holding,4,False
vid5,Take 5 (hard),hard,18.233333333333334,0.3520343178788768,0.5787852921614705,HOLD,Holding,4,False
vid5,Take 5 (hard),hard,18.266666666666666,0.6490450038014485,0.5676967189013735,HOLD,Holding,4,False
vid5,Take 5 (hard),hard,18.3,1.022349656576328,0.5370881378995184,HOLD,Holding,4,False
vid5,Take 5 (hard),hard,18.333333333333332,1.1349733235407942,0.5289772281548397,HOLD,Holding,4,False
vid5,Take 5 (hard),hard,18.366666666666667,1.3114930313913953,0.5399622956711614,HOLD,Holding,4,False
vid5,Take 5 (hard),hard,18.4,1.541881722670652,0.589314277148487,HOLD,Holding,4,False
vid5,Take 5 (hard),hard,18.433333333333337,1.7022769667811013,0.6313608536327238,HOLD,Holding,4,False
vid5,Take 5 (hard),hard,18.466666666666665,1.947114050232602,0.6609105110491116,HOLD,Holding,4,False
vid5,Take 5 (hard),hard,18.5,2.044389008483315,0.6761861900067346,HOLD,Holding,4,False
vid5,Take 5 (hard),hard,18.53333333333333,1.9622476195843763,0.6796912272097817,HOLD,Holding,4,False
vid5,Take 5 (hard),hard,18.566666666666663,1.5200053918371956,0.6438612503322619,HOLD,Holding,4,False
vid5,Take 5 (hard),hard,18.6,0.8800426455929273,0.6079102952122645,HOLD,Holding,4,False
vid5,Take 5 (hard),hard,18.633333333333333,0.4413834118164135,0.6127101753176496,HOLD,Holding,4,False
vid5,Take 5 (hard),hard,18.666666666666668,0.1764421991088628,0.6362860336470689,HOLD,Holding,4,False
vid5,Take 5 (hard),hard,18.7,0.0972557899891423,0.6397325083629556,HOLD,Holding,4,False
vid5,Take 5 (hard),hard,18.733333333333334,0.0799847989140933,0.6362059637849479,HOLD,Holding,4,False
vid5,Take 5 (hard),hard,18.766666666666666,0.0548768465357934,0.6467486981001689,HOLD,Holding,4,False
vid5,Take 5 (hard),hard,18.8,0.1799677318193343,0.6569888637242112,HOLD,Holding,4,False
vid5,Take 5 (hard),hard,18.833333333333332,0.0889652539326871,0.6535867310287993,HOLD,Holding,4,False
vid5,Take 5 (hard),hard,18.866666666666667,0.1907663015153139,0.6579228337688044,HOLD,Holding,4,False
vid5,Take 5 (hard),hard,18.9,0.2882328761763278,0.6588019642669066,HOLD,Holding,4,False
vid5,Take 5 (hard),hard,18.933333333333337,0.2515393253811546,0.6394474677576161,HOLD,Holding,4,False
vid5,Take 5 (hard),hard,18.966666666666665,0.1376071907831617,0.6288331296907255,HOLD,Holding,4,False
vid5,Take 5 (hard),hard,19.0,0.0924923866554778,0.6228951607921409,HOLD,Holding,4,False
vid5,Take 5 (hard),hard,19.03333333333333,0.308699766631988,0.6292443073483698,HOLD,Holding,4,False
vid5,Take 5 (hard),hard,19.066666666666663,0.5278254189484709,0.6501670336186505,HOLD,Holding,4,False
vid5,Take 5 (hard),hard,19.1,0.7456317343616278,0.6811178004387307,HOLD,Holding,4,False
vid5,Take 5 (hard),hard,19.133333333333333,0.878456513536634,0.7305159091441127,HOLD,Holding,4,False
vid5,Take 5 (hard),hard,19.166666666666668,1.167505374454436,0.7815147734476301,HOLD,Holding,4,False
vid5,Take 5 (hard),hard,19.2,1.5785516953633578,0.8274655662854314,HOLD,Holding,4,False
vid5,Take 5 (hard),hard,19.233333333333334,1.9539462668733945,0.7789555219153996,HOLD,Holding,4,False
vid5,Take 5 (hard),hard,19.266666666666666,2.4926946151586247,0.7852750438020124,RELEASE,Releasing,5,False
vid5,Take 5 (hard),hard,19.3,3.0922176909392785,0.8138585547130543,RELEASE,Releasing,5,False
vid5,Take 5 (hard),hard,19.333333333333332,4.01768714581499,0.90901540867337,RELEASE,Releasing,5,False
vid5,Take 5 (hard),hard,19.366666666666667,4.830793394457562,0.906145814144568,RELEASE,Releasing,5,False
vid5,Take 5 (hard),hard,19.4,5.550014342524677,0.875350518686528,RELEASE,Releasing,5,False
vid5,Take 5 (hard),hard,19.433333333333337,6.020446566651883,0.7931939631378068,RELEASE,Releasing,5,False
vid5,Take 5 (hard),hard,19.466666666666665,6.13524574693001,0.7769665143527498,RETRACT,Returning,6,False
vid5,Take 5 (hard),hard,19.5,6.410925544828805,0.8310766420517551,RETRACT,Returning,6,False
vid5,Take 5 (hard),hard,19.53333333333333,6.333553686081524,0.9472283361248108,RETRACT,Returning,6,False
vid5,Take 5 (hard),hard,19.566666666666663,6.048086821187576,1.1003794475388653,RETRACT,Returning,6,False
vid5,Take 5 (hard),hard,19.6,5.653934500315631,1.189067269017466,RETRACT,Returning,6,False
vid5,Take 5 (hard),hard,19.633333333333333,5.379711542309521,1.2011087874019968,RETRACT,Returning,6,False
vid5,Take 5 (hard),hard,19.666666666666668,5.429216295130751,1.170459034854877,RETRACT,Returning,6,False
vid5,Take 5 (hard),hard,19.7,5.422294666138598,1.1575744083417685,RETRACT,Returning,6,False
vid5,Take 5 (hard),hard,19.733333333333334,5.506616242811116,1.1043608054867349,RETRACT,Returning,6,False
vid5,Take 5 (hard),hard,19.766666666666666,5.393245842922972,1.040628248701986,RETRACT,Returning,6,False
vid5,Take 5 (hard),hard,19.8,4.796336966117928,0.9491939477656728,RETRACT,Returning,6,False
vid5,Take 5 (hard),hard,19.833333333333332,4.182200231279788,0.948255400808126,RETRACT,Returning,6,False
vid5,Take 5 (hard),hard,19.866666666666667,4.245860842207923,0.9949862564955936,RETRACT,Returning,6,False
vid5,Take 5 (hard),hard,19.9,4.468011368929991,1.0404245031074997,RETRACT,Returning,6,False
vid5,Take 5 (hard),hard,19.933333333333337,3.5648165229144,0.9976810281513968,RETRACT,Returning,6,False
vid5,Take 5 (hard),hard,19.966666666666665,2.0558031228799303,0.9809984857313212,RETRACT,Returning,6,False
vid5,Take 5 (hard),hard,20.0,0.7051187349899237,0.9914018541164332,REST,At rest,1,False
vid5,Take 5 (hard),hard,20.03333333333333,0.2960101818260951,1.004764781885396,REST,At rest,1,False
vid5,Take 5 (hard),hard,20.066666666666663,0.1660499194240068,0.9986244295475276,REST,At rest,1,False
vid5,Take 5 (hard),hard,20.1,0.2899688568086071,0.9963824251295408,REST,At rest,1,False
vid5,Take 5 (hard),hard,20.133333333333333,0.1355496567397958,0.9771750526048144,REST,At rest,1,False
vid5,Take 5 (hard),hard,20.166666666666668,0.1664527042006563,0.940028216169615,REST,At rest,1,False
vid5,Take 5 (hard),hard,20.2,0.1574260876291799,0.925201536273992,REST,At rest,1,False
vid5,Take 5 (hard),hard,20.233333333333334,0.0810725711630024,0.9340789127935152,REST,At rest,1,False
vid5,Take 5 (hard),hard,20.266666666666666,0.1317228656303468,0.9650506864042454,REST,At rest,1,False
vid5,Take 5 (hard),hard,20.3,0.1951041631069559,0.9417539672113614,REST,At rest,1,False
vid5,Take 5 (hard),hard,20.333333333333332,0.2130714321432016,0.9423508577414972,REST,At rest,1,False
vid5,Take 5 (hard),hard,20.366666666666667,0.2212277592542285,0.9252159608136888,REST,At rest,1,False
vid5,Take 5 (hard),hard,20.4,0.1451161858157733,0.9287500344162326,REST,At rest,1,False
vid5,Take 5 (hard),hard,20.433333333333337,0.0981437222164971,0.9228962554593948,REST,At rest,1,False
vid5,Take 5 (hard),hard,20.466666666666665,0.2507163068051833,0.9614308317213072,REST,At rest,1,False
vid5,Take 5 (hard),hard,20.5,0.2934220801089425,0.9762528228784528,REST,At rest,1,False
vid5,Take 5 (hard),hard,20.53333333333333,0.2983818665692051,0.9780101392617953,REST,At rest,1,False
vid5,Take 5 (hard),hard,20.566666666666663,0.3072998823343258,0.9558252889988678,REST,At rest,1,False
vid5,Take 5 (hard),hard,20.6,0.1171722448082516,0.9611173904651202,REST,At rest,1,False
vid5,Take 5 (hard),hard,20.633333333333333,0.1186453949421137,0.94558403955849,REST,At rest,1,False
vid5,Take 5 (hard),hard,20.666666666666668,0.2317659016483806,0.92061758893793,REST,At rest,1,False
vid5,Take 5 (hard),hard,20.7,0.2351192815763631,0.8853615362704064,REST,At rest,1,False
vid5,Take 5 (hard),hard,20.733333333333334,0.151688749905345,0.8849705078751862,REST,At rest,1,False
vid5,Take 5 (hard),hard,20.766666666666666,0.178479819190465,0.8967437343626548,REST,At rest,1,False
vid5,Take 5 (hard),hard,20.8,0.3593012247217461,0.921656494557714,REST,At rest,1,False
vid5,Take 5 (hard),hard,20.833333333333332,0.2279788481674919,0.9766404624301556,REST,At rest,1,False
vid5,Take 5 (hard),hard,20.866666666666667,0.204518927371228,1.0104270195745648,REST,At rest,1,False
vid5,Take 5 (hard),hard,20.9,0.2571855838741934,0.9772990223785069,REST,At rest,1,False
vid5,Take 5 (hard),hard,20.933333333333337,0.1321871366159105,0.9495784698471792,REST,At rest,1,False
vid5,Take 5 (hard),hard,20.966666666666665,0.0771950433334463,0.9531139402573215,REST,At rest,1,False
vid5,Take 5 (hard),hard,21.0,0.1495786764009324,0.9460013410385448,REST,At rest,1,False
vid5,Take 5 (hard),hard,21.03333333333333,0.2652606107621415,0.926069856173035,REST,At rest,1,False
vid5,Take 5 (hard),hard,21.066666666666663,0.249750224576959,0.944593039648065,REST,At rest,1,False
vid5,Take 5 (hard),hard,21.1,0.1852532660899532,0.997768022291648,REST,At rest,1,False
vid5,Take 5 (hard),hard,21.133333333333333,0.2527625165390393,0.963560637512495,REST,At rest,1,False
vid5,Take 5 (hard),hard,21.166666666666668,0.3149384986857069,0.9334903291481886,REST,At rest,1,False
vid5,Take 5 (hard),hard,21.2,0.113672241128006,0.9208847292629332,REST,At rest,1,False
vid5,Take 5 (hard),hard,21.233333333333334,0.3060122586470085,0.9599060427044588,REST,At rest,1,False
vid5,Take 5 (hard),hard,21.266666666666666,0.0675535862888307,0.9358933886061926,REST,At rest,1,False
vid5,Take 5 (hard),hard,21.3,0.0696890373100111,0.9500623678669003,REST,At rest,1,False
vid5,Take 5 (hard),hard,21.333333333333332,0.2305111261791467,0.9434910630350964,REST,At rest,1,False
vid5,Take 5 (hard),hard,21.366666666666667,0.3145575622955269,0.9501601029510164,REST,At rest,1,False
vid5,Take 5 (hard),hard,21.4,0.3101386986110497,0.9320611236185476,REST,At rest,1,False
vid5,Take 5 (hard),hard,21.433333333333337,0.2827412192187193,0.9436643081943092,REST,At rest,1,False
vid5,Take 5 (hard),hard,21.466666666666665,0.1112753355716822,0.9858367506137684,REST,At rest,1,False
vid5,Take 5 (hard),hard,21.5,0.1538851555651952,0.9944640840101822,REST,At rest,1,False
vid5,Take 5 (hard),hard,21.53333333333333,0.398158818285034,0.964859078325798,REST,At rest,1,False
vid5,Take 5 (hard),hard,21.566666666666663,0.2371370457929638,0.9125080697414818,REST,At rest,1,False
vid5,Take 5 (hard),hard,21.6,0.3418993239027671,0.9305904601648388,REST,At rest,1,False
vid5,Take 5 (hard),hard,21.633333333333333,0.0812770805918753,0.9531181464215558,REST,At rest,1,False
vid5,Take 5 (hard),hard,21.666666666666668,0.1525153376605448,0.9990878750880864,REST,At rest,1,False
vid5,Take 5 (hard),hard,21.7,0.1835206743557227,0.9663383562955484,REST,At rest,1,False
vid5,Take 5 (hard),hard,21.733333333333334,0.3345020673618352,0.9403933253195154,REST,At rest,1,False
vid5,Take 5 (hard),hard,21.766666666666666,0.2050648966408125,0.9126827923849058,REST,At rest,1,False
vid5,Take 5 (hard),hard,21.8,0.0498457535940057,0.9350322788031622,REST,At rest,1,False
vid5,Take 5 (hard),hard,21.833333333333332,0.1931574504922817,0.9487384360193948,REST,At rest,1,False
vid5,Take 5 (hard),hard,21.866666666666667,0.3214994328677865,0.9764725147389854,REST,At rest,1,False
vid5,Take 5 (hard),hard,21.9,0.2327799210292838,0.984462770721681,REST,At rest,1,False
vid5,Take 5 (hard),hard,21.933333333333337,0.1031445877282292,0.9564343165301328,REST,At rest,1,False
vid5,Take 5 (hard),hard,21.966666666666665,0.0364873781214654,0.9468005568711538,REST,At rest,1,False
vid5,Take 5 (hard),hard,22.0,0.2518424240994379,0.9468731782529536,REST,At rest,1,False
vid5,Take 5 (hard),hard,22.03333333333333,0.2039765628447601,0.954946459555339,REST,At rest,1,False
vid5,Take 5 (hard),hard,22.066666666666663,0.2335318778808333,0.951322415548589,REST,At rest,1,False
vid5,Take 5 (hard),hard,22.1,0.2409298943973512,0.9509457392531137,REST,At rest,1,False
vid5,Take 5 (hard),hard,22.133333333333333,0.2403415247991353,0.9691565150137982,REST,At rest,1,False
vid5,Take 5 (hard),hard,22.166666666666668,0.2366859095614646,0.9405163036755242,REST,At rest,1,False
vid5,Take 5 (hard),hard,22.2,0.0533374208360479,0.9242630523365422,REST,At rest,1,False
vid5,Take 5 (hard),hard,22.233333333333334,0.0999779543399796,0.9236266828083626,REST,At rest,1,False
vid5,Take 5 (hard),hard,22.266666666666666,0.1733934776352564,0.9649338005152198,REST,At rest,1,False
vid5,Take 5 (hard),hard,22.3,0.0378303494815138,0.9781416060820036,REST,At rest,1,False
vid5,Take 5 (hard),hard,22.333333333333332,0.0643590143762525,0.960558381272632,REST,At rest,1,False
vid5,Take 5 (hard),hard,22.366666666666667,0.1161118383716423,0.9168069904981764,REST,At rest,1,False
vid5,Take 5 (hard),hard,22.4,0.1929318021449111,0.9040408375017268,REST,At rest,1,False
vid5,Take 5 (hard),hard,22.433333333333337,0.0803643541893252,0.918342232955462,REST,At rest,1,False
vid5,Take 5 (hard),hard,22.466666666666665,0.0186185921937131,0.9357907415505818,REST,At rest,1,False
vid5,Take 5 (hard),hard,22.5,0.1047678916531538,0.9648295065908844,REST,At rest,1,False
vid5,Take 5 (hard),hard,22.53333333333333,0.072197745008908,0.9721373309556888,REST,At rest,1,False
vid5,Take 5 (hard),hard,22.566666666666663,0.2009165287945334,0.9572618105798508,REST,At rest,1,False
vid5,Take 5 (hard),hard,22.6,0.1624811232335264,0.940200039588369,REST,At rest,1,False
vid5,Take 5 (hard),hard,22.633333333333333,0.2654507357265,0.9518470935790392,REST,At rest,1,False
vid5,Take 5 (hard),hard,22.666666666666668,0.4801076154818993,0.976604778116667,REST,At rest,1,False
vid5,Take 5 (hard),hard,22.7,0.9693669100487868,1.0053896257046,REST,At rest,1,False
vid5,Take 5 (hard),hard,22.733333333333334,1.1485259086382469,1.0091401973144505,REST,At rest,1,False
vid5,Take 5 (hard),hard,22.766666666666666,1.506736542614388,1.0134326466501595,REACH,Reaching,2,False
vid5,Take 5 (hard),hard,22.8,3.01126526794223,1.036200256071221,REACH,Reaching,2,False
vid5,Take 5 (hard),hard,22.833333333333332,4.7072244099974165,0.9701512488420848,REACH,Reaching,2,False
vid5,Take 5 (hard),hard,22.866666666666667,6.267748377349286,0.8709697655666074,REACH,Reaching,2,False
vid5,Take 5 (hard),hard,22.9,7.2144822974479155,0.8300294634875856,REACH,Reaching,2,False
vid5,Take 5 (hard),hard,22.933333333333337,7.64948395265979,0.8520637921424145,REACH,Reaching,2,False
vid5,Take 5 (hard),hard,22.966666666666665,7.8599702796563955,0.8310994802421153,REACH,Reaching,2,False
vid5,Take 5 (hard),hard,23.0,8.034891860364654,0.7897066908391175,REACH,Reaching,2,False
vid5,Take 5 (hard),hard,23.03333333333333,8.086871599562258,0.7453970468029972,REACH,Reaching,2,False
vid5,Take 5 (hard),hard,23.066666666666663,8.002911944724406,0.7388487158006277,REACH,Reaching,2,False
vid5,Take 5 (hard),hard,23.1,7.705094085422562,0.8483951433504394,REACH,Reaching,2,False
vid5,Take 5 (hard),hard,23.133333333333333,7.198664559253272,1.021415489998797,REACH,Reaching,2,False
vid5,Take 5 (hard),hard,23.166666666666668,6.369457228128647,1.1714002377689303,REACH,Reaching,2,False
vid5,Take 5 (hard),hard,23.2,5.615792800436073,1.1977057601028724,REACH,Reaching,2,False
vid5,Take 5 (hard),hard,23.233333333333334,5.25614170735765,1.1225125007087051,REACH,Reaching,2,False
vid5,Take 5 (hard),hard,23.266666666666666,5.1927794332159305,0.9797015418316656,REACH,Reaching,2,False
vid5,Take 5 (hard),hard,23.3,4.453995295364896,0.8165269859127682,GRASP,Grasping,3,False
vid5,Take 5 (hard),hard,23.333333333333332,3.296991535037263,0.7021124728929835,GRASP,Grasping,3,False
vid5,Take 5 (hard),hard,23.366666666666667,1.907370229158716,0.673706299615592,GRASP,Grasping,3,False
vid5,Take 5 (hard),hard,23.4,0.8576663765397904,0.687269330621724,GRASP,Grasping,3,False
vid5,Take 5 (hard),hard,23.433333333333337,0.5311797678779253,0.6567649202371272,GRASP,Grasping,3,False
vid5,Take 5 (hard),hard,23.466666666666665,0.3357156944347227,0.6375471546625429,GRASP,Grasping,3,False
vid5,Take 5 (hard),hard,23.5,0.2697540875294309,0.6423579870963884,GRASP,Grasping,3,False
vid5,Take 5 (hard),hard,23.53333333333333,0.3681655913041465,0.6428283155858688,GRASP,Grasping,3,False
vid5,Take 5 (hard),hard,23.566666666666663,0.3795251232823391,0.6192769158549797,GRASP,Grasping,3,False
vid5,Take 5 (hard),hard,23.6,0.3262620017477758,0.586473189121191,GRASP,Grasping,3,False
vid5,Take 5 (hard),hard,23.633333333333333,0.4043383187713507,0.5527532553792361,GRASP,Grasping,3,False
vid5,Take 5 (hard),hard,23.666666666666668,0.6389656194019807,0.516094917439773,GRASP,Grasping,3,False
vid5,Take 5 (hard),hard,23.7,0.8182726152074193,0.4952683958210327,GRASP,Grasping,3,False
vid5,Take 5 (hard),hard,23.733333333333334,0.9410885120543642,0.4689412639769841,GRASP,Grasping,3,False
vid5,Take 5 (hard),hard,23.766666666666666,0.6557523784374414,0.3744319126468627,GRASP,Grasping,3,False
vid5,Take 5 (hard),hard,23.8,0.4103466772517208,0.331157985733745,GRASP,Grasping,3,False
vid5,Take 5 (hard),hard,23.833333333333332,0.4548097219044558,0.2900712732413061,GRASP,Grasping,3,False
vid5,Take 5 (hard),hard,23.866666666666667,0.7308345199256324,0.263064604156294,GRASP,Grasping,3,False
vid5,Take 5 (hard),hard,23.9,0.964083898439345,0.249485726949161,GRASP,Grasping,3,False
vid5,Take 5 (hard),hard,23.933333333333337,0.8462624252166804,0.3544909951188204,GRASP,Grasping,3,False
vid5,Take 5 (hard),hard,23.966666666666665,0.3391538100662089,0.496992082699802,GRASP,Grasping,3,False
vid5,Take 5 (hard),hard,24.0,0.0818849079078392,0.5832530124758383,GRASP,Grasping,3,False
vid5,Take 5 (hard),hard,24.03333333333333,0.1026014464197693,0.6120679674834476,GRASP,Grasping,3,False
vid5,Take 5 (hard),hard,24.066666666666663,0.2803523806584251,0.5605285474538514,GRASP,Grasping,3,False
vid5,Take 5 (hard),hard,24.1,0.3827685694241622,0.5001471160123998,GRASP,Grasping,3,False
vid5,Take 5 (hard),hard,24.133333333333333,0.1824999860780783,0.4622269880627143,GRASP,Grasping,3,False
vid5,Take 5 (hard),hard,24.166666666666668,0.0819447004850579,0.4493836104200394,GRASP,Grasping,3,False
vid5,Take 5 (hard),hard,24.2,0.2669296533232549,0.4359273123849097,GRASP,Grasping,3,False
vid5,Take 5 (hard),hard,24.233333333333334,0.3927364364531004,0.4081248624650508,GRASP,Grasping,3,False
vid5,Take 5 (hard),hard,24.266666666666666,0.430542168648296,0.3920291796500285,GRASP,Grasping,3,False
vid5,Take 5 (hard),hard,24.3,0.3440898458772908,0.3708460599516247,GRASP,Grasping,3,False
vid5,Take 5 (hard),hard,24.333333333333332,0.2033966245917369,0.3406447354960028,GRASP,Grasping,3,False
vid5,Take 5 (hard),hard,24.366666666666667,0.1477495164451567,0.298391407017345,REST,At rest,1,False
vid5,Take 5 (hard),hard,24.4,0.1656241982912603,0.2829730003379862,REST,At rest,1,False
vid5,Take 5 (hard),hard,24.433333333333337,0.2847882984445266,0.2678211534320484,REST,At rest,1,False
vid5,Take 5 (hard),hard,24.466666666666665,0.3416275157635783,0.2477373707737478,REST,At rest,1,False
vid5,Take 5 (hard),hard,24.5,0.3192318190034597,0.2159290781526056,REST,At rest,1,False
vid5,Take 5 (hard),hard,24.53333333333333,0.2751017218577367,0.2116026860276864,REST,At rest,1,False
vid5,Take 5 (hard),hard,24.566666666666663,0.278907356629291,0.2047547354471517,REST,At rest,1,False
vid5,Take 5 (hard),hard,24.6,0.2768918267155842,0.194575737470734,REST,At rest,1,False
vid5,Take 5 (hard),hard,24.633333333333333,0.2645809456905658,0.1704755987158826,REST,At rest,1,False
vid5,Take 5 (hard),hard,24.666666666666668,0.2479027915046847,0.1742827107856303,REST,At rest,1,False
vid5,Take 5 (hard),hard,24.7,0.2014055844341662,0.1753571311747744,REST,At rest,1,False
vid5,Take 5 (hard),hard,24.733333333333334,0.1401887220211882,0.178581500465071,HOLD,Holding,4,False
vid5,Take 5 (hard),hard,24.766666666666666,0.0904604535011381,0.166029230694109,HOLD,Holding,4,False
vid5,Take 5 (hard),hard,24.8,0.1130122169663846,0.1757846236062482,HOLD,Holding,4,False
vid5,Take 5 (hard),hard,24.833333333333332,0.1269214356617549,0.1786495989834007,HOLD,Holding,4,False
vid5,Take 5 (hard),hard,24.866666666666667,0.1175332022027606,0.1910577046532558,HOLD,Holding,4,False
vid5,Take 5 (hard),hard,24.9,0.0866226477729985,0.1985075607712481,HOLD,Holding,4,False
vid5,Take 5 (hard),hard,24.933333333333337,0.0986911604738483,0.2137501243959247,HOLD,Holding,4,False
vid5,Take 5 (hard),hard,24.966666666666665,0.1433792605642178,0.2062198022254242,HOLD,Holding,4,False
vid5,Take 5 (hard),hard,25.0,0.0495950515233113,0.2044849052868768,HOLD,Holding,4,False
vid5,Take 5 (hard),hard,25.03333333333333,0.0425061581552402,0.194186362340587,HOLD,Holding,4,False
vid5,Take 5 (hard),hard,25.066666666666663,0.0657198387592486,0.208554135238692,HOLD,Holding,4,False
vid5,Take 5 (hard),hard,25.1,0.041637528487948,0.2187448336523443,HOLD,Holding,4,False
vid5,Take 5 (hard),hard,25.133333333333333,0.0893869432958993,0.2265561639970129,HOLD,Holding,4,False
vid5,Take 5 (hard),hard,25.166666666666668,0.0543525068091123,0.1998130786783885,HOLD,Holding,4,False
vid5,Take 5 (hard),hard,25.2,0.0267729216696786,0.1901093142124015,HOLD,Holding,4,False
vid5,Take 5 (hard),hard,25.233333333333334,0.0615827783396551,0.2032213363465922,HOLD,Holding,4,False
vid5,Take 5 (hard),hard,25.266666666666666,0.0875417650138219,0.1957780564813811,HOLD,Holding,4,False
vid5,Take 5 (hard),hard,25.3,0.0833038327680775,0.1954361610313811,HOLD,Holding,4,False
vid5,Take 5 (hard),hard,25.333333333333332,0.0831779978889976,0.2017268018885825,HOLD,Holding,4,False
vid5,Take 5 (hard),hard,25.366666666666667,0.0591837998638432,0.2126479027026778,HOLD,Holding,4,False
vid5,Take 5 (hard),hard,25.4,0.0256488173573293,0.2004475051560608,HOLD,Holding,4,False
vid5,Take 5 (hard),hard,25.433333333333337,0.0886893152070069,0.2095100522989066,HOLD,Holding,4,False
vid5,Take 5 (hard),hard,25.466666666666665,0.1121757396608596,0.2175111616743446,HOLD,Holding,4,False
vid5,Take 5 (hard),hard,25.5,0.0916837881324167,0.2053209574343848,HOLD,Holding,4,False
vid5,Take 5 (hard),hard,25.53333333333333,0.0684816392465415,0.1998329078446054,GRASP,Grasping,3,False
vid5,Take 5 (hard),hard,25.566666666666663,0.0272131546173242,0.2025887419890514,GRASP,Grasping,3,False
vid5,Take 5 (hard),hard,25.6,0.0333879722381753,0.2030419564871462,GRASP,Grasping,3,False
vid5,Take 5 (hard),hard,25.633333333333333,0.0291057544102723,0.1872349598522368,GRASP,Grasping,3,False
vid5,Take 5 (hard),hard,25.666666666666668,0.0532035908315083,0.1787271578972202,GRASP,Grasping,3,False
vid5,Take 5 (hard),hard,25.7,0.1833406803162971,0.1632794656056407,GRASP,Grasping,3,False
vid5,Take 5 (hard),hard,25.733333333333334,0.4192846749952594,0.1806350236089964,GRASP,Grasping,3,False
vid5,Take 5 (hard),hard,25.766666666666666,0.5754815818909378,0.2297730196741237,GRASP,Grasping,3,False
vid5,Take 5 (hard),hard,25.8,0.6204742117107225,0.2657802190975958,GRASP,Grasping,3,False
vid5,Take 5 (hard),hard,25.833333333333332,0.7090601491340991,0.2331571005605148,GRASP,Grasping,3,False
vid5,Take 5 (hard),hard,25.866666666666667,0.9919781802026724,0.1715840679543578,GRASP,Grasping,3,False
vid5,Take 5 (hard),hard,25.9,1.0849545492875212,0.117706412259443,GRASP,Grasping,3,False
vid5,Take 5 (hard),hard,25.933333333333337,0.8848401461306922,0.1423381031983427,GRASP,Grasping,3,False
vid5,Take 5 (hard),hard,25.966666666666665,0.431092767496773,0.2582995799822751,GRASP,Grasping,3,False
vid5,Take 5 (hard),hard,26.0,0.2152340703203378,0.3887254526012813,GRASP,Grasping,3,False
vid5,Take 5 (hard),hard,26.03333333333333,0.3977680792884965,0.4575932204919253,GRASP,Grasping,3,False
vid5,Take 5 (hard),hard,26.066666666666663,0.4094212526215363,0.5136516961002443,GRASP,Grasping,3,False
vid5,Take 5 (hard),hard,26.1,0.3015283535104412,0.5751561571756022,GRASP,Grasping,3,False
vid5,Take 5 (hard),hard,26.133333333333333,0.2511479289791035,0.6233172478945226,GRASP,Grasping,3,False
vid5,Take 5 (hard),hard,26.166666666666668,0.1615640372301388,0.6308068515182301,GRASP,Grasping,3,False
vid5,Take 5 (hard),hard,26.2,0.0870967383771023,0.6281069877812099,GRASP,Grasping,3,False
vid5,Take 5 (hard),hard,26.233333333333334,0.0856660206278833,0.6235404242104007,GRASP,Grasping,3,False
vid5,Take 5 (hard),hard,26.266666666666666,0.0942524838236694,0.6284668611613882,GRASP,Grasping,3,False
vid5,Take 5 (hard),hard,26.3,0.1047836218429101,0.6350029090882545,GRASP,Grasping,3,False
vid5,Take 5 (hard),hard,26.333333333333332,0.0627065795272013,0.641274927982969,GRASP,Grasping,3,False
vid5,Take 5 (hard),hard,26.366666666666667,0.0388878048714548,0.6444144389373905,GRASP,Grasping,3,False
vid5,Take 5 (hard),hard,26.4,0.0078932921063987,0.6393419737225025,GRASP,Grasping,3,False
vid5,Take 5 (hard),hard,26.433333333333337,0.0075740253111425,0.6340343164635426,GRASP,Grasping,3,False
vid5,Take 5 (hard),hard,26.466666666666665,0.0768070831235372,0.6362365077282549,GRASP,Grasping,3,False
vid5,Take 5 (hard),hard,26.5,0.2323779422741909,0.6485735882931923,GRASP,Grasping,3,False
vid5,Take 5 (hard),hard,26.53333333333333,0.4532016543257944,0.6615400228378141,GRASP,Grasping,3,False
vid5,Take 5 (hard),hard,26.566666666666663,0.7557704852980878,0.666862390916316,GRASP,Grasping,3,False
vid5,Take 5 (hard),hard,26.6,1.2019093884682752,0.6647825461071168,GRASP,Grasping,3,False
vid5,Take 5 (hard),hard,26.633333333333333,1.8919825976972104,0.6688176899141238,GRASP,Grasping,3,False
vid5,Take 5 (hard),hard,26.666666666666668,2.89764050211375,0.667963760962428,GRASP,Grasping,3,False
vid5,Take 5 (hard),hard,26.7,4.050860878027992,0.672876061548121,GRASP,Grasping,3,False
vid5,Take 5 (hard),hard,26.733333333333334,5.151422538540943,0.6651904357606507,GRASP,Grasping,3,False
vid5,Take 5 (hard),hard,26.766666666666666,5.955486492458141,0.6410043615089822,GRASP,Grasping,3,False
vid5,Take 5 (hard),hard,26.8,6.253293725559897,0.6068479916474359,GRASP,Grasping,3,False
vid5,Take 5 (hard),hard,26.833333333333332,6.055937959024737,0.6425521480514685,GRASP,Grasping,3,False
vid5,Take 5 (hard),hard,26.866666666666667,5.479436564910063,0.7095624824247392,GRASP,Grasping,3,False
vid5,Take 5 (hard),hard,26.9,4.650108949813774,0.7694926645240344,GRASP,Grasping,3,False
vid5,Take 5 (hard),hard,26.933333333333337,3.654089935511309,0.7846502546733402,GRASP,Grasping,3,False
vid5,Take 5 (hard),hard,26.966666666666665,2.674783772046162,0.7842227589302881,GRASP,Grasping,3,False
vid5,Take 5 (hard),hard,27.0,1.885050368713212,0.7712546193263344,GRASP,Grasping,3,False
vid5,Take 5 (hard),hard,27.03333333333333,1.318263081271307,0.7958760328565353,GRASP,Grasping,3,False
vid5,Take 5 (hard),hard,27.066666666666663,0.9563277619242893,0.8480158128716926,GRASP,Grasping,3,False
vid5,Take 5 (hard),hard,27.1,0.6178183919022973,0.8836056685806267,GRASP,Grasping,3,False
vid5,Take 5 (hard),hard,27.133333333333333,0.2860501879280656,0.8806047229724149,GRASP,Grasping,3,False
vid5,Take 5 (hard),hard,27.166666666666668,0.2003393312400928,0.858537145987878,HOLD,Holding,4,False
vid5,Take 5 (hard),hard,27.2,0.177159131370282,0.8496895660272242,HOLD,Holding,4,False
vid5,Take 5 (hard),hard,27.233333333333334,0.1476968567092532,0.8560340201764657,HOLD,Holding,4,False
vid5,Take 5 (hard),hard,27.266666666666666,0.091929234580465,0.8686379758265932,HOLD,Holding,4,False
vid5,Take 5 (hard),hard,27.3,0.0672354671991332,0.8623940763352104,HOLD,Holding,4,False
vid5,Take 5 (hard),hard,27.333333333333332,0.2648439576054352,0.8600522435672003,HOLD,Holding,4,False
vid5,Take 5 (hard),hard,27.366666666666667,0.4510886989607067,0.8701806847697633,HOLD,Holding,4,False
vid5,Take 5 (hard),hard,27.4,0.7299223078299536,0.9205207795154728,HOLD,Holding,4,False
vid5,Take 5 (hard),hard,27.433333333333337,0.8897988087685184,0.9273649928377042,HOLD,Holding,4,False
vid5,Take 5 (hard),hard,27.466666666666665,0.9785000737792818,0.906530754013522,HOLD,Holding,4,False
vid5,Take 5 (hard),hard,27.5,1.0047537156573834,0.8809222259182966,HOLD,Holding,4,False
vid5,Take 5 (hard),hard,27.53333333333333,0.9372704510981892,0.9067395029170664,HOLD,Holding,4,False
vid5,Take 5 (hard),hard,27.566666666666663,0.9091368613584144,0.8989581289843112,HOLD,Holding,4,False
vid5,Take 5 (hard),hard,27.6,0.8967543368095758,0.8500358741219112,HOLD,Holding,4,False
vid5,Take 5 (hard),hard,27.633333333333333,0.8993785102617725,0.8018997028825696,HOLD,Holding,4,False
vid5,Take 5 (hard),hard,27.666666666666668,0.8816882538709819,0.8039368381643296,HOLD,Holding,4,False
vid5,Take 5 (hard),hard,27.7,0.9609362080344804,0.8051645816026388,HOLD,Holding,4,False
vid5,Take 5 (hard),hard,27.733333333333334,0.9418325360644754,0.7910729987717501,HOLD,Holding,4,False
vid5,Take 5 (hard),hard,27.766666666666666,0.9961388653823288,0.7755714192613886,HOLD,Holding,4,False
vid5,Take 5 (hard),hard,27.8,1.1024515495098524,0.7768883075849384,HOLD,Holding,4,False
vid5,Take 5 (hard),hard,27.833333333333332,1.2224533176778545,0.7691207961705818,HOLD,Holding,4,False
vid5,Take 5 (hard),hard,27.866666666666667,1.4755074030290525,0.752669493349187,HOLD,Holding,4,False
vid5,Take 5 (hard),hard,27.9,1.7793410056985266,0.768572648303109,HOLD,Holding,4,False
vid5,Take 5 (hard),hard,27.933333333333337,2.062270909081462,0.78334006260138,HOLD,Holding,4,False
vid5,Take 5 (hard),hard,27.966666666666665,2.2630358827959873,0.7965318162300968,HOLD,Holding,4,False
vid5,Take 5 (hard),hard,28.0,2.3523708669825387,0.7909772573044569,HOLD,Holding,4,False
vid5,Take 5 (hard),hard,28.03333333333333,2.363275486928675,0.8069340343036743,HOLD,Holding,4,False
vid5,Take 5 (hard),hard,28.066666666666663,2.4230185102162944,0.8102167403261314,HOLD,Holding,4,False
vid5,Take 5 (hard),hard,28.1,2.541318113725004,0.8035829305098977,HOLD,Holding,4,False
vid5,Take 5 (hard),hard,28.133333333333333,2.7121316279479157,0.7879738349690768,HOLD,Holding,4,False
vid5,Take 5 (hard),hard,28.166666666666668,2.9550597425028418,0.7749096128759305,HOLD,Holding,4,False
vid5,Take 5 (hard),hard,28.2,3.17407580383668,0.7668952588888245,HOLD,Holding,4,False
vid5,Take 5 (hard),hard,28.233333333333334,3.4719941795093674,0.7884125093343488,HOLD,Holding,4,False
vid5,Take 5 (hard),hard,28.266666666666666,3.640180704879999,0.8250552690372974,HOLD,Holding,4,False
vid5,Take 5 (hard),hard,28.3,3.1992546697326976,0.8187067976887313,HOLD,Holding,4,False
vid5,Take 5 (hard),hard,28.333333333333332,2.415314162844987,0.773580822626594,HOLD,Holding,4,False
vid5,Take 5 (hard),hard,28.366666666666667,1.347920363664292,0.7209343360299845,HOLD,Holding,4,False
vid5,Take 5 (hard),hard,28.4,0.5073842235841779,0.6893264289011299,HOLD,Holding,4,False
vid5,Take 5 (hard),hard,28.433333333333337,0.1799908677420806,0.67656932790302,HOLD,Holding,4,False
vid5,Take 5 (hard),hard,28.466666666666665,0.1860016041578244,0.6820901239301872,HOLD,Holding,4,False
vid5,Take 5 (hard),hard,28.5,0.2677958618281427,0.6777547228011264,HOLD,Holding,4,False
vid5,Take 5 (hard),hard,28.53333333333333,0.2696867705566628,0.6643130961417797,HOLD,Holding,4,False
vid5,Take 5 (hard),hard,28.566666666666663,0.2234575001016968,0.6492724900920103,HOLD,Holding,4,False
vid5,Take 5 (hard),hard,28.6,0.1229509453491379,0.6522120248108104,HOLD,Holding,4,False
vid5,Take 5 (hard),hard,28.633333333333333,0.0568446253124218,0.6553233278904776,HOLD,Holding,4,False
vid5,Take 5 (hard),hard,28.666666666666668,0.1204899893691998,0.6573989273582396,HOLD,Holding,4,False
vid5,Take 5 (hard),hard,28.7,0.1124228872484177,0.6375664507609795,HOLD,Holding,4,False
vid5,Take 5 (hard),hard,28.733333333333334,0.0763505288840708,0.6319100126893119,HOLD,Holding,4,False
vid5,Take 5 (hard),hard,28.766666666666666,0.0380944088951951,0.6319252979436514,HOLD,Holding,4,False
vid5,Take 5 (hard),hard,28.8,0.098147632059594,0.6434377180850298,HOLD,Holding,4,False
vid5,Take 5 (hard),hard,28.833333333333332,0.1041906082973616,0.6425830182772623,HOLD,Holding,4,False
vid5,Take 5 (hard),hard,28.866666666666667,0.1393819413363984,0.6296572215439508,HOLD,Holding,4,False
vid5,Take 5 (hard),hard,28.9,0.1151445816461162,0.6264201390690107,HOLD,Holding,4,False
vid5,Take 5 (hard),hard,28.933333333333337,0.1041363449965103,0.635749462952792,HOLD,Holding,4,False
vid5,Take 5 (hard),hard,28.966666666666665,0.1080861974732206,0.6517429556674623,HOLD,Holding,4,False
vid5,Take 5 (hard),hard,29.0,0.1255115134825395,0.6432342487978808,HOLD,Holding,4,False
vid5,Take 5 (hard),hard,29.03333333333333,0.0399035264236718,0.6346655727979386,HOLD,Holding,4,False
vid5,Take 5 (hard),hard,29.066666666666663,0.1615106300707234,0.6285829049686306,HOLD,Holding,4,False
vid5,Take 5 (hard),hard,29.1,0.3738207473178156,0.6589439385928791,HOLD,Holding,4,False
vid5,Take 5 (hard),hard,29.133333333333333,0.7439694670667705,0.6974150960414748,HOLD,Holding,4,False
vid5,Take 5 (hard),hard,29.166666666666668,1.1084096118015008,0.7170363321285647,HOLD,Holding,4,False
vid5,Take 5 (hard),hard,29.2,1.3483612877755686,0.7237427738457014,HOLD,Holding,4,False
vid5,Take 5 (hard),hard,29.233333333333334,1.8922612483744683,0.8703857131929968,RELEASE,Releasing,5,False
vid5,Take 5 (hard),hard,29.266666666666666,2.91928200357258,1.0235283531197583,RELEASE,Releasing,5,False
vid5,Take 5 (hard),hard,29.3,4.0709825922658505,1.0742463457909308,RELEASE,Releasing,5,False
vid5,Take 5 (hard),hard,29.333333333333332,4.976699873166059,0.9697491977282464,RELEASE,Releasing,5,False
vid5,Take 5 (hard),hard,29.366666666666667,6.188220835981956,0.8961921938725973,RELEASE,Releasing,5,False
vid5,Take 5 (hard),hard,29.4,7.616776073494971,0.8665670251706522,RELEASE,Releasing,5,False
vid5,Take 5 (hard),hard,29.433333333333337,8.92684254150851,0.8939571781167357,RETRACT,Returning,6,False
vid5,Take 5 (hard),hard,29.466666666666665,9.180346264572112,0.9120894967180698,RETRACT,Returning,6,False
vid5,Take 5 (hard),hard,29.5,8.608850764859158,0.998515141609564,RETRACT,Returning,6,False
vid5,Take 5 (hard),hard,29.53333333333333,7.773378984778452,1.0997052213658862,RETRACT,Returning,6,False
vid5,Take 5 (hard),hard,29.566666666666663,7.222830570898007,1.153048167203525,RETRACT,Returning,6,False
vid5,Take 5 (hard),hard,29.6,6.8855040839984545,1.1309259462361003,RETRACT,Returning,6,False
vid5,Take 5 (hard),hard,29.633333333333333,6.938918356798665,1.113878291425784,RETRACT,Returning,6,False
vid5,Take 5 (hard),hard,29.666666666666668,5.946918831162891,1.0445907251887496,RETRACT,Returning,6,False
vid5,Take 5 (hard),hard,29.7,4.1074106775610435,0.9502513020058148,RETRACT,Returning,6,False
vid5,Take 5 (hard),hard,29.733333333333334,2.1200058333402927,0.8879172902390747,REST,At rest,1,False
vid5,Take 5 (hard),hard,29.766666666666666,0.8496309247981183,0.8964679429954671,REST,At rest,1,False
vid5,Take 5 (hard),hard,29.8,0.8182976640326687,0.950255643858089,REST,At rest,1,False
vid5,Take 5 (hard),hard,29.833333333333332,0.3931786873018961,0.968429656122642,REST,At rest,1,False
vid5,Take 5 (hard),hard,29.866666666666667,0.2639180559592143,0.9281535720014584,REST,At rest,1,False
vid5,Take 5 (hard),hard,29.9,0.3146156923927998,0.905712226727316,REST,At rest,1,False
vid5,Take 5 (hard),hard,29.933333333333337,0.3177049615430869,0.9335659359651032,REST,At rest,1,False
vid5,Take 5 (hard),hard,29.966666666666665,0.2745942996536473,0.9535876674874236,REST,At rest,1,False
vid5,Take 5 (hard),hard,30.0,0.1297461732447127,0.9484969287379892,REST,At rest,1,False
vid5,Take 5 (hard),hard,30.03333333333333,0.0966611641878838,0.950050204606942,REST,At rest,1,False
vid5,Take 5 (hard),hard,30.066666666666663,0.0782975171021679,0.9553855158803024,REST,At rest,1,False
vid5,Take 5 (hard),hard,30.1,0.2042224669649924,0.9590300514030382,REST,At rest,1,False
vid5,Take 5 (hard),hard,30.133333333333333,0.0956229049575919,0.9691978215529627,REST,At rest,1,False
vid5,Take 5 (hard),hard,30.166666666666668,0.1151325435470111,0.955491035909904,REST,At rest,1,False
vid5,Take 5 (hard),hard,30.2,0.02755286369708,0.9358760293552006,REST,At rest,1,False
vid5,Take 5 (hard),hard,30.233333333333334,0.059454164350863,0.9093641072185624,REST,At rest,1,False
vid5,Take 5 (hard),hard,30.266666666666666,0.2051473455469464,0.9227464776785276,REST,At rest,1,False
vid5,Take 5 (hard),hard,30.3,0.356514384038894,0.9472583888077116,REST,At rest,1,False
vid5,Take 5 (hard),hard,30.333333333333332,0.1238249708590656,0.9649926587379962,REST,At rest,1,False
vid5,Take 5 (hard),hard,30.366666666666667,0.2742265294563923,0.9593761669829866,REST,At rest,1,False
vid5,Take 5 (hard),hard,30.4,0.66777693764987,0.9328588632490415,REST,At rest,1,False
