t,speed,aperture,aperture_slope,p,dp,missing,interpolated
0.0,2.2414912002011262,0.8470962610393119,1.6336485307757376,-0.014858208134077417,0.30342035515268384,False,False
0.03333333333333333,1.345731013503724,0.8936386297498211,1.1588935918548113,-0.0062467945646718735,0.21326445901164845,False,False
0.06666666666666667,0.5060985937156299,0.9243558338296324,0.6841386529339016,-0.0006405775333008605,0.12310856287061332,False,False
0.1,0.11688851328981362,0.9226269556601434,0.2312186161718738,0.002896869438423906,0.014556269485034969,False,False
0.13333333333333333,0.05321083943836047,0.9540912270772146,0.053463684108403346,0.0009693255478374858,0.014628219615182198,False,False
0.16666666666666666,0.19985527735579364,0.9339328187963596,-0.3720647968247756,-0.0028657988894916987,-0.057107632355067384,False,False
0.2,0.2234955475130862,0.9095750406350804,-0.3056121850802468,-0.001174287985700335,0.028632353280290995,False,False
0.23333333333333334,0.17627469251416433,0.9019863317879492,-0.34526960553809516,0.001200027768616857,0.028681495978448265,False,False
0.26666666666666666,0.016362999797446327,0.9076942631563314,-0.2886891559251787,-0.0005259684519236893,-0.003716116250531977,False,False
0.3,0.1205152476322317,0.8806856390510015,-0.168538537981591,0.0015663665213782247,-0.013641704757767189,False,False
0.3333333333333333,0.08017573544642179,0.8748609191013973,-0.21001285275693515,-0.0009718567817012581,-0.01652322111050021,False,False
0.36666666666666664,0.07737647408576505,0.8780940786106634,0.2170346199132434,-0.0014904985746842393,0.017001096523365865,False,False
0.4,0.22867969855424103,0.8848502462065132,0.9823864532615169,0.000581148991278492,-0.0469858456418757,False,False
0.43333333333333335,0.3999063975797437,0.9335939107088853,0.43469032144395214,-0.0011036648608994338,-0.011508020580846963,False,False
0.4666666666666667,0.09995385886632659,0.9643272480231702,0.17863203870568875,-0.004309924727210682,-0.00763202422019289,False,False
0.5,0.02404106658759005,0.9420514184591319,-0.36842435017124175,-0.003255840673683916,-0.005923165519343457,False,False
0.5333333333333333,0.18082977130417166,0.8919156575544761,-0.4956659144545572,-3.2934926902720126e-06,0.050250091318616026,False,False
0.5666666666666667,0.2171297104431577,0.915147756190022,0.035072673981521606,-0.002004856047905264,0.060766974247109806,False,False
0.6,0.41756446093485733,0.9157456005026249,0.021531247149882943,0.001377830049431819,0.06983048033618217,False,False
0.6333333333333333,0.23226331416472626,0.9153715366035912,-0.2958254397829386,0.007048063395398124,0.06097903072880339,False,False
0.6666666666666666,0.3946232075692381,0.8914305356787917,-0.39920853141221163,0.008318903152287319,-0.06696596184064568,False,False
0.7,0.2576829357944369,0.8767562453660215,0.3163070567132919,-0.00019497694335943706,-0.0733901553865597,False,False
0.7333333333333333,0.10702064120222762,0.9031721810104223,0.02988810033804274,-0.00198950546555261,-0.00972886482544088,False,False
0.7666666666666666,0.15942409124543566,0.91476714540661,0.24230016737645937,0.00044333256815780797,0.03948957494755915,False,False
0.8,0.1648736608665267,0.9144637198999337,-0.13970106721382014,0.005573511049312622,0.04607002037892554,False,False
0.8333333333333334,0.09009301706150874,0.8858113091351759,-0.4115829673902584,0.0026973114176550854,-0.024636727654638372,False,False
0.8666666666666667,0.05556719700377596,0.8965241965641928,-0.01984550053537341,0.001607111816559618,-0.000448766669227714,False,False
0.9,0.1744524228975295,0.8795088940624612,-0.11682900941009994,0.0017918267037178894,0.047816700172095196,False,False
0.9333333333333333,0.28779162979963174,0.8870278279308473,0.05469228902624798,0.006550463314853384,0.007412164965225345,False,False
0.9666666666666667,0.2634942209785391,0.8814938418117111,0.5235346828393954,0.005920863856534881,-0.07521435134803658,False,False
1.0,0.18043495008545038,0.9180303236883962,0.3816890954832339,-0.0011265511352248053,-0.020299463621949315,False,False
1.0333333333333332,0.09971721075365421,0.9329175753146461,0.005356044370708675,-0.0015650548006914042,-0.02190334137648002,False,False
1.0666666666666667,0.31311869511876705,0.9265117243027161,-0.339927924414455,0.001921894284316259,0.07509375541950915,False,False
1.1,0.31338614129546793,0.8825062696391411,-0.6938580498849832,0.005985028080473555,0.0590854987119008,False,False
1.1333333333333333,0.1962545190893915,0.8729374429695869,-0.14105800692967158,0.0041194750463279224,-0.03691535987528558,False,False
1.1666666666666667,0.14911802562431964,0.8749937646600758,0.0686045400505841,0.004245995706307343,0.025745887427155185,False,False
1.2,0.16970350299706088,0.8833957242007561,0.32064286054646823,0.002926575984303368,0.04558316394014868,False,False
1.2333333333333334,0.13168424837496762,0.9036112933096903,-0.04243497539062202,0.007946411446709876,0.025933711169081917,False,False
1.2666666666666666,0.16119335393703574,0.8914213927157033,-0.2327775096319001,0.0092936716287573,0.010230038236922541,False,False
1.3,0.18047055749894034,0.8763807790814522,-0.3355974044587507,0.006700362736836741,-0.05018942178702457,False,False
1.3333333333333333,0.2362670338635065,0.8548805267965585,-0.2027131182426398,0.002896813770218443,-0.03894072990452274,False,False
1.3666666666666667,0.1433473610907006,0.8625420029078764,0.5525344739231648,0.00550733768994506,-0.030558013276896386,False,False
1.4,0.2819567084880232,0.8918317917149549,0.40744735357539225,0.002609642807816926,-0.04424602051120418,False,False
1.4333333333333333,0.3919063746156517,0.9077018828173639,0.7997914976965935,0.0018060697701073008,-0.10306816375652231,False,False
1.4666666666666666,0.29970008723360264,0.943385634211495,0.14493202577119965,-0.0054056095866492695,-0.035577415617589404,False,False
1.5,0.25764802750599086,0.9298875539718233,-0.32943819811137215,-0.003930023866485082,0.06836048356451815,False,False
1.5333333333333332,0.4678315775534953,0.9127904660347579,0.05164163134325069,-0.0004311685244059258,0.11743001511318257,False,False
1.5666666666666667,0.5418600167480686,0.8979894809997013,-0.12961431178114508,0.008985361570460766,0.14119877206790743,False,False
1.6,0.27484613217789905,0.9302767843426237,0.3455458904490002,0.009546461138103268,0.04056774942954077,False,False
1.6333333333333333,0.16029356396654854,0.935191246931133,0.20042753726016782,0.009936499267309941,0.04388329210436669,False,False
1.6666666666666667,0.34098738914618243,0.9263267614826695,-0.059897839170153205,0.010513707115638496,0.05335104081713796,False,False
1.7,0.21425118962368342,0.9316427722052913,0.1904829770778396,0.01452918633284263,0.061227034929752996,False,False
1.7333333333333334,0.17916690691132803,0.9414939606044239,0.21766935535052095,0.01674488263616941,0.017562571179109445,False,False
1.7666666666666666,0.23084245680893542,0.9477804511775523,0.09796579772488105,0.01488667337661848,0.02212102294571757,False,False
1.8,0.09062404756934106,0.9498279024707231,0.2372539855076821,0.015561361927576421,0.013714543998554776,False,False
1.8333333333333333,0.35960714014894457,0.9504018264545042,0.5795281440305136,0.016362792240050324,0.10230470043618103,False,False
1.8666666666666667,0.5826736402846564,0.9886067290282752,0.4471037385182753,0.021720181487952045,0.15792099182872207,False,False
1.9,0.7208776668384252,1.0110243479124008,0.13912621359804642,0.027014178827586416,0.1796636899874989,False,False
1.9333333333333333,0.80542728679844,0.9946031516405451,-0.08510439630390536,0.03590106128540108,0.21246715244743086,False,False
1.9666666666666666,0.8353494234464302,0.9750543289839487,-0.27869886660809984,0.04044768971898222,0.21506850349497056,False,False
2.0,0.970661870125014,0.9789319822106639,0.44853034344790277,0.04881863848262102,0.2579234418109144,False,False
2.033333333333333,1.0609347689589352,1.009633252747207,0.3811515891413711,0.058235954130609016,0.2829807337364352,False,False
2.0666666666666664,1.0626528573052259,1.0169771494544848,0.26014505395185683,0.06936493326140572,0.27623567401276605,False,False
2.1,1.051599451525724,1.033493941630952,-0.1490942774824777,0.07683385035369442,0.2589738892855534,False,False
2.1333333333333333,1.1821060711715032,0.9968885994200416,-0.1382331066727423,0.08511807781850728,0.2833434150293329,False,False
2.1666666666666665,1.1530256951020408,1.010463440663816,-0.09338527538281366,0.09546492018645553,0.2654666449756031,False,False
2.2,1.302804259932334,1.0026712215131652,-0.20590171348317834,0.10461586156264943,0.3074867229643686,False,False
2.2333333333333334,1.1920342681228282,1.0016130530129037,0.2726421996934829,0.11455019215339061,0.28609129386061355,False,False
2.2666666666666666,1.1998183971859584,1.0013357720251173,-0.3130540870627107,0.12359206706864559,0.30414933742785943,False,False
2.3,1.273892992111334,1.0068110905990537,-0.13506022525605238,0.13542885612857844,0.34061888647829613,False,False
2.3333333333333335,1.3012951046616945,0.9845993469764779,0.06535635326364837,0.1449914547989159,0.36582214481223746,False,False
2.3666666666666667,1.445874133262733,0.9750832550715618,0.4140863212555153,0.1597943446745131,0.40789907810540743,False,False
2.4,1.5490911680116752,1.0331930395258926,0.6799766579624332,0.17327904609372397,0.4320340439797684,False,False
2.433333333333333,1.6683064486673842,1.0485348572068345,0.8414385221673857,0.1883851187568026,0.4652298986597185,False,False
2.466666666666667,1.7745134174728587,1.0641890977072408,0.6678554563270408,0.20336458289739548,0.4880906183598877,False,False
2.5,2.1247857817332285,1.0924198272134265,0.4469716752397474,0.22056028983725853,0.6022923808042453,False,False
2.533333333333333,2.1205874543925693,1.1180536002501802,0.7819651832550386,0.2428771283215271,0.6059051674865805,False,False
2.5666666666666664,2.340052069004716,1.1394892714168,-0.7613830545143954,0.26372391274918205,0.6670887333056942,False,False
2.6,2.4879431613250023,1.0757576223621694,0.048407792056412505,0.2863117888170086,0.7058652375468947,False,False
2.6333333333333333,2.5744501810779097,1.1039190333970645,-0.7645689563498925,0.3087359314821117,0.732450695580314,False,False
2.6666666666666665,2.8080996374527434,1.0481042318790939,-0.47004828839249496,0.33740439356035296,0.7998263384528026,False,False
2.7,2.7004627131692516,1.0736440105291123,0.31930057889969754,0.36296372518130215,0.7712034760493776,False,False
2.7333333333333334,2.598164176616453,1.0341126036077666,-0.5183111562282291,0.38919073531389803,0.7416016659504616,False,False
2.7666666666666666,2.5209927332603375,1.0804216802778992,0.7550228328032141,0.41260128186213973,0.720317865003139,False,False
2.8,2.318422067709655,1.0722997830095347,-0.10066163709430928,0.43695928756927205,0.6625114016895172,False,False
2.8333333333333335,2.0799252606069305,1.0701754868500974,0.38951634549743225,0.4581201706876025,0.5941995151491591,False,False
2.8666666666666667,2.0209169607596955,1.0945635862279255,0.6530999124582337,0.4763341583494007,0.5774984095229008,False,False
2.9,2.0415100823248955,1.1159582204095857,0.39519863794278226,0.493248670670171,0.583414271825034,False,False
2.933333333333333,2.2769808790589776,1.1419832106579364,0.46018546481485173,0.5146875328124239,0.6499600670931226,False,False
2.966666666666667,2.4432030979932784,1.134705592368337,0.12628987061009542,0.5379426367753969,0.6917078659719876,False,False
3.0,2.4465264584882034,1.137690723239777,0.36551414631808,0.5613975221800653,0.6873729066967309,False,False
3.033333333333333,2.3835696998545397,1.162064572997653,0.5460347851835623,0.584469863839422,0.6652623807939053,False,False
3.0666666666666664,2.238856869559809,1.184590441439312,0.36028951077309973,0.606353488615418,0.6279642044680662,False,False
3.1,2.023319839496251,1.1937332857499778,0.09769320009611107,0.626440968426098,0.5711186957328634,False,False
3.1333333333333333,1.8625332218629906,1.1830438030655157,-0.03208217828499181,0.6446422309978348,0.5204969469518061,False,False
3.1666666666666665,1.7854737010275452,1.1836448367533732,-0.13609677450413613,0.6607616361268484,0.48439145720065985,False,False
3.2,1.7107738794570029,1.1801904099259224,-0.03460489786847365,0.6762955934360634,0.4463883996880985,False,False
3.2333333333333334,1.6802606437515184,1.1795401832230759,-0.042270623464598624,0.6909731238440322,0.4161890503703665,False,False
3.2666666666666666,1.580471118358737,1.1771178600860064,-0.3190029527186915,0.7044377103103713,0.3682737262524799,False,False
3.3,1.4543947419413847,1.168970756176087,-0.38314327600358805,0.7156004239479065,0.30897242725213914,False,False
3.3333333333333335,1.4742767018029936,1.144234938878763,-0.5879211787978429,0.7249197064111212,0.27549854767624865,False,False
3.3666666666666667,1.400200508811167,1.1189417592111122,-0.36377921019764475,0.7331961957233047,0.23725890469793537,False,False
3.4,1.3768507146225268,1.116169224664838,0.0171790346484641,0.7409025050928666,0.20942239146620312,False,False
3.433333333333333,1.3411376015245111,1.1182868945956206,0.5689294830726552,0.747693508244243,0.16926460133459517,False,False
3.466666666666667,1.2339231067227414,1.1536608706053888,0.8689751739841223,0.7523794156074259,0.10773677945479436,False,False
3.5,1.1859088821896713,1.189983243772476,0.8472182549248347,0.755167998486386,0.05082579179008334,False,False
3.533333333333333,1.1227062069312945,1.2228500743754684,0.5945728689840023,0.7555691791110998,-0.006826741808390381,False,False
3.5666666666666664,1.0744094786217833,1.2220071624459745,0.404125251896236,0.7538065769116097,-0.0171681599495012,False,False
3.6,1.0412065900355147,1.2378774166241053,0.48964973599347095,0.753396989622903,-0.03537154830629914,False,False
3.6333333333333333,0.8956943882205718,1.261386652870269,0.2555196435158193,0.7527503552895366,-0.07164353609639924,False,False
3.6666666666666665,0.766212174458738,1.2722087965658901,-0.014704168219386363,0.74944189003969,-0.08298082433974248,False,False
3.6999999999999997,0.6904103057994531,1.2545519551346653,-0.5361321203812127,0.7447418269920273,-0.08926038873110968,False,False
3.7333333333333334,0.6225146155209695,1.2235538648882853,-0.4535602211114815,0.7423739703354385,-0.026558981726999248,False,False
3.7666666666666666,0.7132854651293848,1.2181340680904589,-0.4360556730300453,0.7436144691991934,0.014564658325913447,False,False
3.8,0.7070724400684884,1.2048030249639625,-0.45119153304196025,0.7440870939745465,0.047990253575122724,False,False
3.8333333333333335,0.8208764667356702,1.1966801937128104,-0.8465543465217653,0.7464098948063048,0.0807944656021775,False,False
3.8666666666666667,0.9157472068106074,1.1457748354711998,-1.0382142152533056,0.7491868837066924,0.10519641546165427,False,False
3.9,0.9985945868037025,1.1136001913428581,-0.9353506125290579,0.7546328793172703,0.10623597400962867,False,False
3.933333333333333,1.1171877441684146,1.0794512765901918,-0.8772197204845534,0.7571902652385268,0.09121807945897442,False,False
3.966666666666667,1.089375149202539,1.0669158773370182,-0.7106748269536798,0.7599628877364657,0.07803950807601331,False,False
4.0,1.114048490481073,1.0275432498012715,-0.6066373049908443,0.7619166987379015,0.07117061629188126,False,False
4.033333333333333,1.1052141893535279,1.0205272319059604,-0.695346743915106,0.7649768765319617,0.09603771058463116,False,False
4.066666666666666,1.1723687826066753,0.9959803801703963,-0.7179126184660894,0.767887242087169,0.08411296692355616,False,False
4.1,1.2453730439972246,0.9713392995466593,-0.7327621999873107,0.7710342948379548,0.10334100376998931,False,False
4.133333333333333,1.2437823274305493,0.934889463414688,-0.966627295623689,0.7749892113503392,0.07589886344630174,False,False
4.166666666666667,0.9420121840817338,0.9148465846135548,-0.6593046487873312,0.7763349565895279,0.085974104017402,False,False
4.2,0.7139092828494777,0.8854854781328272,-0.6160212865449708,0.7794364520217208,0.10927316703129217,False,False
4.233333333333333,0.5250943162832477,0.8744788492326511,-0.8245207983032432,0.7838117098994895,0.07446122976645443,False,False
4.266666666666667,0.32441012305463146,0.8454087282639029,-0.782939584273598,0.7872020018072284,0.06847538703545669,False,False
4.3,0.3059546076550213,0.8084137518398296,-0.7558388186322795,0.7875086748804923,-0.006987441934187592,False,False
4.333333333333333,0.062406440427519826,0.7761172591666432,-0.17402108903261398,0.7856183009825755,-0.013474024096317086,False,False
4.366666666666666,0.11380284695609107,0.8070155656203053,-0.13877726256962442,0.7862496838421541,-0.009279929427355851,False,False
4.4,0.062239471257486384,0.7900201649344931,0.14449170568979852,0.7850794368114435,-0.017253439647396618,False,False
4.433333333333334,0.02271859859084771,0.8001243792141259,-0.05502882070909032,0.7854397638310199,-0.004824660343065306,False,False
4.466666666666667,0.03944005544775743,0.7859606897901538,-0.2302655312695848,0.7840348468583693,-0.001524837236554543,False,False
4.5,0.06575032774938273,0.8002314551659097,0.10082133809179632,0.7853060040103905,0.009445316528489548,False,False
4.533333333333333,0.05400600224484762,0.7775558709766743,-0.3974067279518149,0.785353481602161,0.01259377842036828,False,False
4.566666666666666,0.060886727085010986,0.7803153634882126,-0.20353954103735825,0.7860195795841193,0.015884566656685882,False,False
4.6,0.07767835966462668,0.7635539886773945,-0.16704645229381476,0.7858823250508099,0.01991049580792889,False,False
4.633333333333333,0.14876874563415018,0.760021660396529,-0.20727327728797348,0.7876760254561717,0.02617330286512445,False,False
4.666666666666667,0.12808025302325968,0.7544900427645981,0.13244647470639848,0.7880148950162432,0.024189298070821798,False,False
4.7,0.16004855551704888,0.7684517768040504,0.03828023422833953,0.7892015276982309,0.011453674982649287,False,False
4.733333333333333,0.08651945116672385,0.762374454586161,0.029117615514566483,0.7887548126150876,0.013203396679571733,False,False
4.766666666666667,0.0883741543573887,0.7739589124618965,-0.18111109286473667,0.789640033728767,0.02492393933016148,False,False
4.8,0.15616472545011592,0.7458909177906512,-0.12958108785117198,0.7899629495887505,0.044428875886970975,False,False
4.833333333333333,0.27386159069798827,0.7526148677846393,0.21907710272662664,0.7927975026320871,0.06630803203955328,False,False
4.866666666666666,0.342035890556203,0.751434008857523,0.9013263574849512,0.7949925015464315,0.056338482015116785,False,False
4.9,0.6306156783515265,0.8131372447219067,1.573037641309439,0.7966951794749155,0.08399648641969798,False,False
4.933333333333334,0.7098939448905361,0.8765745111599563,1.1394213610877,0.7991264226178217,0.09817879450162717,False,False
4.966666666666667,0.8555105206235978,0.9161745050048068,1.0287015529871586,0.8029851271237356,0.1699202118249095,False,False
5.0,1.0724200202259662,0.9250567582412894,0.20245489909983833,0.8096562691683119,0.2690629118987727,False,False
5.033333333333333,1.397336708095385,0.9317547019038237,-0.37632445087965194,0.8201291536299141,0.3389287194059252,False,False
5.066666666666666,1.7911703121275753,0.9194752646976272,-0.9310281635278881,0.8340928547546199,0.41421558722257423,False,False
5.1,2.120265939289234,0.8494769099021946,-1.211315901139774,0.8485842018851939,0.43657413247111937,False,False
5.133333333333333,2.4470387546348458,0.8089321558837597,-0.8203976820848937,0.8630553074334052,0.44631078904593663,False,False
5.166666666666667,2.6413240242430276,0.7988105781475352,-0.3184048999380466,0.8786803130814733,0.46482986430442175,False,False
5.2,2.847661199535432,0.8005494010310823,0.26135682880668915,0.8942176259658109,0.4583969944866799,False,False
5.233333333333333,2.9076108953986473,0.8047506857220708,0.5950901674970006,0.9099496093317807,0.430033229489038,False,False
5.266666666666667,2.856751494559552,0.8439389196272796,0.7497835550700602,0.9239375625405108,0.37454132862751194,False,False
5.3,2.6765672104018106,0.8801432031907552,0.5232271473689895,0.9354056699755957,0.29280563255373515,False,False
5.333333333333333,2.291899436939576,0.8794937173890793,0.295845652923782,0.9436681063403755,0.2028635671538467,False,False
5.366666666666666,1.7689027813493368,0.8862616308344109,-0.3978035799575689,0.9490344593865814,0.11230973460950401,False,False
5.4,1.2815562054354181,0.8723426681553088,-0.7740379500130192,0.9507229591451419,0.043494962188465255,False,False
5.433333333333334,0.8186154237583151,0.8271161479863037,-0.7280360346586681,0.9505942594473754,0.018929203077854805,False,False
5.466666666666667,0.4861564632115519,0.7849674988403191,-0.4984919633656169,0.950843883483778,0.011666233830816957,False,False
5.5,0.3154695413184853,0.8038870156850488,0.006500383190484168,0.9521075541054118,-0.003748448595022693,False,False
5.533333333333333,0.2737168158587224,0.8128209877779122,0.042644808696733316,0.9514718126146602,-0.022048341780151467,False,False
5.566666666666666,0.32091169877806613,0.8009819926033461,-0.20399831527958895,0.9499258897643921,-0.05689048535245496,False,False
5.6,0.37731929457937674,0.7892364429858313,-0.2469961313689783,0.9473406756903409,-0.05757977556539265,False,False
5.633333333333333,0.34373724222883356,0.7856219797001022,0.12411545953856166,0.9457179815189122,-0.0452835643783472,False,False
5.666666666666667,0.3630410274274932,0.791963864365207,0.23577811441778126,0.9439635251365139,-0.0400763399516691,False,False
5.7,0.3569310640643797,0.8062578486073109,0.397677516304228,0.9433982399080811,-0.01520508220079453,False,False
5.733333333333333,0.24014732529175564,0.8275538529573506,0.2657699066821675,0.9428385834627083,-0.015136658164007949,False,False
5.766666666666667,0.23171748095695163,0.8250333556797128,0.13113663128735284,0.9426386887290082,-0.006807106679142821,False,False
5.8,0.07286387690846378,0.8284108140029474,0.17707872497153654,0.9425550082932277,-0.008566341533294825,False,False
5.833333333333333,0.04659543854886864,0.8351483655198546,0.06449476713157333,0.9420191829403685,-0.011721402431939686,False,False
5.866666666666666,0.09416378170810187,0.842341380615678,0.13104951467763204,0.9418547954322164,-0.016972115565573927,False,False
5.9,0.10995533685508947,0.8397998469384639,-0.05437754516997416,0.9409696286846093,-0.020426348920738628,False,False
5.933333333333334,0.07235311939485158,0.8364091219914799,-0.11667932946723303,0.9402847250627366,-0.02054576032980124,False,False
5.966666666666667,0.1024741860727283,0.8349780291328726,-0.09560084998422315,0.9394454864474634,-0.018988194265351203,False,False
6.0,0.11770083659611945,0.8259103989820114,-0.07321362472311578,0.9391132594962275,-0.011859538561741921,False,False
6.033333333333333,0.13669291977034792,0.8290937909966071,-0.13005320024070777,0.9384592166738285,-6.447856670034518e-05,False,False
6.066666666666666,0.168484533708729,0.8220134272418285,0.012832889048005135,0.9389748414530507,0.0033423119068726388,False,False
6.1,0.13032529384434902,0.8226936446129517,0.11341069988722041,0.939179830840703,0.007994433085554867,False,False
6.133333333333333,0.09643143964379869,0.8271337598885214,0.2177331878866856,0.9397230446293001,-0.005387331046360762,False,False
6.166666666666667,0.16108414737534085,0.8483831649068522,0.16551032432223525,0.9390452703667151,-0.03002468017731968,False,False
6.2,0.23853010985795195,0.8424289248489419,0.008454563029836817,0.9378997800773499,-0.04202759664808932,False,False
6.233333333333333,0.33065603356745743,0.8411809361690241,-0.10020904093499504,0.9356181785773412,-0.05466408044798902,False,False
6.266666666666667,0.3249454457769543,0.8330951869870676,-0.07384075490965114,0.9338809108248721,-0.04262651352274852,False,False
6.3,0.31981597251945626,0.8349414284119803,0.2726960560000965,0.9328794569713614,-0.0460875215332431,False,False
6.333333333333333,0.38309656550086185,0.848231851541005,0.07524045579459354,0.9313758446709707,-0.04999831991666272,False,False
6.366666666666666,0.34848772059411076,0.8565907419572856,0.04261583057579299,0.9292615507484515,-0.04435661192261591,False,False
6.4,0.3469753580241562,0.8495542183709754,-0.14840728691007588,0.9276727293741103,-0.04127441380668683,False,False
6.433333333333334,0.26161104395184814,0.8302599445078013,-0.042452639622386434,0.9270024212720165,-0.029356013244138918,False,False
6.466666666666667,0.17739884782934687,0.8454065477001949,0.20378686178384947,0.9259470210962479,-0.01965334374920163,False,False
6.5,0.0744041136668994,0.8536137425598536,0.2918959423566056,0.9251561440240259,-0.017926899582861224,False,False
6.533333333333333,0.01906112989781845,0.8689540925444509,0.12559859065692874,0.9249139945064109,-0.0014950409949089365,False,False
6.566666666666666,0.03339304147167941,0.860108545396006,0.10050532434956652,0.925194728855323,0.005871109777574668,False,False
6.6,0.03259626681526789,0.8693646390432197,0.17315905881961588,0.9252990741771787,0.006964100796272981,False,False
6.633333333333333,0.11833955517713221,0.8740735319458962,0.026110442383807612,0.9258048161793763,0.014187921509747318,False,False
6.666666666666667,0.11157442896139454,0.8797157628766353,0.120007690421902,0.9260677115803496,0.01908115247207988,False,False
6.7,0.18161392909927057,0.8729395040687578,-0.0403355951374949,0.9270112877241263,0.024646695257097933,False,False
6.733333333333333,0.14618647509174618,0.8758737651897621,0.03403605466487942,0.9279737879314576,0.02704443008036636,False,False
6.766666666666667,0.17035568681523544,0.8801244830193787,0.0723995094142254,0.9289199865357245,0.025204417923674505,False,False
6.8,0.1447119098489399,0.8757646510082492,0.2262225106345533,0.9296316294659542,0.017296360308076478,False,False
6.833333333333333,0.08684757476276896,0.8882952602861407,0.42054980415189935,0.9306410824429162,-0.016568582825254568,False,False
6.866666666666666,0.24393899184748497,0.9118150990791716,0.41781818326667497,0.9295010495514694,-0.06163505142686526,False,False
6.8999999999999995,0.36692836427799985,0.9291133018632641,0.19589582149710505,0.9261136102382033,-0.09543118057522895,False,False
6.933333333333334,0.5652066440834959,0.924203131651012,-0.21212873638684104,0.9220573948707237,-0.12590275649791208,False,False
6.966666666666667,0.6370685030420941,0.9058802133774797,-0.15224355122386204,0.9178050440892022,-0.11530874021416024,False,False
7.0,0.7150200861623249,0.9077041553029676,-0.3443477803624796,0.9141278721010412,-0.12785134847393462,False,False
7.033333333333333,0.8536430384907198,0.8925182712479418,-0.1453990301755644,0.9097066171479394,-0.1469786206017866,False,False
7.066666666666666,0.9189522271492121,0.8930907107275536,-0.2842082387557541,0.904838523999233,-0.15897175750304,False,False
7.1,1.09453052669195,0.874680460463096,-0.4904550987643437,0.8983034056156655,-0.1746206570597562,False,False
7.133333333333333,1.19604824518381,0.8643224761114149,-0.14854116746821755,0.8928772069261017,-0.172726755480862,False,False
7.166666666666667,1.3221161349045802,0.8498793034821978,-0.3732281992180713,0.8873265195432288,-0.18407955811650972,False,False
7.2,1.3579939004811508,0.8471113475777688,0.07433767932249502,0.8808529672781392,-0.19143406791514891,False,False
7.233333333333333,1.4304029016871769,0.8551530060729223,0.04799265660207191,0.873942790882361,-0.19904871350794462,False,False
7.266666666666667,1.3789434312292728,0.8515604716823048,-0.02239343413937487,0.8671796555337206,-0.17732028193916619,False,False
7.3,1.2352598264820083,0.8571811787608079,0.18611295420074428,0.8617745211253685,-0.15167475087430476,False,False
7.333333333333333,1.0756561498484571,0.8574935779483939,-0.06255353292083804,0.8570859242720477,-0.12669226868137426,False,False
7.366666666666666,0.8107983428381762,0.8641822663149586,-0.17284738729443203,0.8534742822851178,-0.09041554796312547,False,False
7.3999999999999995,0.6723427358483203,0.8474174795194719,-0.23404293111717525,0.8508717324223364,-0.07690079206610499,False,False
7.433333333333334,0.562503017685494,0.833198375335541,-0.3205076535737028,0.8489721043002131,-0.061386371405962446,False,False
7.466666666666667,0.5637707375942426,0.8271339240197604,-0.02749794759847836,0.8471459415894304,-0.06291154658143448,False,False
7.5,0.5875577780856344,0.8350210705302741,0.061681982931908755,0.8447853806081925,-0.07806411472439485,False,False
7.533333333333333,0.70250109552719,0.8333024466957214,-0.03282348866124862,0.8422462406522903,-0.0870801632929226,False,False
7.566666666666666,0.7312333567862876,0.8357233308945524,0.0361079623594267,0.8387265363461531,-0.09226449527902231,False,False
7.6,0.7924964352804202,0.827788731161837,0.16224234698823314,0.8358946053549624,-0.11220406650808043,False,False
7.633333333333333,0.8341544178048843,0.8437709532908892,0.24109348752227583,0.8319968505939143,-0.1244006079882159,False,False
7.666666666666667,0.8707827493650888,0.8533962620507988,0.3727687290607766,0.8273893623046907,-0.13988280766154826,False,False
7.7,0.8805800995337654,0.8699259499847546,0.17968585370162765,0.8218131448231386,-0.13939886662892678,False,False
7.733333333333333,0.8450417834565056,0.8701038929481628,-0.2442550600763896,0.8179629477479404,-0.1240173409073097,False,False
7.766666666666667,0.8150521506490327,0.8584257653942152,-0.3194229025828186,0.813891611312835,-0.12383563802272823,False,False
7.8,0.7214470458702873,0.83421085092057,-0.5703436919002798,0.8098921168573059,-0.11375928857566832,False,False
7.833333333333333,0.6950534719010784,0.8229031084509056,-0.7002885979091842,0.8059292621280888,-0.11909206360614119,False,False
7.866666666666666,0.5352267942883154,0.793241187502104,-0.4428561550866682,0.8021498888595169,-0.106733090547927,False,False
7.8999999999999995,0.35424631354772745,0.7728944419157563,-0.2805476770453142,0.7984398376974398,-0.0803867725729064,False,False
7.933333333333334,0.1719393674170444,0.7780474759600984,-0.18078004411232568,0.7957429653059483,-0.03640643891109903,False,False
7.966666666666667,0.12471637082963297,0.7836911035414253,-0.10740612117648796,0.7959399385243057,0.014503877829888488,False,False
8.0,0.1283894729704865,0.761119139074309,-0.26271905472320756,0.7978637797759737,0.024422464653942787,False,False
8.033333333333333,0.0036567640528327116,0.7497927220251261,0.10752877838308418,0.7990094412308705,0.0005387627892048649,False,False
8.066666666666666,0.16310217547181907,0.7640018818397374,0.8621643043362032,0.7980750701073599,-0.0357089630688456,False,False
8.1,0.26363347942610765,0.8111487518802559,1.0915854832910727,0.7956217971298072,-0.04172214633437984,False,False
8.133333333333333,0.30937017970624653,0.8582865007628769,0.995597462862271,0.7945642634881642,-0.04197310587430284,False,False
8.166666666666666,0.34858816034148915,0.8625419419773653,2.316762303426852,0.793296359995087,-0.02489861628000412,False,False
8.2,0.4664746018297403,0.9553808729500496,3.217654767634279,0.7913291126788258,0.08498563236944125,False,False
8.233333333333333,0.7161862835230007,1.1160739066723162,4.146679296118623,0.7953977660899625,0.20159254451079772,False,False
8.266666666666666,1.1444175688630442,1.2982728924036009,3.418879772739827,0.8066300373373406,0.3121806861278965,False,False
8.3,0.9438622757431115,1.359569894071351,0.934047875288349,0.8211965325663789,0.2673771994586867,False,False
8.333333333333334,1.104439257056985,1.376129930665417,-1.4958876355227892,0.8256211282166078,0.25651931724719446,False,False
8.366666666666667,0.666311635019662,1.2397324060313586,-2.5428640815798396,0.8357433677776172,0.0994646336785266,False,False
8.4,0.38203818894880226,1.120784082461273,-1.7123124218390187,0.8360280718198596,0.041794464651968,False,False
8.433333333333334,0.4717751315793414,1.0873525510184183,-0.18409253283777005,0.8372873104769673,-0.0010866275388103832,False,False
8.466666666666667,0.1502024936530554,1.1650513353243288,0.993754053426922,0.8307374513580199,-0.03835260737001833,False,False
8.5,0.489043771638188,1.1840638122727136,0.9728873014155404,0.8369371712885056,0.009750709798137726,False,False
8.533333333333333,0.45811838214591805,1.2109904828328701,0.7994222956570974,0.8337614650039018,-0.053552228664970704,False,False
8.566666666666666,0.4488224723749274,1.2475801688465356,0.04602255976131122,0.8319053270139094,-0.040380329603595555,False,False
8.6,0.21140383954319644,1.2426400543365108,-0.042337744265913406,0.8276954986439664,0.0014227386412382671,False,False
8.633333333333333,0.12564501496300984,1.2024017802522573,-0.07514735173229974,0.8334292399530027,0.010773478436126357,False,False
8.666666666666666,0.3040730992984265,1.1850160708638067,2.2436170909195106,0.8309479014459412,0.08679950581769341,False,False
8.7,0.37928712144615817,1.3830652243341122,0.8661453711175674,0.8357038562179598,0.07458787622466947,False,False
8.733333333333333,0.4585984768352796,1.3714788720235014,0.5782222227298213,0.8377260082716206,0.050139303092856656,False,False
8.766666666666666,0.4540518681687788,1.346463474035083,-0.33985489605807356,0.8429862319585313,0.05342320986002332,False,False
8.8,0.7037577891635677,1.2649477306401162,-1.1760175190883506,0.8390714132439416,-0.11416142073284873,False,False
8.833333333333334,0.5214555527700607,1.345992075126837,1.1405394253801617,0.8357599393574454,-0.07895981803982928,False,False
8.866666666666667,0.9623038060386814,1.3242939664173141,-0.7201410260538519,0.8326839449504752,-0.19333577978011796,False,False
8.9,1.0159579788022872,1.3119344151779426,-0.4418066728920166,0.8243874019048053,-0.20537148677218214,False,False
8.933333333333334,0.997537838172436,1.292219489150778,-0.8268556161326729,0.8174998380177482,-0.21068414059332924,False,False
8.966666666666667,1.140386022857092,1.2331821218429824,-0.8127937063158694,0.8080698811633329,-0.2311438055964359,False,False
9.0,1.0565003487260862,1.2346267315817097,0.04926105635297084,0.8045843411726104,-0.20851669598790085,False,False
9.033333333333333,1.2770259817102618,1.2333911911463915,0.2393696284424595,0.7953581047592009,-0.2971535681604606,False,False
9.066666666666666,1.3691130397272506,1.2692012090592626,0.4162674714258518,0.7847415241407969,-0.34610581950121005,False,False
9.1,1.5130999289142286,1.2679370096932319,0.38838685070649526,0.7713502295773227,-0.40634226880184365,False,False
9.133333333333333,1.6350939612607356,1.2829254529635035,0.2305997191242559,0.757444943771483,-0.4266995129236054,False,False
9.166666666666666,1.757651674466695,1.2909606699463871,0.03874590177988251,0.7425546031342186,-0.44504852474125084,False,False
9.2,1.9043432921459758,1.3052304854967889,-0.7288821792636136,0.7280544467655312,-0.5014789194610896,False,False
9.233333333333333,2.104076057998454,1.2465814979340393,-1.4477468966995446,0.7108883227915578,-0.5673122307255749,False,False
9.266666666666666,2.4619595326668295,1.1862579644906834,-1.6769408344339296,0.6905807986539262,-0.6756474156678556,False,False
9.3,2.7168846419732913,1.1101721983521489,-1.0467057910572146,0.6651722140537513,-0.7498812036806232,False,False
9.333333333333334,2.9006610112051425,1.107615240147973,-0.14420064043918893,0.6394229690666261,-0.7916962622016654,False,False
9.366666666666667,3.138571301123207,1.1133621342643927,0.3096989900862163,0.6123515429601233,-0.8632906778535089,False,False
9.4,3.3019755936416595,1.1468884997407196,0.5559914436300308,0.583400320511134,-0.91196197133906,False,False
9.433333333333334,3.7028437473377913,1.1542712062844465,-0.012664693364597536,0.5512782061687161,-1.0233589869241975,False,False
9.466666666666667,3.920907394056015,1.1533818246452552,-0.15252242761590323,0.5151574144229933,-1.0865312884103473,False,False
9.5,4.139564229510529,1.1321939045420675,-0.313079812858522,0.4781403225578823,-1.1464294791394989,False,False
9.533333333333333,4.1870893263776505,1.1218962142128086,-0.2010976770757063,0.43759008528215343,-1.1576601348332705,False,False
9.566666666666666,3.9117220291743946,1.1255429669935346,-0.0629615494341163,0.3991604729857348,-1.0867425784360716,False,False
9.6,3.789836058029483,1.1218870228701956,-0.05377758653091831,0.3638104151603801,-1.0476463558724123,False,False
9.633333333333333,3.489822227301641,1.1146390167780633,0.16596048544368863,0.3311383686233529,-0.9605791984752077,False,False
9.666666666666666,3.4998307439084804,1.1292865492025321,0.17266857236621003,0.2998015888275218,-0.9423212515812933,False,False
9.7,3.4952607727490115,1.1387257965486552,0.29718675313251225,0.26838686852686783,-0.9219487423009013,False,False
9.733333333333333,3.432054210986551,1.150042440005954,0.07090529277032863,0.2390042610673185,-0.8895525429681082,False,False
9.766666666666666,3.4654325786537283,1.1375823691841065,0.15990239631048214,0.20857203234421365,-0.8837421749473507,False,False
9.8,3.532590611447935,1.1615610207877543,-0.16170836876880676,0.1805745327285975,-0.8818269675800962,False,False
9.833333333333334,3.6936642463722915,1.1384316389117433,-0.1368447708129542,0.1506494715116997,-0.8847833416765772,False,False
9.866666666666667,3.525511840060521,1.1358832037992574,0.06639988019791486,0.12055233921469996,-0.8626448476602044,False,False
9.9,3.448742139260603,1.1326983157047499,-0.07598271371521227,0.09231011115408992,-0.8688060992193862,False,False
9.933333333333334,2.8884749810411354,1.1546783087441541,0.3691205737409972,0.06356052005410583,-0.787993099680837,False,False
9.966666666666667,2.594404329595061,1.1533334361240233,-0.2525966024153732,0.037612029828494375,-0.7336684214856164,False,False
10.0,2.128014357102335,1.1454621585415468,-0.6817899401562114,0.013550049454896951,-0.6079543371024949,False,False
10.033333333333333,1.5842133351773748,1.1183285808447685,-1.277628801676231,-0.0030850634940186353,-0.44440933999252424,False,False
10.066666666666666,1.0124696781403943,1.0448819738317718,-1.442585139018686,-0.017616598695135946,-0.26259594441098305,False,False
10.1,0.4570015144164813,0.9958025194249992,-0.9373296233424706,-0.020730637007329446,-0.0920329341004569,False,False
10.133333333333333,0.1216187577200927,0.9756763035873968,-0.1792708845421576,-0.02060589966362125,-0.017346933002854108,False,False
10.166666666666666,0.28610359457391593,0.996994083775072,0.39428342859063586,-0.018108163110108055,-0.040639622542166805,False,False
10.2,0.24979861314176724,1.0156105403104407,0.2618276085129985,-0.02350145466077896,-0.04624023798342229,False,False
10.233333333333333,0.3702545057499795,1.029501085939831,-0.25476866010540533,-0.02395813816007121,-0.0653374386578207,False,False
10.266666666666666,0.23617653488845014,0.9956865400094441,-0.317441885253226,-0.026738646376342524,-0.03454793039728886,False,False
10.3,0.12621304333625996,0.9811336502074234,-0.2528592492119772,-0.026295778042369027,0.033676218594656485,False,False
10.333333333333334,0.25708814032067295,0.9825008249679769,-0.08063627094416105,-0.02673151776178717,0.031745565097125415,False,False
10.366666666666667,0.4419718560620317,0.9942178436698295,0.16091394179937088,-0.02191635366085666,0.10178546637242958,False,False
10.4,0.21127920051113544,0.9878832800658367,-0.4189967882125497,-0.018849674372486885,0.050778312193180644,False,False
10.433333333333334,0.1825959108013992,0.9692066869648215,-0.18732581866147344,-0.01849891373498615,0.051558579868019226,False,False
10.466666666666667,0.20358755989026672,0.9645707096905164,-0.26882781561128627,-0.016733941940062228,0.049933684033131996,False,False
10.5,0.19362662494382615,0.9525203714853354,-0.23896231345903415,-0.014418917391356301,-0.0056433695483021845,False,False
10.533333333333333,0.01785464877384637,0.9537499362333173,0.1638417479915152,-0.014876500986229136,-0.005081937124988646,False,False
10.566666666666666,0.2078390838524264,0.9503479587246187,0.11209981973060687,-0.017358391529639673,-0.04897767410089509,False,False
10.6,0.10184309970482887,0.9721909260601203,0.23243371340223026,-0.01925431609612768,-0.01790771657368695,False,False
10.633333333333333,0.06717250673825283,0.9768089838615496,0.11365896056760035,-0.017640458260342128,0.01487599119065263,False,False
10.666666666666666,0.05813855992526915,0.9704638590560748,-0.039792728238412546,-0.017827597803211914,-0.016352742336830324,False,False
10.7,0.24238985284245013,0.9628015473287143,0.4912277069958833,-0.018212651537546976,0.006096182173974471,False,False
10.733333333333333,0.027529512311119136,1.0028618123422666,0.3049190690662729,-0.01874072002661696,-0.006794090040097965,False,False
10.766666666666666,0.07234314111719006,1.0134420324829456,0.03222830720600619,-0.018493711916908746,0.01876874539965642,False,False
10.8,0.3387715982525051,1.0047505853020988,-0.3109963078650196,-0.01653090596998131,-0.003618705977683884,False,False
10.833333333333334,0.2207161936124559,0.9649493953522134,-0.5493660032626616,-0.018004492213336224,-0.0333057869907237,False,False
10.866666666666667,0.056666129448134775,0.9672919480270649,0.051350537111659,-0.02024215693017,0.01611781675928415,False,False
10.9,0.3138294226598161,0.9680918896042606,0.30167689742618353,-0.017918881532136437,-0.06784943854815355,False,False
10.933333333333334,0.27489654816972514,0.989124557584329,0.595060902907327,-0.020502580691685056,-0.03464704453127998,False,False
10.966666666666667,0.2320479353012991,1.011830614973906,0.7986874740641616,-0.023709609018600142,-0.016818267848631146,False,False
11.0,0.09858874858682662,1.0520328073868588,0.25940318886800184,-0.024845051300862876,-0.0262438267156119,False,False
11.033333333333333,0.3217678365082102,1.0482585836747549,-0.17138217198451233,-0.020879728964172797,0.0882282273154423,False,False
11.066666666666666,0.2605932721722761,1.0296282045177219,-0.7261224808706888,-0.0194429473113421,-0.0016482741855734396,False,False
11.1,0.07158796226793035,0.981195852339593,-0.7081357984988806,-0.020858025912478876,0.01652536196968296,False,False
11.133333333333333,0.0913273057902804,0.9776360025309685,-0.3371971924259236,-0.018785161316137226,0.010966057731110375,False,False
11.166666666666666,0.10960789370747767,0.9603701838465063,-0.1227509885152464,-0.02092103480192744,0.022555523505558478,False,False
11.2,0.11073046214959673,0.9733456048659344,0.16047161528368656,-0.01595910472176036,-0.021550860243864486,False,False
11.233333333333333,0.10698551210316633,0.9725264423161234,0.06266717492919135,-0.020849277561287863,-0.03057430420910196,False,False
11.266666666666666,0.23318118881941413,0.9853859619882995,0.03823488290606689,-0.021593408298607397,0.028903063423336914,False,False
11.3,0.23900486501634288,0.975511015360159,-0.20857973269888191,-0.020888749019108963,0.028539519086440517,False,False
11.333333333333334,0.12785724950492855,0.9679943375557426,-0.25732885472265105,-0.013893840756698823,0.03400876928822764,False,False
11.366666666666667,0.1589322114857532,0.9500249825030107,0.0628141612347735,-0.017944803447382824,-0.028852475394968272,False,False
11.4,0.5142589039159514,0.9646272772771559,0.26562506758932125,-0.019300539997107718,-0.10097740547289237,False,False
11.433333333333334,0.15965283612835046,0.9788537569299111,0.48156669769709826,-0.024168289193637373,-0.041109138765287545,False,False
11.466666666666667,0.17406476093019677,1.0078504771852255,0.14112412778423059,-0.023537847904662665,0.0068419778674025985,False,False
11.5,0.09427486924578159,0.993318194097323,-0.2502762345080661,-0.023873683217841366,-0.017313660667099752,False,False
11.533333333333333,0.07580316172022808,0.983665618661998,-0.37969902185434706,-0.02109898262152538,0.021637190214993513,False,False
11.566666666666666,0.21360894916132453,0.9513510738369173,-0.0824404047008402,-0.024361100521203303,-0.014948424665557049,False,False
11.6,0.1935298282412855,0.970238118126523,0.4780958680954661,-0.02278457035290092,-0.04894939765205548,False,False
11.633333333333333,0.07476808036016783,0.9953368748297922,0.5053561936364774,-0.02585861281108735,0.02129773327272228,False,False
11.666666666666666,0.15792993573013026,1.0271524025906071,0.19699418705117824,-0.023921801984440938,-0.02360959026462212,False,False
11.7,0.08906496105601394,1.0067667173809467,-0.2246092817643053,-0.025639752798607734,-0.025291605266853534,False,False
11.733333333333333,0.24815031434370607,0.9937976223392689,-0.28801761149948046,-0.024082803550297818,-0.01759754510966168,False,False
11.766666666666666,0.14327217427813624,0.9837811347593247,-0.1659167076979378,-0.029913445546941426,-0.03997202496724492,False,False
11.8,0.09523511551750055,0.9911385260508775,-0.06573119385943617,-0.026948078476261895,0.024254247659289692,False,False
11.833333333333334,0.24352372642611927,0.9798474031247175,-0.1531602485966879,-0.027336730728082032,0.04448335145624529,False,False
11.866666666666667,0.18191361173695245,0.9805791770900322,-0.2977952042247602,-0.023455979330854797,0.039020873780544675,False,False
11.9,0.14679846093229287,0.9606524358727536,-0.1675108243306039,-0.023809145051350858,-0.00437966913528445,False,False
11.933333333333334,0.3585557871810369,0.9578691275081965,0.09622249668294666,-0.024285438449851326,0.04742846584664908,False,False
11.966666666666667,0.07145480745468875,0.9656979830759568,0.18295255266675634,-0.022957701842698134,-0.0010050708594106137,False,False
12.0,0.15813939037318736,0.9882163026381501,0.1936299916256153,-0.02139254563274826,0.033960601534718096,False,False
12.033333333333333,0.24321609401926392,0.9820386573984186,-0.19553472700187696,-0.020110331284429177,-0.0359276751590311,False,False
12.066666666666666,0.22446978771881487,0.9635549962580542,-0.01924898858789565,-0.025067167626423276,-0.04765296840306018,False,False
12.1,0.2166386796439123,0.9647992227188209,0.3326002881096024,-0.02474801175782974,-0.0034210920106361223,False,False
12.133333333333333,0.11429883298048496,0.9970132553865783,0.23314817220307485,-0.025208670532584774,-0.03194159827316599,False,False
12.166666666666666,0.10126102198044387,1.004717475790812,0.17731007045104827,-0.02458530121685494,0.016363717379306385,False,False
12.2,0.13897527730297965,0.9928221850176273,-0.06577867204197363,-0.026147982112676084,-0.011616775233292471,False,False
12.233333333333333,0.07514443111674013,0.9911418335202378,-0.35566051476191407,-0.02566548604094821,0.019014434922357475,False,False
12.266666666666666,0.08607269983693921,0.9830057619100754,0.13637626514081852,-0.02294825986139022,-0.012796463649192945,False,False
12.3,0.20382188315932984,0.9791466007977401,0.2232067765727406,-0.025831082421843635,-0.031053802795024014,False,False
12.333333333333334,0.07635459285861594,1.003829767030426,-0.04193504052531601,-0.027326107718848545,-0.020789324506052028,False,False
12.366666666666667,0.09522062098702498,1.0089064815181912,0.025898274733687162,-0.028163972528705727,-0.0012104075610740487,False,False
12.4,0.03703379004114244,0.9759928320354296,0.0717213097840995,-0.025179676536339367,0.003783771010449738,False,False
12.433333333333334,0.1677153650517077,0.9904630896364361,0.224833696736021,-0.0278983166263136,0.02575391555826599,False,False
12.466666666666667,0.15350307734580612,1.0290413116045611,0.33199427751925636,-0.02607080095584984,0.043235295560395036,False,False
12.5,0.3094493066553812,1.0234997263335908,-0.015202232680472614,-0.02402143096923214,0.0764369741943417,False,False
12.533333333333333,0.18920406138171364,0.9965816349752562,0.05060696219217743,-0.01836842267662007,0.037501027997345865,False,False
12.566666666666666,0.28711234432116683,1.0194249237659672,0.3281855698787762,-0.021540759461011496,0.015721991096441908,False,False
12.6,0.39792147892660484,1.0339950025410045,1.0025715813453377,-0.020137352238429013,0.03574147791384949,False,False
12.633333333333333,0.3036882969946628,1.0750659488888508,1.168531192474123,-0.019867639526000208,0.07677146596735515,False,False
12.666666666666666,0.6529643259694282,1.1176480725046336,1.1954125418189046,-0.01422571380341488,0.1864590229199014,False,False
12.7,0.7297496717260804,1.1723800260341364,1.4507130726325954,-0.008783917089057208,0.2082320081246137,False,False
12.733333333333333,1.0838928365622886,1.2149226286687154,0.17748335369711798,0.0009558288105481056,0.29642058961206863,False,False
12.766666666666666,1.2185569309378588,1.2078148554263985,-0.1532731221966382,0.01137351797452046,0.3164933470081743,False,False
12.8,1.3589439834043997,1.1830498043424478,-0.8182539931676924,0.022296239537777034,0.33011211097097143,False,False
12.833333333333334,1.5384993994575344,1.131985334906059,-0.9391660925778199,0.03354781759994688,0.3812252902372299,False,False
12.866666666666667,1.6763859977792355,1.1227133612415152,-0.0753309026294083,0.04614596743329507,0.42567906438949793,False,False
12.9,2.100574521671355,1.1172770879695368,-0.29358842175323363,0.061366297886791675,0.532712928909224,False,False
12.933333333333334,2.466548129975585,1.1243060765330304,0.08721041038089074,0.08119654375146033,0.6411540254912619,False,False
12.966666666666667,2.7564453492239376,1.1222816503667254,-0.05347071713436963,0.10459858894575438,0.7044895010957498,False,False
13.0,2.87004978304356,1.1107835105779833,-0.15878346488375614,0.1304688356602967,0.740605837127062,False,False
13.033333333333333,2.784606933496945,1.1170951056987977,0.19032404069197031,0.15514760897068958,0.6972117017578356,False,False
13.066666666666666,2.7871347740002106,1.117655086818286,0.20752825958437057,0.17717889191639366,0.6744371238916778,False,False
13.1,2.7232252961242023,1.1363826100269376,0.0993804485657874,0.19901878475882165,0.6622829770621589,False,False
13.133333333333333,2.771639988142128,1.1410453826228952,-0.29979880173594037,0.22065729701812012,0.6704997992401445,False,False
13.166666666666666,2.778334179115201,1.1165443444362357,-0.7763573988742106,0.2440109821415106,0.6932925602704414,False,False
13.2,2.7758133551474136,1.0661194733410566,-0.3124636982412003,0.26686989457449245,0.6942667933384894,False,False
13.233333333333333,2.6683199681355014,1.0738025732379808,0.05522035799635656,0.290815120203044,0.6822568392162468,False,False
13.266666666666666,2.5771960215706415,1.0967224743756694,0.2431885841023588,0.31285622767736104,0.6738063159908095,False,False
13.299999999999999,2.678547261741164,1.1070463847274747,0.4059244476999352,0.33420903858935114,0.7217363559895511,False,False
13.333333333333334,2.7910396802200057,1.1078471895463453,-0.5493619722295331,0.3588371568215723,0.7834462772829184,False,False
13.366666666666667,2.9571860768526603,1.0842780234193714,-0.10232191720985148,0.38781399502767194,0.8373391267147443,False,False
13.4,2.953502519299408,1.0793366388827503,-0.1279285078215263,0.4169318847611702,0.8405550482216799,False,False
13.433333333333334,2.935374116275332,1.0669756912136794,0.1079072537647231,0.44348265642506657,0.8367219376930222,False,False
13.466666666666667,3.076150158535049,1.104482596636339,0.6878782383599394,0.47099124435280143,0.8767539775094412,False,False
13.5,3.1470204463851705,1.1049893334932188,0.623695050818583,0.5018472047095216,0.8989190263669069,False,False
13.533333333333333,3.153120623997335,1.1419721226672288,1.2373530654969385,0.5330386511648479,0.9000485090247757,False,False
13.566666666666666,3.1324025983999215,1.1914556749878142,1.1015576410307522,0.5621062137521448,0.8890542398724891,False,False
13.6,3.1476191904099933,1.2404920286274235,0.6778177084998641,0.5906474733830303,0.8904126233140012,False,False
13.633333333333333,3.243046423722303,1.2421585943630349,0.22910304151552335,0.6214800894478415,0.910288819613488,False,False
13.666666666666666,3.225606864539607,1.2277311731701186,0.14852096618561494,0.6525556766856829,0.8987178252239142,False,False
13.7,3.1038044666927904,1.2408693315588473,0.4897216073323662,0.6821110156700275,0.8586476155775783,False,False
13.733333333333333,2.961753849836955,1.2774035417839316,0.5004179724677129,0.710157352780237,0.7902934848047231,False,False
13.766666666666666,2.6942845342480464,1.2893963319455897,0.0965672890521109,0.7356676198943932,0.7022404475392571,False,False
13.799999999999999,2.5288848364006724,1.282873578816067,-0.5260769454164821,0.7572997182522752,0.6166001169558658,False,False
13.833333333333334,2.392932543792085,1.2496293447173281,-0.8497950783839827,0.775748515621784,0.5436815393761891,False,False
13.866666666666667,2.3969565649816684,1.21882745953741,-1.0022615102430488,0.7919790905196474,0.5571088000561398,False,False
13.9,1.9341635903076984,1.1796981634206776,-1.1049405843694196,0.8134730732851383,0.4132975102635714,False,False
13.933333333333334,1.5139537457898342,1.1444795992312047,-0.8371776806513792,0.8258949223207064,0.24624214558032081,False,False
13.966666666666667,1.5438228015961408,1.1157644775394775,-0.7965758501204846,0.8290853139339205,0.09111147310987511,False,False
14.0,1.697376701116302,1.1021419038818947,-0.9421431830130674,0.825247625304041,-0.019326565888860572,False,False
14.033333333333333,1.7696601799949983,1.0788555043849144,-1.985467217908602,0.828015368229471,0.01535790560483035,False,False
14.066666666666666,1.5908800340606544,0.9722766475253011,-2.283785282049482,0.8274704645105663,-0.002721691059575189,False,False
14.1,1.2081964828729683,0.8743656856531171,-1.9149195070858722,0.8264390974562488,0.015159412065639146,False,False
14.133333333333333,1.0641902688593285,0.8298035567601488,-1.3800256944435279,0.8271944128492226,0.04486726946645402,False,False
14.166666666666666,0.8262652748033653,0.8248917840522857,-0.7569686281524535,0.8301534169295447,0.09912614220308169,False,False
14.2,0.6266353245931958,0.7755249488915682,-0.7197074003601435,0.8340653477607355,0.12246875936707789,False,False
14.233333333333333,0.5254063329886695,0.7479979192068947,-0.028006838356889743,0.8387967761962535,0.1103792753825919,False,False
14.266666666666666,0.313644982597967,0.7738595266468367,0.7691492705524787,0.8428502439588829,0.08871828527856668,False,False
14.299999999999999,0.12906896928600184,0.8284625782117427,0.6043648789696319,0.8448219788073863,0.03683389849670394,False,False
14.333333333333334,0.045201886390349194,0.8352624835687511,0.3857616033692645,0.8449684518981376,-0.004978494945891907,False,False
14.366666666666667,0.1352352591939118,0.8256040196010992,0.490854128343718,0.8442466445916322,-0.022322754787733358,False,False
14.4,0.17232093624273123,0.8591877323099729,-0.07521566725366646,0.8430002168705371,-0.04924658806721966,False,False
14.433333333333334,0.16380025768477766,0.866294719568619,-0.06630800815035148,0.840978874640789,-0.04232432338521285,False,False
14.466666666666667,0.1596612014506478,0.8379355167931938,-0.7250860616074885,0.8396415730384607,-0.045420348336659325,False,False
14.5,0.13957619413203753,0.7863363239879053,-0.5752401872962238,0.8377063680829019,-0.02081093361029204,False,False
14.533333333333333,0.0908064361774098,0.8042598696572754,0.04369610070533968,0.8380575800989875,-0.00015411028811558093,False,False
14.566666666666666,0.0688036190631693,0.790806542244356,0.5438738323186462,0.8378090254416555,0.019427061915284434,False,False
14.6,0.10378782686935799,0.8399607794213398,0.5490058560813568,0.8397607994619919,0.027072712720343197,False,False
14.633333333333333,0.10226245434428755,0.848906845165558,0.39853140673730447,0.8399232214097444,0.02377961694161472,False,False
14.666666666666666,0.15723544058278252,0.873774068753874,-0.0625464990245736,0.8412847319577746,0.02649537546603694,False,False
14.7,0.11773054852116631,0.8301330992537038,-0.2760158832065714,0.8413791597313088,0.02634941587117346,False,False
14.733333333333333,0.14764974190774335,0.8450919618160426,-0.11547558381204155,0.8432102009798284,0.031167932001636273,False,False
14.766666666666666,0.11736924841504094,0.8317052416985182,-0.46672375740419164,0.8435728434357203,0.03332201194211488,False,False
14.799999999999999,0.18525349631820262,0.8215518708878238,0.03775516003489182,0.8449984988316155,0.05206600630638123,False,False
14.833333333333334,0.32810542052723385,0.810658902531334,-0.4925368174723125,0.8464530954981454,0.07764514320836073,False,False
14.866666666666667,0.6560837211176578,0.812946205835228,-0.5207960193211901,0.8499741886828417,0.13345342960719137,False,False
14.9,1.0611498259803904,0.7926070542460197,-1.2184102469017626,0.8546511953335624,0.19911109891758907,False,False
14.933333333333334,1.42624572547598,0.7058009692783997,-1.098343057705661,0.8630345001299747,0.2617414781800055,False,False
14.966666666666667,1.7516564888336534,0.6882626991025345,-0.5705267035735208,0.8730593200322915,0.3118840971001482,False,False
15.0,2.109246022041407,0.6859809411769482,-0.31927482014384534,0.8842256507429241,0.35184235548909104,False,False
15.033333333333333,2.3379201930311573,0.6924832714672153,0.017319859987499513,0.8960560590435805,0.3825367215050443,False,False
15.066666666666666,2.5947747638731524,0.6637824186176504,-0.1301297839649905,0.9100149514298876,0.4161976876231584,False,False
15.1,2.749830532079637,0.6800478330351071,0.22304307469594215,0.9245137230861843,0.4235504260611185,False,False
15.133333333333333,2.813786918092329,0.6950730519845959,0.34211703833105206,0.9387687179675784,0.4169268507564256,False,False
15.166666666666666,2.8366481481822654,0.7053931108253857,0.09567899117201012,0.9526764990537722,0.3802678834936076,False,False
15.2,2.703619797305226,0.7018845043334303,-0.21054945811830614,0.9649639356988615,0.3295349805216566,False,False
15.233333333333333,2.5548125765750807,0.6871897653055602,0.10707210498879106,0.9749903731633494,0.2669501128517762,False,False
15.266666666666666,2.5073753238175445,0.6898075219010569,0.2814779493499793,0.9821662981515281,0.2204938175360669,False,False
15.299999999999999,2.4974731432064794,0.7155934564096035,0.5034470962622616,0.9887806883319549,0.20318867958112796,False,False
15.333333333333334,2.4640619767061014,0.7428412986162609,0.3865631876660157,0.9954458263779756,0.18409177680839595,False,False
15.366666666666667,2.2712056945692747,0.7437513529821652,-0.3975340004998843,1.0018327241352138,0.1590467261961881,False,False
15.4,1.9175865762162323,0.7175171654858614,-0.592502267169092,1.0064253385128552,0.11668046241372308,False,False
15.433333333333334,1.562859754980552,0.6873627877516906,-0.7174046181560981,1.0098085664495344,0.04493066613429804,False,False
15.466666666666667,1.2287626081986929,0.6544868797929209,-0.045421408881112256,1.0103735899403006,-0.031090850839419586,False,False
15.5,0.9447674902206271,0.6743771029837988,0.8428039592196883,1.0074165961772883,-0.09114101471051622,False,False
15.533333333333333,0.7106868563121261,0.7224732467095135,0.9442849289843201,1.0026715829182906,-0.13122149366060348,False,False
15.566666666666666,0.520917231792629,0.7698916591523743,0.9322039606851621,0.9980889842213846,-0.12070479241990333,False,False
15.6,0.41432985889291324,0.7809471802020913,0.30117052486951906,0.9941428290828715,-0.09726116328243135,False,False
15.633333333333333,0.37290630077135917,0.7804386108354405,-0.04938625511028767,0.9912333566214124,-0.07545028362351454,False,False
15.666666666666666,0.3286689300220578,0.7769889310024595,0.10837765816217995,0.9895666059183502,-0.04725004645208853,False,False
15.7,0.2624211495663855,0.7765734711876598,0.09694520533371892,0.9881917170115329,-0.03191513827031512,False,False
15.733333333333333,0.20810060442800798,0.7873729654853211,0.18868025678938466,0.9874008706079168,-0.02155630792884763,False,False
15.766666666666666,0.16694817512590848,0.7987833173359633,0.13940341653746396,0.9871197933424292,-0.016877418704767683,False,False
15.799999999999999,0.12889665993332247,0.7918548791194846,0.08824396774661131,0.9864718377662719,-0.015921493981024826,False,False
15.833333333333334,0.13217574956065245,0.7984261754624131,0.11414811009403844,0.9858313665441862,-0.015894093191130932,False,False
15.866666666666667,0.1229731049127827,0.8061967636189156,0.020409096523328635,0.9852179607803897,-0.001852913015257098,False,False
15.9,0.13008281682930492,0.8051442726642936,-0.005184699388094016,0.9854566752597682,0.01601722292862391,False,False
15.933333333333334,0.13217170564060127,0.7982976251521533,-0.22286440230999888,0.9863614260452552,0.026757187936920862,False,False
15.966666666666667,0.12899224605319323,0.7890006301102802,-0.017091275454005867,0.9877177562277396,0.0342068940208869,False,False
16.0,0.09556699817433674,0.7933261693573989,0.09355781204817545,0.9887824607494892,0.02572061407312978,False,False
16.03333333333333,0.03800139559763613,0.798398275216104,0.03732855162437217,0.9896843705201653,0.007058168353848984,False,False
16.066666666666666,0.06044749635185905,0.8032552797603084,0.15802104065636052,0.9896576365072283,-0.015513024596689842,False,False
16.1,0.13212453023303267,0.8047767284982024,-0.21691060577953994,0.988474391902588,-0.0369758975370239,False,False
16.133333333333333,0.1495909337101984,0.7947443761132028,-0.238953802729258,0.9866378325929674,-0.04082544761545517,False,False
16.166666666666668,0.1090134258196093,0.7849559564327098,-0.351375756847132,0.9852863478081685,-0.028387416406766338,False,False
16.2,0.0962820448456627,0.7622147141165495,-0.21867142260688055,0.984659675390984,-0.015845612891038398,False,False
16.233333333333334,0.0882680744475216,0.7713962430397371,-0.12954743239006733,0.9845214973659576,-0.004632251160497162,False,False
16.266666666666666,0.044702657906272,0.7639723341049989,-0.2952441063302854,0.9844415594578756,-0.0005361441024194712,False,False
16.3,0.05520948415965207,0.7499808349942,-0.051646674678690906,0.9843577372364897,0.009247762866356328,False,False
16.333333333333332,0.09185113318681681,0.7443859233096873,-0.1816003034656792,0.9849373953788614,0.017560715180641853,False,False
16.366666666666667,0.13563495978414872,0.7481921390562375,0.23931696004111533,0.9857047993591731,0.02494912828972978,False,False
16.4,0.18793034218895585,0.7615920666877142,0.2460799385130317,0.9867211503846678,0.030115888914263634,False,False
16.433333333333334,0.23747651376042195,0.7623629816115227,0.19672937365749557,0.9876666156425693,0.02878413352616884,False,False
16.466666666666665,0.19286107952632905,0.7814297671690901,0.23119006357405797,0.9887312768229312,0.033793764926601064,False,False
16.5,0.14764143317331851,0.77610278639451,0.13649800183907082,0.9899516357550591,0.026166604004018153,False,False
16.53333333333333,0.0649981028760901,0.788035320799231,0.06498563518208063,0.9907818516543404,0.016960269642907456,False,False
16.566666666666666,0.013199638684010391,0.7843069982918166,-0.005813446220456844,0.991212294738633,0.0025417716174316427,False,False
16.6,0.054445555952008486,0.785886737352658,0.060664762343293814,0.9908018098506901,-0.011912444165968466,False,False
16.633333333333333,0.07763958834801744,0.783598564600062,-0.11634332741214776,0.9903789985443998,-0.022185861723661833,False,False
16.666666666666668,0.08330033570330404,0.7848802294774002,0.03580582863900486,0.989195313837647,-0.022817466375048626,False,False
16.7,0.126766281793254,0.7807469166776807,0.01685044343762259,0.9882860280858649,-0.006115270732071428,False,False
16.733333333333334,0.10250453209167833,0.783553065705288,0.007428089978811447,0.9885907925748513,-0.0025658864248940968,False,False
16.766666666666666,0.09551362946254338,0.788598815220064,0.0811980366536537,0.9889583063857472,0.006605945012257624,False,False
16.8,0.02466341910773787,0.7868717148067847,-0.01573982043438044,0.9891057851258171,-0.007022590246482596,False,False
16.833333333333332,0.05598240300714648,0.7856162302777162,-0.04697982811080043,0.988328710218311,-0.015817436105780423,False,False
16.866666666666667,0.10987924428906952,0.7857847888438556,-0.011577718319853615,0.9881377427192076,-0.020325400257383563,False,False
16.9,0.2770447046034029,0.7844300850663963,-0.12683369817260642,0.987392775469803,-0.062161396613145896,False,False
16.933333333333334,0.577426822077873,0.7760303426503472,0.05528977816833905,0.9851141559669288,-0.10789825143451566,False,False
16.966666666666665,0.9415725586080151,0.778789784096053,0.32236062734911347,0.9802544463110315,-0.17830107496373815,False,False
17.0,1.3388290880637195,0.7992701064411779,0.36043248012918283,0.9730480468600216,-0.2468276801458226,False,False
17.03333333333333,1.708574640894475,0.8225457416931751,0.13494525645401176,0.9638444171784712,-0.29641618870117725,False,False
17.066666666666666,1.9972392758537179,0.8154815384495704,-0.4766577440687699,0.9526126011971806,-0.3402011371962548,False,False
17.1,2.302671430459094,0.7852061631033816,-1.0391185473415367,0.9408203359361994,-0.373877605940325,False,False
17.133333333333333,2.5935850779573912,0.740477008762238,-1.2557841052338226,0.9280760742747739,-0.40827301808553834,False,False
17.166666666666668,2.742194858156615,0.6867761001267795,-0.8240176398955005,0.9134964429943361,-0.43298356424755674,False,False
17.2,2.813621923085338,0.6624764446065775,0.06341183865280789,0.8983299914157198,-0.44467170837258,False,False
17.233333333333334,2.7296384685349033,0.6912797529255047,0.9050646461757498,0.8835892957513394,-0.44418911762128704,False,False
17.266666666666666,2.546218183104799,0.7489482391284406,1.1886919091311172,0.8688728210395188,-0.4292461768618052,False,False
17.3,2.3445105018787142,0.7882917138579489,0.8285265232466454,0.8542409946293817,-0.4008772944968643,False,False
17.333333333333332,2.0770415185905953,0.7990080503125443,0.6542426253931328,0.8414326845673795,-0.3579869236646727,False,False
17.366666666666667,1.8314018245448556,0.8162728924067897,0.6600439685185783,0.8305654101412048,-0.3043045173993029,False,False
17.4,1.6122964677019764,0.8478510716623935,0.5704254085713171,0.8214764357980164,-0.27368121416473457,False,False
17.433333333333334,1.3961680735448436,0.8686102597586217,0.478590807257877,0.8126576867633801,-0.24088726453573486,False,False
17.466666666666665,1.2033647783677843,0.8756518143048705,-0.06416421049354186,0.8051127106766149,-0.20447192709833198,False,False
17.5,1.0216963312630571,0.8651896848994028,-0.3201860687158675,0.7986638957199741,-0.1674994912870082,False,False
17.53333333333333,0.9678131780116394,0.8495396600394193,-0.2988847135192362,0.7945491530472842,-0.14384758361306152,False,False
17.566666666666666,0.9397819617125076,0.8331888023650841,-0.3517468091938908,0.7898160719287443,-0.13291700681852345,False,False
17.6,0.9933525966008119,0.8311474715172085,-0.0819124605837397,0.7856221103850898,-0.1383145193647233,False,False
17.633333333333333,0.9875176924288644,0.8284217169755584,0.02124980648500163,0.7806067024290403,-0.1378952690536518,False,False
17.666666666666668,0.9950437071690029,0.8329017106118252,-0.15576945872592618,0.7764036668336781,-0.13067182883375458,False,False
17.7,0.831403631724762,0.8339122292762539,-0.590603550056641,0.7713258309079436,-0.10747251485738553,False,False
17.733333333333334,0.6300708751485434,0.7991708588498774,-1.0320011569609693,0.7687724033604768,-0.07932031804282406,False,False
17.766666666666666,0.38725742334087554,0.7417979801221153,-0.8748443281444294,0.7666866766535755,-0.06958821013333448,False,False
17.8,0.11198359668396125,0.7190006956450855,-0.356958842123959,0.7643761457237808,-0.022755996776171652,False,False
17.833333333333332,0.13490582712632437,0.7329237675673206,-0.04753960730853047,0.7638369623887827,-0.01707612154862086,False,False
17.866666666666667,0.06286643476797983,0.7321789589429876,0.3197290760133888,0.7645807816621278,-0.003134138931224189,False,False
17.9,0.01893084750493863,0.7395311103280967,0.15397582577514204,0.7647814539564189,-0.004533690513029773,False,False
17.933333333333334,0.17035530478507227,0.7457284862713246,0.4922994729356497,0.76298845536097,-0.017362251551274153,False,False
17.966666666666665,0.08404314942975248,0.7808350152200538,0.3401626903139722,0.7630864514191961,0.017666835122992042,False,False
18.0,0.09573216306034299,0.7768149476667854,-0.12363388023933097,0.7644670781310923,0.024564961222415013,False,False
18.03333333333333,0.19854551769196477,0.7661702883387564,0.29550651386859794,0.7656451134121977,0.021248636035678337,False,False
18.066666666666666,0.2312475955478751,0.768129867294314,0.29495412500783325,0.7659066982229015,0.018395413022636312,False,False
18.1,0.31716972191018267,0.8017521091712771,0.8594364371328894,0.7660081144312766,0.019680485333683044,False,False
18.133333333333333,0.32775020888340695,0.8320181369746499,1.3052254119341964,0.7665817016282522,0.08266351758094051,False,False
18.166666666666668,0.5612818309144548,0.8486173511492776,2.9679676087709224,0.7703987981984286,0.1381267823793208,False,False
18.2,0.8514604790332142,1.010323981994689,3.8170678946448624,0.7775860493257204,0.11003174840699191,False,False
18.233333333333334,0.9184902007394606,1.1764392076923706,3.979418433373902,0.7807705108162859,0.11529909573875628,False,False
18.266666666666666,1.0067789109550265,1.3057207239251492,3.4814240940893453,0.7833411434495202,0.01838236675047997,False,False
18.3,1.0376775294330178,1.3625817975910979,2.4596409167910402,0.781959156395376,0.01823785265080371,False,False
18.333333333333332,1.0478181083596285,1.4845073798642778,1.9594108751944124,0.7843196583882723,0.015327560423780997,False,False
18.366666666666667,1.0875995326952062,1.528388541867268,0.8279002887979172,0.7817359786959732,0.021057670211670657,False,False
18.4,0.874711676594575,1.5267068709711589,-0.5001973218519524,0.7849726180396904,0.11926389860129466,False,False
18.433333333333334,0.5067838420319841,1.4565084383490454,0.01680122463635614,0.7890829746728569,0.11793391409224957,False,False
18.466666666666665,0.5874405940853662,1.4884800921186996,0.8226574533764096,0.7957930621066016,0.15618441605849492,False,False
18.5,0.4553434376398101,1.519896688197961,2.489514193593367,0.7995323318711626,0.12456750367833098,False,False
18.53333333333333,0.21060487522832505,1.6829726174993922,2.0299935622153176,0.8050061347739017,-0.03228687652306619,False,False
18.566666666666666,0.7219300321577704,1.7212670908581935,0.1607058707948583,0.8024861523850357,-0.17714121831475035,False,False
18.6,1.0406471798529622,1.6892906251925481,0.17681824845224683,0.7903382089938621,-0.2709822416620867,False,False
18.633333333333333,1.3167439079969356,1.64427286303199,-1.6790628573949056,0.7781188818868753,-0.32912531233443904,False,False
18.666666666666668,1.1983685581107268,1.6361740294530787,-1.1307522968938377,0.7709438494147971,-0.29113083958597763,False,False
18.7,1.424451391064835,1.5788427434918506,-1.6623464232736964,0.7605928764595378,-0.3250226431872511,False,False
18.733333333333334,1.4675392181638924,1.4688060101365816,-2.2260744823693264,0.7469760435143152,-0.34658923122016866,False,False
18.766666666666666,1.3163628755597996,1.4385831869669605,-0.9120493242460334,0.7362974789333788,-0.29717853568969677,False,False
18.8,1.2257795289555704,1.3994373809079819,-0.3006028834168094,0.7277612210069212,-0.28855661753597184,False,False
18.833333333333332,1.1817126406777092,1.4092940063939703,0.6836710759207705,0.7186476303782467,-0.2908864406298275,False,False
18.866666666666667,1.2622699943724751,1.4608755523735946,1.1893985131699638,0.707892242286655,-0.28721405472933964,False,False
18.9,1.458180378470179,1.5196849567166086,0.5139080563710703,0.6993043663373096,-0.36932851333980105,False,False
18.933333333333334,1.534801244171807,1.5153842118020613,-0.1491171033307242,0.6862666655156875,-0.3982163826563855,False,False
18.966666666666665,1.6687462871915273,1.4819691165839453,-0.6054605770891117,0.6707249636324782,-0.4322150253176999,False,False
19.0,1.8704067320591824,1.4524226009496166,-0.4888445105946864,0.6555654141043126,-0.5123625341871685,False,False
19.03333333333333,2.0448591623102983,1.465630499889446,-0.5092294245075394,0.6410317575278627,-0.5685792147753738,False,False
19.066666666666666,2.5503523933865133,1.4377216736603586,-1.0715325421992372,0.6184675025187962,-0.7231446479993349,False,False
19.1,2.910238189037733,1.3847926693952626,-1.2047972812976149,0.5906161470619492,-0.8257185217253903,False,False
19.133333333333333,2.8758114417132385,1.331133690922558,-1.1197322825645297,0.5613190658684262,-0.8008573409931501,False,False
19.166666666666668,2.8803712990775234,1.3132032178928792,-0.6825253329847614,0.5352230337807267,-0.7996944192426779,False,False
19.2,2.76757678630436,1.2954190129461112,-0.3560904635486533,0.5098962177717806,-0.777949817700281,False,False
19.233333333333334,3.05730001416515,1.285713053433606,-0.38055041024396324,0.48552589795270185,-0.8649947010603145,False,False
19.266666666666666,3.282730112762329,1.28268339613158,-0.7967402590165084,0.45277790696984827,-0.9290005636391361,False,False
19.3,3.5366347592935967,1.245992498757671,-0.9347529540186195,0.4217617780007889,-0.9883149627935441,False,False
19.333333333333332,3.6646024122417837,1.1924017705407604,-0.8185580792297151,0.38623087835248676,-1.0113074073361017,False,False
19.366666666666667,3.496035420114004,1.1719579668300102,-0.2548633909161439,0.3538877413537923,-0.952871675139439,False,False
19.4,3.3830759408054125,1.1942014430957555,0.18472442695148433,0.3202627657259901,-0.9148367932824604,False,False
19.433333333333334,3.0533063665261353,1.2058395599191114,-0.2970903576782053,0.2933874516479572,-0.8207812121786242,False,False
19.466666666666665,3.011470441250645,1.1772840810866587,-0.4701026587541233,0.26675047008669023,-0.78624058556014,False,False
19.5,3.164243007718257,1.1514580096558908,-0.5430568906309237,0.2424338856436487,-0.8278311288243007,False,False
19.53333333333333,3.218488241270448,1.1396803801906756,-0.48939982389316433,0.21274519243335627,-0.8253709482682169,False,False
19.566666666666666,3.265908949802704,1.1313228279931151,-0.08594118697379657,0.1848077437568196,-0.8259437162262031,False,False
19.6,3.1232832334329776,1.1218712492538017,-0.23552573389564782,0.15676561223002383,-0.7901058188227909,False,False
19.633333333333333,2.925404235728817,1.1306473460798412,-0.7635793669285434,0.1335818190077513,-0.7354936931921093,False,False
19.666666666666668,2.764651256888042,1.0892200382402408,-0.6874624136299285,0.10709587969839662,-0.709285738402972,False,False
19.7,2.5505096388763655,1.0467255898932595,-0.8683620965925009,0.0856997095155275,-0.6634170719347542,False,False
19.733333333333334,2.359997018024029,1.020785518996166,-0.1745978795267031,0.06366300994088642,-0.631767100167407,False,False
19.766666666666666,2.0766588691678445,1.0527745450408477,0.2409238932165808,0.043380242197970646,-0.5538202505221848,False,False
19.8,1.9053703631099717,1.0359148636835744,0.7079704049425617,0.025098469801423284,-0.5186770701374738,False,False
19.833333333333332,1.5821071317591964,1.0976791159641477,0.2708137041283303,0.010178861724826866,-0.4404561120135692,False,False
19.866666666666667,1.4214393980136084,1.0911583873076247,-0.2643802005368454,-0.003834531399568751,-0.3976322036960681,False,False
19.9,1.2057318762174782,1.0626084367387196,0.44615216877393143,-0.01739322146473381,-0.3405373144648462,False,False
19.933333333333334,0.8694478299603771,1.057512127285441,0.3774039377169274,-0.026975320879306302,-0.24835753076820943,False,False
19.966666666666665,0.7600908358442816,1.1323006764482348,1.463586734534497,-0.03333867551505257,-0.21705903589529016,False,False
20.0,0.925905680565428,1.2016250006340063,-0.12993319518005214,-0.039402520751835056,-0.19226239234453543,False,False
20.03333333333333,1.0108727781980955,1.1299213368898415,-0.9184646140427153,-0.04607339289467781,-0.2093795857582009,False,False
20.066666666666666,0.8678277572910609,1.082609484486631,-0.6067416813097267,-0.05418729135909039,-0.19633080392635482,False,False
20.1,0.5522286283826701,1.0636306247590572,-0.6424723700018503,-0.06006732094960263,-0.13532591681229278,False,False
20.133333333333333,0.2622292017836421,1.1004290929397367,-0.14812913857708238,-0.06432883478661393,-0.06447137582988412,False,False
20.166666666666668,0.25524194624468904,1.056599929146197,-1.2328831826520075,-0.06342838197022369,-0.030872739951541148,False,False
20.2,0.2508572414706172,0.9993645393771912,-1.6608584771316943,-0.06344174841598889,-0.06835248979369257,False,False
20.233333333333334,0.2904347633175232,0.9266913059843062,-0.45680443893971306,-0.06748749914385103,-0.08255062144857299,False,True
20.266666666666666,0.1089023288973493,0.9298055341944752,0.4682982046316618,-0.0736074351544412,0.015018281556702377,False,False
20.3,0.8366291457293173,0.9887715345617154,1.0566364076355252,-0.06973730102704584,0.1471724219517104,False,False
20.333333333333332,1.0379905709429111,1.0516887650297908,0.8783723822696596,-0.059368462332764084,0.20555632738030283,False,False
20.366666666666667,0.730965646358074,1.034631960057783,0.009334232100128655,-0.05157522438556685,0.18660283308436443,False,False
20.4,0.20094224091238536,1.0311213834603044,0.07580351286852532,-0.0479906501442037,0.05605429390759515,False,False
20.433333333333334,0.30315880436752185,1.0374386274352037,0.12612300860568265,-0.04735081430877901,-0.008591379533678003,False,False
20.466666666666665,0.3879639128843048,1.0476504709816366,0.27745704530286447,-0.04854950008598935,-0.08105122432966318,False,False
20.5,0.31070241254224756,1.060596424878193,-0.2776255513244553,-0.05532496380072045,-0.053233531773573525,False,False
20.53333333333333,0.14577509743042463,1.0399927480332323,-0.541075524303735,-0.05464019441363008,-0.01808087926023843,False,False
20.566666666666666,0.12228438150663544,1.0072776488203274,-0.37451957587901663,-0.05379732090098386,-0.025163951954412997,False,False
20.6,0.17802501636088464,0.9964537403400395,-0.5022038849009187,-0.05439415885932275,0.020661586252257953,False,False
20.633333333333333,0.2572291853915921,0.9968907387081699,-0.034506380978639166,-0.056723559920381146,0.010251115975473978,False,False
20.666666666666668,0.12087836894337622,0.9899047361365819,-0.07114763087446341,-0.052255098055751265,0.01097347806799849,False,False
20.7,0.03159886138919144,0.9796591640357705,0.04808643593844696,-0.05183834896547646,-0.0022012971807342475,False,False
20.733333333333334,0.09029693952277533,1.0086232893638494,-0.09540912168128199,-0.05581251384032003,0.0020231965601675435,False,False
20.766666666666666,0.14039304928271015,0.9826869779129488,-0.020116932882114663,-0.05499360835646014,0.03267450816513362,False,False
20.8,0.2827210678870271,0.9807747271056654,0.17550110003535394,-0.049811761646026215,0.061784676380894056,False,False
20.833333333333332,0.07474306892018588,0.9939298307494282,0.13403853355950404,-0.048773339063870644,0.018011315301383106,False,False
20.866666666666667,0.2407222255474485,1.0167251740718146,0.5849699790900826,-0.050231811308028534,-0.05752533903674232,False,False
20.9,0.1771181347348766,1.022576230962677,-0.22896041774189285,-0.05323134094501463,-0.02223001937846697,False,False
20.933333333333334,0.17198296680891526,1.0064115553784756,-0.03756074181494577,-0.05280724464465676,-0.03892253815326482,False,False
20.966666666666665,0.09105694281839219,1.0126041159510764,-0.18806726151160388,-0.054777847508696756,-0.019317175952913775,False,False
21.0,0.058952939723592716,0.9879161419303566,-0.10026862441411036,-0.05433443443588011,0.012086856854533737,False,False
21.03333333333333,0.08606681736428298,1.0075367311032744,0.3120329317688227,-0.05493956681159431,-0.021549249529579182,False,False
21.066666666666666,0.15770364940976958,1.0123711058090061,-0.2745755093002957,-0.05332663249193772,-0.014033650023270781,False,False
21.1,0.16771394477892138,1.0129782827026181,-0.42523806835009353,-0.056297991879595874,-0.03944537279803123,False,False
21.133333333333333,0.2517542931572991,0.964031222174995,-0.4269897310477805,-0.057694681496968214,-0.05282719130728697,False,False
21.166666666666668,0.06438187661299673,0.9541969683219804,-0.10229695859743637,-0.05956252947090235,0.0070712063461384886,False,False
21.2,0.23040998698763054,0.9725399641208228,0.590352847067808,-0.05808025890449194,0.03219556471559392,False,False
21.233333333333334,0.247496383480192,1.010299815016674,0.38869453695674744,-0.05669001902552085,0.037926145204120264,False,False
21.266666666666666,0.1671098540729255,1.0040335890738274,0.15414752730329925,-0.05360710069153161,0.02858960892776651,False,False
21.3,0.12348971291559345,1.0173839245955123,-0.24246298033238453,-0.05524242270201024,-0.00798370022541095,False,False
21.333333333333332,0.1315819331603225,0.9900908604794376,-0.6084305462141169,-0.055550625789136256,0.021841809725483025,False,False
21.366666666666667,0.07324466111777482,0.9721171479364298,-0.41900130472953717,-0.05422274902690853,0.013873039978184133,False,False
21.4,0.21769964158037974,0.937696698140887,-0.01985821439067832,-0.05307422924421311,0.045748425253544465,False,False
21.433333333333334,0.278522629928939,0.971771053481747,0.3816638709252467,-0.05194316411652972,0.03933655329528444,False,False
21.466666666666665,0.1442373905449531,0.989994459268012,0.3654123201633768,-0.05050807556100623,0.01747365197278226,False,False
21.5,0.011715658039320374,0.9996098436356561,0.20906932466809602,-0.048938859039066585,0.00223472620589176,False,False
21.53333333333333,0.28116501107501096,0.9914565622273267,-0.28408733041449785,-0.050827403830078326,-0.04287440277038207,False,False
21.566666666666666,0.2855717616920069,0.9838659412698004,0.23054651244964103,-0.053041349960822395,-0.04022660946761988,False,False
21.6,0.07100842298676156,0.9951462396881112,-0.026365223976675355,-0.05417582617903632,-0.012066408528297748,False,False
21.633333333333333,0.038469948702882756,0.9934035015281094,0.16085593138255824,-0.05377614870866871,0.0058563007018887624,False,False
21.666666666666668,0.0707922101969521,1.003186588793598,0.5453777011955789,-0.052809874374394654,0.0015077469905352134,False,False
21.7,0.005964251188481083,1.019953774788464,-0.050540224071421364,-0.05325729145682177,-0.001514741148563244,False,False
21.733333333333334,0.2371770822295771,1.0303650181412622,0.1635276374964477,-0.05339196554366241,-0.035053701936184206,False,False
21.766666666666666,0.10369877520442769,1.016581395156022,-0.1853267608080564,-0.05533100604715057,-0.019410449041578688,False,False
21.8,0.0887917951857576,1.0008395147275668,-0.2798605564760537,-0.05564135360449901,-0.013062595287338606,False,False
21.833333333333332,0.19395187164454802,1.0076472352956931,0.42987395421388586,-0.05708252740675375,0.04555210631004463,False,False
21.866666666666667,0.4620238411152055,1.0259403532303617,-0.14879321169630746,-0.052755646976621336,0.08235990560836624,False,False
21.9,0.1480959606958113,1.0162638154773032,0.05036532524303457,-0.049268145852503144,0.02932834714823995,False,False
21.933333333333334,0.043662089880782094,1.0214375698360145,-0.3857880225897891,-0.0482867568279395,-0.009034587856723217,False,False
21.966666666666665,0.26126736134105616,0.9803003666490729,-0.21091715758226842,-0.052708217105137206,-0.04866974444714085,False,False
22.0,0.1782694260273001,1.0023680475777257,0.22923585900305815,-0.0535622083140834,-0.0340597051941995,False,False
22.03333333333333,0.06757837209274332,0.9999798888256829,-0.0644630612360395,-0.053384707211451804,-0.004700640744286414,False,False
22.066666666666666,0.040354941887996,1.0191058221492155,0.057709410228383155,-0.053790642592272654,0.011497208214882058,False,False
22.1,0.00987433382620982,0.9859890584350122,0.00937701915250064,-0.05353262588842244,-0.002513393121168233,False,False
22.133333333333333,0.051924634359258495,0.9994653209503508,0.5703098915465762,-0.052685551886638475,0.014165620056197788,False,False
22.166666666666668,0.03393660098275001,1.0447189830576156,0.18535765592493025,-0.052589057995698546,-0.0012642269912725424,False,False
22.2,0.11328946638042037,1.0374114624074044,0.6160431623141609,-0.0530542426970541,-0.030908710590159646,False,False
22.233333333333334,0.022490918873218465,1.0498106416822448,-0.009230531771549153,-0.05442864914002414,0.004002884011441774,False,False
22.266666666666666,0.0356134253516644,1.0470320825541908,0.11722849404959759,-0.054397439384669156,0.005857462927120517,False,False
22.3,0.14967884451821548,1.0728689867002192,0.3882006627047855,-0.05336232086212902,0.02488253045394506,False,False
22.333333333333332,0.0177492699628697,1.0562388069191915,-0.5608240304211188,-0.051059705312314796,0.0027035517139771784,False,False
22.366666666666667,0.06923453352165487,1.0537870176067419,-0.165929525877327,-0.05343408076883058,-0.015198298057316439,False,False
22.4,0.1780424326505315,1.0319347573375213,-0.6814651023542868,-0.05307442850833471,-0.04189957157026195,False,False
22.433333333333334,0.16467898035457024,0.9967802842140837,-0.1207735977234117,-0.05584601618674024,-0.02341631428706324,False,False
22.466666666666665,0.15122707018609566,1.00872167664234,0.873810744133103,-0.05530746973280361,-0.01283165759526267,False,False
22.5,0.12611739284457854,1.0655188171777552,0.2421602269202498,-0.05668130953336583,-0.030956609857594634,False,False
22.53333333333333,0.20795427615867038,1.0821875831777872,0.19505937334868662,-0.05685378374092938,0.045485282032001716,False,False
22.566666666666666,0.2436356082539958,1.0486182408580347,-0.43146834028533604,-0.055775978609248045,0.02782838270093424,False,False
22.6,0.19044103342860277,1.019112399089666,-0.6615371487402608,-0.052641840321851,0.03978803937249041,False,False
22.633333333333333,0.11631234867379,1.035047009839798,-0.21240063336228765,-0.0513098129966986,0.006321286879735427,False,False
22.666666666666668,0.1455203261495448,1.005736659257054,-0.6926880173778014,-0.05414760511288603,-0.029169347667478866,False,False
22.7,0.06396623461220625,0.9711695952904565,-0.2994798293680732,-0.054422808286602,0.008446854871943577,False,False
22.733333333333334,0.02612073937621275,0.9700795078214401,0.3567950973472833,-0.05322130303908593,0.0035087828715725873,False,False
22.766666666666666,0.07315697477540614,1.0046733160282861,0.5459354538733726,-0.05292891803569155,0.019818745024153067,False,False
22.8,0.03131994993339659,1.0409395141870144,0.06351932944558272,-0.05262236089855413,0.003061596405683314,False,False
22.833333333333332,0.2994864037989919,1.0092312175723386,-0.07004200737162286,-0.052223853060303575,-0.044748956718885034,False,False
22.866666666666667,0.30694573190507857,0.9980799936572368,-0.212839007029675,-0.05408916911223424,-0.04980723236983012,False,False
22.9,0.26753627055007106,1.0009315237890537,0.2218898026394498,-0.05871399720092005,-0.004084881242964087,False,False
22.933333333333334,0.37645600885908187,1.0214531251074632,0.9923206631076926,-0.05736432584558683,0.07845465953174291,False,False
22.966666666666665,0.5559602594395217,1.0434191554007213,1.2341289312291026,-0.05082750555034158,0.15307716495973966,False,False
23.0,0.6793010586601518,1.1252396581336523,1.271820747023266,-0.04501473642936015,0.1791152756787114,False,False
23.03333333333333,0.7087845713554103,1.1685729368638944,0.46064554369376015,-0.04052749236669462,0.19651092222625802,False,False
23.066666666666666,0.9721777049541064,1.149574358123793,-0.35510719263864005,-0.03306833525051968,0.27366444830925896,False,False
23.1,1.3605242803596316,1.1074488898931032,-0.2907458802143962,-0.02275735303824367,0.38856890650132503,False,False
23.133333333333333,1.75287304510663,1.1106252635131568,0.5578530826874861,-0.008011876449060618,0.49981417120066474,False,False
23.166666666666668,2.145287459425562,1.158274731998403,0.7868706805765965,0.011050684270265725,0.6118456033493177,False,False
23.2,2.3861265072856717,1.1925932863509743,0.7105444130615861,0.03404597450619334,0.6789909057960041,False,False
23.233333333333334,2.6285623483204983,1.204890369820149,0.13348532559448284,0.05685759072446615,0.7487056403079047,False,False
23.266666666666666,2.937280957581419,1.197102386380542,-0.5349566417990086,0.08281834118490598,0.8286489759975646,False,False
23.3,3.3524251820582815,1.1803182585672294,-1.0289681113436973,0.11126619809154796,0.9392604176583782,False,False
23.333333333333332,3.713250223981795,1.1162274328952222,-1.118262890498099,0.1457706801711724,1.0435202023255845,False,False
23.366666666666667,3.713859795879936,1.075428990111153,-0.6842628007813881,0.18273404861650663,1.047762856086662,False,False
23.4,3.5230639512935498,1.0686720792768014,0.0064558403671822785,0.21901196175056584,0.9977970575244695,False,False
23.433333333333334,3.2062345034254953,1.0906498826411342,0.6454743978634682,0.2497856516679671,0.9035248672714473,False,False
23.466666666666665,2.947519682124631,1.1165114023080156,0.4470832767954782,0.2778143328920203,0.8259522198183478,False,False
23.5,2.855523288377994,1.1292738010625214,0.7125944513032896,0.3043616122558133,0.7951960564537306,False,False
23.53333333333333,2.835328681915286,1.152740811195716,0.7226430790682048,0.3302239557083562,0.7824843520602424,False,False
23.566666666666666,2.7626089237868516,1.1759848700062014,0.8299878230189008,0.3562038114792471,0.7527244214526567,False,False
23.6,2.6727596372550955,1.2193075970769913,0.9876022216892503,0.38176782098070383,0.7085865477871822,False,False
23.633333333333333,2.4657570065757195,1.2432041824185494,0.5266868814002824,0.40413363382106954,0.6464491370675626,False,False
23.666666666666668,2.366429103100327,1.2623698908361567,0.2737568189178018,0.42364170621139835,0.6127473356378998,False,False
23.7,2.3581609651494655,1.2611570828335252,-0.26922784547266965,0.443729232227619,0.6034574535034762,False,False
23.733333333333334,2.397652369130725,1.2385271877767092,-0.38020030094911234,0.46433498841114285,0.5977270520850552,False,False
23.766666666666666,2.3800016080944415,1.2227357059397923,-0.2107973066104253,0.4842669850596854,0.5814411866497473,False,False
23.8,2.3419880282138146,1.218493537038647,0.06776715781109063,0.5027107223761833,0.5603147061329974,False,False
23.833333333333332,2.377150271133542,1.235788263199357,0.30197235235202624,0.5212318496667047,0.5552090608715178,False,False
23.866666666666667,2.3251299936801604,1.2439603867877451,0.2917509433209934,0.54001058479558,0.5329285979306674,False,False
23.9,2.3408918747123,1.2527902699937246,0.36488714947310485,0.5573150919933532,0.5188540378411628,False,False
23.933333333333334,2.31153684170232,1.2668630544655237,0.2719897372907056,0.5739858464351284,0.5036942447659294,False,False
23.966666666666665,2.272723677108801,1.2769793174555222,0.33571705045510675,0.5905154131882754,0.4924715871205893,False,False
24.0,2.3502914588590014,1.283776088755316,0.4182252354795248,0.6070573729414843,0.5113548768876282,False,False
24.03333333333333,2.25355743220982,1.3023102206029482,0.24001661806493768,0.6239690659261733,0.5087331727698228,False,False
24.066666666666666,2.141375892431399,1.3151585943877642,0.13361853312324862,0.6415988852772637,0.4950118657163298,False,False
24.1,2.015748294367432,1.3101387607476662,-0.18779653459527418,0.6580764645065988,0.47759017162258566,False,False
24.133333333333333,1.890304458230689,1.2948529365073072,-0.5015514616071005,0.672434597153562,0.46884109458080514,False,False
24.166666666666668,1.943647028753727,1.2842729376302866,-0.8026208608047117,0.6878797553781343,0.500024796972252,False,False
24.2,1.9877053430783682,1.2429241283727208,-0.975696633668871,0.7058397419152364,0.5322390661257045,False,False
24.233333333333334,1.9674219156874277,1.2051057895113475,-1.0995644531492585,0.7245827879611655,0.5355816122345529,False,False
24.266666666666666,1.8389048952625935,1.1756758996365488,-1.5228946198832065,0.7425301722435758,0.4983095202516137,False,False
24.3,1.716137996868951,1.1203134739336538,-1.5917589233858511,0.7581508578838317,0.4539897809753755,False,False
24.333333333333332,1.643545322780358,1.0427207290556546,-1.4373640543959394,0.7724344910499804,0.41328556808102196,False,False
24.366666666666667,1.633191819828645,1.0047602686373203,-1.0838200449740387,0.7853878755376925,0.38040021137534,False,False
24.4,1.6672565987190702,0.9923147430465773,-0.44484108179709664,0.7977786069275663,0.36051595584581947,False,False
24.433333333333334,1.6300166403445104,0.9731425476624348,-0.012534193602896464,0.8093328182142894,0.3270362336779498,False,False
24.466666666666665,1.6465300864986476,0.980525504519703,-0.008533078457811014,0.8201046789914228,0.2843978123431679,False,False
24.5,1.6004756406889722,0.9979802670591384,0.08651976578457984,0.8286064576419147,0.24574691602505036,False,False
24.53333333333333,1.6319517895446345,0.991829754724546,-0.14294173707962046,0.8354855183704154,0.2281430652777435,False,False
24.566666666666666,1.6945993843069,0.9754219470457732,-0.6582931097708314,0.8430402508410637,0.21784347214194064,False,False
24.6,1.6464017101858193,0.9616070323936465,-0.9747292249800775,0.8508485352424899,0.2055217440203349,False,False
24.633333333333333,1.415962342936206,0.9090236720447088,-1.0027743034666208,0.8572452728223913,0.1809360101488754,False,False
24.666666666666668,1.0743004047802114,0.8524856316745276,0.053234714447831726,0.8623337216871293,0.15504807848424304,False,False
24.7,0.7950430297232156,0.9019020110952711,0.2555718897018997,0.8674481370699881,0.13920631379950274,False,False
24.733333333333334,0.5717671484233093,0.9388861339632317,0.1273039751515313,0.8718443651833687,0.12684498532307825,False,False
24.766666666666666,0.4518500955491191,0.9156237201229743,-0.31285117540846547,0.8756007813222736,0.11771390591737518,False,False
24.8,0.3595879491470973,0.8602238907320019,-0.5829006147416425,0.8795340575392997,0.10205499206538586,False,False
24.833333333333332,0.32964885155670864,0.8851413173557098,0.07564529948527231,0.8831159370374233,0.07755383244133623,False,False
24.866666666666667,0.367928347072067,0.8897359834667534,0.12816366922737704,0.8850265273909216,0.04675578525658267,False,False
24.9,0.37506143119062707,0.8882626523414531,-0.19508841057528573,0.8854426872947099,0.03583105766067708,False,False
24.933333333333334,0.3790699663632618,0.8741466212746429,-0.25244889981590907,0.886695987816541,0.03366263971796466,False,False
24.966666666666665,0.3664252724381093,0.8756610319779241,-0.46903956193057245,0.8883113060145239,0.025055584240217508,False,False
25.0,0.30760014772972766,0.8446217088741484,-0.616163390668508,0.8891951403537158,-0.004658821840389773,False,False
25.03333333333333,0.3719670160730058,0.8224489305762186,-0.29691914471865,0.8878860887148518,-0.03634258033362373,False,False
25.066666666666666,0.3611721237335375,0.8093073952064739,0.09819089992892294,0.8860974754037166,-0.0484321401343272,False,False
25.1,0.27784928784438523,0.846321679538313,0.0043634280412081965,0.88428406893248,-0.05303585170330084,False,False
25.133333333333333,0.3137008728551659,0.8385194336973659,-0.406031327742627,0.882702904959581,-0.04677653042944271,False,False
25.166666666666668,0.3716707698581407,0.7975187174453047,-0.1870229023199715,0.880808296900797,-0.03077320237831795,False,False
25.2,0.38261334430076993,0.7931371681530854,-0.2896534205931247,0.8803250915787565,-0.026152193102967455,False,False
25.233333333333334,0.42297910965448127,0.8115036906114443,0.17873965106649153,0.8797208592017222,-0.010412373088325731,False,False
25.266666666666666,0.39201768549591776,0.8130728346957656,0.023316808664726813,0.8794247855297043,0.001367147204953843,False,False
25.3,0.4118494703143816,0.7994989964731711,-0.7018333836280342,0.8796892895930364,-0.017529205454267956,False,False
25.333333333333332,0.43449234729143815,0.7819307782780404,-0.46598134112694917,0.879325724068794,-0.00680629157137369,False,False
25.366666666666667,0.3598722352758377,0.7499497121042786,-0.5277031513523306,0.878348544010647,-0.011147154111172754,False,False
25.4,0.3141616143397559,0.7366954509580171,-0.501382067085338,0.8779575115873037,-0.005006299686248345,False,False
25.433333333333334,0.37801280782944535,0.7316540049600733,0.17444775523327855,0.8787062178555464,0.02381409227017496,False,False
25.466666666666665,0.41292779601619056,0.7343166304377405,0.18513480870193735,0.879427225278838,0.00948134337733696,False,False
25.5,0.39227391541255446,0.7510541463213702,0.2571997204871851,0.8798455321292168,0.007764704236176627,False,False
25.53333333333333,0.27483239561718753,0.7721730441850249,0.1146327457421752,0.8796530851833183,0.026482946883652977,False,False
25.566666666666666,0.25785174488467666,0.7548913469531753,-0.46950087536827434,0.8802772082133643,0.04616863774129324,False,False
25.6,0.35764387719910307,0.7331089250202505,-0.4345165119095749,0.8831315579922789,0.08191010398712631,False,False
25.633333333333333,0.3952367791181288,0.7120806650606564,-0.1018518865599926,0.8866398427906752,0.0900814851651544,False,False
25.666666666666668,0.41105486401174995,0.7221831966109791,0.1353591688118042,0.8893757224236867,0.07939798363742998,False,False
25.7,0.4145082261623861,0.7369254545017349,0.335723778395835,0.8918039554807946,0.08410739820667171,False,False
25.733333333333334,0.4971387519628539,0.745855975738607,0.3751781884637362,0.8944820419463059,0.08948951584279922,False,False
25.766666666666666,0.7474144759464605,0.7580064311700693,0.0030851627792658834,0.8974384087602675,0.12745630143035874,False,False
25.8,0.9916799330902947,0.7624004156294324,-0.20715318416706477,0.9023866474375382,0.165993455601987,False,False
25.833333333333332,1.2804159355422526,0.7427496489832703,-0.6328901820130851,0.9086558618974478,0.20378222098556603,False,False
25.866666666666667,1.5661242344786472,0.7112606878957087,-1.1126087834716092,0.9161834062789874,0.2643877924763878,False,False
25.9,1.7540612727439833,0.6675481508543312,-0.7465406386261827,0.9255405665805259,0.2987970029324484,False,False
25.933333333333334,1.9919102881978465,0.6351173650393614,-0.07348722891135663,0.9370811377265351,0.32294194663198933,False,False
25.966666666666665,2.2287953217089465,0.655297830418239,0.4447527797904783,0.9484405545571829,0.3223706652194281,False,False
26.0,2.4602947879096635,0.6982577955384179,0.8279933979046316,0.9581699215406498,0.30973159687962837,False,False
26.03333333333333,2.65497559862226,0.7182181421308675,0.52801660992075,0.9682352009653499,0.33193243359232916,False,False
26.066666666666666,2.742810972093771,0.7264656758072184,0.05993471219046596,0.9803308653043616,0.32912260953245304,False,False
26.099999999999998,2.694459244311341,0.729470730590643,-0.08032503800220808,0.9920016511700188,0.28908682282352477,False,False
26.133333333333333,2.517953603260245,0.7143185697715208,-0.21569186689388858,1.0007212952229156,0.2289516345455419,False,False
26.166666666666668,2.259283185852825,0.7088942849302078,-0.5284017287847507,1.0061378503526899,0.17167270112302516,False,False
26.2,1.9914757199387907,0.6888046490900204,-0.3606482234179743,1.0113536436838058,0.14494662405718128,False,False
26.233333333333334,1.8129872543818146,0.6685859325323595,-0.06438869842654237,1.0160462349839183,0.12406512151364475,False,False
26.266666666666666,1.6362259059686464,0.6716035272969036,0.20170219916134474,1.0194052583083417,0.12069298091890118,False,False
26.3,1.4377178651920928,0.7019094056967984,0.6187291497721816,1.0233020420222487,0.11062147863063039,False,False
26.333333333333332,1.2335125316194102,0.7196495251399971,0.3955262731276984,1.0275745911285765,0.08830710091806142,False,False
26.366666666666667,1.0869034246030167,0.7257290498177785,0.27780630180408317,1.0303517411416414,0.051478171658850894,False,False
26.4,0.9895554834150695,0.7356634264771367,0.3078746680166574,1.0306646741870544,-0.006786055247357056,False,False
26.433333333333334,0.9267171726741988,0.7452534412761641,0.1745412876728244,1.0295636161121153,-0.03929074988513499,False,False
26.466666666666665,0.7070882201524342,0.7539468158561281,0.07432315236826192,1.0276162378882243,-0.0533426240335827,False,False
26.5,0.4879854139901224,0.7495008487686796,-0.06389227827957979,1.0255194833126815,-0.06968715297888543,False,False
26.53333333333333,0.3137908864800798,0.7449450855939135,-0.2424895007693536,1.0232188120507675,-0.06864542821217817,False,False
26.566666666666666,0.22043681521982908,0.7351608089471664,-0.18771810265419445,1.0205895181276163,-0.06145856275242599,False,False
26.599999999999998,0.21329795645144675,0.7276933704168473,-0.1152292726271407,1.0185124653783921,-0.05041814159523696,False,False
26.633333333333333,0.1363009270936187,0.7232063469612664,0.013706427369347435,1.0174703392428308,-0.026670096758614828,False,False
26.666666666666668,0.1716142824453061,0.7330924839405882,0.1415652066487052,1.0170689796051386,-0.02991248004359746,False,False
26.7,0.14990237168350246,0.7385115165495473,-0.05278691166423923,1.0159126474196842,-0.03309152048270999,False,False
26.733333333333334,0.16659692451238606,0.729932396430052,0.06869741660934055,1.014750931920815,-0.04030582510999675,False,False
26.766666666666666,0.17542950543563526,0.7313517444328578,0.06864347275611671,1.013003665796891,-0.04792292975742499,False,False
26.8,0.15937773983170975,0.7396894103724337,0.09995357235994894,1.0117041702759317,-0.045193986698090126,False,False
26.833333333333332,0.11378578789999735,0.7488256808145675,0.052883559957886725,1.009607618849105,-0.03248233786368356,False,False
26.866666666666667,0.05325278034083524,0.7384424765278429,-0.22347908925221519,1.008889277410816,-0.008237044457939194,False,False
26.9,0.05388974928068847,0.7303694691338047,-0.15067007840283067,1.0092347184275698,0.012479790037200685,False,False
26.933333333333334,0.08597140230235385,0.7248645484769882,-0.07377341039446297,1.010407203767241,0.022346380492487147,False,False
26.966666666666665,0.07214669177549311,0.7273122233335629,-0.11452116404381166,1.0109617363616896,0.011722843856808827,False,False
27.0,0.04690772722778918,0.724853840387286,-0.19712707325559825,1.0111451321048632,0.01332161321382802,False,False
27.03333333333333,0.06348601483208019,0.7129678133035258,-0.36339442785329584,1.0115012650123283,0.012135880560027847,False,False
27.066666666666666,0.047313257406786914,0.6913668346567169,-0.10804805383878989,1.0121314178775198,0.008999168227901424,False,False
27.099999999999998,0.02715959490540496,0.6959301180295439,0.20337813634877808,1.0124513505036377,0.007537279770823295,False,False
27.133333333333333,0.01952732449827303,0.7139841104977338,0.3019900290090036,1.0123934351217176,-0.00426788864137442,False,False
27.166666666666668,0.039462108606022846,0.7300797353341918,0.3021992379282808,1.0122191226868065,-0.009920150939758213,False,False
27.2,0.10701519125615663,0.7284519100321704,0.05044250005356219,1.0120311925392806,-0.0275716079390266,False,False
27.233333333333334,0.1892953631066338,0.7276336093157316,0.1931969544232601,1.010524951325239,-0.04358302187796987,False,False
27.266666666666666,0.21515228883926002,0.7358468140583357,0.5206607354379219,1.008637364373051,-0.04376296422259743,False,False
27.3,0.2591576856389266,0.7626101784716852,0.541043785229063,1.0069777950089291,-0.036711671745881094,False,False
27.333333333333332,0.2583453161001193,0.7877305920405964,0.4632436316556863,1.00641975211192,-0.024645996165119755,False,False
27.366666666666667,0.24088283419203113,0.7974477270472948,0.10541482632724314,1.005844108619697,-0.03281020770547055,False,False
27.4,0.26797500977119787,0.7850722767594632,0.025124367610856718,1.0045655958546338,-0.049282378606255735,False,False
27.433333333333334,0.292607520157172,0.788954518117225,0.2587161540099658,1.0024250763230071,-0.06134056065114337,False,False
27.466666666666665,0.3512778947501276,0.8041668445135516,0.28237634560017844,1.0001484782877834,-0.07256859128982615,False,False
27.5,0.41815155403725385,0.8236018193908672,0.09154989713013459,0.9977929084598832,-0.08400705620869264,False,False
27.53333333333333,0.50543574512387,0.812326331206767,-0.14436689387159068,0.9947015699351203,-0.09072241656692204,False,False
27.566666666666666,0.5833661888673625,0.7984284053621892,-0.13664973810162778,0.991216309134141,-0.09260796039470538,False,False
27.599999999999998,0.6411077498093085,0.7978944462033284,0.03928259796079655,0.988312084525192,-0.08925662922071645,False,False
27.633333333333333,0.689635027013953,0.8096936988467018,0.1924488165293263,0.9857829674684254,-0.09635971042908627,False,False
27.666666666666668,0.8460478733344533,0.813560540837527,0.10948464991568005,0.9824578748640216,-0.12371021903545117,False,False
27.7,1.0117341929025634,0.8154392047678793,0.08319275267837464,0.9776231193697194,-0.14887717007773812,False,False
27.733333333333334,1.1581692355449718,0.8136790090055842,0.37768459165966617,0.9720487720197686,-0.1686889085065376,False,False
27.766666666666666,1.260413180013305,0.8317267668403507,0.6811926028453557,0.9662214773815687,-0.18325119121731645,False,False
27.8,1.3272366142033563,0.8706347420334939,0.5230107019964282,0.9600862774202082,-0.19563775036304562,False,False
27.833333333333332,1.4417791272420861,0.8920471269039848,0.023674632565390305,0.9531293363584639,-0.2136007605263407,False,False
27.866666666666667,1.5736735614258754,0.8678199682580309,-0.4955680886021374,0.9459213903072694,-0.2401911615085113,False,False
27.9,1.7397869052162553,0.8358193170751725,-0.625227332360721,0.9376443053937542,-0.2742956778183899,False,False
27.933333333333334,1.913518024988611,0.8232900612209064,-0.4553396690337199,0.9277457084864135,-0.3112153424337117,False,False
27.966666666666665,2.043220069561719,0.8117907912448231,-0.19377030404562928,0.9164399063941469,-0.341958468314696,False,False
28.0,2.0980728912042697,0.8052976340007103,-0.1431187794730601,0.9046292313676394,-0.35577393938791746,False,False
28.03333333333333,2.084180635844782,0.8067803678676043,-0.20417678735505299,0.8924392478262606,-0.35799537436984985,False,False
28.066666666666666,2.019844506403861,0.8035911376857668,-0.39316564792065983,0.8802428372300934,-0.3394283136843403,False,False
28.099999999999998,1.8965915591622515,0.7800579736463473,-0.8273445976249697,0.8692465391451307,-0.31043149649168467,False,False
28.133333333333333,1.7624706805635835,0.7435222289177836,-0.9513432784486464,0.8596935282431362,-0.2841166323814643,False,False
28.166666666666668,1.5947506249510732,0.7058470896575547,-0.6944036897475129,0.85072872159401,-0.25633357254527434,False,False
28.2,1.443512032093722,0.6897426079424932,-0.5179947244747726,0.8423695327563272,-0.2383712851723219,False,False
28.233333333333334,1.3333678578765684,0.6824444202386405,-0.2697261832967002,0.8348853953142432,-0.22045717461297426,False,False
28.266666666666666,1.1926272197449057,0.6738755665622302,-0.1461198578679077,0.8281175136486997,-0.2089795308257176,False,False
28.3,1.1436712745070012,0.6657032307555558,-0.1250864401887669,0.8209293481375196,-0.19755020353252015,False,False
28.333333333333332,1.0899456968592094,0.6678138882093259,0.23168371584438652,0.8144047470541553,-0.1718789184181295,False,False
28.366666666666667,1.007245985898533,0.6809337492796106,0.22106416361662423,0.8092449072311786,-0.1476467790898506,False,False
28.4,0.9930552016926589,0.6874916465015272,0.35671139727142637,0.8054241357056334,-0.14829704962997586,False,False
28.433333333333334,1.0454727324489983,0.7042220683378062,0.3463236488282478,0.8005374533204578,-0.1780647157765309,False,False
28.466666666666665,1.1504456785020896,0.7070502544055972,0.49759531769727644,0.7935606676594961,-0.2074705644492819,False,False
28.5,1.1858989684188492,0.7336420011093454,0.784534468227637,0.7856766133444999,-0.2194551129452946,False,False
28.53333333333333,1.1251752620329805,0.7603934827042436,0.8536016900426017,0.7784112603429159,-0.20641812258791847,False,False
28.566666666666666,0.8355205682408338,0.80473322623971,0.601365658501922,0.7717109121787483,-0.172981869729053,False,False
28.599999999999998,0.5320091730304283,0.8117350782823451,0.06695088186051662,0.766274356138926,-0.1331387136718547,False,False
28.633333333333333,0.32743767056456957,0.8010925547418376,-0.21308004861235436,0.7627091156536823,-0.08648634172828994,False,False
28.666666666666668,0.16655055815224626,0.7785266858749054,-0.06297163946227043,0.7609314502287594,-0.04725784768042076,False,False
28.7,0.15949354423673986,0.7928317996741597,0.20249129613656233,0.7601825106533586,-0.044703831840625576,False,False
28.733333333333334,0.21849140253384766,0.805176955323509,0.28204985243730235,0.7590043442099849,-0.062084440755705544,False,False
28.766666666666666,0.3597253593826312,0.815735103509454,0.2791057341853258,0.756346655221631,-0.09138358487913666,False,False
28.8,0.37314550178250083,0.8197226564761458,-0.09769131842766987,0.7522309517443236,-0.10561381612673411,False,False
28.833333333333332,0.300493239257086,0.8186827396578586,-0.20212333891580886,0.7484537341121247,-0.08584641581980146,False,False
28.866666666666667,0.21797823960365206,0.7999849068563025,-0.26742828160581594,0.746029822830802,-0.06084511804943092,False,False
28.9,0.13020124043370482,0.7866258044299534,-0.15647754924936524,0.7447982871372923,-0.03548989692749982,False,False
28.933333333333334,0.09798727612676024,0.7940167843070481,0.06926462148080288,0.7439905522185885,-0.01975182622204217,False,False
28.966666666666665,0.09831629222719912,0.7986327199568414,0.1351482542977242,0.7433528035368197,-0.009211165489835095,False,False
29.0,0.1490800364222489,0.8005919746875414,0.11187383189593188,0.7434330495272843,0.0024799103845593675,False,False
29.03333333333333,0.11878565856811178,0.8078453434112758,-0.0686279215664877,0.7437942498937992,0.004000830375237573,False,False
29.066666666666666,0.011172749258856743,0.8029968223440966,-0.12027605997756792,0.7439946624503052,-0.0027750274383812655,False,False
29.099999999999998,0.08374425452784409,0.7920552542045212,-0.18139578748478508,0.7436713485246871,-0.011252532055626237,False,False
29.133333333333333,0.09864960575283319,0.7881724542845661,-0.3715134575292988,0.7430659735204811,-0.01721500419518501,False,False
29.166666666666668,0.09791764090765231,0.7749453859474499,-0.1045897063234571,0.7425465637818826,-0.02788316484676351,False,False
29.2,0.16237222399517734,0.7670446423966931,-0.013410855939094475,0.7414160096605215,-0.03144628932760126,False,False
29.233333333333334,0.13145337818068448,0.7745128777822511,0.01646329674601604,0.7400178592998663,-0.027904261997878595,False,False
29.266666666666666,0.07567300013831953,0.7851370457581243,0.17062935153082362,0.7390914217629384,-0.017407062807977314,False,False
29.3,0.07736915757886054,0.7782923636205241,-0.0407668511808897,0.7390935718971917,-0.002584386673166925,False,False
29.333333333333332,0.14852163873570967,0.7746605569145208,0.21770027628669414,0.7391994578931286,-0.00163964512406592,False,False
29.366666666666667,0.08027384893722592,0.7928553710146673,0.38854564108926226,0.7392991815773537,-0.016401251525748676,False,False
29.4,0.06295848388368555,0.8106332363639711,0.1596821058562373,0.7382725120645763,-0.017699472277805772,False,False
29.433333333333334,0.06982108207920815,0.8129520368431333,0.06683410627828984,0.7373850480954118,-0.015672738123036822,False,False
29.466666666666665,0.02523150835882449,0.8064582961709114,-0.4205410722415323,0.7369027156519595,0.0008133057044417633,False,False
29.5,0.10282989833287223,0.7855953856132946,-0.3989330195336962,0.7377775436045856,0.014501935070397404,False,False
29.53333333333333,0.09256264960345365,0.7741227693425132,-0.357928350366882,0.7380476691898931,0.01962665079908898,False,False
29.566666666666666,0.13547497531147443,0.753167235133348,-0.124652682057389,0.7388347089316643,0.03806056383730417,False,False
29.599999999999998,0.24786158361058536,0.7588981590616531,0.7621324782443376,0.73994494809661,0.07069732021449368,False,False
29.633333333333333,0.4165507179174666,0.781132260734126,2.1546644340901597,0.7432009757899772,0.11642546268273611,False,False
29.666666666666668,0.5842176591647721,0.8893794503842565,3.7499824995999,0.7478481443116822,0.16008300459695102,False,False
29.7,0.6995350095084264,1.0895421809818226,2.269786314260832,0.7555463305135054,0.09837964568752293,False,False
29.733333333333334,0.7059641260593311,1.1342188291430946,1.1187772318553604,0.758600254563757,-0.042298728707899205,False,False
29.766666666666666,0.7933364844509876,1.0821130120607865,0.5444660897832682,0.7519156623269606,-0.07415561664207784,False,False
29.8,0.8068577493193851,1.0798248338456442,0.775608833695897,0.7457341278110255,-0.027825142851634864,False,False
29.833333333333332,0.99246486966791,1.2071732110801183,2.062683518579359,0.7488796179742616,0.11789402119515559,False,False
29.866666666666667,1.026746060494748,1.2332954151695725,2.3924699383417236,0.7581990538521727,0.1939221395829029,False,False
29.9,0.6346621477005606,1.3207658282255548,1.739221459112197,0.7638608645296383,0.13417315804536054,False,False
29.933333333333334,0.3179061988799136,1.3902614622108393,2.283035142019363,0.7675416334779792,0.08411695799180566,False,False
29.966666666666665,0.4194595762592498,1.4916506681591668,1.0876914291895663,0.7687394826849306,0.037396114710591885,False,False
30.0,0.6334213618262353,1.465446979395911,-0.3791981405451986,0.7701969673481858,-0.04158786676173229,False,False
30.03333333333333,0.51912123203425,1.455063268837538,0.007397367875544459,0.7670206600770068,-0.06626785020479743,False,False
30.066666666666666,0.5502031586284759,1.4161233043517265,-0.5812393904535884,0.7623433188317955,-0.01122766177498455,False,False
30.099999999999998,0.45735884609337113,1.448828212073427,-0.16362258267519192,0.7639617955999896,-0.014860252665175426,False,False
30.133333333333333,0.565384856058651,1.4244004098009184,-0.44790573949716456,0.7669909515630984,-0.015066599791427266,False,False
30.166666666666668,0.6273761878607228,1.3837662306724399,-0.3500785420029659,0.763668853356829,-0.05115796968007628,False,False
30.2,0.49123755975334804,1.391290728658781,0.003752015464293723,0.7588813741164941,-0.08563351784247265,False,False
30.233333333333334,0.41504164950392275,1.4168819846566743,-0.20169595899237694,0.759465100481848,-0.07923151048989525,False,False
30.266666666666666,0.5744917683571463,1.394438610525892,-0.7996562837163588,0.7566847485695881,-0.12318236182583457,False,False
30.3,0.7713574826865737,1.336684802999085,-0.790958226842948,0.7499050465813293,-0.19273574000925414,False,False
30.333333333333332,1.066732872640966,1.3089113567462383,0.06770302536183982,0.7424378758792844,-0.21462210471106402,False,False
30.366666666666667,1.3312197341576162,1.3436275783931466,0.9130486275322841,0.7364911415248763,-0.25733787789486967,False,False
30.4,1.3669495658683135,1.4022627114483426,0.8809841601603273,0.7258420296590812,-0.2648270357754324,False,False
30.433333333333334,1.439903175023299,1.4247170881700333,0.33009181507442487,0.7169552675989223,-0.2959696501988007,False,False
30.466666666666665,1.485166482451586,1.417471656870571,-0.5402515315876043,0.7072132769329472,-0.34981703007247394,False,False
30.5,1.854558624261321,1.3874946737080749,-1.2826075896427518,0.6965274092826744,-0.42893213425453663,False,False
30.53333333333333,2.5217633653155387,1.3322130617022456,-1.5462126157015232,0.6786552560470457,-0.5990274118708423,False,False
30.566666666666666,3.0177488470841385,1.2532198395748353,-0.9551998463180736,0.6571216941807222,-0.742142674736349,False,False
30.599999999999998,3.565698707853405,1.245538863131254,-0.43793494481553835,0.629914993733315,-0.9388910206166652,False,False
30.633333333333333,4.107766728663596,1.2623981171768413,-0.2764258743903035,0.5951882400943689,-1.128565728372901,False,False
30.666666666666668,4.634967736429363,1.2470932858396582,-0.2247770267758835,0.5536893029738814,-1.288901042583448,False,False
30.7,4.946402279806984,1.208162115324288,-0.16242542551527142,0.5068383269077801,-1.3764964864911424,False,False
30.733333333333334,5.062551736781609,1.230305461604713,0.3733914318270097,0.4601265413419068,-1.4076917845499066,False,False
30.766666666666666,5.284999095766453,1.2570269894755166,0.9140255373239533,0.41358031011791324,-1.4707005814727008,False,False
30.8,5.34925673845715,1.283189192895263,1.1100781651782006,0.3632653169684829,-1.4830977336982012,False,False
30.833333333333332,5.201628802994547,1.3293044665674,0.9448866761846545,0.3112345809798809,-1.4382264801571836,False,False
30.866666666666667,4.738495808276264,1.3798885268688266,0.3521740915132659,0.2638336975974046,-1.3096373709798583,False,False
30.9,3.9974778264521964,1.3685546814242842,-0.9020738043336134,0.2241666333660103,-1.1111258408426687,False,False
30.933333333333334,3.570992066543735,1.3092467624792359,-2.1409608834013656,0.19061234896694418,-1.002504059260589,False,False
30.966666666666665,3.3681418219965407,1.2090529393404086,-2.3217167421025895,0.15996543935648722,-0.9551318898760786,False,False
31.0,3.221811186318783,1.1182953973882246,-1.485367913288155,0.12854325679475023,-0.9188772411860436,False,False
31.03333333333333,3.0947422019706847,1.0883382502146584,-0.4611882914800374,0.09659145530303542,-0.8841327131399599,False,False
31.066666666666666,2.703974143428435,1.1217265278085233,-0.056313546544305246,0.06812675224669487,-0.7694441739028948,False,False
31.099999999999998,2.3413510530944817,1.1280162438257704,-0.9059302943000044,0.045267788695035026,-0.6648259394558657,False,False
31.133333333333333,1.9530416893330231,1.0519706423000714,-1.0482134471347107,0.024492800439702356,-0.557280745180299,False,False
31.166666666666668,1.2394968531802866,0.9957632452667546,-0.16881834512040433,0.006466991927053962,-0.35421320387928973,False,False
31.2,0.7451587980824278,1.0316431545394011,0.752133866836674,-0.0017938225860153585,-0.21216849695703763,False,False
31.233333333333334,0.20242926993192098,1.1022283277614788,1.2815908802160219,-0.003928194605555864,-0.056428547467971386,False,False
31.266666666666666,0.29725130817075107,1.131210080940778,0.48835690742677745,-0.0031956060733706517,0.014445574924495677,False,False
31.3,0.39097217149926045,1.129663124373542,-0.46470419812506863,-0.004312462198931241,0.047183957640340175,False,False
31.333333333333332,0.6352084917451335,1.1044210214710968,-0.7718998963621321,0.0007103290683963883,0.09520714551129651,False,False
31.366666666666667,0.4080668851874604,1.0586654884198896,-1.0620707899828163,0.004064134008404551,0.06624445623399366,False,False
31.4,0.29212317683904016,1.0188683049919325,-0.6207146977801266,0.005468506781883795,0.07910647134562664,False,False
31.433333333333334,0.08147493143872532,1.019209974906592,-0.3980897822227584,0.007687455041077783,0.018925335007289722,False,False
31.466666666666665,0.1320539237595615,1.0035337890993468,-0.14307644089304886,0.008270994997823857,0.03767917254223146,False,False
31.5,0.1354482918750482,1.0034933314854848,0.14982317767655864,0.009370087709157615,0.0386378377481272,False,False
31.53333333333333,0.21155142387198408,1.0100506920270054,-0.015802791515059103,0.008985277431758936,0.059595441874637896,False,False
31.566666666666666,0.46552090583292866,1.0278631456545442,-0.22224269540064467,0.013939522803544569,0.1264762413391789,False,False
31.599999999999998,0.5090056000541593,0.9955132297949342,-0.5276551265302645,0.017999609656395365,0.1195513933597143,False,False
31.633333333333333,0.22988306935938504,0.9680975258638387,-0.5965125521572135,0.02387822220168346,0.06357716177219558,False,False
31.666666666666668,0.1281022068743297,0.9516954402911637,-0.07259960153768748,0.023249204162934172,0.03174671615876595,False,False
31.7,0.1466322248588275,0.9570864280670465,0.9289788513280204,0.023159499119079347,0.009852630294207076,False,False
31.733333333333334,0.19089059706454198,1.0182813606468435,0.23774184442059534,0.023174713109055188,0.01696389934384932,False,False
31.766666666666666,0.21566095993721918,1.026169794443566,0.12572900151784663,0.02592727230614155,0.04627055147913508,False,False
31.8,0.2094204626262475,1.0018344502156216,-0.28901371991912606,0.02573910025720552,0.017709985736908185,False,False
31.833333333333332,0.2604392271818908,0.9679951438650767,-0.6095702521571299,0.0276761110150857,-0.014873681161784977,False,False
31.866666666666667,0.28060765235175167,0.9930242795232062,-0.006742810951133094,0.026017717849394596,-0.051239518868786596,False,False
31.9,0.2831626668780634,0.9706996627281745,-0.5717213595774397,0.022866585955348018,-0.06017644842784592,False,False
31.933333333333334,0.08629435202422929,0.9439306996467264,-0.5157576094614229,0.019679926958409887,-0.015792269678712313,False,False
31.966666666666665,0.13278501285396768,0.9211039178042817,0.2804753195004436,0.02213067421556029,0.015749909698573768,False,False
32.0,0.0817271952867604,0.9551437375147469,0.30662120995672454,0.023423118661050454,-0.008577310151012879,False,False
32.03333333333333,0.2180297940563299,0.9824377511303193,0.11041339186356029,0.0223423072428343,-0.04236458231560589,False,False
32.06666666666666,0.16413364112253542,0.9722808169521601,-0.3143597331195488,0.01809002931012583,-0.03538549888653509,False,False
32.1,0.2396006185505372,0.9240075954864823,-0.4888087429884844,0.018136918653645466,0.034553904312527625,False,False
32.13333333333333,0.42276619937295723,0.930793528500226,0.14799564308349183,0.021426567254912158,0.06376397016628282,False,False
32.166666666666664,0.286108220620233,0.9441938081308451,0.5833451435049499,0.024900803056528517,0.05581039017946027,False,False
32.2,0.14723519964667878,0.9815482432092739,0.1759100321077922,0.024984251381114913,0.03884034205993146,False,False
32.233333333333334,0.12899613575541063,0.974777468671816,-0.240252214175128,0.026073359551435225,0.012052415013554108,False,False
32.266666666666666,0.1465984562415692,0.9445565672730057,0.18735875648462866,0.027406799326744,-0.031873200071243606,False,False
32.3,0.3060430670871621,0.9541642647158557,0.10507749402422122,0.02548716331424995,-0.08547919995208622,False,False
32.333333333333336,0.25828365798670017,0.98810313165939,0.6077106543185392,0.018778548421950828,-0.05824620677480717,False,False
32.36666666666667,0.28227276598283896,1.009074321896386,0.09105951094828969,0.01829590575318673,-0.010501627914431117,False,False
32.4,0.10927020442720292,0.983346221995401,-0.5962448606758488,0.020823676234892764,0.030400681281387943,False,False
32.43333333333333,0.13260891306618736,0.9651916764817933,-0.1486374094559237,0.023045883078050323,0.013898016210963262,False,False
32.46666666666667,0.31699378799551103,0.9637536464184921,0.06235560565784264,0.022090229203784218,-0.07123724866694074,False,False
32.5,0.6094056203600524,0.9693487168589832,0.27334862077162164,0.018296733166921084,-0.15637251354484327,False,False
