t,speed,aperture,aperture_slope,p,dp,missing,interpolated
0.0,0.10257840291373137,0.928295848022941,-0.13587720426995023,-0.0002608157320662819,-0.010906164583631542,False,False
0.03333333333333333,0.07709780794279844,0.9233561347187933,-0.16050559397891231,-0.00037738120877687414,0.003912235980995408,False,False
0.06666666666666667,0.09463662516066207,0.9175954750910129,-0.18513398368786238,0.0,0.018730636545626424,False,False
0.1,0.09973010183322126,0.9115603177336706,-0.2440728141898815,0.0014954926613782676,-0.012036167058298616,False,True
0.13333333333333333,0.3981427383872571,0.9024780194913702,-0.3181587523627462,0.0010304225162523408,-0.06685891236404681,False,True
0.16666666666666666,0.41395684285025514,0.8886202483086768,-0.27233125531372776,-0.003677161684097895,-0.07234440668490481,False,True
0.2,0.1741247817686794,0.8786029350061315,-0.15100165523240278,-0.007503258883038336,-0.028849077677032525,False,False
0.23333333333333334,0.5188119776650548,0.8644470709193601,0.9577759710165153,-0.006332968565075714,0.06592370383980249,False,False
0.26666666666666666,0.6462570263699959,0.9322891309194059,0.9635449775204546,-0.000685044159997324,0.09073390231881408,False,False
0.3,0.21399344886177482,0.9882053961490603,0.0999245077679915,0.002309413673532353,0.03575357000368953,False,False
0.3333333333333333,0.22344407648685022,0.9550432710945695,0.1595268670894127,0.0013757984049222655,0.025699564349079333,False,False
0.36666666666666664,0.07891586035267227,0.9186373754643727,-0.4889659395068022,0.0013411470353649993,-0.006903855617031828,False,False
0.4,0.13841117664379043,0.9472232879305947,-0.22623539112160826,0.002559403965439003,-0.022926216572088997,False,False
0.43333333333333335,0.30081887884616815,0.9509547904420536,-0.2563237842058163,0.0014935737030217135,-0.04809942407459028,False,False
0.4666666666666667,0.6323918228686684,0.8880590688533059,-0.8649016789594556,-0.0028579785377877863,-0.08459845773568521,False,False
0.5,0.2597812730579923,0.8750260241922658,-0.20454152789789717,-0.005410386835199493,-0.03354248615096828,False,True
0.5333333333333333,0.09326378267831693,0.8881262687918183,0.275962787060022,-0.005501338552212428,0.022857910240972775,False,True
0.5666666666666667,0.6988230672034974,0.8925786719586194,0.8254758545123708,-0.004244967197498414,0.10527860944818637,False,True
0.6,0.9823064332733493,0.9340599766539762,1.0780218942214344,0.0014533219951859584,0.1584903843290287,False,False
0.6333333333333333,0.6596427016239501,0.9896319633522327,0.6680812455538723,0.008918794285847503,0.10905865367179612,False,False
0.6666666666666666,0.06994195502267063,1.0104998802925598,-0.15596165670203893,0.012532784354294895,0.009483064730834432,False,False
0.7,0.41346457640376766,0.9532854648114931,-0.27631330668118004,0.00820685828514369,-0.07479474208898536,False,True
0.7333333333333333,0.28136471455613354,0.9399852712644029,0.4626239661537084,0.0028281408104106264,-0.039016928230824734,False,False
0.7666666666666666,0.29961213689599087,1.0064237672560572,0.28537763044380704,0.003807688161129944,0.0464089732568224,False,False
0.8,0.43735491781317104,1.021504366548928,0.18360013645128928,0.008386952506401556,0.1000571169921764,False,False
0.8333333333333334,0.4315962564096662,0.9841235257026842,-0.5334829743924411,0.01235970812277326,0.0966817809292893,False,False
0.8666666666666667,0.418014466838112,0.9572850209772334,-0.8451185942544559,0.015347327122439766,0.0027065340980397647,False,False
0.9,0.5816283724671335,0.9635867687093872,-0.7082546566041812,0.014790486070301211,-0.0998999088333189,False,False
0.9333333333333333,0.5047542039340657,0.8914474340587204,-0.11678425879985352,0.007254466585258615,-0.10339581573621187,False,False
0.9666666666666667,0.34943384413080236,0.9080754254304588,0.3001110692884916,0.0008515715394756204,0.02328128876138575,False,False
1.0,1.1789234604642373,0.9432171010868218,1.4784181855504235,0.005673465335548403,0.26994169677030744,False,False
1.0333333333333332,2.715262049315525,1.0359302024628207,0.9794410475172642,0.019084583569405778,0.6527589547534172,False,False
1.0666666666666667,4.195304101381467,1.0281097428124466,-0.4285830314182922,0.046242059782378116,0.9699394599812359,False,False
1.1,5.230227360913259,1.011677843509957,-0.774016242790615,0.08660866106229233,1.212313676277932,False,False
1.1333333333333333,6.1312570083354805,0.933205843976542,-1.5357355836110784,0.13227761648468908,1.4610391412245354,False,False
1.1666666666666667,6.60281378634657,0.9086065481254825,-0.9885152872446469,0.18073852112299352,1.6139128356459027,False,False
1.2,6.920608878694554,0.8624454781241867,-0.12005086255083373,0.24036251862264094,1.7312111670435082,False,True
1.2333333333333334,6.550412169677917,0.8725258610008902,0.7665354108903216,0.3048769460038086,1.6404421047198814,False,False
1.2666666666666666,5.375948698445656,0.9460235873608588,0.3331098695308593,0.3562071268282816,1.346666638605107,False,False
1.3,3.9976950280086605,0.9528783953843835,0.1601888454698969,0.39411870862180776,1.0022625682467508,False,False
1.3333333333333333,2.722440407318641,0.9025898693274329,0.09212439435032893,0.42132828414313755,0.6796531988538508,False,False
1.3666666666666667,1.5835000373142303,0.9025194395057784,1.2627680714581737,0.44026588449064163,0.38785893174922426,False,False
1.4,0.6590598006225787,1.0249196966273535,2.12059183992977,0.4460935932053059,0.15798368641635485,False,False
1.4333333333333333,0.2045303797135794,1.0945329563656627,1.6489986057266453,0.44677625378282715,-0.006661725700941944,False,False
1.4666666666666666,0.006944095276458501,1.1410564308214581,0.15849701264649216,0.4429446023171834,-0.0006286823777862713,False,False
1.5,0.08136044385349389,1.0914371640993255,-0.09111364704420952,0.4445150710893702,0.01658292460629049,False,False
1.5333333333333332,0.0719438538423775,1.0826070324716113,1.0793369533537565,0.4453045666556041,0.012511828480979979,False,False
1.5666666666666667,0.24594218079924268,1.142517293592523,1.472851928054828,0.4474812390516679,0.016216495552384184,False,False
1.6,0.5506129702132897,1.2583977679219929,1.4830007177678408,0.4452245002627133,-0.060682010462867794,False,False
1.6333333333333333,0.5650873409194057,1.2689048541458696,0.11121121315307587,0.44361520911196384,-0.051577515567427984,False,False
1.6666666666666667,0.47005371344003377,1.2184276142974517,-0.2704190016804601,0.4411973971337653,-0.07500772007908882,False,False
1.7,0.32912807748762557,1.2219001267215694,-0.15017113134563695,0.4382096269791201,-0.06128655134414324,False,False
1.7333333333333334,0.26796006115175663,1.2366955542081495,-0.006894313574591294,0.43698928257816094,-0.05015739173009901,False,False
1.7666666666666666,0.22605013660209136,1.2271541684538565,0.21173588310116115,0.4351136498292499,-0.05398023005004493,False,False
1.8,0.10078652086721974,1.231069398323316,-0.5912061106607908,0.43338991845651,-0.01540191764828206,False,False
1.8333333333333333,0.17752144280506707,1.2167933643100934,-0.488005069916943,0.432882941373212,-0.007992919781670885,False,False
1.8666666666666667,0.1976747887923207,1.179884186219123,-0.10892648983623254,0.4337008662960783,0.023251194770026445,False,False
1.9,0.20031495843939473,1.1658194017273416,0.3072877465507676,0.43504631675326216,0.03391426737508816,False,False
1.9333333333333333,0.6923787370282896,1.2415657827048283,0.3004284918144574,0.43421362364018845,0.11746657722615021,False,False
1.9666666666666666,1.23596482706122,1.2361026163249202,-0.515193209753473,0.4400293287275461,0.24485123437793024,False,False
2.0,1.7643791511506237,1.1868119275276683,-1.965121645206204,0.45089579303189675,0.37940445924962135,False,False
2.033333333333333,2.4362902628498393,1.0838232338375995,-2.229371865238342,0.4663393663267305,0.5666708078169687,False,False
2.0666666666666664,3.1623774122001067,1.0146091487120543,-1.1976353480665753,0.4858242974301405,0.7449817126998198,False,False
2.1,4.059015802092683,0.9746824462627184,-0.4424328367877317,0.5156500929672058,0.9478768803345787,False,False
2.1333333333333333,4.8604033656184376,1.0064843795633915,0.9341584540114392,0.5519167284604277,1.1030084195750454,False,False
2.1666666666666665,5.304007581351805,1.0541282187571757,1.031362856386772,0.5908966497642624,1.1643471164911012,False,False
2.2,5.546592356895847,1.0884207976226938,0.8995025381433571,0.6310348282923292,1.1559286706112342,False,False
2.2333333333333334,5.585250012108604,1.1183301781067758,0.698350463772268,0.6705248363000287,1.0754729464458817,False,False
2.2666666666666666,5.403498543808115,1.126962196016779,0.401360147130515,0.7043072427508669,0.952211769887241,False,False
2.3,5.170698265851929,1.1526649744910193,-0.11711466574390773,0.7335060608352573,0.8153680610109286,False,False
2.3333333333333335,4.920941508810006,1.1407977014180215,-1.1682863180785652,0.7584354980137267,0.6809123160128043,False,False
2.3666666666666667,4.811841862141381,1.0681023781077033,-1.3980016092217937,0.780008180910955,0.5191193525845623,False,False
2.4,4.748773120102389,1.003936874296467,-1.5106509889340436,0.7940712373068417,0.3331871869995584,False,False
2.433333333333333,4.324541511502089,0.9692209877716399,-0.8894356616191412,0.8010661350079628,0.20625021500257043,False,False
2.466666666666667,3.3866201689338964,0.9656268572978068,-0.8190106190675853,0.8059190856746056,0.047747151009678634,False,False
2.5,2.252537048358552,0.9190330767743878,-1.1850785503414154,0.8059412378435802,-0.05661946035529977,False,False
2.533333333333333,1.2746727634136472,0.8679626093678404,-0.1536906037168987,0.8008185755249541,-0.1070392538701881,False,False
2.5666666666666664,0.7174375430307665,0.876416317175542,0.19776127115544123,0.7937402904353156,-0.07293525980162258,False,False
2.6,0.4395103280922303,0.9252644464365679,0.31578342750751354,0.7943730847998043,0.06273141695684302,False,False
2.6333333333333333,0.5757530998562389,0.9311527103264785,0.10015840266615822,0.7995578141410845,0.13852014171425855,False,False
2.6666666666666665,0.4666250296815263,0.8926567905785027,-0.509557723483338,0.8065990984753112,0.11660687471586144,False,False
2.7,0.17245870289730245,0.8917176248555796,-0.3351177558542831,0.8097660411217168,0.0255228695156671,False,False
2.7333333333333334,0.28772968184417264,0.8914499734502657,-0.39587350614305955,0.8080830493615629,-0.06277254562591415,False,False
2.7666666666666666,0.45189204183478776,0.8608821120882296,-0.6597034615137192,0.8035878774849936,-0.11259594652488339,False,False
2.8,0.46085777970357844,0.8345057602085286,-0.5631952747106521,0.799612686570566,-0.11532571401548908,False,False
2.8333333333333335,0.4231435200741453,0.8242878842844877,-0.5263476793678205,0.7958559027595364,-0.10578722201816584,False,False
2.8666666666666667,0.3007300152224748,0.8076514493344796,-0.3930762861742109,0.7920945172750594,-0.0744561465212248,False,False
2.9,0.1827074901055262,0.7899721869306252,-0.24442399015275246,0.7901212277985088,-0.040191016994997136,False,False
2.933333333333333,0.115770707387932,0.7876030547045938,-0.26308489903161064,0.7895642686698296,0.01359747102999098,False,False
2.966666666666667,0.3215974005924448,0.7852650006506218,-0.050070672571182896,0.7908313275074922,0.0748823925743098,False,False
3.0,0.6428658372995816,0.7758008514046973,0.11857658231748318,0.7939012401959515,0.13894989039814037,False,False
3.033333333333333,1.1188692735483767,0.791018489383312,-0.277507144132226,0.8000706520253902,0.22646032133255325,False,False
3.0666666666666664,1.861257174886203,0.7862574255370426,-0.48247046523192455,0.8084626330858029,0.33289422960895065,False,False
3.1,2.7861649741331367,0.7455475073689355,-0.563800907416641,0.8214010544614642,0.44623960374893146,False,False
3.1333333333333333,3.8623787146104323,0.7223346311762838,-0.8836883050018115,0.8379973570524252,0.6049581791626927,False,False
3.1666666666666665,5.029115961264718,0.7130468220190469,-0.6866852273719707,0.8609866904460642,0.7558023733855881,False,False
3.2,5.950111882944982,0.6759090886534431,-0.6651335665014539,0.8891386177992369,0.8705538381162573,False,False
3.2333333333333334,6.55170233359889,0.6363321465742358,-0.2527336231092441,0.9215783396582858,0.936334491302531,False,False
3.2666666666666666,6.641497528425986,0.644567520078046,1.48563411034703,0.953476720447929,0.8924645354688155,False,False
3.3,6.128864581103927,0.7348979176556528,2.1039084107116586,0.9837315102584173,0.7581955921000189,False,False
3.3333333333333335,5.273656093390144,0.8188732014582252,3.0311361246932176,1.0063410507882857,0.5853342495791165,False,False
3.3666666666666667,4.087614070226478,0.9528404825554623,1.9856798569774339,1.0228492162597849,0.33208941343845105,False,False
3.4,2.8784667294930437,0.9724940005183973,1.466313598019562,1.029349654640183,0.1053444641276159,False,False
3.433333333333333,1.8168257412281774,1.031884988780645,0.9722533904893603,1.028080295860939,-0.02335685478154429,False,False
3.466666666666667,0.9271481377820019,1.0338270011363688,-0.7036164414000625,1.0225317744498672,-0.06989049391287312,False,False
3.5,0.3756457914321704,1.0222902877844935,-0.4335967387210091,1.0222918138435488,-0.04498506721078045,False,False
3.533333333333333,0.14605976235959917,0.9355586246372549,-0.3775559790013355,1.0216402819474375,-0.03250532516912003,False,False
3.5666666666666664,0.3962520225865331,0.9694519388634965,0.05571541348862294,1.020083536629159,-0.050166418597981904,False,False
3.6,0.7698804044013027,1.0176177441052543,0.03659746387578827,1.0174252133403419,-0.060163311776833324,False,False
3.6333333333333333,1.2164920237367927,0.9880827895326763,-1.0920609490985014,1.0167889135612893,-0.07723543162181343,False,False
3.6666666666666665,1.5455269930580944,0.8991570271054422,-1.6644084810032085,1.0135674487294455,-0.1376173764773415,False,False
3.6999999999999997,1.9333845487630532,0.8572615359629089,-0.7558515621886776,1.0079390031031468,-0.19348467207353776,False,False
3.7333333333333334,2.443390356238277,0.8471720248349509,-0.34995134417967005,0.9997159215379725,-0.2531516108421043,False,False
3.7666666666666666,3.0778950342826414,0.8545246781333381,-0.07999432661473248,0.9911380425247023,-0.301889235143462,False,False
3.8,3.773036977970773,0.8536173100291355,-0.37846247185219517,0.9806487644705527,-0.3860625287946339,False,False
3.8333333333333335,4.589842806325833,0.831825622849079,-1.0561759499173793,0.9664055433797452,-0.4993848742886553,False,False
3.8666666666666667,5.2880361266205895,0.7855072437103967,-1.228348822110101,0.9473360807385919,-0.6074061640259015,False,False
3.9,5.690945270142048,0.7326468120935796,-1.4169449548273874,0.9244660863720295,-0.6688522958020997,False,False
3.933333333333333,5.774304911206966,0.6810263048535794,-0.9220357336860994,0.9014045829384635,-0.7138807118656179,False,False
3.966666666666667,5.317857640030579,0.6601821524970333,0.0971587673424681,0.8766350884359285,-0.6843913697510899,False,False
4.0,4.737230917025616,0.6895522029845521,-0.022549148695946715,0.8536754618568904,-0.6205642826094567,False,False
4.033333333333333,3.756452494323974,0.7016621952982404,0.05968851466283584,0.8338600942955395,-0.5342067608117391,False,False
4.066666666666666,2.637322591008222,0.6894536500896109,-0.6200693121342289,0.8194590240357821,-0.4437288270713769,False,False
4.1,1.678310491120164,0.6431760667892283,-1.1355223433712087,0.8045884553269277,-0.3591130722033328,False,False
4.133333333333333,0.9818743115368587,0.6125069535735416,-0.35433031164540596,0.7936894508830326,-0.24365027078392312,False,False
4.166666666666667,0.4931283516056137,0.588795881643896,0.20186271164825895,0.7877685333007285,-0.12193937644542116,False,False
4.2,0.23423747292905342,0.6340714963675035,0.6576162598858947,0.7874475624957767,-0.03166625658194006,False,False
4.233333333333333,0.10680622704818123,0.6758050709905441,0.45376554379247225,0.7874542670717032,-0.015283565697921024,False,False
4.266666666666667,0.18543324762748759,0.6697662643038199,-0.35013790549049767,0.787508671231876,-0.04102972482367825,False,False
4.3,0.25619606394300837,0.6335634080814847,-0.7836549409783461,0.7850044326556297,-0.06410318207191265,False,False
4.333333333333333,0.23905695385888906,0.6062428834681437,-0.5348275416366622,0.7820979699746942,-0.05816682745997976,False,False
4.366666666666666,0.15107353190221226,0.590979282042625,-0.27321510890878253,0.7800049259488478,-0.03392558590972614,False,False
4.4,0.01602552596348184,0.5899295077395044,0.17098567419635782,0.7802586043850964,0.001790044635768379,False,False
4.433333333333334,0.10140886083198611,0.6070324393739223,0.20820448076572212,0.7809578057553469,-0.0060072573910627675,False,False
4.466666666666667,0.03436896423243935,0.6154574655295638,0.036822598615578156,0.7803890927150362,-0.00515034452530751,False,False
4.5,0.04212629256676172,0.6135509113835725,-0.18921898535617696,0.779855541931201,-0.007666949177148204,False,False
4.533333333333333,0.05387006088330894,0.5924299344928028,-0.2895586934719331,0.7796235730660264,-0.002640730372101143,False,False
4.566666666666666,0.06437485516818199,0.586111914511472,-0.02098945055137645,0.7801713052057522,0.013245138651143708,False,False
4.6,0.03750808308536048,0.5940772914749758,-0.06151186424211738,0.7803163316148162,0.00654052605210491,False,False
4.633333333333333,0.06051938056210479,0.5934289674858986,0.016875113169905077,0.7810143005202441,-0.007037732853748196,False,False
4.666666666666667,0.0671808562959557,0.5868308596036539,0.06037250137615126,0.780341402248012,-0.015219544222664107,False,False
4.7,0.07736262577973789,0.5900366601765357,0.09095055932539167,0.7791152415297237,-0.014794712344567598,False,False
4.733333333333333,0.07848274363051169,0.6009395358956797,0.47329904173320014,0.7787790951545709,-0.0060407738885123585,False,False
4.766666666666667,0.025238123755784315,0.6165945493089758,0.5178031642750218,0.7794574355546838,0.0018210529827297705,False,False
4.8,0.01305084746185804,0.6416437661292002,0.2902407197566108,0.7791828876818636,-0.0017869165028938205,False,False
4.833333333333333,0.11617482166790954,0.6482875839099422,0.3952136980139171,0.7788750348569942,-0.003515020349820879,False,False
4.866666666666666,0.17173912723560283,0.647081433530395,0.48427677391272617,0.7789781486252076,-0.004410674288418986,False,False
4.9,0.40791720237777357,0.6705129732615772,0.8552030634238774,0.7787026993009711,0.013467539945811787,False,False
4.933333333333334,0.6067149751318979,0.7191563201764279,1.2518939675534488,0.7792913145772284,0.015045035704323693,False,False
4.966666666666667,0.7126830915619697,0.7544560047581105,1.4412094686031032,0.7807848564959164,-0.02227979733902577,False,False
5.0,1.1622395527554235,0.8252128035795062,0.38823716451489904,0.7804499909317739,-0.12148761624274035,False,False
5.033333333333333,1.972475321690591,0.8098744517599382,0.4048947062740213,0.7730705948885565,-0.21179641056078055,False,False
5.066666666666666,2.8689096939887224,0.8115069967055638,-0.07165967123074364,0.7643954975193522,-0.3270733423702204,False,False
5.1,4.066123414955244,0.794447639606736,-0.20020735872957202,0.7553157914526538,-0.627401874494177,False,False
5.133333333333333,5.9216334424953185,0.8243733578113425,0.6231403844888175,0.7317756591856888,-1.0600997882592014,False,False
5.166666666666667,7.875586995233553,0.8086221697525549,0.3038568824385349,0.6843591465363867,-1.5406776744272037,False,False
5.2,9.240388246776813,0.854041075283895,0.5438925559163156,0.6214669077505326,-1.863993130897454,False,False
5.233333333333333,9.441820659011071,0.8452169796303165,1.9979708743117646,0.555761113385246,-1.9698428589376353,False,False
5.266666666666667,9.573319020851535,0.9443440237043561,1.9874635011388162,0.4904632083430584,-2.1518073676783858,False,False
5.3,10.111924451066471,1.0499845560975423,1.0874320613499924,0.4168419826291836,-2.3736362344236555,False,False
5.333333333333333,9.649510325914683,1.0717285549417275,0.6550236074494035,0.32828245636415465,-2.318417152549967,False,False
5.366666666666666,8.901706090741703,1.008727177030396,-1.1700798369559233,0.24869021414727052,-2.190371284456616,False,False
5.4,7.644172094641156,0.9969989104781359,-0.8480879681638144,0.18417834585273607,-1.9166676344363618,False,False
5.433333333333334,6.441596603899178,0.9804790152824644,-1.0092165003434754,0.12623336615664185,-1.5925598377982837,False,False
5.466666666666667,5.705905128481856,0.9081840093855628,-1.7412369261328975,0.07117091535540584,-1.3906263813246176,False,False
5.5,3.447948342967571,0.8423518973455236,-0.15132212599625197,0.03019889453954866,-0.8136580861638358,False,True
5.533333333333333,1.5515776912238668,0.8662597799513013,0.3251124793897542,0.014525185399580871,-0.3514924839325014,False,False
5.566666666666666,0.5881471854925404,0.9203031580284898,0.16688470403610312,0.013256393581185228,-0.09565614942276461,False,False
5.6,0.21064283448170218,0.9234697553391708,-0.15250505248888502,0.0188598847916877,0.01633836969702294,False,True
5.633333333333333,0.3797678080061961,0.8512971446678486,-0.8410846280006118,0.014117293962040155,-0.09501232247188883,False,True
5.666666666666667,0.2559391416538131,0.846340131217773,-0.07652159371545858,0.010444063073609951,-0.06305025920827781,False,True
5.7,0.1294767410228076,0.8697922508431983,0.3861628330289845,0.00866765641376671,-0.013829207444285981,False,False
5.733333333333333,0.16315286739427565,0.8805719773999752,0.2547112478211621,0.009666626677604522,0.02527609063341841,False,True
5.766666666666667,0.2059757491168572,0.8856935886055084,0.13623360624099476,0.011974365366104968,0.04276541489713801,False,False
5.8,0.40248188164366405,0.8828487147318583,0.49732342078171327,0.012704079477650714,0.04809030766102605,False,True
5.833333333333333,0.3985960530922647,0.9105046441215079,0.46441294065048794,0.014381339563283515,0.043363483238045335,False,False
5.866666666666666,0.22799259830339397,0.9372399187869763,0.130898150691001,0.016418020247404592,0.03490959853253512,False,False
5.9,0.31269467478362606,0.929798780411487,0.01727044165491195,0.01720065301248142,0.03913255270495073,False,True
5.933333333333334,0.2745484122285059,0.9009834740600621,0.22643837256528046,0.017293131868577304,0.059805256375187,False,False
5.966666666666667,0.26902349663489483,0.9382014663302907,0.39299699924625464,0.02107057605113692,0.058371607496765225,False,False
6.0,0.11965486567786991,0.9740014691810647,-0.07408014396081394,0.024172042464873686,0.015774633491259567,False,False
6.033333333333333,0.2233566011081599,0.9379109103850194,-0.3043334588907029,0.021947788288348084,0.020898109061447817,False,True
6.066666666666666,0.15541490901405994,0.9004661277749924,-0.2451879955483873,0.021378740735859502,0.02996815062931766,False,False
6.1,0.4875355793626871,0.9210681652299784,0.3784422019039437,0.02472836934300719,0.08474217708498744,False,False
6.133333333333333,0.5551578195821071,0.960703197636961,0.5014915630865316,0.029630711998856956,0.09717882703537449,False,False
6.166666666666667,0.2761742833148717,0.9574248585302249,-0.00022027550107335815,0.03066181185545939,0.06909482784286973,False,False
6.2,0.25408124468036847,0.9494877137486392,-0.10413405834711194,0.03406986645141781,0.04001060092430632,False,False
6.233333333333333,0.17263258926782696,0.9448839587366428,-0.06482402016101525,0.03471701891036598,0.00097701697523891,False,False
6.266666666666667,0.09004548325320393,0.9481829327799054,-0.036411710266014266,0.03351015931704302,-0.0036582683866257003,False,False
6.3,0.10158473733271672,0.9474871490110762,-0.18799191295120052,0.03229541161744886,-0.012911301801942967,False,False
6.333333333333333,0.22061246985293018,0.9326705212167511,-0.027370881315598058,0.03314678726938631,0.04089387023896005,False,False
6.366666666666666,0.1733680830860474,0.9362546397494403,-0.10860711907442416,0.036066584726773245,-0.006950238590777656,False,False
6.4,0.257338926268177,0.9351897905578127,-0.002428298921207545,0.034523478169376,-0.04697934031982973,False,False
6.433333333333334,0.0747899506034218,0.9372840754009764,0.07939557635200681,0.03114878496836751,-0.018735579933230165,False,False
6.466666666666667,0.2965440301168335,0.9336734357218058,-0.2094699132852512,0.03054124743887749,-0.055342626467551906,False,False
6.5,0.08212791787963435,0.9312572940863049,0.11380915192293761,0.030724436671076858,0.004822524619127883,False,False
6.533333333333333,0.13100372697367937,0.9328640460347948,-0.03800950063743342,0.03012778100683045,0.00026989419731046697,False,False
6.566666666666666,0.07349019464411706,0.9308418508620597,0.05488965229003363,0.028821912001498255,0.0031247231631358536,False,False
6.6,0.3084049960178423,0.9341298376249926,0.65147033948378,0.03168691924891593,0.07505235478057806,False,False
6.633333333333333,0.5301049238485196,0.9616288992823706,0.4807604970577027,0.03300245076813925,0.10014241061616308,False,False
6.666666666666667,1.1918107394539248,0.9908117176645177,0.7383916463115611,0.036018704393897163,0.2794118240827192,False,False
6.7,2.68478690395087,1.0183067782649202,0.12245705463460181,0.04624521697382283,0.6109618243112537,False,False
6.733333333333333,4.5330912189910455,1.003258524646069,-0.8771146594804025,0.07322824037511075,0.9813089586986028,False,False
6.766666666666667,6.151093300191923,0.9710245736712324,-1.4350646917117,0.11621169197332452,1.2778770812341116,False,True
6.8,7.064683266872171,0.8842176824817537,-1.8426789747697574,0.16281369347927135,1.5122187030987277,False,True
6.833333333333333,7.254521497928322,0.8239256542995546,-1.360556691341649,0.21447512109793954,1.692868135870882,False,False
6.866666666666666,6.882698647221428,0.7697662432948434,0.7457034761661598,0.27793283447257583,1.7023696210967156,False,True
6.8999999999999995,5.999113316927517,0.8475389305099712,1.9871368391913664,0.3396402343960662,1.504227747791711,False,False
6.933333333333334,4.37470111285555,0.9580869549067011,2.577338860665891,0.3835353608008889,1.0916303398186666,False,False
6.966666666666667,2.935433041511209,1.0630290069196457,2.5847085375994583,0.4086441832669903,0.7191661719524585,False,False
7.0,2.0704697895348323,1.102375946444584,1.3217663466166454,0.42723964426816363,0.51049642067888,False,False
7.033333333333333,1.5608098590779256,1.1651921702864905,0.9701242148200304,0.440658170231684,0.37864883874783106,False,False
7.066666666666666,1.1605756839994028,1.1808045128577676,-0.03393832790793151,0.45200663593635976,0.2789639502488517,False,False
7.1,0.8156053265687424,1.1444831310174464,-0.38281442342532795,0.4589209682916256,0.1981324045514613,False,False
7.133333333333333,0.5779739331033849,1.130129648345074,-0.3827871311339772,0.46432901090664713,0.14197067380326506,False,False
7.166666666666667,0.3851227440246178,1.1257055740996338,-0.2686257927070557,0.46780201683374323,0.09648756381466476,False,False
7.2,0.23915634339047856,1.126845382565302,-0.30659600045155183,0.4710945976843083,0.05702238677025331,False,False
7.233333333333333,0.16734475799517465,1.0925563788742632,-0.14710897594202288,0.4713028447634404,0.04107580911382385,False,False
7.266666666666667,0.17532229857764253,1.1024359846624057,0.08124901132021953,0.47260611305685235,0.02948354822164602,False,False
7.3,0.20365373946525742,1.1127847931305257,0.29240390028244606,0.47381643980213756,0.008386448637907667,False,False
7.333333333333333,0.20919574946237135,1.1288835649255462,0.4975194977747734,0.47452867751768624,-0.020461330531583742,False,False
7.366666666666666,0.2551881723520857,1.132573842987655,0.3922506501083862,0.4718394905746623,-0.062318692320202894,False,False
7.3999999999999995,0.2670610993355315,1.1610750342251557,0.6792961299080098,0.4693917991023847,-0.06696486285547751,False,False
7.433333333333334,0.3064088108613325,1.1863995732395938,0.35787626127502264,0.4672864104873124,-0.07433768209403618,False,False
7.466666666666667,0.18577627731794816,1.1936375221402087,-0.0643446799400662,0.46453024037922636,-0.04638332055702483,False,False
7.5,0.11732198896288488,1.17421659238428,0.040841095531143776,0.4630699729865909,-0.028300120053863356,False,False
7.533333333333333,0.0793168008634244,1.1740195013895824,0.07124507274894448,0.4628228175148554,0.0009788614263231776,False,False
7.566666666666666,0.14036780654970762,1.1893507669483447,0.38120535129621375,0.4638152668306246,0.03509235482043488,False,False
7.6,0.11005310430263425,1.2130202927631888,0.2697624928092118,0.4649024825639051,0.026956903570420698,False,False
7.633333333333333,0.18452524163467665,1.20702072586949,-0.177964217994337,0.4664064297466299,0.03255960743712342,False,False
7.666666666666667,0.2297067772470563,1.1962458434226344,0.09608108182359223,0.46704588130063734,0.03607960743798971,False,False
7.7,0.3123232636678361,1.2008106209517782,-0.1413790080539711,0.46749300644789354,0.06909740236239295,False,False
7.733333333333333,0.6392206986102588,1.198945112380774,0.19994036555342135,0.47070538750209756,0.1398887142251725,False,False
7.766666666666667,0.872334861028517,1.212268417763008,0.09908944911531656,0.47695635158002836,0.1962883805466994,False,False
7.8,1.3433723247409421,1.2052968541619296,-0.16683755291930263,0.4841025113977367,0.29298505171929806,False,False
7.833333333333333,1.7508822120259533,1.2099613276206171,-0.027563292248706982,0.4948909769964911,0.3879412097642001,False,False
7.866666666666666,2.2999686733719558,1.1951439599511928,-0.5124197129087806,0.5095146924930329,0.5129150344860588,False,False
7.8999999999999995,2.9066607557468833,1.1766991041924957,-0.12710725452544394,0.5296934352454463,0.6446232913571814,False,False
7.933333333333334,3.37440370862981,1.1734970778607487,0.03460582040640818,0.5523941851572789,0.7452882796391047,False,False
7.966666666666667,4.074117489297699,1.1748491125427274,0.6115292085460786,0.5795416583117778,0.8714074291084044,False,False
8.0,4.545624915520875,1.2236046690238496,0.7187072506167788,0.610526941864606,0.9589628353327665,False,False
8.033333333333333,4.881200732979512,1.2348108069647035,0.7841068356161364,0.6451101051235839,0.9965432239184492,False,False
8.066666666666666,5.007466250902423,1.273569017968697,0.5169176640785871,0.6791283527543336,0.9943496958135561,False,False
8.1,4.920515817704484,1.2784196563080201,-0.22444775791343172,0.7116580135590928,0.9397267158955314,False,False
8.133333333333333,4.845433418460468,1.276304702769564,-0.7661829325768493,0.7421270917936523,0.8795779099238569,False,False
8.166666666666666,4.544866576004892,1.2161600421403056,-1.8432339681079204,0.7709869639910711,0.8079492686722305,False,False
8.2,4.061215553561597,1.142986934589404,-1.8095155203457438,0.796168228924288,0.7113244683432153,False,False
8.233333333333333,3.3887809440272174,1.0590621621562637,-0.5021920627933538,0.8195010606657136,0.561808889279609,False,False
8.266666666666666,2.6970731874208465,1.0907399460804903,-0.38148370531091275,0.8359748510454399,0.36295684459068817,False,False
8.3,2.487826460359686,1.1171706876923255,-1.0086185478438883,0.8440032485717595,0.16838799409258198,False,False
8.333333333333334,2.2974588192228986,1.034162390395233,-0.8115482191353705,0.84527105503758,-0.028555886816014245,False,False
8.366666666666667,1.997172804510506,0.9502737216158715,-0.3900354526291329,0.8412987196475629,-0.12120969344405016,False,False
8.4,1.431860284504294,1.0284283461697918,0.3913002680764259,0.8346825314153168,-0.1509394474985493,False,False
8.433333333333334,0.7172649456953498,1.0795323564903487,-0.047199422594901536,0.8285147204139063,-0.11842896303825064,False,False
8.466666666666667,0.30417529837873736,1.0100434649728482,-1.555750537034219,0.826683627596654,-0.03676238089557819,False,False
8.5,0.1315887544489378,0.9133858952159176,-1.3096103280167857,0.8264962978431067,0.015436082615828331,False,False
8.533333333333333,0.17911375783764377,0.9049540269058911,-0.17613048730568612,0.8284694944726017,0.0362051433685382,False,False
8.566666666666666,0.11142371844762775,0.9266533220436612,0.07821287675172321,0.8301386169367075,0.027493050498779568,False,False
8.6,0.07489664256934297,0.941377699588989,-0.025668391525860323,0.8305052952629012,0.018643487529005166,False,False
8.633333333333333,0.04035606097937152,0.9129475849094344,-0.29852570817098073,0.8305074726072248,0.007717132651947374,False,False
8.666666666666666,0.0575476540761389,0.9038993613947458,-0.2970476715398641,0.8312909230680475,-0.00012793158400051507,False,False
8.7,0.09843636224532928,0.9029978118393582,-0.09309525755053252,0.8308308996891205,0.01434282579315419,False,False
8.733333333333333,0.11692372587604752,0.9009998552006421,-0.04939444544922092,0.8313067283544254,0.0014511363355811917,False,False
8.766666666666666,0.09528620369842515,0.894342726321336,-0.21095973461128228,0.8312850074149956,0.023871077615000777,False,False
8.8,0.20173712862127566,0.8935297171333197,-0.17027106322246915,0.8327358224798487,0.04416992188646878,False,False
8.833333333333334,0.23250605988234319,0.8800925896660186,-0.11618488877685601,0.8336250122808968,0.05780467109915692,False,False
8.866666666666667,0.4527645072357515,0.8674130516644062,0.6257776241085571,0.8373659074464094,0.06950537579888183,False,False
8.9,0.418255916227356,0.9157952217760237,0.7870135513372128,0.839986879813831,-0.012794125726575031,False,False
8.933333333333334,0.9828292833944076,0.9634979163396411,0.25229284845296157,0.8376816462322579,-0.039136970523907716,False,False
8.966666666666667,1.707746667198062,0.9514767419106143,-0.27165068415453913,0.8338768376076775,-0.037509726162615706,False,False
9.0,2.0992175811696763,0.895054141038003,-0.31839614167361985,0.8338745609874696,-0.034251220316727206,False,False
9.033333333333333,2.053281219696399,0.9111101193022566,0.13270870762537096,0.8347662967601237,0.005375044769562775,False,False
9.066666666666666,1.262753519216026,0.9526809920104503,-0.44228906305102345,0.8323554812022561,0.058208478254676635,False,False
9.1,0.7316366885690446,0.9045255756838577,-0.7494322730297095,0.8346073662354827,0.16582813347796835,False,False
9.133333333333333,1.5381226980343115,0.8554520143940972,-1.65219491884892,0.843655622387153,0.3698002471345455,False,False
9.166666666666666,2.865956495854973,0.8117741683946063,-2.4008967356190176,0.8578745076087573,0.6332729122866454,False,False
9.2,4.706252083176005,0.7205363390603963,-2.025039883393584,0.8829813115948035,0.8755723630231991,False,False
9.233333333333333,6.783627690324125,0.6004329860026147,-1.5560585234149265,0.9196330449628758,1.076012176925303,False,False
9.266666666666666,6.846056492963828,0.5959037503387665,-0.08553225559103085,0.9625861226071287,0.9422330107188367,False,True
9.3,5.399816072366268,0.6508299118112907,0.769181779751726,0.991256014879448,0.6124770242117299,False,False
9.333333333333334,,,,,,True,False
9.366666666666667,,,,,,True,False
9.4,,,,,,True,False
9.433333333333334,,,,,,True,False
9.466666666666667,,,,,,True,False
9.5,,,,,,True,False
9.533333333333333,,,,,,True,False
9.566666666666666,,,,,,True,False
9.6,,,,,,True,False
9.633333333333333,,,,,,True,False
9.666666666666666,,,,,,True,False
9.7,,,,,,True,False
9.733333333333333,,,,,,True,False
9.766666666666666,,,,,,True,False
9.8,,,,,,True,False
9.833333333333334,,,,,,True,False
9.866666666666667,2.5851393165997125,0.700485518136013,-0.20397031059832432,1.0427893986659444,-0.32855820319638096,False,False
9.9,5.200121125179264,0.6856228674103859,-0.2217877696498907,1.0253520896451855,-0.5956731627037595,False,False
9.933333333333334,6.930703101739881,0.6741384525647155,-0.26805701663813686,0.9972491813766721,-0.7736727031033578,False,False
9.966666666666667,6.876268810894244,0.6596439660299988,0.13977432455409866,0.9710699172062759,-0.7811395383808811,False,False
10.0,6.606642347030824,0.6813979698458934,0.6023166978875748,0.9443312341874018,-0.7708903698681658,False,False
10.033333333333333,6.0731696384742975,0.7045458744961137,0.7721873996119654,0.9186179306846184,-0.6855172344765881,False,False
10.066666666666666,5.258927603129419,0.7472719857888404,0.6381177459958164,0.8963103865684954,-0.559797986082478,False,False
10.1,4.310796470988554,0.7558833068104941,0.15534763614271574,0.8808612569141502,-0.4308756603452512,False,False
10.133333333333333,3.377769611866744,0.7483272916234023,0.2419613503450997,0.8704646304575346,-0.3747239541629063,False,False
10.166666666666666,2.621104150214205,0.7549836863173601,0.060849725530107535,0.8578759025457238,-0.3376558348552413,False,False
10.2,1.8941724866587824,0.7635446595987277,0.4901855698852201,0.8458360676784887,-0.30007400978067444,False,False
10.233333333333333,1.1002310723825872,0.7867248552021122,0.42653888956611774,0.8361677067270443,-0.19115104924483795,False,False
10.266666666666666,0.4220183630070724,0.8007202513057087,-0.2931367493384604,0.8332190094996672,-0.07394265029014864,False,False
10.3,0.1293716525765801,0.792324319147404,-0.7705907436492256,0.8324688053095618,-0.02150624169210662,False,False
10.333333333333334,0.09084309175936006,0.7267023335314416,-1.1445196458441877,0.8336850102516667,0.010472063878073099,False,False
10.366666666666667,0.12080438638034352,0.683177191585635,-0.7048817757229685,0.8335753033311634,-0.019441787933775934,False,False
10.4,0.18688011057847612,0.6807730248287269,0.12209066344987378,0.8327158638845689,-0.03401501060354005,False,False
10.433333333333334,0.2450627536665461,0.707968524357874,0.19897619150386844,0.8310222484772972,-0.047656575727619485,False,False
10.466666666666667,0.20772383260185068,0.7140333723640089,-0.1681249634577354,0.8287494738834826,-0.03677277961892578,False,False
10.5,0.08492847227263764,0.6972712743172592,-0.5024216274018596,0.8282104396117825,-0.01939919168468293,False,False
10.533333333333333,0.04500418068157784,0.6651406133626699,-0.8199079792568935,0.8278055016925255,-0.00044847981695868923,False,False
10.566666666666666,0.05320992756955752,0.6387583103003612,-0.44220230190021065,0.8284685154368312,0.0006431246202606773,False,False
10.6,0.07362867984791699,0.6300117561852646,-0.32704909643612806,0.8282240611430058,-0.013046636311601386,False,False
10.633333333333333,0.09232480675558911,0.6220901776789566,-0.09903295358110305,0.8278847371669769,-0.022787309611910143,False,False
10.666666666666666,0.13285638539103356,0.6273252140571479,0.0321513373292221,0.8262424991949165,-0.03221678497126637,False,False
10.7,0.09935105842040645,0.6202770339822937,0.08914284526175115,0.8253736888585298,-0.0248323688884172,False,False
10.733333333333333,0.1110192459803324,0.6337793436320284,0.2694084828006599,0.8247079151912412,-0.025976951774457538,False,False
10.766666666666666,0.11110825163191461,0.6392746635652341,0.38160647675692294,0.8239797749422613,-0.023646598546699194,False,False
10.8,0.15920733595360126,0.6589213192623783,0.5008496201801199,0.8228959640283681,-0.02585736276341173,False,False
10.833333333333334,0.1356424829647825,0.6770004805999521,0.30371585798553996,0.8220000883881994,-0.016931957404082987,False,False
10.866666666666667,0.17913393591772803,0.6916421679399116,-0.06077259391047872,0.8215480278091313,0.007618818451779645,False,False
10.9,0.2526470230141518,0.673932529651942,-0.47152217287690573,0.8217478066424159,0.05816021133942666,False,False
10.933333333333334,0.5947419170549687,0.6364532838863348,0.1636878475983768,0.824508052966667,0.12992731848629777,False,False
10.966666666666667,0.9044483967547775,0.6591637056868249,0.6161713629242908,0.8309836545027836,0.16424052754508245,False,False
11.0,1.1915961176752612,0.708994744833634,0.8691622800426221,0.8378781355596286,0.15187672419417275,False,False
11.033333333333333,1.4160685362834982,0.7497941330762218,0.24529703382342347,0.8429664214981561,0.04649635148233763,False,False
11.066666666666666,1.6926830399845727,0.7055980353877404,0.19524109590665462,0.8429791643537179,-0.13871967387466635,False,False
11.1,2.2499392682206962,0.7312149547040777,0.10675606527073396,0.8346194596136864,-0.28117536675687577,False,False
11.133333333333333,3.006006842255168,0.7235507252823318,1.2767689380878553,0.821402201069739,-0.4312118570001236,False,False
11.166666666666666,4.304296479338815,0.803313775029351,1.8729750556589635,0.8083395581781828,-0.7404754059331327,False,False
11.2,5.790540843067798,0.8655008788209786,1.2420496185986665,0.7807508599426619,-1.1156394142029393,False,False
11.233333333333333,7.206367128991224,0.9359823984669414,1.2800670396229767,0.732055016340485,-1.4999490497714085,False,False
11.266666666666666,8.018197715603025,0.9203412017737115,-0.04505455961330493,0.6724747028321325,-1.7575588053495477,False,False
11.3,8.057544165436736,0.926554211088593,-0.3775234226799964,0.6133396926738126,-1.8123726701404201,False,False
11.333333333333334,7.8730238338657665,0.9049572424731163,-0.3191432193763369,0.550487620595173,-1.8196842797674575,False,False
11.366666666666667,7.475343773630623,0.8790879134781792,-0.35510502603408983,0.4884188864913703,-1.7550581204274525,False,False
11.4,6.926481673471612,0.867049675429777,0.6977897820642043,0.4323800787589268,-1.6448567074277112,False,False
11.433333333333334,6.379507803389409,0.9249887742719347,1.3161932829211784,0.3800890241024128,-1.5298098634625916,False,False
11.466666666666667,5.778286269755256,0.9765967751758876,1.4963409283130147,0.3299011205014383,-1.4080421410415114,False,False
11.5,5.145335389759766,1.0410732881195122,1.4169317547557225,0.28451895642250585,-1.2657011892382088,False,False
11.533333333333333,4.595385365714928,1.0695040614133184,0.47921062557062355,0.24627181848367355,-1.1435623812129494,False,False
11.566666666666666,4.142552217124124,1.0893491096695855,-0.14168561991659115,0.21032015216640854,-1.038068358429736,False,False
11.6,3.7398635256738313,1.0462852361314898,-0.24767553186778501,0.17625224341994158,-0.9348433318354931,False,False
11.633333333333333,3.5417688297036767,1.0369279435870444,-0.19084355733507785,0.1464500842377591,-0.8148028472278668,False,False
11.666666666666666,3.083815381777979,1.05424794496038,-0.3101530505669114,0.12213947591857732,-0.6406516314258027,False,False
11.7,2.5073448124667856,1.0520306142970806,-0.8374756676568808,0.103332506165096,-0.4980455462670886,False,False
11.733333333333333,1.5384660149948723,0.9828936819207148,-1.7143200014096562,0.08887184694610167,-0.3211665011785654,False,True
11.766666666666666,0.6167226622717744,0.9171477884269189,-1.7707340330298722,0.0816157689706205,-0.15195869596677689,False,False
11.8,0.33757361089015,0.847825018167474,-0.666661979209138,0.0793046044868657,-0.02078204216175475,False,True
11.833333333333334,0.3716665931293516,0.8506107588232003,0.10618133921407202,0.08279867196209832,0.04137397604383026,False,False
11.866666666666667,0.12967389388044345,0.8864447847693177,0.35857684735589124,0.08471463378258705,0.01066603264779902,False,False
11.9,0.1694363830767947,0.9100669182540916,0.2840568421965986,0.0842994734496358,-0.03126315005533745,False,True
11.933333333333334,0.44625784368648586,0.8827923062956888,-0.26912557585444924,0.08130439720392961,-0.07084734447171016,False,False
11.966666666666667,0.1401696824121035,0.8708013935695494,0.5757715002382368,0.07766739576672993,0.01929054027572319,False,True
12.0,0.36453472465514114,0.9168899113655721,0.798826094762654,0.08062943370148283,0.05806196747302812,False,False
12.033333333333333,0.19846184566591107,0.9607096810628967,0.35904082739055126,0.08532533707651017,0.04124797232745906,False,False
12.066666666666666,0.32399037023731414,0.957314607070303,0.17170497353441916,0.08600409782929894,0.04501222094675388,False,True
12.1,0.09031198425248872,0.9330277289870905,-0.429790367397023,0.08423771485254526,-0.021290857221647072,False,False
12.133333333333333,0.1118663016025419,0.9354475731602068,-0.43899740773146234,0.08546441493703977,-0.02354616366840039,False,False
12.166666666666666,0.26962861390253196,0.9161996951191629,0.01735589015279243,0.08452467348513892,-0.0010965815116654744,False,True
12.2,0.12956529189954696,0.9026227522609731,0.10831616237417734,0.08162737659693092,0.02833669745735898,False,False
12.233333333333333,0.5589023227380183,0.9320427158113271,0.42323508394356074,0.08497940743985588,0.1166168912700972,False,False
12.266666666666666,0.6091601228210958,0.9575312770179139,0.7147878966385423,0.09266454840327236,0.12627699057576808,False,False
12.3,0.30062265134462307,0.9667360044956887,0.21405246539510359,0.09622786392975763,0.07485603982944637,False,False
12.333333333333334,0.22803822496840737,0.9793063669588615,-0.09081935020605385,0.09630534945360836,0.03197056308949822,False,False
12.366666666666667,0.12776634887781657,0.9686802255179677,-0.041150755039454735,0.09619893322850134,0.02776270712419216,False,False
12.4,0.18638175828056225,0.952490741301064,-0.25303427531728,0.09878426099945492,0.03799721422377862,False,False
12.433333333333334,0.17138054080231171,0.9555787227166348,-0.1030979568220694,0.09990069204478794,0.01847720430398095,False,False
12.466666666666667,0.004869332170293245,0.9570841938898363,0.09406832217371068,0.09973114816084308,-0.001060838185200635,False,False
12.5,0.0840311033227995,0.9508511258809476,-0.09166867887558976,0.09920437576483072,-0.018835073438975065,False,False
12.533333333333333,0.07861419106874426,0.9497473963369354,0.3645215949156308,0.09837411224186086,0.007641375683514308,False,False
12.566666666666666,0.16551227653261744,0.974007067563015,0.3848055533225898,0.09931603661828049,-0.01046500011170167,False,False
12.6,0.03963460493241645,0.9897005007534521,0.050502107477316184,0.09850613269812737,0.009004625375078689,False,False
12.633333333333333,0.08638718818319593,0.9889126460812626,-0.13033677799150206,0.09920847471349772,0.021209767997665104,False,False
12.666666666666666,0.10023258021808139,0.959765465937596,-0.2834280047381456,0.10001904288519017,-0.02501657204655584,False,False
12.7,0.08766371564443416,0.9578133215998481,0.12620421832547998,0.0993465378191348,0.011518958138880809,False,False
12.733333333333333,0.0342562478927654,0.9788675875026351,0.17365591141572756,0.09819120903246192,-0.00263784786010867,False,False
12.766666666666666,0.03218982785152491,0.9828780731232717,0.1602514941624737,0.09911543068008262,0.00393391568053312,False,False
12.8,0.09216636001118432,0.9810182833495801,0.048337497220284895,0.10087619666167419,0.019968248296524535,False,False
12.833333333333334,0.24978861179429673,0.9823708268387982,-0.1244385048970811,0.09970675965359177,-0.03909526297129715,False,False
12.866666666666667,0.08801960529123054,0.9819807098879286,0.043343582880057636,0.09753657767149493,0.00027354690555420383,False,False
12.9,0.03790684199848479,0.9740457395993598,0.08589971632031078,0.09879954347965812,-0.005507789690252315,False,False
12.933333333333334,0.058559945548795726,0.985738643044638,0.004073859519164729,0.09834432040581084,0.012153544186854204,False,False
12.966666666666667,0.14046644013806653,0.9945966689803709,-0.18646327675260838,0.10001380550939012,0.007828613489213394,False,False
13.0,0.12307691783495704,0.9652280488609747,0.030891122883985354,0.09841311128430971,-0.025976691921883257,False,False
13.033333333333333,0.1229577117591713,0.9698008168545758,0.012350366923850305,0.09846775861898521,0.015394601355295573,False,False
13.066666666666666,0.07356571665511817,0.9887560024437498,0.13116386397330346,0.09795222200157919,0.015096590427541851,False,False
13.1,0.12548274588504038,0.9981443464039927,-0.16714715830048846,0.10108675601154983,-0.023088355375531035,False,False
13.133333333333333,0.03617287623470181,0.9580118989917893,-0.3937094359285154,0.09834813601710923,-0.006367618438729369,False,False
13.166666666666666,0.16053536920756392,0.9612788268224174,-0.3371169620445135,0.09718701762829048,-0.03551784838965542,False,False
13.2,0.07899221524814075,0.944923521205652,-0.0206736102596724,0.09564599770044477,0.012321967852384525,False,False
13.233333333333333,0.19705789256551712,0.9568986868243805,-0.05542508495026913,0.09953708076190058,0.048690054047455564,False,False
13.266666666666666,0.04705989162205223,0.9404237600429626,0.09086541616031076,0.09918283394118932,-0.01180013879519808,False,False
13.299999999999999,0.10456341822788576,0.9656060841946604,0.15839232889923702,0.1001367181438033,-0.016752833624657095,False,False
13.333333333333334,0.15242735614025715,0.9545640210422226,-0.03214728555585252,0.09656152754023822,-0.03651493648613886,False,False
13.366666666666667,0.08528599405523943,0.9662440794886458,0.038767516324359104,0.09633997039416732,-0.021339629271261585,False,False
13.4,0.10491744838173678,0.946095581539793,0.09624867318320633,0.0958167890529071,0.021021627207057466,False,False
13.433333333333334,0.141587304895529,0.9709634474186809,0.2390757710183915,0.09785076249632003,0.019937773018251122,False,False
13.466666666666667,0.09132051237870473,0.9766693510858308,-0.02362139763886211,0.09823317695031857,-0.019863116633559434,False,False
13.5,0.1676905708195328,0.9769670905903433,-0.21418842293965407,0.09693599382822547,0.012659168541853933,False,False
13.533333333333333,0.3625778175510909,0.9424446447938594,-0.08511580628139534,0.0956935636657892,0.03745115859140525,False,False
13.566666666666666,0.6089730672600249,0.9579952955762238,0.21787636583345615,0.09971554112240677,0.08050164434941427,False,False
13.6,0.8573434438271613,0.9702118088070634,0.6720910519606471,0.10306857454949332,0.16896761297800283,False,False
13.633333333333333,1.9132204046556736,1.0139382314386953,0.23689154553272213,0.10495487038119329,0.4497451627450555,False,False
13.666666666666666,3.565837035692616,1.0098137264776308,-0.9611350601941325,0.12414690503376445,0.8659087901793534,False,False
13.7,5.201879603977172,0.9650471985088407,-1.9113672978351137,0.16546848138950526,1.2671125048555896,False,True
13.733333333333333,6.542328686786291,0.8409680266249207,-2.0581751636421606,0.21561603393560927,1.6089809927885288,False,True
13.766666666666666,7.286036892132439,0.7782643760400607,-0.7384444225276873,0.27080412822518,1.8192506026644817,False,False
13.799999999999999,7.714763449724616,0.7928327900687719,0.42495991979802955,0.3380882881487277,1.9344581417398543,False,True
13.833333333333334,7.729989710046606,0.8455886276530069,1.240821167508543,0.40823213111581175,1.9357464033893732,False,False
13.866666666666667,7.131381306541511,0.8625813267080421,2.606508543482734,0.46959685773845034,1.7842987339150453,False,False
13.9,6.733304150506739,0.9855068615388857,2.947465457573549,0.5243137768859165,1.676531177269674,False,False
13.933333333333334,6.35899905591207,1.1252236432923626,2.933903748608638,0.5809393765847699,1.5632445472715826,False,False
13.966666666666667,5.915135938546602,1.219769281965532,2.238005378112312,0.6319238050866571,1.39936472163819,False,False
14.0,5.249592352932174,1.2363998198954196,0.3943501366605066,0.6760400014184507,1.160299584962687,False,False
14.033333333333333,4.471036540658098,1.2778179369964766,-1.3053609036656852,0.709100319201772,0.8837989429950437,False,False
14.066666666666666,4.247973678816711,1.1656974409089995,-1.833543835660352,0.7351038313777848,0.6517512631764543,False,False
14.1,4.447122010288295,1.0458943143393407,-0.7459942965259169,0.7514987078264469,0.41955544086158036,False,False
14.133333333333333,4.715133120155401,1.0772150206112177,0.2704100700582233,0.7632606893962274,0.15698334815564152,False,False
14.166666666666666,5.004445892324669,1.200206772868065,-0.6448089729785969,0.7649086794050508,-0.16345491099280385,False,False
14.2,4.806988508379883,1.1089761433085517,-3.627790728501874,0.7506745566525355,-0.2970766119698061,False,False
14.233333333333333,4.244403515709495,0.8724550262254765,-5.308334977230379,0.7349600038371904,-0.3079490664670257,False,False
14.266666666666666,3.4275186359256495,0.6639550508975977,-4.240957653294167,0.7279299623510886,-0.2046788544557662,False,False
14.299999999999999,2.4384743291864828,0.5902324831982284,-2.636810913905831,0.7259842107709504,-0.06783805975169452,False,False
14.333333333333334,1.6957881319646084,0.5294677951173842,-1.7415128253745595,0.7221285659631581,-0.053546629246342084,False,False
14.366666666666667,1.0243044538924586,0.47882168892552524,-1.3020878862735554,0.7218413547196895,0.011985771534878729,False,False
14.4,0.5243225885943803,0.42603039099507756,-0.8291062318249051,0.7245527017761879,0.059247004563021774,False,False
14.433333333333334,0.2383573952676137,0.4276587875698476,-0.02369549884148544,0.726197335216898,0.05879546837695278,False,False
14.466666666666667,0.3917247143688713,0.4345338364943904,0.1761892889648451,0.7287108299492514,0.059186818321901855,False,False
14.5,0.3578471440394275,0.44940597113356145,0.3176252743597118,0.7305444051875386,0.040175822000811705,False,False
14.533333333333333,0.27274778852527115,0.4547602188746429,0.23099192839900534,0.731599045319712,0.026638630419637672,False,False
14.566666666666666,0.2100445987033052,0.4627640557437379,0.2870047675207293,0.7318961396411776,0.01216547026138011,False,False
14.6,0.2195064777527067,0.47265599515311973,0.4152010720173459,0.7319560081299208,0.026657411247182006,False,False
14.633333333333333,0.25205424190307874,0.49185589471565133,0.29566025609679614,0.73344648926309,0.02630642583497298,False,False
14.666666666666666,0.3172055449417861,0.5035660323526874,0.017852933355920853,0.7342906080055105,0.03563599292689899,False,False
14.7,0.3278520319639225,0.49374106197643164,-0.12962236641929772,0.7358097675042197,0.030412946774454042,False,False
14.733333333333333,0.3367899311793112,0.4792971601247289,-0.18074529309713058,0.7362737709900307,0.017199233795636558,False,False
14.766666666666666,0.2906697311475718,0.4811162575642926,-0.08057130953070425,0.7371329948455414,0.029908417547189797,False,False
14.799999999999999,0.030422564535927215,0.4834140062957382,-0.030340986295069462,0.7379547398395183,0.0003096038747393938,False,False
14.833333333333334,0.3150676514085769,0.4758181421168783,-0.060778730973460406,0.73803911892118,-0.005785072244892216,False,False
14.866666666666667,0.42846670405003995,0.47314834430544145,0.05926402341798928,0.7376052590373551,-0.043869936589711285,False,False
14.9,0.3278274061370531,0.4695916481241997,1.0178714796396209,0.7350936516781476,-0.08194597466827576,False,False
14.933333333333334,0.5374954539767792,0.5237861040347971,1.5864218950045763,0.7317577721857342,-0.06295100959816369,False,False
14.966666666666667,1.211244794595556,0.5838620243805707,3.0760674403022867,0.7283353720254758,-0.0019349131208750772,False,False
15.0,1.3254518739302936,0.7271335630181254,3.527787249181334,0.7303428382227685,0.09653324257468555,False,False
15.033333333333333,1.3065856475087945,0.8398764284242024,3.8329182400669017,0.7367474634724408,0.13906626199261204,False,False
15.066666666666666,1.5126350417886623,0.9929114008634476,4.241040318967015,0.7412649782894306,0.19857048510572253,False,False
15.1,1.3711180570497419,1.1283779284520827,2.3007752497446696,0.7476905685379939,0.23325331692445436,False,False
15.133333333333333,1.407151214903177,1.2008775988373024,1.7799135092263976,0.757785449704638,0.21398634100072494,False,False
15.166666666666666,1.1558487687972612,1.1954159128246191,1.1220426508123522,0.7663687955390919,0.18122009414052667,False,False
15.2,0.6945767004268093,1.2221675646724501,1.142146915874937,0.7683105328184806,0.12498566275299589,False,False
15.233333333333333,0.7108467343524054,1.3250120886759833,1.236168118694022,0.7709257356335482,0.1547089592133854,False,False
15.266666666666666,1.1250015211171402,1.3388808644891341,-0.07099932500233914,0.7778226641979201,0.275884043512771,False,False
15.299999999999999,1.4242048319047818,1.3137678363557166,-2.2020997554833914,0.7897465649997949,0.3295743726020516,False,False
15.333333333333334,1.3050097058149077,1.190011863949551,-2.763755089566843,0.8028042146131851,0.30220382429976084,False,False
15.366666666666667,1.0203299210834642,1.0721625403992188,-2.143867659784483,0.8125350988659836,0.23822093264351923,False,False
15.4,0.6194926746431184,1.0123777440174482,-1.6627453854525949,0.8172016644110218,0.15365681493434366,False,False
15.433333333333334,0.5238244970170599,1.0200914275834883,-0.8779427383602864,0.8214035611879057,0.12388632655551127,False,False
15.466666666666667,0.5666751254871328,0.9709977107667132,-1.5922306825611527,0.8253741260381238,0.1266571827779045,False,False
15.5,0.2914144629106629,0.887075656660189,-1.4466624374710746,0.8304114455126241,0.047677153139886595,False,False
15.533333333333333,0.2797459547083094,0.853296890483744,-0.8671041227113636,0.8303001082285327,0.018154120997714213,False,False
15.566666666666666,0.17338843629724113,0.8410112261059042,-0.5020074817311305,0.8294340682358021,-0.009015447010836718,False,False
15.6,0.3928369181498853,0.8444148059309405,-0.6429806150414201,0.8270989920133937,0.044330580478456026,False,False
15.633333333333333,0.38274058616603973,0.8025018770000267,-1.2073480411237245,0.8331535468019363,0.07126609698131507,False,False
15.666666666666666,0.47521955667630933,0.7482792498442739,-0.914812723807554,0.8337769905157949,0.10849159167232102,False,False
15.7,0.6606571495165817,0.7195726459773366,-0.7053597013328771,0.8385650600287673,0.15124597874972442,False,False
15.733333333333333,0.4416874762538097,0.7171584088003692,-0.3813182380937062,0.843768775602032,0.10421559444500979,False,False
15.766666666666666,0.4739843251308949,0.7067256615996514,-0.18064959947141088,0.8504889041577041,0.07343570081431966,False,False
15.799999999999999,0.572346759692158,0.6887495883888438,-0.173307073508234,0.8492424394563445,-0.11912580857910778,False,False
15.833333333333334,0.7601476873544509,0.7037406928972295,-0.4342771787353828,0.8409873920571119,-0.15589267422343359,False,False
15.866666666666667,0.7946661145671903,0.6804913399738639,-0.38929356884005034,0.8348268350974132,-0.15060097785242293,False,False
15.9,0.8303733975580022,0.653915507828123,-0.5449075242243373,0.8306555410495944,-0.14285309700968482,False,False
15.933333333333334,0.9466346499390135,0.6430064151079248,-1.0035250213412654,0.828501102079019,-0.11575441584127054,False,False
15.966666666666667,1.0098330813411753,0.6182485489057123,-0.9283840362137807,0.822094216238488,-0.17510682065883956,False,False
16.0,0.9756167528641494,0.5522620912818321,-0.9661234897863862,0.8163552754715435,-0.18452484038936637,False,False
16.03333333333333,0.7396789033291808,0.525573152366782,-0.4345131759573108,0.8099038905656812,-0.17281644651080658,False,False
16.066666666666666,0.4745348554664922,0.5451925782272139,0.16784385771298788,0.8031306512267402,-0.11898645683604671,False,False
16.1,0.13608026494445905,0.5518310904749187,0.1696792245625765,0.8003274205471009,-0.03169401817224601,False,False
16.133333333333333,0.06871058734617617,0.5501822581101568,0.08446336614682022,0.802216582068883,0.01711138175603083,False,False
16.166666666666668,0.16901322376036365,0.5591627066561038,-0.12064991890442847,0.804003970552482,0.03070353133023077,False,False
16.2,0.0977489430496774,0.5506994934851985,-0.13519152798219955,0.8042510765758568,0.004879981458915542,False,False
16.233333333333334,0.11411525973747852,0.5392342148803149,-0.19259669220008885,0.8035972422793677,-0.0064486804328311486,False,False
16.266666666666666,0.13095585787561906,0.5327300205681678,-0.18438129570555323,0.8039234211513425,0.0023180038874979496,False,False
16.3,0.05364736040586671,0.53500055356572,0.0712596367758093,0.8038068655630414,-0.013188823278541515,False,False
16.333333333333332,0.058524377102858904,0.5335927995949783,-0.0493373177202005,0.8032024535270086,-0.004227842451219653,False,False
16.366666666666667,0.08177692989046405,0.535454507478277,-0.10409090090244562,0.8030862937837475,-0.014927077522107758,False,False
16.4,0.03799189391828436,0.5271107419101054,0.15093922457602152,0.802421961997788,-0.00841722795630494,False,False
16.433333333333334,0.030135611192109023,0.5344476945371602,0.010871703169963306,0.8023983282298831,0.003936585866908694,False,False
16.466666666666665,0.0402751217828046,0.5410479817262988,0.045158503134333706,0.8021549552588786,0.009971923898984693,False,False
16.5,0.02351134883132218,0.5405513289694548,0.10550723175773295,0.8037833609756677,0.004003713632656907,False,False
16.53333333333333,0.0900276082263424,0.5337853002300437,-0.11037158796338457,0.8030230348167872,0.00613475128300237,False,False
16.566666666666666,0.10566399674164823,0.5424748960256035,0.018440018985508556,0.8028415009022609,0.02177295385275119,False,False
16.6,0.2546995039214929,0.5370509742861023,0.03765717522795735,0.803579540883641,0.06114244548209612,False,False
16.633333333333333,0.6434026751909486,0.5310224467287948,0.26085172310254107,0.8070891637772886,0.13760123680654507,False,False
16.666666666666668,1.3144931575550511,0.5493881720214113,0.7495639159331934,0.8116593525604268,0.22462542640523603,False,False
16.7,2.67097851199337,0.5981953583466738,0.2763698266960321,0.8192586712984304,0.4690435391808922,False,False
16.733333333333334,4.278274282980379,0.6083460111736161,-0.98294660783068,0.8385513391240902,0.7643554346925002,False,False
16.766666666666666,6.042466753858757,0.5306256414359146,-1.664034805907236,0.8715918361763464,1.0198289986137707,False,False
16.8,7.496344878627757,0.43491761266563883,-1.4923753637045958,0.9125874434466366,1.1655850552690976,False,False
16.833333333333332,8.408408513501747,0.4099487775387628,-0.3599336753118735,0.9517112057774059,1.166808347992713,False,True
16.866666666666667,8.442460761069393,0.4313959520455592,1.0404733306591232,0.9909963019523009,1.1118505975797366,False,True
16.9,7.524648524303167,0.4697704952503829,2.1999208683146994,1.0289574003135848,0.9419280474352385,False,False
16.933333333333334,6.336688548947407,0.5800752889670142,2.4935422151145756,1.057595283214938,0.7156816535137469,False,False
16.966666666666665,5.3034931041695454,0.6910467863783096,2.081576701170711,1.0755963850366965,0.4779860328381654,False,False
17.0,4.176668207088184,0.7433663490291863,0.6329915212670506,1.0868212849695191,0.283221816910826,False,False
17.03333333333333,2.680057983987797,0.7106779188359886,-0.47689136932265386,1.0946301149703082,0.142273266298259,False,False
17.066666666666666,1.3286340153779506,0.6839907869658158,-0.44902342981066334,1.0960634659457795,0.01132583335790295,False,False
17.1,,,,,,True,False
17.133333333333333,,,,,,True,False
17.166666666666668,,,,,,True,False
17.2,,,,,,True,False
17.233333333333334,,,,,,True,False
17.266666666666666,,,,,,True,False
17.3,0.42164983976479453,0.702667952012009,0.6557011596909814,1.0736781565205855,-0.0657878920096632,False,False
17.333333333333332,0.5516977161286445,0.7320979907881389,1.0680149985521987,1.0718644324490056,-0.032653207408732426,False,False
17.366666666666667,0.520558696041791,0.7884359206487074,0.797030975140462,1.0725755064608542,-0.06563535632201173,False,False
17.4,0.42154532471804085,0.812044578497045,0.16825791994249412,1.069371687363962,-0.06662113861850448,False,False
17.433333333333334,0.5295062625864648,0.784173277780799,0.3023959997899863,1.0663005631765479,-0.0995655658649594,False,False
17.466666666666665,0.5985797697001494,0.7746083526538481,1.4566216172874658,1.0610729857453742,-0.03064598263920039,False,False
17.5,0.7308164924152771,0.8886354072394111,1.7123683490851809,1.0635440381420713,0.0350193370216982,False,False
17.53333333333333,0.5706180054504963,0.9715066956307796,1.3264659097742317,1.0652418576053981,0.020342114262708776,False,False
17.566666666666666,0.6827964466202738,0.9760988877262574,0.20714005289806076,1.0673816985404192,0.03520301157667843,False,False
17.6,0.6485418284069648,0.9219569146331724,0.36243099044040333,1.0657807887186928,-0.037056964219867886,False,False
17.633333333333333,0.9543308682436652,0.9799851996449184,1.556769751393036,1.0642231035987548,0.031207824484226352,False,False
17.666666666666668,1.1328126783198855,1.0712808657056505,0.6627360974916,1.0664210070792806,0.063322125854703,False,False
17.7,1.1779651242676528,1.0974194879913401,-1.003556749368795,1.0703911256653866,0.013634432338226008,False,False
17.733333333333334,1.630285694735205,0.9761256959739283,-2.296089215868813,1.0724299843131373,-0.10607309259033511,False,False
17.766666666666666,2.4795863976064947,0.859257224631865,-1.9956146131344825,1.0643666943559904,-0.34531546436837646,False,False
17.8,3.418871681561873,0.8347689513874816,-0.7790805509079529,1.0486296248690516,-0.5348752614423972,False,False
17.833333333333332,4.128279510828017,0.8595859791831553,-1.0097734484018244,1.02690326837659,-0.6570528891312941,False,False
17.866666666666667,4.412052852891113,0.7988839457332056,-1.744836711199457,1.001974537364224,-0.6912589405457586,False,False
17.9,4.556778037033302,0.7172561521152044,-2.626053702172999,0.9788914067620504,-0.6663228544169221,False,False
17.933333333333334,4.463787433466209,0.6036909347739629,-2.49463097119707,0.9576003450528867,-0.6232969655360961,False,False
17.966666666666665,3.9501871772898536,0.5320144653572227,-1.0673069087759013,0.9375476142060197,-0.5690077207220245,False,False
18.0,3.4277431778662324,0.5168271972755819,-0.9374164741499047,0.9190909732407253,-0.5331972699420111,False,False
18.03333333333333,2.6767922254264356,0.5176554972176118,-0.13793190700357477,0.9016309497827657,-0.4279711696114876,False,False
18.066666666666666,1.9765808286901354,0.5004444402240856,0.09146752460745322,0.8889398957593428,-0.32275508677414677,False,False
18.1,1.4513934186523858,0.49786127851488354,-0.1339834533147522,0.880250970389938,-0.21391888830036815,False,False
18.133333333333333,0.8236475010187982,0.5245375497352278,0.5211439880724001,0.8763537551720733,-0.1234039098710624,False,False
18.166666666666668,0.4498565193199429,0.5237818018864351,0.557038229231751,0.8725955385806363,-0.09587814596803754,False,False
18.2,0.293127465422066,0.5476833632168161,0.3399579173086472,0.8706000530593496,-0.06399277057716372,False,False
18.233333333333334,0.3520343178788768,0.5787852921614705,0.2601566133688021,0.8685694451554552,-0.05989098695236157,False,False
18.266666666666666,0.6490450038014485,0.5676967189013735,-0.27220042084433754,0.8669730653098998,-0.06473676151438663,False,False
18.3,1.022349656576328,0.5370881378995184,-0.4436984041600253,0.8646417862001793,-0.07471500393223339,False,False
18.333333333333332,1.1349733235407942,0.5289772281548397,0.15223572158184046,0.8621810512110575,-0.11447464872772847,False,False
18.366666666666667,1.3114930313913953,0.5399622956711614,0.8184855631246643,0.857840169843259,-0.16156991098562576,False,False
18.4,1.541881722670652,0.589314277148487,1.020193546361151,0.8515478777883714,-0.21127287528172758,False,False
18.433333333333334,1.7022769667811013,0.6313608536327238,1.0606135175363354,0.8429417219659813,-0.25267235483633116,False,False
18.466666666666665,1.947114050232602,0.6609105110491116,0.7109780325215758,0.834267106607394,-0.2642855765288059,False,False
18.5,2.044389008483315,0.6761861900067346,0.07480322843343526,0.8251910391835885,-0.2822077694846605,False,False
18.53333333333333,1.9622476195843765,0.6796912272097817,-0.3449243222408653,0.8155180173093466,-0.2825017580833906,False,False
18.566666666666666,1.5200053918371956,0.6438612503322619,-0.7048665498818816,0.8053860557893714,-0.24853958623125455,False,False
18.6,0.8800426455929273,0.6079102952122645,-0.34441448049448614,0.7973237331839489,-0.1803365837020617,False,False
18.633333333333333,0.44138341181641355,0.6127101753176496,0.12925142611015658,0.7933086529833631,-0.10896960789631681,False,False
18.666666666666668,0.17644219910886288,0.6362860336470689,0.21943294591981485,0.7910269359974533,-0.03235753602918991,False,False
18.7,0.0972557899891423,0.6397325083629556,0.23322625217398768,0.7911829086032081,-0.005123132880842807,False,False
18.733333333333334,0.07998479891409335,0.6362059637849479,0.11130009716974774,0.791561649986196,0.01835312690940111,False,False
18.766666666666666,0.0548768465357934,0.6467486981001689,0.135402025631856,0.7931885864506583,0.013610552775641003,False,False
18.8,0.17996773181933437,0.6569888637242112,0.19101596972965337,0.7927185820242443,-0.01830567844120606,False,False
18.833333333333332,0.0889652539326871,0.6535867310287993,0.04611907618747012,0.7920999603115749,-0.02224684843519126,False,False
18.866666666666667,0.19076630151531396,0.6579228337688044,-0.062303912796494394,0.790490549884145,-0.0435515653696825,False,False
18.9,0.2882328761763278,0.6588019642669066,-0.23562994940269136,0.7893948624242313,-0.043563195732000314,False,False
18.933333333333334,0.25153932538115464,0.6394474677576161,-0.25675041410950356,0.7875432108917462,-0.034772296657305204,False,False
18.966666666666665,0.13760719078316172,0.6288331296907255,-0.27818285970334516,0.7861209700628388,-0.01622052667535009,False,False
19.0,0.09249238665547783,0.6228951607921409,0.05297998161790123,0.7861872404784044,0.023191552399405794,False,False
19.03333333333333,0.30869976663198806,0.6292443073483698,0.4925454092064858,0.7878872027017171,0.05831904591632116,False,False
19.066666666666666,0.5278254189484709,0.6501670336186505,0.6496596796668309,0.7901636790678795,0.08933425586099435,False,False
19.1,0.7456317343616278,0.6811178004387307,1.2653896557240958,0.794175251485011,0.09382330305898887,False,False
19.133333333333333,0.878456513536634,0.7305159091441127,1.3111404867490775,0.7979240088817272,0.04994979773282047,False,False
19.166666666666668,1.167505374454436,0.7815147734476301,1.05005336855423,0.7988066813105029,-0.005492493639874074,False,False
19.2,1.5785516953633578,0.8274655662854314,0.1171171670383517,0.7966260824372148,-0.06743044411096082,False,False
19.233333333333334,1.9539462668733945,0.7789555219153996,0.15606487791987186,0.7942511333672624,-0.1547543253972407,False,False
19.266666666666666,2.4926946151586247,0.7852750438020124,0.4334308232729997,0.7885571878404777,-0.2579212729425988,False,False
19.3,3.0922176909392785,0.8138585547130543,1.2491098325770078,0.7770400442324664,-0.3667796454771315,False,False
19.333333333333332,4.01768714581499,0.90901540867337,1.0295945584224782,0.7644490141364467,-0.6254764186230471,False,False
19.366666666666667,4.830793394457562,0.906145814144568,-0.45990752640762245,0.7404569694745109,-0.8478768797688077,False,False
19.4,5.550014342524677,0.875350518686528,-0.9775897562205651,0.7059918453359315,-1.0850896083918231,False,False
19.433333333333334,6.020446566651883,0.7931939631378068,-1.0224407136058316,0.6634860104077148,-1.2853368388550093,False,False
19.466666666666665,6.13524574693001,0.7769665143527498,0.6980745839538205,0.621593447699019,-1.3623463521348025,False,False
19.5,6.410925544828805,0.8310766420517551,2.246298325086673,0.5723110121570444,-1.5012814530015255,False,False
19.53333333333333,6.333553686081524,0.9472283361248107,3.4714351952142035,0.5192536443023782,-1.5185472100093773,False,False
19.566666666666666,6.048086821187576,1.1003794475388653,2.96735600233943,0.4676867568877213,-1.4576581114484441,False,False
19.6,5.653934500315631,1.189067269017466,1.5553578133853119,0.42082343112134746,-1.3627626675216291,False,False
19.633333333333333,5.379711542309521,1.2011087874019968,0.3092782301415151,0.3785246862999581,-1.273920417331635,False,False
19.666666666666668,5.429216295130751,1.1704590348548767,-0.7028797957546651,0.3373067259184066,-1.2731319302838298,False,False
19.7,5.422294666138598,1.1575744083417685,-1.1572263548609494,0.2944583349374467,-1.2557284260305432,False,False
19.733333333333334,5.506616242811116,1.1043608054867347,-1.4769801072803783,0.25269499525752037,-1.2589341693796885,False,False
19.766666666666666,5.393245842922972,1.040628248701986,-2.039258116274747,0.2103254983424572,-1.234784665339465,False,False
19.8,4.796336966117928,0.9491939477656727,-0.8709403464070028,0.16964981948112148,-1.1422479969132038,False,False
19.833333333333332,4.182200231279788,0.9482554008081261,0.2929190954799062,0.13172668086272318,-1.0483164053267446,False,False
19.866666666666667,4.245860842207923,0.9949862564955937,0.44556350012621665,0.10132765244513417,-0.999536153802268,False,False
19.9,4.468011368929991,1.0404245031074997,0.40915699160446173,0.0680972816062251,-0.9255605499115239,False,False
19.933333333333334,3.5648165229144,0.9976810281513969,-0.4159096786858281,0.03363781829834571,-0.6694289721476668,False,False
19.966666666666665,2.0558031228799303,0.9809984857313212,-0.24208047653660303,0.01544241209541238,-0.36334420578895416,False,False
20.0,0.7051187349899237,0.9914018541164333,0.19673982229957243,0.014781544559503722,-0.048365726297181034,False,False
20.03333333333333,0.2960101818260951,1.004764781885396,0.05832579258066552,0.01937667184767143,0.06584352061961597,False,False
20.066666666666666,0.16604991942400685,0.9986244295475276,-0.10210852722886446,0.019754854473532025,0.03946215886084134,False,False
20.1,0.2899688568086071,0.9963824251295408,-0.378547416520552,0.022017738181314615,0.06650454655059554,False,False
20.133333333333333,0.13554965673979585,0.9771750526048143,-0.7669827134211787,0.024974223508542778,-0.004547952920799485,False,False
20.166666666666668,0.1664527042006563,0.940028216169615,-0.39750498903109155,0.02376171737234125,-0.03895870269168549,False,False
20.2,0.15742608762917992,0.9252015362739919,-0.23633662828624175,0.02008724317376491,-0.039356997345305726,False,False
20.233333333333334,0.08107257116300244,0.9340789127935152,0.2930607136151741,0.017889943922095867,-0.0029004196720332142,False,False
20.266666666666666,0.13172286563034688,0.9650506864042454,0.06689597033871005,0.02233889414812155,0.004073604497263358,False,False
20.3,0.1951041631069559,0.9417539672113614,-0.1351030930875855,0.021113475548121655,-0.0120414365824593,False,False
20.333333333333332,0.2130714321432016,0.9423508577414971,-0.22183513170077201,0.01876306321891766,-0.01745767892644814,False,False
20.366666666666667,0.22122775925422852,0.9252159608136887,-0.2635009114424387,0.01867434631950667,-0.04862477064194261,False,False
20.4,0.14511618581577335,0.9287500344162326,0.20149812831617853,0.018593801620327786,0.0018607193023356188,False,False
20.433333333333334,0.09814372221649717,0.9228962554593947,0.3566518870639079,0.016879872956733717,-0.023610431537198957,False,False
20.466666666666665,0.25071630680518336,0.9614308317213073,0.481853270125161,0.015553724631905706,0.026521215044326415,False,False
20.5,0.2934220801089425,0.9762528228784529,0.3015256150254188,0.01976343099014677,0.05852683030108319,False,False
20.53333333333333,0.2983818665692051,0.9780101392617951,-0.1539734547727916,0.020601500116598084,0.04662833509598595,False,False
20.566666666666666,0.3072998823343258,0.9558252889988678,-0.22179558552400255,0.02297380455266554,0.04461331679177852,False,False
20.6,0.11717224480825161,0.9611173904651202,-0.2985448221134987,0.02314180066487758,0.006738208541515854,False,False
20.633333333333333,0.11864539494211371,0.9455840395584899,-0.6303793335923128,0.02451760577440768,-0.013954614685711198,False,False
20.666666666666668,0.23176590164838065,0.92061758893793,-0.5705579605852635,0.021952999578483203,-0.034448350029390375,False,False
20.7,0.23511928157636314,0.8853615362704064,-0.4768093578502844,0.020820965612083915,-0.042223268764460774,False,False
20.733333333333334,0.15168874990534506,0.8849705078751862,0.07469767607150654,0.019339640198770734,-0.031123420866616146,False,False
20.766666666666666,0.17847981919046504,0.8967437343626548,0.6114877019567605,0.019121989671895375,-0.01843695309781148,False,False
20.8,0.35930122472174614,0.9216564945577141,1.0614578414693858,0.016923841996666446,0.026946599636564865,False,False
20.833333333333332,0.22797884816749192,0.9766404624301557,0.8129940406978204,0.020354950568225425,0.03821390643372541,False,False
20.866666666666667,0.204518927371228,1.0104270195745648,0.05981576155421173,0.021754655037903494,0.0507239620399457,False,False
20.9,0.25718558387419344,0.9772990223785069,-0.2652655959409044,0.02408574419217264,0.029123396732248612,False,False
20.933333333333334,0.1321871366159105,0.9495784698471791,-0.5091759487561214,0.022814030967347368,-0.013052606865469359,False,False
20.966666666666665,0.07719504333344639,0.9531139402573215,-0.33705070728045544,0.023979842561623825,-0.013316501321510538,False,False
21.0,0.1495786764009324,0.9460013410385447,0.0018640210384688256,0.021457546060689333,-0.03695696716045784,False,False
21.03333333333333,0.2652606107621415,0.926069856173035,0.03730501983286621,0.020347168940354373,0.004555372369117256,False,False
21.066666666666666,0.24975022457695903,0.944593039648065,0.6162790417383596,0.020678367931964172,0.04522526636788212,False,False
21.1,0.1852532660899532,0.997768022291648,-0.05547712296213357,0.0249893212104932,0.02881120399405367,False,False
21.133333333333333,0.25276251653903936,0.963560637512495,-0.32089109769956153,0.024999090038570693,0.016316374124572056,False,False
21.166666666666668,0.3149384986857069,0.9334903291481886,-0.3534226406456598,0.024400718100628552,-0.030099036050090705,False,False
21.2,0.11367224112800604,0.9208847292629331,-0.16095999615349416,0.021961030760957467,-0.027102430403730463,False,False
21.233333333333334,0.3060122586470085,0.9599060427044588,0.26933981039567007,0.022808708074045118,0.016458360873279905,False,False
21.266666666666666,0.06755358628883076,0.9358933886061926,0.08461058080143657,0.02275711392422214,-0.011800834851482481,False,False
21.3,0.06968903731001119,0.9500623678669005,-0.11106188251109664,0.023603787753549075,-0.004327766440886254,False,False
21.333333333333332,0.23051112617914676,0.9434910630350964,0.03561692082961342,0.022248183091142376,-0.039175041254015205,False,False
21.366666666666667,0.31455756229552695,0.9501601029510163,-0.0014832937051024182,0.0203090122603168,-0.052094589008191104,False,False
21.4,0.3101386986110497,0.9320611236185475,-0.06812424644074208,0.018147878601241074,0.002083127487550034,False,False
21.433333333333334,0.2827412192187193,0.9436643081943091,0.8205393057315242,0.018676646359713837,0.049167995043603356,False,False
21.466666666666665,0.11127533557168222,0.9858367506137683,0.11772441675618246,0.023598585551512695,0.0018776887869476977,False,False
21.5,0.15388515556519528,0.9944640840101822,-0.13381891152891545,0.02238677349286406,0.0103384631487735,False,False
21.53333333333333,0.398158818285034,0.9648590783257979,-0.5917381315269524,0.02059804120293631,-0.05478289003760725,False,False
21.566666666666666,0.23713704579296382,0.9125080697414818,-0.5597461083683346,0.018014246576256335,-0.05081713849433,False,False
21.6,0.34189932390276717,0.9305904601648389,0.49053358916490314,0.018643919466563755,0.02563630097873613,False,False
21.633333333333333,0.08127708059187534,0.9531181464215558,0.6507233948308156,0.01717395779350475,0.018402755542718665,False,False
21.666666666666668,0.1525153376605448,0.9990878750880865,-0.08203084118488312,0.021592761560083055,0.03017741284002096,False,False
21.7,0.18352067435572275,0.9663383562955485,-0.2843399101020538,0.021299953674232874,0.04514530504655505,False,False
21.733333333333334,0.33450206736183524,0.9403933253195154,-0.6387489900480395,0.023174576699791824,-0.06199458134631098,False,False
21.766666666666666,0.20506489664081257,0.9126827923849058,-0.260318185875403,0.01823253536848055,-0.01931199444218843,False,False
21.8,0.04984575359400579,0.9350322788031622,0.6456573238199481,0.01919137578374853,-0.0026901530069081887,False,False
21.833333333333332,0.19315745049228172,0.9487384360193948,0.25646790596544955,0.017123022691200574,0.018478323241932746,False,False
21.866666666666667,0.3214994328677865,0.9764725147389854,0.4945819188178235,0.023312167220481808,0.07261730342930153,False,False
21.9,0.23277992102928388,0.984462770721681,-0.20041345109746447,0.022281652867704074,-0.02393483072861111,False,False
21.933333333333334,0.10314458772822924,0.9564343165301327,-0.3673029865150481,0.02234880606681889,-0.009210000166321768,False,False
21.966666666666665,0.036487378121465484,0.9468005568711538,-0.04603992195335133,0.019156665418982335,-0.00911716821867578,False,False
22.0,0.2518424240994379,0.9468731782529537,-0.17164796248243658,0.020620422846527743,0.0407813667211025,False,False
22.03333333333333,0.20397656284476018,0.954946459555339,0.18449838538365818,0.023843247567093977,0.04973812746146481,False,False
22.066666666666666,0.23353187788083332,0.951322415548589,0.021191527597288214,0.025636919818366195,0.00858991076482619,False,False
22.1,0.24092989439735127,0.9509457392531137,0.04381896083564257,0.024043327943228523,-0.02919210360090306,False,False
22.133333333333333,0.2403415247991353,0.9691565150137982,-0.21480569227037655,0.02238866675417356,-0.04070099697810994,False,False
22.166666666666668,0.23668590956146465,0.9405163036755242,-0.32473016903607566,0.021181982891011867,-0.043627008147240194,False,False
22.2,0.053337420836047936,0.9242630523365422,-0.10288294653900462,0.019445736255948812,0.003024585563433768,False,False
22.233333333333334,0.09997795433997966,0.9236266828083626,0.328894004225531,0.020092704016812565,0.010812987394812899,False,False
22.266666666666666,0.17339347763525645,0.9649338005152198,0.5351844145582411,0.02135076859173016,0.03736186412920397,False,False
22.3,0.03783034948151386,0.9781416060820035,-0.13957862298298546,0.023929039480563283,0.007476309134109666,False,False
22.333333333333332,0.0643590143762525,0.960558381272632,-0.5558391860979213,0.02175356306241477,-0.013969787066156418,False,False
22.366666666666667,0.11611183837164231,0.9168069904981765,-0.5719404854176688,0.02153848517451956,0.009818585103867237,False,False
22.4,0.1929318021449111,0.9040408375017267,-0.12179727967070351,0.022559388049356175,-0.04827837520782194,False,False
22.433333333333334,0.08036435418932522,0.918342232955462,0.3521068267145451,0.020943195268927996,-0.02002508903659358,False,False
22.466666666666665,0.018618592193713146,0.9357907415505818,0.6663212610232234,0.01774224229493016,0.001193912243877088,False,False
22.5,0.10476789165315388,0.9648295065908843,0.2724856606772771,0.019429821808825836,0.004574595503115805,False,False
22.53333333333333,0.072197745008908,0.9721373309556887,0.002178589352391379,0.022967605191413616,0.01763477494875909,False,False
22.566666666666666,0.20091652879453345,0.9572618105798507,-0.1305230775935526,0.020685500623959817,-0.04358653057102699,False,False
22.6,0.16248112323352643,0.940200039588369,-0.12990709128378536,0.016849570430587726,-0.03877298916494772,False,False
22.633333333333333,0.2654507357265,0.9518470935790393,0.5035436672522733,0.01675913913060274,0.06496121183416201,False,False
22.666666666666668,0.48010761548189934,0.976604778116667,0.6305573791008674,0.021774873449365992,0.06906421904656657,False,False
22.7,0.9693669100487868,1.0053896257046,0.3434254360684581,0.024230725826027585,0.11231361402242626,False,False
22.733333333333334,1.1485259086382467,1.0091401973144503,0.39114232091788403,0.02710763125173094,0.15966640870194507,False,False
22.766666666666666,1.506736542614388,1.0134326466501595,0.0796042169764209,0.030408960236751364,0.34427111144044775,False,False
22.8,3.01126526794223,1.0362002560712207,-1.1751548049667528,0.04600218033662175,0.7499013122993698,False,False
22.833333333333332,4.7072244099974165,0.9701512488420849,-1.508800485508528,0.07619155166642856,1.178259874679441,False,False
22.866666666666667,6.267748377349286,0.8709697655666074,-1.5803588108930542,0.1272031430911141,1.570821776678498,False,False
22.9,7.2144822974479155,0.8300294634875856,-1.0302381092557624,0.18704734220561128,1.8087067667604109,False,False
22.933333333333334,7.64948395265979,0.8520637921424145,-0.14255120672722768,0.25042468159108733,1.9097608979541933,False,False
22.966666666666665,7.8599702796563955,0.8310994802421153,-0.8255226655773863,0.3153137808579482,1.9420992779215285,False,False
23.0,8.034891860364654,0.7897066908391175,-0.999509815378148,0.3813494318197603,1.9748152599526256,False,False
23.03333333333333,8.086871599562258,0.7453970468029972,-0.1092000372344262,0.44657693790589026,1.9853891493990734,False,False
23.066666666666666,8.002911944724406,0.7388487158006277,1.6644119559646207,0.5139861329102324,1.9473005287082454,False,False
23.1,7.705094085422562,0.8483951433504394,3.435663725692583,0.5800744454496719,1.821371330396134,False,False
23.133333333333333,7.198664559253272,1.021415489998797,3.9124829993388404,0.6387169540011206,1.5987903385139688,False,False
23.166666666666668,6.369457228128647,1.1714002377689305,2.1754805061548983,0.6881420115726633,1.2449446302126086,False,False
23.2,5.615792800436073,1.1977057601028724,-0.47426943812569894,0.7233975864198023,0.9366086719978793,False,False
23.233333333333334,5.25614170735765,1.1225125007087053,-2.713461081350288,0.7478777234193835,0.6648593569889405,False,False
23.266666666666666,5.1927794332159305,0.9797015418316656,-4.120884947359051,0.7647549294638496,0.4344665545872272,False,False
23.3,4.453995295364896,0.8165269859127682,-3.4611022396553386,0.7784770308333464,0.23593427760893743,False,False
23.333333333333332,3.296991535037263,0.7021124728929835,-2.174642091714799,0.7808413468682648,0.036504018173438235,False,False
23.366666666666667,1.9073702291587158,0.673706299615592,-0.9495082769536212,0.7770716716458003,-0.050617144499411855,False,False
23.4,0.8576663765397904,0.687269330621724,-0.3755501670303043,0.7734976158468816,-0.04914239441450395,False,False
23.433333333333334,0.5311797678779253,0.6567649202371272,-0.4173591212733739,0.7739284746152744,0.0021112529435155644,False,False
23.466666666666665,0.33571569443472277,0.6375471546625429,-0.30842455998784757,0.775008425097806,0.009315267254571255,False,False
23.5,0.2697540875294309,0.6423579870963884,-0.2167676167525632,0.7749993435549025,-0.004542954879976623,False,False
23.53333333333333,0.3681655913041465,0.6428283155858688,-0.29358224590224385,0.7746692782014606,-0.027294676596355698,False,False
23.566666666666666,0.37952512328233917,0.6192769158549797,-0.7796982561176571,0.7733215672548046,-0.04541864469228674,False,False
23.6,0.3262620017477758,0.586473189121191,-0.9580565769285361,0.7713200510445236,-0.04692314535652166,False,False
23.633333333333333,0.4043383187713507,0.5527532553792361,-0.9633171461062817,0.7690274903562622,-0.01444797845695816,False,False
23.666666666666668,0.6389656194019807,0.516094917439773,-0.9078006453775325,0.7696698861434238,0.02218049582390402,False,False
23.7,0.8182726152074193,0.4952683958210327,-0.9986918831496855,0.7720821792745722,0.009089098793737958,False,False
23.733333333333334,0.9410885120543642,0.46894126397698416,-1.794978352603135,0.7723437055781888,-0.027392826458394158,False,False
23.766666666666666,0.6557523784374414,0.3744319126468627,-1.3741809878675706,0.769405273370765,-0.07492494214853201,False,False
23.8,0.41034667725172086,0.33115798573374505,-1.5803727062580522,0.7661103491477758,-0.0978905895121168,False,False
23.833333333333332,0.45480972190445584,0.2900712732413061,-1.103524631117097,0.7628566509078437,-0.0708429741154297,False,False
23.866666666666667,0.7308345199256324,0.263064604156294,0.29269910784493197,0.7607927565419894,-0.07262396042999586,False,False
23.9,0.964083898439345,0.24948572694916102,1.0996817052680892,0.7582375990059341,-0.040723830866748564,False,False
23.933333333333334,0.8462624252166804,0.3544909951188204,3.010812743919746,0.7576424077326516,-0.005489690561115978,False,False
23.966666666666665,0.3391538100662089,0.49699208269980205,2.8647213555784847,0.758030764151363,-0.024305723480204672,False,False
24.0,0.08188490790783928,0.5832530124758383,1.5502743174460234,0.757838845194853,-0.004589489261347327,False,False
24.03333333333333,0.10260144641976934,0.6120679674834476,-0.009339889756006763,0.7558881818740889,0.02025856657444724,False,False
24.066666666666666,0.2803523806584251,0.5605285474538514,-1.254683712648864,0.7571854643194668,0.0702703757512406,False,False
24.1,0.38276856942416226,0.5001471160123998,-1.1607810344529157,0.7627268559938332,0.09596971502718321,False,False
24.133333333333333,0.18249998607807835,0.46222698806271434,-0.9515808755533072,0.7661709314049349,0.045101782694716396,False,False
24.166666666666668,0.08194470048505799,0.44938361042003944,-0.5650180851575293,0.7657423010572642,-0.019221238450302307,False,False
24.2,0.2669296533232549,0.4359273123849097,-0.5419952433698293,0.7636541273203573,-0.06604668812281259,False,False
24.233333333333334,0.39273643645310047,0.40812486246505086,-0.6532461934280785,0.7611968487203076,-0.09348103585101501,False,False
24.266666666666666,0.430542168648296,0.3920291796500285,-0.6348798505722505,0.7574876305404302,-0.10325355362052795,False,False
24.3,0.3440898458772908,0.3708460599516247,-0.810147541526729,0.7529284550407583,-0.07490898989270921,False,False
24.333333333333332,0.20339662459173696,0.3406447354960028,-0.9346937128321243,0.7512477299283573,-0.03477528914428354,False,False
24.366666666666667,0.14774951644515674,0.298391407017345,-0.7360867021106129,0.7518508948446906,-0.0105053185512571,False,False
24.4,0.1656241982912603,0.2829730003379862,-0.6768094254831046,0.7522457604816649,-0.03081814099707417,False,False
24.433333333333334,0.2847882984445266,0.2678211534320484,-0.5767688034600945,0.7498664004166794,-0.06758211481015657,False,False
24.466666666666665,0.34162751576357836,0.24773737077374788,-0.5785073144784231,0.7469024605714143,-0.07858441665179779,False,False
24.5,0.31923181900345976,0.21592907815260565,-0.5479267553959573,0.7439932637371577,-0.0730205549158,False,False
24.53333333333333,0.2751017218577367,0.2116026860276864,-0.28803628881736626,0.7420074135523289,-0.05466016343022039,False,False
24.566666666666666,0.27890735662929106,0.20475473544715173,-0.31496066524525074,0.7404662393743576,-0.0498414314103205,False,False
24.6,0.27689182671558427,0.194575737470734,-0.39283167881631054,0.7390198069743763,-0.047372850266660535,False,False
24.633333333333333,0.26458094569056584,0.1704755987158826,-0.1826354581312441,0.7372353120798372,-0.03992343162283939,False,False
24.666666666666668,0.24790279150468478,0.1742827107856303,-0.11622633210937768,0.7358561747306345,-0.02917626738675439,False,False
24.7,0.20140558443416628,0.1753571311747744,0.01188259184381043,0.7353439010008913,-0.013297003725900345,False,False
24.733333333333334,0.14018872202118823,0.178581500465071,-5.2713951380388744e-05,0.7354030163024176,-0.011466338186428856,False,False
24.766666666666666,0.09046045350113818,0.166029230694109,-0.05435791625314795,0.7349421116589152,-0.02161210399792495,False,False
24.8,0.11301221696638464,0.17578462360624827,0.16736894146088552,0.733954609908073,-0.02826391534992143,False,False
24.833333333333332,0.12692143566175498,0.17864959898340071,0.2167720695479751,0.7326284163275345,-0.027314448804125684,False,False
24.866666666666667,0.11753320220276062,0.19105770465325586,0.28308614544420735,0.7318600208518492,-0.01541304186663258,False,False
24.9,0.08662264777299858,0.19850756077124818,0.27651238260035166,0.7315005556285307,0.006341937669672593,False,False
24.933333333333334,0.09869116047384838,0.21375012439592478,0.05730997346423121,0.7321642331436277,0.021834798210763402,False,False
24.966666666666665,0.1433792605642178,0.2062198022254242,-0.012433010447302802,0.7334744455436835,0.019069645632709003,False,False
25.0,0.04959505152331137,0.2044849052868768,-0.1118446357843455,0.7342211499981826,0.006424710996721846,False,False
25.03333333333333,0.04250615815524022,0.19418636234058703,0.061661801214083635,0.7336895841984519,-0.010466665391683673,False,False
25.066666666666666,0.06571983875924865,0.208554135238692,0.29070855713384386,0.7329046668288649,-0.010376392482137837,False,False
25.1,0.04163752848794806,0.21874483365234432,0.05813032119380879,0.7326817635056788,0.0073771781257881645,False,False
25.133333333333333,0.08938694329589934,0.2265561639970129,-0.16617298978002407,0.7334466983767705,0.011903120286729163,False,False
25.166666666666668,0.05435250680911233,0.19981307867838857,-0.25805552855458175,0.7341330438892094,0.008364303459711588,False,False
25.2,0.0267729216696786,0.1901093142124015,-0.07830743273496926,0.7341789574274671,0.0007981784564706749,False,False
25.233333333333334,0.06158277833965514,0.20322133634659226,-0.13608211919905022,0.7338336140916779,-0.015432871342349245,False,False
25.266666666666666,0.08754176501382192,0.19577805648138116,0.18105878764108252,0.7332699090845246,-0.012799087193203912,False,False
25.3,0.08330383276807755,0.19543616103138112,0.005907195260635268,0.7326200339691707,-0.0060934896076761695,False,False
25.333333333333332,0.08317799788899768,0.20172680188858252,0.042864532313811814,0.7326119523111234,-0.007266120586327171,False,False
25.366666666666667,0.05918379986384321,0.21264790270267786,0.1971837713175026,0.7328389092478783,-0.006699908084335747,False,False
25.4,0.02564881735732931,0.20044750515606083,-0.05506827060658239,0.7321044054541851,-0.005624567528443356,False,False
25.433333333333334,0.08868931520700699,0.2095100522989066,0.12225555261225034,0.7317351131371644,-0.0037268104294290914,False,False
25.466666666666665,0.11217573966085966,0.21751116167434464,-0.07224119090347338,0.7320961078917362,0.008428670435445934,False,False
25.5,0.09168378813241679,0.20532095743438486,-0.09798196191441508,0.7326000754946738,0.013806504688882643,False,False
25.53333333333333,0.06848163924654155,0.1998329078446054,-0.06756398299496932,0.7330032642754573,0.0005120103651656431,False,False
25.566666666666666,0.02721315461732429,0.20258874198905144,-0.13347675999032338,0.7329954268849851,-0.0022460422422001113,False,False
25.6,0.033387972238175356,0.20304195648714626,-0.12798436332976645,0.7325809778661886,-0.007063625452085535,False,False
25.633333333333333,0.029105754410272383,0.18723495985223687,-0.28687660173494917,0.7321494514297358,-0.0064168288723873606,False,False
25.666666666666668,0.05320359083150835,0.17872715789722024,-0.32430931833601134,0.7323917611917325,-0.0027763489242723293,False,False
25.7,0.18334068031629713,0.1632794656056407,0.30133525431531527,0.7317693144752854,0.01897456674478271,False,False
25.733333333333334,0.41928467499525945,0.18063502360899644,0.7549937698485082,0.7326232227779674,0.05190958261864731,False,False
25.766666666666666,0.5754815818909378,0.2297730196741237,0.6727413614607977,0.7354110704897281,0.0740578188192374,False,False
25.8,0.6204742117107225,0.26578021909759586,0.07792513415879443,0.7392453449375364,0.06184786997417518,False,False
25.833333333333332,0.7090601491340991,0.23315710056051484,-1.028974878950444,0.7399841194264928,0.04890559476600828,False,False
25.866666666666667,0.9919781802026724,0.17158406795435785,-1.2232280147729409,0.7405271711850571,0.07708223362621551,False,False
25.9,1.0849545492875212,0.11770641225944306,0.05671727773772096,0.7439505203555928,0.11616888998253468,False,False
25.933333333333334,0.8848401461306922,0.1423381031983427,1.783141247428871,0.7503381833979894,0.11992666815159868,False,False
25.966666666666665,0.431092767496773,0.25829957998227515,2.853660923691882,0.7544362893005248,0.042383070278002914,False,False
26.0,0.21523407032033784,0.38872545260128133,2.848550093671174,0.753609974714868,-0.046088099884460235,False,False
26.03333333333333,0.3977680792884965,0.45759322049192536,2.2251595155398136,0.7495973532171303,-0.09043488173709134,False,False
26.066666666666666,0.40942125262153634,0.5136516961002443,1.706695452663649,0.7457141716180293,-0.08025622581729584,False,False
26.099999999999998,0.3015283535104412,0.5751561571756022,1.424179590376374,0.7438356602658711,-0.04182756211350628,False,False
26.133333333333333,0.25114792897910354,0.6233172478945226,0.8839521072986282,0.7433070328211351,-0.014881769293975323,False,False
26.166666666666668,0.16156403723013887,0.6308068515182301,0.2445332518009517,0.7432462461111455,0.001687404625623256,False,False
26.2,0.08709673837710238,0.6281069877812099,0.017573137744922696,0.7437431256672745,-0.0060317181652789886,False,False
26.233333333333334,0.08566602062788332,0.6235404242104007,0.013070228199881632,0.7434375402123135,-0.01965927404422443,False,False
26.266666666666666,0.09425248382366945,0.6284668611613882,0.13989495368597635,0.7422348324007544,-0.022826708764629874,False,False
26.3,0.10478362184291018,0.6350029090882545,0.15308414218063945,0.7409938895421754,-0.018068441106473005,False,False
26.333333333333332,0.06270657952720138,0.641274927982969,0.11683962981627868,0.7410733343527077,-0.001817326629312355,False,False
26.366666666666667,0.038887804871454844,0.6444144389373905,-0.02811845814524364,0.741389266246015,0.0027269088542304304,False,False
26.4,0.00789329210639878,0.6393419737225025,-0.06860240591662174,0.7413521243376917,-0.000886224697184809,False,False
26.433333333333334,0.007574025311142509,0.6340343164635426,0.01598170677439,0.7411992854446982,-0.001428643343317203,False,False
26.466666666666665,0.07680708312353728,0.6362365077282549,0.16186010225406675,0.7410217077211844,0.012251640974904584,False,False
26.5,0.23237794227419095,0.6485735882931923,0.3092631034423816,0.7413599604976073,0.048255094610735655,False,False
26.53333333333333,0.4532016543257944,0.6615400228378141,0.22405094078047083,0.7435760788006626,0.09631755603146551,False,False
26.566666666666666,0.7557704852980878,0.666862390916316,0.0965651443418094,0.7478831254265512,0.15187918098477007,False,False
26.599999999999998,1.2019093884682752,0.6647825461071168,0.0927441083089715,0.7539803858771499,0.19866670215472457,False,False
26.633333333333333,1.8919825976972104,0.6688176899141238,-0.02545585037188856,0.7607282744863395,0.2723979034926586,False,False
26.666666666666668,2.89764050211375,0.667963760962428,0.06783904853707866,0.7706850497541359,0.3793605769192056,False,False
26.7,4.050860878027992,0.672876061548121,-0.13078179989393765,0.7850126427660542,0.5200886056428816,False,False
26.733333333333334,5.151422538540943,0.6651904357606507,-0.5038687172661677,0.8051113675702696,0.691867661954461,False,False
26.766666666666666,5.955486492458141,0.6410043615089822,-0.4157603201880521,0.8310964760847123,0.8289885818608334,False,False
26.8,6.253293725559897,0.6068479916474359,0.2843497600459312,0.8622751702987468,0.9132889865617304,False,False
26.833333333333332,6.055937959024737,0.6425521480514685,1.0613903120088295,0.8949156332951591,0.9041975197657937,False,False
26.866666666666667,5.479436564910063,0.7095624824247392,1.5374881960029554,0.9248561333042311,0.8003768979921644,False,False
26.9,4.650108949813774,0.7694926645240344,1.1284688575076272,0.9500060447234127,0.6354573917931994,False,False
26.933333333333334,3.654089935511309,0.7846502546733402,0.2984435403501388,0.9681951053278717,0.438239896268819,False,False
26.966666666666665,2.6747837720461614,0.7842227589302881,0.1319787023949596,0.9787724267458869,0.2643553150611533,False,False
27.0,1.885050368713212,0.7712546193263344,0.3614792182608952,0.9840938506537021,0.12876975636552893,False,False
27.03333333333333,1.318263081271307,0.7958760328565353,0.8811129443780176,0.9861479859271778,0.04420270008965014,False,False
27.066666666666666,0.9563277619242893,0.8480158128716926,0.9588516222501061,0.9862263031135482,0.005359034063069722,False,False
27.099999999999998,0.6178183919022973,0.8836056685806267,0.49887256151316156,0.9852382969350582,-0.0046049355087753345,False,False
27.133333333333333,0.2860501879280656,0.8806047229724149,-0.1330891741811587,0.9851431013222028,0.018380729577744948,False,False
27.166666666666668,0.20033933124009287,0.858537145987878,-0.27800840958032624,0.9865886373366245,0.03172818395960282,False,False
27.2,0.177159131370282,0.8496895660272242,-0.06933143168640929,0.9880236118978083,0.03421789839435106,False,False
27.233333333333334,0.14769685670925323,0.8560340201764657,0.12810990876759615,0.9890546361702055,0.026830873228327588,False,False
27.266666666666666,0.09192923458046508,0.8686379758265932,0.06589876164746437,0.989614450666716,0.010452510117292518,False,False
27.3,0.06723546719913327,0.8623940763352104,0.05705441181632311,0.9900750788455058,-0.000735197486054007,False,False
27.333333333333332,0.2648439576054352,0.8600522435672003,0.23542563666989985,0.9897030184493765,-0.023878257005995312,False,False
27.366666666666667,0.45108869896070675,0.8701806847697633,0.7107301256755324,0.9884312088314299,-0.044159938549710065,False,False
27.4,0.7299223078299536,0.9205207795154728,0.4349904426850602,0.9868189504507098,-0.07212271168135762,False,False
27.433333333333334,0.8897988087685184,0.9273649928377042,-0.012282295599314978,0.9839712102914516,-0.10529515030803929,False,False
27.466666666666665,0.9785000737792818,0.906530754013522,-0.23163498810356445,0.9798139185397817,-0.1343005220485824,False,False
27.5,1.0047537156573834,0.8809222259182966,-0.22916497024148233,0.9742784961849458,-0.1423395126459852,False,False
27.53333333333333,0.9372704510981892,0.9067395029170663,-0.12319156790080643,0.9695983385801203,-0.1347644070744848,False,False
27.566666666666666,0.9091368613584144,0.8989581289843112,-0.7244511683398407,0.9656392389904837,-0.13677184818899135,False,False
27.599999999999998,0.8967543368095758,0.8500358741219112,-0.9575301325574604,0.9610400708262608,-0.12926655296086517,False,False
27.633333333333333,0.8993785102617725,0.8018997028825696,-0.6827414985194448,0.9562332447861054,-0.12611783126256848,False,False
27.666666666666668,0.8816882538709819,0.8039368381643296,-0.33835173777616234,0.9524440155974819,-0.11929237157216002,False,False
27.7,0.9609362080344805,0.8051645816026388,-0.14893022937248743,0.949022599845097,-0.10810488724676916,False,False
27.733333333333334,0.9418325360644754,0.7910729987717501,-0.27335277376640305,0.9449547074836702,-0.10526641973548598,False,False
27.766666666666666,0.9961388653823288,0.7755714192613886,-0.31480028187202475,0.9415852942946984,-0.09722937665121685,False,False
27.8,1.1024515495098524,0.7768883075849384,-0.1364115360437594,0.9389329400641703,-0.09247341425852217,False,False
27.833333333333332,1.2224533176778543,0.7691207961705818,-0.2544661020273,0.9359524467730628,-0.10814834169470179,False,False
27.866666666666667,1.4755074030290525,0.752669493349187,0.13730572167872734,0.932169983073199,-0.14818009578969088,False,False
27.9,1.7793410056985266,0.768572648303109,0.2139749115879994,0.9265780143056799,-0.19101217256307126,False,False
27.933333333333334,2.062270909081462,0.78334006260138,0.32007485467658064,0.9192911762739032,-0.24082725057048976,False,False
27.966666666666665,2.2630358827959873,0.7965318162300968,0.3042715784543179,0.9102152299449844,-0.2779199389960053,False,False
28.0,2.3523708669825387,0.7909772573044569,0.0893233940109532,0.9004230132372106,-0.29725076253595434,False,False
28.03333333333333,2.363275486928675,0.8069340343036743,0.19522485975593726,0.8898363232666293,-0.30387545515571146,False,False
28.066666666666666,2.4230185102162944,0.8102167403261314,-0.06136827574803609,0.8800442168413136,-0.31022641971650095,False,False
28.099999999999998,2.541318113725004,0.8035829305098977,-0.2531368054637499,0.8697805008588116,-0.33026079267445785,False,False
28.133333333333333,2.7121316279479157,0.7879738349690768,-0.341196543155693,0.8586314586552074,-0.3698813354978129,False,False
28.166666666666668,2.9550597425028418,0.7749096128759305,-0.21971484555986973,0.8456386686558987,-0.4447510315920167,False,False
28.2,3.17407580383668,0.7668952588888245,0.27258441157156493,0.8295219067715895,-0.5042892798544473,False,False
28.233333333333334,3.4719941795093674,0.7884125093343488,0.5333171327184933,0.8112026991562825,-0.5673970793190847,False,False
28.266666666666666,3.640180704879999,0.8250552690372974,0.07194892987556145,0.7909765651125603,-0.5952488801833424,False,False
28.3,3.1992546697326976,0.8187067976887313,-0.4814246620061746,0.77022666165409,-0.5407242765080741,False,False
28.333333333333332,2.415314162844987,0.773580822626594,-1.1855934801414338,0.7519116690577213,-0.43439517861235444,False,False
28.366666666666667,1.347920363664292,0.7209343360299845,-1.1908906628035838,0.7399618741543073,-0.26115427735190005,False,False
28.4,0.5073842235841779,0.6893264289011299,-0.5565183156615838,0.735245858071778,-0.11342095871280039,False,False
28.433333333333334,0.1799908677420806,0.67656932790302,-0.3368762783685703,0.7344839975671529,-0.04512464052643782,False,False
28.466666666666665,0.1860016041578244,0.6820901239301872,-0.12195388010398688,0.7345599584733996,-0.027093837487362583,False,False
28.5,0.2677958618281427,0.6777547228011264,-0.1561200976775925,0.7331495400551684,-0.05574133088235331,False,False
28.53333333333333,0.26968677055666285,0.6643130961417797,-0.3970947040582469,0.7305422485112053,-0.06761599052461728,False,False
28.566666666666666,0.22345750010169688,0.6492724900920103,-0.09102399242183272,0.7279908667195296,-0.05444320517780346,False,False
28.599999999999998,0.12295094534913797,0.6522120248108104,-0.028480720115067075,0.7261961358053679,-0.03078043288325728,False,False
28.633333333333333,0.05684462531242183,0.6553233278904776,-0.06824908241010566,0.7261033187373054,-0.0010064218020433557,False,False
28.666666666666668,0.1204899893691998,0.6573989273582396,-0.1291758506868305,0.7265021118716531,0.02026877374653161,False,False
28.7,0.11242288724841773,0.6375664507609795,-0.2884659270976018,0.7275458082815917,0.02713844008825544,False,False
28.733333333333334,0.07635052888407083,0.6319100126893119,-0.08774425710385995,0.7287848909054712,0.018464899534445873,False,False
28.766666666666666,0.038094408895195137,0.6319252979436514,0.09590250738451629,0.7293532198090404,0.002335267554245846,False,False
28.8,0.09814763205959401,0.6434377180850298,0.03642971264373016,0.7287576586710407,-0.018887191899235236,False,False
28.833333333333332,0.10419060829736164,0.6425830182772623,-0.1279741238873045,0.7274756646674722,-0.009731245546659224,False,False
28.866666666666667,0.13938194133639845,0.6296572215439508,-0.04943200209397664,0.7276168209292206,-0.007596903974069863,False,False
28.9,0.1151445816461162,0.6264201390690107,-0.005419867051003085,0.7276967054137709,-0.007530047179377417,False,False
28.933333333333334,0.10413634499651038,0.635749462952792,0.25375827661589895,0.7276138873442672,-0.020879534771028087,False,False
28.966666666666665,0.10808619747322068,0.6517429556674623,0.06014257539581612,0.7257219038106055,-0.023978841329571426,False,False
29.0,0.12551151348253958,0.6432342487978808,-0.13040408575764478,0.7253998356705255,-0.012448989544837476,False,False
29.03333333333333,0.039903526423671835,0.6346655727979386,0.0004966921238579,0.7250004572449266,0.004565029448344613,False,False
29.066666666666666,0.16151063007072342,0.6285829049686306,0.3492097668273816,0.7256804224856263,0.03327318306226013,False,False
29.099999999999998,0.3738207473178156,0.6589439385928791,0.8266229668295185,0.7264063683768655,0.0754110574397626,False,False
29.133333333333333,0.7439694670667705,0.6974150960414748,0.7753359570517644,0.7300270373247658,0.1477903690353299,False,False
29.166666666666668,1.1084096118015008,0.7170363321285647,1.0068031747332318,0.7361089561595394,0.21729206104114857,False,False
29.2,1.3483612877755686,0.7237427738457014,2.6836406275729314,0.7466797646767778,0.1654735229539814,False,False
29.233333333333334,1.8922612483744683,0.8703857131929968,2.9921084166679974,0.7529776130785335,-0.0338663966866117,False,False
29.266666666666666,2.91928200357258,1.0235283531197585,2.232450965398036,0.7478679840517505,-0.3156736779317393,False,False
29.3,4.0709825922658505,1.0742463457909308,0.11564799397823332,0.7293952708922004,-0.5816319715866682,False,False
29.333333333333332,4.976699873166059,0.9697491977282465,-1.9576313271050945,0.7073952519495438,-0.8409866368989697,False,False
29.366666666666667,6.188220835981956,0.8961921938725973,-1.161674439822126,0.6763634076281124,-1.1091493631873535,False,False
29.4,7.616776073494971,0.8665670251706522,-0.29061266212344117,0.6342095340501986,-1.4008358892402168,False,False
29.433333333333334,8.92684254150851,0.8939571781167357,0.5401720001583104,0.5800169878579778,-1.6528579188258457,False,False
29.466666666666665,9.180346264572112,0.9120894967180698,1.939221105251129,0.5223464701038654,-1.8195731090296001,False,True
29.5,8.608850764859158,0.9985151416095639,2.061190034149286,0.45780790199977855,-1.9245888711333965,False,False
29.53333333333333,7.773378984778452,1.0997052213658862,1.7057779398614374,0.3908157613586487,-1.9049834616523917,False,False
29.566666666666666,7.222830570898007,1.153048167203525,1.0169814417223029,0.326543984264649,-1.8046869093758038,False,False
29.599999999999998,6.8855040839984545,1.1309259462361003,-0.6876675712675238,0.27016079118338615,-1.645201650541041,False,False
29.633333333333333,6.938918356798665,1.113878291425784,-1.3939995809402692,0.21864364319341856,-1.5382886581905306,False,False
29.666666666666668,5.946918831162891,1.0445907251887496,-1.881673015962208,0.16571444973476396,-1.2561244105138658,False,True
29.7,4.1074106775610435,0.9502513020058148,-1.9761614488058494,0.12630660717409486,-0.8453480508829574,False,False
29.733333333333334,2.1200058333402927,0.8879172902390747,-0.7182397553454922,0.10730458698863214,-0.37565295768906953,False,True
29.766666666666666,0.8496309247981183,0.8964679429954671,0.49839489917040164,0.10861580643431278,-0.03283266703930621,False,False
29.8,0.8182976640326687,0.950255643858089,0.3864547956376423,0.1108575329533814,0.07386364584255511,False,False
29.833333333333332,0.39317868730189615,0.9684296561226421,0.018932207096566386,0.11582994730414985,0.06115210573741435,False,False
29.866666666666667,0.2639180559592143,0.9281535720014583,-0.357740993791405,0.11575457432879521,0.06349732800024839,False,False
29.9,0.3146156923927998,0.905712226727316,-0.14978453115235832,0.1183787201940523,0.07400475026793231,False,False
29.933333333333334,0.31770496154308697,0.9335659359651033,0.4263265246665618,0.1203115731164394,0.07559210761957276,False,False
29.966666666666665,0.2745942996536473,0.9535876674874235,0.2561373722783506,0.12599361030869285,0.04361452037457883,False,False
30.0,0.12974617324471277,0.9484969287379891,0.09932726657823324,0.12422790692407333,-0.024319404601198493,False,False
30.03333333333333,0.09666116418788387,0.9500502046069419,0.07760160708395886,0.12214855632338666,-0.0227252017257686,False,False
30.066666666666666,0.07829751710216798,0.9553855158803024,0.06792451014549566,0.12027964226313792,0.006967256785680742,False,False
30.099999999999998,0.2042224669649924,0.9590300514030382,0.23054475068492036,0.1238087836485185,0.04932787459558556,False,False
30.133333333333333,0.09562290495759193,0.9691978215529627,-0.24519341292319266,0.12552033702221738,0.02163315461627263,False,False
30.166666666666668,0.11513254354701115,0.9554910359099041,-0.344545854064095,0.12516786602103738,0.021875474638546458,False,False
30.2,0.02755286369708006,0.9358760293552006,-0.4238286645435573,0.12526217731796627,0.004088679433554626,False,False
30.233333333333334,0.059454164350863065,0.9093641072185623,-0.21618074708023371,0.12626090114739122,0.014907849283167313,False,False
30.266666666666666,0.20514734554694647,0.9227464776785276,0.4666278180063906,0.12760473051522842,-0.03549444940578373,False,False
30.3,0.356514384038894,0.9472583888077115,0.326537840297725,0.12420486056397173,-0.07759972183244591,False,False
30.333333333333332,0.12382497085906562,0.9649926587379962,0.1450174270337399,0.12013025216720968,-0.024795201957492904,False,False
30.366666666666667,0.27422652945639236,0.9593761669829866,-0.4820069323343224,0.12079483013138878,0.06466987980822277,False,False
30.4,0.66777693764987,0.9328588632490417,-1.109031291702372,0.1244415774877582,0.1541349615739419,False,False
