t,p_REST,p_REACH,p_GRASP,p_HOLD,p_RELEASE,p_RETRACT
0.0,0.9971645096780153,0.0006187808975682847,0.0001823585774322359,0.0008069691773429165,1.7854718177996296e-05,0.0012095269514631399
0.03333333333333333,0.9990410616230638,0.0002961456652521842,6.654055246533307e-05,0.00030965892061562137,9.004604051206993e-06,0.0002775886345515088
0.06666666666666667,0.9996923305346532,8.33871975966339e-05,2.261073217531258e-05,0.00011628431279575443,4.047501472296525e-06,8.133972130675623e-05
0.1,0.9998566094344892,2.9937922197613898e-05,1.0400589825586576e-05,5.348899943449658e-05,2.408297068714637e-06,4.7154756984248135e-05
0.13333333333333333,0.9999268427683967,1.782690221987791e-05,5.828289960555762e-06,3.0063354151851793e-05,1.2437068449369793e-06,1.819497842589749e-05
0.16666666666666666,0.9998693065190274,1.7574471728258267e-05,1.2391475867553277e-05,5.184518627600412e-05,2.144811012197966e-06,4.673753608840206e-05
0.2,0.9999275835940759,1.6517465380039245e-05,6.388675813822836e-06,2.4076353146539363e-05,7.864621634266923e-07,2.4647449420316998e-05
0.23333333333333334,0.9999035197726689,2.205442334345991e-05,9.942031768679724e-06,3.939266024084268e-05,8.728115527574896e-07,2.4218300425507053e-05
0.26666666666666666,0.9999401722422093,6.732706354774754e-06,6.192976599874229e-06,2.407665625722765e-05,5.60869285840009e-07,2.2264549292790597e-05
0.3,0.9999058045191609,9.727551051850496e-06,1.0838252327926112e-05,4.652021440152106e-05,8.877684606348617e-07,2.6221694597366493e-05
0.3333333333333333,0.999885272853743,1.4429097999214889e-05,1.2345244800533271e-05,5.668617902493058e-05,1.081770635403378e-06,3.018485379723298e-05
0.36666666666666664,0.9999727706208609,6.707557642329551e-06,2.6848913439870335e-06,1.2328328343975879e-05,3.320229895468341e-07,5.176578819226746e-06
0.4,0.9999553265653257,7.889693907709469e-06,4.470268293396402e-06,2.2675823777999908e-05,4.72114498933007e-07,9.16553419664614e-06
0.43333333333333335,0.9998838735195749,1.8388452044575736e-05,1.2985086255453862e-05,4.676688135693987e-05,1.3680500283022367e-06,3.6618010740001344e-05
0.4666666666666667,0.9999138349451914,1.561249800492028e-05,9.013304244723192e-06,3.4068549251734595e-05,1.4335487470192336e-06,2.603715456015206e-05
0.5,0.9999376354668148,1.0833267925765947e-05,7.460663400625216e-06,2.3639632925485695e-05,9.947170309460498e-07,1.943625190245842e-05
0.5333333333333333,0.9999325255896303,2.0000768125991498e-05,7.465154930766749e-06,2.61144033310194e-05,8.556486003310903e-07,1.3038435381379732e-05
0.5666666666666667,0.9998269336797377,5.0047356194805066e-05,1.7132414510667833e-05,5.533363076886741e-05,2.699827367475057e-06,4.78530914204784e-05
0.6,0.9999268829288319,1.8653044024955515e-05,6.081540354140068e-06,2.092182100583326e-05,9.651416598854278e-07,2.649552412318747e-05
0.6333333333333333,0.9999412941043809,1.614297248438335e-05,4.325042470495772e-06,2.1618098347034752e-05,5.918598703251448e-07,1.602792244697947e-05
0.6666666666666666,0.9998655926697235,2.636653811329273e-05,1.274134996497368e-05,6.248395768638857e-05,1.2408007302899103e-06,3.157468378164244e-05
0.7,0.9999120851042547,1.3472137564737925e-05,8.53319808542681e-06,3.709498700492955e-05,8.056026491950112e-07,2.8008970440866443e-05
0.7333333333333333,0.9999489260645291,5.132306606847596e-06,6.895246313719758e-06,1.8856953374648995e-05,4.797088495281104e-07,1.9709720326184192e-05
0.7666666666666666,0.9999743475965512,3.141328626144137e-06,3.268924988362233e-06,9.66801970963978e-06,3.1013431085927734e-07,9.263995813769651e-06
0.8,0.999897661161479,1.2655416672476407e-05,1.50523523403115e-05,3.761174689577132e-05,1.2065235233336337e-06,3.581279908940531e-05
0.8333333333333334,0.9999532396214162,4.123460320245544e-06,6.5105591115297645e-06,2.1686542245705967e-05,5.045854296604317e-07,1.3935231476282191e-05
0.8666666666666667,0.9999633956314757,3.60597234355615e-06,4.4744859085962225e-06,1.6781902904166683e-05,4.269208909363443e-07,1.1315086477084612e-05
0.9,0.9999291797156407,8.911149913996195e-06,1.0775039560122596e-05,3.382716432175986e-05,5.201291535499678e-07,1.6786801409967822e-05
0.9333333333333333,0.9998820438002491,1.1826661193284577e-05,1.876563205684406e-05,5.891283420785194e-05,1.6051920696595943e-06,2.6845880223305612e-05
0.9666666666666667,0.9999202219457742,1.1970303109699423e-05,9.69957483937563e-06,3.536465538629335e-05,6.227411983481952e-07,2.2120779691969495e-05
1.0,0.9999764245717372,3.65582147588014e-06,2.6142174267703208e-06,9.21698970102242e-06,1.8249090207556572e-07,7.905908757226667e-06
1.0333333333333332,0.9998901919656562,1.378209627343564e-05,1.3175739299738815e-05,3.942703140024404e-05,1.4522562710746496e-06,4.197091109940101e-05
1.0666666666666667,0.9999402542735458,1.214014157326154e-05,6.319088683344566e-06,2.067294429424647e-05,4.842898311034459e-07,2.0129262072082985e-05
1.1,0.9999333403794332,1.543810113396557e-05,8.186027270086831e-06,3.078528587068426e-05,7.672404323236291e-07,1.1482965860070632e-05
1.1333333333333333,0.9997997414985571,3.9206869970668154e-05,2.0972194270899482e-05,7.93133037387878e-05,1.6524757996888182e-06,5.91136576627703e-05
1.1666666666666667,0.9998167872182239,8.80284700139567e-05,1.4951166281244373e-05,4.090598100085694e-05,9.292383349985308e-07,3.839792614508446e-05
1.2,0.999939475106554,2.951948124968448e-05,5.347646470330918e-06,1.4731807697190992e-05,4.884029218220391e-07,1.0437555107017897e-05
1.2333333333333334,0.9998838435689016,5.576394888819489e-05,1.0178914263481526e-05,2.4588883648674217e-05,6.006985249404275e-07,2.502398577341814e-05
1.2666666666666666,0.9998556363441862,6.301050895066005e-05,1.3543814741920064e-05,3.986355322466511e-05,1.0685842356795935e-06,2.6877194660866413e-05
1.3,0.999887871871546,4.453976078093799e-05,9.658280642923203e-06,3.305630434527955e-05,9.169846391994039e-07,2.395679804540778e-05
1.3333333333333333,0.9999145037131302,3.445459986537498e-05,8.937808486558022e-06,2.557134836997388e-05,7.093513362521791e-07,1.5823178811834105e-05
1.3666666666666667,0.999935112838519,2.9337923086417068e-05,5.430201422346689e-06,1.8016266461555808e-05,3.963493386022197e-07,1.1706421172073938e-05
1.4,0.9999271091993565,3.677469548497494e-05,5.091570488396577e-06,1.8941816721253656e-05,3.763904767261581e-07,1.1706327472023063e-05
1.4333333333333333,0.9998359977642205,9.971030179550884e-05,8.092221333552934e-06,2.6583265148639416e-05,6.524980730650281e-07,2.896394942860965e-05
1.4666666666666666,0.9997624442527765,0.00015950188181507028,1.154873571730079e-05,3.4341796223896354e-05,1.7493775946033765e-06,3.0413955872514474e-05
1.5,0.9998457840105057,0.00011417990699952103,6.409064158858839e-06,1.9458517059061337e-05,7.387423513119715e-07,1.342975892543907e-05
1.5333333333333332,0.9997506435088869,0.0001827639248626443,1.1432237728549167e-05,2.329849375099383e-05,1.108084623500966e-06,3.075375014722838e-05
1.5666666666666667,0.9997229236122502,0.00022580678198449853,1.1449760761417516e-05,2.215649386496382e-05,2.272762827485949e-06,1.5390588311306775e-05
1.6,0.9998670548127809,0.00010856480725527417,4.541610626341523e-06,1.080098846231194e-05,9.750462589483873e-07,8.062734616378999e-06
1.6333333333333333,0.9997233489068974,0.000220380234796519,9.219205021329662e-06,2.192537741776496e-05,1.8946679675642285e-06,2.323160789921413e-05
1.6666666666666667,0.9991167666557746,0.0007103608291554481,3.1214283721652735e-05,7.149325423483741e-05,8.668588648611745e-06,6.14963884648039e-05
1.7,0.9978305060108318,0.0017331616739786864,0.00011188656976669173,0.00010719663710241876,1.0334743008715399e-05,0.00020691436531135852
1.7333333333333334,0.997674937360658,0.0019293491439528658,0.00011374735311731987,0.00010694755321499357,1.6875004306486025e-05,0.00015814358475055255
1.7666666666666666,0.9911227726603419,0.007870380654175639,0.0001565268013092658,0.0002716154004089961,8.770739541309661e-05,0.0004909970883510037
1.8,0.9893074669634437,0.009447428638974766,0.00014218339720892002,0.0002811763841504687,4.611777592527864e-05,0.0007756268402968092
1.8333333333333333,0.9800726218166393,0.01837130066652476,0.00015641650200478238,0.00045758715037569196,6.595896443563448e-05,0.0008761149000199029
1.8666666666666667,0.9034669818891087,0.08683951585751465,0.0006346412563345826,0.0017825521130194978,0.00022753960320899468,0.0070487692808137836
1.9,0.9511026673632441,0.044528252478331545,0.00022448426353097244,0.0004339760700198372,8.788475514168517e-05,0.0036227350697318906
1.9333333333333333,0.8702753463796581,0.11673720537213174,0.0011685569231159715,0.001543699975478936,0.0002792272457188516,0.009995964103896353
1.9666666666666666,0.6598912314147255,0.3254174754783352,0.0015511576702658073,0.00215562937121262,0.00039659498773520884,0.010587911077725632
2.0,0.7872904230701835,0.20658289658511203,0.0011761000594458487,0.0012501113342643889,0.00020783002480263073,0.003492638926191792
2.033333333333333,0.6546262716379717,0.33923379699848144,0.0010363194960462117,0.001200282612866181,0.0002405014583276714,0.0036628277963067775
2.0666666666666664,0.2981662880653045,0.6852216273364677,0.0021967963046511142,0.0024106872920617996,0.0006248197890896386,0.011379781212425335
2.1,0.28132912424333534,0.6983765148195279,0.0021020181233543313,0.0025097864644408204,0.0006505050466461504,0.01503205130269551
2.1333333333333333,0.1127551787239148,0.864340349004181,0.0028662892913771413,0.0029339999207709574,0.0007604558325427677,0.016343727227213275
2.1666666666666665,0.10883536271359925,0.8682946155871962,0.002548865890968992,0.0024964089905739543,0.0007340193798558567,0.01709072743780559
2.2,0.2914645168512032,0.6921191842148495,0.0018393428495915064,0.001370393452608256,0.0006466138041232311,0.012559948827624255
2.2333333333333334,0.5135081746455283,0.4782142295985388,0.0012062867048373395,0.0013827565037550164,0.0004065720301482153,0.005281980517192284
2.2666666666666666,0.5805490564900989,0.4072677065718188,0.0017809837097305062,0.0012721760267488708,0.0006002703665905627,0.008529806835012465
2.3,0.027991229280027598,0.9581249196731446,0.0023045430327305583,0.0014814661374239076,0.0017560325834720355,0.008341809293201432
2.3333333333333335,0.009557654413307025,0.9750607358219072,0.002499369705560972,0.0015608663678668953,0.0017769185355226561,0.009544455155835322
2.3666666666666667,0.0012306878245529002,0.9955092516493554,0.0009208631490345297,0.0004033447171590083,0.0003819654683336779,0.001553887191564237
2.4,0.0017593765171830089,0.9957643508435426,0.0005885496689917847,0.0003279053041593567,0.00030529376678208156,0.001254523899341155
2.433333333333333,0.0007325523918617936,0.997729100881626,0.0002568908616051639,0.0001242340603982011,0.00023020967015143791,0.0009270121343573822
2.466666666666667,0.00028780591529886,0.9985818918391848,0.00024376396572772262,7.46320527624842e-05,0.00021844615956497456,0.0005934600674610606
2.5,0.0001416096407921684,0.9993577544009968,7.101099468656097e-05,3.014134260359564e-05,0.00010748244057563099,0.00029200118034540567
2.533333333333333,3.827445525254761e-05,0.9994159636514205,0.00015167665080261894,2.8221914564042353e-05,0.0001379855598695383,0.00022787776809066727
2.5666666666666664,6.930785894299328e-05,0.999247585080792,0.00012012822915494048,2.4886761967607867e-05,0.00019096571218867706,0.00034712635695391126
2.6,4.153555648066191e-05,0.9992364155259561,0.00013720032181625306,2.6580610743378888e-05,0.0002007920035891153,0.0003574759814146931
2.6333333333333333,7.923602637930527e-05,0.9992227631453643,0.0001468583936530829,3.273446030763892e-05,0.0001674364690486625,0.0003509715052471341
2.6666666666666665,8.452129250523616e-05,0.9990062827336434,0.00026042146876802726,3.120898623375563e-05,0.00028711466687443717,0.00033045085197516873
2.7,3.3648138800163393e-05,0.9994337875333148,9.570892068395655e-05,2.7866892101676497e-05,0.00020038263790767921,0.00020860587719143998
2.7333333333333334,3.288529958503996e-05,0.9996109291128797,8.377076970766447e-05,1.57398371370801e-05,9.846713690268345e-05,0.00015820784378765623
2.7666666666666666,1.855185357521983e-05,0.9997071463190969,5.486537472661862e-05,1.3723411681350938e-05,0.00011577700902497064,8.993603189497589e-05
2.8,1.4812339451507284e-05,0.9996744973701717,5.879740822713706e-05,1.5541864523576912e-05,0.00011280197896957701,0.0001235490386567607
2.8333333333333335,2.0353851745461223e-05,0.9996837367161373,7.790951597380208e-05,1.554200816699651e-05,0.00012509626433338382,7.736164364296294e-05
2.8666666666666667,1.6700309094313505e-05,0.999733024833992,5.5261987770471054e-05,1.5069134800062904e-05,0.00010896786722086495,7.097586712224199e-05
2.9,1.3080714408228947e-05,0.9997919494444374,4.889899691328438e-05,1.0282457688448523e-05,8.222887520933659e-05,5.3559511343283186e-05
2.933333333333333,1.0438401015504754e-05,0.9998220971188198,3.7678026934373874e-05,9.385682996787317e-06,7.50573626735407e-05,4.534340755983258e-05
2.966666666666667,1.0267762394258778e-05,0.9998014926847936,4.356750289094522e-05,9.385489575691047e-06,7.505581588388498e-05,6.0230744461527944e-05
3.0,8.689024085961782e-06,0.9998576394576634,3.9195559683957816e-05,7.812731614847185e-06,4.995089772959197e-05,3.6712329222274764e-05
3.033333333333333,8.842447766473957e-06,0.9998589668066796,4.4343354452632656e-05,7.950682439628576e-06,4.811267749977917e-05,3.178403116176038e-05
3.0666666666666664,8.842078867128488e-06,0.9998172535471663,6.863474284230085e-05,8.339415561214491e-06,6.456733998434702e-05,3.2362875578865155e-05
3.1,9.726545757423913e-06,0.9997071127820746,0.00016309541849713653,1.0781248744937998e-05,6.31588181438491e-05,4.6125186782198205e-05
3.1333333333333333,1.0442999378855188e-05,0.999693618667459,0.00016258360595600456,1.1575391382982648e-05,6.781107240893013e-05,5.3968263414235834e-05
3.1666666666666665,1.1103091216677639e-05,0.9997201264601296,0.00011653263760977839,1.1831589424603624e-05,7.209734436847396e-05,6.830887725062879e-05
3.2,8.717566414031115e-06,0.9997329935173295,0.00017783069562407323,9.289545098720131e-06,2.7660615560686665e-05,4.3508059972988114e-05
3.2333333333333334,8.271170120222452e-06,0.9996870516841081,0.00016611284246487217,7.902125948763724e-06,2.8987194448174598e-05,0.00010167498290996244
3.2666666666666666,8.397558089381674e-06,0.9996667107714666,0.0001853533356120562,7.90196516199217e-06,2.99634555693595e-05,0.00010167291410058683
3.3,9.298781074909764e-06,0.9996213551135061,0.00021062759031368825,1.2954976463528143e-05,3.317912310003142e-05,0.00011258441554157523
3.3333333333333335,9.613746608481122e-06,0.9995228077010935,0.0001818331243874728,0.0001204180706676838,6.537427273966847e-05,9.995308450343684e-05
3.3666666666666667,7.383001572006707e-06,0.9994831588509241,0.00016338145418637667,0.00012319309998584508,0.00011218767782232386,0.00011069591550935169
3.4,1.1692728188473324e-05,0.9992697043060237,0.00025875315292931295,0.00015993548293061267,0.00017767570683530366,0.00012223862309244105
3.433333333333333,1.5083279821556183e-05,0.9991649940396814,0.0003383556292902712,0.0001869756369151461,0.0002544243847380137,4.016702955388065e-05
3.466666666666667,1.5085729086676268e-05,0.999327241243079,0.0002929433795562494,0.00017000131535260265,0.0001645581599986668,3.0170172926780623e-05
3.5,2.1141753970099238e-05,0.9991344860590763,0.0004105427601253681,0.0001626880734875539,0.00023061849463654657,4.052285870416498e-05
3.533333333333333,0.00012836034967736386,0.9947364093484167,0.0025662891888923577,0.0009486672082492214,0.0013300057934785522,0.00029026811128575366
3.5666666666666664,0.0001514182800848421,0.9935520429534412,0.003675292602495008,0.0010550018709009556,0.0009983378389888016,0.0005679064540892892
3.6,0.00015445249197224416,0.9903497519994792,0.005541104900849115,0.0011695048775963487,0.002154137165205496,0.0006310485648974953
3.6333333333333333,0.00015280047068540778,0.9904184307790469,0.005481837334933509,0.0015062123299071106,0.0019216731312587335,0.0005190459541684096
3.6666666666666665,0.0001407021542219027,0.988400123139288,0.006092639310579062,0.0015536255594918653,0.0029668952485927456,0.0008460145878266619
3.6999999999999997,0.0003182651457778169,0.975452854647422,0.014258023234047335,0.002593998378308632,0.0063129310769620365,0.0010639275174823206
3.7333333333333334,0.0001628748050394889,0.9878912456874045,0.007125637340644374,0.0009868156137489913,0.0027761665977406274,0.0010572599554219304
3.7666666666666666,5.80885279546784e-05,0.9960148123654565,0.0025155153830511475,0.00013287379448883666,0.0005487437359307518,0.0007299661931178801
3.8,5.3104032057661415e-05,0.9963534675437667,0.002299662502160719,0.0001142094395158243,0.0005642694541779738,0.0006152870283214163
3.8333333333333335,6.665916293323866e-05,0.9960271676661783,0.0029644292544004714,0.00014885940245623616,0.0005557760979564839,0.00023710841607521856
3.8666666666666667,2.8413182679920162e-05,0.9955664452269316,0.004066948366905644,7.793199459908916e-05,0.0001778183309113867,8.244289797255247e-05
3.9,2.4933595301757606e-05,0.9962530165189503,0.0034250675043030984,8.111503956963796e-05,0.00014732531687612876,6.854202499887147e-05
3.933333333333333,3.5943848497951226e-05,0.994093494042624,0.0054922341875581916,0.00012139103504243334,0.0001744538553078885,8.24830309696368e-05
3.966666666666667,4.6389751080763616e-05,0.988597743275638,0.01082536115664439,0.00022590448648546684,0.0002207126700343607,8.38886601166689e-05
4.0,6.310823633205997e-05,0.9493894928027775,0.04855771455493576,0.0015574306776141278,0.0003181322841661723,0.00011412144417429064
4.033333333333333,0.00014972304093167715,0.677306038863441,0.31786727980806456,0.0036949734400073667,0.0007929722119431031,0.00018901263561244285
4.066666666666666,9.127518151773271e-05,0.29627830882078576,0.7005438023063323,0.002499700238186926,0.000494060651139588,9.285280203770921e-05
4.1,3.495161049700563e-05,0.024993852348926985,0.9726639862885461,0.001908866193303927,0.000345850094485198,5.2493464240619126e-05
4.133333333333333,4.3103979261741965e-05,0.026733428899731113,0.9721297320674677,0.0008775705046581484,0.0001422055153112259,7.395903357003555e-05
4.166666666666667,3.722570129345069e-05,0.034198377824590606,0.9646436784312116,0.0009695987948877391,8.819770967347154e-05,6.292153834339786e-05
4.2,3.794283911732723e-05,0.03318135517593544,0.9657220389250575,0.0009136925879308042,9.388134344036818e-05,5.108912851850625e-05
4.233333333333333,3.790093241822868e-05,0.025793559184067748,0.9733096623278354,0.000718167781497844,8.921924127105918e-05,5.14905329097802e-05
4.266666666666667,4.738016306813922e-05,0.012246333217512867,0.9866450606788052,0.0009328121892174867,8.883034717551138e-05,3.958340422076071e-05
4.3,4.587400134265501e-05,0.006402420768316948,0.992274146306303,0.001160913599390652,7.705285792816424e-05,3.959246671859617e-05
4.333333333333333,3.542328050928077e-05,0.002970447318623438,0.9950972447231048,0.001802929728985756,5.7479579892416566e-05,3.6475368884139576e-05
4.366666666666666,4.7983015318936526e-05,0.0029704424043391835,0.9950955984421925,0.0018029267462332515,4.269299577717772e-05,4.0356396138784086e-05
4.4,5.2590469368477614e-05,0.0033009800635840536,0.9944636860351352,0.0020978239176536063,3.810999869796613e-05,4.6809515560797435e-05
4.433333333333334,5.77479856978065e-05,0.004788459359189309,0.992156545826969,0.0028766888874229317,4.368929265855875e-05,7.686864806234182e-05
4.466666666666667,4.665193914996454e-05,0.004656475594210049,0.9898250988048057,0.005377938851781745,3.529456825174586e-05,5.8540241801019235e-05
4.5,4.60354735404209e-05,0.004868782867159609,0.9905209509697923,0.004490921788300292,2.947321454164605e-05,4.383568666574119e-05
4.533333333333333,2.5783225722737648e-05,0.0018438899390322157,0.9951009406231481,0.002991057871719132,1.9506323565588025e-05,1.882201681204576e-05
4.566666666666666,2.848515104543913e-05,0.0025052955199542453,0.9951680084621587,0.0022593686521394755,1.804776494496558e-05,2.0794449757235037e-05
4.6,3.7492254941116896e-05,0.0035489357047521967,0.9944679605560705,0.0018754472288088951,4.302067257096209e-05,2.7143582856338624e-05
4.633333333333333,3.699099917973766e-05,0.0035014879192945,0.9945443044211039,0.0018503732840680536,4.244550417902437e-05,2.439787217482479e-05
4.666666666666667,4.800703021586823e-05,0.005031540133331744,0.9908984969535011,0.0039034082335595147,8.676313398148123e-05,3.178451541039473e-05
4.7,5.0468842020230815e-05,0.003192625821106978,0.9925082403554125,0.004134619536545782,8.298009535941705e-05,3.1065349555058904e-05
4.733333333333333,4.573731969102862e-05,0.0018367364506269937,0.9953656732908901,0.0026769503092473382,4.6535559456408996e-05,2.8367070088095207e-05
4.766666666666667,4.877487893893839e-05,0.0024314922614262144,0.9927324013674454,0.0047109570910399325,4.962613231766036e-05,2.674826883177598e-05
4.8,4.4785640784185775e-05,0.002198365550645411,0.9932753592581247,0.004401656540191627,5.3116710746630615e-05,2.6716299507290988e-05
4.833333333333333,6.893793140007048e-05,0.004600340500140974,0.9888723686777832,0.006328661643027617,0.00010198679983901977,2.770444780896589e-05
4.866666666666666,0.00011931998941065447,0.007962417331275833,0.9809179697339969,0.010704277127917479,0.0002466173340204071,4.9398483378738793e-05
4.9,0.0001522466125342723,0.004443091191042194,0.9820083180210448,0.012583102644979235,0.000751555101068652,6.168642933096958e-05
4.933333333333334,0.00013326106418208093,0.0021511023807726224,0.9874268753314182,0.00959719782041247,0.0006496026455434501,4.1960757671119026e-05
4.966666666666667,0.00018109852125427022,0.004723601089144232,0.9797433562389042,0.01421579362114601,0.0010958856863634485,4.0264843187836954e-05
5.0,0.00014680898018497765,0.010628735734825891,0.9725203239884417,0.01586528210151815,0.0008056706928629584,3.317850216647514e-05
5.033333333333333,0.00014502343096320724,0.0182021794681424,0.9738125200740795,0.007147651803053359,0.0006321844199255599,6.044080383603657e-05
5.066666666666666,0.00027440996274559536,0.043361998087475775,0.9479303502788134,0.006511652013570204,0.001866217769066444,5.537188832834339e-05
5.1,0.00024960170624380287,0.006066619387160878,0.9867320799870456,0.005236942266235435,0.0016538181872661631,6.093846604811286e-05
5.133333333333333,0.0003840630731078199,0.0017594348657784323,0.9857513370794947,0.009316110368253784,0.0026770974178955,0.00011195719546961896
5.166666666666667,0.00011580737849030332,0.000807697617050998,0.9939211312885928,0.003634460909685289,0.0014658138420069085,5.5088964173678606e-05
5.2,9.646888756397057e-05,0.0005555871093405599,0.9913632401100321,0.006370102584097372,0.0015759801467345636,3.8621162231533656e-05
5.233333333333333,0.00013779927370818074,0.0007152119352831727,0.9875113139627384,0.009175069860103443,0.002401889891370994,5.871507679596575e-05
5.266666666666667,0.00012928981337150797,0.000719163962164065,0.9885060978446175,0.00829213132116983,0.0022535669995757835,9.975005910155801e-05
5.3,0.00019002944418731882,0.001018700964516516,0.9672036240930475,0.02824772198793174,0.0031724372517635134,0.00016748625855347914
5.333333333333333,0.00014005029969349017,0.000564194099420889,0.976502612743208,0.02066187720216719,0.001954767435597292,0.00017649821991315523
5.366666666666666,0.00015380805886086192,0.0005771322226491003,0.9630458777237407,0.03532874067063125,0.000753114392905852,0.0001413269312121696
5.4,0.0002605468763964932,0.0008374245806255536,0.9299374662377273,0.06735261004505708,0.001454935873873568,0.00015701638631990958
5.433333333333334,0.00030638756025787046,0.0009587737177777707,0.7660776372731264,0.23127883422724743,0.0011326816017465686,0.00024568561984390303
5.466666666666667,7.157946253679074e-05,0.00027573504124056076,0.1333721536680528,0.8660275186169591,0.00018523887545149366,6.777433575916176e-05
5.5,2.8901470656788784e-05,0.0002847436680246743,0.08850615733133045,0.9109655758519462,0.00019025962387629367,2.4362054165693837e-05
5.533333333333333,3.563118566119195e-05,0.00033963820463131863,0.0973549620835422,0.9021754083544542,6.319657421099926e-05,3.1163597500269964e-05
5.566666666666666,2.0660371933054375e-05,0.0003599412284518787,0.0414679839848236,0.9580676599090379,6.633916014391705e-05,1.741534560969558e-05
5.6,1.3545807497354195e-05,0.00023599258555310665,0.022157614099568172,0.9775370924189193,4.349473938598169e-05,1.2260349076280785e-05
5.633333333333333,1.4536533420670086e-05,0.0002673461785671007,0.023602272672306284,0.9760543814263086,4.667589826823943e-05,1.4787291129119707e-05
5.666666666666667,1.7269157964161462e-05,0.00016058386996144024,0.01667730100265379,0.9831175468444995,1.5329735794240486e-05,1.1969389126782139e-05
5.7,6.918262281461452e-06,6.161079922752005e-05,0.005507152425096582,0.9944106042062026,9.49573830003663e-06,4.218568891734303e-06
5.733333333333333,4.711761545603908e-06,3.716865807998253e-05,0.005507299128421369,0.9944370940017594,1.0102352727857204e-05,3.624097465611298e-06
5.766666666666667,3.620860659142012e-06,2.737530135673568e-05,0.005083391017563205,0.9948723737271883,9.932814539569771e-06,3.306278692838714e-06
5.8,3.805910686464724e-06,2.2418972444604494e-05,0.005343186059473209,0.9946123364634739,1.4879366120304486e-05,3.3732278016430358e-06
5.833333333333333,3.222037143216054e-06,2.131774151315273e-05,0.004942705109639408,0.9950137318753655,1.4885370981770191e-05,4.137865357050208e-06
5.866666666666666,3.3448391995849454e-06,2.3941299802274318e-05,0.004973848155097651,0.994977334418315,1.684104428318513e-05,4.690243302174953e-06
5.9,3.347755564436728e-06,2.318346525843649e-05,0.004106614155016042,0.9958448550234246,1.685572798744837e-05,5.143872749015895e-06
5.933333333333334,4.40152178587601e-06,1.7037898722469982e-05,0.0060340492008681785,0.9939166484711275,2.1348096054811518e-05,6.514811441041894e-06
5.966666666666667,5.011212383022652e-06,1.6197776903181742e-05,0.0058136049619691614,0.9941392586191836,2.056817785559153e-05,5.35925170533812e-06
6.0,5.011077157563591e-06,1.619733981298279e-05,0.0058134480842837455,0.9941124321893016,4.755220235576648e-05,5.359107088184289e-06
6.033333333333333,5.011143357272791e-06,1.681891011476336e-05,0.005813524883854082,0.994125565085055,3.4376801539555266e-05,4.703176079173944e-06
6.066666666666666,4.770246909686327e-06,1.601038890312361e-05,0.004982636640710639,0.9949599143439398,3.272423469405783e-05,3.944144842839343e-06
6.1,4.781737994073961e-06,1.6048956451816124e-05,0.0025855896648122262,0.9973566809169286,3.280306435413823e-05,4.09565945925554e-06
6.133333333333333,5.358843787237685e-06,2.0335860744907615e-05,0.0021034095530593866,0.9978318018763375,3.4560146305431055e-05,4.5337197653327475e-06
6.166666666666667,4.420073860966616e-06,2.682643289170185e-05,0.00182124135568677,0.9981059305406631,3.5888512286966367e-05,5.693084610408067e-06
6.2,4.420443498952694e-06,2.8753955487677844e-05,0.001709141195890911,0.9981893992512915,6.272996183502767e-05,5.5551919958467946e-06
6.233333333333333,4.043926409189574e-06,2.8819015514378126e-05,0.0015635628462923783,0.9983411053357545,5.738685481948229e-05,5.0820212101898526e-06
6.266666666666667,4.0609267906489995e-06,2.951886240088552e-05,0.0013252489981500771,0.9985784397218791,5.76281051104052e-05,5.103385668989545e-06
6.3,4.3259865683226104e-06,2.3546060522728764e-05,0.0014638323008337587,0.9984447094169485,5.762038751530958e-05,5.965847611349087e-06
6.333333333333333,4.045849268026136e-06,2.300183056341699e-05,0.0010935151625868387,0.9988158095766465,5.741414186917769e-05,6.21343906600701e-06
6.366666666666666,4.217088328795205e-06,1.570170177402224e-05,0.001044360447107044,0.9988703777716502,5.984417400266264e-05,5.49881713719845e-06
6.4,4.216052857652517e-06,1.6771959071255186e-05,0.0011374706429312501,0.9986251134160506,0.00021112959576712864,5.298333322085742e-06
6.433333333333334,4.578631237887361e-06,1.5424108868488734e-05,0.00109572518872965,0.9986757871006539,0.00020338108733267238,5.103883177445557e-06
6.466666666666667,5.063979810557328e-06,1.733529514716082e-05,0.0011374695321576742,0.9986241382292225,0.0002111293895928616,4.863574069271274e-06
6.5,5.0650008713039765e-06,1.6177836752629324e-05,0.00093738076179025,0.9988254928843251,0.00021117196004934874,4.711556211305993e-06
6.533333333333333,4.754697491319574e-06,1.6180129255610685e-05,0.0008128418244926556,0.9989670328476287,0.00019376063016286039,5.429870969039127e-06
6.566666666666666,4.07796998126708e-06,1.548659313501073e-05,0.0008403428990343254,0.9989823744619739,0.0001530818796109081,4.636196264563273e-06
6.6,3.944344693781272e-06,2.2652401114150673e-05,0.00032157205590427416,0.999498757465628,0.00014806575387534798,5.007978784602546e-06
6.633333333333333,3.498874792532305e-06,2.9321829031085432e-05,0.0002600979849985557,0.9995487274615938,0.0001540239213371425,4.329928246971131e-06
6.666666666666667,5.406355051203956e-06,4.3525118350959635e-05,0.00040189550595126915,0.9993042491428639,0.00023799308477815808,6.9307930046827605e-06
6.7,8.4322061605226e-06,6.208465740348495e-05,0.0006924713482369855,0.9987478815039226,0.00047907324459259384,1.0057039683967836e-05
6.733333333333333,8.433789921655281e-06,6.04450402171754e-05,0.0006511478709661324,0.9989354691940195,0.00033406711945122843,1.0436985424210056e-05
6.766666666666667,3.0700859328679744e-06,2.3005119604116258e-05,0.0002370322165290193,0.9996113027460272,0.00012160781494301752,3.982016963798948e-06
6.8,3.270707612795395e-06,2.683012092585781e-05,0.00020091144439261338,0.9995492021221992,0.0002148959089910579,4.889695878325641e-06
6.833333333333333,3.8120870337034915e-06,4.111968744446987e-05,0.00021259482250477198,0.998672744574998,0.0010641375544746502,5.591273544473219e-06
6.866666666666666,3.6672671021655152e-06,5.643700605945254e-05,0.00011546235751227974,0.9995366526050257,0.00028183280078409207,5.9479635162730155e-06
6.8999999999999995,3.5799643360484463e-06,6.290955977195732e-05,0.00012008665552462716,0.9990298978676807,0.0007780755397668346,5.4504129198043996e-06
6.933333333333334,5.2859621651722905e-06,9.288850993115359e-05,9.807798138568495e-05,0.9987658702317596,0.0010273707747224254,1.0506540035955184e-05
6.966666666666667,6.541333005172086e-06,0.00011053777876578412,0.00012234253842576665,0.9989165393973701,0.0008299316120876912,1.4107340345488292e-05
7.0,6.721954276092942e-06,0.00011358998143910132,0.00016838759649550605,0.9988439556558051,0.0008528479354783737,1.4496876505855035e-05
7.033333333333333,6.713449140902321e-06,0.00011205841242960615,0.00012784801138536987,0.9993814321503126,0.00035877456886879844,1.3173407862672652e-05
7.066666666666666,6.395135796593191e-06,0.00010674524370369464,0.00012178619022411222,0.9993497194303992,0.00040280519963725107,1.2548800239272692e-05
7.1,7.393955923332919e-06,0.0001339743282328648,0.00016491631421823515,0.9991736782387608,0.0005055546660224446,1.4482496842396983e-05
7.133333333333333,7.589180383706723e-06,0.0001426447815286161,0.00021742593229993033,0.9989988232066958,0.0006177698474062499,1.5747051685693848e-05
7.166666666666667,6.825021465987359e-06,8.482766564864823e-05,0.00019553319069806475,0.9991411845018693,0.0005555662477913143,1.606337252658191e-05
7.2,7.121811740801204e-06,7.061562183599084e-05,0.00022540262066665588,0.9990997426757015,0.0005797253892945315,1.7391880760625145e-05
7.233333333333333,7.90246797786083e-06,5.6698480490373345e-05,0.0002663956016377085,0.999007061338174,0.0006432718936681049,1.867021805197323e-05
7.266666666666667,7.903025581656722e-06,5.011194360816384e-05,0.0002748366033468485,0.9990775519913578,0.0005771759951927016,1.242044091285343e-05
7.3,8.850927341532655e-06,5.6122451741559635e-05,0.000318924977488384,0.998959816148432,0.000646403424099317,9.882070897325745e-06
7.333333333333333,8.924554156038963e-06,6.925525395488302e-05,0.0003189209079968532,0.9989470693935574,0.000646395175973753,9.43471436110219e-06
7.366666666666666,5.769966523607819e-06,4.683040765356688e-05,0.00019661701979408535,0.9993239915229873,0.0004226152430312185,4.175840010150862e-06
7.3999999999999995,5.766599190019262e-06,0.0001400619474935644,0.00022391966663230285,0.9987407893105071,0.0008852890731734012,4.173403003580878e-06
7.433333333333334,5.56663015299156e-06,0.00012081027730518935,0.00020761305944526224,0.9987246821885056,0.0009372991631732555,4.0286814177285e-06
7.466666666666667,5.566041020667831e-06,0.00011291958885429484,0.00032130183807635746,0.9986189843108647,0.0009371999661332414,4.028255050899743e-06
7.5,5.909859674350395e-06,0.00012389706360294367,0.000319920004900591,0.998786403517781,0.0007598173959021444,4.052158138814604e-06
7.533333333333333,7.132279554577364e-06,0.0002698618319881638,0.0003327902132317075,0.9983416548385862,0.0010436705133089182,4.890323330487284e-06
7.566666666666666,8.797397308972327e-06,0.0008062929887982607,0.0002971747262003123,0.9979025552502253,0.000981372417873461,3.807219593818202e-06
7.6,7.292112392701747e-06,0.0005132476506228765,0.00024837867976368924,0.9986605275174308,0.0005661766445881327,4.377395201904877e-06
7.633333333333333,7.540354494211355e-06,0.0005928497237533923,0.00023347879509980424,0.998567388652913,0.0005948188012903558,3.923672449343201e-06
7.666666666666667,7.895376342789431e-06,0.0006207628152423273,0.00036121809015776646,0.9983829565572385,0.0006228246026840718,4.342558334362339e-06
7.7,7.412520982055752e-06,0.000663071339240144,0.0003637463052798019,0.9986387860878437,0.0003215192521376859,5.464494516516363e-06
7.733333333333333,7.128668985805279e-06,0.0006032194306501886,0.0003858251983602255,0.9987215345287689,0.0002760517658127936,6.240407422039511e-06
7.766666666666667,8.095644122534074e-06,0.0006054209793841692,0.00045049838032499277,0.9987653545224978,0.00016468628752188698,5.944186148610922e-06
7.8,7.696482921252746e-06,0.00025201771497693464,0.0005284334223523421,0.998981592568672,0.00022388493913112564,6.374871946332918e-06
7.833333333333333,7.678196504178902e-06,3.1653710344446516e-05,0.000943745472563288,0.9987975227889379,0.00020877376320604972,1.0626068444277121e-05
7.866666666666666,8.911824903323995e-06,2.963347116702817e-05,0.0009701535352148755,0.998862382641254,0.00012138550526053739,7.533022200260453e-06
7.8999999999999995,6.065236740104348e-06,1.5792698084582555e-05,0.0008385539009416655,0.9991159757484119,1.954745080883437e-05,4.0649650126760074e-06
7.933333333333334,6.0608243375494535e-06,1.5223301104341247e-05,0.0015659923423942393,0.998389128294152,1.953323022263362e-05,4.062007788947395e-06
7.966666666666667,5.470908999348637e-06,2.246652188821395e-05,0.001332789048123779,0.9986176162458328,1.8183377136876875e-05,3.4738980189351702e-06
8.0,5.661233470316006e-06,2.3014833261624292e-05,0.0009616611596627334,0.9989809373602633,2.5371537269854506e-05,3.353876072335379e-06
8.033333333333333,5.6620156380580806e-06,1.8116261660201187e-05,0.0008279207319820695,0.9991189586357058,2.5988015563161446e-05,3.3543394508002403e-06
8.066666666666666,6.989521833258448e-06,4.226259978904347e-05,0.0004851978493792049,0.999430553071681,3.144343213771739e-05,3.5535251798342566e-06
8.1,7.419668929769119e-06,4.70654176006107e-05,0.0005150577526919889,0.999351440824696,7.590482479118225e-05,3.1115112905097112e-06
8.133333333333333,6.375437509056246e-06,7.369668800210604e-05,0.00035232893854959373,0.999452916269363,0.00011105384450881922,3.628822067394911e-06
8.166666666666666,1.3547821705012366e-05,0.00011452624803452804,0.0005415484256053557,0.9970845783824118,0.0022402818754807896,5.517246762340036e-06
8.2,1.4884659295215991e-05,0.00017800657511469377,0.000323058391107444,0.9712430560401822,0.028225273785278067,1.5720549022136573e-05
8.233333333333333,0.0002002292307818157,0.011892857996118646,0.0015781849014038414,0.33887400222631325,0.6472168432229927,0.00023788242238979705
8.266666666666666,4.464681187071653e-05,0.0012110589330038676,0.0004134898836833345,0.045992889286368785,0.9523117160252488,2.6199059824512966e-05
8.3,1.9933621088408745e-05,0.0036235354143671675,0.00010017578370792001,0.010893850532049044,0.9853421722951784,2.0332353609009208e-05
8.333333333333334,1.9831528645187244e-05,0.0019763473468628044,6.514413016268095e-05,0.007361257784621185,0.9905641916690248,1.3227540683403542e-05
8.366666666666667,8.706839400923473e-06,0.0010034746700397792,2.6181581220431226e-05,0.003930612665371174,0.9950225139877531,8.510256214653624e-06
8.4,1.8960373666367974e-05,0.0020679759277365123,5.7205715698340265e-05,0.010450997331123604,0.9873911318903725,1.3728761402625227e-05
8.433333333333334,7.382987940063074e-06,0.0016614227130526023,3.3391791805318936e-05,0.006005183318733341,0.9922833434795532,9.275708915530662e-06
8.466666666666667,2.7872561894027533e-05,0.011777641367412528,0.00012531695579724305,0.047629893116399084,0.9404175820910902,2.1693907406801002e-05
8.5,1.5336294728029288e-05,0.0038632257106896873,6.127287135934354e-05,0.022524064220840596,0.973515621267256,2.047963512621561e-05
8.533333333333333,3.070297610347607e-05,0.0036535439019131587,7.514415539791796e-05,0.019924642671727694,0.9763041005299231,1.1865764934594123e-05
8.566666666666666,2.0506833365825953e-05,0.0031679998924631736,8.958373161092077e-05,0.011876127737782887,0.9848306743033087,1.5107501468452405e-05
8.6,1.499058714175715e-05,0.0035475139088195044,8.344484387193322e-05,0.01173304577906148,0.9846064877806541,1.4517100451134752e-05
8.633333333333333,2.1376215749375237e-05,0.0026709846942076128,0.000118990334995664,0.01496322052367136,0.9822047271962288,2.0701035147208668e-05
8.666666666666666,3.4097617505883086e-05,0.007337693143262237,0.00013705095172527554,0.02677695492282846,0.9656953408184672,1.8862546211030717e-05
8.7,3.716183952748117e-06,0.0003173291829972879,1.3632769258963384e-05,0.001376355383415967,0.9982864233656125,2.5431147625041653e-06
8.733333333333333,4.884788857735707e-06,0.00039674436000921686,1.3553314205384295e-05,0.0013362789605277125,0.998243662224591,4.8763518088512555e-06
8.766666666666666,3.196811563506071e-06,0.00023169311808703274,5.586213718597875e-06,0.0007160291579688608,0.999038089497032,5.4052016301231464e-06
8.8,5.0265559741294575e-05,0.0019517772786779542,5.402385165002753e-05,0.0020541923608967663,0.9958544009873503,3.533996168358903e-05
8.833333333333334,6.918675959227833e-06,0.00046475936451862804,1.1374993239304425e-05,0.0003952648533187795,0.9991167086515585,4.973461405506974e-06
8.866666666666667,2.4840430334298875e-05,0.0004997202425480248,3.1266208104286714e-05,0.0007161727941340835,0.9986971417272908,3.085859758832877e-05
8.9,2.982000618797797e-05,0.00037190040784604013,2.2982717397077054e-05,0.0007474380095637125,0.9987649032736775,6.29555853276811e-05
8.933333333333334,2.7725168336983126e-05,0.0003829782439649844,1.9725752963800575e-05,0.000769702023273653,0.9986753333675912,0.00012453544386946552
8.966666666666667,0.00011335496450668151,0.0020111705903123915,8.13210989324748e-05,0.002583428394260251,0.9946574639124336,0.0005532610395546738
9.0,8.317022915718955e-05,0.0016253333921267897,0.00013530310425396215,0.0018667061548983295,0.9952030855569809,0.0010864015625829642
9.033333333333333,0.00015610456179251237,0.0025787183362217725,0.00027178391234821135,0.003089387305145733,0.9923578980464565,0.0015461078380353227
9.066666666666666,0.00021055172428374784,0.003224341210083092,0.000366578469715443,0.004012622145936192,0.9665100424362191,0.025675864013762387
9.1,0.00030819711584019217,0.004018527950985571,0.0006986369045445545,0.006036838993213909,0.9331867322611475,0.05575106677426815
9.133333333333333,0.00012901437332826812,0.001624415292352311,0.0002894903475940801,0.002009866250768367,0.9677969392549374,0.02815027448101959
9.166666666666666,2.4495355246186107e-05,0.0003084022918324063,8.546211078484022e-05,0.00030142317172184447,0.049264122546947973,0.9500160945234668
9.2,3.82093040558768e-05,0.0002987599412888536,7.45813279867156e-05,0.0002807309051938346,0.03092879968096665,0.968378918840508
9.233333333333333,3.137322377917653e-05,0.0002254881632633514,6.354231936946314e-05,3.417296935564233e-05,0.008257877674027376,0.991387545650205
9.266666666666666,2.7072537665074434e-05,0.0002093121938689262,5.848662588162828e-05,3.148803254909056e-05,0.0023623447984814647,0.9973112958115539
9.3,1.8121053233699575e-05,0.00010989146883393273,1.628505945951509e-05,1.4919519713608814e-05,0.0012406720605755961,0.9986001108381837
9.333333333333334,2.435051956328054e-06,3.694926555818442e-05,7.484809601607526e-06,5.614486332735463e-06,0.00040443757463542773,0.9995430788119158
9.366666666666667,2.4778720411791226e-06,3.2637053525989406e-05,6.308988194871414e-06,4.850254508275791e-06,0.0001283172691590622,0.9998254085625705
9.4,2.6422443936677913e-06,3.8900449613550984e-05,6.7275018284167426e-06,5.367579491248723e-06,0.0001421521689406334,0.9998042100557325
9.433333333333334,1.7820088473334788e-06,2.5288533330016454e-05,4.202088796145914e-06,3.846598496911361e-06,7.088077151969229e-05,0.99989399999901
9.466666666666667,1.7820615305702682e-06,2.3004646433738263e-05,3.867472457001242e-06,3.7706189354581916e-06,4.4014376250861124e-05,0.9999235608243924
9.5,2.1421461316676e-06,2.4215500672429528e-05,5.103032275640869e-06,4.500865249562872e-06,1.4358431354972507e-05,0.9999496800243158
9.533333333333333,2.3001834422287725e-06,2.0971193914109785e-05,5.749267766858479e-06,5.224466228869136e-06,8.839616855517202e-06,0.9999569152717925
9.566666666666666,2.319363338022507e-06,1.792363725614241e-05,6.344939174406819e-06,5.773249460980467e-06,3.77044594235273e-06,0.9999638683648281
9.6,2.1129746884453153e-06,1.792364524264647e-05,6.344942001616595e-06,5.4738710228918795e-06,3.830633307363027e-06,0.9999643139337371
9.633333333333333,2.0510412390957665e-06,1.730119864161333e-05,6.735900564613123e-06,3.367829699256733e-06,3.47515773709795e-06,0.9999670688721183
9.666666666666666,1.8879171919059038e-06,1.7589049307815003e-05,6.010178032575243e-06,3.0999784243446904e-06,4.729577166064353e-06,0.9999666832998774
9.7,3.834845261475897e-06,3.6410337001096414e-05,1.2008894320566225e-05,6.027246218234783e-06,1.301405937155594e-05,0.9999287046178271
9.733333333333333,3.97099625740881e-06,3.2090472345829916e-05,1.00104240076971e-05,5.160177034880707e-06,1.33641845893336e-05,0.999935403745765
9.766666666666666,3.938185752454443e-06,3.209047339873869e-05,1.001042433614547e-05,5.160177204189393e-06,1.3364185027820984e-05,0.9999354365542806
9.8,3.7021870601654386e-06,2.6152905432435987e-05,9.410542258182052e-06,5.572400693022111e-06,1.2563326361337721e-05,0.9999425986381949
9.833333333333334,9.796883510987922e-06,4.2670996406106166e-05,2.1324870430616898e-05,9.255643331349332e-06,2.2814365775441774e-05,0.9998941372405455
9.866666666666667,3.69399744319006e-05,2.637629502537661e-05,1.398326234290574e-05,6.069161792833444e-06,1.4469756795811731e-05,0.9999021615496113
9.9,2.806243177188569e-05,2.629025522770013e-05,1.2388374588935576e-05,5.967567855342809e-06,1.3660058704528729e-05,0.9999136313118516
9.933333333333334,5.540433824619128e-05,3.537807661820282e-05,1.776107282564361e-05,9.358271839288976e-06,9.131807421797085e-06,0.999872966433049
9.966666666666667,5.941147958773021e-05,2.9855439410102008e-05,6.484688915660193e-06,7.07490115268442e-06,6.7135201669494476e-06,0.9998904599707668
10.0,0.0004119199313986633,3.0230924152039796e-05,6.267192587453059e-06,6.151818836041927e-06,6.797954509139307e-06,0.9995386321785168
10.033333333333333,0.0025975095062919684,0.00013293271232970316,2.1710783195312783e-05,2.0265185973434725e-05,2.6479999423446964e-05,0.9972011018127862
10.066666666666666,0.03878909602147501,0.0005390436584802001,0.00011399789933365999,0.00016544662883070582,9.732408753961398e-05,0.9602950917043409
10.1,0.8869467264323984,0.0004161362391754189,0.00016996102784339677,0.0002245447214450443,0.0001251986245157366,0.11211743295462223
10.133333333333333,0.9099960878988992,0.00041549535587859265,0.00016367728819257732,0.00037612134719909964,0.00013669319309755388,0.08891192491673294
10.166666666666666,0.9822219030826241,0.0002332092582121843,0.00013758925387233448,0.0002813882127340459,5.921674174816877e-05,0.01706669345080922
10.2,0.9994538563871285,2.659164441526339e-05,1.9319176161186962e-05,3.276399429750396e-05,9.950355029595793e-06,0.0004575184429679449
10.233333333333333,0.9987307201828252,5.603623249805736e-05,4.3002157918418494e-05,6.521817841787299e-05,1.9531347581958255e-05,0.0010854919007582716
10.266666666666666,0.9992199533875271,3.226904157012446e-05,2.657554543582414e-05,4.68802394464555e-05,1.4127784144297341e-05,0.000660194001876344
10.3,0.9993103805994452,8.023708174491802e-05,3.547255051422137e-05,4.822040703595535e-05,1.4335670483841324e-05,0.0005113536907760296
10.333333333333334,0.9995528652328418,5.149349390596503e-05,3.513000193075677e-05,3.614932155514665e-05,9.018395303287519e-06,0.0003153435544630013
10.366666666666667,0.9996492094395222,4.084537670099754e-05,4.104137268883513e-05,3.1414839209211e-05,7.837254647938074e-06,0.00022965171723096287
10.4,0.9997199170386005,3.377274360384734e-05,3.4851847401955513e-05,2.3985895969856282e-05,6.4513559502075284e-06,0.00018102111847381983
10.433333333333334,0.9998579357640123,1.7811773133885023e-05,1.8380893376684215e-05,1.7046212025746223e-05,4.001790789159283e-06,8.482356666202736e-05
10.466666666666667,0.9997067178415946,4.959623257700178e-05,5.118092713346077e-05,5.1976501670686456e-05,1.1142840480382714e-05,0.0001293856565439503
10.5,0.9997380047341525,2.2991892818297057e-05,5.118252889539721e-05,5.634136706908243e-05,8.05561308242079e-06,0.00012342386398228632
10.533333333333333,0.9993602178514561,4.6206595403829434e-05,8.172218466204019e-05,0.0001076951918952284,1.6189291476384977e-05,0.0003879688851062905
10.566666666666666,0.9996553429762263,2.4815694612078778e-05,4.645264651837751e-05,6.676919838452767e-05,1.0037087034890965e-05,0.0001965823972237156
10.6,0.9998902948017737,1.0035319938649805e-05,1.81747053311363e-05,2.612360321289516e-05,5.2261804614460655e-06,5.014538928197501e-05
10.633333333333333,0.9995346317408624,7.024327700825558e-05,7.078625157749677e-05,0.00010174536067832302,2.0354757790738327e-05,0.00020223861208264868
10.666666666666666,0.9996247820176247,3.325841511560902e-05,5.0980870275722665e-05,8.165988837101621e-05,1.921421601397373e-05,0.00019010459259907576
10.7,0.9998123100156351,2.2189880665617038e-05,2.91393535227977e-05,5.402380314201295e-05,6.764255597182363e-06,7.557269143718233e-05
10.733333333333333,0.9999038062769381,9.090927131690654e-06,1.3726094237077006e-05,2.9463775983383963e-05,4.465465436311852e-06,3.9447460273490196e-05
10.766666666666666,0.9997647344213548,3.600953520416734e-05,2.7737718964134808e-05,6.5695935981074e-05,7.98006095756431e-06,9.784232753821601e-05
10.8,0.9997834874221713,2.4175918966429366e-05,3.1991383144774255e-05,6.99520647582483e-05,1.653928446977823e-05,7.385392648950707e-05
10.833333333333334,0.9998521013398817,1.3032374227354864e-05,2.4682925973185656e-05,4.64677715248636e-05,6.638685782559554e-06,5.7076902610482694e-05
10.866666666666667,0.9995166774610524,6.154989279586416e-05,6.173757572773805e-05,0.0001943428558001629,1.6604853358093633e-05,0.00014908736126580056
10.9,0.9998789271266965,1.2185978991292363e-05,1.620250636369334e-05,5.383871342595338e-05,4.600035014128024e-06,3.424563950838891e-05
10.933333333333334,0.9998034473689692,1.96596610510219e-05,2.9849573378182148e-05,8.685808978775313e-05,4.877917785814837e-06,5.530738902818237e-05
10.966666666666667,0.999810263293821,1.981187258578644e-05,2.9386944518941178e-05,8.468605531524222e-05,3.0384615642898192e-06,5.281337219494463e-05
11.0,0.9999623563891246,4.308292551512283e-06,6.163458493073239e-06,1.5352931904673012e-05,8.834072833664715e-07,1.0935520643151714e-05
11.033333333333333,0.9998981313336026,2.1724652586644287e-05,1.4283269986199582e-05,3.262008884021636e-05,1.876959022838982e-06,3.1363695961418335e-05
11.066666666666666,0.9999203567037636,8.722352271838817e-06,1.3663284038071994e-05,3.31275662066642e-05,1.8391209647973629e-06,2.229097275520838e-05
11.1,0.9997847967837004,3.810842890426875e-05,4.1101199879104755e-05,6.635746409956192e-05,3.49731883765179e-06,6.613880457900532e-05
11.133333333333333,0.9997865548097702,2.851531685589963e-05,3.4576130354744166e-05,6.759055269759285e-05,3.562307818784595e-06,7.920088250269734e-05
11.166666666666666,0.9998748669265506,2.5092540692778046e-05,2.0494159797278024e-05,4.045334178670042e-05,2.5076239779859535e-06,3.658540719488318e-05
11.2,0.9998647026138727,1.599845006096858e-05,2.031223238920114e-05,5.0407480514713774e-05,2.6566872853695777e-06,4.5922535877004045e-05
11.233333333333333,0.9997663754777022,2.307183389169827e-05,2.715010750569918e-05,9.234737852316187e-05,4.285940257224239e-06,8.676926212024144e-05
11.266666666666666,0.999777427903984,3.7988882434450336e-05,1.9651841149893755e-05,8.149060003812428e-05,3.782065597034307e-06,7.96587067967448e-05
11.3,0.999806363581217,2.964380499919011e-05,1.974443340838013e-05,7.41134345839199e-05,3.439683486031034e-06,6.669506230571871e-05
11.333333333333334,0.999816910216606,2.964411770214366e-05,2.261795466875206e-05,7.41142163826766e-05,4.045625018183633e-06,5.266786962225013e-05
11.366666666666667,0.9998678264062563,1.4937089775898063e-05,1.544488071238335e-05,5.724271877919266e-05,3.124671439636003e-06,4.142423303673316e-05
11.4,0.9999531960762575,5.67282318683087e-06,6.476071799422998e-06,2.364326311820965e-05,1.142342312415676e-06,9.869423325578516e-06
11.433333333333334,0.999944848685548,5.988151387550075e-06,6.815047889425696e-06,2.3738565805505894e-05,7.740062301684044e-07,1.7835543139295683e-05
11.466666666666667,0.9998706002845144,1.840806103301394e-05,1.3931227694890563e-05,6.220515152777155e-05,2.5956585507086593e-06,3.225961667942633e-05
11.5,0.9998921695324431,1.614615194674046e-05,1.1681596465922225e-05,4.323084341458503e-05,2.1730332158215805e-06,3.4598842513650876e-05
11.533333333333333,0.9997995910831797,4.9294618770806924e-05,1.873677428982578e-05,7.153246867728148e-05,3.5956372387823286e-06,5.724941784371806e-05
11.566666666666666,0.9998882673443822,1.7746464327693485e-05,1.2754592774028214e-05,5.1195913327426635e-05,2.878791457707992e-06,2.7156893730885965e-05
11.6,0.9999151959118365,1.3037740787360313e-05,9.685119182089182e-06,3.697544058609537e-05,1.6899306366568292e-06,2.3415856971172338e-05
11.633333333333333,0.9999155920067502,2.3428712560727257e-05,8.905201218667766e-06,3.399790259442593e-05,1.3211285663014694e-06,1.6755048309749194e-05
11.666666666666666,0.9997803985116717,3.173577435343067e-05,2.008603779048778e-05,9.000364849994737e-05,4.524105992101277e-06,7.325192169223377e-05
11.7,0.9998217050325945,2.5469595069671947e-05,1.6978089976816795e-05,7.223256809673355e-05,1.9613900057089323e-06,6.165332425671889e-05
11.733333333333333,0.9998918979149167,1.7662312173581156e-05,1.0523759947280798e-05,4.7073389184087966e-05,1.215754988415164e-06,3.162686879003268e-05
11.766666666666666,0.9997943507639631,3.758431204144487e-05,1.666594087882385e-05,7.436351784242544e-05,2.0047606242424756e-06,7.503070464985007e-05
11.8,0.9997831672081596,6.914904128738144e-05,1.5689246293743895e-05,5.947364289122574e-05,1.8872731772200868e-06,7.06335881906555e-05
11.833333333333334,0.9997578680545062,8.021662949776939e-05,1.7949320559054914e-05,6.8826873374252e-05,2.383652270384425e-06,7.275546979253177e-05
11.866666666666667,0.9996783951220676,0.00017963675767166624,1.914259818387131e-05,4.8106234243001816e-05,2.2811819854355524e-06,7.243810584856583e-05
11.9,0.9998566166344726,6.579345641944628e-05,1.0071672703591418e-05,2.9270269977458303e-05,1.6632270100076213e-06,3.658473941695497e-05
11.933333333333334,0.999530789517839,0.0002955757558430189,2.534826671447567e-05,5.882725292420702e-05,3.342745935156803e-06,8.611646074419625e-05
11.966666666666667,0.9996731177349869,0.00015727759250294473,2.5351876181684777e-05,5.883562963267485e-05,3.290636439701467e-06,8.212653025579738e-05
12.0,0.9997857896387976,0.00013038177206482773,1.6237110802409193e-05,3.834434069361498e-05,1.7342747393014605e-06,2.7512862902316536e-05
12.033333333333333,0.9998570434114208,7.046292817785438e-05,1.0905728900506182e-05,2.927028247112618e-05,1.3918865783721577e-06,3.0925762451661194e-05
12.066666666666666,0.999830809274812,9.3534416840556e-05,1.1563874667370029e-05,3.10367038336072e-05,1.765604076219248e-06,3.129012576996518e-05
12.1,0.9998551892776081,8.949980556177242e-05,8.5763428821751e-06,2.3018358609560354e-05,1.344390374405072e-06,2.2371824963869345e-05
12.133333333333333,0.9998548855390056,8.651894800988899e-05,1.0931688049470091e-05,2.2442585532718583e-05,1.4415876932981122e-06,2.377965170904305e-05
12.166666666666666,0.9994622878171119,0.0003819243138335966,2.707976768952132e-05,5.735185544693943e-05,3.6839663094782914e-06,6.76722796085417e-05
12.2,0.9998119526936586,0.00010456407613290176,1.6781592444333843e-05,3.145127416713541e-05,2.020256075744362e-06,3.323010752131887e-05
12.233333333333333,0.9995537433015074,0.00031159767620293137,2.7068823587393663e-05,5.073112071175286e-05,3.2586868914307694e-06,5.360039109926138e-05
12.266666666666666,0.9997463751134688,0.0001438014784658469,2.0153029283882212e-05,3.776986310495815e-05,2.4261273172060605e-06,4.9474388359356576e-05
12.3,0.9999000160168455,5.9898437752061916e-05,8.462882169935906e-06,1.6099640904240574e-05,1.034151976840463e-06,1.4488870351389445e-05
12.333333333333334,0.9996877528608897,0.00020603827529346087,1.8383349986540996e-05,2.7787256739317377e-05,3.2591237815904155e-06,5.6779133309514143e-05
12.366666666666667,0.999603377631631,0.0002851298603076858,1.8204630568089562e-05,3.1921302567977246e-05,3.680929949943166e-06,5.768564497538627e-05
12.4,0.9994642927763813,0.00042202505708239954,1.694709078574544e-05,3.709739041263451e-05,4.277798349356449e-06,5.535988698846863e-05
12.433333333333334,0.9997988724726544,0.00018026627214020444,3.8692258977886076e-06,8.90497286421378e-06,9.766731274473005e-07,7.110383315999356e-06
12.466666666666667,0.9988961331071983,0.000991816761468537,2.166456737023254e-05,3.9441175694294424e-05,3.905229112858152e-06,4.7039159155694085e-05
12.5,0.9984352737155279,0.001409292194590988,3.360497379855081e-05,6.002141293613339e-05,1.253134768776787e-05,4.927635545846647e-05
12.533333333333333,0.9972820982588941,0.002463940965856035,4.370426277711897e-05,0.00010493864844317945,1.0705778335866067e-05,9.461208569359147e-05
12.566666666666666,0.9982320482635599,0.0016738830480995876,1.0538327619943928e-05,3.736848862883687e-05,1.2753017105506312e-05,3.3408854986182306e-05
12.6,0.995785505079515,0.004069877922841744,1.3553199404916575e-05,5.0228592847555045e-05,1.8966480453814745e-05,6.186872493691941e-05
12.633333333333333,0.966554708755498,0.032875978639004724,2.9296085823545118e-05,0.00010132174742161963,0.00010175613129181502,0.0003369386409600963
12.666666666666666,0.6414175012024272,0.35719508452005483,9.06274299377999e-05,0.00031343878567724383,0.0003147825520083281,0.0006685655098945429
12.7,0.2437608763187557,0.7535905475438197,0.0001730079127906939,0.0005983551573170209,0.0006009204094529238,0.0012762926578640298
12.733333333333333,0.06161799443476711,0.9372347309361208,4.8952626726223044e-05,0.00011456834834628874,0.0002199412487060914,0.0007638124053337845
12.766666666666666,0.06134746892343031,0.9373361310937259,4.7040745412484874e-05,6.697464343339052e-05,0.00010327521233339017,0.0010991093816643518
12.8,0.029241423031920857,0.969135638846473,5.33194052399642e-05,6.435376853079524e-05,0.00010677886572550918,0.0013984860821098727
12.833333333333334,0.049022300133357594,0.9486798716770966,6.515150264790385e-05,5.383723595130604e-05,0.00013047414016991674,0.002048365310776653
12.866666666666667,0.029737801309467717,0.9675200227196167,6.789352215015683e-05,6.14042299358688e-05,0.00013306526978205724,0.0024798129490474405
12.9,0.006013480504070721,0.9925646055581763,4.581331685406793e-05,2.981587173157456e-05,6.776412041912183e-05,0.001278520628748465
12.933333333333334,0.0057114083958858175,0.9934637116519449,4.5854816452309276e-05,2.984288018202178e-05,5.449669979636151e-05,0.000694685555738558
12.966666666666667,0.005410643932515097,0.9937440644936499,7.316653544527193e-05,3.3899022845099146e-05,4.334442137267853e-05,0.0006948815941719286
13.0,0.004627709432488361,0.9943396081700969,9.547824353210789e-05,3.800127029323808e-05,5.835100720082019e-05,0.0008408518763883885
13.033333333333333,0.0004659725865493116,0.9981029311672588,8.973122495051012e-05,3.5713900957352575e-05,4.0699518267587176e-05,0.00126495160201635
13.066666666666666,0.0002506202451777996,0.9984164844549617,8.498624010603224e-05,3.348182403275762e-05,3.8155846108231265e-05,0.001176271389613476
13.1,0.0003368598816127424,0.9984773335948387,8.499141964752856e-05,3.348386460422817e-05,3.8158171541007185e-05,0.0010291730677553972
13.133333333333333,0.0003494831533225927,0.9984272995394265,0.00011770113387915246,3.3415246345985465e-05,4.019318657072167e-05,0.0010319077404552547
13.166666666666666,0.00041891082062948747,0.9986195076067615,0.00010274727963367662,3.064985860944062e-05,3.544255304645998e-05,0.0007927418813193576
13.2,0.0003184021737993172,0.9987286526114296,0.00012174275424823306,3.0270725283446687e-05,3.3617219489150223e-05,0.0007673145157501754
13.233333333333333,0.00027613979493895847,0.999122699013611,7.23942499720277e-05,2.3118087103329908e-05,0.00011099400681733064,0.00039465484755728383
13.266666666666666,0.0001898029280017883,0.9991667066418437,7.737626614531492e-05,2.5962614663798717e-05,0.00028108783637505354,0.0002590637129702953
13.299999999999999,0.0001176606028494028,0.999223785968482,6.725026700920318e-05,2.5964097828272603e-05,0.00034971186269013986,0.00021562720114110898
13.333333333333334,0.00024830230518095055,0.9987793705181863,6.356492570779646e-05,2.2051126199276675e-05,0.0005983540664892417,0.00028835705823652524
13.366666666666667,4.1279063978880166e-05,0.9988032076922891,9.74978597815673e-05,2.320351271260243e-05,0.0007549212292168815,0.0002798906420208205
13.4,4.128278319317087e-05,0.9988931991505633,9.750664426935507e-05,1.889426718502924e-05,0.0007258199889757149,0.00022329716581348622
13.433333333333334,4.173913833642159e-05,0.9987276304783892,0.00015755178174170845,1.8232367668106695e-05,0.0008616655862465592,0.00019318064761819772
13.466666666666667,4.0099404164170376e-05,0.9991000448460374,9.233686423938484e-05,2.231156130801415e-05,0.0006146820879719388,0.00013052523627911952
13.5,2.739747466281561e-05,0.9991043135418642,9.042239962597987e-05,2.1437502969541787e-05,0.0005906018366132635,0.00016582724426394667
13.533333333333333,1.6441509953604074e-05,0.9994138352214305,4.672255456861038e-05,1.228264307212987e-05,0.0004302075459393124,8.051052503589964e-05
13.566666666666666,1.083257345617551e-05,0.9996816714792132,3.2931502873500925e-05,7.4912549060376196e-06,0.0002236210279743028,4.345216157686127e-05
13.6,1.0293723687126487e-05,0.9995745502022696,3.161444879752502e-05,6.8957653834210105e-06,0.0003349474696208221,4.169839024151298e-05
13.633333333333333,9.762066684203378e-06,0.9993737178022011,9.423921062456245e-05,6.436642886175031e-06,0.00047367541658857495,4.216886101561393e-05
13.666666666666666,1.1718134588292871e-05,0.9994531917391377,0.00010156641602158003,6.8929872019184975e-06,0.00036597756599456585,6.065315705581125e-05
13.7,9.464637704790981e-06,0.9993647339559867,0.0003283038491933287,5.640470294279621e-06,0.00026262274106660446,2.9234345754538405e-05
13.733333333333333,1.4044533987905705e-05,0.9991944647019736,0.0004815444809385125,8.424101374095605e-06,0.00023302005073668275,6.850213098923011e-05
13.766666666666666,1.0128630754589005e-05,0.9989960649805572,0.0005987008299753308,2.3255493038513913e-05,0.0002964082790966004,7.544178657788502e-05
13.799999999999999,1.3737277092938947e-05,0.9987295774918292,0.0005416618429227173,1.796122297197271e-05,0.0006496916370371139,4.7370528145886294e-05
13.833333333333334,1.2170461137157128e-05,0.9990408904759713,0.000668281942369525,1.248746016007468e-05,0.00023412977630350612,3.2039884058460995e-05
13.866666666666667,1.2365708464998179e-05,0.9991728117499699,0.000639265104482344,1.2053033020035475e-05,0.00014720036005374493,1.6304044009036434e-05
13.9,8.753843038686199e-06,0.9995949743364247,0.0002769858646961122,8.532496095645872e-06,0.00010420501589504092,6.54844384982352e-06
13.933333333333334,5.2152984800753676e-06,0.9995243613942961,0.00040156812848691874,6.411682251044601e-06,5.822564698151855e-05,4.2178495042424925e-06
13.966666666666667,2.5529258695351858e-06,0.9997074940787213,0.0002644232697493257,3.0308458180119222e-06,2.0365574233614793e-05,2.1333056085029876e-06
14.0,5.1856098545029795e-06,0.9994420629130646,0.0005182290057565823,7.222882300178375e-06,2.4529684013369666e-05,2.769905010978849e-06
14.033333333333333,8.790342073949788e-07,0.9995202326698718,0.0004691662090094294,5.30141775792042e-06,3.9258501859070715e-06,4.948189675805512e-07
14.066666666666666,2.343505694682467e-06,0.9438089824033179,0.05612969444552291,3.74927380341565e-05,1.9297408729045572e-05,2.1894987013577374e-06
14.1,4.326368146747297e-06,0.8879682867821442,0.1119515240162725,6.499923504864902e-05,7.435033815047814e-06,3.4285645729751127e-06
14.133333333333333,2.4167127016676698e-05,0.2966267641889173,0.7029373008602484,0.0003717393345590576,2.18549982881714e-05,1.81734909703691e-05
14.166666666666666,2.609353908056768e-05,0.2151541468109996,0.7843905922279825,0.00037891646857155897,2.9096000421930107e-05,2.1154952943884994e-05
14.2,2.6864000890922643e-05,0.19187316740436394,0.8075512295737781,0.0004986499663498245,2.8309461094872976e-05,2.177959352225935e-05
14.233333333333333,2.32598189333795e-05,0.20674228767653555,0.7926625138652006,0.0005293533928748281,1.7587887565897456e-05,2.499735888981865e-05
14.266666666666666,2.6720850672572228e-05,0.1438222209674033,0.8547007780361775,0.0014132435419342258,1.7977784847570236e-05,1.905881896497363e-05
14.299999999999999,2.814813351964956e-05,0.09802539870883731,0.900354255720062,0.0015444949511242794,2.549715578194234e-05,2.2205330674961854e-05
14.333333333333334,2.7812323032429972e-05,0.07751887536105273,0.9190949345377564,0.003299341468306344,2.793849502183142e-05,3.109781483030902e-05
14.366666666666667,3.465110588839741e-05,0.08131226720876852,0.9077963417418836,0.010792358146055643,2.8105761123737986e-05,3.627603628003515e-05
14.4,3.338972216223503e-05,0.08312692312205167,0.9029999903487189,0.01375004651090362,4.168418279791824e-05,4.796611336576272e-05
14.433333333333334,3.635665316243341e-05,0.07659660397352004,0.9164291799758933,0.006857784535383912,3.840953955488056e-05,4.166532248536118e-05
14.466666666666667,2.9217824487886813e-05,0.06213739527740915,0.9328343234931867,0.004926652526439968,3.568324034634524e-05,3.6727638129842806e-05
14.5,2.363463754419983e-05,0.05660691258556227,0.9393804391494148,0.0039218580070727455,3.309351017391133e-05,3.4062110232042874e-05
14.533333333333333,3.227360570186199e-05,0.08224617640093379,0.9124548007374946,0.005173602842608971,5.49953184057794e-05,3.8151094855230835e-05
14.566666666666666,3.948121991989892e-05,0.04358390305037562,0.946982738729676,0.009263955537282332,9.153833077975485e-05,3.838313196638329e-05
14.6,3.831929417974822e-05,0.03707040344410309,0.9560435158554546,0.006727707003644796,8.265865574748404e-05,3.7395746870390834e-05
14.633333333333333,4.565150863812366e-05,0.03688893589169426,0.959166154357262,0.0037780538137209,8.27594132191925e-05,3.844501546556605e-05
14.666666666666666,5.063933109795936e-05,0.01835468289058442,0.9777172878836033,0.003762806745220069,8.421354023630417e-05,3.0369609257705843e-05
14.7,4.2938259891678376e-05,0.030714392035875195,0.9676496870037709,0.001505906486577452,5.234881225058236e-05,3.472740163445054e-05
14.733333333333333,4.3706795646574577e-05,0.06028353840842282,0.9358025605548389,0.0037611718970650605,7.990878399480653e-05,2.911356003176636e-05
14.766666666666666,3.18068550571255e-05,0.07588993987240333,0.9172476271770055,0.006732296126167092,7.11323060436997e-05,2.719766332337839e-05
14.799999999999999,2.375891534651764e-05,0.040312806012980054,0.9560689413161256,0.0035350903563393034,4.614010073295409e-05,1.3263298475573364e-05
14.833333333333334,3.106629761718436e-05,0.014169348036789623,0.9837234169023163,0.0020341952331413733,3.336385407971041e-05,8.609676055672451e-06
14.866666666666667,3.931976962460526e-05,0.0029069988050601,0.996264728566112,0.0007407507609475786,2.717310366309628e-05,2.1028994592489093e-05
14.9,2.465646099410786e-05,0.0012933225099988888,0.9983590802932156,0.00029671895795685307,1.946455332380748e-05,6.757224510335984e-06
14.933333333333334,2.1548458301604354e-05,0.0010482981742978156,0.9987626803711159,0.00014924536534205926,1.1842103021373123e-05,6.385527921162174e-06
14.966666666666667,1.729905151252819e-05,0.000663230442133957,0.9992170295795275,7.397439220238254e-05,2.2750906894712353e-05,5.715627728809214e-06
15.0,1.0269149117922315e-05,5.8411454218536705e-05,0.9997858472182436,0.00012056713282715238,1.9531392651422965e-05,5.373652941448355e-06
15.033333333333333,1.4262829486364664e-05,8.247163598470779e-05,0.9996782293682727,0.00019461913434235242,2.314459700392913e-05,7.272434910038535e-06
15.066666666666666,1.3281382075570393e-05,5.342332983794542e-05,0.9997490138627819,0.00014249224147697975,3.60552254306539e-05,5.733958397093946e-06
15.1,1.0778972747743028e-05,4.246274312336279e-05,0.9997966001214269,0.0001134885665747382,3.169043529852195e-05,4.979160828521922e-06
15.133333333333333,1.1394157229338002e-05,4.4886204173574366e-05,0.9997750542807733,0.00012918815742655592,3.3499092251915124e-05,5.978108145322274e-06
15.166666666666666,1.122178056710824e-05,4.5237785718842345e-05,0.999719638245965,0.00018158978999567598,3.23847279188224e-05,9.927669834551764e-06
15.2,9.606772895289952e-06,2.8801700120009474e-05,0.9998348485839014,9.43578315048721e-05,2.1610814667060796e-05,1.0774296911412205e-05
15.233333333333333,1.5072680617616133e-05,4.591791312263849e-05,0.9996343750229822,0.00026860169044644984,1.80129730229143e-05,1.801971980811325e-05
15.266666666666666,2.442106356975774e-05,7.579290789284643e-05,0.9992703168641791,0.0005444526604207844,5.946924755713618e-05,2.554725638039221e-05
15.299999999999999,2.4421097751400614e-05,7.579301397856636e-05,0.9992717155215722,0.0005727122731274923,3.326893699130233e-05,2.2089156579016037e-05
15.333333333333334,2.904707566160343e-05,8.787624087860116e-05,0.9991142763792814,0.0007102021315683358,3.0178199315976235e-05,2.841997329415479e-05
15.366666666666667,3.2801756629531564e-05,7.726058669301383e-05,0.9989100248286933,0.0009151432855060065,3.460611239949165e-05,3.0163430078533197e-05
15.4,4.268309187539364e-05,5.9217709726113395e-05,0.9982584156018828,0.0015952369347856895,2.2588678215364787e-05,2.1857983514874713e-05
15.433333333333334,4.6491853978131366e-05,6.012158300152586e-05,0.9956312245426036,0.0042047427427747705,2.8442425739598774e-05,2.8976851902425713e-05
15.466666666666667,4.0184579018329357e-05,0.00015415696809846876,0.9624818204940834,0.03725217408346441,4.1502188446884545e-05,3.016168688870516e-05
15.5,0.00012879606446221012,0.0005053150089126343,0.7715677684966086,0.22753779122881823,0.00011391452168100254,0.00014641467951736014
15.533333333333333,7.195498453551843e-05,0.00033186731706453724,0.06788306318010146,0.9315757137186819,8.840044732466085e-05,4.9000352291808286e-05
15.566666666666666,2.835948235983517e-05,0.00019205569415664796,0.04563417423878162,0.9540779527879996,2.7607282623466102e-05,3.9850514079122986e-05
15.6,1.7025503739146394e-05,0.00018655310162491763,0.026363751551096794,0.973398657191384,1.3279784342521673e-05,2.073286781278188e-05
15.633333333333333,8.625454440262569e-06,8.458170432005606e-05,0.008753437040156417,0.9911343094851871,7.167887969423972e-06,1.1878427926812167e-05
15.666666666666666,6.882043281792356e-06,7.94065296408215e-05,0.00660394638232016,0.9932931778552394,6.068025330452805e-06,1.0519164187366484e-05
15.7,7.179042499651623e-06,8.899790072306216e-05,0.005745645354219562,0.9941394420578253,6.329895054792192e-06,1.2405749677719604e-05
15.733333333333333,4.631065301799789e-06,3.686557792076394e-05,0.0031804209909548236,0.9967653538495934,4.346396309415542e-06,8.382119919877836e-06
15.766666666666666,3.864906306657126e-06,2.608197627287882e-05,0.0018679710065458777,0.9980864724543957,4.883023714850538e-06,1.072663276386958e-05
15.799999999999999,3.735076437496674e-06,2.208067829985402e-05,0.0018052221551810594,0.9981549400445326,4.718993262439701e-06,9.30305228650225e-06
15.833333333333334,3.7343122533647255e-06,2.3572275151315056e-05,0.002011066363209596,0.997950720886191,4.114288829058823e-06,6.79187436597484e-06
15.866666666666667,2.876676041472864e-06,1.6206303628259623e-05,0.0014214256134009522,0.9985504149689117,3.169385766171226e-06,5.9070522513028755e-06
15.9,2.7362909621489817e-06,1.4991917660381334e-05,0.001352058418550566,0.9986231416707829,3.0147161176681146e-06,4.056985926314243e-06
15.933333333333334,3.676138578612272e-06,1.1672798917399275e-05,0.0016354629311846607,0.9983367858837666,6.95178826934245e-06,5.450459283357021e-06
15.966666666666667,5.2557195467310994e-06,1.534610030794556e-05,0.002338196537363976,0.9976215162456792,9.938866207190531e-06,9.74653089483394e-06
16.0,2.4347487756517344e-06,8.164574752219476e-06,0.0012754339115742131,0.9987032861232475,5.144608649780624e-06,5.536033000433393e-06
16.03333333333333,2.5273438419884663e-06,9.073608640787486e-06,0.0013368660218129257,0.9986404950286879,5.5023120808094895e-06,5.5356849355211754e-06
16.066666666666666,2.527259524875208e-06,9.790728167976712e-06,0.0013682853447609697,0.9986071784366496,5.5021285129612235e-06,6.716102383523247e-06
16.1,2.5272672180653454e-06,1.1848557322548414e-05,0.0013595410275149746,0.9986102182807262,9.616461615949346e-06,6.248405602343247e-06
16.133333333333333,2.987572834643067e-06,1.1853033973179008e-05,0.0009812190756307855,0.9989875156125182,1.0173938653048037e-05,6.2507663900846124e-06
16.166666666666668,3.236345605519961e-06,1.3458635520897181e-05,0.0011011814047585799,0.9988669846714504,8.35121589468014e-06,6.787726769932243e-06
16.2,3.237925071680611e-06,1.3917486342449287e-05,0.0006123789146819712,0.9993544717304925,8.355291622217838e-06,7.638651789259462e-06
16.233333333333334,3.5535231993798773e-06,1.527401329558144e-05,0.0005611960047282588,0.9994018604994839,9.16967562863484e-06,8.946283664351255e-06
16.266666666666666,3.1290962226085867e-06,1.200369827040799e-05,0.0006049806163480844,0.9993642781871092,8.074464626293844e-06,7.5339374234620945e-06
16.3,5.870391228835422e-06,1.9788293063217866e-05,0.0010398841095738398,0.9989109595100214,1.281913085869615e-05,1.0678565254067755e-05
16.333333333333332,6.160736178331209e-06,1.441350222243726e-05,0.0009281730179685986,0.999026614350979,1.343167392903797e-05,1.1206718722639023e-05
16.366666666666667,8.981450668126226e-06,1.8946891444298266e-05,0.0006761186065441185,0.9992662314132688,1.8379167945530988e-05,1.1342470128970883e-05
16.4,8.981126706920439e-06,1.949449640342405e-05,0.0007116159617470693,0.9992301878491284,1.8378505008369835e-05,1.134206100571949e-05
16.433333333333334,5.344454039561528e-06,1.3933842150333978e-05,0.00022715630220080852,0.9997318064843178,1.3388838216927344e-05,8.370079074269965e-06
16.466666666666665,6.1714069842687295e-06,1.4622340239881877e-05,0.00025398281912711085,0.9997029530684366,1.3483913750573915e-05,8.78645146165943e-06
16.5,4.9680007269902815e-06,1.4211120974296888e-05,0.0002539835036515391,0.9997056474282155,1.2370432553090697e-05,8.819513878633036e-06
16.53333333333333,1.6804809642482489e-06,5.913040101053271e-06,0.00010152213424362295,0.9998799702425513,7.036343761208105e-06,3.87775837875169e-06
16.566666666666666,1.6245819567373763e-06,6.103309220321167e-06,9.81451328581043e-05,0.999883710939304,6.8022889631326e-06,3.613747697842667e-06
16.6,1.4625378992206495e-06,6.123461429286451e-06,0.00011559165646396209,0.9998676563475,5.790430101579237e-06,3.3755666059659685e-06
16.633333333333333,1.462534052894775e-06,5.392351104642735e-06,0.00011831195329336794,0.9998650267972915,5.790414873337195e-06,4.015949384275666e-06
16.666666666666668,1.4625335659738364e-06,5.392349309369213e-06,0.0001183119139038117,0.9998646939125863,5.9724063875794495e-06,4.166884247016389e-06
16.7,1.4625316711460907e-06,5.573465603704066e-06,0.00011831176062138295,0.9998633985089058,7.461747095258492e-06,3.791986102620213e-06
16.733333333333334,1.3151113595452573e-06,4.577061515225799e-06,9.771880355866672e-05,0.9998863931555999,6.709617685980393e-06,3.286250280780601e-06
16.766666666666666,1.3932851470267746e-06,5.81410598804314e-06,6.600283643826832e-05,0.9999166700869494,6.709820855695923e-06,3.409864621656516e-06
16.8,1.4615033947114263e-06,7.041764078075856e-06,4.0190363856496575e-05,0.9999408320022997,7.027109803245565e-06,3.4472565677214016e-06
16.833333333333332,1.4615000986961828e-06,7.04174819733153e-06,4.251197975800464e-05,0.9999385769133023,7.317004463309746e-06,3.090854180349421e-06
16.866666666666667,1.5072636098301943e-06,8.481464339269184e-06,4.034726843681994e-05,0.9999390120885195,7.222201219802225e-06,3.4297138748175275e-06
16.9,1.5029746500089402e-06,1.0639093646314213e-05,3.871107080442215e-05,0.9999397483221304,6.92932021460989e-06,2.469218554153661e-06
16.933333333333334,3.447903529561051e-06,2.4406644872046994e-05,7.554797878910445e-05,0.9998745125349294,8.910229817138233e-06,1.3174708062475695e-05
16.966666666666665,4.846724215082345e-06,3.2924021269001336e-05,0.00011531536092909849,0.999781980170296,5.299891936126729e-06,5.963383135462968e-05
17.0,2.4682157296268617e-06,1.7437853810919077e-05,3.972227337394384e-05,0.9999004667522299,4.008313548034761e-06,3.58965913074835e-05
17.03333333333333,2.01265303319406e-06,1.6299363469798327e-05,3.4096075131064076e-05,0.9998995050816425,3.879884074970762e-06,4.420694264833638e-05
17.066666666666666,2.066680065074374e-06,1.642354603564756e-05,3.8054743926598876e-05,0.9998290080226304,4.124016645018123e-06,0.00011032299069717274
17.1,2.3548811536097496e-06,1.56230810439686e-05,4.0856097549550363e-05,0.9999196331281782,5.4567094530669555e-06,1.607610262135972e-05
17.133333333333333,3.2025980835359724e-06,2.1247122952954186e-05,6.81993971374172e-05,0.9998793039663415,7.103802349517079e-06,2.0943113134938195e-05
17.166666666666668,3.2044793932611187e-06,1.6174224005182687e-05,4.69499451205862e-05,0.9999092719880134,5.758678712909214e-06,1.8640684754956883e-05
17.2,3.6205070719459696e-06,1.4841943324098699e-05,5.55342331293078e-05,0.9998951854301844,6.623893788706205e-06,2.419399250160746e-05
17.233333333333334,3.1321176600514498e-06,1.1560349695233414e-05,5.2860700400518045e-05,0.9998720786701123,4.834694878238588e-05,1.202121334928681e-05
17.266666666666666,3.132026093987289e-06,1.351623006530664e-05,5.864183361990922e-05,0.9998428478554223,6.984119288407282e-05,1.2020861914471041e-05
17.3,2.3029334278530916e-06,9.938288220428224e-06,3.237321864827057e-05,0.9998589037441682,8.764304985968427e-05,8.838765675543514e-06
17.333333333333332,3.088212984541049e-06,3.995999132353101e-05,3.852135039397093e-05,0.9998258472747299,8.480606547831954e-05,7.777105089665269e-06
17.366666666666667,3.2292239953666173e-06,4.533272353618806e-05,4.028027524294051e-05,0.9997319699587651,0.0001715782105764893,7.609607883913548e-06
17.4,3.526118667505881e-06,5.3872384322158e-05,3.790400444321885e-05,0.9996853621075977,0.00021077412925628734,8.561255713116387e-06
17.433333333333334,3.8802060559916776e-06,5.7665904673837624e-05,3.221251053642923e-05,0.9996542729569389,0.00024272161869485064,9.246803100119266e-06
17.466666666666665,3.5699025069920042e-06,3.8322083888574015e-05,4.5484623995954076e-05,0.9996989602525319,0.00020989885313014457,3.764283946392223e-06
17.5,3.9312488919016515e-06,1.95859282022071e-05,0.00011833125823143851,0.9995068914691083,0.0003470145081832503,4.2455873829253155e-06
17.53333333333333,4.371169310705756e-06,1.916537673364064e-05,7.276759095084818e-05,0.9993969821913627,0.0005022197229541951,4.4939486877554335e-06
17.566666666666666,7.492564409532344e-06,3.548672101074162e-05,0.00014757158695310243,0.9988278756533766,0.0009759598759891934,5.613598260822665e-06
17.6,9.236995987112354e-06,3.767046440862826e-05,0.00036449529706635903,0.998083538837713,0.0014985017811431378,6.556623681819402e-06
17.633333333333333,8.825022172404101e-06,2.283408761436069e-05,0.0004425831061924522,0.998161465465354,0.001357975933520085,6.316385146589945e-06
17.666666666666668,2.467347588335008e-05,5.827817868988299e-05,0.001592849685280294,0.9953372311080405,0.0029716760946281117,1.5291457477884788e-05
17.7,6.913507381690755e-06,1.724975427096509e-05,0.0006384334502752204,0.9992358299237677,9.755450518235994e-05,4.0188591219925736e-06
17.733333333333334,6.944361391387051e-06,1.636401586499439e-05,0.000575606724909694,0.999153992513194,0.0002438825841339122,3.2098005061400714e-06
17.766666666666666,5.123588924402778e-06,1.207346301830214e-05,0.0008740023774943799,0.9988991004652734,0.00020588419910575482,3.815906183674269e-06
17.8,4.9389284166952345e-06,1.1514951046218283e-05,0.0009502671455241759,0.9988394083323491,0.00018979894435862136,4.071698305200583e-06
17.833333333333332,4.78407333588225e-06,1.43783372391692e-05,0.001419259480151421,0.9983212942145407,0.0002345411419410421,5.742752791808892e-06
17.866666666666667,5.158512128442947e-06,1.5702784738604732e-05,0.0014999226256747526,0.9982255751796586,0.00024787121056357535,5.769687236094841e-06
17.9,4.846533415764393e-06,1.623027822921337e-05,0.0007574023818443641,0.99899038729678,0.00022567263704307628,5.460872687579767e-06
17.933333333333334,6.073390260818433e-06,1.8916801938247497e-05,0.0007040600503400868,0.9990128330958845,0.0002531957219186876,4.920939657494752e-06
17.966666666666665,5.7826605917490655e-06,2.9350944318476776e-05,0.00047761877343189955,0.9991031383741868,0.00037993213699941207,4.17711047181657e-06
18.0,7.211145945424303e-06,3.865224496225621e-05,0.00046476282545073735,0.998909057275961,0.0005748102879681179,5.506219712467457e-06
18.03333333333333,7.97955539775458e-06,6.179213908040242e-05,0.0005040646216391167,0.9986295574808443,0.0007912249352961391,5.381267742526877e-06
18.066666666666666,1.1155819280356656e-05,9.396344970723694e-05,0.0007152620649791886,0.9974349445397617,0.0017371508436523013,7.523282619447145e-06
18.1,1.756326399175941e-05,0.00014793219855134177,0.000701059194710232,0.9845074971539293,0.014614830415537234,1.1117773280229517e-05
18.133333333333333,2.418500605572873e-05,0.0003163569515171741,0.0009457524687045568,0.938569125037961,0.06012927111410539,1.5309421656175564e-05
18.166666666666668,3.669717696508042e-05,0.0005996683362362352,0.0010676849840008885,0.8620179467869089,0.13625120136509783,2.680135079104647e-05
18.2,5.21472011628389e-05,0.000962251351237088,0.00035874133812342714,0.08331663656711571,0.9152850473814728,2.5176160888338216e-05
18.233333333333334,3.826804518236956e-06,8.669971517989136e-05,2.976709409421789e-05,0.0006910686873093241,0.9991867146462853,1.9230526131867142e-06
18.266666666666666,9.441702395015162e-07,2.383423340660561e-05,6.114195624918589e-06,9.403229662835047e-05,0.9998743539166509,7.211874496804589e-07
18.3,9.095205094967104e-07,3.0236662152795203e-05,5.25853832140116e-06,8.923836481801032e-05,0.9998735956959831,7.612182151559423e-07
18.333333333333332,4.988777798992339e-07,2.4527799265714256e-05,2.069764900833583e-06,4.894781025540797e-05,0.9999235101782821,4.4556951610773034e-07
18.366666666666667,4.5599361232973274e-07,2.2390292267825133e-05,1.9531079934441147e-06,2.3725462825055727e-05,0.9999510380078431,4.371354581264132e-07
18.4,7.207379409949402e-07,2.4907437684373584e-05,1.4435576456083444e-06,4.0875918275278656e-05,0.9999315113324341,5.410160196196614e-07
18.433333333333334,5.176002933096227e-07,3.784605738685777e-05,1.8284776024071164e-06,8.451066978690166e-05,0.9998730144065725,2.282788357940432e-06
18.466666666666665,5.787719254075356e-07,3.984786515577666e-05,1.7948254026754522e-06,7.074629798787357e-05,0.9998839434559386,3.0887835896653165e-06
18.5,6.495349424244904e-07,3.316856129623286e-05,1.583660901706985e-06,0.00018669186462028824,0.9997763378709611,1.5685072781815095e-06
18.53333333333333,1.019285667455696e-06,2.5017933069768664e-05,1.7119527280415246e-06,0.0002550337079781336,0.9997145687386095,2.6483819471911865e-06
18.566666666666666,1.2079043623727587e-06,2.329408804698465e-05,7.811500902537092e-07,9.733054588388939e-05,0.9998714239188239,5.962392792694043e-06
18.6,1.4584514290067773e-06,2.6397778894081307e-05,1.24884531760084e-06,8.831331556705275e-05,0.9998711809491869,1.1400659605290015e-05
18.633333333333333,2.9672148371485053e-06,3.062309617877691e-05,1.45588271880869e-06,6.071425857030971e-05,0.999862446323876,4.1793223818847026e-05
18.666666666666668,3.94803693318604e-06,4.074565589544758e-05,3.108163072796601e-06,8.078354563532164e-05,0.9997914010988013,8.001349966179543e-05
18.7,4.3559167783088085e-06,3.5561443266836967e-05,4.843275570655092e-06,6.337834575669766e-05,0.9994535534810339,0.00043830753759359673
18.733333333333334,3.13851590192206e-05,0.00023752975236774416,2.2940902378122465e-05,0.00038629094098933866,0.9725161464012081,0.026805706844037498
18.766666666666666,5.129082162847856e-05,0.0003831193834120457,5.1228549630159e-05,0.0007625542171227481,0.8697366108616569,0.12901519616654963
18.8,2.9723380034917283e-05,0.0003822499867226635,5.3985163988685315e-05,0.0005084245849967827,0.8309107630031735,0.16811485388108346
18.833333333333332,4.251028213133413e-05,0.0004603271324647943,6.926235906571507e-05,0.00019371893781839852,0.7240875866254208,0.275146594663099
18.866666666666667,4.268132823639177e-05,0.00046217932349041957,9.3551159279513e-05,0.00010161316050193461,0.5696595485578336,0.4296404264706581
18.9,9.276529958551295e-06,0.0001259161202303949,2.2027429522530164e-05,2.0516169645589986e-05,0.0641979860385471,0.9356242777120959
18.933333333333334,6.841672988305884e-06,9.895058864061158e-05,2.4021430012486305e-05,1.7513062923421868e-05,0.027583154671353475,0.9722695185740817
18.966666666666665,2.198751958350206e-05,0.00018475043471148417,4.786979469885359e-05,2.934418397690932e-05,0.054327083833693446,0.9453889642333357
19.0,2.1939464731665705e-05,0.00016794248321397588,1.0709092345091116e-05,1.9656946768253612e-05,0.024536615850170224,0.9752431361627709
19.03333333333333,2.0741381425468663e-05,0.0001878659579960561,1.012428387687642e-05,1.7090304458316374e-05,0.003109064157345993,0.9966551139148974
19.066666666666666,9.509558063915817e-06,0.00012194436128966619,1.0608045349785016e-05,8.562606757266708e-06,0.0006250449138858208,0.9992243305146534
19.1,6.9256033390943186e-06,6.359818481716012e-05,6.737403583889485e-06,5.0762228711001645e-06,5.3725393735158204e-05,0.9998639371916536
19.133333333333333,8.153669190125367e-06,8.076398134505914e-05,7.932097368802496e-06,5.976351806442298e-06,2.7669402701281503e-05,0.9998695044975884
19.166666666666668,6.811305041158833e-06,7.405637009487557e-05,6.9802052339027875e-06,5.480003756924053e-06,1.64416749002281e-05,0.9998902304409729
19.2,1.7740492768585027e-06,3.233036843823717e-05,3.174065058025369e-06,2.4216300220275786e-06,4.8802927621629195e-06,0.9999554195944428
19.233333333333334,1.7740495201907484e-06,3.219321081679146e-05,3.1740654933866573e-06,2.421630354183331e-06,4.880293431553908e-06,0.9999555567503838
19.266666666666666,6.164703605739053e-06,5.828778525382055e-05,6.317569997851434e-06,5.3862949177150945e-06,7.578998321124868e-06,0.9999162646479038
19.3,8.02500853445848e-06,5.514678542836628e-05,7.492312898937629e-06,6.945985702177362e-06,1.5003803267189428e-05,0.999907386104169
19.333333333333332,7.311074184741014e-06,5.1198916386090945e-05,1.4382819094673112e-05,5.928929501623219e-06,6.548976573424921e-06,0.9999146292842593
19.366666666666667,1.9291826894040265e-06,2.3586593299513323e-05,6.625954774673509e-06,2.9349817810439463e-06,4.257786150247201e-06,0.9999606655013051
19.4,2.6915909768330028e-06,2.812554172349433e-05,9.033068619695044e-06,4.431813132874393e-06,7.427783774288237e-06,0.9999482902017728
19.433333333333334,2.474409829398453e-06,2.637700223815204e-05,7.70592160114908e-06,4.0742156116694075e-06,6.8640585642914125e-06,0.9999525043921553
19.466666666666665,6.412426631833168e-06,2.571041644137641e-05,1.0634948864806726e-05,3.8331689909097426e-06,1.2892609087154375e-05,0.9999405164299838
19.5,6.626349547785006e-06,5.346478308699924e-05,8.754054920524554e-06,3.632638474043485e-06,1.2413169776208916e-05,0.9999151090041946
19.53333333333333,8.935197703788297e-06,7.025188290837105e-05,1.1804268830166682e-05,4.766466869570411e-06,1.7772212167527954e-05,0.9998864699715206
19.566666666666666,4.446033138135507e-06,5.760464617193332e-05,1.0254627854317465e-05,4.011084479770319e-06,1.568555790649883e-05,0.9999079980504493
19.6,5.241263942634015e-06,5.1874083356765783e-05,1.1810908864439043e-05,3.8088490905913737e-06,1.613536400155903e-05,0.999911129530744
19.633333333333333,9.982700701401328e-06,6.606758202965425e-05,1.3302206819450006e-05,5.394569290954733e-06,1.7602668216733274e-05,0.9998876502729419
19.666666666666668,4.744365052802738e-05,6.813934383079257e-05,1.4041092190742489e-05,6.170277754476997e-06,1.4011282786148292e-05,0.9998501943529098
19.7,3.512878338200684e-05,7.184401430248054e-05,2.281325235112879e-05,9.315739887612107e-06,1.4961461533686142e-05,0.9998459367485432
19.733333333333334,1.59765401633561e-05,4.938980193656129e-05,1.4146161272461021e-05,7.835341187892553e-06,1.2583880314418039e-05,0.9999000682751255
19.766666666666666,3.553561225339265e-05,6.973681930251252e-05,1.642166731253462e-05,2.625792002737384e-05,1.633253702406038e-05,0.9998357154440801
19.8,5.2138282380519746e-05,9.582655384496859e-05,2.2565293379993115e-05,4.06680501387982e-05,1.5229397575926666e-05,0.9997735724226797
19.833333333333332,6.545274435714462e-05,0.00012032918194465818,1.771412102202157e-05,4.704086666820972e-05,2.4228442100901463e-05,0.9997252346439071
19.866666666666667,5.482335632131498e-05,8.986575517222209e-05,1.3361577166834684e-05,1.6340172080071752e-05,1.7473073454418624e-05,0.9998081360658052
19.9,0.0007235858235620965,0.0007042631486539183,0.00010519780295914713,0.00016029725709756478,8.68567790408504e-05,0.9982197991886864
19.933333333333334,0.001217249696635348,0.0006440489982151754,9.046776376123287e-05,0.00020069964849922086,7.943056744680808e-05,0.9977681033254422
19.966666666666665,0.003667910324238324,0.0007388487635583454,6.711385012275592e-05,0.00017909469246563928,7.849773606509228e-05,0.9952685346335497
20.0,0.01788879323744168,0.0013945180282590181,0.00013077399085722322,0.00033802692746756776,0.00013611127625084141,0.9801117765397237
20.03333333333333,0.06153035940264517,0.002614573623103772,0.0002451873838520226,0.00039010744712917114,0.0002717611517442441,0.9349480109915256
20.066666666666666,0.8976460098588229,0.0015931238282438957,0.0003736198365658385,0.00045135736584809037,0.00032806393696599125,0.09960782517355325
20.1,0.9826722305236633,0.00030516664910817715,0.00010034397911241178,9.425008956079732e-05,0.00011021896111214936,0.01671778979744306
20.133333333333333,0.9781370677381998,0.0008081506766225439,0.00017276448355535136,0.00039310298089038735,0.00028749871200773984,0.020201415408724187
20.166666666666668,0.9928168919657314,0.0004966133900450792,0.00042501261298313187,0.0004110255356433715,0.00018096068078014705,0.0056694958148166335
20.2,0.9992869743686287,6.670167152164231e-05,7.310183134416334e-05,5.2507142121231075e-05,2.1259639017039652e-05,0.0004994553473673218
20.233333333333334,0.9974443571776499,0.00033505590909536654,0.00022034302339905937,0.0002319472289099957,5.9778698665477824e-05,0.0017085179622804746
20.266666666666666,0.9990032282452966,0.0002180066240632307,9.15132857984564e-05,0.00016257961801905769,1.2499491360048703e-05,0.0005121727354625712
20.3,0.9993544666265047,0.0001747416847152452,7.75765515153568e-05,0.00012793306168024107,1.2027180792287469e-05,0.0002532548947920161
20.333333333333332,0.9999072199421112,2.800786367612205e-05,1.29498672474128e-05,1.5691233732671258e-05,1.947619736277072e-06,3.4183473496607965e-05
20.366666666666667,0.9997744167354581,5.467159742833377e-05,3.144120238643424e-05,4.5289013404020284e-05,6.06149766661521e-06,8.811995365666906e-05
20.4,0.9995805072439632,0.00011444041113065823,4.437464313166147e-05,9.865383069678543e-05,1.2558585480952066e-05,0.00014946528559692447
20.433333333333334,0.9996214704417973,5.856091649135548e-05,4.668311049172609e-05,7.919074720745061e-05,1.661594977627229e-05,0.00017747883423576455
20.466666666666665,0.9998342225046688,2.372940604270859e-05,1.950704796792525e-05,3.788830988079386e-05,5.5207413986260615e-06,7.913199004110597e-05
20.5,0.999132318820101,8.955858176407897e-05,0.00011751755173641424,0.00017587734591828307,2.4284531998070054e-05,0.00046044316848208836
20.53333333333333,0.9994199254345245,6.289136082256759e-05,7.819139639111123e-05,0.00011365420471973255,1.6499305056406445e-05,0.0003088382984856514
20.566666666666666,0.9990628216652611,8.955235229225941e-05,0.00019992444513157597,0.00018210609149807858,2.071519902637637e-05,0.0004448802467905517
20.6,0.9983977636299635,0.0002595686583722842,0.00030188868014970153,0.0002700799928322319,3.0722535191092264e-05,0.0007399765034911595
20.633333333333333,0.9984191317988264,0.00017982868613159597,0.00030750457170317585,0.00027510416250218047,3.129405190313134e-05,0.0007871367289335229
20.666666666666668,0.9993450626509824,9.331623048149247e-05,0.00010415691647787566,0.00012245795203627522,1.335197583293815e-05,0.0003216542741889844
20.7,0.9994324964811278,6.780531914408377e-05,0.00011142544544635127,0.00013681613079643716,1.1697996309866986e-05,0.00023975862717556432
20.733333333333334,0.9992227967094187,0.00011547104433647203,0.000132402582808573,0.00018116955560445598,1.5490284519699026e-05,0.0003326698233120973
20.766666666666666,0.9985926319589675,0.00027085355099867804,0.00027225716892437447,0.00031890488029383463,2.561740508673764e-05,0.000519735035728785
20.8,0.9995802653727776,0.00010916238070745122,6.284663435819544e-05,0.00012741374913325038,5.913407889506047e-06,0.00011439845513387407
20.833333333333332,0.9996593177833889,7.752499664002272e-05,5.248262131440891e-05,0.0001123164200870487,5.212724758371499e-06,9.314545381149789e-05
20.866666666666667,0.9999270495992996,1.0634037440674545e-05,1.5148115620134965e-05,2.909045465250948e-05,1.0437400587420806e-06,1.7034052928565366e-05
20.9,0.9996120536252457,5.078078589213614e-05,7.830335393161547e-05,0.00014496201739220695,6.727841721612819e-06,0.00010717237581664978
20.933333333333334,0.9996120536252457,5.078078589213614e-05,7.830335393161547e-05,0.00014496201739220695,6.727841721612819e-06,0.00010717237581664978
20.966666666666665,0.9995847775724099,5.4769392070101825e-05,7.590172294954992e-05,0.00014495806186602933,6.727658141427282e-06,0.0001328655925630091
21.0,0.9993104987039274,0.00011826307649877794,0.00012028741835324252,0.00022972641929280003,1.0661847952165058e-05,0.0002105625339756913
21.03333333333333,0.9997342183760851,3.156625409108269e-05,5.0033410581417085e-05,9.765113436221378e-05,4.894333407881013e-06,8.16364914724166e-05
21.066666666666666,0.9996362568794289,4.296370092381389e-05,5.846040272556296e-05,0.00012859025539858698,6.445020705963136e-06,0.000127283740816977
21.1,0.9997409445312745,2.8236457586135675e-05,3.5139201158916676e-05,9.433202826871014e-05,4.378049967071625e-06,9.696973174476008e-05
21.133333333333333,0.9997481598183251,2.896107487381813e-05,3.9815149953888734e-05,9.675282125441473e-05,5.2813839685715366e-06,8.102975162402556e-05
21.166666666666668,0.9993391902469968,0.00010653583892616937,7.667665055794929e-05,0.00022973301504603373,1.2540288200230254e-05,0.00023532396027287127
21.2,0.9996965850997831,6.782902716193074e-05,3.740175483554262e-05,0.0001081575874761297,3.8805996005978155e-06,8.614593114269178e-05
21.233333333333334,0.9997141538035114,6.613355818187355e-05,3.392020460024574e-05,0.00010545405711167652,3.7835992967142276e-06,7.655477729824455e-05
21.266666666666666,0.9996367940872791,7.960460759759843e-05,3.2614841988435716e-05,0.00012310371420922462,5.523305958150107e-06,0.00012235944296726874
21.3,0.9996346437063458,4.774342355470528e-05,4.023761845978227e-05,0.00014364670592288627,6.445010305246023e-06,0.0001272835354115576
21.333333333333332,0.999719037088481,6.132260317997882e-05,2.7332530991281637e-05,0.00010513707278230593,4.377954030339489e-06,8.279275053540928e-05
21.366666666666667,0.9996083929863486,8.63743661578777e-05,3.768843920206453e-05,0.0001457861775477879,5.739146304796813e-06,0.00011601888443876672
21.4,0.9993152671669344,0.00014837204906032676,5.7249192975683244e-05,0.0002351458747504201,1.088756786109503e-05,0.00023307814841837612
21.433333333333334,0.9996993061923682,6.78292117870116e-05,2.6598678245724614e-05,0.00011465792802647759,5.461823947611774e-06,8.614616562489165e-05
21.466666666666665,0.9998787931558842,2.817338582140971e-05,1.3111862039629824e-05,4.949031848290698e-05,2.416051435079788e-06,2.8015226336449235e-05
21.5,0.9997935694162532,3.2737182667684955e-05,2.164253718611301e-05,8.168908846673082e-05,5.158574124075866e-06,6.52032013021891e-05
21.53333333333333,0.9998535142069754,1.9285374325415044e-05,1.5167744581901437e-05,6.439204561600227e-05,3.867564253678213e-06,4.3773064247672757e-05
21.566666666666666,0.9998592688339556,2.2380382365186608e-05,1.7718985136471783e-05,7.04919595134399e-05,4.692207679715031e-06,2.5447631349740844e-05
21.6,0.9996733027809733,4.791317704479783e-05,3.670104586454263e-05,0.00013887333654525843,9.718893488132968e-06,9.349076608385278e-05
21.633333333333333,0.9993018358268015,0.00012083977051605066,5.8641146653522344e-05,0.0002790942246707299,1.953209385045549e-05,0.00022005693750788593
21.666666666666668,0.9997598165876571,4.770793447428651e-05,2.2715719908424857e-05,0.00010504665917478694,5.961421456105779e-06,5.8751677329341994e-05
21.7,0.9994626549805704,7.00050544628916e-05,4.329953903917233e-05,0.00022313867478872238,1.6354155491784324e-05,0.000184547595646779
21.733333333333334,0.9996142801837091,6.557936678198502e-05,2.825115934836379e-05,0.00015754387707760152,1.2632538149150126e-05,0.00012171287493367753
21.766666666666666,0.9996776298912662,6.340297022158012e-05,2.4298321976705094e-05,0.00012643987249943034,1.0545932334177062e-05,9.768301170202202e-05
21.8,0.9996626843917903,5.058012694916403e-05,2.4297958709040088e-05,0.00013078898004581448,1.0545774669124389e-05,0.00012110276783665932
21.833333333333332,0.9997009861189803,8.91917886802236e-05,2.0714562196116468e-05,0.00010531119532515257,6.564507948696025e-06,7.723182686970543e-05
21.866666666666667,0.9993135472380005,0.0001786562297966109,5.108070624023146e-05,0.00021094431887246087,1.700885849695933e-05,0.00022876264859348857
21.9,0.9992452482677188,0.00019643172318087722,5.616300735489492e-05,0.00023193233227022892,1.870116361294e-05,0.0002515235058626139
21.933333333333334,0.9997378704404227,4.0872880169168985e-05,2.288766778954998e-05,9.162112119298044e-05,7.387592583834281e-06,9.936029784183728e-05
21.966666666666665,0.9996457786380695,6.610625464419826e-05,3.2071748347606185e-05,0.0001315736781704837,5.5921946172834476e-06,0.0001188774861507989
22.0,0.9998521974234404,2.8624294305309746e-05,1.6882228154520604e-05,6.038591391435938e-05,2.5665451285329935e-06,3.9343595056890805e-05
22.03333333333333,0.9994426732939872,0.00010138526462622843,5.3494744265432914e-05,0.00021702696058619665,8.795106144043306e-06,0.00017662463039083774
22.066666666666666,0.9993118141074205,0.00015183843763414654,6.664986143242399e-05,0.00027039697168001906,1.1410029832500232e-05,0.00018789059200038783
22.1,0.9993326612276096,0.00015278445827948038,6.032367403745876e-05,0.0002447317733267827,1.0327027027224723e-05,0.00019917183971974417
22.133333333333333,0.9996836041472293,0.00016279947150238294,2.758510683190585e-05,7.461445070907861e-05,3.3898474178562136e-06,4.800697630910928e-05
22.166666666666668,0.9992530647149998,0.00032062971888785117,5.7521219872959677e-05,0.00017803025883882724,1.1604848646199412e-05,0.0001791492387544392
22.2,0.9997241324774999,0.00012006026222317305,1.69938723000734e-05,7.652182687830416e-05,3.541980774283453e-06,5.874958032435043e-05
22.233333333333334,0.9992056008161093,0.00041511663854154124,4.420322122884778e-05,0.00013040689589699763,1.173011210271242e-05,0.00019294231612031586
22.266666666666666,0.9991810075619413,0.0004036168740724777,3.5579355770575874e-05,0.00011042506067092434,1.3292703885466305e-05,0.0002560784436593009
22.3,0.9996220989937716,0.0002476607349052874,1.295081729392546e-05,3.324267007030691e-05,2.9237860384957216e-06,8.112299792035117e-05
22.333333333333332,0.9991681360227774,0.00048471546947449437,4.063991492325976e-05,0.00010273119138133144,7.88595456096227e-06,0.00019589144688238698
22.366666666666667,0.9994356282117252,0.00029834033963768795,2.3230796585463617e-05,7.986635669008198e-05,4.979865218642205e-06,0.00015795443014299853
22.4,0.9995406880669979,0.00025216863835890663,2.113022992936609e-05,7.964900316497644e-05,3.534456159196515e-06,0.00010282960538949303
22.433333333333334,0.999437019561064,0.00029615012102780216,3.333540588094386e-05,8.738024104887698e-05,5.203153470745708e-06,0.00014091151750770064
22.466666666666665,0.9997439403872146,0.00014410246941995333,1.3370878252048895e-05,5.064342942413909e-05,1.893645045490376e-06,4.6049190643711015e-05
22.5,0.9997045325986534,0.0001795624049352055,1.461495247037848e-05,3.8216824720404864e-05,3.6654490501878735e-06,5.940777017036076e-05
22.53333333333333,0.9980975660709864,0.0013375921276120395,9.714250210019395e-05,0.0001471762293035066,1.5633046562310876e-05,0.000304890023435535
22.566666666666666,0.998430558543044,0.0011509018923719656,5.162903618027447e-05,0.00013730258843422085,1.1619513928326179e-05,0.0002179884260413269
22.6,0.9980693417040122,0.0014970293250538438,5.235257731322601e-05,0.00015175152227692266,1.1615310166676093e-05,0.0002179095611773397
22.633333333333333,0.9991758688465359,0.0006019074278794516,4.9016777202804867e-05,5.454014054424483e-05,7.341065510078845e-06,0.00011132574232762025
22.666666666666668,0.9995406373024582,0.0003076733314676918,3.56920651720975e-05,3.705831673773307e-05,4.988024015894414e-06,7.395096014848141e-05
22.7,0.9990526332547326,0.0006955431944524359,5.106960712043538e-05,6.404995157481956e-05,8.835610264217375e-06,0.00012786838185550582
22.733333333333334,0.9993518139631564,0.0004797858145518112,3.058958459832413e-05,4.7039632137973844e-05,5.478014109643655e-06,8.529299144590061e-05
22.766666666666666,0.9989190422553216,0.0009425517895926182,2.698560314058314e-05,4.584315226949555e-05,4.539114509558638e-06,6.103808516626038e-05
22.8,0.9943689121395921,0.004548396890073338,0.00020702180198152724,0.000320019218645985,3.7370098308662775e-05,0.0005182798513986541
22.833333333333332,0.9974142119556452,0.002098048166968182,8.417056635076791e-05,0.00018275786889266517,1.8644848800006765e-05,0.00020216659334323567
22.866666666666667,0.9972688871215399,0.0022374545485071185,4.677969878223604e-05,0.0002162918283101644,1.8642132215937375e-05,0.00021194467064477275
22.9,0.9959665215972217,0.0037297282414995385,3.19635287857056e-05,0.000142969913808372,3.8680846151053374e-05,9.013587253388488e-05
22.933333333333334,0.9895062613582426,0.01020408254176619,2.218250220524802e-05,0.00011992502143431861,4.566718125442195e-05,0.00010188139509709077
22.966666666666665,0.9853685845026083,0.014289786797663158,2.837066927129518e-05,9.025663660210325e-05,6.395227411233563e-05,0.00015904911974293364
23.0,0.778643876971769,0.22031127641320497,7.537965100549506e-05,0.00021202945870214563,0.00020438763317515656,0.0005530498721433591
23.03333333333333,0.08581636146726788,0.9133643132080206,6.449796191642113e-05,0.00015992272548007977,0.00017488255258382273,0.0004200220847311734
23.066666666666666,0.0776699522824531,0.9213991002240554,6.506534491953693e-05,0.00010917155780593866,0.00022820750706204927,0.0005285030837039707
23.1,0.01782502996485056,0.981355105748064,7.068027555215563e-05,5.528293518827705e-05,0.00020926551935805435,0.00048463555698706094
23.133333333333333,0.009746661540608974,0.9895889899870343,7.499624155335459e-05,5.865868983630505e-05,0.00017165610054465223,0.00035903744042257464
23.166666666666668,0.0012070085761480866,0.9984504227516852,2.7753553928894236e-05,2.4684660098983594e-05,9.812163716297114e-05,0.00019200882097610393
23.2,0.0005286200960488528,0.9991583747558312,4.2539549052718574e-05,2.2547107441353645e-05,8.96248555403898e-05,0.00015829363608544758
23.233333333333334,0.00012484490078318997,0.9994568788178325,3.5970712896285735e-05,2.255384351375985e-05,0.00012409467007766482,0.0002356570548964687
23.266666666666666,0.0001482848187912316,0.9993223886324392,3.892077178809831e-05,2.0881774530073082e-05,0.00011595232237541162,0.00035357168007601927
23.3,0.00020453406734557977,0.9992626392129197,6.051427580665248e-05,2.4061154971215516e-05,0.0001240705528794159,0.00032418073607740864
23.333333333333332,1.934230762311389e-05,0.9996401245434622,4.388114286823837e-05,1.6680801112121586e-05,9.752457256026902e-05,0.0001824466323741983
23.366666666666667,1.5504120789418428e-05,0.999695218236109,2.4152912597939738e-05,1.2765721665445732e-05,0.00013669619986688444,0.0001156628089716153
23.4,1.2964166627088517e-05,0.9996947109389708,2.5689120278877194e-05,1.57859107139637e-05,0.00014238706102305353,0.00010846280238626604
23.433333333333334,7.1261031022459604e-06,0.9998833228114664,1.5227528009708847e-05,9.677714953080346e-06,5.371811886596079e-05,3.0927723602634114e-05
23.466666666666665,1.2996078449457351e-05,0.9998400453800862,3.103976094090968e-05,1.062036291847563e-05,6.358529135104796e-05,4.171312625370042e-05
23.5,1.0281218290381719e-05,0.9998543056614961,3.1297961763628965e-05,9.192045558087216e-06,5.732008064762081e-05,3.760303224414014e-05
23.53333333333333,1.0847330905144148e-05,0.9998249960281304,4.135978473458847e-05,1.111048311293022e-05,7.201281281809237e-05,3.967356029883981e-05
23.566666666666666,9.439043172143107e-06,0.9998276602763733,4.2667431910580085e-05,1.3076254449320764e-05,6.158717502726711e-05,4.5569819067587995e-05
23.6,8.939466919782988e-06,0.9998286956704006,3.5249953679154366e-05,1.3076267990730244e-05,6.158723880525178e-05,5.2451402204752417e-05
23.633333333333333,9.337411525711896e-06,0.9998004201369006,4.2547433588064525e-05,1.4288332859349609e-05,7.757310696706754e-05,5.583357815913896e-05
23.666666666666668,9.336856503109364e-06,0.9997409912652407,4.254490453734677e-05,1.3735500662525969e-05,0.0001338563900806695,5.953508297560689e-05
23.7,5.790408361764118e-06,0.999808936839093,3.656453213336142e-05,1.2177940303509376e-05,6.809688276448824e-05,6.843339734379594e-05
23.733333333333334,8.202891829181297e-06,0.9997392370148981,3.656198310487452e-05,1.2177091341005704e-05,6.809213551670716e-05,0.00013572888331025076
23.766666666666666,8.202433562877976e-06,0.9996833851502175,3.655994051731046e-05,1.2176411050353304e-05,6.809342322690007e-05,0.0001915826414247715
23.8,8.202421329085765e-06,0.9996818941392003,4.095322068685113e-05,8.904415720319922e-06,6.546251376749422e-05,0.00019458328929593719
23.833333333333332,8.338992922140821e-06,0.9997332600881413,3.770459247876927e-05,8.07181637661216e-06,6.546098208490984e-05,0.0001471635279964043
23.866666666666667,8.655401348768363e-06,0.9997161105790764,4.576127292868935e-05,8.071677911989996e-06,6.273497011502523e-05,0.00015866609861936058
23.9,8.316111733887531e-06,0.9996947608492733,7.495619303853418e-05,7.75527011299278e-06,6.434164144277399e-05,0.00014986993439829844
23.933333333333334,1.0549561258961385e-05,0.9995496086033061,0.00011086381002442044,9.834871047210916e-06,0.0001379045761744538,0.00018123857818864192
23.966666666666665,1.0461599438098217e-05,0.9994736245383293,0.00013535899038959304,9.834123417004013e-06,0.00022095288981807264,0.0001497678586077775
24.0,1.1920969791942426e-05,0.9994635648264396,0.0001722570781960287,8.287509892009983e-06,0.000203523112305832,0.00014044650337436012
24.03333333333333,1.1999094575464725e-05,0.9994367763187937,0.00016763824588725664,9.324296903923308e-06,0.00024433826325929043,0.00012992378058037412
24.066666666666666,1.704119639475692e-05,0.9990868115838353,0.00025558867702154116,1.151533405698786e-05,0.00033474676551856875,0.00029429644317281565
24.1,1.70410494392439e-05,0.9990781959143983,0.0002663476088525358,9.37764320050082e-06,0.00033474387881498766,0.00029429390529438356
24.133333333333333,2.035165982012323e-05,0.9987407288120639,0.0005984150807992283,8.05750015276709e-06,0.00033862872035871923,0.0002938182268051211
24.166666666666668,1.7140894883985865e-05,0.9989013653650075,0.0004959905864586656,6.057362886502441e-06,0.0004296840053132202,0.0001497617854501202
24.2,1.3936904417984345e-05,0.9991678892394551,0.000501428883683738,4.5212116162390655e-06,0.00023192860439223332,8.029515643464588e-05
24.233333333333334,1.5432927380061996e-05,0.999143226306315,0.0006201069740097955,1.5320782820238776e-05,0.00011699876560401736,8.891424387093759e-05
24.266666666666666,1.506306769761437e-05,0.9991793451911686,0.0006243794637476039,1.4953610751765027e-05,0.00011656360092996192,4.969506570466646e-05
24.3,1.1797303266305232e-05,0.9994698944916706,0.00037840311498991475,1.1711577250150317e-05,0.00011821890700913437,9.974605813823897e-06
24.333333333333332,1.2401688572801659e-05,0.9992976160875068,0.0004979052894079778,1.3271536936390988e-05,0.00016476748898376338,1.4037908592132058e-05
24.366666666666667,1.2148386394206036e-05,0.9949756762332708,0.0047838394996350545,5.055737114647908e-05,0.00016432779009298607,1.345071946036365e-05
24.4,1.3481760465311745e-05,0.9831150987517121,0.01661372074960029,6.805674478764894e-05,0.0001735716010491572,1.60703923855373e-05
24.433333333333334,5.466201917127559e-06,0.9765474682522642,0.023258383792763494,6.483785010610047e-05,0.0001135172402429445,1.0326662706214502e-05
24.466666666666665,3.0157759633724524e-06,0.9906576635875999,0.009255011249700365,3.229395243690806e-05,4.68527047292612e-05,5.162729570201387e-06
24.5,8.030261326943649e-06,0.9877573920377752,0.012090657926756773,6.431029889054691e-05,7.257019326005014e-05,7.0392819903226905e-06
24.53333333333333,8.646191801463145e-06,0.9868244451935367,0.01301802558901371,8.49247413275489e-05,5.63790811347913e-05,7.579203185916717e-06
24.566666666666666,1.3468151708821633e-05,0.8983002417981745,0.10097038368840192,0.0005423618937714692,0.00015588385860847587,1.7660609334957156e-05
24.6,2.4328424327633657e-05,0.6975559038976312,0.3008672379988941,0.0012796247191950597,0.00024427970867458985,2.8625251277390847e-05
24.633333333333333,3.824160554458098e-05,0.5072964464294649,0.4899414179326282,0.002614883232722598,6.758459745372486e-05,4.1426202185901674e-05
24.666666666666668,4.332738267692344e-05,0.39013609448180225,0.601908509256557,0.007746572734031076,0.00011954650451304687,4.59496404195651e-05
24.7,5.419074764330224e-05,0.4121953680781704,0.5798383085595993,0.007728714981485764,0.00013133622678656594,5.208140631470235e-05
24.733333333333334,5.39884110103061e-05,0.4240360997824705,0.5716963674012736,0.003980818621308698,0.00017066045800645885,6.2065325930471e-05
24.766666666666666,5.477014569748801e-05,0.3022139370764782,0.6934524109893442,0.004138009066337175,5.162906544059745e-05,8.924365670239731e-05
24.8,4.818331711783529e-05,0.24540297134392727,0.75004665378042,0.004328152139403601,9.074929497100267e-05,8.329012416023665e-05
24.833333333333332,5.5711640624670386e-05,0.17322087850790427,0.8221692718964639,0.004378090464795237,9.179636255905361e-05,8.425112765277967e-05
24.866666666666667,4.508072431110345e-05,0.11176035237243234,0.8838300209053856,0.004226944547413569,7.903840247282454e-05,5.856304798463183e-05
24.9,5.2012199745669985e-05,0.11172293499522593,0.88353411452556,0.004567802428199675,7.901194040773312e-05,4.412391086101827e-05
24.933333333333334,5.131200729412245e-05,0.11827185818235157,0.8716399066147124,0.009924858725901445,7.389298811004502e-05,3.817148163033903e-05
24.966666666666665,7.535061499552166e-05,0.0595237185968623,0.9155165285367591,0.024772759630208998,7.34245972380896e-05,3.821802393592204e-05
25.0,5.5448345519658324e-05,0.06849062819254262,0.9030147932384085,0.028329219745153292,8.396567765993648e-05,2.5944800715867377e-05
25.03333333333333,6.574990417463474e-05,0.07239399829881644,0.8942518638554253,0.033164446469613085,9.468460003063254e-05,2.92568719400511e-05
25.066666666666666,4.8717532222518865e-05,0.07581398125264087,0.8833482334892201,0.0406075279804788,0.00014970925458712142,3.1830490850501946e-05
25.1,4.9774165872404904e-05,0.06586651023146144,0.880361356311858,0.05354518002571576,0.00014102648480247335,3.615278028979374e-05
25.133333333333333,5.5075722878210874e-05,0.02864229634861908,0.9234210847081304,0.0477032531826793,0.00014318325890068546,3.510677879227635e-05
25.166666666666668,8.072437906663516e-05,0.028590849058102732,0.9217624358262229,0.04943423349034929,9.671352625949243e-05,3.504371999888786e-05
25.2,8.736517554154896e-05,0.02979055338865763,0.8785705138391285,0.0912655625906609,0.000248078412028904,3.792659398227744e-05
25.233333333333334,7.564617027502985e-05,0.026660913956343273,0.9028611060940064,0.0702161759013439,0.00014933421428606696,3.682366374534781e-05
25.266666666666666,6.929511439906976e-05,0.010179429600645893,0.9213069816758958,0.06828483805466723,0.0001240796785420328,3.53758758499032e-05
25.3,8.973202931940025e-05,0.008917188064189719,0.9171981266151537,0.07365472694945745,0.00011286351226465227,2.7362829615216758e-05
25.333333333333332,0.00014167293042557656,0.009782396058649362,0.8928391392970156,0.09700573916545445,0.00017979258262860139,5.125996582629979e-05
25.366666666666667,0.0001504353649380506,0.010387434752925733,0.8862194126369589,0.10300551932259566,0.00019091270788032863,4.6285214701272055e-05
25.4,0.00011835386417515266,0.014177459416731238,0.9061611134346921,0.07928837904871573,0.00019547557328876113,5.9218662397040865e-05
25.433333333333334,0.00012332956618175413,0.013074641584457779,0.8973029836870363,0.0892255483478006,0.00021521102176732743,5.828579275622096e-05
25.466666666666665,0.00016757466425839198,0.01299319531808719,0.9000793323500405,0.08648915141033345,0.0002158769070295076,5.486935025112797e-05
25.5,0.00020378454714470315,0.013817801771657713,0.9572024039279838,0.028517722677579422,0.00020177072743163694,5.651634820271032e-05
25.53333333333333,0.00013214076024761849,0.014369193766032084,0.9605000800204726,0.024738977270466016,0.00020638135862217953,5.322682415975524e-05
25.566666666666666,0.0001542379748676336,0.010588576727968618,0.9639819674682322,0.025087484862024185,0.000147803914009431,3.9929052897888466e-05
25.6,0.00017899039982465328,0.006905362573533545,0.9635804248791657,0.029113575628195974,0.00017152378775007066,5.012273153008764e-05
25.633333333333333,0.00014342527978570025,0.004810733056244644,0.9623285105382965,0.03247455747194816,0.00018030102720853437,6.247262651659753e-05
25.666666666666668,0.00010322263391171898,0.002653558357415807,0.9724579140583429,0.024610581665708457,0.00012976197050660354,4.4961314114648983e-05
25.7,8.808214756748938e-05,0.0021909552919744243,0.9797381412175237,0.01782447604468306,0.00012289810474835127,3.544719350289372e-05
25.733333333333334,5.9050201316733214e-05,0.0006576066872508842,0.9944379969954361,0.004751166220990415,6.524113943166903e-05,2.8938755574189305e-05
25.766666666666666,4.036609793864046e-05,0.000326975746562148,0.9975569656222697,0.00199301777281571,6.141815559848959e-05,2.1256604815285722e-05
25.8,2.5599058519632604e-05,0.0002212019926842334,0.9988400703851129,0.0008499361476058964,5.159822638138804e-05,1.1594189695918204e-05
25.833333333333332,3.0328323936497396e-05,0.0001471504843455305,0.9992654858152766,0.0005020337086791534,4.4375497902488134e-05,1.0626169859612583e-05
25.866666666666667,3.6528951836080636e-05,0.00016865463982401524,0.9991400131783938,0.0006099944672321377,2.966297976936355e-05,1.5145782944558841e-05
25.9,3.297919801506003e-05,8.094734642194028e-05,0.9993070243589175,0.0005119067060938435,4.7467068810843374e-05,1.9675321740760133e-05
25.933333333333334,2.242423449061831e-05,7.641720913508526e-05,0.9995150579079654,0.0003205852736705299,4.374739360139909e-05,2.176798113684136e-05
25.966666666666665,2.7391709405745365e-05,0.00010021689613019638,0.9993187663691483,0.0004736775140939901,5.6362182336270086e-05,2.358532888553245e-05
26.0,2.739354778843919e-05,0.00010022362214370453,0.9993858352146333,0.0003948857695723862,6.55903458018723e-05,2.6071500060242148e-05
26.03333333333333,2.5016615607682797e-05,6.507371272516816e-05,0.9991988991883021,0.0006563305976729169,3.047854980616073e-05,2.4201335885879458e-05
26.066666666666666,2.1256486308296632e-05,5.4274540755336914e-05,0.9993327903191829,0.0005474106252830426,2.4464630809713592e-05,1.9803397660750435e-05
26.099999999999998,2.3433702795846453e-05,6.121758883840483e-05,0.9985900034755412,0.0012892161807831204,1.5088080051552245e-05,2.104097198984104e-05
26.133333333333333,2.677290090136626e-05,6.994082214278573e-05,0.998310566447992,0.0015478170441804028,1.1663595512298672e-05,3.3239189271308524e-05
26.166666666666668,4.9904832935080936e-05,8.910272228621646e-05,0.9976773554506997,0.0021399158951855945,1.4859106312325567e-05,2.8861992580877283e-05
26.2,4.368076141626429e-05,0.00010554912717406238,0.9947784570046596,0.0050031979976195235,1.9901087297605046e-05,4.921402183300641e-05
26.233333333333334,4.2992175436987316e-05,9.714331356981508e-05,0.9912649923724193,0.008503512244257572,3.7034529925815724e-05,5.4325364390503156e-05
26.266666666666666,4.9779750674777885e-05,0.00010285481556083488,0.9801093240879443,0.019635972052709387,4.2470460300138295e-05,5.959883281073326e-05
26.3,4.94777493097314e-05,9.427072581800032e-05,0.9465160942775147,0.05322017933641304,5.1226312591770015e-05,6.875159835280825e-05
26.333333333333332,0.00012942492034221747,0.0004301700224697112,0.7875535726457138,0.21157135593081963,0.00015851295393099564,0.0001569635267234322
26.366666666666667,0.0002304999888297934,0.000608130559117566,0.6630939371766785,0.33560266782954357,0.0002595123109967672,0.00020525213483378672
26.4,7.971253842152046e-05,0.0003236658062738595,0.24929951129236513,0.7500891387916552,9.929460240552382e-05,0.0001086769688788115
26.433333333333334,3.290513328898988e-05,0.00016788199706719076,0.08704344925601779,0.9126500348332214,4.117518676110081e-05,6.455359364352112e-05
26.466666666666665,1.3845208588633034e-05,8.566101812843179e-05,0.021511451132825404,0.9783370092378086,1.8100891904348675e-05,3.39325107448352e-05
26.5,6.569837385680075e-06,3.479932510582102e-05,0.00824057718370592,0.9916967262841626,9.88248732277836e-06,1.1444882317112878e-05
26.53333333333333,3.076208119796478e-06,2.420615959899833e-05,0.005877438749933846,0.9940817131103035,4.742782125554719e-06,8.822989918507844e-06
26.566666666666666,2.85507213450959e-06,2.6827313361522947e-05,0.0054549337833271145,0.9945019011395488,4.401842970110006e-06,9.080848657830516e-06
26.599999999999998,2.856827791327578e-06,2.380514063196382e-05,0.004847085949276218,0.9951134457734421,3.7198761546610074e-06,9.086432703734833e-06
26.633333333333333,2.2181869985257443e-06,1.7869202702916987e-05,0.0035167763236628193,0.9964540023595668,2.883689978052529e-06,6.2502370910865116e-06
26.666666666666668,2.218424206674066e-06,1.845730489303663e-05,0.0034093713516383474,0.9965605610081137,2.8839983536585902e-06,6.507912794516211e-06
26.7,2.219174039834705e-06,1.8463543510169995e-05,0.003070695306951938,0.9968974010736796,6.105242086952715e-06,5.1156597314534105e-06
26.733333333333334,2.2191732129993546e-06,1.8463536630894102e-05,0.003070694162850851,0.996897029642689,6.105239812219011e-06,5.488244804003577e-06
26.766666666666666,5.600513256115818e-06,1.0388699854561944e-05,0.002847011123083718,0.9971261927286067,5.540047909143714e-06,5.266887290004716e-06
26.8,4.937720237812055e-06,9.636718691466273e-06,0.0032534876657456125,0.9967191094310394,5.771855547741508e-06,7.056608737890949e-06
26.833333333333332,6.8264835230209076e-06,9.636861721439792e-06,0.003232733703410743,0.9967339029216863,1.0088001769959522e-05,6.812027888493543e-06
26.866666666666667,6.82421997435393e-06,1.2454792560942295e-05,0.0035606707325511167,0.9964034024979056,1.0084656755958997e-05,6.5631002521267944e-06
26.9,6.835413855103779e-06,1.3378683662101182e-05,0.0019262523563875963,0.9980378194581183,1.0101198785019257e-05,5.612889192013629e-06
26.933333333333334,7.604076660166607e-06,1.379243408872211e-05,0.0019037969363646166,0.9980546327232186,1.2967972689796333e-05,7.205856978167267e-06
26.966666666666665,9.37409675976038e-06,1.657144570820726e-05,0.0008645488593810101,0.9990915811016026,1.0134606296886297e-05,7.789890251647604e-06
27.0,7.347316957287161e-06,1.4375286301109062e-05,0.0006433781602609492,0.9993155421468418,1.214212901762871e-05,7.214960621065313e-06
27.03333333333333,7.349487794182924e-06,1.5352931840946543e-05,0.00034626832148053604,0.999610799730258,1.2145716528800177e-05,8.083812097413456e-06
27.066666666666666,7.349485082878901e-06,1.53529261770871e-05,0.0003462681937384785,0.9996104309632285,1.2145712048116488e-05,8.452719724660576e-06
27.099999999999998,7.830216930239464e-06,1.1377111460043631e-05,0.0003544170371928588,0.9996074615546057,1.2633786467757298e-05,6.280293343393474e-06
27.133333333333333,7.831266626060841e-06,1.5390859138028006e-05,0.00021508215307328128,0.9997414659870192,1.2635480115964179e-05,7.5942540272859995e-06
27.166666666666668,7.83127097988051e-06,1.5390867694629187e-05,0.0002150822726489455,0.9997420217967325,1.1592036486666661e-05,8.081755457282517e-06
27.2,5.278042826736457e-06,1.301565073110496e-05,0.00018799888276667943,0.9997755432568877,1.1236576144234532e-05,6.927590643416591e-06
27.233333333333334,2.9740310216190794e-06,1.013917434645908e-05,0.00013151460667672288,0.9998412882568092,8.75327764530332e-06,5.3306535008582425e-06
27.266666666666666,3.1685528524338267e-06,1.0866713859036537e-05,0.0001376123909689056,0.9998350493881153,8.753223026084738e-06,4.549731178078227e-06
27.3,2.494847378909642e-06,9.374009808230876e-06,9.007130424928916e-05,0.9998882626787122,6.214803667800855e-06,3.58235618372378e-06
27.333333333333332,1.068309511314545e-06,7.297160537901297e-06,8.364259256432822e-05,0.9998975000478948,6.725161443674642e-06,3.766728047808755e-06
27.366666666666667,1.002718323354239e-06,7.297161000701314e-06,8.3642597869103e-05,0.9998975634633257,6.725161870197371e-06,3.768897610765678e-06
27.4,9.62072841308822e-07,7.001368434106567e-06,6.594019909466757e-05,0.9999166192764043,5.818461134197705e-06,3.6586220914591827e-06
27.433333333333334,1.025003439963426e-06,8.776176007286598e-06,6.594007710753342e-05,0.9999147694645376,5.818450370241747e-06,3.6708285374427786e-06
27.466666666666665,1.224260652258602e-06,8.77617425856844e-06,6.594006396848402e-05,0.9999145702241039,5.818449210872358e-06,3.6708278060029675e-06
27.5,1.2173988307981816e-06,8.01534545341667e-06,3.755256976053323e-05,0.9999441156000145,5.8186211338288505e-06,3.280464806918919e-06
27.53333333333333,1.2408726722865472e-06,9.559058926956867e-06,3.827665709143819e-05,0.9999446135326719,2.4677679217925547e-06,3.842110715661641e-06
27.566666666666666,1.7484928052637492e-06,1.2952640053491928e-05,3.942855757882536e-05,0.9999352389953255,5.437931333302505e-06,5.193382903821581e-06
27.599999999999998,1.8378987137337308e-06,1.5470697943003223e-05,5.47909539017531e-05,0.9999169696128459,5.418291632787017e-06,5.512544962669092e-06
27.633333333333333,2.566071683672971e-06,2.0569781173183667e-05,5.9719234532782635e-05,0.9998996054524314,1.1122991414046363e-05,6.4164687648393115e-06
27.666666666666668,2.672713371420606e-06,2.1424627199062418e-05,4.6231616655939445e-05,0.9999140767737429,6.688280426651863e-06,8.90598860394355e-06
27.7,4.737429854443831e-06,4.216228723883023e-05,8.5936593341772e-05,0.9998384984864939,1.2432358562288632e-05,1.623284450879646e-05
27.733333333333334,5.478629965751918e-06,5.011076038071564e-05,0.00010723195218432393,0.9997946434836608,8.697271973451877e-06,3.3837901834886806e-05
27.766666666666666,2.7798152055640753e-06,2.847206871043516e-05,4.92045788775971e-05,0.9998648606048696,4.69050989844382e-06,4.999242243850455e-05
27.8,2.5951695732586447e-06,2.7842869909466166e-05,4.9156157442580486e-05,0.9998742390395337,4.4629587728651605e-06,4.170380476803129e-05
27.833333333333332,2.485120514835255e-06,2.840624859220803e-05,3.741847210816757e-05,0.9998747212589252,4.553263250915138e-06,5.241563660877235e-05
27.866666666666667,2.1613910518795904e-06,2.49012382644425e-05,3.7285244955746584e-05,0.9998891030778282,4.1334174793284265e-06,4.241563042048853e-05
27.9,2.0813267455591207e-06,2.307902128741047e-05,3.724795586630105e-05,0.9999043485711135,4.026922765176735e-06,2.9216202222014744e-05
27.933333333333334,2.112332202295848e-06,2.0929095608549786e-05,4.3094629861459936e-05,0.9999213506015985,4.0299769261032015e-06,8.483363803093978e-06
27.966666666666665,2.186557316160099e-06,1.6696621064512543e-05,4.309476129952898e-05,0.9999244003489091,4.029989217481203e-06,9.59172219314845e-06
28.0,2.1865512962672244e-06,1.5413998453798e-05,4.27157629979942e-05,0.9999216474195767,4.029978122366891e-06,1.4006289552933982e-05
28.03333333333333,2.4935625029272566e-06,1.90409224145878e-05,4.759326257563095e-05,0.9999158484458126,2.8002277953604104e-06,1.2223578898827453e-05
28.066666666666666,2.8639030359513255e-06,1.9327034367742216e-05,5.5557693671656164e-05,0.9999049104588709,7.87374330166436e-06,9.46716675196835e-06
28.099999999999998,2.7666922786680492e-06,1.9327028570623277e-05,5.725753693879373e-05,0.9999046105386875,8.181394340522013e-06,7.856809183967977e-06
28.133333333333333,3.91991907493407e-06,2.4946744187972688e-05,0.00010771049428171377,0.9998424065604529,1.1072819686764578e-05,9.943462315653433e-06
28.166666666666668,3.470899268968302e-06,2.010605961962876e-05,0.00010155879460690025,0.9998551228082762,1.0932903357424683e-05,8.808534870990927e-06
28.2,3.4245322022253803e-06,5.93022070070297e-05,9.735831425752572e-05,0.9998153082416007,1.743298776265826e-05,7.173717169808898e-06
28.233333333333334,3.868880849688301e-06,7.021875672205273e-05,0.00012370409357646088,0.9997751373710385,1.9026486806184387e-05,8.04441100703481e-06
28.266666666666666,5.413054245102271e-06,9.74331771932133e-05,0.00015871828814400244,0.999700363423038,2.6400511015728337e-05,1.1671546364095702e-05
28.3,6.3745999771889664e-06,0.00011474068076729067,0.00016774085597806847,0.9996605586828932,3.8691410371665414e-05,1.1893770012533557e-05
28.333333333333332,6.740647511262186e-06,0.00011472666760932547,0.00019483093861236383,0.9996256814359358,5.110437496702619e-05,6.915935364190539e-06
28.366666666666667,1.4824184441205568e-05,0.0002491436460066433,0.00043982118057060807,0.9991438116109641,0.00013718969656587645,1.520968145136245e-05
28.4,1.2726701728880127e-05,0.00010253197837475853,0.0005119142037053941,0.9992352685586396,0.00012450090301461655,1.3057654536779918e-05
28.433333333333334,1.2727306576346507e-05,7.302734340498203e-05,0.000496310686194886,0.999282758075828,0.00012450682002731588,1.0669767968457782e-05
28.466666666666665,2.7168103829959304e-05,0.00011938098596378834,0.0016568999247093725,0.9978721887853348,0.00030240361769763563,2.1958582464404107e-05
28.5,2.943724057320656e-05,9.609842273657769e-05,0.002281052907983577,0.9972288276066998,0.00034494926849858154,1.963455350811121e-05
28.53333333333333,2.134520263611195e-05,5.876468379992677e-05,0.0019275573527256801,0.9978152673385583,0.00016361644666107174,1.3448975618774032e-05
28.566666666666666,7.266911089624969e-06,1.8954318372649643e-05,0.0005546301938054673,0.9993913142502863,2.306262723305543e-05,4.771699213020321e-06
28.599999999999998,8.986430641277666e-06,2.49725977953987e-05,0.0007639849806458818,0.9991504207588465,4.427739001533617e-05,7.357842055760474e-06
28.633333333333333,6.633351813028215e-06,1.7199316048789772e-05,0.0005723831292978506,0.9993644815409766,3.51152222940643e-05,4.187439569750374e-06
28.666666666666668,7.641154496890174e-06,2.0473782500758914e-05,0.0008673193664711515,0.999061778775574,3.786383534325223e-05,4.9230856137921585e-06
28.7,8.157815931126552e-06,2.2536562772271908e-05,0.0008513914644599223,0.9990379404071477,7.474739998265738e-05,5.226349706477743e-06
28.733333333333334,1.0165319358671034e-05,2.5135674904407062e-05,0.0007746953280756924,0.9991092200510124,7.54816416684753e-05,5.301984980291346e-06
28.766666666666666,9.727240816919388e-06,2.5116422941036436e-05,0.0015357374399723287,0.998343980439153,7.798693796849927e-05,7.451519148589563e-06
28.8,9.127999520007921e-06,2.6735252156814045e-05,0.0016912149867743351,0.9981235804054662,0.00014127472519249198,8.066630890041235e-06
28.833333333333332,9.531736102538047e-06,2.4206080006764833e-05,0.0017446708420249114,0.9981185357926393,9.413064853516997e-05,8.924900691087424e-06
28.866666666666667,3.692024798372869e-05,9.039742294077583e-05,0.00956564155901747,0.9897818215410658,0.0004924667247954953,3.275250419685206e-05
28.9,3.536032747814948e-05,8.537725139211174e-05,0.009564715536902416,0.9896860036233475,0.0005957939273583225,3.2749333521574034e-05
28.933333333333334,3.1256997054658264e-05,6.69156632696454e-05,0.006931441234118423,0.9926782736055996,0.00021861525965021706,7.349724030743465e-05
28.966666666666665,3.1209050972407995e-05,6.290812099261061e-05,0.008392297958962052,0.9911555734539783,0.000289053519499286,6.895789559515083e-05
29.0,2.9752063857951688e-05,0.00013243791642669737,0.005921635663006986,0.993433205599271,0.0004252770224129937,5.7691735024397535e-05
29.03333333333333,2.6372087424369025e-05,0.00011274534110372658,0.005868276152181506,0.9932738762394318,0.0006604597873099406,5.827039254873945e-05
29.066666666666666,6.504735390949472e-05,0.00022316665189469877,0.013861080132396347,0.9843439525341925,0.001369116556685015,0.00013763677092190222
29.099999999999998,2.9809990283513607e-05,0.00010028606890852924,0.006280674680399407,0.9926408064294291,0.0008900490343281738,5.8373796651436556e-05
29.133333333333333,2.9664036458640326e-05,0.00012660242029001077,0.011097271695007746,0.9877807001011222,0.0009076737566314466,5.808799049005836e-05
29.166666666666668,2.9620211422737344e-05,0.00015298507903458193,0.012531686499795483,0.9863213732591206,0.0009063327781362229,5.800217249046454e-05
29.2,3.588193487198919e-05,0.0002858201421742633,0.01535221317575999,0.9832215466151236,0.0010255864994956731,7.895163257454155e-05
29.233333333333334,3.598836813245633e-05,0.0002866679439928474,0.01252274540459946,0.9861379856349571,0.0009374268288274165,7.91858194907179e-05
29.266666666666666,9.147998379320941e-05,0.0007531663819365466,0.03156277061642771,0.964894948254889,0.0025275170948523386,0.00017011766810113218
29.3,8.309180659158888e-05,0.0008840611618555043,0.027454190658464283,0.9668737568931277,0.004531840630600129,0.00017305884936069324
29.333333333333332,3.614250200311406e-05,0.00038683209787155086,0.0063664500289536165,0.9913787300177449,0.001762917239262432,6.892811416451136e-05
29.366666666666667,2.668296551709943e-05,0.00036094373682192386,0.00636667516480365,0.9914137880001485,0.0017629795810493614,6.893055165942659e-05
29.4,2.505076399202293e-05,0.00038072873166427755,0.006256272175456293,0.9916536308260028,0.001604251793098487,8.006570978596667e-05
29.433333333333334,2.9572850834161393e-05,0.0005262139362261395,0.005813196864644536,0.991570712325911,0.001971461904420576,8.884211796357204e-05
29.466666666666665,2.9585807852431816e-05,0.0007321843094670888,0.003613588574184263,0.992005158091998,0.003530602173340812,8.88810431572266e-05
29.5,2.950986258076724e-05,0.0013395149975290617,0.0057441213253744345,0.989458731048338,0.0033459818241966858,8.214094198090808e-05
29.53333333333333,2.9449717506862263e-05,0.0014806581724275028,0.007283001028609598,0.9874420809083401,0.003689144706671145,7.566546644480227e-05
29.566666666666666,2.486185729912627e-05,0.001802196064551917,0.0020859308166610176,0.9922038572679823,0.003818790291333399,6.436370217218172e-05
29.599999999999998,3.4672095110886685e-05,0.0019865281808475383,0.0019010940240764362,0.9818743497016884,0.014137984578353118,6.537141992355224e-05
29.633333333333333,3.138775386751677e-05,0.002052289726389174,0.0009515250016396074,0.9853409910510195,0.011585547138090981,3.825932899315532e-05
29.666666666666668,6.0769902856687294e-05,0.004682019435122387,0.0019237432280461147,0.8307296591102827,0.1625408850413019,6.29232823901999e-05
29.7,4.822175638744358e-05,0.00225202095816881,0.0016971523066712686,0.38290093740174264,0.6130315945648249,7.00730122050205e-05
29.733333333333334,1.0628117272211734e-05,0.0003854914121819809,0.00018640306295798154,0.01627475846801374,0.9831328920257951,9.826913779037845e-06
29.766666666666666,9.86808532017189e-06,0.00041399799195998403,7.308451119081688e-05,0.0013038598802626877,0.9981882485458637,1.0940985402492353e-05
29.8,1.0399614103011285e-05,0.0003269166068666249,7.525865781857796e-05,0.001127026212727626,0.9984495759138093,1.0822994674689383e-05
29.833333333333332,4.864349584769726e-06,0.0003128263445316935,3.091531994044592e-05,0.0005521832830595841,0.9990953562478972,3.8544549862364764e-06
29.866666666666667,2.062010614303389e-06,0.00012286101003283507,6.712721560060241e-06,0.0001884221950689298,0.9996786056528696,1.336409854427274e-06
29.9,1.0973342334108223e-06,4.807306157513138e-05,2.8295253081918022e-06,7.910407350851897e-05,0.9998678795437795,1.016461595260883e-06
29.933333333333334,1.1601566925184466e-06,5.551939331887725e-05,2.6595230650761087e-06,0.00020376507378234532,0.9997360761782316,8.196749095621705e-07
29.966666666666665,7.786620588242628e-07,3.114038798743839e-05,1.6894334702115102e-06,7.782945124852766e-05,0.9998879065202495,6.555449855285098e-07
30.0,7.002286741797755e-07,1.1553614008539631e-05,1.5124318615499382e-06,6.510350930244156e-05,0.9999188670569306,2.2631592226113226e-06
30.03333333333333,7.002323871838527e-07,8.841934656061467e-06,2.030331300485591e-06,6.321088195818148e-05,0.9999241691860309,1.047433667055854e-06
30.066666666666666,1.6027904667051004e-06,1.2626801700695793e-05,3.0066012269645255e-06,8.733534466617843e-05,0.9998829783000097,1.2450161929740754e-05
30.099999999999998,1.5022523231242912e-06,1.6890185878101406e-05,4.543852547637377e-06,0.00012453408417868934,0.9998443947767395,8.134848333005484e-06
30.133333333333333,3.5139402738775175e-06,1.8379965605296593e-05,4.9535343843563394e-06,0.00010328819899593279,0.9998477138755765,2.2150485164037915e-05
30.166666666666668,3.3580814199612995e-06,3.117616916713634e-05,4.541618116065807e-06,0.00016352491016271512,0.9997400737731327,5.7325448001452624e-05
30.2,3.6082289689951325e-06,3.8948249106005565e-05,5.427093550694113e-06,0.00022765622715973502,0.9997005372323895,2.382296882524057e-05
30.233333333333334,5.411577788154641e-06,9.705355380582278e-05,1.435724482876237e-05,0.00036420260462274845,0.9994570828839446,6.189213500983217e-05
30.266666666666666,6.785179673587893e-05,0.00046478304140023374,5.409290853238038e-05,0.0007426426443251647,0.997303950486914,0.0013666791220924687
30.3,5.76555081581694e-05,0.00037916681983043266,2.6457350877215467e-05,0.0006388599417097519,0.9975893360239515,0.0013085243554728785
30.333333333333332,0.00012605834130326974,0.00127275836108494,0.00013902320824612634,0.0019163512747064114,0.8714295216448452,0.12511628716981418
30.366666666666667,0.00016873039403280494,0.0015439312313525813,0.00034633956717041977,0.002017304249597708,0.726868814106807,0.2690548804510393
30.4,0.0001070741773966962,0.0009797592633014594,0.00021978271589581292,0.0012801558031242364,0.6755254910855825,0.32188773695469924
30.433333333333334,8.447440648919965e-05,0.0008458563666212547,0.0001552697901745466,0.00024045156559370073,0.3145290090969834,0.6841449387741378
30.466666666666665,4.45401957887412e-05,0.00035376714220150486,6.999658245733348e-05,5.750404424441721e-05,0.057824026708730755,0.9416501653265773
30.5,6.594107612918749e-05,0.00044429757781436116,0.00012172352360067263,9.410304395682808e-05,0.017298800968452988,0.9819751338100459
30.53333333333333,1.95454882332217e-05,0.0001332004920344004,4.109721645403955e-05,2.3175574387927034e-05,0.003915505015098345,0.9958674762137921
30.566666666666666,1.2575674979844054e-05,0.0001194317687773721,1.1894100944261085e-05,1.478808684615762e-05,0.00024772893404155256,0.9995935814344107
30.599999999999998,7.2769228932841555e-06,6.961931597447263e-05,6.361698434295891e-06,9.392818259766057e-06,2.6347117004270842e-05,0.999881002127434
30.633333333333333,3.3244800140335152e-06,4.019438584840919e-05,4.622603334772022e-06,6.2783516755726045e-06,1.3766674894508428e-05,0.9999318135042328
30.666666666666668,2.9710639259532603e-06,3.779225959262474e-05,3.820238464687264e-06,6.189376528770705e-06,1.083913353501639e-05,0.9999383879279529
30.7,3.6517397508137536e-06,3.9729929699071484e-05,8.853116444199706e-06,4.476702111672662e-06,1.332339383303422e-05,0.9999299651181612
30.733333333333334,5.093351118755586e-06,5.6492693555662995e-05,1.0843451154187887e-05,5.578188287430518e-06,1.851218929670212e-05,0.9999034801265871
30.766666666666666,4.980889351407814e-06,4.5870131468663395e-05,1.2870105323406211e-05,4.8587311465755715e-06,1.8733716009608275e-05,0.9999126864267003
30.8,5.491988610270939e-06,4.304337025344377e-05,1.4561265030797047e-05,7.053576686990572e-06,8.191293612444206e-06,0.999921658505806
30.833333333333332,5.658411034351578e-06,4.207848805821275e-05,1.3583319154819011e-05,7.071618645318955e-06,6.754657511459712e-06,0.9999248535055959
30.866666666666667,4.252187034425381e-06,2.9387015609473707e-05,8.346336115023929e-06,4.824866104537093e-06,5.0759951721153795e-06,0.9999481135999645
30.9,7.724632952672253e-06,2.68032361896361e-05,8.097778443073467e-06,3.751304298980351e-06,5.246056857822571e-06,0.9999483769912578
30.933333333333334,7.216329413523447e-06,1.9451420956805828e-05,5.679647965806118e-06,3.83376261544365e-06,4.318925094413843e-06,0.999959499913954
30.966666666666665,7.216344663887111e-06,1.8359928366790593e-05,5.45112443155806e-06,3.3294494209558157e-06,4.030011627071498e-06,0.9999616131414897
31.0,2.2370533142002033e-05,1.7127987826941994e-05,5.149803865520575e-06,3.329404869854429e-06,3.7895366683872282e-06,0.9999482327336272
31.03333333333333,1.1306614679694285e-05,1.1840850318944094e-05,3.286264382166353e-06,3.0528852254324193e-06,3.4748013408953684e-06,0.999967038584053
31.066666666666666,5.1273852771242566e-05,1.2465552524781548e-05,3.0964803999435253e-06,2.3098749050457216e-06,3.3380839071993827e-06,0.9999275161554917
31.099999999999998,0.0006114006878068036,1.702192207223021e-05,3.5806563619344153e-06,2.784460162247548e-06,3.966744119975775e-06,0.9993612455294769
31.133333333333333,0.02085397397180579,4.0412845244215133e-05,8.381899947116647e-06,5.64444734554397e-06,5.914708327493591e-06,0.9790856721273299
31.166666666666668,0.3087580961727023,0.00015240053499692303,2.9372102188717214e-05,4.02084207705732e-05,2.6655547756676684e-05,0.6909932672215849
31.2,0.9414942396743383,3.400426566746812e-05,5.822627662863535e-06,5.802727193018755e-06,4.424154701098643e-06,0.058455706550437275
31.233333333333334,0.9958284676672315,2.388314846913211e-05,2.7081383691652673e-06,4.438159144822144e-06,3.972893642797947e-06,0.00413652999314266
31.266666666666666,0.998509215323526,5.6443374096859855e-05,2.886277438476805e-06,3.6873948102721014e-06,4.0002263620604595e-06,0.001423767403765991
31.3,0.9989130724806824,0.00012585752773284112,6.605449720026761e-06,8.872342536239516e-06,1.058978781772221e-05,0.0009350024115107415
31.333333333333332,0.9991474382943414,0.00011193365339073087,6.1971412009790726e-06,6.25486238137211e-06,9.935191875863175e-06,0.0007182408568098799
31.366666666666667,0.9992510177034855,6.912763613106352e-05,9.034499405892476e-06,6.407019887736877e-06,9.874290125857272e-06,0.0006545388509639438
31.4,0.9993092467190839,6.654354010565733e-05,1.519507780924995e-05,1.2804799100568681e-05,9.505174164484636e-06,0.0005867046897363587
31.433333333333334,0.9997016433128176,2.700064944762967e-05,1.1104606346456488e-05,9.105075485993285e-06,4.1933914014950475e-06,0.0002469529645009427
31.466666666666665,0.9996850240255442,1.9722437031292254e-05,3.0467717483014646e-05,1.3461143963558794e-05,3.824434922970914e-06,0.0002475002410552074
31.5,0.9996652223718895,2.457519528351741e-05,2.293926308675933e-05,1.6773294350952917e-05,4.765447339595642e-06,0.0002657244280494876
31.53333333333333,0.9996054242067235,4.2151962498428516e-05,4.470266627658746e-05,2.4314386690569357e-05,6.907941096370884e-06,0.00027649883671470975
31.566666666666666,0.9997139615637809,3.889628839302813e-05,3.163073577366218e-05,2.358924231167205e-05,8.016753331953304e-06,0.00018390541640894625
31.599999999999998,0.9998340548678065,2.2086894909402108e-05,2.592555836548294e-05,1.715349675598673e-05,5.4667575717719895e-06,9.531242459089307e-05
31.633333333333333,0.9997141531994532,4.244014971209244e-05,4.735127723218576e-05,3.2549932809127795e-05,9.76227332583597e-06,0.00015374316746762779
31.666666666666668,0.9994393075893141,6.474784093020237e-05,6.882648915669271e-05,4.500012346706559e-05,1.4189754500404727e-05,0.00036792820263166026
31.7,0.9998627132372344,1.6436795789470382e-05,3.300843131278752e-05,1.7412099864320344e-05,3.5437033087989725e-06,6.688573249021304e-05
31.733333333333334,0.9995095473223843,5.064453142142462e-05,7.159764551437914e-05,4.315888301082786e-05,9.63082091860428e-06,0.0003154207967504722
31.766666666666666,0.999306343033789,8.788303239242113e-05,8.451819600954657e-05,9.010817731338747e-05,1.3002211591741927e-05,0.00041814534890398467
31.8,0.9997919830300498,2.103350234782301e-05,2.5108165308126404e-05,2.7708791883656938e-05,3.862620044325353e-06,0.0001303038903661219
31.833333333333332,0.9999212775886939,5.287288999414737e-06,1.5086266362173912e-05,1.1205160914091094e-05,2.086262565675747e-06,4.5057432464856785e-05
31.866666666666667,0.9998333356448085,9.365154224551208e-06,3.4897019774603783e-05,2.1406730190655005e-05,3.3887430453820708e-06,9.760670795655062e-05
31.9,0.9999258343725971,6.0668679681024e-06,1.852484860996195e-05,1.1363618973124428e-05,1.8049164885972882e-06,3.6405375363304995e-05
31.933333333333334,0.9998611821115828,1.1651583644516593e-05,3.518337107926223e-05,2.3164582976230248e-05,3.3537420454346724e-06,6.546460867180192e-05
31.966666666666665,0.999739731246701,3.5020992009750014e-05,5.795143473788411e-05,4.138361442660642e-05,3.962378066302448e-06,0.00012195033405819447
32.0,0.9998316474005263,1.7265654414488336e-05,4.088844612745796e-05,2.7095616015591192e-05,4.4547988970468306e-06,7.864808401911173e-05
32.03333333333333,0.9994626928706889,5.817338554073849e-05,8.358129815878276e-05,7.950302503662402e-05,9.028581355754695e-06,0.0003070208392191565
32.06666666666666,0.9994791585117683,6.951509148422294e-05,8.179627931514342e-05,9.83392831307667e-05,1.0788828139949283e-05,0.0002604020061615615
32.1,0.9992078385614105,0.0001127781322627119,0.00012972878280425947,0.00013866998907655187,1.2441562179309708e-05,0.00039854297226633547
32.13333333333333,0.9994286526470831,7.696464882991765e-05,9.331384815749504e-05,9.463436570898122e-05,8.49065722950226e-06,0.00029794383299121247
32.166666666666664,0.999903328754599,1.951503666489287e-05,1.6529717417731732e-05,1.667120711246199e-05,1.6630187639779669e-06,4.229226544220629e-05
32.2,0.9997979761323927,3.804304825323243e-05,3.246963133331605e-05,3.4368059655154806e-05,3.7705286973663443e-06,9.337259966855102e-05
32.233333333333334,0.9995049420101682,6.584867602876998e-05,5.978897736549512e-05,0.0001273355346758979,1.0955002562789452e-05,0.00023112979919881995
32.266666666666666,0.9995542906527829,5.361279925226374e-05,7.989814543245564e-05,0.0001206091168695801,1.910239968242161e-05,0.00017248688598034062
32.3,0.999738338611134,2.2477672516995955e-05,3.268174325013808e-05,0.00010067658421041068,8.959262334533975e-06,9.686612655388875e-05
32.333333333333336,0.9999015671940379,8.793810377849622e-06,1.1380452462070263e-05,3.938712027975935e-05,2.303858216359852e-06,3.6567564626009464e-05
32.36666666666667,0.999440326587041,4.9190740904028784e-05,6.0112466364818064e-05,0.00022411603783493295,3.300673967279079e-05,0.0001932474281825468
32.4,0.9993677126756594,9.612424236587424e-05,4.9598209918061024e-05,0.0002307377244348853,1.1153661585689696e-05,0.00024467348603618536
32.43333333333333,0.9993280284069439,0.00012430316483619643,4.4056365496001065e-05,0.00025466461990882966,1.3771134674139065e-05,0.00023517630814063782
32.46666666666667,0.9991507793943117,0.00010280696057307746,5.385424733451023e-05,0.0003121546906460186,1.7156855384001572e-05,0.00036324785175077064
32.5,0.9996428584848923,3.798247637364096e-05,1.9896684675832357e-05,0.00011532690098308866,6.347006431011376e-06,0.0001775884466438649
