t,p_REST,p_REACH,p_GRASP,p_HOLD,p_RELEASE,p_RETRACT
0.0,0.9999246829225371,1.5180816039097756e-06,3.6352665976760606e-06,6.75775893511716e-05,4.112840869785472e-07,2.1748558228615237e-06
0.03333333333333333,0.999924336642747,1.9510707322177467e-06,3.911191674105916e-06,6.429957952436013e-05,5.26734625726174e-07,4.974780696521258e-06
0.06666666666666667,0.9999316921847944,1.818219367645425e-06,3.4100131924162552e-06,5.7470624531236314e-05,2.639649143207667e-07,5.344993199885896e-06
0.1,0.9999024617678968,3.487933257817991e-06,5.33746880064901e-06,8.082459542037214e-05,3.7123065181853537e-07,7.517003972535804e-06
0.13333333333333333,0.9998898091912122,3.463913308910817e-06,5.632163553410822e-06,9.354373045245363e-05,5.816155880169016e-07,6.969385885063359e-06
0.16666666666666666,0.9999268871075201,3.369317244635788e-06,5.833418883968918e-06,5.7040929202523474e-05,6.023985848730901e-07,6.266828563931615e-06
0.2,0.9998848014190891,3.6379404846090898e-06,6.474667159426515e-06,9.769513201411162e-05,6.023732306602159e-07,6.788468022035887e-06
0.23333333333333334,0.9998881234308911,3.536884581204206e-06,7.300377414958146e-06,9.373885161907218e-05,5.119649178962142e-07,6.7884905760049585e-06
0.26666666666666666,0.999894164359517,3.415007882566364e-06,5.233042980839099e-06,9.05087259231003e-05,3.848009161469602e-07,6.294062780272674e-06
0.3,0.9999042280074695,3.512628547082207e-06,5.472318626731943e-06,8.005875015407463e-05,4.341690744121672e-07,6.294126128209155e-06
0.3333333333333333,0.99989019847213,3.740237222347014e-06,6.8449454152334215e-06,9.353505285925619e-05,4.341629826383731e-07,5.247129390550698e-06
0.36666666666666664,0.9998857336492976,3.5875424231946996e-06,7.089242804660244e-06,9.687333649005936e-05,4.496583411562468e-07,6.266570643406806e-06
0.4,0.9998968034818708,3.4377681417788717e-06,5.6676099320645e-06,8.738860840688365e-05,4.3589162714219205e-07,6.2666400212221866e-06
0.43333333333333335,0.9998769977800702,2.1228201711783714e-06,4.30409338154209e-06,0.00011082818000454704,3.4675682442431473e-07,5.400369548143037e-06
0.4666666666666667,0.9999083357133101,1.8445767490586042e-06,4.314122638561584e-06,8.016360103202857e-05,3.348164807972312e-07,5.007169789347321e-06
0.5,0.9999064545453764,1.8445732787818723e-06,4.314114522228436e-06,8.204479060250399e-05,3.348158508934642e-07,5.007160369156581e-06
0.5333333333333333,0.9998467557877003,3.030497173087395e-06,6.355416413742393e-06,0.0001376653939767816,7.062148035133213e-07,5.4866899326212045e-06
0.5666666666666667,0.9997851731526258,4.24037686681353e-06,8.297180033426303e-06,0.00019374538638249758,8.897321437197063e-07,7.654171947923896e-06
0.6,0.9997267592469947,5.44418416911181e-06,9.438755836280452e-06,0.0002494821439218264,1.0121468294563176e-06,7.863522248309393e-06
0.6333333333333333,0.9997870402891557,3.6023769157009823e-06,6.2515654991384745e-06,0.00019731977203714778,8.903504482946637e-07,4.895645944028651e-06
0.6666666666666666,0.9998647509495394,2.0307059506172347e-06,4.7849873716414995e-06,0.00012383008122828239,7.08353149981306e-07,3.894922760232286e-06
0.7,0.9998701889045267,2.011121108596481e-06,3.3841005495234203e-06,0.0001198125728691784,7.083570024948995e-07,3.894943943511954e-06
0.7333333333333333,0.9998631090697504,2.070435219164933e-06,4.2329670686275e-06,0.00012520714502921036,7.083519867932655e-07,4.6720309455300125e-06
0.7666666666666666,0.9998407536831417,2.275860681095307e-06,7.804217743337941e-06,0.00014335422328842307,6.764323312619622e-07,5.135582814361533e-06
0.8,0.9998415471783112,2.27586248726739e-06,7.010602386218925e-06,0.00014335433705742407,6.764328680932379e-07,5.135586890070731e-06
0.8333333333333334,0.9998079139850071,3.902119626364405e-06,7.795616056631058e-06,0.00017242940957517487,8.108505039111701e-07,7.148019230953126e-06
0.8666666666666667,0.9998477636997881,2.375056735488222e-06,4.724901590202832e-06,0.0001388045913088704,6.450794292911957e-07,5.686671148163805e-06
0.9,0.9997897370174316,3.828513922908936e-05,7.723828177743722e-06,0.00015748422252622534,8.108357622761901e-07,5.958956873153152e-06
0.9333333333333333,0.9998095065807201,4.6107823695876234e-05,5.7193320490325194e-06,0.00013189633703539235,8.108517955163058e-07,5.959074703903633e-06
0.9666666666666667,0.9998220387623368,6.368686620607361e-05,5.599772306595756e-06,0.00010187896917422087,8.364805777775449e-07,5.959149398338889e-06
1.0,0.9998679658494196,6.356638931720848e-05,5.799921539506932e-06,5.4091422428812295e-05,8.663783909064954e-07,7.710038904080452e-06
1.0333333333333332,0.9999063837131257,3.1952356296731886e-05,4.2505493952702644e-06,5.1060877351020375e-05,6.654992795902734e-07,5.687004551658472e-06
1.0666666666666667,0.9998730280456195,5.249673611612415e-05,5.342880823229407e-06,6.184003508482941e-05,8.365232369143585e-07,6.455779119290478e-06
1.1,0.9998279961887582,8.638945666730795e-05,9.208553735425657e-06,6.656491165429643e-05,1.1288797519295086e-06,8.712009432730734e-06
1.1333333333333333,0.9997784185956549,0.0001112899591630257,1.1862785213625124e-05,8.57512778234715e-05,1.454262896640539e-06,1.122311924857153e-05
1.1666666666666667,0.9998412463804482,7.246835820714796e-05,7.977653704592749e-06,6.822177016895558e-05,1.1569785502682558e-06,8.928858920691847e-06
1.2,0.9998435923023425,7.246852823924934e-05,9.123166020206027e-06,6.473014226246555e-05,1.1569812648805226e-06,8.928879870423326e-06
1.2333333333333334,0.9998100887955561,9.200074348689886e-05,1.1392614521362389e-05,7.390803067393033e-05,1.3210260911713853e-06,1.1288789670781589e-05
1.2666666666666666,0.9997846668399483,0.00012133747675165486,8.871948114693337e-06,7.271710855424482e-05,1.299739646676622e-06,1.110688698441828e-05
1.3,0.9996471650540661,0.0002405350837641495,1.4035497733503073e-05,8.249645615798482e-05,1.8081619351775025e-06,1.3959746343142087e-05
1.3333333333333333,0.9996515305986596,0.00025320825232545783,1.5678230568592076e-05,6.971618182516024e-05,1.808169831575188e-06,8.058566789395416e-06
1.3666666666666667,0.9997486040824854,0.00017668421938056748,1.2473671736885e-05,5.546651218270287e-05,1.3223914039889134e-06,5.449122810229172e-06
1.4,0.9996889210539837,0.00020736995286706113,2.1857300427048504e-05,7.417698172231296e-05,1.2636612631667275e-06,6.411049736721765e-06
1.4333333333333333,0.9997064851734194,0.00020096946224927941,1.6801105060954935e-05,6.738149517141977e-05,1.263683465170656e-06,7.0990806335937064e-06
1.4666666666666666,0.9997265663076207,0.00019856673997354637,1.2575864535438761e-05,5.4831342042357664e-05,1.0484546704984455e-06,6.4112911574160795e-06
1.5,0.9994125692253079,0.0004550831824422611,1.5258873583451375e-05,0.0001066240940281658,1.3175228018796809e-06,9.14710183652608e-06
1.5333333333333332,0.999210600937117,0.0006724473973276845,2.2467135456189712e-05,8.414456942882659e-05,1.2142250786357085e-06,9.125735591652731e-06
1.5666666666666667,0.9995421704782383,0.000356723425054958,1.4616749344128647e-05,8.205284114486629e-05,9.659634476450673e-07,3.4705427699552665e-06
1.6,0.9996339255457198,0.00028049153535161537,1.5567886674764744e-05,6.516106705107566e-05,1.6300010341924783e-06,3.2239641688031956e-06
1.6333333333333333,0.9996861531492374,0.0002656675440275818,9.072289272315344e-06,3.5365858992620074e-05,1.6852752992848858e-06,2.055883170802732e-06
1.6666666666666667,0.999665778039528,0.000281338904232768,9.414859776863033e-06,3.9330370316947135e-05,2.072283144104892e-06,2.0655430011621623e-06
1.7,0.9996366625410407,0.0003156799652961518,9.100816632462896e-06,3.3576830459086655e-05,2.3659184856124037e-06,2.6139280860667035e-06
1.7333333333333334,0.998606227675827,0.0013531828490984943,1.0266446610014289e-05,2.120828770988898e-05,4.04704507968788e-06,5.067695674964733e-06
1.7666666666666666,0.9988966067130166,0.0010713233609734732,6.7844626624433585e-06,1.8304581544077335e-05,3.594649622977381e-06,3.3862321807249697e-06
1.8,0.9990073307668245,0.0009682151607396792,4.273297598704456e-06,1.40449911783844e-05,3.5460793774018094e-06,2.5897042814342028e-06
1.8333333333333333,0.9989089706247178,0.0010735337872090159,4.0788265883271e-06,8.895784822571972e-06,2.4153243289634963e-06,2.105652333311662e-06
1.8666666666666667,0.9963024316660171,0.003639103183066276,1.686805958598051e-05,2.0794383913535966e-05,1.334107836086105e-05,7.461629056088603e-06
1.9,0.9602007458139716,0.039522094952653325,7.947725638502608e-05,9.473107986319354e-05,6.195070287984406e-05,4.100019424703814e-05
1.9333333333333333,0.4410329394814698,0.557913375257733,8.838107662678176e-05,5.805504867262707e-05,0.0008477519076908166,5.9497227807053335e-05
1.9666666666666666,0.04176795348183132,0.9572086012863533,0.0001503380873128346,4.2189624622016957e-05,0.0007730136807063779,5.790383917400968e-05
2.0,0.05049261568022832,0.9488106909942916,0.0003271558982791939,0.00011862000569604434,0.0001861922034002045,6.472521810458249e-05
2.033333333333333,0.0008926579087328219,0.9959887174910007,0.0026147849471065006,0.00017958235443111354,0.000241906708539578,8.235059018924127e-05
2.0666666666666664,0.0012673539610079851,0.9909562057045883,0.007007995186862854,0.00026758325379894774,0.0003393373991560189,0.00016152449458598026
2.1,0.00018644546599206588,0.9961267394089811,0.0029421691891558504,0.0002850274063305829,0.00030940519790531747,0.0001502133316350643
2.1333333333333333,0.00017726680955823027,0.9945552508410471,0.0036059026746724948,0.00032291278639545766,0.0012092446493564492,0.000129422238970303
2.1666666666666665,7.055686314675368e-05,0.9927362068436237,0.0027285599297274766,0.0001975641131555574,0.00416523267451726,0.00010187957582898609
2.2,2.9712156836274737e-05,0.9962973035247432,0.0009409913707993235,0.000112228805855001,0.0025575103414930164,6.225380027337879e-05
2.2333333333333334,1.8271719658049558e-05,0.9967660798934832,0.0005786698899925669,6.430973432333605e-05,0.0025308128503557766,4.18559121872225e-05
2.2666666666666666,1.0117102436698494e-05,0.9980678470356948,0.00032935578282370005,3.660253152538931e-05,0.0015186008997529101,3.7476647766300246e-05
2.3,6.737397232329527e-06,0.9997737968689656,0.00010081424958751731,2.437514062335489e-05,7.007974549169307e-05,2.4196598099639314e-05
2.3333333333333335,5.289813812210938e-06,0.9998483856789022,3.992562192370038e-05,8.542941084589185e-06,7.922738057940979e-05,1.8628563697756955e-05
2.3666666666666667,2.5992083505502487e-06,0.9999082072876548,2.4541346238959196e-05,3.924833281441276e-06,4.9276781949957103e-05,1.145054252416737e-05
2.4,1.3517576364659032e-06,0.999943744902912,1.5918213928185827e-05,1.735212586319943e-06,2.32233750052833e-05,1.4026537931551494e-05
2.433333333333333,1.2574574681102633e-06,0.9999508861803237,1.687988047773204e-05,1.6770088574806125e-06,1.8041200213501904e-05,1.12582726591938e-05
2.466666666666667,1.4033640068039372e-06,0.999958673606897,1.3147148702760925e-05,1.6770219177053906e-06,1.6971826758987406e-05,8.127031716453249e-06
2.5,1.1767361953292072e-06,0.9999518220785794,1.6129334430484798e-05,1.6770104270673652e-06,2.08128978409143e-05,8.381942526827171e-06
2.533333333333333,1.1774587393192335e-06,0.9999454955227578,1.8174248987017072e-05,1.6769998168561072e-06,2.5093880203688245e-05,8.381889495444941e-06
2.5666666666666664,1.12273742434702e-06,0.9999389704639692,2.2539666772689886e-05,1.5815609065134285e-06,2.6578625066969266e-05,9.206945860160469e-06
2.6,1.7532408606278685e-06,0.9999428030909282,1.3832707923133638e-05,1.6485120207618474e-06,2.7703759455468723e-05,1.225868881164471e-05
2.6333333333333333,2.479108455073668e-06,0.9998985577123704,1.9858310424675293e-05,2.6147897788479256e-06,4.94924934932141e-05,2.6997585477457107e-05
2.6666666666666665,2.607900420085296e-06,0.9998854140384434,2.7444932876878637e-05,3.704959951381015e-06,3.945121430838214e-05,4.1376953999577576e-05
2.7,2.802432513622284e-06,0.9998559120715943,5.999223300483543e-05,4.437056794697407e-06,2.6811519047315573e-05,5.004468704531603e-05
2.7333333333333334,2.3796811681007983e-06,0.9998755297307411,5.308690695908887e-05,4.2036073998083465e-06,2.1547787091801422e-05,4.325228664026375e-05
2.7666666666666666,2.6046837763934653e-06,0.9998215892855047,9.785743703719976e-05,4.586784898490687e-06,2.7139365832428687e-05,4.6222442950559253e-05
2.8,2.6046055855395603e-06,0.9997915753143167,0.00012371653425621352,5.03644838682629e-06,2.713855112693234e-05,4.992854632769749e-05
2.8333333333333335,2.5925166997605787e-06,0.9996448875583138,0.00024770073094923647,1.0900707739110328e-05,1.492068929409377e-05,7.899779700407488e-05
2.8666666666666667,2.5204311194813163e-06,0.9995740811657821,0.0003372851627157865,1.0659827501440096e-05,1.2303458346476266e-05,6.314995453454418e-05
2.9,2.2093434289688915e-06,0.9995863943453681,0.00031275791261180187,3.2497927362366787e-05,1.0784887014477785e-05,5.53555842142162e-05
2.933333333333333,2.098770983678593e-06,0.999584899520594,0.00030979776049509924,4.1375042853556074e-05,9.243737729491629e-06,5.258516734430696e-05
2.966666666666667,2.0987519522058374e-06,0.9995758353716566,0.00031718029811847757,3.987949268147626e-05,9.243653908081802e-06,5.5762431683251644e-05
3.0,2.1989448763522738e-06,0.9995442331549272,0.00031803624567761557,5.781636832247371e-05,9.94991408533789e-06,6.77653721110434e-05
3.033333333333333,6.203386541130404e-06,0.9985399609576565,0.001010938044957046,0.0002160022651248567,3.318029143223917e-05,0.00019371505428829577
3.0666666666666664,7.661978730023806e-06,0.9985988553990831,0.0010685592276159694,0.0002309545413294247,5.7207958475301375e-05,3.676089476634094e-05
3.1,7.75814925214625e-06,0.9985899636799005,0.0011301877143098348,0.00017683141337601285,6.050739178377997e-05,3.475165137765465e-05
3.1333333333333333,7.759024050943203e-06,0.9987025633825468,0.0010789113058167225,9.532164546903615e-05,8.068907218811872e-05,3.475556992856535e-05
3.1666666666666665,7.3931649764569165e-06,0.9985662038661163,0.0012265419605113647,9.082697078303977e-05,7.140925005459219e-05,3.7624787558121614e-05
3.2,5.644184690699399e-06,0.9982768162876383,0.001428254682752377,0.00017390318369505962,5.6606539418813124e-05,5.877512180464997e-05
3.2333333333333334,6.224055495065888e-06,0.9978008443788621,0.001909723085423697,0.00017416475156865096,4.7038235890418445e-05,6.200549276000543e-05
3.2666666666666666,5.83951751466039e-06,0.9953200990168974,0.004409856807854224,0.00015178054975513485,6.254868313910876e-05,4.987542483943593e-05
3.3,9.38439631132991e-06,0.9934991794080138,0.006034443975462872,0.000138137695993992,0.0002599045682756944,5.8949955942150566e-05
3.3333333333333335,1.3135574819957121e-05,0.9940898202964881,0.0053734549755118915,0.00010847294830666178,0.0003577796691795848,5.733653569359468e-05
3.3666666666666667,2.1219980683739857e-05,0.9888819425190501,0.010372118980976121,0.00015173249690129798,0.0004871361883208615,8.584983406776528e-05
3.4,2.7668638669296553e-05,0.9776664097780788,0.021045908135427584,0.00024040000514365977,0.0008771718332044924,0.0001424416094761569
3.433333333333333,2.4810717902466045e-05,0.9791873635594566,0.019682016159313975,0.0003483742682007526,0.000646062212839513,0.00011137308228665787
3.466666666666667,8.464076525014319e-05,0.9387544723033817,0.058131614179791506,0.0008699481924254324,0.001777053540663118,0.0003822710184879598
3.5,7.647987957797444e-05,0.9625464217910986,0.03530311226661136,0.0007659778974676569,0.000986810459716187,0.000321197705528262
3.533333333333333,0.0001004031836695351,0.9366010927944093,0.060823635032441134,0.0008699615601414662,0.0012573040282410533,0.00034760340109720963
3.5666666666666664,0.00012268985652903207,0.8851810227625417,0.11185232560439239,0.0010489931985206357,0.0013743666394460648,0.00042060193857036796
3.6,9.326683243639325e-05,0.04582795688120366,0.9063262026115201,0.04568318491614232,0.0007843697321847621,0.0012850190265127157
3.6333333333333333,4.35902014827285e-05,0.002644465775124686,0.9759704821843002,0.020766283006650753,0.00023923845271283802,0.0003359403797287604
3.6666666666666665,3.7688402599193454e-05,0.001390394156167654,0.9670871941404149,0.03112357103742018,0.00018545667752119764,0.00017569558587663634
3.6999999999999997,2.5841917303478224e-05,0.0010760526243082655,0.9533352214786577,0.04530850056904018,9.091238200468681e-05,0.00016347102868554986
3.7333333333333334,2.808616589029827e-05,0.0009994251206279236,0.9529989202770247,0.045620886156269407,0.00016317163966865104,0.00018951064051897693
3.7666666666666666,2.9222329463793126e-05,0.0009739046490891404,0.9488370830554087,0.04996703235904711,0.00015157402026101953,4.11835867303119e-05
3.8,2.8947478770838766e-05,0.000520360912977993,0.9290752042169934,0.07019366675931055,0.00014363743083031135,3.818320111702401e-05
3.8333333333333335,3.68454209988695e-05,0.0008549538405753518,0.9299409874336582,0.06896693225545537,0.00015639342260473043,4.388762670708332e-05
3.8666666666666667,2.49428245846576e-05,0.00040829594743149706,0.9783827246418076,0.021022704374259654,0.00013213878367899283,2.9193428237384227e-05
3.9,3.0168595113346772e-05,0.0004966357391537506,0.9882232653685028,0.011156095734650618,5.344298199730591e-05,4.039158058222475e-05
3.933333333333333,3.19562451904163e-05,0.0006043691236419924,0.9905442445578979,0.00873089361639968,4.6509361944040784e-05,4.202709492594704e-05
3.966666666666667,3.969145252443815e-05,0.0009416866027244727,0.9864729817888493,0.01239466501126234,5.856157650703222e-05,9.241356813226822e-05
4.0,3.3278638653861745e-05,0.0007932031491519469,0.9890450031773497,0.009984324711193968,5.8465531378672357e-05,8.572479227197367e-05
4.033333333333333,4.303034409705687e-05,0.0009123286502275855,0.9856614972468115,0.013194133031910629,7.663907194189494e-05,0.00011237165501128776
4.066666666666666,9.433523576387968e-05,0.0016953269407460028,0.9652085288793185,0.03266119079085842,0.0001381120509787001,0.0002025061023344138
4.1,8.950227509900294e-05,0.003772940028408003,0.9500321135120874,0.0457261163957433,0.0001455969414846861,0.00023373084717764114
4.133333333333333,9.081040905255735e-05,0.0029444402240475422,0.950821019265961,0.04576408731884562,0.00014571784504494476,0.00023392493704847141
4.166666666666667,4.888138674107855e-05,0.002436178987563617,0.9621035637797838,0.03522324589004352,7.049576852529732e-05,0.00011763418734282889
4.2,2.975815911275333e-05,0.0023916045944159425,0.9801684636749107,0.017275242983098738,5.0345425373827904e-05,8.458516308820718e-05
4.233333333333333,2.4471706315229282e-05,0.0014318148585861902,0.9860197059150008,0.012416084512669371,3.918275798395706e-05,6.874024944464586e-05
4.266666666666667,1.6721636364144283e-05,0.0008068365590755173,0.995257858379511,0.0038517216394387357,2.4274982938088316e-05,4.258680267254109e-05
4.3,1.9394664579904737e-05,0.001022732360110554,0.9913339411994673,0.007548569780887225,2.837983937114155e-05,4.698215558370489e-05
4.333333333333333,2.5747652250465057e-05,0.001277852048874309,0.9845105731489971,0.014090645821321796,3.949925784230999e-05,5.568207071393107e-05
4.366666666666666,1.966667913631712e-05,0.000847223977672203,0.9902415056380568,0.008826753294642425,2.3590649416484414e-05,4.1259761075996244e-05
4.4,3.488006984602272e-05,0.0009580073597015203,0.9886609701567991,0.010250294573832025,3.486659173594304e-05,6.098124808527208e-05
4.433333333333334,1.6751394967431004e-05,0.0008672633646063175,0.9961346857272346,0.0029260621834712053,2.009369671283145e-05,3.514363300764558e-05
4.466666666666667,8.853970737037816e-06,0.00035911420363562985,0.9987385480245914,0.0008638460478384178,1.1062542067587952e-05,1.857521113005014e-05
4.5,7.802724259296326e-06,0.0002834597478295641,0.9978718972121735,0.0018159331311624622,9.749068290814492e-06,1.1158116284251048e-05
4.533333333333333,9.029309221205856e-06,0.00026963848634163374,0.9990309723967238,0.000669464110619572,1.0886505899809753e-05,1.0009191193849744e-05
4.566666666666666,6.5369769253439245e-06,0.00018137260510732496,0.9994484331837201,0.0003475479063029242,1.0084875662304869e-05,6.024452281910942e-06
4.6,6.536096608352917e-06,0.00017559860670088377,0.9993138401681081,0.0004879179700379042,1.0083517559392907e-05,6.02364098522658e-06
4.633333333333333,7.343467434484474e-06,0.0002565589990406637,0.9987853983930776,0.0009362212598616129,8.842117337425095e-06,5.635763248124122e-06
4.666666666666667,2.82031745809547e-06,0.0001081488409362605,0.999458113234645,0.00042460210010036154,4.418040773761456e-06,1.8974660864372541e-06
4.7,2.773244167596272e-06,6.634283497097468e-05,0.9996412757848196,0.00028295074737077363,4.956477991062182e-06,1.7009106798641896e-06
4.733333333333333,3.5018779585170532e-06,3.776077465674731e-05,0.999557951973805,0.0003942520299903742,5.208388539222358e-06,1.3249550501780324e-06
4.766666666666667,3.318836287481113e-06,4.0664459666561375e-05,0.9998161026018394,0.00013309485656109335,5.833668576215317e-06,9.85577069415349e-07
4.8,3.0498781619312904e-06,8.826046954424093e-05,0.9998113108695464,9.288171093147488e-05,3.6770791935888956e-06,8.199926225257395e-07
4.833333333333333,1.9683682206588074e-06,8.174688964095655e-05,0.9998461863545166,6.478043572134247e-05,4.7435490016966556e-06,5.744028988615608e-07
4.866666666666666,2.360361613010972e-06,0.00011621318313662855,0.999797924036857,6.857818568882878e-05,1.4206726902782438e-05,7.175058017339124e-07
4.9,2.0364150047935952e-06,4.367053072473175e-05,0.9999070810785222,2.8456462963857646e-05,1.8204505444350467e-05,5.510073400419983e-07
4.933333333333334,2.7022848294358864e-06,2.0756297253546287e-05,0.9999377112907893,1.3950782789379981e-05,2.4125741966237934e-05,7.536023720733024e-07
4.966666666666667,4.763592767022497e-06,3.745133894190722e-05,0.9998070575089198,8.427818844587954e-05,6.538367036298097e-05,1.0657005624582564e-06
5.0,1.282586414744743e-05,9.111365654726091e-05,0.9996223963250898,0.0002522132135105422,1.5940658083841266e-05,5.510282621253266e-06
5.033333333333333,1.2198120193773732e-05,0.0001206261529708895,0.9989661451365082,0.0008753283711022433,2.0195554099012447e-05,5.506665125754053e-06
5.066666666666666,1.5854519002034127e-05,0.00015678396376151647,0.9982291929599335,0.001571765525936793,1.9245737825227662e-05,7.157293540907177e-06
5.1,2.6043737392555285e-05,0.0002882993689602486,0.9967448994072953,0.002890212738659415,3.538967849178368e-05,1.5155069200562648e-05
5.133333333333333,2.0626910763609853e-05,0.0002055287642166299,0.9929927016495568,0.006739058070501547,3.1517425983379996e-05,1.0567178977677926e-05
5.166666666666667,4.7368983126951625e-05,0.0004949471496949298,0.9768065402918061,0.022572187673187968,5.803428975946399e-05,2.0921612424462727e-05
5.2,3.6923416579718704e-05,0.0003695460299185994,0.9813495237617674,0.01809455443398063,0.00013895890013492757,1.0493457618628048e-05
5.233333333333333,4.2009352397700393e-05,0.0004344854988866529,0.979067396069763,0.020307241377217834,0.00013970588184036785,9.161819894483816e-06
5.266666666666667,2.5846393655362715e-05,0.00026731864693981374,0.9702438063517007,0.02936270393723119,9.319954995782854e-05,7.125120515192087e-06
5.3,3.2044981625855986e-05,0.00031666348363814273,0.9074617093232459,0.09204734784887154,0.00012743453130924313,1.4799831309189675e-05
5.333333333333333,3.182322462415712e-05,0.0003260231584373693,0.7838680499597914,0.21560398791993537,0.00015349520844385207,1.6620528767915213e-05
5.366666666666666,4.152718492009716e-05,0.0007293677723853064,0.4029187933539307,0.5960856974277341,0.0001961719201814422,2.8442340848374156e-05
5.4,3.6139013765426645e-05,0.0006347319717676033,0.20042473517299744,0.7987161344403497,0.00017071852420211508,1.7540876917593002e-05
5.433333333333334,3.2962863549817266e-05,0.0006302822222230481,0.12385033143343051,0.8753162264336483,0.00016028312130529667,9.913925843037046e-06
5.466666666666667,1.930707457391621e-05,0.000741878345772893,0.08892821148761189,0.910173197265404,0.00013053415776969612,6.87166886744391e-06
5.5,8.293677699694209e-06,0.0005351982868310519,0.05257672528632975,0.9467905487433721,8.391264485776599e-05,5.321360909620943e-06
5.533333333333333,3.599444627527429e-06,0.00026225811309520185,0.01894124796817526,0.9807564292125033,3.412974984741895e-05,2.335511751360504e-06
5.566666666666666,2.373146660896019e-06,0.0002509108016502173,0.009752467756744503,0.9899650507683736,2.73274956585702e-05,1.8700309123616532e-06
5.6,1.3434523056408554e-06,0.0001341096208261318,0.005138686890757879,0.9947019852163247,2.2421268426990014e-05,1.4535513586135446e-06
5.633333333333333,1.1765906626737343e-06,0.00019060136209440563,0.004427686301598688,0.9953530794238495,2.5617820400653352e-05,1.8385013939622474e-06
5.666666666666667,1.0362160549037186e-06,0.00017453098039329492,0.0026412697219951238,0.9971602054191638,2.077604273851576e-05,2.1816196543694393e-06
5.7,1.160224792533844e-06,6.29091425956354e-05,0.0026415642695479763,0.9972714061404919,2.077835962894752e-05,2.181862942938228e-06
5.733333333333333,1.0048570081199951e-06,3.45942333568656e-05,0.0011303474328413186,0.9988117090582269,1.9895228956266525e-05,2.4491896103209073e-06
5.766666666666667,1.2055329076945331e-06,4.4204798001743806e-05,0.0016016457368536409,0.9983251120130818,2.3544131605654234e-05,4.287787549448826e-06
5.8,1.3901097998387785e-06,6.169555457752271e-05,0.0022531847345774046,0.99765664120218,2.2335311788035618e-05,4.753087077118856e-06
5.833333333333333,1.4976728397148574e-06,4.011326374940114e-05,0.0008046156507196184,0.9991214674245509,2.6524600045049342e-05,5.78138809523037e-06
5.866666666666666,2.0470695818554863e-06,5.239047021607921e-05,0.0008346623483275789,0.99905704728576,4.789193955133767e-05,5.960886563150415e-06
5.9,3.3525218245328054e-06,4.161253975303904e-05,0.0008122098794219908,0.9990889705121074,4.789346985957249e-05,5.961077033485921e-06
5.933333333333334,4.438441271531995e-06,3.8275741711217424e-05,0.0011463666970036636,0.9987371053990998,6.622532352902612e-05,7.588397384656715e-06
5.966666666666667,5.3146028288986516e-06,3.7674384798057796e-05,0.0008035601618691371,0.9990807968299481,6.518484581781965e-05,7.469174738065157e-06
6.0,5.244721886060562e-06,3.4597191514933965e-05,0.0006911865993130828,0.9992112512220466,5.178072637461382e-05,5.939538864738871e-06
6.033333333333333,4.9865398834584926e-06,3.453573856041977e-05,0.0006899588852476191,0.9992062284977937,5.517987962848293e-05,9.110458886282322e-06
6.066666666666666,4.988484535181385e-06,3.3559198798499847e-05,0.0003056964767145666,0.999595899122954,5.0742705212935e-05,9.114011784681535e-06
6.1,4.9886072249582585e-06,3.356002417353781e-05,0.0002854025317102165,0.9996204837832775,4.64508176736163e-05,9.114235940146865e-06
6.133333333333333,3.496832332120492e-06,3.356007423778903e-05,0.00028540295746867165,0.9996219749994566,4.6450886968125544e-05,9.114249536603037e-06
6.166666666666667,3.486171354885926e-06,3.153833382526822e-05,0.00020575676771263088,0.9997050071379255,4.5518192665882075e-05,8.69339651570656e-06
6.2,3.0046756329091873e-06,3.3067806929604394e-05,0.00022223937514517715,0.9997030479550775,2.952519847973227e-05,9.114988735186779e-06
6.233333333333333,2.3652967649637026e-06,3.1501664745388186e-05,9.716398734973281e-05,0.9998353911195312,2.5014724874072755e-05,8.56320673439805e-06
6.266666666666667,2.0130658043124127e-06,3.4208438771029494e-05,9.842519634700531e-05,0.9998312915080466,2.5014622306535846e-05,9.047168724361453e-06
6.3,1.4340102241544065e-06,3.8290557784687255e-05,7.918145051901143e-05,0.9998509366250474,2.091561530456365e-05,9.241741120216373e-06
6.333333333333333,9.715778235279945e-07,3.070274015990515e-05,6.74127688970845e-05,0.9998729039999807,1.6770889199147724e-05,1.1238023939458632e-05
6.366666666666666,8.994442382712442e-07,1.9097399725993608e-05,5.225312688337348e-05,0.999904189785609,1.4267696163590285e-05,9.29254737979159e-06
6.4,8.436590098565127e-07,2.5281212583620097e-05,4.901228938112259e-05,0.9999034205081446,1.513863120329721e-05,6.303699677401497e-06
6.433333333333334,9.066188135586166e-07,2.0550109538263918e-05,5.454908394311296e-05,0.9999052743676602,1.2416108680171602e-05,6.303711364703881e-06
6.466666666666667,8.004750252371993e-07,3.085391945217021e-05,5.17568091836997e-05,0.9998994582481887,1.1149513040825917e-05,5.981035109450074e-06
6.5,8.196722709705983e-07,3.4224215000534035e-05,7.010725127756597e-05,0.9998758470758308,1.2367418410228731e-05,6.634367209938498e-06
6.533333333333333,1.006272085104658e-06,4.2015416904218806e-05,8.19591925768736e-05,0.9998516915433604,1.5182882661488744e-05,8.144692411992368e-06
6.566666666666666,8.35575436029988e-07,4.911477771032452e-05,8.212965027011674e-05,0.9998402303384033,2.0068291059156447e-05,7.62136712124085e-06
6.6,8.355676685885151e-07,4.911432114333504e-05,7.938576251555943e-05,0.9998309359047275,3.470295716108984e-05,5.025486783905282e-06
6.633333333333333,1.075212479234172e-06,8.711744015139577e-05,9.812079172228608e-05,0.9997630104920019,4.4209243173954026e-05,6.466820471176418e-06
6.666666666666667,1.929160886129989e-06,0.00013880516576285506,8.734066415047266e-05,0.9997384736547467,2.5353513421079678e-05,8.097841032651468e-06
6.7,2.028935816728329e-06,0.00014598407752716252,8.36578668082508e-05,0.9997237126398514,2.955342494889202e-05,1.5063055047736356e-05
6.733333333333333,2.009574674697459e-06,0.00014459102288445527,8.285956070713128e-05,0.9997282197478113,2.6641884465445878e-05,1.5678209457071514e-05
6.766666666666667,1.9154167809422956e-06,0.00015042849690897884,6.977541525135232e-05,0.9997423379842812,2.2413923881940925e-05,1.3128762895479232e-05
6.8,1.7930806406781385e-06,0.00012589550648169404,7.085126019774901e-05,0.9997511092470109,2.2414120531025094e-05,2.7936785138070547e-05
6.833333333333333,1.2736050899004484e-06,6.336157849808683e-05,5.24814552220237e-05,0.9998452457935169,1.660274862729132e-05,2.1034819046020143e-05
6.866666666666666,1.7168290798018682e-06,4.868901664885567e-05,2.5915565164805846e-05,0.9998635256578999,3.400402524256756e-05,2.614890596408701e-05
6.8999999999999995,1.5541382803407978e-06,4.645006768948805e-05,2.6049940937067066e-05,0.9998759376340778,3.2440360946773116e-05,1.7567858068699112e-05
6.933333333333334,1.646755885415384e-06,5.0744462983043675e-05,7.582984197545206e-05,0.9998048105453003,2.808386581940504e-05,3.888452803635886e-05
6.966666666666667,1.6076452818559381e-06,5.323614995863586e-05,7.955328722453436e-05,0.9997974344263414,2.9795308510985976e-05,3.8373182682509284e-05
7.0,1.6883719838995275e-06,4.8989641522403194e-05,8.142421078707657e-05,0.9998115706061939,1.6142675605289255e-05,4.0184493907425375e-05
7.033333333333333,1.5760254929691255e-06,4.572980638567669e-05,7.426064081091605e-05,0.9998055139835441,2.7310259207953862e-05,4.5609284558228756e-05
7.066666666666666,1.6610255918507762e-06,4.8196161201611945e-05,9.289229705282081e-05,0.9997954863910912,2.6733471540790924e-05,3.503065352167403e-05
7.1,1.5749066885115766e-06,0.00013724180694294573,9.288098193052576e-05,0.9996737022544353,4.755664530025453e-05,4.704340470249537e-05
7.133333333333333,1.998254129405775e-06,0.00017413349594066162,8.593723595749232e-05,0.9996359398409271,5.849192066780818e-05,4.349925237754918e-05
7.166666666666667,2.289303201242067e-06,0.0005294391813859085,9.775232022266466e-05,0.9990979537478952,0.00021632447248144503,5.624097481349559e-05
7.2,2.544901718807678e-06,0.0005445753046993662,0.00010030056524048782,0.9990862925433351,0.00019391941631266584,7.236726869348793e-05
7.233333333333333,3.5946653846269067e-06,0.00018698962011665107,0.0001439327569775433,0.9993798388953212,0.00021784846452200992,6.779559767792226e-05
7.266666666666667,4.6534719835786846e-06,6.733564763819007e-05,0.0003754399271779422,0.9992826106579976,0.00018397558656343084,8.598470863920128e-05
7.3,4.281573929013851e-06,3.130624334374076e-05,0.0005237257533703257,0.999299035309133,0.00011026451366743157,3.1386606556469765e-05
7.333333333333333,4.363243337990918e-06,2.3595284923962594e-05,0.0009166508169870281,0.9990063999295138,2.8602930138629667e-05,2.0387795098686868e-05
7.366666666666666,8.199909824523298e-06,4.498468120415156e-05,0.0018620148906221294,0.9979998525929675,5.375392332848869e-05,3.119400205308878e-05
7.3999999999999995,1.1789994946849437e-05,2.5085147214429335e-05,0.0030561467500075227,0.996687916847958,0.00011022078872853921,0.0001088404711445848
7.433333333333334,7.191747595499018e-06,1.6617798482811473e-05,0.0014940175385603277,0.9983450934590485,9.50287127272428e-05,4.205074358557919e-05
7.466666666666667,8.242254520471805e-06,3.75088194095286e-05,0.0016032923445648312,0.9982162813111721,9.901664660223725e-05,3.565862373087542e-05
7.5,6.376694141388912e-06,2.5427442161424393e-05,0.0017750268091207533,0.99806457691021,8.043095812993561e-05,4.816118623632764e-05
7.533333333333333,7.449437878473776e-06,2.790130329920961e-05,0.00129977381176678,0.9984577456208134,0.0001355742100528921,7.155561618933285e-05
7.566666666666666,8.21057859365312e-06,3.4945807758330626e-05,0.001591701347076085,0.9981219176315324,0.00016057736063017318,8.264727440938342e-05
7.6,1.152858372164285e-05,5.288282968684237e-05,0.002205144852716642,0.9974683808410469,0.0002186901837451383,4.337270908281049e-05
7.633333333333333,9.482153031487122e-06,4.5573527778034105e-05,0.0023941991305229545,0.9973127347090194,0.000206851722159755,3.115875748836244e-05
7.666666666666667,8.174492104581145e-06,4.015171359725809e-05,0.003546083567048082,0.9961737935798125,0.0002186932604822329,1.3103386955544904e-05
7.7,1.6179633423379532e-05,7.523185090244064e-05,0.013842796166329453,0.9855529508007527,0.0004947931012932148,1.8048447298704106e-05
7.733333333333333,1.301802586660039e-05,3.950962412050975e-05,0.011436290869353674,0.9874581949689265,0.0010392949702472426,1.3691541485308941e-05
7.766666666666667,2.0557076112976056e-05,6.918080919620364e-05,0.012826919957215056,0.9856543183289377,0.0014147815900340452,1.4242238504166849e-05
7.8,5.354805323011411e-05,0.0002199603966470828,0.03939477798742741,0.9576134933312193,0.0026742070048403326,4.401322663583077e-05
7.833333333333333,4.8719043040829485e-05,0.0002694431960990905,0.023573216079937256,0.9727744042544446,0.0033136661666598602,2.0551259818249814e-05
7.866666666666666,0.00013970320192431134,0.0004573021731248349,0.024411799789490648,0.7873164310629931,0.1876289196123746,4.5844160092709356e-05
7.8999999999999995,0.00014739916095930496,0.0026677641969098235,0.020650457815858492,0.6191179905788093,0.35737401810248476,4.2370144978318504e-05
7.933333333333334,0.00013596314128525673,0.003954407868599237,0.019783716888136734,0.5489992426914571,0.4270554673666301,7.120204389156417e-05
7.966666666666667,8.587971258637774e-05,0.002888369371426857,0.0015761065286440544,0.0030940250604162903,0.9922928450628128,6.277426411363516e-05
8.0,7.0756211624744e-05,0.0024499274195087344,0.0012985526351373547,0.0019964584433028176,0.9941325856353128,5.1719655113476566e-05
8.033333333333333,0.0008804821391388297,0.024331630707718516,0.014546871444979317,0.03344974770383441,0.9255287826781011,0.0012624853262277979
8.066666666666666,0.0007334958998175677,0.023842011951392125,0.007372238090727551,0.024303975060063,0.9426965508944932,0.001051728103506621
8.1,0.0003388141433351906,0.09113255030884591,0.004804243573882702,0.02357616838318567,0.8790925378240159,0.0010556857667347996
8.133333333333333,4.096887136862997e-05,0.03613190085429182,0.0007286216650114111,0.01272102788400173,0.9501588648373145,0.0002186158880119545
8.166666666666666,0.0002475816843721418,0.1249174934536246,0.00386188647539715,0.08210546285559028,0.78780846559839,0.0010591099326258805
8.2,0.00026636081206649927,0.14825197831434686,0.004154811452648641,0.06670704814994685,0.779480357606419,0.0011394436645720946
8.233333333333333,9.474117705841253e-05,0.05273135645506613,0.0014778139637952115,0.021685512562411486,0.9234896196498505,0.000520956191818326
8.266666666666666,8.146996319006418e-05,0.04143559773373002,0.0010997671049750492,0.021501924544391558,0.9353954896064864,0.000485751047226749
8.3,4.052394929774612e-06,0.0009946046797103417,3.8231626978767326e-05,0.0006810169182837252,0.9982495726490096,3.25217310878121e-05
8.333333333333334,3.2646030894349782e-06,0.0002556906077951015,2.0999106401539645e-05,0.0005113819599567942,0.9991788562707168,2.9807452040239937e-05
8.366666666666667,4.034076771794128e-06,0.00030340850981739123,3.0727200499027814e-05,0.0009670683875361612,0.9986593915992926,3.53702260828832e-05
8.4,5.0602644095840746e-06,0.002258890769955408,4.8813537537775164e-05,0.00123013026368343,0.9964119092282577,4.519593615613536e-05
8.433333333333334,0.00011502623702651736,0.05881310264102207,0.0016151331136696119,0.015836488456575818,0.9219324729455967,0.0016877766061094341
8.466666666666667,0.00012133282444559808,0.08042337498516346,0.0019630782060199,0.01707535941544115,0.8956845699613716,0.004732284607558305
8.5,6.547845512277738e-05,0.03453251376522741,0.0007997550364061304,0.007927354930877097,0.9541400772319747,0.0025348205803918224
8.533333333333333,6.942563363546726e-05,0.019964921114502723,0.0006970446994336098,0.00690926656733264,0.9717374772676942,0.000621864717401312
8.566666666666666,8.325599166598255e-05,0.044078100017932935,0.0010655171349571182,0.0140911952422743,0.9393193080607752,0.0013626235523944528
8.6,0.00010648709830464677,0.02166029305185345,0.00089077328987301,0.01555423117568377,0.9597546327777401,0.0020335826065450615
8.633333333333333,3.881653820558896e-05,0.016412090402274402,0.000240994519566347,0.003773138824573312,0.9608140753731317,0.018720884342248653
8.666666666666666,3.6269983856676096e-05,0.0023042140327925275,0.00023132145536795937,0.002182871450527083,0.990812966297427,0.00443235678002888
8.7,7.08473708347937e-05,0.0029402817781330136,0.0002867560618028215,0.0024902277466862205,0.9859148623891247,0.008297024653418502
8.733333333333333,0.00011293184648014896,0.004114044213293816,0.0005150605373360057,0.003392420987056063,0.971363737305012,0.020501805110821923
8.766666666666666,0.0003006940377719627,0.007699457058785549,0.0014307304455821747,0.006553510781519783,0.9344467028094273,0.04956890486691312
8.8,0.00032498353169028,0.009434865582458832,0.0019094907385745889,0.015360076871255783,0.869835397092209,0.10313518618381151
8.833333333333334,0.00030210434474340253,0.006831209125971114,0.0019549278922093966,0.016701103059640923,0.782438749258814,0.19177190631862126
8.866666666666667,0.00027958924569369896,0.006638381589110593,0.0007976331629341172,0.011953783466152964,0.8236542029619632,0.15667640957414533
8.9,0.0005896986985437345,0.009629380475777449,0.0013361486256691774,0.020803347403733442,0.786481381961322,0.18116004283495427
8.933333333333334,0.0005312294232598685,0.006524013628909001,0.001145270901074876,0.017991942249648056,0.6425163800372743,0.33129116375983386
8.966666666666667,0.000923873127392843,0.015626062287216063,0.002464594267499045,0.029562464285897684,0.5542883439462795,0.39713466208571485
9.0,0.0008125429721395542,0.014162163348835001,0.0022337032813109516,0.017058691513612917,0.3078953699780404,0.6578375289060613
9.033333333333333,0.0005737703245614723,0.013444819923766315,0.001695017551105596,0.01089940879932088,0.2188646258434533,0.7545223575577925
9.066666666666666,0.00039998140166910286,0.007211213097543804,0.0010992909636721715,0.00515495872101294,0.10630018383103411,0.8798343719850679
9.1,2.4236310940627636e-05,0.000457827638860429,6.220809859157625e-05,0.0002637665466486746,0.0019499807537151441,0.9972419806512435
9.133333333333333,2.5244140820121295e-05,0.00043061888099410304,8.742682761322993e-05,0.00018763156180863982,0.0007422688822904886,0.9985268097064733
9.166666666666666,1.8060186945397615e-05,0.0003174685878949481,6.678704746361524e-05,4.4411246899010885e-05,0.000603940751269664,0.9989493321795274
9.2,6.316709583719194e-06,9.147891528929448e-05,2.4972754660313445e-05,1.5149057103737773e-05,0.00010161690076436271,0.9997604656625985
9.233333333333333,5.587410777394052e-06,8.091717221084823e-05,1.4082316480519634e-05,1.3400015278040569e-05,4.8873044410384866e-05,0.9998371400408429
9.266666666666666,5.159098429258493e-06,7.51962825451629e-05,1.2704741024355891e-05,1.2750128183275184e-05,4.650275152749128e-05,0.9998476869982904
9.3,4.67527639459285e-06,5.497415265513182e-05,9.103068160408594e-06,2.621522109273952e-05,3.715199787697338e-05,0.9998678802838201
9.333333333333334,1.540706876466789e-06,1.947283641112806e-05,5.904724669652936e-06,7.623812504779944e-06,5.364972921507753e-06,0.9999600929466164
9.366666666666667,1.105407564542787e-06,1.9472910736679494e-05,6.9044739500339434e-06,3.2425363774370025e-06,5.364993398985322e-06,0.9999639096779723
9.4,1.1974392601897386e-06,1.7491616019781266e-05,8.273286591542819e-06,3.133013262867574e-06,5.157494326115273e-06,0.9999647471505395
9.433333333333334,1.1974322516245135e-06,2.3512958946618616e-05,8.273238168319502e-06,3.267117780933329e-06,4.854856925381921e-06,0.999958894395927
9.466666666666667,1.4286402388689948e-06,3.6102196842819735e-05,8.528682985376481e-06,3.1411237909808222e-06,4.702125684053557e-06,0.9999460972304578
9.5,1.1156255902786074e-06,2.9394533954402916e-05,1.1351391678551194e-05,3.2591394913274693e-06,7.044009055326978e-06,0.99994783530023
9.533333333333333,1.2169369540607182e-06,3.64527596091888e-05,1.1850163457649927e-05,3.567739819925467e-06,2.21860354748668e-05,0.9999247263646843
9.566666666666666,1.3357147488168177e-06,2.7524335398154663e-05,1.662945716754309e-05,3.067277317905142e-06,2.1139285112208482e-05,0.9999303039302554
9.6,1.1725384563608887e-06,2.2340291785856378e-05,1.5361495386070013e-05,2.8186633796651483e-06,1.7510723897592985e-05,0.9999407962870945
9.633333333333333,9.016984429685097e-07,2.1154402915613943e-05,1.5596144438338027e-05,3.5604096283415364e-06,1.734024458158379e-05,0.9999414470999931
9.666666666666666,1.0330920513495885e-06,1.762638511404379e-05,3.118164775726326e-05,3.5603787755259215e-06,1.3816413066105673e-05,0.9999327820832357
9.7,1.170907953592242e-06,1.391019439895985e-05,3.3197763040356087e-05,3.7148226728431104e-06,1.5071379639364797e-05,0.9999329349322948
9.733333333333333,1.4285684995891402e-06,1.3910325854878503e-05,2.7250565558814057e-05,1.0370188333483326e-05,4.655723876505655e-06,0.9999423846278767
9.766666666666666,3.485790947906217e-06,3.2338272645290894e-05,6.528646507104359e-05,1.9345912055362704e-05,4.5431165481638e-06,0.9998750004427324
9.8,7.50917411355548e-06,4.7117986235702354e-05,7.430919723702653e-05,1.596440993143426e-05,6.998560060648455e-06,0.9998481006724216
9.833333333333334,1.1062536207403821e-05,4.9802369420379956e-05,6.692226152843677e-05,6.09128400457903e-06,3.412289939049524e-05,0.9998319986494486
9.866666666666667,5.312021318897972e-05,5.5798367276081594e-05,6.925720869528716e-05,4.791048834617757e-06,3.48679199433684e-05,0.9997821652420618
9.9,0.0030097525700301386,4.485881985596356e-05,5.1520547509896505e-05,3.0343887644540944e-06,2.1044749468473245e-05,0.9968697889243711
9.933333333333334,0.2573963624011224,0.0002769185258758593,0.0003888369628204748,0.00013567653211817983,2.823742958287906e-05,0.7417739681484803
9.966666666666667,0.9888701588121632,5.844200516278261e-05,9.925125806377338e-05,5.313618170768467e-05,1.1208613791118178e-05,0.010907803129111318
10.0,0.9993342702406371,1.0278496315515682e-05,1.0987262365889648e-05,9.345333829353576e-06,1.68759150894103e-06,0.0006334310753431289
10.033333333333333,0.9994776746541906,3.500823653098538e-05,3.5605705855017836e-05,2.4565941410409645e-05,6.405969190672211e-06,0.0004207394928221894
10.066666666666666,0.9995063068742314,2.4554388811884204e-05,2.7351344383677604e-05,2.234525755310761e-05,5.513022916038938e-06,0.0004139291121037929
10.1,0.9998002399702268,1.4865545288223994e-05,6.7665161881554706e-06,8.21776687786038e-06,2.5217158766519375e-06,0.000167388485542451
10.133333333333333,0.9998974035055181,4.882055591083495e-06,7.895594358427612e-06,5.633512980792716e-06,1.3078522934883203e-06,8.287747925819357e-05
10.166666666666666,0.9998147437231834,1.5180497501048294e-05,1.747412312188942e-05,2.2043915819196563e-05,2.8272762392720283e-06,0.00012773046413519905
10.2,0.9998361021217573,1.4624223032328802e-05,6.5505594342140465e-06,1.9045058263344302e-05,2.1698968349009507e-06,0.00012150814067791897
10.233333333333333,0.9998857015510427,1.5987745725045443e-05,4.7654274473907e-06,1.5997510671953603e-05,3.570636348356808e-06,7.39771287644663e-05
10.266666666666666,0.9998826828521676,1.1236994702905183e-05,5.291328561059591e-06,1.40571997526948e-05,9.21001592944996e-06,7.752160888644164e-05
10.3,0.9998961500294116,7.883458909363557e-06,3.3722513510399127e-06,1.8280944806149608e-05,8.362313108233494e-06,6.595100241367567e-05
10.333333333333334,0.9998735734898543,9.493369249142217e-06,9.072098596718528e-06,3.835281721827788e-05,6.367369577901152e-06,6.314085550359404e-05
10.366666666666667,0.9999044572713486,9.275707944572471e-06,5.262535286948406e-06,1.959760556329792e-05,4.641946207053515e-06,5.67649336495954e-05
10.4,0.9998917613264476,8.631295271064807e-06,5.0979123250823024e-06,1.1329002335806002e-05,3.2566504473250053e-06,7.992381317287134e-05
10.433333333333334,0.9998026900590787,1.9065690025323604e-05,1.039633826741461e-05,3.1246902169154796e-05,4.078903352245654e-06,0.00013252210710722453
10.466666666666667,0.9996987699418823,3.374831062489233e-05,2.626662543801992e-05,8.219912325117285e-05,5.139072271657382e-06,0.00015387692653227704
10.5,0.9997610826306762,1.8184672324788972e-05,1.5602453680367404e-05,7.920602524139953e-05,4.532444763520371e-06,0.00012139177331378364
10.533333333333333,0.9998424194190335,1.3360234952541178e-05,1.953321809492799e-05,5.348341453142542e-05,3.96641835871348e-06,6.723729502873897e-05
10.566666666666666,0.9999267919398928,7.080481116609211e-06,9.155383508820846e-06,2.9392272329978523e-05,2.1654610980192276e-06,2.5414462054112905e-05
10.6,0.9999532875228537,5.63736877564122e-06,3.7191143201539185e-06,8.566984815714596e-06,1.6978082100447255e-06,2.7091201024939467e-05
10.633333333333333,0.9999379716827188,7.907830591055931e-06,5.333907187874441e-06,7.196637492997849e-06,6.532701771970049e-06,3.505724023738437e-05
10.666666666666666,0.9999057224225785,1.4232432928502142e-05,1.0674583689728605e-05,1.269920960170364e-05,4.447976282046932e-06,5.222337491953116e-05
10.7,0.9999658650557849,5.411575400900221e-06,3.977832573523667e-06,6.877658785530437e-06,1.0447046405035279e-06,1.682317281455988e-05
10.733333333333333,0.9999607966515509,5.770810916436797e-06,3.516364873707619e-06,7.3342170179249585e-06,1.0626323023499223e-06,2.151932333876431e-05
10.766666666666666,0.9999505856498703,8.037280451221074e-06,5.029379531219624e-06,1.3558458603234989e-05,1.5129636839971838e-06,2.1276267860070978e-05
10.8,0.9999417425646908,5.887519202801998e-06,8.5376735721944e-06,2.2691896453964e-05,1.245993511359287e-06,1.989435256883003e-05
10.833333333333334,0.9998565062012766,1.6848171761435958e-05,2.2668763577454748e-05,5.2240651380498105e-05,3.120542028714812e-06,4.8615669975511926e-05
10.866666666666667,0.9999391994214063,6.266404694169171e-06,7.438202786963179e-06,2.253647570987668e-05,1.3335856570713746e-06,2.3225909745632118e-05
10.9,0.9999046250453896,1.1297960989470646e-05,1.488119602192761e-05,3.1774091594304526e-05,1.8926496464993098e-06,3.552905635821467e-05
10.933333333333334,0.9999157519006835,1.1039089871266913e-05,1.2536859629514298e-05,3.196807319957828e-05,1.6298283280982076e-06,2.7074248288158688e-05
10.966666666666667,0.9999173928680972,9.398002313849354e-06,1.2536880203825767e-05,3.1968125662564585e-05,1.6298310028187241e-06,2.707429271986117e-05
11.0,0.9999488842169747,5.7287716777836696e-06,7.481173759910063e-06,1.8646689350567827e-05,9.296238716706253e-07,1.8329524365334018e-05
11.033333333333333,0.9999644470158874,4.234505873078175e-06,5.553394393234664e-06,1.3782974782299439e-05,6.87145162305696e-07,1.1294963901793016e-05
11.066666666666666,0.9999683353432848,3.992913005522688e-06,4.975215234695282e-06,1.2996609501223539e-05,6.479412090785308e-07,9.051977764741793e-06
11.1,0.9999599791028426,4.669878864493798e-06,5.751596067873895e-06,1.4274891705522112e-05,7.116695004393505e-07,1.4612861019088967e-05
11.133333333333333,0.9999213875537095,1.1171874662618199e-05,1.0665764527417443e-05,2.8241974007658595e-05,1.4584322104019898e-06,2.7074400882083733e-05
11.166666666666666,0.9999198083837221,1.113800755060673e-05,8.19451628010968e-06,3.196820288845103e-05,1.816531435240785e-06,2.7074358123641086e-05
11.2,0.9999676134464116,4.409930869394396e-06,2.0153407525368855e-06,8.522230136271375e-06,8.022091090665221e-07,1.6636842721159458e-05
11.233333333333333,0.9999569747304443,6.761854698269658e-06,2.935950892579367e-06,1.3562391462763064e-05,1.6104882634707832e-06,1.8154584238618438e-05
11.266666666666666,0.9999772038524378,3.984704274920603e-06,1.8944338681235565e-06,8.340494647668086e-06,8.627025452520561e-07,7.713812226185568e-06
11.3,0.9999358127031425,1.0006027524208809e-05,8.856933539978334e-06,2.858673958703051e-05,1.4295006388704822e-06,1.5308095567626732e-05
11.333333333333334,0.9998942856255721,1.7278705440855063e-05,1.3724389805816216e-05,4.99377303765512e-05,2.627944774166859e-06,2.2145604030072456e-05
11.366666666666667,0.9999281424012969,1.029187509408856e-05,9.4868786996998e-06,3.451907132657249e-05,1.7036415797251447e-06,1.5856132002834836e-05
11.4,0.9999811654265953,2.7008734635576533e-06,3.3125145482752623e-06,8.898269788010671e-06,5.325315535993297e-07,3.390384051321026e-06
11.433333333333334,0.999982217729544,2.6194596462851426e-06,2.6303520177641433e-06,8.609539058858112e-06,5.325321139944086e-07,3.3903876190993577e-06
11.466666666666667,0.9999808053785593,2.84252520059575e-06,2.6218364188342387e-06,9.676048599420697e-06,6.381639240067736e-07,3.416047297910687e-06
11.5,0.9999805938942083,2.6880718386961995e-06,2.4450617559230507e-06,1.0218761832790958e-05,6.381637890424997e-07,3.4160465754562743e-06
11.533333333333333,0.9999773727201733,2.838955316674595e-06,2.595675649898342e-06,1.0848229578345592e-05,6.353666884383391e-07,5.7090525934316315e-06
11.566666666666666,0.9999776333803952,2.399127107603796e-06,2.7748391554327194e-06,1.0848232406111507e-05,6.353668540569087e-07,5.70905408158822e-06
11.6,0.9999254357846664,9.552089968849e-06,8.103802968626693e-06,3.825673027967925e-05,1.978535833497399e-06,1.667305628286415e-05
11.633333333333333,0.9999134778465781,1.3964085564540307e-05,9.066696756559784e-06,4.280239459007123e-05,2.0348278467599867e-06,1.8654148664155023e-05
11.666666666666666,0.9999098227327287,1.1364802367377937e-05,8.48161823304598e-06,4.964194578695482e-05,2.0348204085889766e-06,1.8654080475218037e-05
11.7,0.9999259528279418,1.0156626868549098e-05,7.248591524735299e-06,4.2120947461947314e-05,1.8185016304260741e-06,1.2702504572574196e-05
11.733333333333333,0.9999516091027377,6.466811024102805e-06,4.706709131357996e-06,2.4590159198661293e-05,1.3394783111726832e-06,1.1287739597003021e-05
11.766666666666666,0.9999640691005545,6.228677120179119e-06,2.2981921826761823e-06,1.544359736217883e-05,1.3042718498690924e-06,1.0656160930499984e-05
11.8,0.9999616348802124,7.013440827751441e-06,2.2981865881690054e-06,1.5443559767709173e-05,1.3239336804209925e-06,1.2285998923783079e-05
11.833333333333334,0.9999795206359783,2.4634612280666456e-06,2.371704181298351e-06,1.0755430512647385e-05,6.348219146366705e-07,4.25394618483903e-06
11.866666666666667,0.9999826039461714,2.3101050979742144e-06,1.954745780907633e-06,8.60954238406438e-06,5.325323196708231e-07,3.989128246121014e-06
11.9,0.999982786925496,2.00800990474009e-06,1.9655817709789715e-06,8.65726875170956e-06,5.709723903312103e-07,4.0112416863905614e-06
11.933333333333334,0.9999810759720492,2.1295100188726e-06,1.5937277902216923e-06,1.0184228765535596e-05,5.566118909713113e-07,4.459949485147968e-06
11.966666666666667,0.9999481879715382,7.4041235545547164e-06,3.460314668587033e-06,2.6700992426952333e-05,1.20852023968916e-06,1.3038077571777157e-05
12.0,0.9999746127697134,4.692130798004824e-06,1.4441994171681856e-06,9.132800752815343e-06,1.0122748244437082e-06,9.10582449419261e-06
12.033333333333333,0.9999774668657473,4.345496306540306e-06,1.8638655074233223e-06,6.227207276514117e-06,9.907146783875675e-07,9.105850483749988e-06
12.066666666666666,0.9999832017742813,2.4932537190753252e-06,9.993341620024957e-07,5.888201248495773e-06,6.867793820355343e-07,6.730657207217793e-06
12.1,0.9999790431938267,2.564488845919546e-06,1.6738603731689965e-06,1.0645855648129136e-05,6.793422982327356e-07,5.3932590077835704e-06
12.133333333333333,0.9999802429457343,2.2947789949103324e-06,1.2745947505163846e-06,9.81874934128514e-06,6.475754585243185e-07,5.7213557205254555e-06
12.166666666666666,0.9999807520040143,2.3766575878451225e-06,1.084582862197857e-06,1.0369473890187139e-05,6.475757881844807e-07,4.76970585731498e-06
12.2,0.9999824347341125,2.1375512357316695e-06,1.5414252072601692e-06,9.723936660005062e-06,7.650147905886668e-07,3.397337993577071e-06
12.233333333333333,0.9999904428461173,1.5346277331316653e-06,5.218315284986837e-07,3.624258881103112e-06,4.2272099231266264e-07,3.4537147476091716e-06
12.266666666666666,0.9999704423120647,7.146882505776217e-06,2.2236528238216953e-06,4.979279584995855e-06,2.6348303727351664e-06,1.2573042648122995e-05
12.3,0.9999228687973404,2.114715444023944e-05,5.554868935965589e-06,1.243865283009621e-05,6.582024510413791e-06,3.140850194258079e-05
12.333333333333334,0.9999134629040797,1.7291077963743654e-05,8.41351982096994e-06,3.016269422377781e-05,2.0811001873303304e-06,2.858870372463451e-05
12.366666666666667,0.9999776373339921,4.018175841967018e-06,2.4270881534047337e-06,6.996613776690467e-06,1.1229717657927625e-06,7.797816469800707e-06
12.4,0.9999850508772065,2.4744222311077e-06,1.537328102156231e-06,4.431685336089258e-06,6.886925401512641e-07,5.816994583939315e-06
12.433333333333334,0.9999787249965953,2.389127132222089e-06,2.4862358122582454e-06,1.0327041086411223e-05,6.793420820633669e-07,5.393257291627521e-06
12.466666666666667,0.9999664288194419,5.0041828621039015e-06,3.5873118017818333e-06,1.5400287863536446e-05,9.1927832438511e-07,8.66011970620902e-06
12.5,0.9999815066987331,2.8462883455887774e-06,1.615311503132947e-06,7.253554930963669e-06,7.43973470850455e-07,6.034173016274804e-06
12.533333333333333,0.9999419202791013,1.1434220834958285e-05,4.205939111328052e-06,1.9784376005867608e-05,2.095817085367306e-06,2.055936786125292e-05
12.566666666666666,0.9999504706766633,1.1039859322672289e-05,5.244502041690695e-06,1.9685090702877194e-05,1.1957383900804287e-06,1.2364132879237167e-05
12.6,0.9999689559116038,5.053563920998304e-06,3.3858222205803514e-06,1.3548907360235512e-05,1.0735774201359232e-06,7.98221747421302e-06
12.633333333333333,0.9999811974090402,2.3655992743793276e-06,2.535762829583043e-06,8.951146098446891e-06,6.519754995488328e-07,4.298107257785871e-06
12.666666666666666,0.999983470806906,2.1145990766264724e-06,2.9755854897272237e-06,8.001391224424811e-06,4.81988862676921e-07,2.955628440291343e-06
12.7,0.9999812933193158,2.0558477432295683e-06,2.9749438129400264e-06,9.746276700803725e-06,4.520305124405643e-07,3.477581914894431e-06
12.733333333333333,0.9999701828242195,4.416260792346863e-06,4.445151924355152e-06,1.3789427947297616e-05,6.754226057992861e-07,6.490912511202595e-06
12.766666666666666,0.9999698850166107,4.577034617815324e-06,4.291950240125976e-06,1.4532514767457189e-05,6.953636237846582e-07,6.01812014009313e-06
12.8,0.999950871088277,1.2814533763138484e-05,4.893095027468504e-06,2.1746314938302693e-05,9.063135841375946e-07,8.768654409675561e-06
12.833333333333334,0.9999238051305068,4.692170571838596e-05,5.19817369335685e-06,1.773233599279186e-05,7.296071128938366e-07,5.613046975698475e-06
12.866666666666667,0.9999537122358562,2.5452010354695802e-05,4.1460728457974075e-06,1.161912770743363e-05,5.95575224090254e-07,4.474978011785381e-06
12.9,0.9999490407969703,2.9336523021557587e-05,3.274370671811944e-06,1.2428713535631825e-05,9.42778726911484e-07,4.976817073696981e-06
12.933333333333334,0.9999526185868898,2.563792603745195e-05,3.2236639385948797e-06,1.2497653628094572e-05,1.0177468213997309e-06,5.004422684546987e-06
12.966666666666667,0.9999526224505578,2.5496592335557425e-05,3.374292784899979e-06,1.2428758053246831e-05,1.1010713684584242e-06,4.9768348998401135e-06
13.0,0.9999177014445344,5.271050019841137e-05,4.75322793121361e-06,1.7732227751934004e-05,1.4895868712006714e-06,5.613012712811731e-06
13.033333333333333,0.9999062144666244,6.563292113726665e-05,4.753173326495473e-06,1.5177024239565142e-05,1.4895697589408726e-06,6.732844913061847e-06
13.066666666666666,0.9998276533515293,0.00012047944248688276,6.20630664748809e-06,2.9058987567013855e-05,2.852033997048085e-06,1.3749877772467989e-05
13.1,0.9998621735330802,0.00010094594473110734,5.128108836133015e-06,2.0207507916876074e-05,1.983293445500833e-06,9.561611990179107e-06
13.133333333333333,0.9999235180096693,4.882984625788034e-05,3.118301930915555e-06,1.7175497163139617e-05,1.4660476556812186e-06,5.89229732328026e-06
13.166666666666666,0.9999377964560563,4.36515478590832e-05,2.0868514266960697e-06,9.137747663657367e-06,1.435015531834281e-06,5.892381462566828e-06
13.2,0.999881124332657,9.45640538645148e-05,2.3354020029213834e-06,1.2088077512666372e-05,1.9365165868017165e-06,7.95161737618137e-06
13.233333333333333,0.9998494391470686,0.00011731356421245393,5.072246717928992e-06,1.9214634680219434e-05,1.8542218108817546e-06,7.106185510040114e-06
13.266666666666666,0.9997631492323038,0.00019816191900248384,5.599031430107904e-06,2.4752064342867846e-05,2.3723655601107626e-06,5.965387360604389e-06
13.299999999999999,0.9998107599611803,0.0001500838720705256,4.915356683046604e-06,2.4110112006272375e-05,2.3162014295475004e-06,7.81449662999046e-06
13.333333333333334,0.999813546935438,0.00015751053275623355,3.3778621586804017e-06,1.3371208428745913e-05,2.5758216913438534e-06,9.617639526871636e-06
13.366666666666667,0.9994400930206602,0.0005052856495475276,7.128334116633176e-06,2.5514343500079272e-05,3.9021305516860914e-06,1.8076521623902236e-05
13.4,0.9993482310982363,0.0005804362841135981,1.4014422911846524e-05,3.6971766134392285e-05,3.6571028704857185e-06,1.6689325733214695e-05
13.433333333333334,0.9989779447857161,0.0009470018082924824,1.070590590699679e-05,4.3007228281259866e-05,3.535117527381991e-06,1.7805154275871188e-05
13.466666666666667,0.9993381750235494,0.0006113486939081592,9.072741629716856e-06,2.7763846497574817e-05,2.3413497543118028e-06,1.1298344660997384e-05
13.5,0.9996430673904136,0.000318008468962109,6.367843693679597e-06,2.256525877774429e-05,1.902948249619117e-06,8.088089903503302e-06
13.533333333333333,0.999535050604207,0.00042872405490733764,6.367155614070689e-06,2.256282048070347e-05,1.9027426258710545e-06,5.39262216522636e-06
13.566666666666666,0.9994744435221176,0.0004894429703278182,7.568977946123147e-06,2.120189113887505e-05,2.06720863162129e-06,5.275429837999941e-06
13.6,0.9996361777163829,0.00033114766085182065,7.3856616312990294e-06,1.931363443257135e-05,1.7466716922067086e-06,4.22865500904903e-06
13.633333333333333,0.9994711262263535,0.0005151309214205628,1.5886957987187339e-06,7.966981899828209e-06,1.4183229234294665e-06,2.7688516038346533e-06
13.666666666666666,0.9991658363925747,0.0008187622635667321,1.1057745700790129e-06,7.2308124203721185e-06,3.334805571019821e-06,3.729951296950923e-06
13.7,0.9984300013512516,0.001534019867995348,1.8982411932004331e-06,7.906742652438158e-06,2.0016351060134504e-05,6.157445847402149e-06
13.733333333333333,0.9528026545742733,0.04691115408394478,2.0593089173258788e-05,1.5724170061134405e-05,0.00020898800993318214,4.0886072614327645e-05
13.766666666666666,0.885202404307191,0.11451020999108148,2.937842458407144e-05,3.0430227671420807e-05,0.0001649788862364642,6.259816323543317e-05
13.799999999999999,0.6332346312550174,0.3659427395848811,7.858993236610383e-05,6.418819659561807e-05,0.0004413333830769355,0.00023851764806279561
13.833333333333334,0.058395453237230596,0.940670830707947,0.00013632273465791366,0.0001553116321795488,0.000237060432105569,0.00040502125587947737
13.866666666666667,0.01355562146275963,0.9854508548982565,0.0002391208281295717,0.000171139164747813,0.00021548624861382148,0.00036777739749285174
13.9,0.015574186149244095,0.9834285485268447,0.00026660239879284646,0.00015446265662260312,0.0002154357865929275,0.0003607644819028587
13.933333333333334,0.00024707792356016146,0.9991878686472088,0.00014799854954556773,8.06338528033513e-05,0.00017134959427005152,0.00016507143261206605
13.966666666666667,0.0003094029435188874,0.9985738837266511,0.00015113459211796575,6.100550540496119e-05,0.0007146171588151678,0.00018995607349173803
14.0,5.311761775776615e-05,0.9984976205912717,0.0004100478460657395,6.33322090333887e-05,0.0006789873438978741,0.0002968943919734652
14.033333333333333,4.015120781809939e-05,0.9984687153000151,0.0006434332063040604,4.867038429030423e-05,0.0005674407550362865,0.00023158914653638953
14.066666666666666,3.906194730373941e-05,0.9983437776617918,0.0006891341930651477,5.437609903995661e-05,0.0006077442429190056,0.00026590585588037025
14.1,5.5193681937122946e-05,0.9968802538326313,0.0006216849487250207,5.25446984290488e-05,0.002139476850393025,0.00025084598788454937
14.133333333333333,2.7874698766896106e-05,0.9976950529781622,0.0005014229363317663,8.435615781165758e-05,0.0014932487217637696,0.00019804450716379474
14.166666666666666,1.2601141899015218e-05,0.9991945009754392,0.00014751507914111033,3.107913441562816e-05,0.0005501540011255429,6.414966797925786e-05
14.2,9.782800522879368e-06,0.9990817991035685,0.00016833265702241815,3.3629581057248994e-05,0.0006285980085375542,7.785784929120871e-05
14.233333333333333,7.496892041736537e-06,0.9995023639090281,0.000248287268058519,3.5185012000740783e-05,0.00015168851576064123,5.497840311012578e-05
14.266666666666666,5.467421360397004e-06,0.9996120569461941,0.00016372360812146703,2.3798340649500973e-05,0.00016914224692203862,2.5811436752646667e-05
14.299999999999999,3.531739589168999e-06,0.9997954841877694,3.733791483698769e-05,1.1414993971622025e-05,0.00013125052568984419,2.0980638142844457e-05
14.333333333333334,2.8518219945425846e-06,0.9999206387872752,2.6777248269585833e-05,4.001726657151419e-06,2.6672979453584432e-05,1.9057436350029884e-05
14.366666666666667,2.229285470422317e-06,0.999959393162134,1.2358176468790316e-05,1.8521043129179398e-06,1.0326168142842037e-05,1.3841103471239714e-05
14.4,1.8346401012026152e-06,0.9999553797421166,1.541173955061847e-05,1.852096879343562e-06,1.168073343334202e-05,1.3841047918822173e-05
14.433333333333334,1.907082118804266e-06,0.9999572819043042,1.3293950570307726e-05,1.8521004024894173e-06,1.1389654247862648e-05,1.4275308356390448e-05
14.466666666666667,1.7540803265711912e-06,0.9999575147114074,1.3293953665366064e-05,1.852100833689967e-06,1.0120097752626584e-05,1.5465056014778982e-05
14.5,2.0536028830033277e-06,0.9999547354482748,1.3891072178925957e-05,1.8520956859957007e-06,1.11629258104957e-05,1.6304855166783895e-05
14.533333333333333,2.7217246507128904e-06,0.9999399626122061,1.71395313050602e-05,2.589083788316593e-06,1.3138081709172272e-05,2.4448966340532323e-05
14.566666666666666,2.1674990664758722e-06,0.9999181166772828,2.043656070311607e-05,2.4423992702501494e-06,1.327242694788802e-05,4.356443672917809e-05
14.6,1.9574836904783058e-06,0.9999321888960526,1.973959899185836e-05,2.2057480028926247e-06,9.818370176014399e-06,3.408990308630134e-05
14.633333333333333,2.1195817855208485e-06,0.9999201306022284,2.8078271513563854e-05,2.2648493996612956e-06,8.097944477727781e-06,3.9308750595251e-05
14.666666666666666,1.7206584434414135e-06,0.9999169543655142,2.8894125158912376e-05,1.8896871987269328e-06,1.1232537953167596e-05,3.930862573138137e-05
14.7,1.8245273176941792e-06,0.999887698495467,6.217848574704931e-05,2.0077049692014765e-06,1.165405891160605e-05,3.4636727587345596e-05
14.733333333333333,2.201150418075148e-06,0.9997957040343469,0.0001488638700406295,2.137438360829256e-06,1.117449423801967e-05,3.991901259549374e-05
14.766666666666666,1.9453204052197983e-06,0.9998097645239395,0.000145334245733174,2.294280554254536e-06,1.660036116287014e-05,2.406126820494131e-05
14.799999999999999,2.1040195467263774e-06,0.9996176658201699,0.00030702590699977015,8.280208439226113e-06,2.1012424024463146e-05,4.391162081987299e-05
14.833333333333334,2.8701885113723337e-06,0.9993904182698644,0.00045847236295625004,3.21331896733207e-05,4.676352750234746e-05,6.934246149231377e-05
14.866666666666667,2.8025546092316843e-06,0.9991893630808383,0.0005169406770953751,0.00010142292642587184,0.00012950221479103864,5.996854624024755e-05
14.9,6.37453190680058e-06,0.998248423428913,0.0012709786585606282,0.000180952281453491,0.0001576746635699827,0.00013559643559635058
14.933333333333334,7.800354162908957e-06,0.997836258627707,0.0016658496686814406,0.00017905591337237314,0.00014863519548573683,0.00016240024059084108
14.966666666666667,8.777242127860548e-06,0.9974461109617867,0.001978919956755435,8.384192326522214e-05,0.00021893308833188362,0.0002634168277332119
15.0,1.2360491541544326e-05,0.9953116334408084,0.003946328305442596,8.074603848968506e-05,0.00027797676728991177,0.00037095495642780436
15.033333333333333,1.2250811386989036e-05,0.9956917016885938,0.00355509946363674,6.178569245131981e-05,0.0003114990362876739,0.00036766330764366863
15.066666666666666,1.212452156438642e-05,0.9930096114300371,0.006144596729322554,5.884406172870181e-05,0.00029969505610243796,0.00047512820124463213
15.1,2.1212966653552982e-05,0.9893381067833205,0.009462528000182773,0.00012402851297554077,0.00026860894500449435,0.0007855147918630359
15.133333333333333,3.180123264506311e-05,0.9808754652599128,0.017341981100235722,0.0002789495239996602,0.0004057098067913264,0.0010660930764155208
15.166666666666666,3.3561591814984354e-05,0.9737222670687952,0.024290338757216378,0.00028931193204381636,0.0005394139265388732,0.001125106723590891
15.2,4.6480749649329736e-05,0.964953036862515,0.0324254978320518,0.0004328298150147031,0.000560267468619573,0.0015818872721497209
15.233333333333333,5.3211360799987335e-05,0.9628071062610449,0.03505625653436441,0.0005173076599322709,0.0006070828549696881,0.0009590353288886881
15.266666666666666,0.00012066628903896088,0.8274616583238539,0.16761512452440028,0.0011730877518823129,0.001435769798969322,0.0021936933118553883
15.299999999999999,0.0001335505659760989,0.01912248216104843,0.9196495469150898,0.04738003080757323,0.0012245521573755929,0.012489837392937042
15.333333333333334,5.982967673457398e-05,0.005952486709017952,0.969057096368165,0.02374601062997819,0.0003506777441097154,0.0008338988719948404
15.366666666666667,5.2382932161848396e-05,0.002518032618512389,0.9759315012114794,0.02036030112472299,0.00029715510199102165,0.0008406270111323422
15.4,4.805793717855271e-05,0.0020499380644489564,0.9873474775808572,0.00880837001773859,0.00012090861723765369,0.0016252477825393053
15.433333333333334,5.003269991770138e-05,0.0023726339015716115,0.9857942881984472,0.010013031021929832,0.00014072682382677086,0.0016292873543070133
15.466666666666667,4.4941365189922365e-05,0.0008748752863848779,0.9890402919627164,0.00944332480130252,0.00019736832425452022,0.0003991982601517947
15.5,2.925863300508892e-05,0.0006231651688102455,0.9914949766524804,0.007275249119157504,0.00012710089541600434,0.0004502495311308937
15.533333333333333,3.006823313292299e-05,0.0006160149471759657,0.9935931459165224,0.005197708875916406,7.992775013858258e-05,0.0004831342771138006
15.566666666666666,6.035150567892445e-05,0.0015816486780907788,0.9914760594174378,0.0042166084829113265,9.46529586484848e-05,0.0025706789572328657
15.6,7.502263934801008e-05,0.0019788672755738567,0.9907537979228964,0.005149630587045318,0.00012764723483783708,0.0019150343402986245
15.633333333333333,0.0001239293462208907,0.0024291217555854803,0.9807415753873995,0.015569571232985427,0.00025064789251199416,0.0008851543852968717
15.666666666666666,4.492908414103799e-05,0.00047169074071065197,0.9926882424560062,0.006116212675867798,9.308979594164536e-05,0.0005858352473324467
15.7,5.970265274609592e-05,0.0006257728661580621,0.9856362500370134,0.012804608137463796,0.00013811269682899736,0.0007355536097896278
15.733333333333333,3.623844747957481e-05,0.0004964619581090678,0.9919102796231358,0.007015453721618364,8.383194849959738e-05,0.0004577343011576107
15.766666666666666,3.623812454970535e-05,0.0004971181166934839,0.9919014404625371,0.007015391205155542,9.208186889128545e-05,0.0004577302221727644
15.799999999999999,5.0148350222260055e-05,0.0007805237540402277,0.9875243938348163,0.010895113397375407,0.00011638789697570916,0.0006334327665701268
15.833333333333334,6.862607330438452e-05,0.0011371645903816244,0.9690019160182419,0.028691686335835284,0.00015663879132819157,0.0009439681909086599
15.866666666666667,6.803792242901975e-05,0.0013331454877500311,0.9732814687280463,0.02406971360664837,0.0001668027496740563,0.001080831505452117
15.9,7.698596025463614e-05,0.0037814519951380725,0.9691766486572702,0.025467084016299515,0.00018873988796715133,0.0013090894830701959
15.933333333333334,9.567654997342558e-05,0.004368846402124505,0.9642483349536795,0.030050488111687566,0.00025224491897005223,0.0009844090635648456
15.966666666666667,9.639479654665687e-05,0.00505326004290868,0.9714869745421347,0.02213095865687796,0.00024061291121720948,0.0009917990503145733
16.0,0.00011219378351385654,0.004582418595580265,0.970184757927372,0.023540901450851838,0.0002839064109887018,0.001295821831693203
16.03333333333333,0.00010735626599820306,0.005653420461294897,0.9745654059377022,0.018301262476220888,0.00026797404657349916,0.0011045808122101322
16.066666666666666,8.140282308826132e-05,0.004080301249962255,0.9813599368121314,0.01353922703351388,0.00017871958447924924,0.000760412496824649
16.1,7.373895913030128e-05,0.0036961515055080702,0.9880339985201478,0.0073453957754470315,0.00016189360068521048,0.0006888216390815696
16.133333333333333,6.35768893893856e-05,0.003053702793121798,0.9897854549313139,0.006333116445428025,0.00010652988839939186,0.0006576190523473858
16.166666666666668,5.3993478594039206e-05,0.0029063508492528163,0.9916607805850491,0.004848708736916989,9.04718570562569e-05,0.00043969449313087145
16.2,4.074956434319867e-05,0.0018995436264934611,0.9937582352730878,0.003901348255225533,6.828026006773378e-05,0.000331843020782229
16.233333333333334,2.0220978208837886e-05,0.0009127173946205537,0.9972559337987532,0.0016127071734189742,3.375164319053817e-05,0.00016466901180778778
16.266666666666666,2.298137726150942e-05,0.0007936174811210729,0.9970751056307005,0.0018934531678051554,3.8359135613854696e-05,0.00017648320749821857
16.3,2.291204425822013e-05,0.0007692417865977643,0.9940670086488826,0.004924637324007766,4.0249424678191566e-05,0.0001759507715755695
16.333333333333332,1.8356547090023632e-05,0.0006431544692916403,0.9948577402856104,0.00431985636591577,2.589089260419801e-05,0.00013500143948802447
16.366666666666667,1.4126559839848677e-05,0.0005017666373649207,0.9970001593402201,0.002358346626263161,2.0277431802298405e-05,0.0001053234045095523
16.4,1.3834246065440035e-05,0.00046321575793856293,0.9981861960816953,0.00121700541160764,1.800588607209408e-05,0.0001017426166210183
16.433333333333334,1.84665012559771e-05,0.0012165164337791929,0.9975961816805808,0.001012611372532781,3.0450520495658165e-05,0.00012577349135541233
16.466666666666665,1.9653621230740132e-05,0.001794130102884758,0.9971748590534543,0.0008834824219540856,2.309928653457132e-05,0.00010477551394152436
16.5,2.939484507970841e-05,0.0023562425929142413,0.99516166511866,0.0022596876516411814,3.1840290554957197e-05,0.00016116950114987256
16.53333333333333,2.6775139240360954e-05,0.0018199902481359509,0.9956673560002218,0.0022792750124874424,3.508476282419307e-05,0.00017151883709027867
16.566666666666666,6.039900930508179e-06,0.0004543610890391182,0.9987677729390414,0.0007271556240203228,8.078884484246863e-06,3.659156248428859e-05
16.6,5.461324546720627e-06,0.0003978113468263415,0.9990185100265635,0.0005489924159275635,7.232333027981929e-06,2.1992553107783934e-05
16.633333333333333,6.947036806710391e-06,0.0020213484670691135,0.9974239024600222,0.0005186237979754413,7.220788964629329e-06,2.1957449162019905e-05
16.666666666666668,1.0084067879718885e-05,0.0030496321738086424,0.9963259598403424,0.0005874927985230711,9.796483408414275e-06,1.703463603765309e-05
16.7,1.6961529656752203e-05,0.0030564950443449598,0.9960381129012937,0.0008464723437298824,2.454981300377963e-05,1.740836797068454e-05
16.733333333333334,1.6938785180716353e-05,0.0017229919769122671,0.9976437420994715,0.0005795003336632456,2.4690381837172313e-05,1.213642293522102e-05
16.766666666666666,7.924194107096657e-06,0.0009497100892010281,0.9988148623854282,0.00021341165451453263,8.803342277783854e-06,5.288334471106913e-06
16.8,9.628590191089487e-06,0.0004908596180481744,0.9993168239402989,0.0001679610393922849,1.0237919022460408e-05,4.488893047156042e-06
16.833333333333332,9.112008355893412e-06,0.00032677353020621117,0.999557233088916,8.121933903846463e-05,2.340137437110019e-05,2.260659112344258e-06
16.866666666666667,5.360371230246231e-06,0.0001280892659460427,0.9998052026543138,5.058687941023295e-05,9.7100425702566e-06,1.0507865292363522e-06
16.9,4.6037299868142e-06,0.000272656943225781,0.9996632478288293,4.877411531794829e-05,9.81491949970033e-06,9.024631404425315e-07
16.933333333333334,3.0483944539607963e-06,0.00030743166934244854,0.9996481674222392,3.550715949272199e-05,5.166457233848041e-06,6.788972379675318e-07
16.966666666666665,3.0496511210139047e-06,0.0008592519389749257,0.9990987937069122,2.499349437600119e-05,1.2588403329991998e-05,1.322805285569116e-06
17.0,6.644419829572769e-06,0.0003891811162156937,0.9994972655153979,4.672727490353713e-05,5.75731483711211e-05,2.6085252821594697e-06
17.03333333333333,6.709373481510633e-06,0.0001430496583157296,0.9996877039838933,5.589600819528539e-05,0.00010360874974980911,3.03222636420066e-06
17.066666666666666,1.234867080868935e-05,0.0002991949862993191,0.9995684261754993,9.41015393072697e-05,1.9367059433476335e-05,6.5615686519392095e-06
17.1,1.6664608160100172e-05,0.0004093268879624579,0.9994032934865055,0.00012873975835473172,3.299841582334542e-05,8.976843194034514e-06
17.133333333333333,2.4534640657592663e-05,0.000602635718233966,0.9991078438743118,0.00014360165958162457,0.00010816785755055838,1.3216249664514718e-05
17.166666666666668,2.6531378673234215e-05,0.0005206576933114216,0.9986560350425457,0.0007041764150645362,7.937838448178454e-05,1.322108592328623e-05
17.2,2.725685208640868e-05,0.0007086166919663993,0.9983744548664648,0.0007990544398648007,7.67380629396031e-05,1.3879086677895215e-05
17.233333333333334,1.0678320462270047e-05,0.0005633455342511511,0.9988414067286611,0.0005446452051134224,3.276326814381218e-05,7.160943368361542e-06
17.266666666666666,4.174921547382429e-06,0.00015702798415233657,0.9996436203293886,0.0001789723535605072,1.2593544075441883e-05,3.610867275377943e-06
17.3,5.054957492397362e-06,0.0001563629825743007,0.9981965279923052,0.0016194195675581424,1.730872277931301e-05,5.32577729062713e-06
17.333333333333332,4.536735822802347e-06,0.0001326477346353765,0.9921756182948954,0.007668695027087115,1.5522445701298522e-05,2.9797618580043548e-06
17.366666666666667,2.255553513553966e-05,0.00020600904260050453,0.8845939716193628,0.11508979466476164,7.478533244340204e-05,1.2883805695977026e-05
17.4,2.729343647484818e-05,0.0006277877389009831,0.7266781638864034,0.27246938800234216,0.00016454973221020067,3.281720366851667e-05
17.433333333333334,4.9129727911234764e-05,0.00225611540545012,0.4062627023026462,0.5909097399682879,0.00043602337782874334,8.628921787564186e-05
17.466666666666665,4.4929322881558095e-05,0.0020193248432256983,0.3471090395608045,0.6504683678600933,0.0003050828643428919,5.3255548652041955e-05
17.5,3.6510335450901954e-05,0.002840139128703156,0.32972578293702776,0.667075166274476,0.00028216186494994756,4.023945939224646e-05
17.53333333333333,1.7706923520604384e-05,0.002412795189904772,0.3593677627319086,0.6379180877156909,0.0002397061410286104,4.394129794625253e-05
17.566666666666666,1.6780304891082225e-05,0.002117606346922797,0.34056173674949536,0.6569903547311908,0.00027783371965033646,3.568814784966791e-05
17.6,1.90103577311523e-05,0.001972049851238278,0.32056664973057153,0.6771079208018674,0.0002587364484912921,7.563281010024399e-05
17.633333333333333,1.9096255705378903e-05,0.0015966959581533422,0.2523080769707243,0.7458405844483736,0.00015223613309746503,8.331023394591968e-05
17.666666666666668,9.04434814744746e-06,0.001144443233840131,0.08261847617767754,0.9161024549827096,8.203869075542679e-05,4.354256686976235e-05
17.7,6.922388312805479e-06,0.0006549766462075962,0.06014806554187905,0.9391015438186423,5.7769734139378224e-05,3.072187081886225e-05
17.733333333333334,5.3282354690945135e-06,0.00027780371768609504,0.03014027328106195,0.9695345429003512,2.426356840934584e-05,1.778829702235697e-05
17.766666666666666,3.2441977555266874e-06,0.000177594111443812,0.009990256674379774,0.9898029482705529,1.4976821422617273e-05,1.0979924445643299e-05
17.8,2.118971869309191e-06,0.00012014172957072057,0.006095903291824499,0.9937648821653058,9.782222194109478e-06,7.171619235548501e-06
17.833333333333332,1.7657729212878277e-06,0.00014779672794153917,0.006095712049299395,0.993733705472316,1.344325051186081e-05,7.576727010088826e-06
17.866666666666667,1.6112102807932042e-06,1.82677899561287e-05,0.0016447740241810889,0.9983145409659188,1.2739147814462225e-05,8.066861848629048e-06
17.9,1.6122956056752964e-06,1.9422952188982485e-05,0.0009724039582506386,0.9989870140902408,1.131583044571254e-05,8.230873268113957e-06
17.933333333333334,1.9150844450383103e-06,1.8808100682304884e-05,0.00101073894832781,0.9989487476617812,1.2370342058485491e-05,7.419862705295285e-06
17.966666666666665,1.9163026892962448e-06,2.210647794913823e-05,0.0003627977484591724,0.9995842097579631,2.1545130230580014e-05,7.424582708718008e-06
18.0,1.5050499010113446e-06,2.1166293535871503e-05,0.0003071710899409846,0.9996424199302092,2.0628819831827256e-05,7.108816581078543e-06
18.03333333333333,1.0046416602828914e-06,2.1165623180831044e-05,0.00033933259731175894,0.9996107603799095,2.0628166499049387e-05,7.108591438635973e-06
18.066666666666666,8.66303007239281e-07,1.3647170171755884e-05,0.00026212973431674315,0.9997050319697215,1.2891407023638786e-05,5.433415759287613e-06
18.1,8.663208755101288e-07,1.3256383734343319e-05,0.00024281628100087497,0.9997256517761054,1.2891672920386672e-05,4.51756536335747e-06
18.133333333333333,9.368621306393088e-07,1.4335801272959115e-05,0.00026258789878339157,0.9997028795657931,1.4374458276376925e-05,4.885413743637693e-06
18.166666666666668,9.369970576339711e-07,1.0159060749555455e-05,0.0001230457968353786,0.9998468568925348,1.4376528487554963e-05,4.624724335221384e-06
18.2,9.242661549986722e-07,1.0159058223380331e-05,0.00012304576623853121,0.999846608268344,1.437652491265473e-05,4.886116126508795e-06
18.233333333333334,9.895716851621593e-07,1.3548160342561812e-05,9.822067219443404e-05,0.9998668981285938,1.5183191245162952e-05,5.160275939114879e-06
18.266666666666666,9.896032868380217e-07,1.4629388092944983e-05,6.434742388084573e-05,0.9998988285790035,1.5183676115835262e-05,6.021329620222761e-06
18.3,1.097719126587439e-06,1.6227673587471434e-05,7.036741305066898e-05,0.9998912143777028,1.4413646424998176e-05,6.679170107372441e-06
18.333333333333332,1.0976953907309559e-06,2.043096232363827e-05,8.885004895700123e-05,0.9998695938430975,1.1564481934771289e-05,8.462968296237987e-06
18.366666666666667,1.0976854132705233e-06,1.7933593449451956e-05,0.00010043588642608352,0.9998605055665187,1.1564376819853344e-05,8.462891372410094e-06
18.4,1.5394530089898493e-06,1.9782964522391678e-05,0.00010043557025719652,0.999857358038335,1.2421109144883564e-05,8.462864731504724e-06
18.433333333333334,1.5394369393553166e-06,1.9782758017218745e-05,0.00011033633846423215,0.9998469209920369,1.2420979486697648e-05,8.999495055367586e-06
18.466666666666665,1.5419954229700464e-06,1.584942938738319e-05,0.00011334423964259181,0.9998488211623096,1.1854276847384083e-05,8.588896389954114e-06
18.5,1.5420050536813421e-06,1.9920056293319272e-05,9.24049367129843e-05,0.9998550658341111,2.2478217795820598e-05,8.588950032902885e-06
18.53333333333333,1.9643054630975257e-06,2.653232247856695e-05,0.00012554017293466945,0.9998010939899271,3.3429241925838515e-05,1.1439967270660017e-05
18.566666666666666,2.083330435830268e-06,3.197014546275033e-05,0.00013634371658930952,0.9997628247960462,4.159949030176656e-05,2.517852116412453e-05
18.6,2.9905704088674846e-06,4.873756164305468e-05,0.00021816457842422835,0.9996585792585131,5.50124309618432e-05,1.6515600048716566e-05
18.633333333333333,2.990562290920184e-06,4.270535472716839e-05,0.00019903607563032986,0.9996558656706167,8.177671775584308e-05,1.7625618978991277e-05
18.666666666666668,4.4086529404884735e-06,7.44908745261452e-05,0.00037519870361218304,0.9994138898800489,9.837255932613731e-05,3.363932954615107e-05
18.7,5.102953281115442e-06,7.702415429889109e-05,0.0002240724543201056,0.9995739135397042,8.510356518937564e-05,3.478333320633212e-05
18.733333333333334,5.839811424101142e-06,8.936042766310397e-05,0.00020647107472888146,0.9995543375804831,9.873384589809062e-05,4.525725980285924e-05
18.766666666666666,6.4563609401635315e-06,9.879482963770114e-05,0.00024919357599191084,0.9994926448416811,9.93519313621679e-05,5.355846038689668e-05
18.8,6.783020923483503e-06,0.00011926242557099435,0.00032671887345231155,0.9993887714344877,0.00010296048992297458,5.550375564269034e-05
18.833333333333332,9.792043996338825e-06,0.00017216855608658677,0.0004716549778290054,0.9991179365477807,9.826921057489186e-05,0.00013017866373233377
18.866666666666667,8.535864818760848e-06,0.0001903377848314279,0.0006463603401339599,0.9989299879145666,0.00010570178120599472,0.00011907631444334045
18.9,7.731763639484246e-06,0.00017912424074588215,0.000585471476172922,0.9990414837421818,9.57443921512186e-05,9.0444385108514e-05
18.933333333333334,4.370923393797689e-06,0.00010881930836317555,0.00032269509414629386,0.9994738946762269,3.5274361300195e-05,5.4945636569669376e-05
18.966666666666665,4.412461452058989e-06,0.00010661540596105764,0.0003954677500915964,0.9994141415306776,2.553002162614096e-05,5.383283019143319e-05
19.0,3.9151919478539345e-06,9.334768105568888e-05,0.00023347351227581977,0.999599195661723,2.235294509850033e-05,4.7715007899210535e-05
19.03333333333333,2.3653779494562333e-06,5.639635280794601e-05,8.85105328615736e-05,0.9998118516207651,1.2048914026228901e-05,2.8827201589640492e-05
19.066666666666666,1.935418703952965e-06,4.6145080571297775e-05,7.630624032199235e-05,0.9998356295117041,9.858760023549513e-06,3.012498867487655e-05
19.1,2.125503292712072e-06,5.067715864088338e-05,0.00010293490988678645,0.9997777477500968,1.240409986200046e-05,5.411057822088663e-05
19.133333333333333,1.8067257078101857e-06,4.307672711173827e-05,8.442183979227105e-05,0.9998141557317719,1.054376447204914e-05,4.599521114427797e-05
19.166666666666668,1.8067279523331406e-06,4.3076780626614604e-05,8.442194467081265e-05,0.9998153978161755,9.30146229006271e-06,4.599526828483161e-05
19.2,1.6749477744637615e-06,3.993482125985722e-05,8.198390793166012e-05,0.9998166822943467,8.531955885853147e-06,5.119207280147853e-05
19.233333333333334,1.9059850992729099e-06,4.544331197895608e-05,8.522585281536681e-05,0.9997982394388084,1.0932055911053895e-05,5.8253355387006e-05
19.266666666666666,1.9508353426864682e-06,4.803560068442427e-05,8.723132507501642e-05,0.9997911176819552,1.2040426322501562e-05,5.9624130620117956e-05
19.3,1.9505777196489142e-06,0.0001792987245073194,8.721980549750827e-05,0.9996590874593008,1.2827176186588782e-05,5.9616256788172336e-05
19.333333333333332,2.7793125830389676e-06,0.0002589046796304875,0.00014826632590764056,0.9994114122269394,8.423438451427836e-05,9.440307042537859e-05
19.366666666666667,3.4711375339703404e-06,0.000616981055524994,0.00016801687028114394,0.9989026105132526,0.00020402477426826956,0.00010489564913914924
19.4,3.8095048167729237e-06,0.0005519086556176584,0.00020511185557757353,0.9990290970334218,0.0001221101745207839,8.796277604547968e-05
19.433333333333334,5.633486436958006e-06,0.0005891177660206352,0.00035007775325965253,0.9987509076892723,0.0001881602458050111,0.00011610305920543217
19.466666666666665,5.634410053253845e-06,0.00026991077845549494,0.0004871756417080427,0.9989146539988001,0.0001667216527679643,0.00015590351821516486
19.5,6.993488810987494e-06,9.107215175167152e-05,0.0006830491877154925,0.9989638032405908,0.0001828667156664102,7.221521546486012e-05
19.53333333333333,9.073689563873054e-06,2.769387509213783e-05,0.0008862209483267756,0.9988287642359112,0.00015455174881448056,9.369550229162683e-05
19.566666666666666,9.06613957219259e-06,2.0125819110616938e-05,0.0018353771654564483,0.9979976636337685,6.000480795489258e-05,7.776243413714432e-05
19.6,9.740817290007176e-06,2.1623528427639546e-05,0.00218111273993516,0.9976771888716237,2.0548849556880828e-05,8.978519316678759e-05
19.633333333333333,1.560085506429709e-05,3.6032174679927746e-05,0.004946629700456169,0.9945135081666645,6.0335334071068874e-05,0.00042789376906405326
19.666666666666668,1.5956802246630077e-05,3.797359031844814e-05,0.005574247750301963,0.9939606482731324,6.495851960167008e-05,0.00034621506439892324
19.7,1.693266042243081e-05,3.7035157702665414e-05,0.005953771263188286,0.9933803797656365,5.5695440451508187e-05,0.0005561857125987015
19.733333333333334,3.207981181262115e-05,5.454532094587407e-05,0.009039812699643346,0.9903946083345874,0.00011239839644441751,0.0003665554365663467
19.766666666666666,5.20227464648218e-05,7.357997932057214e-05,0.014555189709781846,0.9844252800609894,0.00020659760058928036,0.0006873299028538984
19.8,4.448517399642705e-05,7.654193924723001e-05,0.0247066413128709,0.9739458935719689,0.0003395082874750517,0.0008869297144413237
19.833333333333332,7.577423680317437e-05,0.00011023616620028617,0.03229675668971388,0.9658740445041522,0.00047537777615106825,0.0011678106269792771
19.866666666666667,0.00012611572782060288,0.00017837567748011534,0.058586659031838434,0.9383245102584806,0.0008889532545690778,0.0018953860498109787
19.9,8.133035995484116e-05,0.00013032155970620453,0.04513474954866007,0.952248437152837,0.0006973971218691289,0.0017077642569729413
19.933333333333334,8.718291589316858e-05,0.00014162373173485276,0.047203275570223246,0.9499541681411524,0.0007578790732931173,0.0018558705677030904
19.966666666666665,9.370533313815608e-05,0.00014458756057243963,0.040310538161963866,0.9570536149643899,0.0008447024515118353,0.0015528515284236007
20.0,9.24058613300198e-05,0.00014258247236156836,0.053553566965409576,0.9437815401542238,0.0008985874039242328,0.0015313171427506667
20.03333333333333,9.215262560236708e-05,0.00014346935873191477,0.049642659768832316,0.9476984727868998,0.0008961248497981509,0.0015271206101354158
20.066666666666666,0.00012828504499840893,0.0001997227210891731,0.1262490199821788,0.8698983204006182,0.002147874073486506,0.0013767777776287954
20.1,0.00014184689479204612,0.00022387847781540397,0.1274587995994503,0.8694199289902541,0.001972063474054958,0.0007834825636331738
20.133333333333333,0.00014215759130887127,0.00035757349607706384,0.22674630907930884,0.7700760233544002,0.00193451402565178,0.0007434224532532103
20.166666666666668,0.00014718214507868256,0.0004633957345442599,0.23305739490490038,0.76349492299088,0.0020674055376534548,0.0007696986869433247
20.2,0.00015835962167661517,0.0005058671002284012,0.18514092343167543,0.8103159956044994,0.0031981983696292805,0.0006806558722908835
20.233333333333334,9.660502128255433e-05,0.0007381613675602708,0.08736779440243747,0.9094311996798211,0.0019510151533122264,0.00041522437558630794
20.266666666666666,0.00013826482598944958,0.0007294299195135239,0.36819009152112503,0.6277566439789933,0.0027847900129523012,0.00040077974142644577
20.3,0.00016488454296748482,0.0008064720431614537,0.3673540333985127,0.627012989830422,0.004205848176057102,0.00045577200887940786
20.333333333333332,0.000141697212907194,0.0007338939754443535,0.21318592202134262,0.78130896597396,0.004340927072794283,0.0002885937435514998
20.366666666666667,5.6527123854702166e-05,0.00033777961422823855,0.038272721326128196,0.9567793152647904,0.004482736869274745,7.091980172373504e-05
20.4,4.1361827727628835e-05,0.00021607914475413385,0.025311597100793778,0.9697860524319818,0.0046066899913391746,3.821950340355705e-05
20.433333333333334,7.064117179508105e-05,0.0003522119326322496,0.04207762512400693,0.9534836130603581,0.003974824375134987,4.108433607259665e-05
20.466666666666665,0.00023976758401619863,0.0016685654663105142,0.28305898530143797,0.7003692690217246,0.014466494824095445,0.0001969178024153786
20.5,0.0002505787990939442,0.0009963897482755352,0.5047844741180549,0.45583058172259117,0.037889196260812504,0.0002487793511719184
20.53333333333333,0.0001709017489157204,0.0007377574689084297,0.4932312702194605,0.2805189233290178,0.22515083014770818,0.0001903170859893174
20.566666666666666,0.00019060680337071052,0.0061624562760863215,0.04397655185376267,0.05855651388953222,0.8909797787130955,0.00013409246415258737
20.6,0.00016850425926784288,0.007623179060258083,0.02597510886304376,0.003628293864041261,0.962479955034145,0.00012495891924429775
20.633333333333333,0.00010658157662185827,0.004546273339023647,0.007009486764422407,0.004188459496533326,0.9840649797570428,8.421906635593141e-05
20.666666666666668,0.00010293386974512728,0.004390679163671076,0.005991583144902672,0.002030261031975062,0.9874116262918576,7.291649784858064e-05
20.7,6.523264336564363e-05,0.0034348007151758088,0.004316988830419677,0.0016497487200769086,0.990484803660937,4.842543002479446e-05
20.733333333333334,4.5441890470185755e-05,0.0018413853099659167,0.002130672128119897,0.0015494718048202068,0.9943924913824124,4.053748421129757e-05
20.766666666666666,4.425814993825514e-05,0.009859531579089602,0.002705794493335744,0.0028542897030440404,0.9844729576987311,6.316837586129702e-05
20.8,4.626064618948276e-05,0.02051892249318733,0.0023792077057684722,0.0060199422851381695,0.9709830848906738,5.2581979042645576e-05
20.833333333333332,6.173349705081419e-05,0.02956621290562248,0.0033566617220361296,0.004395147170915156,0.9625090087650766,0.00011123593929891418
20.866666666666667,0.00015507447173143283,0.01433645180983157,0.003990789288166292,0.009352357834869174,0.9718711527381928,0.0002941738572086453
20.9,0.00022261277649912665,0.009843697234037605,0.004912039884932233,0.015387272366801805,0.9692325019019827,0.0004018758357465585
20.933333333333334,0.0004290548181270059,0.020253302438029912,0.008100411233250428,0.0671236731622462,0.9028957776640462,0.0011977806843002543
20.966666666666665,8.321942879967173e-05,0.019825636220955498,0.002376586588441263,0.022459690017378457,0.9546753903621629,0.0005794773822622713
21.0,9.239958394696083e-05,0.030254765574500575,0.0020271374769549127,0.01888464222358929,0.9479434779436824,0.000797577197325859
21.03333333333333,1.798281314801104e-05,0.0038831916693472172,0.0003731683351522437,0.0057435670328649345,0.9898268656225151,0.0001552245269725267
21.066666666666666,1.3661639636055871e-05,0.00046011545099783487,0.00013924520592774244,0.003315126542660672,0.995980711580548,9.113958022975511e-05
21.1,2.1978360744056332e-06,5.683943299817342e-05,2.2020625974458252e-05,0.0002393716107773963,0.99966844729221,1.1123201965352987e-05
21.133333333333333,2.4314200484068714e-06,9.424423200032862e-05,2.224495706721487e-05,0.00040611445195786594,0.9994551589114749,1.9806027451364695e-05
21.166666666666668,4.067265245848443e-06,0.0006487512748616101,2.3050983144194227e-05,0.00048198435209506445,0.9988114839370962,3.066218755697196e-05
21.2,1.47831826457247e-05,0.002868543590083536,0.00012950944932415623,0.0013944713904888856,0.9954467410768841,0.00014595131057365895
21.233333333333334,1.3651976654615876e-05,0.0022552609211953407,9.09945788534133e-05,0.0012239475741484766,0.9959925430890713,0.0004236018600767331
21.266666666666666,1.3117001013883454e-05,0.0021668847331268288,8.397698697135867e-05,0.0011759851322055669,0.9964439852618514,0.00011605088483104859
21.3,1.8999209201685054e-05,0.006563311941777011,0.0001770598134858453,0.002831213086385111,0.9820253085121405,0.008384107437009793
21.333333333333332,1.76328034169217e-05,0.005070670321165157,0.0001797694124028587,0.002854336768882509,0.9771715136765938,0.014706077017538626
21.366666666666667,1.1388092193233984e-05,0.0032749999672033654,5.9374598422150555e-05,0.0020854394197193067,0.9617550948959708,0.032813703026491226
21.4,1.6223614043723505e-05,0.002915217040521074,7.037072237682161e-05,0.001826950659636303,0.9242017936459483,0.07096944431747389
21.433333333333334,1.9516984930123287e-05,0.000746895304784029,8.43301565144235e-05,0.0011377449797253575,0.9367381474599702,0.061273365114075974
21.466666666666665,1.8401583202923667e-05,0.000518727290861372,6.294631358318197e-05,0.0006909133920145387,0.9602738399708161,0.03843517144952198
21.5,9.30736902275312e-05,0.002264228743808031,0.00018762208910620256,0.004210111357567585,0.7675487280819742,0.22569623603731648
21.53333333333333,0.00016061155795850187,0.004545740319612723,0.00048094361514616746,0.007828557467388359,0.5413347618267257,0.44564938521316855
21.566666666666666,0.0001258499407533069,0.002994319692222069,0.0003632198761087041,0.0048225006247974034,0.27344759973540533,0.7182465101307132
21.6,0.00011264255332378739,0.0032565720991161126,0.00037805741212876704,0.005244871155033811,0.1664780618105445,0.824529794969853
21.633333333333333,0.00012866568759452467,0.003289559789513693,0.0004883353303773139,0.004238258754117774,0.12189358148900498,0.8699615989493916
21.666666666666668,2.8400751134947893e-05,0.0007261140920486231,9.264596602430083e-05,0.000459104488737157,0.022973616955089853,0.9757201177469651
21.7,2.4065565221876e-05,0.0006835412494939587,0.00011105048686024194,0.0007294748499348892,0.011676350964977433,0.9867755168835117
21.733333333333334,1.6902985894616686e-05,0.00034951853906941,6.49725381628934e-05,0.0004084942825669088,0.01506445218877185,0.9840956594655343
21.766666666666666,2.1964015766625823e-05,0.00045487720779847967,7.164871973995264e-05,6.600545252656421e-05,0.008111079481497325,0.991274425122671
21.8,6.616165742654103e-06,0.00016417906726608992,2.4728068050418925e-05,1.5719811541702813e-05,0.003323655591589417,0.9964651012958097
21.833333333333332,5.067087793915588e-06,0.00012131020642631577,1.4387040948798429e-05,1.1194630185711262e-05,0.0013566152392191656,0.998491425795426
21.866666666666667,6.687048414832047e-06,9.643183960044944e-05,1.0438374799105486e-05,9.734743701843136e-06,0.0012628950652811368,0.9986138129282027
21.9,3.67955113862412e-06,6.657062581544708e-05,6.722621099270326e-06,6.508755502445717e-06,0.0005188733833167664,0.9993976450631274
21.933333333333334,2.9093279353732633e-06,4.269846800251125e-05,6.869761351098367e-06,5.084966864681618e-06,0.0002425337831075212,0.9996999036927389
21.966666666666665,1.990997500606803e-06,2.9220680844915685e-05,1.0264933627692706e-05,3.6443209964631232e-06,9.483771158848855e-05,0.9998600413554418
22.0,1.990943906364852e-06,2.9219894274245102e-05,9.93326082065663e-06,3.36469182893445e-06,0.00012236437318738236,0.9998331268359825
22.03333333333333,2.300299818470019e-06,2.402642326930897e-05,8.685570868734052e-06,2.360375235249738e-06,7.137640679918181e-05,0.999891250924009
22.066666666666666,1.5125460345568452e-06,1.1686353679416211e-05,7.74092629384079e-06,2.1669144325054616e-06,6.535170760246735e-05,0.9999115415519573
22.1,1.891633291591124e-06,1.1774490779783678e-05,9.224940617935302e-06,2.311867585599082e-06,7.307140920093757e-05,0.9999017256585242
22.133333333333333,3.3038312893178414e-06,1.698244030651618e-05,1.330520413198888e-05,2.948217489122898e-06,0.00011510898080947503,0.9998483513259735
22.166666666666668,3.676733745587314e-06,3.2273254791835024e-05,1.588153596246772e-05,3.4406423862135852e-06,0.00013157638530457828,0.9998131514478092
22.2,4.523115949381371e-06,3.797141909346085e-05,1.8685579182156094e-05,4.04812203914103e-06,0.0001548075055158931,0.99977996425822
22.233333333333334,4.043556501461327e-06,4.5974709295131144e-05,2.054144930717706e-05,4.0736882567465395e-06,0.000148628561698415,0.9997767380349412
22.266666666666666,1.9083788713553607e-06,2.222146352780729e-05,1.0514852083438648e-05,2.9957913577415736e-06,6.995613146059182e-05,0.999892403382699
22.3,1.5149101291432537e-06,1.7917391683325105e-05,8.280407559168099e-06,2.485231811897745e-06,3.232900709627424e-05,0.9999374730517203
22.333333333333332,1.769056135384551e-06,2.0839722897841246e-05,8.387437364418017e-06,2.3725038460344657e-06,2.6081310755822144e-05,0.9999405499690005
22.366666666666667,1.9148315756296455e-06,2.083999663022666e-05,8.844236944133763e-06,2.380804609844048e-06,1.233581615474422e-05,0.9999536843140854
22.4,1.9317172326916108e-06,2.409948570119565e-05,1.0175366448301877e-05,2.780922820967469e-06,1.4265205043394667e-05,0.9999467473027535
22.433333333333334,1.216488845866388e-06,1.3360085876834441e-05,2.320079933660773e-05,2.7901721800454237e-06,1.3816590394832818e-05,0.9999456158633657
22.466666666666665,1.283238348242912e-06,1.1064596205117153e-05,1.995685568476907e-05,8.012432703809572e-06,1.757276625809765e-05,0.9999421101108
22.5,2.9093202058135143e-06,1.012731456452137e-05,2.2758635490304098e-05,7.984622472939252e-06,1.1538151995803007e-05,0.9999446819552706
22.53333333333333,2.733373360081725e-06,9.943124975679438e-06,1.988040467661302e-05,1.1808716105446538e-05,2.2255886360046098e-06,0.9999534087922461
22.566666666666666,3.5732967425433945e-06,1.0268547242475745e-05,2.0666239310110518e-05,2.0516646689501382e-05,2.2255649121560714e-06,0.9999427497051033
22.6,3.167406960034222e-06,1.046000539361996e-05,1.4583218941236257e-05,1.6802613476844566e-05,1.7546064106724737e-06,0.9999532321488175
22.633333333333333,3.270262147374166e-06,1.0799673086440221e-05,1.735579322606879e-05,8.853017662304177e-06,1.7540175666506389e-06,0.9999579672363111
22.666666666666668,4.03992462203944e-06,2.098946219385901e-05,2.770906134555641e-05,2.0946194834036073e-05,2.3757799142266368e-06,0.9999239395770902
22.7,6.825105240374753e-06,2.048111290781122e-05,1.4859455142945388e-05,7.831895736519659e-06,2.6470219477861994e-06,0.9999473554090245
22.733333333333334,6.896257800183658e-06,2.1711405963092603e-05,1.13066231814262e-05,4.850628803363362e-06,1.1588462564485442e-05,0.9999436466216876
22.766666666666666,2.5930679049142326e-05,2.7241223788838134e-05,1.4546827313975147e-05,6.361282833693138e-06,1.4540002735168565e-05,0.999911379984279
22.8,0.0002226396106592044,2.605530526619329e-05,1.577676346323348e-05,1.1808577617818718e-05,9.160554894934366e-06,0.9997145591880986
22.833333333333332,0.013599504450419957,4.2208611961703845e-05,2.4111832831077075e-05,2.9306392729955087e-05,5.87677165762813e-06,0.9862989919403996
22.866666666666667,0.029850861770652087,8.2829836505851e-05,4.7017596465848596e-05,0.00016677290915932542,1.1049787632839042e-05,0.9698414680995839
22.9,0.1898370940391711,0.0001359625633629307,8.390733516083831e-05,0.00037228763601880035,2.615132741602172e-05,0.8095445970988703
22.933333333333334,0.1661298714803409,0.00014155007289358526,4.5866595709694265e-05,8.706417514351795e-05,6.561086941623404e-05,0.8335300368064962
22.966666666666665,0.4769564625888361,0.00017436568665111601,6.250879320030635e-05,7.099846259922118e-05,8.130999649189176e-05,0.5226543544722214
23.0,0.980453149452409,5.8460788702066296e-05,3.019160976688891e-05,1.433744728165032e-05,6.958812392523495e-05,0.019374272577915175
23.03333333333333,0.9924465792181318,4.941583149506876e-05,4.047722378841905e-05,1.2465491768889936e-05,6.050241503679034e-05,0.00739055981977907
23.066666666666666,0.9890989375168306,8.135266180676139e-05,6.210114288956092e-05,1.8332428978397912e-05,4.780675730913492e-05,0.010691469492185565
23.1,0.9776561638392007,0.00011439420532042188,7.074986453000008e-05,4.78851263481203e-05,4.776511971524023e-05,0.022063041844885323
23.133333333333333,0.9927383773924878,8.787625953043714e-05,4.393585432935584e-05,1.5846279581454122e-05,6.335002207180116e-05,0.007050614191999232
23.166666666666668,0.9991457737180128,2.239742975066182e-05,1.2990605451118558e-05,5.314201164888213e-06,2.4821563298365535e-05,0.000788702482322113
23.2,0.9993902194281831,2.3322379379640595e-05,1.4718906317729133e-05,5.315501309183378e-06,2.722446389498645e-05,0.0005391993209152258
23.233333333333334,0.9994891716545147,1.6688241849767382e-05,8.63368491926173e-06,4.0996681833151e-06,1.211739615368671e-05,0.0004692893543790477
23.266666666666666,0.9998051956247525,1.2585366979248236e-05,7.837177844043457e-06,7.361155196216758e-06,1.0375425745731379e-05,0.00015664524948234937
23.3,0.9997412849169222,1.8082699787278082e-05,1.0575090078980055e-05,5.558225258313212e-06,1.3129917388732521e-05,0.000211369150564725
23.333333333333332,0.9996101009831907,3.8907670022485816e-05,1.9927861770434426e-05,2.031244372047147e-05,2.474221749656441e-05,0.00028600882379939597
23.366666666666667,0.9996049465326244,3.758340418301263e-05,2.2214289316116594e-05,1.2056657471580835e-05,4.541476014297711e-05,0.00027778435626187763
23.4,0.9998214896569542,1.8154788212596503e-05,1.0973289705170404e-05,1.120584070642144e-05,1.3129301492967072e-05,0.00012504712292875304
23.433333333333334,0.9998838997265216,1.2783710959701985e-05,8.111448595074675e-06,8.22893912282532e-06,9.91640542814666e-06,7.705976937255547e-05
23.466666666666665,0.9998936659856968,1.2428680947837971e-05,6.773525966877165e-06,7.18440346412245e-06,1.003728308001456e-05,6.99101208440439e-05
23.5,0.9998675829823068,1.6361496336008925e-05,8.402399909113395e-06,5.876249681721839e-06,1.1157778525864515e-05,9.061909324045218e-05
23.53333333333333,0.9998437651567333,1.994647895640608e-05,1.1119329464773917e-05,5.549802183023337e-06,1.722265647297799e-05,0.00010239657618937638
23.566666666666666,0.9997349684783796,3.774999248846042e-05,1.6469716228008465e-05,8.484628771186605e-06,2.5509835435763665e-05,0.00017681734869691326
23.6,0.999899952016629,1.3655045458146276e-05,7.601964927926242e-06,4.1023846167574185e-06,1.2730897182348367e-05,6.195769118588656e-05
23.633333333333333,0.9999103394161148,1.3275824935478626e-05,5.746800341045444e-06,4.761267751552951e-06,1.2731029436494977e-05,5.314566142055347e-05
23.666666666666668,0.999866831538679,1.786486261551207e-05,8.945344552973285e-06,6.3002711414893045e-06,1.6655801683851633e-05,8.340218132728173e-05
23.7,0.9999160569789671,1.3398144395998396e-05,5.849486293122762e-06,4.6878883325725215e-06,8.611932512660215e-06,5.139556949848282e-05
23.733333333333334,0.9997445355825813,4.075009319500319e-05,1.6856894470935755e-05,2.0101652561170884e-05,2.0590029024615642e-05,0.0001571657481670215
23.766666666666666,0.9998998994730253,1.4803519384945614e-05,6.648569797302147e-06,4.6878125816301705e-06,1.231159642496885e-05,6.164902878611342e-05
23.8,0.9999005213799135,1.4803528592277949e-05,6.648573932507436e-06,4.065846349594869e-06,1.2311604082401986e-05,6.164906712990731e-05
23.833333333333332,0.9996069096157618,5.4218549648519355e-05,1.9140902197058838e-05,1.5604495810031132e-05,3.7648932292989156e-05,0.0002664775042896483
23.866666666666667,0.9999021072169969,1.4185369892620738e-05,5.9748367554071674e-06,4.687822932156231e-06,1.3127548640868803e-05,5.9917204782126216e-05
23.9,0.9998503191358096,2.0721236540132354e-05,8.082934939651323e-06,5.5004052806534635e-06,1.8145868247903238e-05,9.723041918231993e-05
23.933333333333334,0.999901445513844,1.272582278471902e-05,5.987404264392313e-06,7.470447026827093e-06,7.893885873666873e-06,6.447692620647649e-05
23.966666666666665,0.9998673363324719,1.9319917109696714e-05,7.339824607361268e-06,1.1208047830034433e-05,1.033991219069595e-05,8.445596579055447e-05
24.0,0.9998270030459384,2.827886723029439e-05,8.958279482870662e-06,7.411990229389674e-06,2.1616279661549782e-05,0.00010673153745765705
24.03333333333333,0.9998999222652857,1.6912017288406546e-05,5.9377690586549135e-06,4.519120720892594e-06,1.5733408435653317e-05,5.6975419210865e-05
24.066666666666666,0.999926691007497,1.640265150729964e-05,5.511564136944489e-06,4.549123630685764e-06,1.5733829641361148e-05,3.1111823586758864e-05
24.1,0.9999301989932308,1.5381555242129673e-05,4.910517970754106e-06,4.265932029192403e-06,1.4754368809893432e-05,3.0488632717336437e-05
24.133333333333333,0.9999334253098925,1.6402761975813314e-05,6.230357731074503e-06,4.549154268105927e-06,1.5733935605495916e-05,2.3658480527040535e-05
24.166666666666668,0.9999309721501449,1.6871436525611253e-05,6.230342445994105e-06,5.210590902745052e-06,1.5398741374050692e-05,2.531673860656495e-05
24.2,0.9999232704181237,1.5755933491986127e-05,6.230294458253695e-06,5.420906636161777e-06,1.5733775818444972e-05,3.3588671471620694e-05
24.233333333333334,0.9998943958411528,2.115922853881605e-05,1.0147474945254255e-05,6.554800957915438e-06,1.9024819228281556e-05,4.87178351770937e-05
24.266666666666666,0.9998936058678801,2.1949268527700285e-05,1.0147466928173626e-05,6.554795779250984e-06,1.9024804197595543e-05,4.871779668724131e-05
24.3,0.9999265610766427,1.1176394673540629e-05,7.5007799523617385e-06,4.687937578743331e-06,1.4062708549139009e-05,3.601110260338298e-05
24.333333333333332,0.9998842477044996,2.2743088096972516e-05,1.0163695818966172e-05,1.5020010793117488e-05,1.3318914287175159e-05,5.450658650437684e-05
24.366666666666667,0.9999207395636746,1.2504450516091147e-05,6.646098636575712e-06,5.1318852838734765e-06,1.4687813175392887e-05,4.02901887135336e-05
24.4,0.9998864051415234,2.2111297386820565e-05,1.0163717749038286e-05,6.942686585469334e-06,1.987045264303184e-05,5.4506704112518016e-05
24.433333333333334,0.9999279092438007,1.1176409742295507e-05,6.714901994648655e-06,4.5868511062696245e-06,1.2311941304485216e-05,3.730065205161797e-05
24.466666666666665,0.9999344317227586,1.1663540962305235e-05,6.714945795613265e-06,9.091481171003752e-06,8.076817913140952e-06,3.0021491399353055e-05
24.5,0.9999100058398989,1.9031191308005158e-05,6.050358319892934e-06,1.1404104470801643e-05,9.802587106959402e-06,4.370591889543718e-05
24.53333333333333,0.9998576716078713,3.183265045289991e-05,9.37251095248646e-06,1.823408068569653e-05,1.5185027095106877e-05,6.770412294246048e-05
24.566666666666666,0.99993482363735,1.1996836337308821e-05,5.568627653568155e-06,4.202347733833585e-06,1.2312026440230251e-05,3.109652448520575e-05
24.6,0.999948897642481,9.591916803089204e-06,3.849054392335655e-06,3.343802937319616e-06,6.642250900213466e-06,2.7675332486126496e-05
24.633333333333333,0.9999312732346427,1.1693683031801359e-05,4.7630252381437096e-06,4.178448688730023e-06,1.2881769945848739e-05,3.520983845271202e-05
24.666666666666668,0.999916164197927,1.4259727609374402e-05,5.835953052674959e-06,5.095361313368796e-06,1.570852656557187e-05,4.2936233532268614e-05
24.7,0.9999057632261017,2.1949535401214255e-05,6.99510088914235e-06,5.584034732026068e-06,1.8597835349898352e-05,4.111026752620547e-05
24.733333333333334,0.9999399187685689,1.1495918501051642e-05,5.170627886566473e-06,4.371475953363537e-06,1.619305185092309e-05,2.2850157239110997e-05
24.766666666666666,0.9998618057462993,3.5709194056206854e-05,1.1437441746920867e-05,1.875266993482454e-05,2.34976938094152e-05,4.8797254153350865e-05
24.8,0.999882576095001,2.9400560420088855e-05,8.89044418305263e-06,1.539631465418563e-05,1.9104564523862707e-05,4.463202121763409e-05
24.833333333333332,0.999856958576586,4.840597526858182e-05,1.0532788293618947e-05,9.405616534758485e-06,1.9926648765337552e-05,5.4770394552003955e-05
24.866666666666667,0.9998694380382156,3.763700208296976e-05,1.1657098334454878e-05,1.0411830573384543e-05,2.2058404153871266e-05,4.879762663971475e-05
24.9,0.9999031874723903,2.144186006574546e-05,9.640620707541663e-06,7.1308913582553025e-06,1.824267941813494e-05,4.035647605984793e-05
24.933333333333334,0.9999215146751848,2.7037418334709994e-05,6.245251370333811e-06,4.4401185072993825e-06,1.1156875354893745e-05,2.960566124796855e-05
24.966666666666665,0.9995718620757749,0.0003349552835001154,1.218183673166212e-05,8.833682134775704e-06,1.9251751151309632e-05,5.2915370707411746e-05
25.0,0.9997442948925928,0.00018256112729417884,1.0321622586300493e-05,6.25052046280134e-06,1.5091455794254341e-05,4.148038126979224e-05
25.03333333333333,0.9996691270434994,0.00026358135359233964,1.0320846533690912e-05,7.3022250001662245e-06,1.509032111183851e-05,3.457821026254075e-05
25.066666666666666,0.9998215949435637,0.00012862429587641861,8.827384097638219e-06,5.1188300345697045e-06,1.1155760475400875e-05,2.4678785952208585e-05
25.1,0.9998214167449295,0.00012862427295165488,1.0253531046225733e-05,5.118829122238419e-06,8.178003112188006e-06,2.6408618838208916e-05
25.133333333333333,0.9998141259507601,0.00013370003593146472,7.61216949767074e-06,1.0483763086600235e-05,7.669654460258196e-06,2.6408426264014143e-05
25.166666666666668,0.9997389334524819,0.00020399030166662858,9.795861732980456e-06,5.442788962224719e-06,8.155110094371378e-06,3.3682485061645845e-05
25.2,0.999544412258105,0.00038228816236038777,1.2064581624102201e-05,6.05068622219569e-06,1.3700968884703283e-05,4.1483342803899364e-05
25.233333333333334,0.9995773068288064,0.00034660178417119346,1.1906732359815381e-05,6.249476433527982e-06,1.5088935056706075e-05,4.2846243172539636e-05
25.266666666666666,0.9997363203994017,0.00021170171015889955,9.79665486976989e-06,4.620055406456422e-06,1.1154809003264116e-05,2.640637115985763e-05
25.3,0.9995360877610943,0.0004088588432229373,7.043452505210403e-06,5.75764371395243e-06,1.2547963839739048e-05,2.970433562382501e-05
25.333333333333332,0.9993402716097657,0.0005702028837155087,1.4843195893756806e-05,8.42966940366039e-06,1.817628306166995e-05,4.807635815966313e-05
25.366666666666667,0.9984670760460743,0.001385490844987617,1.7380096813209565e-05,1.4679565856895152e-05,3.1652480240979783e-05,8.372096602720887e-05
25.4,0.9966960804824462,0.003030091833974806,4.096662437455249e-05,1.6141199264844517e-05,5.945667141303014e-05,0.0001572631885262696
25.433333333333334,0.9979906600524154,0.0018129501828582034,2.6843092940314303e-05,1.6871888588948067e-05,4.225405153254095e-05,0.00011042073166470871
25.466666666666665,0.9987205949123703,0.0011695339529600188,1.5452427363018106e-05,1.2835987192591435e-05,2.911338333810022e-05,5.246933677604764e-05
25.5,0.9988209423248956,0.001045420609007385,1.5613854453751027e-05,1.1127024239182668e-05,2.6023811333182083e-05,8.087237607074455e-05
25.53333333333333,0.9988206925481288,0.001045420347577364,2.3834728496446865e-05,1.0253301418595612e-05,3.073433687284396e-05,6.906473750606433e-05
25.566666666666666,0.9978238976741158,0.001994131570875528,4.128774668397057e-05,1.3857842713246256e-05,3.348076556748091e-05,9.334440004415368e-05
25.6,0.9992224002767709,0.0006794125967342653,2.5244471277469202e-05,6.641990244133122e-06,2.047106690479893e-05,4.58295980686052e-05
25.633333333333333,0.9988899200084199,0.001016471775825486,2.3009512628812388e-05,4.320098969979189e-06,2.0464255382343012e-05,4.5814348773693424e-05
25.666666666666668,0.998960944725342,0.000945861047262469,2.3011148689091144e-05,3.899761899741743e-06,2.0465710465547316e-05,4.581760634100634e-05
25.7,0.9980071850239691,0.001880273322784,2.842059918353627e-05,4.49470333028929e-06,2.4585520430305455e-05,5.5040830302999276e-05
25.733333333333334,0.997708253500802,0.0021845948394620426,3.422035867600498e-05,5.172226669075809e-06,2.8291496701418467e-05,3.9467577689293374e-05
25.766666666666666,0.9981758493298392,0.0017171913401756406,3.271191588344128e-05,4.741261106184895e-06,2.6671877185169735e-05,4.283427581036202e-05
25.8,0.9987885746430823,0.0011543496294853194,1.2355335575811816e-05,3.884913296683192e-06,2.172675217704009e-05,1.9108726382899658e-05
25.833333333333332,0.9982730898537696,0.0016783933425521748,7.162389415956892e-06,3.3195729073867803e-06,2.274032267232574e-05,1.5294518682395902e-05
25.866666666666667,0.9987770062902381,0.0011839975438041514,5.052600758870197e-06,2.3209559876679016e-06,2.1193720392057404e-05,1.0428888818948004e-05
25.9,0.9983728526593926,0.001583778068987982,6.758627427164939e-06,1.4576611027851694e-06,2.1399446966679217e-05,1.3753536122871328e-05
25.933333333333334,0.9986052244315391,0.0013640500267146998,5.32781750846968e-06,9.169542473721554e-07,1.4902716443156555e-05,9.57805354731879e-06
25.966666666666665,0.9985917562474192,0.0013778903815358458,5.973186834346502e-06,1.721141145458566e-06,1.1844835393351334e-05,1.0814207671541471e-05
26.0,0.9520871627403097,0.047713346471848606,6.49523582249803e-05,2.8285970747304028e-05,3.264982448745063e-05,7.360263438194936e-05
26.03333333333333,0.9077600956278089,0.09192162289815518,0.00012798622480536762,5.546239397029129e-05,5.742953950922642e-05,7.74033157510892e-05
26.066666666666666,0.5741656736136631,0.4248126880011018,0.00032994972736940175,0.0002453940099067402,0.0001767492837466625,0.00026954536421234436
26.099999999999998,0.003539041657464611,0.9944983937670594,0.001360272740529196,0.00016593973240827632,0.00017719774101949677,0.00025915436151906067
26.133333333333333,0.0007240369684001988,0.9971904899090905,0.001504924593580507,0.00011557210593959565,0.0001921539779837204,0.0002728224450058763
26.166666666666668,0.0006228742987732447,0.9969438646411759,0.001884045347657782,7.246437055452911e-05,0.00019245490274351517,0.00028429643909483993
26.2,8.698047706599941e-05,0.998288223034646,0.0008032988173447074,9.839846597538966e-05,0.0004918673668228434,0.00023123183814520229
26.233333333333334,3.2510737973040355e-05,0.9990568906836699,0.0004008906638331618,3.744638061113405e-05,0.00035479992461949207,0.00011746160929315119
26.266666666666666,1.807569602542946e-05,0.999218022144409,0.00032974175281705494,3.7452420097036734e-05,0.0003160063340032066,8.070165264817204e-05
26.3,8.616614863071257e-06,0.9996150355329109,0.00011147565130637267,1.645587018455949e-05,0.00021346263592884914,3.4953694806424244e-05
26.333333333333332,2.982726051707343e-06,0.9999453167921382,2.194798936543842e-05,3.154873194340602e-06,1.186517322192814e-05,1.4732446028396258e-05
26.366666666666667,2.424361658967255e-06,0.9999471265297428,2.4288721040290502e-05,1.985373133524063e-06,1.1203532476397958e-05,1.2971481947952526e-05
26.4,1.4258498178765242e-06,0.9999584040380024,2.033635694571151e-05,1.4622697456877264e-06,8.81771179777067e-06,9.55377369067013e-06
26.433333333333334,1.2317202964083064e-06,0.9999556568447259,2.2418295061982522e-05,1.462265728383009e-06,8.638907804786307e-06,1.0591966382709508e-05
26.466666666666665,1.0524744949671622e-06,0.9999544454054107,2.0830263547302165e-05,1.4622639568582613e-06,9.678416636809845e-06,1.253117595353074e-05
26.5,1.3785886598451511e-06,0.9999552808573087,1.839713874247003e-05,1.6257272034824622e-06,9.05522906847628e-06,1.426245901702647e-05
26.53333333333333,1.1401885084186434e-06,0.9999533472376942,1.6416057466504144e-05,1.3293199311916682e-06,7.553363500491985e-06,2.021383289913175e-05
26.566666666666666,1.423205166678087e-06,0.9999473136747711,1.896912256739592e-05,1.4395233275644172e-06,7.414429601233604e-06,2.344004456594045e-05
26.599999999999998,1.7560381879464068e-06,0.9999400716741731,2.19227949919716e-05,1.782335819826309e-06,4.406892798014984e-06,3.0060264029192583e-05
26.633333333333333,2.3570709976300756e-06,0.9999310146555784,3.0051559288976874e-05,2.0874107666901307e-06,4.409724404670348e-06,3.0079578963226195e-05
26.666666666666668,1.9628039494749444e-06,0.9999336663802064,3.306721291873631e-05,2.087416302310546e-06,4.251840019104899e-06,2.4964346603721547e-05
26.7,1.6079957241025817e-06,0.999824880279281,0.00013114459366193897,1.9297151560763247e-06,5.840350614714632e-06,3.4597065562270695e-05
26.733333333333334,1.778815505939781e-06,0.9997502819864565,0.00020509216349585326,1.3889263540577692e-06,6.466338134119165e-06,3.499177005350447e-05
26.766666666666666,1.7096613596361252e-06,0.9995355573306226,0.0004127995663806703,1.4330694467838115e-06,1.3516117609251853e-05,3.4984254580973845e-05
26.8,8.227894594464446e-07,0.9998078533945526,0.00015982941423694244,5.878563325263574e-07,1.7050535438053078e-05,1.3856009980549345e-05
26.833333333333332,8.405386919391795e-07,0.9997809582232476,0.00018863855532955296,1.345653301288098e-06,1.7025585443287033e-05,1.119144398635185e-05
26.866666666666667,1.0471828945778201e-06,0.9996874128434992,0.00027372192281735323,3.0728012828044092e-06,1.5585565891291333e-05,1.9159683614840612e-05
26.9,1.1068562124600061e-06,0.9994853931703025,0.00043861525038418295,3.498870786448718e-06,2.0419548567716035e-05,5.0966303746470704e-05
26.933333333333334,1.3640833519092639e-06,0.9994039745498624,0.0005342141893741792,3.5294556932618322e-06,2.341741029434703e-05,3.350031142399841e-05
26.966666666666665,1.3298990412470488e-06,0.9995420080359875,0.00041001104258961207,4.07161186714279e-06,1.583024165708324e-05,2.6749168857578647e-05
27.0,3.1674790268169274e-06,0.9980209595160737,0.001884107260054668,7.658715475316066e-06,3.2537331111252596e-05,5.156969825830593e-05
27.03333333333333,4.462996216190938e-06,0.9450585736249426,0.054769906079101933,7.511501914408711e-05,3.132861553279827e-05,6.061366506231303e-05
27.066666666666666,2.0803357657595625e-05,0.5466987159891595,0.4522585839830669,0.0007836253685939591,9.632260162967412e-05,0.00014194869989224532
27.099999999999998,3.281243280513689e-05,0.2681916337152125,0.7296190002828943,0.0015754932017831309,0.00012043321991937724,0.00046062714738569427
27.133333333333333,2.9213512924973308e-05,0.2566002744345108,0.7415917449031486,0.0013508175235636562,0.00016189761951184993,0.00026605200634036055
27.166666666666668,3.0430898947506232e-05,0.26729332556728463,0.7309943684746524,0.0011838329209177155,0.0002820536559691881,0.00021598848222845676
27.2,3.290262000552948e-05,0.27696825160835276,0.7210217302379557,0.0017060822024645408,0.00014701109878009812,0.00012402223244135092
27.233333333333334,3.273563873287304e-05,0.2799601925027279,0.7175284058663043,0.0022335890413746375,0.00010586189590670669,0.00013921505495354726
27.266666666666666,2.4009777426873965e-05,0.19227327901118368,0.8059840490944727,0.0012140211516302698,7.764383580377596e-05,0.0004269971294825667
27.3,3.78851577886451e-05,0.454104637687898,0.5440539100376934,0.0015755140531046087,5.458619620396999e-05,0.00017346686731141187
27.333333333333332,4.484219118210556e-05,0.576319411852773,0.4222138194997959,0.0011479525709016222,6.451038595094598e-05,0.00020946349939640217
27.366666666666667,5.787589128670383e-05,0.38381682610345264,0.6147064385059041,0.001082502943862063,7.919912215200383e-05,0.0002571574333425389
27.4,5.2405351737261676e-05,0.2501777631614701,0.748763300332152,0.0007087634897799147,7.344329137446623e-05,0.0002243243734861656
27.433333333333334,2.898972017262104e-05,0.11589575611417684,0.8833092898922872,0.0005075850113652524,4.4795396948081786e-05,0.00021358386505026345
27.466666666666665,2.0104848444329217e-05,0.08646393793309227,0.912907913266006,0.0004109230860580479,3.159540591479786e-05,0.00016552546048476387
27.5,2.1680042503175898e-05,0.0795079582661141,0.9196654001362559,0.0006099678947259487,3.407087325401457e-05,0.00016092278714667567
27.53333333333333,3.0111663185917346e-05,0.09978363331085438,0.8990028258575492,0.0009105871837945968,4.867074879777493e-05,0.00022417123581812027
27.566666666666666,2.6772190045068723e-05,0.09145143715467781,0.9069680817636985,0.001283105420696986,4.31060696074041e-05,0.00022749740127441998
27.599999999999998,2.468847729599833e-05,0.08768610649114963,0.9112650131172704,0.0007723987182012073,4.2002199649058504e-05,0.000209790996433505
27.633333333333333,1.7209775930700284e-05,0.040483229299637824,0.9588084868879421,0.0005223244904170166,2.6881139608101723e-05,0.00014186840646421642
27.666666666666668,1.3619974418979845e-05,0.03851273727977507,0.9609591097394091,0.00037834150142893475,2.3618916496571143e-05,0.000112572588471567
27.7,2.5796719076220035e-05,0.01567659538828594,0.9834991762564571,0.0006053510101238665,3.661096957557835e-05,0.00015646965648108212
27.733333333333334,3.152130058213571e-05,0.01622238632853965,0.9828803698863358,0.0006384733783249397,3.605707674469083e-05,0.00019119202947285807
27.766666666666666,4.180657466684222e-05,0.020078532755214845,0.9787308548259653,0.0008468046835243913,5.4665311102503946e-05,0.0002473358495262413
27.8,5.127523221303691e-05,0.03248290595558076,0.9660760757810561,0.001019342447910438,6.704630893862481e-05,0.00030335427430091064
27.833333333333332,3.0639402930549e-05,0.01930187328617523,0.9800647542009318,0.00045335297634931234,3.286311980372893e-05,0.00011651701380948125
27.866666666666667,1.2738820151487054e-05,0.00488676942188933,0.9948389491095678,0.00019593960567367534,1.518581558508741e-05,5.041722713275918e-05
27.9,1.19240762410712e-05,0.006406471420316446,0.9928708380756137,0.000632120909284314,1.7292247470103864e-05,6.13532710742249e-05
27.933333333333334,1.1351511450752714e-05,0.015901518449620535,0.983460568339586,0.0005717374411276783,1.6461916310969484e-05,3.8362341904255426e-05
27.966666666666665,1.7221542554580988e-05,0.020055854707883226,0.9786408964957143,0.0012178636852996927,2.2191850044446346e-05,4.597171850383611e-05
28.0,5.075246216111719e-06,0.00470798889621427,0.9949993604729296,0.0002690517243323123,8.367539977468412e-06,1.0156120330439984e-05
28.03333333333333,5.820089624774134e-06,0.002939564710862556,0.9968968592670173,0.00014106892460211785,1.0136220873167928e-05,6.550787019984383e-06
28.066666666666666,5.822622965030078e-06,0.0011427119271641697,0.9988029394922939,3.9628000813777926e-05,6.386919773417233e-06,2.5110369895400805e-06
28.099999999999998,6.834975231242571e-06,0.002047424277704106,0.9979050789361296,3.080024492463718e-05,7.534243334466829e-06,2.3273226758491907e-06
28.133333333333333,8.021829907767877e-06,0.0016754603097854392,0.9982651135394939,3.555110219566577e-05,1.4482935453119288e-05,1.3702831642676156e-06
28.166666666666668,9.753623490268706e-06,0.0013836956454013173,0.9985620297138312,3.091119796825164e-05,1.2175396734363116e-05,1.434422574583795e-06
28.2,9.12117037221922e-06,0.0013077572992945747,0.9986461432700209,2.0229173547667223e-05,1.5415256115212514e-05,1.333830649191983e-06
28.233333333333334,1.1950711582166066e-05,0.003074062323485635,0.9968021103114623,2.9460388320308332e-05,8.060477610161386e-05,1.8114890478152945e-06
28.266666666666666,1.0797184577135292e-05,0.0002711179938495502,0.9996038691686056,2.1414883653728286e-05,8.88933047383031e-05,3.907464575863421e-06
28.3,1.0258508398937943e-05,0.0001815314635379418,0.999654070704032,1.9521448191961468e-05,0.00012984578565390485,4.772090185119567e-06
28.333333333333332,8.125989136188483e-06,0.0001949445992077391,0.9997644378903434,1.6898120088245503e-05,1.1384865236979254e-05,4.208535987576973e-06
28.366666666666667,8.01577642227191e-06,0.00017359554313614537,0.9997884410717238,1.65005825797275e-05,1.0596188012054931e-05,2.8508381261294397e-06
28.4,2.0217057927968896e-05,0.0004378354593161109,0.999467106366788,4.6207772712467417e-05,2.1443077895955922e-05,7.1902653595826645e-06
28.433333333333334,2.889603787503548e-05,0.0005701513364027043,0.9989371340292891,0.0004300182546408145,2.3023497565227145e-05,1.0776844227311378e-05
28.466666666666665,2.6883804257441593e-05,0.0005051741155817736,0.998633209291064,0.0007945065688263317,2.9736759558568976e-05,1.0489460711852127e-05
28.5,3.996285250448903e-05,0.0004571568106762415,0.9947766227877989,0.004668974073132855,4.646629771866002e-05,1.0817178168957366e-05
28.53333333333333,5.052351901955261e-05,0.0004091825992725108,0.9699139691689661,0.029561637709902496,4.729718496024939e-05,1.7389817879081154e-05
28.566666666666666,0.00011516977561026736,0.0008985202429789636,0.6596047319106525,0.3392244468980827,0.00012506089318610147,3.207027948956301e-05
28.599999999999998,0.00011917576139545021,0.0009713120271320176,0.3423475729224184,0.6563457909348002,0.00015385457731752276,6.229377693640607e-05
28.633333333333333,8.774604313447907e-05,0.000942981192295917,0.18261216629272342,0.8160949042258749,0.00015590585853214654,0.00010629638743919112
28.666666666666668,7.536006346972258e-05,0.001802323565363679,0.12373129102484494,0.8740006652924386,0.0002080276488006936,0.0001823324050821129
28.7,6.633158274434253e-05,0.001982395544979257,0.09276461839739339,0.9048264751693259,0.00019729076279379615,0.0001628885427634882
28.733333333333334,4.6901563648603516e-05,0.002219317261818343,0.03556497176349351,0.9619886768600345,0.0001465616489703844,3.3570902034796215e-05
28.766666666666666,3.023476955582803e-05,0.0016245443365966662,0.0228260853929613,0.9753944738314125,8.959238366176427e-05,3.5069285811879005e-05
28.8,2.3647772626528412e-05,0.0012706184190561228,0.03185453006171089,0.9667520785421825,8.216281183038347e-05,1.6962392593789276e-05
28.833333333333332,6.949715516285739e-06,0.0004623156664305213,0.016873998106230245,0.9826168471635828,3.120372966389259e-05,8.685618576305689e-06
28.866666666666667,3.828043400057102e-06,0.0003102224737469852,0.010739601870335437,0.9889117564265343,2.8775411722285915e-05,5.815774261198558e-06
28.9,1.9530273694831326e-06,0.00012783912585405838,0.0020562278911526112,0.9977874661403889,2.382595529563342e-05,2.6878599393104157e-06
28.933333333333334,1.6044814148844716e-06,9.87477171908452e-05,0.0023354484465651706,0.9975398276292776,2.1848744254210908e-05,2.5229812970703466e-06
28.966666666666665,1.104025882671903e-06,2.837367712936878e-05,0.0021724053426183574,0.9977778762017613,1.80404663107274e-05,2.200286297570435e-06
29.0,1.1487259369368144e-06,1.8989612257009032e-05,0.0019315961097867743,0.9980298225065894,1.528699060803469e-05,3.156054821718692e-06
29.03333333333333,1.1535376434855435e-06,1.396751363506411e-05,0.0007850673009179148,0.9991810303000308,1.4252507479881968e-05,4.528840292806471e-06
29.066666666666666,1.2660890963544152e-06,1.0412599748502712e-05,0.0007826976883491387,0.9991852757827965,1.6103723521222472e-05,4.244116488411614e-06
29.099999999999998,1.2666458808689242e-06,9.64757485376374e-06,0.0003440254654348328,0.9996246847393092,1.6292900460799826e-05,4.082674060686894e-06
29.133333333333333,1.2667230302722997e-06,7.381516848060573e-06,0.00027697507018080626,0.9996855703026635,2.4732178292148995e-05,4.0742089853213e-06
29.166666666666668,1.1176201409608453e-06,7.404416260937431e-06,0.00020777630671824622,0.9997558430895758,2.480890403479968e-05,3.0496632692767153e-06
29.2,1.4001580685139107e-06,8.11949289270904e-06,0.00021877050433377073,0.9997428444277533,2.4873298719754953e-05,3.992118231965546e-06
29.233333333333334,1.4768087789591946e-06,8.563989062589448e-06,0.00022748160511967746,0.999733567633484,2.4699299499001393e-05,4.210664055857064e-06
29.266666666666666,1.3414721800339657e-06,5.90045815599299e-06,0.000223972913013327,0.9997398750107012,2.469945532831831e-05,4.210690621181462e-06
29.3,1.4171276984127238e-06,9.340893111659357e-06,0.000340152646667969,0.9996152875968861,2.8642806450737168e-05,5.158929185034155e-06
29.333333333333332,1.4173834355228058e-06,9.342578784032169e-06,0.00017211793701599274,0.9997956797557086,1.6737132826462942e-05,4.7052122294666e-06
29.366666666666667,1.4297687929332312e-06,9.025985791511969e-06,0.00015169537655594629,0.9998167032512627,1.4884070207815444e-05,6.2615473891513105e-06
29.4,2.011438849044083e-06,1.5142811785159991e-05,0.00011701222217995977,0.9998427188009168,1.5196106934391758e-05,7.918619334540044e-06
29.433333333333334,1.8604434726214115e-06,2.3685254111913438e-05,0.00014132361049830482,0.9998127774734054,1.5085726623303226e-05,5.267491888573137e-06
29.466666666666665,1.5632592554213684e-06,3.079470120840767e-05,0.00011569662671448394,0.999831506726029,1.4866903871953283e-05,5.57178292060877e-06
29.5,2.283884286724562e-06,4.636564970241203e-05,0.00015780165574924055,0.9997734494268697,1.2460767275144635e-05,7.638616116690632e-06
29.53333333333333,2.738733001217851e-06,4.9243178010062016e-05,0.00019553699587592237,0.9997285804314883,1.4942400871752114e-05,8.95826075268e-06
29.566666666666666,3.3966346580950743e-06,6.468410816885173e-05,0.0004210463604907646,0.9994757212498527,2.051186174163429e-05,1.4639785087857616e-05
29.599999999999998,3.3805798828991894e-06,6.918260862419018e-05,0.0004503283170331969,0.9994247953573535,2.1938373167651204e-05,3.037476393843722e-05
29.633333333333333,3.2736166666585838e-06,6.514045657061503e-05,0.0003021926782366981,0.9995892313540579,7.79763718509575e-06,3.236425728294334e-05
29.666666666666668,6.0280337733748554e-06,9.799835580353391e-05,0.00045462354982052464,0.999384961722165,1.1730891423266318e-05,4.465744701434455e-05
29.7,5.352094026802939e-06,0.00010306772043050874,0.0004642611345559932,0.9993621072571335,9.476813046860366e-06,5.5734980806277306e-05
29.733333333333334,2.135283491588276e-05,0.00044556840152530495,0.0026072896947038873,0.99671482190794,4.888383866532763e-05,0.00016208332224943827
29.766666666666666,2.13549784316159e-05,0.0004456131301471775,0.0025071658949799135,0.9968148776574753,4.888874589557074e-05,0.0001620995930702773
29.8,2.1072650411491383e-05,0.0004456219451362119,0.0025072154910047535,0.9968345963587915,4.8889712998489885e-05,0.0001426038416576562
29.833333333333332,2.045256876340108e-05,0.000445644955422904,0.002389675645752425,0.9968860692498758,4.889223748437903e-05,0.00020926534270099235
29.866666666666667,2.088987517198473e-05,0.0004957214443727767,0.0023966359682988064,0.9968086908306264,5.26618956427443e-05,0.00022539998588699784
29.9,1.9693469200607088e-05,0.0005418398996107516,0.001550724416937139,0.9976144922598349,6.0759087748466315e-05,0.00021249086666807148
29.933333333333334,2.6827868936414134e-05,0.0006870925990380266,0.0021319420670458805,0.9968937164221954,8.416697807390722e-05,0.00017625406471036566
29.966666666666665,2.9377375382037883e-05,0.0006888228013360769,0.0020571659710575296,0.9969702857031267,8.685442723749075e-05,0.0001674937218603491
30.0,3.0446757064879248e-05,0.0007138970115707543,0.002047873541878214,0.9969441758762574,9.001606207905102e-05,0.0001735907511496946
30.03333333333333,2.9536523118838926e-05,0.0007138976614038337,0.0020478754059789855,0.9969450833563186,9.001614401722118e-05,0.00017359090916270004
30.066666666666666,2.3869189379218394e-05,0.0007562383632701392,0.0016549383857295946,0.9973571070174989,6.756396921013544e-05,0.00014028307491183354
30.099999999999998,2.132573683740825e-05,0.0006756551328673329,0.001981053501576298,0.9971487656715103,4.7865163019200884e-05,0.00012533479418940166
30.133333333333333,2.1080947929909024e-05,0.000667899579890109,0.002172836607662043,0.9969699728204255,4.240514768942137e-05,0.00012580489640283204
30.166666666666668,2.7499583328765193e-05,0.0008712587409969739,0.002834412453883031,0.9959555487096547,4.657705182309685e-05,0.0002647034603134282
30.2,3.2508582820134135e-05,0.0014304438006212618,0.0032379794373152766,0.994956642060589,5.123738381397743e-05,0.0002911887348404804
30.233333333333334,4.5819264389890816e-05,0.002189427779248037,0.005459304846545873,0.9917859703650981,7.37862014455095e-05,0.0004456915432727568
30.266666666666666,4.812609224438282e-05,0.0022996572439463433,0.008048607707295688,0.9890579774586248,7.750105953059931e-05,0.0004681304383581163
30.3,4.814985294260808e-05,0.001808237184245459,0.008052581446486799,0.9895462927785211,7.637717521456435e-05,0.00046836156258942517
30.333333333333332,2.8484426955189733e-05,0.0010296025419846942,0.005057161709064212,0.9936596171333784,4.964263573741803e-05,0.0001754915528801134
30.366666666666667,9.479115455999679e-06,0.00044424055885077316,0.0015791254686379564,0.9978860517848117,2.3587955951273256e-05,5.751511629223334e-05
30.4,8.927437250809783e-06,0.0010788287611164734,0.0017164298727822577,0.9970485623207157,9.02733165657744e-05,5.697829156898842e-05
30.433333333333334,6.832524669474944e-06,0.0007088131783211115,0.0013136524088304,0.997857333052346,6.908977852238916e-05,4.427905731069976e-05
30.466666666666665,7.399998440035304e-06,0.0007132628226770458,0.001328273759388309,0.9978361504417795,6.810602008332904e-05,4.680695763183972e-05
30.5,6.770417370679702e-06,0.0006707176527684054,0.0013799037540052639,0.9977970875821207,7.790734890143237e-05,6.761324483371429e-05
30.53333333333333,6.544377802494199e-06,0.0013648288538058205,0.0016716098845832965,0.9967981230380916,9.510710666251283e-05,6.378673905426634e-05
30.566666666666666,4.781441045155835e-06,0.0008712860220818644,0.0011439464044398955,0.9978659220182784,6.491797171759813e-05,4.914614243716238e-05
30.599999999999998,5.367555169391276e-06,0.0008504883468411748,0.0013024429752340454,0.9976656261575721,6.979115127892214e-05,0.00010628381390434988
30.633333333333333,6.930185088289134e-06,0.0004336890545192999,0.001612366382952288,0.9977040530554085,7.683604024768154e-05,0.00016612528178389056
30.666666666666668,7.379869801796571e-06,5.813907489313606e-05,0.002448411096763466,0.9973088743209054,6.269261877443629e-05,0.0001145030188617678
30.7,6.977679248448884e-06,5.115327525150844e-05,0.0018112607005428241,0.9980378028858502,3.1886911682747415e-05,6.0918547424039233e-05
30.733333333333334,6.91283849956271e-06,5.860509666423252e-05,0.0017482873230916006,0.998111470823353,1.660103054900149e-05,5.812288784245214e-05
30.766666666666666,6.294770109516497e-06,3.146978212258966e-05,0.0015582236927729341,0.9983278385045294,1.5577743791228993e-05,6.059550667433083e-05
30.8,1.0278179062173242e-05,4.202794952360293e-05,0.0019357260896796637,0.9979187536232148,6.918054527714067e-05,2.403361324257955e-05
30.833333333333332,1.5815559144826665e-05,5.5315689394238034e-05,0.004198383439099679,0.9955762040444734,0.00011833875107200546,3.5942516815750456e-05
30.866666666666667,1.5191683337736596e-05,4.7883875375231986e-05,0.0037593164784579572,0.9960027885826147,0.00014675645888059935,2.8062921333855965e-05
30.9,1.982143152234535e-05,4.064271548076672e-05,0.004095551433155179,0.9955774554149543,0.00020870672621391804,5.782227867342372e-05
30.933333333333334,3.854970445255993e-05,6.592347567961692e-05,0.007232860583289072,0.992184689468096,0.00033366042569204954,0.00014431634279056058
30.966666666666665,2.834918860800973e-05,4.8949168014238395e-05,0.005318996131434281,0.9942768733007772,0.0002416939983784519,8.513821278770042e-05
31.0,3.1036875234490744e-05,5.3589866062720554e-05,0.006291242339257707,0.9932673892800131,0.00026353177284591054,9.320986658619204e-05
31.03333333333333,2.540352628761126e-05,5.113181378283029e-05,0.004595672995865693,0.9949725796864124,0.00026240178285783726,9.281019479369958e-05
31.066666666666666,2.5403482899170565e-05,5.280591750726274e-05,0.004595665146597722,0.9949708803038826,0.0002674820809153037,8.776306819795436e-05
31.099999999999998,2.5457014489832728e-05,6.494313469883691e-05,0.0024974085691144327,0.9970675366598872,0.00026807786125958825,7.657676055005305e-05
31.133333333333333,2.5460564472197405e-05,8.461987162506893e-05,0.0022594789390260675,0.9972065777942256,0.00031877077606283315,0.0001050920545881758
31.166666666666668,3.486066033224613e-05,0.00010879349297127944,0.0032583152082015614,0.9960932096461362,0.0004131283832330266,9.169260912544313e-05
31.2,4.354206185313567e-05,0.00011170137500258153,0.0035356179583396646,0.9958530171514138,0.00034188516906397923,0.00011423628432680632
31.233333333333334,4.773823498615221e-05,0.00012749240685864974,0.004081080971325815,0.9952671509560457,0.0003455146462097213,0.00013102278457386012
31.266666666666666,3.9982657320405095e-05,0.0002139086427610497,0.0037157843592897613,0.9956388291256839,0.00028938216301024937,0.00010211305193459835
31.3,4.409622453438593e-05,0.00022828782178113666,0.004098078327199604,0.9947332752208826,0.0007533539092110987,0.0001429084963911499
31.333333333333332,3.964407152650368e-05,0.00020523885731450273,0.003684317921549654,0.9953427379843658,0.0006573189193334567,7.074224590976845e-05
31.366666666666667,4.0482098528009004e-05,0.00021800772244362222,0.006459009837265927,0.9921944556939231,0.00101290119735863,7.514345048073645e-05
31.4,2.2801303621618835e-05,0.0001244828740807189,0.0034518369710707826,0.9957567410133744,0.000575711390430897,6.842644742159263e-05
31.433333333333334,9.640315178287819e-06,5.593866396853511e-05,0.0007542186895999753,0.9986333999972636,0.000522242972059244,2.4559361930026524e-05
31.466666666666665,1.0925928573520111e-05,5.038208722776032e-05,0.0006495453509354043,0.998650561125056,0.0006173219573638168,2.126355084356117e-05
31.5,9.30209440012205e-06,2.2751357807828572e-05,0.00028389833421555387,0.9989531832821928,0.000718564587729054,1.2300343654564553e-05
31.53333333333333,1.5999681039954083e-05,3.038847838275005e-05,0.0004993324476744371,0.9983672490267199,0.0010726344516317318,1.4395914551050274e-05
31.566666666666666,1.2796056314962141e-05,2.4303777040345046e-05,0.00013140589905284573,0.9987741744065858,0.0010484203070496025,8.899553956504197e-06
31.599999999999998,1.689123020177597e-05,3.252187732572279e-05,0.00017123026906485755,0.9974568549866931,0.002302032957493383,2.046867922101725e-05
31.633333333333333,7.882065058093268e-05,0.00016485095240571503,0.0004572731599572895,0.8987036831330788,0.10020444580817217,0.00039092629580500694
31.666666666666668,2.350099913087652e-05,6.019250266630252e-05,0.00010082794333119732,0.08777996541169393,0.9117088501992091,0.0003266629439685512
31.7,2.6605315391454845e-05,6.169947890032645e-05,0.00013144790236095305,0.03773304875260015,0.9609786513008697,0.0010685472498775193
31.733333333333334,2.3479227969146334e-05,0.00010900838802473005,0.00010264754016943802,0.014928779136818619,0.9833848529016601,0.0014512328053579318
31.766666666666666,1.2303488525900838e-05,5.330402405064064e-05,5.5461162754920906e-05,0.008232048546228676,0.9901419705990071,0.0015049121794327408
31.8,2.429698216705647e-05,0.00010301835959797233,0.00010227554570690411,0.0009067996668085925,0.9941834882731926,0.004680121172526928
31.833333333333332,2.7349984584296846e-05,0.00012066033166094095,8.797687501556085e-05,0.0007067157045958684,0.9656465017103871,0.033410795393756146
31.866666666666667,1.9340653775059468e-05,6.23142489577786e-05,4.350046142687425e-05,0.0005099193429638004,0.11886688305528259,0.880498042237594
31.9,1.6711144168739704e-05,5.865708035434024e-05,4.3311766606448825e-05,0.00044054985007380934,0.024966059470968274,0.9744747106878283
31.933333333333334,7.63955985036791e-06,2.6600130829085612e-05,1.964125475067411e-05,0.00018739216429287185,0.0018338766675525197,0.9979248502227244
31.966666666666665,4.518291746457447e-06,2.99049466192627e-05,2.1655950587160593e-05,0.00011272235352404872,0.0005299057384430278,0.9993012927190801
32.0,7.91404147881733e-06,3.5279155444477764e-05,3.550863906446389e-05,0.0001848275996785574,0.0007268247526486749,0.9990096458116849
32.03333333333333,6.349602222745436e-06,2.8305209724565847e-05,2.6676535761246514e-05,0.0001403718103096924,0.0002105290256942761,0.9995877678162874
32.06666666666666,5.755382897283891e-06,2.8377628832219565e-05,2.3721668840991755e-05,0.00016912335236687434,9.274990047661516e-05,0.9996802720665859
32.1,5.5943034200685225e-06,2.490373259221943e-05,2.573828345640279e-05,0.0002903237691121632,0.00010840352733428366,0.999545036384085
32.13333333333333,7.510435020274219e-06,4.2716344241227194e-05,3.74308774306691e-05,0.0003818293265844088,1.4052115357224832e-05,0.9995164609013661
32.166666666666664,8.239150340469151e-06,4.319736874258016e-05,3.611725079539661e-05,0.0003436558031858801,1.3558960125975894e-05,0.9995552314668097
32.2,8.263614844464814e-06,6.206674616403704e-05,5.675565307227087e-05,0.00044844757483445536,2.13119999526304e-05,0.9994031544111323
32.233333333333334,5.853066630558134e-06,5.4927780085805716e-05,4.501100908907858e-05,0.00028179650820987735,1.59925875185323e-05,0.9995964190484661
32.266666666666666,1.7460612355304283e-05,4.491284415684885e-05,2.8078157125891302e-05,0.00018626802353494972,1.3201803267371756e-05,0.9997100785595596
32.3,6.565219113387404e-06,4.185948679820264e-05,2.6696915433077466e-05,0.00010437037010286988,1.4395022379505813e-05,0.9998061129861731
32.333333333333336,6.058376163362871e-06,4.22404316690622e-05,1.9981710701611356e-05,3.889105402302683e-05,1.2440600196031963e-05,0.999880387827247
32.36666666666667,1.8969630725883568e-06,2.4526501168663226e-05,8.882791399024236e-06,5.712287369733879e-06,1.9617517103720926e-05,0.9999393639398864
32.4,2.5032879176906285e-05,3.038090654415789e-05,1.392748895111992e-05,7.155677418308222e-06,5.3382469503558886e-05,0.999870120578406
32.43333333333333,0.0022841447823850644,0.00026079037045631813,0.00017566894957914847,0.00018766289998816055,6.0668918565890386e-05,0.9970310640790253
32.46666666666667,0.29017223129756514,0.00046504281905022503,0.0004197212602124518,0.0010075914089145252,0.00010649232510725974,0.7078289208891504
32.5,0.9704819724711405,0.00012665087808634565,0.00011860665158575087,0.0003547130699148205,4.196725804792612e-05,0.028876089671224625
32.53333333333333,0.9983786364084132,4.292920440352157e-05,4.759503548863514e-05,0.00015651432494161554,1.9524776050834927e-05,0.001354800250702368
32.56666666666666,0.9995285566189316,2.592482132559783e-05,2.9805210821678176e-05,9.676586496983512e-05,1.0611933830319977e-05,0.00030833555012106044
32.6,0.9993200498026475,4.541989097970756e-05,3.2653316350343925e-05,0.00018299065514848736,1.306187156397408e-05,0.0004058244633099151
32.63333333333333,0.9988091618409475,6.45783755552691e-05,3.3221118711856804e-05,0.00017735294427113408,1.762947117404522e-05,0.0008980562493401668
32.666666666666664,0.9988172633955399,6.832344039757281e-05,3.60916626620062e-05,0.00018927436802316288,2.0872891030668813e-05,0.0008681742423468578
32.7,0.9996646149323974,1.7865637827591046e-05,2.6011807594582726e-05,7.344864401397386e-05,8.09980537177885e-06,0.00020995917279453293
32.733333333333334,0.9997962443656468,1.1288283661537125e-05,1.9111275690733636e-05,4.7525920957650646e-05,5.52606433067374e-06,0.0001203040897125776
32.766666666666666,0.9998944813411886,6.385081045275677e-06,1.1502360946976112e-05,2.74298209766132e-05,3.2884796824166717e-06,5.691291616002307e-05
32.8,0.9999212202578346,6.440276552438036e-06,1.1027685395524222e-05,3.105473303468314e-05,3.1527718121902753e-06,2.710427537073438e-05
32.833333333333336,0.999920738386745,6.620295093504356e-06,1.1172955608805371e-05,3.167186779238921e-05,3.1943039938908496e-06,2.6602190766510905e-05
32.86666666666667,0.9999200133891631,4.527094774024674e-06,6.776163702281692e-06,2.1657878560006707e-05,2.1843311684970122e-06,4.484114263189229e-05
32.9,0.9999257749554351,4.385765322533203e-06,6.030670230343979e-06,2.0981750435869063e-05,2.1161394602759463e-06,4.071071911598728e-05
32.93333333333333,0.9999526063636559,3.4028594281290097e-06,3.9144040014383545e-06,1.4606949719567638e-05,1.5526713676806301e-06,2.3916751827197164e-05
32.96666666666667,0.9999465138447657,3.1112252982258135e-06,3.6320430265823023e-06,1.422066815372402e-05,1.5116108903966695e-06,3.101060786531083e-05
33.0,0.9999474411503567,3.03044887697024e-06,3.999094604415905e-06,1.3851458414404897e-05,1.4723650928882655e-06,3.020548265443383e-05
33.03333333333333,0.9999144760901445,6.110079248861386e-06,6.8070921474229405e-06,2.344649881205481e-05,1.316751861487267e-06,4.784348778563118e-05
33.06666666666666,0.9999022707899768,8.469584333750496e-06,1.1372093229390337e-05,3.5184162568638924e-05,1.7024079785229026e-06,4.10009619130106e-05
33.1,0.9999165405661764,5.936535787102e-06,8.20426051181025e-06,2.6826430305601756e-05,1.4640690293120246e-06,4.102813818995567e-05
33.13333333333333,0.9999319850576445,4.229090387921016e-06,6.051461486177758e-06,2.276324366787531e-05,1.1352714089493145e-06,3.383587540468227e-05
33.166666666666664,0.9999563009282796,3.236151650042798e-06,4.473065948643934e-06,1.4496717017805579e-05,7.816584979252533e-07,2.0711478606026005e-05
33.2,0.9999678139443022,2.5269006753271084e-06,3.492726728755616e-06,9.759928829949265e-06,6.103463619377595e-07,1.5796153101673564e-05
33.233333333333334,0.9999569643381315,3.450185129199112e-06,4.325422759035388e-06,1.2303209595008813e-05,9.48803026875918e-07,2.200804135822958e-05
33.266666666666666,0.9999597363323957,2.793932755788053e-06,3.7277343019932365e-06,1.0340681404909398e-05,8.176970867719598e-07,2.258362205490617e-05
33.3,0.9999476009458458,3.3156742844846906e-06,3.667204799206178e-06,1.423270299077873e-05,7.723482962656441e-07,3.0411123783501218e-05
33.333333333333336,0.9999401470418848,3.6689203287973534e-06,3.459489891093487e-06,1.5177473425919461e-05,9.42803678399643e-07,3.660427079098806e-05
33.36666666666667,0.9998744438540117,7.585803219837455e-06,7.81454788765102e-06,3.0328859494356514e-05,1.8990017620162823e-06,7.792793362450784e-05
33.4,0.9999296384206966,7.403736923610225e-06,6.721894604177216e-06,3.0279830132197682e-05,1.7361403350965434e-06,2.4219977308177697e-05
33.43333333333333,0.9999415177953049,6.901877606767862e-06,6.128578113591552e-06,2.55482634768761e-05,1.7114509730883222e-06,1.8192034524523453e-05
33.46666666666667,0.9999615267511582,3.922825215370038e-06,3.75228506475231e-06,1.7296191083343855e-05,1.1859282066501052e-06,1.2316019271358328e-05
33.5,0.9999862685584519,1.572451730779363e-06,1.299199860875434e-06,6.425821746872823e-06,4.3070694347115064e-07,4.0032612660555266e-06
33.53333333333333,0.9999756371321672,2.8190540858021983e-06,2.6344136463978055e-06,1.0503542644357333e-05,8.16528446109414e-07,7.589329010112107e-06
33.56666666666666,0.9999760794236194,2.7801179312658957e-06,3.1918355057058343e-06,9.819353672812696e-06,6.055176059960546e-07,7.523751664639713e-06
33.6,0.9999763219591074,2.702882579487459e-06,3.3546470496472826e-06,9.528875158170671e-06,5.678826158208133e-07,7.523753489460145e-06
33.63333333333333,0.9999664059941541,3.656692203728164e-06,4.5384552794857445e-06,1.2420923834450569e-05,7.682804830902061e-07,1.220965404545589e-05
33.666666666666664,0.9999661957307497,3.816045860730903e-06,4.538454325182628e-06,1.2420921222697099e-05,8.19196363661294e-07,1.2209651478126218e-05
33.7,0.9999752336356884,2.8001471122909294e-06,3.4092943152849562e-06,1.0063324857496408e-05,6.055170938443205e-07,7.888080932950544e-06
33.733333333333334,0.9999660658150562,3.788282869971838e-06,4.2917454169365545e-06,1.2891478124859853e-05,7.530286402207278e-07,1.2209649891847255e-05
33.766666666666666,0.9999773421454567,2.222303329368682e-06,1.4331304162778098e-06,9.528884879629219e-06,4.4863224824554904e-07,9.024903669939294e-06
33.8,0.9999809613472257,2.0955128516650088e-06,1.2839229228455022e-06,8.985227382515755e-06,4.230361487767672e-07,6.250953468333069e-06
