t,p_REST,p_REACH,p_GRASP,p_HOLD,p_RELEASE,p_RETRACT
0.0,0.9999036199770758,7.986426262098941e-05,3.000469164403003e-06,1.131223537390519e-05,3.282682274246819e-07,1.8747875374951696e-06
0.03333333333333333,0.9999194622465926,6.463801830210171e-05,3.5130218940374923e-06,1.042213243602892e-05,2.7942975784384506e-07,1.6851510177077694e-06
0.06666666666666667,0.9999211078501699,6.332813439823779e-05,3.210834666424208e-06,1.042806871845017e-05,2.669971108976848e-07,1.658114936235634e-06
0.1,0.9999074054325995,7.753338028743691e-05,3.5174929645872442e-06,9.777986080746447e-06,2.735105973854033e-07,1.4921974704782092e-06
0.13333333333333333,0.9999196446456393,6.888827320224957e-05,3.760429627981989e-06,6.348041914596807e-06,2.0745387555686865e-07,1.151155740408673e-06
0.16666666666666666,0.9999482670217983,4.673360710044219e-05,1.52191202121367e-06,2.9744304893327495e-06,8.342179620234322e-08,4.1960679458185303e-07
0.2,0.9999499391677862,4.417961097189131e-05,1.4060015324457196e-06,3.961551360745338e-06,8.132005567368669e-08,4.3234829309965653e-07
0.23333333333333334,0.9999560363473955,3.791895716973598e-05,1.376345068900018e-06,4.063970385421342e-06,8.342244436697131e-08,5.2095753634694e-07
0.26666666666666666,0.999965126050497,2.9550291410943167e-05,1.2371772840263577e-06,3.487774739072478e-06,7.774379703244555e-08,5.209622719044663e-07
0.3,0.9999086162491037,8.113912154887067e-05,3.3178536060114532e-06,5.468885671881681e-06,2.0745158748940768e-07,1.2504384823178347e-06
0.3333333333333333,0.9998855354949319,0.00010101735035980317,4.825996963301148e-06,6.994317291891397e-06,2.6531588200274903e-07,1.361524571310323e-06
0.36666666666666664,0.9998754593138063,0.00010998033381807342,5.2541940086370635e-06,7.614903260201073e-06,2.88856608948536e-07,1.4023984978197372e-06
0.4,0.9999496505136479,4.443084532529246e-05,2.236675921684199e-06,3.1011474257798385e-06,1.2074566287924302e-07,4.600720162937945e-07
0.43333333333333335,0.9999491510634233,4.434308979751795e-05,2.2798549662743636e-06,3.6239504550409666e-06,1.2979772462975826e-07,4.722436331872968e-07
0.4666666666666667,0.9998878980985554,9.759503084145442e-05,5.2172428588028805e-06,7.975979076844183e-06,2.7428419959674056e-07,1.0393644681966764e-06
0.5,0.9998873799427196,9.757571492092103e-05,5.070639476435261e-06,8.319887387069556e-06,2.551762168636187e-07,1.3986392790436293e-06
0.5333333333333333,0.9998844106555269,0.00010154222763652782,3.5191350885463334e-06,8.658299324554706e-06,2.3798012144468015e-07,1.6317023022112187e-06
0.5666666666666667,0.9998794315697288,0.00010680033045915758,2.8161115904404973e-06,9.453463293042457e-06,2.3711141810507202e-07,1.2614135106528822e-06
0.6,0.9999189287426671,7.20932234630085e-05,2.932793887843924e-06,5.224766947315999e-06,1.6005686852829451e-07,6.604161663590768e-07
0.6333333333333333,0.9998584159604978,0.00012705893784436504,3.531080782361127e-06,9.646679498567985e-06,2.822633201285728e-07,1.0650780567263962e-06
0.6666666666666666,0.9997862649607151,0.0001995926359720431,3.7944234006209618e-06,8.528455507414794e-06,4.504837088453609e-07,1.369040696007089e-06
0.7,0.9995838876635199,0.0003965835692721851,5.196528456660653e-06,1.188560612152767e-05,5.857173354101279e-07,1.860915294145881e-06
0.7333333333333333,0.9998234857263717,0.0001693048939177032,1.964466553843349e-06,4.478137635934202e-06,2.447804290308115e-07,5.219950917499782e-07
0.7666666666666666,0.9996317606010302,0.00035567045516515577,3.4428019980499145e-06,7.783363986230694e-06,4.604833576891071e-07,8.82294462826875e-07
0.8,0.9995114012332116,0.0004724562778508843,7.310103776258068e-06,7.348855487068081e-06,5.767322342854166e-07,9.067974401474758e-07
0.8333333333333334,0.9909283170561446,0.008827630340139496,0.00013467270745173927,5.799490424055682e-05,3.7975047493169114e-05,1.3409944530323046e-05
0.8666666666666667,0.8356446327111823,0.16354234076647672,0.0003778147862276323,0.0002703756631928326,0.00011830516330906394,4.653090961141016e-05
0.9,0.1410954525113336,0.8534599809309749,0.003228326507099931,0.0006743148685358866,0.0012615246938055516,0.000280400488250169
0.9333333333333333,0.004172396601888959,0.9792229957336418,0.013613634600986397,0.0010281117171784084,0.001619330699547426,0.0003435306467569003
0.9666666666666667,0.00472551253112328,0.9781661142082588,0.01274658580197946,0.0026940922115886606,0.0012680542759080527,0.00039964097114167217
1.0,0.0004813442726217101,0.9909812737782211,0.00546683865033709,0.0016935968441202838,0.0011348306438313655,0.00024211581086877165
1.0333333333333332,0.00012073413495738881,0.996787712133835,0.0016037897946250181,0.0005468142175916237,0.0008492469691464399,9.170274984465024e-05
1.0666666666666667,4.052695224700888e-05,0.998118505768322,0.001281417584056938,0.0001896689811157314,0.0003306775229918481,3.920319126638556e-05
1.1,3.515170411475096e-05,0.9984352177774022,0.0011250678896009311,0.00023088515303689913,0.0001303663574878817,4.331111835718421e-05
1.1333333333333333,7.1431653324948e-06,0.9991698657525084,0.0006203463831910686,0.00011750138639920804,7.072994720341628e-05,1.4413365365690641e-05
1.1666666666666667,2.9355681173220277e-06,0.9997869510766196,0.0001318375985387398,4.8886780107722993e-05,2.0876957323779512e-05,8.512019292712526e-06
1.2,2.269819610156324e-06,0.9998590337891431,0.00010243266193505015,7.748813942263537e-06,2.1613912815486316e-05,6.90100255390207e-06
1.2333333333333334,2.2485358395252246e-06,0.999876209173358,8.525649105063005e-05,6.383111007593385e-06,2.3506682338903724e-05,6.396006405252599e-06
1.2666666666666666,2.1785724338045894e-06,0.9998648091200169,8.721371413815815e-05,7.220653473824054e-06,3.237608049922223e-05,6.2018594378348865e-06
1.3,2.2993149392247172e-06,0.9998619490211207,8.912118612921742e-05,9.962455172866304e-06,2.3289632837592086e-05,1.3378389800393301e-05
1.3333333333333333,2.595980929834491e-06,0.9997764585384072,0.00015603951294210759,9.980550654591196e-06,3.131347637248547e-05,2.361194069338893e-05
1.3666666666666667,2.7374273289779252e-06,0.9997878629597651,0.00013946345670593223,1.161133240302225e-05,3.0301682349649108e-05,2.802314144753465e-05
1.4,2.0232367117377456e-06,0.9997036571506698,0.00022145753897679073,1.4145945495778719e-05,3.0145520248756693e-05,2.857060789700294e-05
1.4333333333333333,2.02316098441466e-06,0.9996662394420075,0.00025920706074004723,1.3403111283302074e-05,3.0144391938095756e-05,2.898283304679103e-05
1.4666666666666666,2.894964467064578e-06,0.9991606388266411,0.0007167664317468965,2.1214582190766425e-05,4.3133959291580133e-05,5.535123566258385e-05
1.5,2.283005418277959e-06,0.9992470924130235,0.0006029841584025412,9.069053549306425e-05,1.7889640015089643e-05,3.90602476475378e-05
1.5333333333333332,2.3762877335051106e-06,0.9991764098152314,0.0006548204836638001,0.00010688084322904787,1.4075232733895637e-05,4.5437337408298504e-05
1.5666666666666667,1.8653500588220805e-06,0.9993260273054438,0.0005280343607784536,9.196707481967515e-05,1.6438283799819776e-05,3.566762509953681e-05
1.6,2.044399880118892e-06,0.9993514819864903,0.0004951390878341682,9.525137894533858e-05,2.631296879952012e-05,2.97701780505328e-05
1.6333333333333333,1.4610915234701816e-06,0.999177466042995,0.0006943194844723255,7.371758211790141e-05,3.25957164238576e-05,2.0440082467394412e-05
1.6666666666666667,1.4181586067315938e-06,0.9989231532095941,0.0009359274121599682,7.487897594477062e-05,4.9325493874158244e-05,1.5296749820135527e-05
1.7,1.4101155977325749e-06,0.9991075514298765,0.0006484536905222841,7.691632106451691e-05,0.00014877061722705584,1.689782571181236e-05
1.7333333333333334,1.5662281257449905e-06,0.9985958057192652,0.0006465490731873088,0.000167777711541552,0.000569532700298988,1.8768567581504457e-05
1.7666666666666666,2.925946392473504e-06,0.9978647574029709,0.000847913637094805,0.00031839120461210266,0.0009351931469444768,3.081866198547128e-05
1.8,3.1653633422891885e-06,0.9981661075538377,0.0007308529600560176,0.00036525416825791945,0.0007090674305090421,2.555252399701049e-05
1.8333333333333333,6.407010855287787e-06,0.9957612545917458,0.001867400951561883,0.001130662538403296,0.0011861717787207632,4.810312871300607e-05
1.8666666666666667,6.134322663975584e-06,0.9959471705456471,0.001866935839393597,0.0011709673404596622,0.0009398488096525705,6.894314218305635e-05
1.9,8.656030592820091e-06,0.995478896387141,0.00245412218932505,0.0011664392055959656,0.0007918029655124367,0.00010008322183270917
1.9333333333333333,3.9310509183821715e-06,0.9975429013337076,0.0013701332247652966,0.0007272536802412478,0.0003066212167846275,4.9159493582792464e-05
1.9666666666666666,5.5564053266232146e-06,0.9976969445390479,0.0013801622889026614,0.0005862857018384516,0.0002604337054582792,7.061735942605828e-05
2.0,4.3890778019750995e-06,0.9982379592482693,0.0010654422271432805,0.00043954728928202047,0.00020572001650709832,4.694214099644095e-05
2.033333333333333,4.8021763484560854e-06,0.9983260858275362,0.0013379901801037263,0.00022510974338795506,6.499793803623773e-05,4.1014134587342245e-05
2.0666666666666664,7.381690396830476e-06,0.9970966856198256,0.0023647679077435074,0.00038045989317695995,0.000108810665748804,4.189422310843765e-05
2.1,1.3633692239873144e-05,0.9911704956970294,0.007638630915899386,0.0008505522213504008,0.000253752228929015,7.293524455160677e-05
2.1333333333333333,1.6909577702575888e-05,0.9906002761050208,0.008532542072670023,0.00042918766963913297,0.00030772853235627886,0.00011335604261129025
2.1666666666666665,3.0180628291102656e-05,0.9819147596672867,0.01664638499016679,0.0005263868880670559,0.0005314966944965303,0.0003507911316918293
2.2,6.29599541988623e-05,0.9776187248052602,0.01779105909321606,0.0007619103777177366,0.000503469358904258,0.003261876410703107
2.2333333333333334,0.00018076182701360008,0.8435621760179459,0.1370344462393386,0.00864537608741972,0.0008712627214382512,0.00970597710684411
2.2666666666666666,0.000411432146212281,0.42696935960324545,0.525024158029481,0.0386759462656244,0.0019034100833557929,0.007015693872081038
2.3,0.000213644956091706,0.012489217669739686,0.9758315597809076,0.009159513467048378,0.000584656784478655,0.0017214073417339474
2.3333333333333335,8.068072110872223e-05,0.0037872886801957784,0.9880121124807166,0.00778029961268638,9.198069808559654e-05,0.0002476378072067458
2.3666666666666667,5.101378137511776e-05,0.002529576909369327,0.9924268434782675,0.004723780306387103,0.00012405669044329406,0.00014472883415760578
2.4,4.2548264227356445e-05,0.003262975338499405,0.9936872739237407,0.002577886843555412,0.00021676047064635737,0.00021255515933090458
2.433333333333333,3.956300748399633e-05,0.0037411488302751894,0.9937176642873832,0.0020337538597548564,0.0002514161092307967,0.00021645390587209435
2.466666666666667,3.8581938637432965e-05,0.002819105077334891,0.99551768705521,0.0010439606987663764,0.00040362002359303653,0.0001770452064582555
2.5,2.651022222993638e-05,0.0024812565271737632,0.9965235457140055,0.0007641321249602653,0.0001398053224938432,6.475008913690416e-05
2.533333333333333,4.607501306563156e-05,0.0027715019450970163,0.9940270743597744,0.002456770159671383,0.0004584436250069174,0.00024013489738472494
2.5666666666666664,5.45438388619782e-05,0.0031039002214927826,0.989812241056892,0.006213561236092781,0.000544151612431252,0.0002716020342289948
2.6,5.265536235829251e-05,0.003087448074942483,0.9897499969720617,0.006139884835514201,0.000599576438113875,0.0003704383170091644
2.6333333333333333,0.00018996463754834182,0.009052663770577318,0.9634818175544109,0.02300040281485142,0.002998236357278897,0.0012769148653331763
2.6666666666666665,0.00017233465024670049,0.011950841412421571,0.9699911243242687,0.013115326206273283,0.003375831886437859,0.001394541520351745
2.7,0.00019359072647592122,0.01600664459788254,0.9633996959607176,0.014431337539991566,0.004599279506591307,0.0013694516683410724
2.7333333333333334,0.0002066989304857436,0.024265131179001823,0.9498458437537347,0.019611868977759954,0.004514278775090157,0.0015561783839277428
2.7666666666666666,0.00015432725051238251,0.017401764156278865,0.96726019407294,0.0122591446640963,0.0019274056115026808,0.0009971642446700577
2.8,0.00011039583444757925,0.014666160241843272,0.9746125801353653,0.008261984915557971,0.0016244122892061373,0.0007244665835795391
2.8333333333333335,7.248326645582502e-05,0.011562923789877343,0.9818681952916412,0.005213013124292023,0.0008970010856742137,0.00038638344205962606
2.8666666666666667,5.5776337062547174e-05,0.02024143165282465,0.9764826697768006,0.002242272376783978,0.00064705834665791,0.00033079150987047574
2.9,4.608668936853688e-05,0.02650441627748955,0.9712457411408283,0.0015248551079777134,0.00046369944316773155,0.00021520134116814898
2.933333333333333,5.878155955937954e-05,0.026169049614229133,0.9718954443256526,0.0011931191626153549,0.00046400962934643584,0.00021959570859700854
2.966666666666667,4.3027009241407884e-05,0.02072156155803702,0.9779994721666928,0.0005483844499372545,0.0005014490293942141,0.00018610578669756196
3.0,4.697326825102796e-05,0.02262920195970818,0.9760553423786567,0.0004944716245379081,0.0005528235827418661,0.00022118718610412017
3.033333333333333,3.64793635209494e-05,0.009623621256899128,0.9895468728024737,0.00019548878541937056,0.000399416458310996,0.00019812133337575826
3.0666666666666664,4.176000983376268e-05,0.010608885845326132,0.9882345456397873,0.0003773697555654894,0.0005013121552233867,0.00023612659426390948
3.1,3.629793635041849e-05,0.005190219797170355,0.993905151489153,0.00017657959277685948,0.00046091341589730924,0.00023083776865203253
3.1333333333333333,3.968190849690216e-05,0.005506032976812475,0.9933030348826029,0.0004151260841243006,0.0005038833011899522,0.00023224084677351205
3.1666666666666665,3.651066232506431e-05,0.0035613567156749554,0.9956630194293438,0.00022629846950586764,0.0003637323700108989,0.00014908235313929944
3.2,3.595592454409915e-05,0.002213617369127084,0.9971685095555648,0.00024181520657589833,0.00020301795243738636,0.00013708399175067676
3.2333333333333334,3.166470525575078e-05,0.002008931375475009,0.9977145294886757,6.926896723880567e-05,9.577850407701195e-05,7.982695927774231e-05
3.2666666666666666,1.3004481306641718e-05,0.0015048155128094694,0.9983448413839441,3.7553636572866804e-05,5.282826511330505e-05,4.6956720253498684e-05
3.3,1.0794852150198153e-05,0.0014006966717823907,0.9984766699752274,3.879516588287874e-05,3.648512959147698e-05,3.655820536561298e-05
3.3333333333333335,7.28331929417295e-06,0.000950327390754775,0.9989627493184647,2.8146299189732327e-05,2.355412085243363e-05,2.7939551444256064e-05
3.3666666666666667,7.392356070905397e-06,0.0005762504278309952,0.99930749593683,7.668201829794856e-05,2.3376789808777615e-05,8.802471161404198e-06
3.4,5.351379761026986e-06,0.00038573366931123185,0.9995294715949927,5.331046824732132e-05,2.0124943921968982e-05,6.007943765643164e-06
3.433333333333333,1.2193518889755084e-05,0.0002631326958078667,0.9996704302669157,3.208040292958997e-05,1.4064772841149836e-05,8.098342615926132e-06
3.466666666666667,4.933580816974078e-06,0.00011694277162867538,0.9998133328737699,5.357234226401332e-05,7.0386111631180635e-06,4.17982035723833e-06
3.5,5.1177880584930986e-06,0.0001180992071566485,0.999821381995076,4.522596955060826e-05,6.002113146375594e-06,4.172927011819681e-06
3.533333333333333,6.494996887970711e-06,0.0002781886704574362,0.9996470855056376,4.237308701510707e-05,2.286840717139009e-05,2.9893328303594094e-06
3.5666666666666664,4.731504599737492e-06,0.0006240782585207464,0.9992924079186941,5.5577996515433356e-05,2.200832692982128e-05,1.1959947402180526e-06
3.6,4.998476502219195e-06,0.0009153454124854283,0.9989749387186992,6.838909612349167e-05,3.508950193292127e-05,1.2387942566298751e-06
3.6333333333333333,7.615630381267784e-06,0.0010148295082450587,0.9987860681561562,0.00013064180028994363,5.797543548622234e-05,2.869469441407179e-06
3.6666666666666665,7.751538075948499e-06,5.996280992773422e-05,0.9997058489119307,0.00015442368748457878,6.896308155834346e-05,3.0499710226038033e-06
3.6999999999999997,6.7411920741851756e-06,4.768361247755311e-05,0.999591870578024,0.00025938495555698427,9.177961604062489e-05,2.540045826663441e-06
3.7333333333333334,6.533830510903134e-06,6.244439939578615e-05,0.9991417499594398,0.0007378195519881486,4.765230101616925e-05,3.799957649177297e-06
3.7666666666666666,1.508142649006891e-05,0.00014413453450201033,0.9978584985623308,0.001918737614256835,5.570430688518092e-05,7.843555535199542e-06
3.8,1.8461494368807608e-05,0.0001964846136907366,0.9957665038787338,0.0039796958226696565,2.81618329792846e-05,1.0692357557612455e-05
3.8333333333333335,2.997429823237749e-05,0.00028948285860870923,0.9849520529761225,0.01466885915280609,3.789077654792422e-05,2.1739937682404907e-05
3.8666666666666667,3.098736889152643e-05,0.00034741127057375405,0.9526089281572077,0.04689890488774714,9.312823642693602e-05,2.0640079152880243e-05
3.9,6.516970360909915e-05,0.0009405457511490598,0.8210667236289481,0.17777495668414528,0.00010553639976052567,4.706783238803227e-05
3.933333333333333,4.40858845290653e-05,0.0017569934322796033,0.26540420035132445,0.7324473424551625,0.0002896187018299566,5.775917487420243e-05
3.966666666666667,3.1037234166710505e-05,0.0015216718654246734,0.07832874056005121,0.9198424932261076,0.00020063522434205416,7.542188990778271e-05
4.0,1.721623648547801e-05,0.0013107184407382029,0.03956580200271124,0.9589324741537752,0.0001366177949870919,3.7171371302746105e-05
4.033333333333333,2.2368323408129775e-05,0.0015376371015495482,0.06643118272493864,0.931791382497575,0.00016320543814719616,5.422391438158241e-05
4.066666666666666,9.361913041536417e-06,0.0005632433011256823,0.024750976482781687,0.9745642071759767,9.00708303199515e-05,2.2140296754319158e-05
4.1,1.0448135304058035e-05,0.00048530517770615025,0.026199480521878604,0.9731758674882237,9.683703990804714e-05,3.206163697943786e-05
4.133333333333333,7.648489608500632e-06,0.0004250566747981359,0.01720315023681453,0.9822682047895226,6.785054252048231e-05,2.808926673567708e-05
4.166666666666667,5.617696331994969e-06,0.00012191002749023913,0.009710549619260747,0.990081655212813,6.207150415299252e-05,1.8195939950940078e-05
4.2,1.80471381563906e-06,1.9986190693841832e-05,0.0023688157996666096,0.9975800289100815,2.3618357346860378e-05,5.746028395772331e-06
4.233333333333333,1.8815348392360503e-06,2.083694033270467e-05,0.0028915325702538563,0.9970524395956589,2.6989124231572758e-05,6.3202346837394816e-06
4.266666666666667,1.927510925817538e-06,2.0824756622523535e-05,0.003477562284772562,0.9964694462307281,2.388314344111505e-05,6.356073510006223e-06
4.3,1.153784033132065e-06,1.191489465456927e-05,0.003433943341460236,0.9965364853457854,1.2756745410512025e-05,3.7458886560563293e-06
4.333333333333333,1.0109728526545916e-06,8.51818694759733e-06,0.002739638160081447,0.9972333750819609,1.4442647863855821e-05,3.0149502938356708e-06
4.366666666666666,9.480487832902862e-07,5.262527432328039e-06,0.0024180602844445444,0.9975600466154242,1.2445178073207349e-05,3.2373458423348994e-06
4.4,1.011295592182605e-06,5.3372030984939205e-06,0.0024236967193313062,0.9975517284659788,1.4873661115137664e-05,3.352654884128599e-06
4.433333333333334,9.60251071635477e-07,5.119239224905456e-06,0.0019046751315589985,0.998069508397563,1.6747200395421134e-05,2.98978018600013e-06
4.466666666666667,1.0578516363538444e-06,5.0477069795429566e-06,0.001878060690846071,0.9980963725590878,1.6513188114457194e-05,2.9480033358766917e-06
4.5,1.0579181201981032e-06,5.048024217757805e-06,0.0018180488378736863,0.9981591009053965,1.3796125779890575e-05,2.948188611947476e-06
4.533333333333333,9.465430314650353e-07,4.7504834432834704e-06,0.0014839306279549568,0.9984897036791467,1.7476140545837226e-05,3.1925258777729083e-06
4.566666666666666,9.469751504358305e-07,4.507339140147797e-06,0.001028330066158685,0.9989455375173988,1.7484118811605503e-05,3.1939833402977816e-06
4.6,9.469748932270678e-07,4.867124129406704e-06,0.0010283297868530412,0.9989452661929131,1.7395938738308128e-05,3.1939824727771267e-06
4.633333333333333,9.605896097958119e-07,5.205801870531718e-06,0.0008489492743743644,0.999121109719012,2.0291467382785302e-05,3.483147750530131e-06
4.666666666666667,9.184185412617116e-07,8.230019426363513e-06,0.0008050665463544571,0.9991638702113022,1.6984028326443627e-05,4.930776049410967e-06
4.7,1.0611287297795738e-06,8.71530290868793e-06,0.000635409379394204,0.9993380352151484,1.4094010749761071e-05,2.6849630693407917e-06
4.733333333333333,1.0468260229936946e-06,1.1155749959906569e-05,0.000106182530419024,0.9998660730938547,1.3904040864361107e-05,1.6377588790751344e-06
4.766666666666667,7.293979938666326e-07,9.504164415087338e-06,0.00010203142051881762,0.99987921637138,6.916984690484187e-06,1.601661001690006e-06
4.8,1.7249129115778363e-06,1.2332092854864993e-05,0.00022856662955861507,0.9997395915123516,1.1618187864501903e-05,6.1666644587377625e-06
4.833333333333333,3.1181932951394195e-06,1.7200523281355026e-05,0.00021526111411993072,0.9997402541926281,1.6204784800309482e-05,7.96119187502028e-06
4.866666666666666,4.54889939478376e-06,2.7204573530972205e-05,0.00032874740882386913,0.9996044447705817,2.363995070018038e-05,1.141439696854608e-05
4.9,1.988520549067439e-06,1.1719955439531432e-05,0.00013457072930273293,0.9998351174643456,9.658614043895313e-06,6.944716319056687e-06
4.933333333333334,2.290550284585464e-06,1.3898514909459991e-05,0.00016482101415566075,0.999802619679998,9.74757846939486e-06,6.622662183043192e-06
4.966666666666667,3.3491380659837205e-06,1.9675711458670193e-05,0.00021618094624594855,0.9997387271465529,1.2072285891468127e-05,9.994771785042758e-06
5.0,4.1286452035307436e-06,2.056298827271709e-05,0.00024951105520509376,0.9996932720468937,1.5313436182942715e-05,1.721182824195731e-05
5.033333333333333,4.128758932116797e-06,2.170668307429236e-05,0.00020063310770949668,0.9997208098218084,3.160719402473374e-05,2.1114434450832733e-05
5.066666666666666,3.6944589196807838e-06,1.942337884556211e-05,0.00016980128882716596,0.9997361201625967,3.445397626221847e-05,3.650673454869513e-05
5.1,3.6337394035784396e-06,3.356871544442644e-05,0.00020585424827098406,0.999620047427748,0.00011314818453109853,2.3747684601992397e-05
5.133333333333333,2.7350726503058403e-06,6.665678281843327e-05,0.00016488445194016695,0.9996257754654563,0.00011157960874793041,2.836861838677372e-05
5.166666666666667,2.1604246169425393e-06,6.200826929804776e-05,0.0001148965822286928,0.9997019320594753,9.98542176469488e-05,1.9148446734261387e-05
5.2,3.305578501362343e-06,8.394035899224066e-05,0.00019993244360842603,0.9995247689912663,0.0001573266223941006,3.0726005237349776e-05
5.233333333333333,3.2785718153078306e-06,9.72865400830896e-05,0.00030310477645801963,0.9993880830086099,0.000178364623265548,2.988247976822946e-05
5.266666666666667,2.2560841138365295e-06,4.569336766090803e-05,0.00013802558084844595,0.9996637217410973,0.0001228883849990662,2.7414841280292136e-05
5.3,1.262933554663199e-06,2.984614723203131e-05,6.279362109090542e-05,0.9998438453512528,5.029582240369692e-05,1.1956124465887275e-05
5.333333333333333,1.9261416606228974e-06,1.4421644414676148e-05,0.00011537004239241979,0.9996656446279,0.00018661548596826677,1.602205766409725e-05
5.366666666666666,1.8731609866469748e-06,1.8331979863540487e-05,0.00014453797663118258,0.9997841452040892,1.535794573510684e-05,3.575373269444153e-05
5.4,4.674286514244043e-06,6.217215458467801e-05,0.00043700244612020764,0.9993604567196432,1.8511179740677206e-05,0.00011718321339708186
5.433333333333334,6.723363283175818e-06,7.134367340073562e-05,0.00026429841632278066,0.9995943462589076,1.916875601902571e-05,4.411953206664744e-05
5.466666666666667,9.233178228875085e-06,7.074282723886136e-05,0.000544429221825096,0.9993052733883372,4.7827760570565446e-05,2.249362379946744e-05
5.5,6.948294403949766e-06,6.875210645746583e-05,0.0005492207385549743,0.9992753535684524,9.126646924533291e-05,8.458822885881342e-06
5.533333333333333,9.583369156942739e-06,7.045551571159803e-05,0.00043095512949273263,0.9993515884947726,0.00013337359645792607,4.043894408208851e-06
5.566666666666666,5.820779147639382e-06,3.4168851576539525e-05,0.0004501697921683248,0.9993975894790081,0.00010976664384231166,2.4844542570989094e-06
5.6,1.0666163490301398e-05,9.291762960178514e-05,0.000828547657323122,0.9986808091242543,0.00038257357637307447,4.485848957340845e-06
5.633333333333333,5.096225759415519e-06,5.907273552289253e-05,0.0003052121003887228,0.998859189010969,0.0007692866169720623,2.1433103880354706e-06
5.666666666666667,2.3267585430956265e-05,0.0005405156324247342,0.0010677636524754068,0.9833127632523762,0.015045904271255602,9.785606037278623e-06
5.7,1.2124767711547248e-05,0.00015048625797932534,0.0003589202507236992,0.10451231972005177,0.8949597611235697,6.387879964114219e-06
5.733333333333333,7.307810492569578e-06,5.193931199832002e-05,0.0001298899842818528,0.0006706483041712085,0.9991366231011918,3.5914878642738558e-06
5.766666666666667,6.005742301577013e-06,8.38125076624787e-05,0.00010226264250019282,0.0001807228537743192,0.999622374714099,4.821539662606575e-06
5.8,1.866574688504355e-06,3.726532400773943e-05,2.9669022444530924e-05,0.00010558374651722576,0.9998240478800023,1.5674523395334394e-06
5.833333333333333,1.1994052743446384e-06,2.3757661837969557e-05,2.2302382387136967e-05,7.066090332196483e-05,0.9998809602627694,1.119384409142002e-06
5.866666666666666,7.808731826486583e-07,8.869327775575014e-06,9.454963281227431e-06,6.111974734051294e-05,0.9999191358111462,6.392772738075809e-07
5.9,5.955051873002685e-07,9.944459140917667e-06,7.236617656355771e-06,3.849422738694886e-05,0.99994324166853,4.875220985106815e-07
5.933333333333334,2.0511863155932575e-07,1.0368648687097467e-05,6.877128208037648e-06,3.5959364161433714e-05,0.999946071953775,5.177865367890735e-07
5.966666666666667,4.551712640955073e-07,2.895714681371034e-05,9.888832405719275e-06,0.00014127768004581595,0.9998174936786888,1.9274907819509487e-06
6.0,1.0707835314259153e-06,9.405309123282348e-05,2.1253849787674786e-05,0.0003083770851607543,0.9995704157877991,4.829402488001078e-06
6.033333333333333,1.8902763208382795e-06,0.0002298737450287678,2.853607731587703e-05,0.000591774229333938,0.9991381080635005,9.817608500176046e-06
6.066666666666666,1.888118896913808e-06,0.000213222634988544,2.8547418467455792e-05,0.000618266793916704,0.9991261438422072,1.193119152309436e-05
6.1,5.5951865293312e-06,0.0006320561717902073,0.00010279290279394443,0.0017727148642842977,0.9974569864711514,2.9854403450974397e-05
6.133333333333333,3.367557964669795e-06,0.00035696380121845504,0.0001119645722457523,0.0008564498935705371,0.9986514167657812,1.9837409219621263e-05
6.166666666666667,3.521982934562422e-06,0.00035692791623074833,0.00014037460585285605,0.0009233607388376403,0.9985510239705128,2.4790785631376704e-05
6.2,4.507682549035817e-06,0.0002996847785698003,0.00013823794982623645,0.0012002122964527011,0.9983090334099486,4.832388265348945e-05
6.233333333333333,4.993919120611958e-06,0.00012061445691886369,0.00024710861617789664,0.0007802059545899846,0.9986909330330768,0.0001561440201158966
6.266666666666667,6.532211469459235e-06,0.0001461052403682985,0.00031145630099146216,0.0011794299084082532,0.9979388629844848,0.00041761335427766905
6.3,8.524078304327623e-06,0.00011903227539571557,0.00035262204992014053,0.0009361721168983594,0.998050614109151,0.0005330353703304426
6.333333333333333,1.064338157709019e-05,0.00020721548887057752,0.00039599326273031773,0.0010401504114471761,0.9972060515958637,0.0011399458595111255
6.366666666666666,1.166145193898233e-05,0.0006852488582001616,0.0003497925876222838,0.0010701655496922447,0.9944516789909251,0.0034314525616212736
6.4,1.0333737689909274e-05,0.002262190809808702,0.0002561011075605409,0.0006186455509962541,0.9857203423280851,0.011132386465859323
6.433333333333334,2.9685871198292382e-05,0.0036961132881071323,0.00018547549892068208,0.0010567899665156835,0.9079291587394936,0.08710277663576471
6.466666666666667,1.7613823285009457e-05,0.002399630238035317,0.00011325043864346088,0.0003048428207004176,0.8555842610068589,0.1415804016724769
6.5,3.3591600013119496e-05,0.005740115846841775,0.00014866620384998191,0.0004491397976449668,0.7824099427601077,0.21121854379154242
6.533333333333333,5.395218344546383e-05,0.009638747776054803,0.00023877595289067285,0.0006810334233375892,0.5072492788459421,0.4821382118183294
6.566666666666666,4.9923430025699894e-05,0.009360608284948587,0.0002526157119252916,0.0005681605478172595,0.09168747843404695,0.8980812135912362
6.6,2.0678180233323303e-05,0.004212608754521413,0.00010552093639607217,5.356000020239975e-05,0.013160094073299025,0.9824475380553478
6.633333333333333,1.1475700473501273e-05,0.0013677300047199464,6.0698023283400944e-05,2.9798747091100743e-05,0.0007763881336509765,0.9977539093907811
6.666666666666667,1.4642030927100563e-05,0.0013744352305084392,7.047438175077439e-05,0.00017587384511155778,0.0007989252092005981,0.9975656493025017
6.7,1.9953681404976017e-05,0.0017437474862564582,8.223706754734439e-05,0.00023502523563849305,0.0009544587791518096,0.9969645777500009
6.733333333333333,1.5171461570887091e-05,0.0012457780995796018,6.376756840431811e-05,0.0001397971450706368,6.0209989574723196e-05,0.9984752757357999
6.766666666666667,1.0573082659912095e-05,0.0009485600030807794,4.8381988362894453e-05,7.581888484370351e-05,1.32323426680904e-05,0.9989034336983845
6.8,1.1585087723674379e-05,0.0001776011153490093,5.691512395228671e-05,8.257787168977695e-05,3.7946228883702267e-05,0.9996333745724015
6.833333333333333,9.787797222185041e-06,0.00013510978243055303,4.005506713696532e-05,7.379706572482361e-05,3.7291391198879794e-05,0.9997039588962865
6.866666666666666,6.906787965682155e-06,8.910918039807361e-05,1.9325735765377863e-05,5.696305851659997e-05,4.78451187033524e-05,0.9997798501186509
6.8999999999999995,1.0356561815594095e-05,0.00011059921753073743,2.200199437926011e-05,0.00010939289217902979,6.933575114002762e-05,0.9996783135829554
6.933333333333334,1.1037780253469898e-05,0.00012338462097811017,2.9725144183493945e-05,0.0001396600290342326,7.735104791557218e-05,0.9996188413776352
6.966666666666667,1.0697732954456263e-05,0.00014568824150408327,3.002780095791345e-05,0.00018426331934605838,3.60516536354995e-05,0.999593271251602
7.0,1.447128713949909e-05,0.00020826764622312304,2.326188412959383e-05,0.0005136248828656823,4.456156150690391e-05,0.9991958127381352
7.033333333333333,1.097990664250409e-05,0.0001335046097753096,1.7647137355315804e-05,0.000840170355590326,3.9334486611964997e-05,0.9989583635040247
7.066666666666666,7.027793782462976e-06,0.00011290112063716368,1.1734118858311705e-05,0.0004461839909771851,2.6386700123712363e-05,0.9993957662756212
7.1,6.587161123426801e-06,9.645425134000291e-05,1.072783378797894e-05,0.0003040146734480754,1.8069191127289182e-05,0.9995641468891732
7.133333333333333,6.16518791012941e-06,7.880733496097772e-05,8.0971925691845e-06,0.0002636084360941179,1.6911679644148114e-05,0.9996264101688214
7.166666666666667,2.6104167607626003e-05,7.988991473244081e-05,8.298857433148882e-06,0.000271680130183181,1.3377168958330146e-05,0.9996006497610853
7.2,1.8371413619183796e-05,5.620662957440701e-05,5.672274997219203e-06,0.00019120119510153687,8.568324009239305e-06,0.9997199801626985
7.233333333333333,1.987526291514535e-05,6.080759834392934e-05,5.958282547709987e-06,0.0002068525645933326,8.73855029356805e-06,0.9996977677413064
7.266666666666667,2.3889220894628294e-05,7.165577181951301e-05,5.54251813886271e-06,0.00022398879916081806,7.609824210901664e-06,0.9996673138657752
7.3,8.461737900581262e-06,5.105098156127744e-05,5.007828965293648e-06,0.00020003558408544474,4.721645892859931e-06,0.9997307222215945
7.333333333333333,5.561734481467158e-06,7.156471506851092e-05,5.831834035615947e-06,0.00014761190941409112,6.166172009406532e-06,0.9997632636349908
7.366666666666666,6.440584038344137e-06,7.33990556156373e-05,5.644712808846395e-06,0.00010437238573709564,6.058812072559026e-06,0.9998040844497276
7.3999999999999995,1.1779839114653357e-05,7.389836006423864e-05,1.4740631350430108e-05,2.170834365397991e-05,1.849447941227986e-05,0.9998593783464045
7.433333333333334,0.00018081621090038487,8.256008816627866e-05,8.53561490151156e-06,3.160019614855224e-05,2.3808926469977064e-05,0.9996726789634134
7.466666666666667,0.008599245927118969,9.531984059188879e-05,9.968030594303785e-06,0.000156462089835606,1.2323082930102835e-05,0.9911266810289291
7.5,0.3602111046139501,0.00020780445131981493,2.2542649917215882e-05,0.0004683808740593933,3.3218135548130025e-05,0.6390569492752054
7.533333333333333,0.9915988934161941,3.866917918629152e-05,7.029810641676915e-06,6.041681324887952e-05,9.576188683662408e-06,0.008285414592045156
7.566666666666666,0.9971804443943124,1.911980530860264e-05,4.0878627635771445e-06,3.4286850383617856e-05,5.298316255772554e-06,0.0027567627709759314
7.6,0.9993883854457764,1.54632708316375e-05,3.53093884796665e-06,2.1642605251125525e-05,4.339107888587015e-06,0.0005666386314044218
7.633333333333333,0.9994149038174377,7.413539412539837e-06,1.1577811749972494e-06,1.2871864036155392e-05,2.1310725471468097e-06,0.0005615219253915656
7.666666666666667,0.9995381582673509,2.189689168974396e-05,3.3345765608720584e-06,2.897595592318421e-05,3.7107157763771892e-06,0.0004039235926987963
7.7,0.999954878558451,5.255898431081358e-06,8.802452858443583e-07,6.952886281908798e-06,8.903997813232557e-07,3.1142011768791976e-05
7.733333333333333,0.9998949570600083,1.705840925915764e-05,3.0699739385542708e-06,2.004172514372348e-05,2.3635951574851345e-06,6.250923649295184e-05
7.766666666666667,0.9999234848302413,1.3859038895173783e-05,2.1168869468996357e-06,1.3950956581390773e-05,1.6259170101801381e-06,4.496237032494987e-05
7.8,0.999967674459366,5.870868168641405e-06,9.722555377675043e-07,6.2815334524502706e-06,8.063291948644375e-07,1.8394554280225058e-05
7.833333333333333,0.9999793231182745,4.69096351622371e-06,7.771006857881809e-07,5.950231652555783e-07,8.895732388073748e-07,1.372422111940232e-05
7.866666666666666,0.9999768279345983,5.38915261609783e-06,1.1757048562395162e-06,7.879996347725998e-07,1.2846328550964576e-06,1.4534575439727257e-05
7.8999999999999995,0.9999578668461544,7.98014943132984e-06,1.7861232641813555e-06,1.010107977778948e-05,7.965674741724399e-07,2.146923389796548e-05
7.933333333333334,0.999939478122969,1.832990333477815e-05,2.189808069975394e-06,1.630891308935263e-05,1.4264405519415062e-06,2.2266811985028897e-05
7.966666666666667,0.9999502391984966,1.3752948336898162e-05,2.3919282274186095e-06,1.3420782650462676e-05,1.2596735310613127e-06,1.8935468757852536e-05
8.0,0.9999801368408726,6.206705119773932e-06,1.0813936611197704e-06,6.3830210831897515e-06,5.684906220076221e-07,5.623548641355765e-06
8.033333333333333,0.9999693783328416,9.469966404701147e-06,1.8360016174111834e-06,1.010576581352205e-05,8.673824497716636e-07,8.34255087296015e-06
8.066666666666666,0.9999636134465811,1.002994182439453e-05,2.187080188549803e-06,1.209109698162911e-05,9.467126159857003e-07,1.1131721808478404e-05
8.1,0.9999671393524848,9.565032800003147e-06,1.761299562618629e-06,1.0513239702407441e-05,7.903527760815215e-07,1.0230722674141426e-05
8.133333333333333,0.9999743814375782,6.956859226637136e-06,1.4153822602979784e-06,8.251077847637388e-06,6.799610595582368e-07,8.315282027774633e-06
8.166666666666666,0.9999722411097003,7.3353435754163574e-06,1.4919142190756115e-06,8.6972266848946e-06,7.167276301450061e-07,9.517678189976188e-06
8.2,0.9999722784053531,7.247199441726666e-06,1.4978480657814318e-06,8.69722700927235e-06,7.616415849735171e-07,9.517678544954064e-06
8.233333333333333,0.9999748267782507,7.3084442494858235e-06,1.4193559564471646e-06,8.241464032430905e-06,6.653813649654777e-07,7.538576145771455e-06
8.266666666666666,0.9999602262711152,1.267953247722278e-05,2.245186586447693e-06,1.202167982266375e-05,1.0525233706928507e-06,1.1774806627670344e-05
8.3,0.9999428198884047,4.031038194084917e-05,1.6259002647883408e-06,7.176531858438226e-06,5.620512046061029e-07,7.505246326900473e-06
8.333333333333334,0.9999530520735143,3.5528182426518115e-05,1.3001788269726497e-06,4.682770062885154e-06,3.45520418136471e-07,5.091274751140948e-06
8.366666666666667,0.9998968958494097,7.872202983854268e-05,2.187579226399097e-06,9.65488929424679e-06,7.655913364727315e-07,1.1774060894540523e-05
8.4,0.9998655665797587,0.00011105331993000315,2.095223041535218e-06,8.987433174890647e-06,7.126649271808862e-07,1.1584779167900338e-05
8.433333333333334,0.9999355590113217,5.3840896069240116e-05,1.0158065161156668e-06,4.134140091387059e-06,3.5896031659074075e-07,5.091185684973615e-06
8.466666666666667,0.9998534206967475,0.00012414541226414354,2.095197589779707e-06,7.995592692205806e-06,7.584622646852534e-07,1.1584638441609538e-05
8.5,0.9997966330174362,0.00018143909021518621,2.2322209171697733e-06,7.66427608391274e-06,7.227506742118838e-07,1.1308644673394323e-05
8.533333333333333,0.9998553164029202,0.00013274319766448916,1.156920566709728e-06,3.957622768465276e-06,4.107120302649404e-07,6.415144049742624e-06
8.566666666666666,0.9995553113273193,0.00041398842218099877,3.2146363723439177e-06,1.04217541633978e-05,1.0815431540058267e-06,1.5982316809964714e-05
8.6,0.9995519707416938,0.000412343613194032,3.7366591764296218e-06,1.2114136349661059e-05,1.2571742751027842e-06,1.8577675311069633e-05
8.633333333333333,0.9994098592142101,0.0005544768138334602,4.0202515117847085e-06,8.353008660687033e-06,1.4762140532581612e-06,2.1814497730496428e-05
8.666666666666666,0.9996741561716729,0.0003049135642989357,2.3743227873863652e-06,4.870889147772658e-06,1.114426137851096e-06,1.2570625955193247e-05
8.7,0.9998163505987787,0.0001719166807491971,1.352194603173214e-06,2.935287468667342e-06,6.544260910167541e-07,6.7908123093213236e-06
8.733333333333333,0.999804699182479,0.00018267722016990736,1.6016205972971556e-06,3.144166216725806e-06,6.037554830000102e-07,7.274055054235533e-06
8.766666666666666,0.999804699182479,0.00018267722016990736,1.6016205972971556e-06,3.144166216725806e-06,6.037554830000102e-07,7.274055054235533e-06
8.8,0.9994529542380977,0.0005081311134127731,6.157590282446666e-06,9.17897204904737e-06,2.6620285420462197e-06,2.0916057616111583e-05
8.833333333333334,0.999722086092931,0.0002585559100549957,2.9859192004743468e-06,4.71396450050615e-06,1.5155648210242524e-06,1.0142548492096138e-05
8.866666666666667,0.9984707463563318,0.0014341151061995699,1.22226930423704e-05,2.614663768013048e-05,8.071161060087114e-06,4.869804568599451e-05
8.9,0.9994300031656081,0.0005331841528050104,4.675609394908959e-06,9.899577673717292e-06,3.125340066475421e-06,1.911215445182581e-05
8.933333333333334,0.998019653474186,0.0018993211132487323,1.0101119858423476e-05,2.2005237709618374e-05,6.947150005073062e-06,4.197190499209429e-05
8.966666666666667,0.9996368858201311,0.00034876109925124205,1.8024720542463735e-06,3.97047300154665e-06,1.3160258568179138e-06,7.264109704929863e-06
9.0,0.9993983979305991,0.0005822751203114416,2.525376182402213e-06,5.440816299478585e-06,1.9862712568647083e-06,9.374485350885342e-06
9.033333333333333,0.9988859172397572,0.0010977145089712927,3.114957505700254e-06,1.99953592394106e-06,2.9223212568180123e-06,8.33143658509922e-06
9.066666666666666,0.9967665764912306,0.0031708420157064627,7.4304810970894846e-06,2.246907627005605e-05,1.2475063727205558e-05,2.02068719684302e-05
9.1,0.9916322823803662,0.008300192853808668,1.0761205623407869e-05,2.0984961196316745e-05,1.985063955965787e-05,1.592795944571276e-05
9.133333333333333,0.9346928044699158,0.06517786661447639,2.5675928882995018e-05,1.352216521251485e-05,6.506417186916019e-05,2.506664964303647e-05
9.166666666666666,0.12466651640331326,0.8741048369791911,0.0003135436534579034,0.00044748844375754255,0.00029927073380943485,0.0001683437864708019
9.2,0.007208161279807545,0.9912482557822193,0.0005380219866044004,0.0005544257807309429,0.0003014153904994811,0.00014971978013840695
9.233333333333333,0.00044533522684793805,0.9979194048173096,0.0010928357771646544,0.00023047738479199594,0.0002196726197195271,9.227417416633903e-05
9.266666666666666,0.000402635862441807,0.9979542698122421,0.0008058564670409067,0.0004361244942781197,0.00029392042199714717,0.00010719294199989997
9.3,7.255030640683154e-05,0.9990065230982298,0.0003839529099196319,9.336271562249534e-05,0.00036870652435860255,7.490444546251375e-05
9.333333333333334,1.7235610802078726e-05,0.999780407807764,9.505734114116684e-05,1.2085949009446665e-05,7.795836924175359e-05,1.725492204162264e-05
9.366666666666667,7.794122823801438e-06,0.9998089918770987,0.00010884059313264949,7.256470405044424e-06,5.135573556229635e-05,1.5761200977451312e-05
9.4,3.1677623152589386e-06,0.9999030964277483,5.187600038590443e-05,1.741039709947634e-05,1.7749170616218947e-05,6.700241834781151e-06
9.433333333333334,2.0312774904982652e-06,0.9999186916706342,3.888091000311289e-05,2.2208810738622492e-05,1.2219778253173455e-05,5.967552880571354e-06
9.466666666666667,1.8292236213941948e-06,0.999933340217011,3.468918916565986e-05,1.3818187347569677e-05,1.1404817220533648e-05,4.918365633903379e-06
9.5,1.7704662049650132e-06,0.9999472838510802,3.1140598697847175e-05,2.7804325224240837e-06,1.1823385435246704e-05,5.201266059153047e-06
9.533333333333333,1.283575129520555e-06,0.9999443007311227,2.878141825113364e-05,2.5697897501397226e-06,1.7533651817814434e-05,5.530833928497061e-06
9.566666666666666,1.3479588200868638e-06,0.9999434696351369,3.0218743643950053e-05,2.6195011407715017e-06,1.7684187603973462e-05,4.659973654535037e-06
9.6,1.1420679389038218e-06,0.9999485829810315,3.0339864634259357e-05,3.1558268729954437e-06,1.0140912394703632e-05,6.6383471278219565e-06
9.633333333333333,1.0964743320718354e-06,0.9999380460236282,4.141761646355714e-05,3.0298400338803544e-06,5.581634878035065e-06,1.0828410664232082e-05
9.666666666666666,1.1772793160101261e-06,0.9999307493915663,5.264658313930895e-05,2.251255474992091e-06,3.4996475656076127e-06,9.675842937493653e-06
9.7,7.938427356408794e-07,0.9999500802475842,3.7114197911293884e-05,1.4359251500895532e-06,2.187163690639381e-06,8.388622928051159e-06
9.733333333333333,6.230449400364272e-07,0.9999238464420371,6.425527414878776e-05,1.0186171164503328e-06,1.716588449202269e-06,8.540033308447227e-06
9.766666666666666,7.97483035170905e-07,0.9999341217866659,5.408159157674872e-05,1.717030321175036e-06,1.4107605864088324e-06,7.871347814964108e-06
9.8,1.007767823187819e-06,0.9997644439840534,0.00021748313420561145,3.939134370837109e-06,2.1307312517705062e-06,1.0995248295288207e-05
9.833333333333334,7.961072570069769e-07,0.9997863151628034,0.0001748283117450662,1.8397032023792692e-05,4.998285935269215e-06,1.4665100235585197e-05
9.866666666666667,6.532684912287328e-07,0.9997773388670025,0.0001613360273256439,4.109182512864128e-05,4.1914349999917255e-06,1.538857705215426e-05
9.9,6.407009564600988e-07,0.9997644890167218,0.00017837763286718513,3.699782861292284e-05,5.2234098259739915e-06,1.427141101551494e-05
9.933333333333334,5.543710340268111e-07,0.9997820827894301,0.0001455662679796128,4.36367116843201e-05,6.5037560595374715e-06,2.1656103812563395e-05
9.966666666666667,1.2967015733119143e-06,0.9985994274314844,0.001309714471767016,5.678567057733257e-05,9.536475242233655e-06,2.3239249355810216e-05
10.0,2.5120189115933766e-06,0.9979275274008161,0.0019499173560558265,4.74141778791953e-05,2.216889010612854e-05,5.046015623114577e-05
10.033333333333333,5.4711149461174663e-05,0.942431901571859,0.05052764296483495,0.00568247314694779,0.00027368192140270973,0.0010295892454946075
10.066666666666666,0.00011583549026205867,0.3797989182380973,0.6099178015233339,0.00703127318988114,0.0006223236165419701,0.0025138479418838518
10.1,8.550285614071082e-05,0.36945704262749435,0.6242183745327657,0.0054091636025858265,0.00015162015667125704,0.0006782962243420733
10.133333333333333,7.314358239901502e-05,0.13105396847777026,0.8645298197592571,0.0037795296729746155,0.00010280317023036698,0.0004607353373684628
10.166666666666666,4.873792327145517e-05,0.06813699422596707,0.9287765572937299,0.002658369131184642,7.479263696544585e-05,0.0003045487888815247
10.2,3.096231335982393e-05,0.032922920112532394,0.9658977374483299,0.0007368988224861429,0.00012596724050937923,0.0002855140627825224
10.233333333333333,2.318882365099099e-05,0.029629418107397814,0.9696788849555136,0.00031635295426443884,0.00014676245225362362,0.00020539270691955736
10.266666666666666,1.964596621173008e-05,0.045342090667223015,0.9540757377371012,0.0002743541348554338,0.00012856164126899227,0.00015960985333972604
10.3,1.9357763405327225e-05,0.031169008055124497,0.9679621790713813,0.0006119719989275353,0.00012007626473622457,0.00011740684642536413
10.333333333333334,2.086053357077711e-05,0.02368049622232776,0.9746803825947508,0.0013987444300146673,0.00011185814130625721,0.00010765807802973142
10.366666666666667,1.7034197984981016e-05,0.014136261294504628,0.9848046903711154,0.000790117475606704,0.0001183845052934228,0.00013351215549478867
10.4,2.339369267272312e-05,0.019831084705574712,0.9787312031619616,0.0010850974854224465,0.00016926180789145174,0.00015995914647736313
10.433333333333334,2.7636974937537657e-05,0.01778593362617638,0.9808880005017148,0.0010022178049923591,0.00015688287016949127,0.00013932822200940953
10.466666666666667,2.8970874924064803e-05,0.024111591022187642,0.9747139705236044,0.0008391968094732978,0.0001652075969244507,0.00014106317288592587
10.5,3.2514210349579776e-05,0.021799678433363053,0.9765833096173693,0.0013084689461368153,0.00013772473144026183,0.0001383040613410196
10.533333333333333,4.986711833263325e-05,0.012041785217568268,0.9855529158436437,0.0020835513248522322,0.00013524979227734363,0.00013663070332572153
10.566666666666666,3.472981031415737e-05,0.009625245081326613,0.9884479689357736,0.0017162614632049318,6.81160907095145e-05,0.00010767861867122293
10.6,3.4846543083243e-05,0.009580404085276783,0.9887376733929761,0.0014982914639081629,5.292372124279319e-05,9.586079351281795e-05
10.633333333333333,4.069652110062069e-05,0.010022545893617233,0.987828705751415,0.0019120984652073198,6.180846499279938e-05,0.00013414490366710853
10.666666666666666,4.074000966797309e-05,0.009318916585836775,0.988884305936416,0.0015228556294092145,0.00011289174802276427,0.0001202900906473488
10.7,4.078821933786016e-05,0.008296140590446126,0.9900545016809491,0.001313478262401844,0.00012448818531366976,0.00017060306155145365
10.733333333333333,2.889518655147655e-05,0.006823373368512774,0.9919616173094878,0.000964215463867294,0.00010836720103452063,0.00011353147054591501
10.766666666666666,2.3357741636059877e-05,0.007196615014885058,0.9915529970610983,0.0010391661436349277,0.00011083084477682601,7.703319396883156e-05
10.8,2.263117350525941e-05,0.005889872301721245,0.992976056232103,0.0009695929352003677,6.721036535275786e-05,7.46369921174882e-05
10.833333333333334,1.211040556144694e-05,0.004580106175825472,0.9947860127474006,0.0005266337427247113,5.746302446007994e-05,3.767390402765805e-05
10.866666666666667,1.8557203011346475e-05,0.009744618417143292,0.989192760840323,0.0008453087163358854,0.00013298583407675527,6.57689891095432e-05
10.9,2.6350803803650766e-05,0.01316493736190387,0.9858254001406135,0.0008405911294284915,7.421234730342719e-05,6.850821694728903e-05
10.933333333333334,7.119976529437387e-05,0.13474189681779036,0.8626444468977628,0.0021444261533709237,0.00020333508207829895,0.00019469528370325373
10.966666666666667,3.9917766562037944e-05,0.07765085930562324,0.9206331151106564,0.0014343093634673044,0.00013801812759321245,0.00010378032609784975
11.0,3.6802379650831976e-05,0.1160997536384479,0.8823442263906326,0.0013223685160097787,0.000101168122865385,9.568095239353837e-05
11.033333333333333,3.5549257596128044e-05,0.10616062395859978,0.8922942464081659,0.0013194341853276302,9.772334545701041e-05,9.242284485352924e-05
11.066666666666666,2.2751350028930566e-05,0.07971912011371801,0.9186639729840169,0.001441439520585998,8.1059878765974e-05,7.165615288410064e-05
11.1,2.780709779968221e-05,0.08798978330904547,0.9111759802489631,0.0006499918575863145,8.03991629861526e-05,7.603832361932045e-05
11.133333333333333,3.260636330204496e-05,0.09017487244338379,0.9089230634302949,0.0006940308899086792,8.584646405017871e-05,8.95804090603113e-05
11.166666666666666,2.0396761212577474e-05,0.06797195900260315,0.9313425853594016,0.0005218135415724673,7.379790029094974e-05,6.944743491917668e-05
11.2,1.365314368098999e-05,0.051955372016294264,0.9475529872649537,0.0003709268562616237,5.2219601987963644e-05,5.484111682156302e-05
11.233333333333333,1.3988665002624045e-05,0.05003948149623183,0.9494500832191153,0.00038004225649107776,5.3502880790529904e-05,6.290148236864824e-05
11.266666666666666,1.7844379735132977e-05,0.05477086774856206,0.9446932186512912,0.00037462061999353794,6.824995248443493e-05,7.519864793358924e-05
11.3,1.674803373014894e-05,0.025274386057708733,0.9743451539847772,0.00022728747335109878,6.932108066125955e-05,6.71033697717744e-05
11.333333333333334,1.565451348836621e-05,0.01979708625957726,0.9796313543840174,0.0004334955909840485,6.479493710872526e-05,5.7614314824087116e-05
11.366666666666667,8.820937481156456e-06,0.0060599051234374104,0.9936587123026801,0.0002132075227881522,3.4618952578673316e-05,2.4735161034742032e-05
11.4,8.090918870310473e-06,0.01012746942759126,0.989683453871283,0.00012958688752093435,2.9274617583284844e-05,2.2124277151143412e-05
11.433333333333334,5.3258976110338144e-06,0.01554941463370362,0.9842473759918504,0.00016565529485744912,2.3810472885684865e-05,8.417709091755122e-06
11.466666666666667,1.8660112935027044e-05,0.016308375579894938,0.9832446450679637,0.0003983896762267281,1.871286561047703e-05,1.1216697369216978e-05
11.5,1.8145108191902736e-05,0.01738408088198983,0.9816573274722171,0.0009124767616148554,1.3870175010124783e-05,1.4099600976079307e-05
11.533333333333333,1.1689708264791867e-05,0.009389576926192742,0.9899441339223162,0.0006398492150440255,7.5585013852619305e-06,7.191726797066724e-06
11.566666666666666,7.350321593318719e-06,0.004824886051468375,0.9950110481783605,0.00014448953909021732,6.9218905004362885e-06,5.304018987000287e-06
11.6,5.2130611683804405e-06,0.0019516371254449754,0.9979477153842785,8.815432278280948e-05,4.357421871096577e-06,2.922684454184272e-06
11.633333333333333,6.97439118633985e-06,0.005347936139957452,0.9945600832046544,6.495582964170983e-05,1.850208487492834e-05,1.5483496851339383e-06
11.666666666666666,5.55985440118606e-06,0.0039716878459975435,0.9959209082175798,6.354106872432146e-05,3.650458684256778e-05,1.7984264546558085e-06
11.7,8.902066176486185e-06,0.0009691957095887145,0.9988831985854449,9.043928588269894e-05,4.6146540919176125e-05,2.117811988120933e-06
11.733333333333333,9.42550297778359e-06,0.0001029406582340313,0.9996882526330114,8.030546455203235e-05,0.00011647442543502327,2.601315789710183e-06
11.766666666666666,9.649598791801386e-06,0.0001618049236737896,0.9996203392809299,8.874951596718792e-05,0.00011617099725372744,3.2856833836867736e-06
11.8,9.649468879924931e-06,0.00013352841530668506,0.9996068814619242,0.00013073264837546562,0.00011616943325168256,3.0385722621838476e-06
11.833333333333334,7.551994577474648e-06,0.00014538862613675484,0.9994426280378241,0.0002344461547280848,0.00016652566539066867,3.4595213428218737e-06
11.866666666666667,7.830404802091852e-06,0.00016194574902630009,0.99936046188422,0.00034068234702693104,0.00012527750800492664,3.8021069197044165e-06
11.9,2.4548955613104787e-05,0.0005746523521118494,0.998085960433548,0.001105475115473938,0.00019803042767579476,1.1332715577229955e-05
11.933333333333334,6.969640479759946e-05,0.0020200945384805835,0.9844390909902486,0.013232243961093645,0.00020202196769284186,3.685213768646797e-05
11.966666666666667,0.00013997732890031042,0.00682344903863281,0.9393013386578596,0.05317574415640983,0.0004585960199421312,0.00010089479825513177
12.0,0.0001812414842361007,0.008378920461199197,0.713980961491523,0.27702601686096395,0.0002906404595376475,0.00014221924254008626
12.033333333333333,5.002981909400281e-05,0.007952588998092678,0.2690533414504482,0.7226250189444731,0.00021040310002653793,0.00010861768786564761
12.066666666666666,1.8735521509860554e-05,0.0032804402320099992,0.028756276982223994,0.9678144506184212,7.392190303375117e-05,5.6174742800990063e-05
12.1,1.6090872443871362e-05,0.003337501148323639,0.02253276883584602,0.9739652521328145,9.599221707467648e-05,5.239479349740159e-05
12.133333333333333,1.7272424444409632e-05,0.003165045455126665,0.03624218821691172,0.9604125677114258,0.00010304092102260237,5.98852710689145e-05
12.166666666666666,1.4888196539315801e-05,0.0017021400988897245,0.025171919156223802,0.9729052854355575,0.00016280765750279212,4.295945528690652e-05
12.2,5.8307580366339745e-06,0.0006755857540539537,0.011165795886678117,0.9880671585127816,7.251813639609026e-05,1.3110952053616646e-05
12.233333333333333,6.241874954178111e-06,0.00013702269942912084,0.011171827551108689,0.9886009036748374,7.292508350056708e-05,1.1079116169995795e-05
12.266666666666666,2.45056279035272e-06,5.248131303992753e-05,0.0037113171676634396,0.9962013737785491,2.7931168715851e-05,4.4460092412534274e-06
12.3,2.8465216577417077e-06,6.588821473099248e-05,0.004059635782945469,0.9958336984453358,3.3256486408468877e-05,4.6745489215205515e-06
12.333333333333334,2.402625418472805e-06,5.5613383112661134e-05,0.0019226493535187594,0.9979890050903606,2.659671787996263e-05,3.732829709751859e-06
12.366666666666667,2.3031112617474398e-06,5.136696947304638e-05,0.0020142050261384432,0.9979028782307665,2.5668442435820123e-05,3.5782199241775984e-06
12.4,2.1920999156192988e-06,2.386422978746286e-05,0.003503387844944069,0.9964466897160387,1.9561671114404288e-05,4.304438199930911e-06
12.433333333333334,2.1916390481205147e-06,1.7881417603546684e-05,0.0037202848430924456,0.9962371965764746,1.790941024115619e-05,4.536113540098041e-06
12.466666666666667,2.1938179324609933e-06,1.932795039885712e-05,0.0027306593764202134,0.9972276359596772,1.5642272316577796e-05,4.540623254764619e-06
12.5,2.842729115855533e-06,1.9323674392291615e-05,0.0029476355054911065,0.9970070149506892,1.5638811708611362e-05,7.544328603016626e-06
12.533333333333333,2.7923261229212792e-06,2.7452245818076453e-05,0.004241499064872091,0.995688158451347,3.049324632484054e-05,9.604665515054776e-06
12.566666666666666,3.6177456978699924e-06,2.9402093805055883e-05,0.002065156298119525,0.9978653833567571,2.699949759215351e-05,9.441008028205887e-06
12.6,3.464429706816565e-06,2.9856668984187352e-05,0.0020343253854632807,0.9978970734451528,2.9735875489516755e-05,5.544195203336164e-06
12.633333333333333,3.3121630912091556e-06,3.873887368712868e-05,0.002034305655621015,0.9978873953710371,2.9776401564623334e-05,6.471534998884076e-06
12.666666666666666,3.595242183855028e-06,1.9652135784956847e-05,0.001832513750950824,0.9981127752954322,2.3637994887880637e-05,7.82558076018491e-06
12.7,3.119731648371864e-06,2.054869498894009e-05,0.0005667004382702862,0.9993877691969372,1.11712179177265e-05,1.0690720237512491e-05
12.733333333333333,8.30146568189071e-06,5.148969266364359e-05,0.0011597586201212518,0.998724942934773,2.794256290583934e-05,2.7564723854467572e-05
12.766666666666666,8.747382424995079e-06,5.4255483300603444e-05,0.0010540178325653517,0.9988175765037661,2.9443509500383705e-05,3.5959288442711785e-05
12.8,3.3350191856506063e-06,2.068539694997505e-05,0.00039620887258347076,0.9995275565827114,3.2064480177143906e-05,2.014964839228244e-05
12.833333333333334,3.676629701115993e-06,2.167532649412269e-05,0.00039532126611772136,0.9995311300448417,3.369387017170995e-05,1.45028626735377e-05
12.866666666666667,3.0609756269418057e-06,2.167517170028356e-05,0.00039531844294011023,0.9995239919165652,4.459540902101412e-05,1.1358084146413118e-05
12.9,8.469320731170175e-06,4.693496267211297e-05,0.001032206604157192,0.998691661076819,0.00018160882848103206,3.911920713934565e-05
12.933333333333334,9.480250108052566e-06,5.2537293021168224e-05,0.0008219671137851541,0.9988249270769659,0.0002443470825094241,4.6741183610324006e-05
12.966666666666667,5.684603130862048e-06,4.08299674734464e-05,0.0004511932006739556,0.999181639614539,0.0002465714695303709,7.408114465240103e-05
13.0,5.081895052327777e-06,3.94402376387311e-05,0.0005162413407029501,0.9988910600285599,0.0004489109853537491,9.926551269251054e-05
13.033333333333333,4.7392654745202e-06,3.678111307365386e-05,0.00041590942799951984,0.999051326075712,0.00041864468118942217,7.25994365509994e-05
13.066666666666666,3.6637382341248228e-06,1.4656340905561582e-05,0.0005262593339008863,0.9990745077766534,0.00032363760444163947,5.7275205864405204e-05
13.1,3.6641230622524393e-06,2.6168022144045404e-05,0.0003987139588333549,0.999179447580648,0.00033511130574579486,5.6895009566436087e-05
13.133333333333333,3.49450663856214e-06,8.612180180233046e-05,0.0003443708921129003,0.999106018697713,0.0004269807041214347,3.3013397611864376e-05
13.166666666666666,3.158467647657168e-06,0.00011991257294946859,0.00030745452600078045,0.9991477146598697,0.0003913829684905186,3.0376805041724806e-05
13.2,2.533393029981335e-06,0.00034137059301326574,0.00021825312378393673,0.9990332710314638,0.0003739059635235627,3.066589518546365e-05
13.233333333333333,2.435479212404257e-06,4.894148037661818e-05,0.0002540960098878156,0.9993098960060908,0.00035587719861795,2.8753825814629506e-05
13.266666666666666,2.1668738597388784e-06,3.6192258325116325e-05,0.00020220783733036594,0.9995813062182773,0.00015545139787021247,2.2675414337211638e-05
13.299999999999999,2.9525134912798144e-06,4.917950162314761e-05,0.000216917691065206,0.9994852623225017,0.0002187283008666354,2.695967045208404e-05
13.333333333333334,2.798183206856952e-06,2.6426528645868706e-05,0.0006812079558377687,0.9975247913581498,0.0017509508920361954,1.3825082123592053e-05
13.366666666666667,1.508788848141461e-05,0.00015455608218732913,0.005568839181175206,0.9847278898720063,0.009494847306163777,3.8779669985798356e-05
13.4,2.907470489654101e-05,0.0005377223859771579,0.007483688541781243,0.9687438497463645,0.023141308100489314,6.435652049134052e-05
13.433333333333334,0.00011289732297139412,0.0018826796459355721,0.017255210258956506,0.8944723365872774,0.08603482404299514,0.0002420521418639282
13.466666666666667,0.0001150167960407043,0.0019174184812770483,0.007982895736950798,0.9112646747822233,0.07833535900507865,0.00038463519842964753
13.5,0.0001044227223793702,0.0029936538025988136,0.004845559970017616,0.920577520630439,0.0711199731470588,0.0003588697275064362
13.533333333333333,0.00017059848447170271,0.0029920835072881203,0.007678554178466462,0.8872901066444664,0.1014178529124868,0.00045080427282076643
13.566666666666666,0.00020929265756640655,0.0025810235341226515,0.02157208864467723,0.8388431551478353,0.13630206273617662,0.0004923772796218259
13.6,0.00020704547363852957,0.0025473408374870926,0.02028971149664382,0.807400555934163,0.16910461440701519,0.000450731851052399
13.633333333333333,7.14793837063562e-05,0.0013064403310848445,0.00705732391109761,0.9171492655930613,0.07428256502865728,0.00013292575239254854
13.666666666666666,2.967528394076572e-05,0.0006427282419085809,0.002105515516464103,0.9535295961754677,0.043652021425280074,4.046335693864033e-05
13.7,1.1937451982987093e-05,0.00023686751177609062,0.0008885040373026009,0.9876284714006589,0.011225672259837439,8.547338441925972e-06
13.733333333333333,1.9801515000556515e-05,0.00020918875967197712,0.001053523655176349,0.9848770591546747,0.013834261237384864,6.16567809156338e-06
13.766666666666666,2.7010681467090955e-05,0.0005244173724772217,0.0022167843057525234,0.9720865964302582,0.025133416679639087,1.1774530405779366e-05
13.799999999999999,1.2044650108511265e-05,0.00019233680056998474,0.0008908758999997006,0.14508040613954865,0.8538176677334994,6.6687762736136044e-06
13.833333333333334,1.505625721264744e-06,2.2117050662397422e-05,9.008299365531235e-05,0.021104209908153045,0.9787806493609421,1.4350608658866136e-06
13.866666666666667,2.19192798634182e-06,3.774661701614817e-05,8.205151500901341e-05,0.0005004824415593481,0.9993752061033396,2.3213950893938616e-06
13.9,2.1921575433790203e-06,3.280940276992514e-05,5.6673923335896515e-05,0.0004261338420844799,0.999479869036061,2.3216382053092627e-06
13.933333333333334,1.2631464775806783e-06,9.264988584552364e-06,2.9872208101391382e-05,3.377684895374054e-05,0.9999244544981785,1.3683097042758316e-06
13.966666666666667,9.912023476481651e-07,7.270319475165682e-06,1.4969584418264117e-05,2.5221854249703545e-05,0.9999502244150096,1.3226244998424006e-06
14.0,9.494460785159471e-07,6.121773809882955e-06,1.4325785891039816e-05,2.6969914767407733e-05,0.9999504021805943,1.2308988587905355e-06
14.033333333333333,4.858145082382984e-07,9.304838410145105e-06,2.311976612972466e-05,6.893246932954125e-05,0.9998966717275098,1.485384112334797e-06
14.066666666666666,5.62031830441111e-07,1.787332414355344e-05,2.9298060666578098e-05,7.307275129949077e-05,0.9998772206557208,1.9731763391730194e-06
14.1,7.463840930053878e-07,2.4497944866595585e-05,4.015717888532104e-05,0.0001639096242745581,0.9997661213885755,4.567479305036782e-06
14.133333333333333,1.1964925455865405e-06,4.0008887301243554e-05,6.237175421219471e-05,0.00035941432727441727,0.9995312428005085,5.765738157981248e-06
14.166666666666666,8.67738355388883e-07,3.1323765030271423e-05,5.668786976152016e-05,0.00030418655010084266,0.9996025545084182,4.379568333732082e-06
14.2,7.719065900863882e-07,2.5811380007147545e-05,4.249092909391887e-05,0.00025065552082032254,0.9996769680492743,3.3022142141266403e-06
14.233333333333333,7.755688714258356e-07,2.565067430865656e-05,4.281655516711413e-05,0.00024093230969899368,0.9996858881296024,3.936762351454537e-06
14.266666666666666,7.636770007798719e-07,2.1303169370671147e-05,4.910868997762643e-05,0.00021549607274039048,0.9997087525631122,4.575827798469029e-06
14.299999999999999,6.28807825594061e-07,1.9779392405870552e-05,4.043584988296013e-05,0.00017932867446874613,0.999755978436181,3.848839235661425e-06
14.333333333333334,8.003872160310718e-07,2.6425131619383722e-05,4.4641672310004226e-05,0.00024091975911007455,0.9996820066481369,5.2064016075114896e-06
14.366666666666667,1.709648989582443e-06,5.192528224319225e-05,7.103037500625881e-05,0.0005146111962850169,0.999349907005148,1.0816492327832722e-05
14.4,1.5638564694280332e-06,5.1507756149557634e-05,2.997370943226581e-05,0.00034301656111621916,0.9995643759760982,9.562140734226287e-06
14.433333333333334,1.4898117818535851e-06,4.6521553831074694e-05,2.3269170633258056e-05,0.0003267755859390015,0.9995904604847676,1.148339304721385e-05
14.466666666666667,1.4219429955416614e-06,2.629409148454109e-05,2.1274634764422272e-05,0.00032677163775519566,0.999578383184509,4.585450849145558e-05
14.5,1.7252535823809903e-06,3.112363571537362e-05,2.029092416732763e-05,0.00038679113220504676,0.9994851507879213,7.491826640857179e-05
14.533333333333333,3.4597601724146415e-06,2.988253853214309e-05,2.2789474950707854e-05,0.00019885822537388335,0.9995993000084936,0.00014570999247719857
14.566666666666666,4.8672272923218125e-06,4.203907203371144e-05,3.2060474983835366e-05,0.0002797558598308676,0.9994362910035663,0.00020498636229286904
14.6,3.2073642164648193e-06,2.829404639063583e-05,1.790217394731625e-05,0.00018124420607735928,0.99951655404329,0.00025279816607841
14.633333333333333,2.5177327173182854e-06,3.488363933682304e-05,8.980150191177305e-06,0.00014227397846581645,0.9996404972431435,0.0001708472561453425
14.666666666666666,2.907215935247589e-06,3.694726848077974e-05,1.2037104062842902e-05,0.00016503701174853057,0.9987864194088245,0.000996651990948148
14.7,8.96712355933365e-06,9.724055111687982e-05,5.014340689121825e-05,0.00030124830733314645,0.9963174946812842,0.003224905929815087
14.733333333333333,1.2938580718967453e-05,0.0001403075034550014,6.320846466772621e-05,0.00031926102707990136,0.992573019580649,0.0068912648434294186
14.766666666666666,3.548672858830375e-05,0.0006885050678487357,0.00022227022861009935,0.0012465445183074558,0.948411668768631,0.04939552468801445
14.799999999999999,5.7386216860259116e-05,0.0010236078597130726,0.00029081254232798454,0.0015539728834687838,0.8833807914644393,0.1136934290331908
14.833333333333334,9.799735887749962e-05,0.0017479958126948465,0.0004846243487284468,0.002609400991864281,0.30955197817754104,0.6855080033102939
14.866666666666667,6.010852388835371e-05,0.0012104256325604827,0.0003180683087492169,0.0002865573125492298,0.2151917996090857,0.7829330406131669
14.9,4.851677581288638e-05,0.0009769986892738606,0.0002567297918916223,0.00016583225418536124,0.08910911689479795,0.9094428055940383
14.933333333333334,4.7005531946280794e-05,0.0010695607995174332,0.00015833090621732165,0.0001520320798889882,0.032717583420561636,0.9658554872618684
14.966666666666667,2.7386476844339295e-05,0.000381020956687106,9.22471359715571e-05,8.85772985238167e-05,0.017042829316902534,0.9823679388150706
15.0,2.6150416667266728e-05,0.0002754089143354431,5.560122209585856e-05,5.266547994241061e-05,0.002811019698578375,0.9967791542683806
15.033333333333333,1.38102181690247e-05,0.00016445863715835196,3.03792282094082e-05,2.5714508419258017e-05,0.00010615233371062043,0.9996594850743333
15.066666666666666,2.8331129704328104e-06,3.444604596177557e-05,7.412506290726822e-06,5.685837995344585e-06,1.1116398743541932e-05,0.9999385060980381
15.1,3.903650674905248e-06,3.8868462428240395e-05,6.914463287376105e-06,4.754759649169877e-06,1.0013545802376565e-05,0.9999355451181579
15.133333333333333,2.3486886913580597e-06,2.3385780582915424e-05,4.390278906864722e-06,3.3458111672108775e-06,4.000610646562283e-06,0.9999625288300051
15.166666666666666,2.9132532976116336e-06,4.714838152772377e-05,4.961639943585291e-06,4.921474917405306e-06,4.2650493280289525e-06,0.9999357902009857
15.2,2.817308387476009e-06,4.6150158190151533e-05,4.798233589972684e-06,4.759391356366423e-06,4.143375389559813e-06,0.9999373315330866
15.233333333333333,1.2767768081242252e-06,3.227949137901499e-05,2.620278090927329e-06,2.801076176895188e-06,1.7435383148130095e-06,0.9999592788392303
15.266666666666666,1.3193810091737104e-06,1.3797538868348906e-05,2.620325803219024e-06,2.9459445446111574e-06,1.8298463914527184e-06,0.9999774869633832
15.299999999999999,1.8764948654035225e-06,1.2209517330604283e-05,3.7072191905679222e-06,2.3887028405244623e-06,2.2235099321992577e-06,0.9999775945558408
15.333333333333334,1.876495408709651e-06,1.1968964739181204e-05,3.842531300544905e-06,2.566439980864465e-06,1.8614867814725782e-06,0.9999778840817891
15.366666666666667,2.158340406320315e-06,1.3805702935691382e-05,4.1652624273207976e-06,3.7641511365313134e-06,2.246306659588492e-06,0.9999738602364344
15.4,2.019927802878685e-06,1.4276992176413506e-05,3.9021217681350895e-06,1.6122873883913918e-05,1.5014539436378565e-06,0.999962176630425
15.433333333333334,1.4254572111941597e-06,1.2691602418089916e-05,3.8885477919553705e-06,1.4381988018285284e-05,1.2600316803332392e-06,0.9999663523728802
15.466666666666667,1.2309896149855213e-06,1.2782232703063162e-05,3.2121723896719957e-06,1.2051972493377792e-05,6.819512979584207e-07,0.999970040681501
15.5,2.9169443588811567e-06,2.0625617516619287e-05,9.649171830448538e-06,1.534970468920293e-05,1.2722640191807127e-06,0.9999501862975857
15.533333333333333,2.6471476956200103e-06,1.996925021598231e-05,9.188831879686342e-06,1.2272505693968571e-05,1.2036749471769336e-06,0.9999547185895675
15.566666666666666,4.196479879023165e-05,3.869757237705416e-05,7.607979581472574e-06,2.0634265996266455e-05,2.4854272208215013e-06,0.9998886099560342
15.6,0.00019024921164692872,0.00016683011250208428,3.444374690405739e-05,9.324915399569338e-05,1.0338661412487528e-05,0.9995048891135387
15.633333333333333,0.007104208915022321,0.0002591346547596554,6.483777986958056e-05,0.00016656421204568213,3.041320021824565e-05,0.9923748412380845
15.666666666666666,0.06785580924785825,0.0008847954399388596,0.00016975294386517518,0.00045895582665457843,8.34147523549216e-05,0.9305472717893282
15.7,0.908638203978858,0.00043164131989770503,9.914816179684801e-05,0.00027342326854729515,6.728024786501254e-05,0.090490303023035
15.733333333333333,0.9444948059443378,0.00021256188731274251,6.177953313147585e-05,0.00015986292395423846,3.28379839950468e-05,0.055038151727268704
15.766666666666666,0.9756465248071434,0.00015922493225574387,5.830211265779336e-05,0.00011924733691859031,1.4063415093146783e-05,0.024002637395931555
15.799999999999999,0.9964696670096304,4.962397999172929e-05,2.0710304734874518e-05,0.00015673382999189863,4.552210029563284e-06,0.0032987126656215475
15.833333333333334,0.9988560223822145,5.094758196740953e-05,2.6972879389160902e-05,0.00025883560997150794,5.217929491929899e-06,0.000802003616965599
15.866666666666667,0.9995097043112404,2.5429819893709074e-05,1.4478269486458811e-05,0.0001426746805740041,2.466962636555959e-06,0.0003052459561688289
15.9,0.9997463586503862,4.487412132821777e-05,1.335206371960089e-05,9.490088058850872e-05,2.5829695842050013e-06,9.793131439330593e-05
15.933333333333334,0.9998126153219759,3.394674890470579e-05,7.789348685085557e-06,0.00010955977843489848,1.4989568655837953e-06,3.458984513389001e-05
15.966666666666667,0.9998494267064795,6.141704193748274e-05,6.034647306194907e-06,3.876645052672037e-05,2.5614226787513712e-06,4.179373107121225e-05
16.0,0.9998158666636607,6.779538956341122e-05,6.009089721931956e-06,4.3480296535844074e-05,6.581628155034335e-06,6.026693236309595e-05
16.03333333333333,0.9998647004493438,5.014687134507426e-05,5.187631117413126e-06,3.580550181843731e-05,4.738362552148044e-06,3.942118382344765e-05
16.066666666666666,0.9999192491679921,3.0126867867064983e-05,3.1903345298694628e-06,2.1354753993583012e-05,4.214884193465112e-06,2.186399142399686e-05
16.1,0.9999639430448088,1.4374287074718104e-05,7.756698904647912e-07,1.1103490232606353e-05,1.8895590350909813e-06,7.913948958390848e-06
16.133333333333333,0.9999599790758908,1.70942226719541e-05,8.426713754962127e-07,9.965725498076361e-06,4.092466666907192e-06,8.025837896752428e-06
16.166666666666668,0.9999731660511139,1.1607737922818881e-05,6.041041525279181e-07,6.6185428667457165e-06,3.3698110929592702e-06,4.6337528510255895e-06
16.2,0.9999829912148825,7.296090228958284e-06,5.651105954966396e-07,5.747267884630465e-06,9.579520850438853e-07,2.4423643233628752e-06
16.233333333333334,0.9999711714601313,1.2728698179935184e-05,8.930881596718621e-07,1.0514982433747094e-05,1.2051825768271154e-06,3.4865885183634625e-06
16.266666666666666,0.9999769070720299,9.551405204632715e-06,1.019404727880993e-06,7.08874015413137e-06,1.1057262539004885e-06,4.327651629441046e-06
16.3,0.9999173877561673,3.570164303295147e-05,2.9609983948243833e-06,2.2544183799651066e-05,3.89462587354857e-06,1.7510792731500706e-05
16.333333333333332,0.9998943014283889,4.188275821123129e-05,4.52730453849502e-06,3.10197569372781e-05,4.148207724602669e-06,2.412054419966972e-05
16.366666666666667,0.9999014305954039,3.920877096531309e-05,4.207841053672581e-06,2.831740235446119e-05,4.416771853387391e-06,2.241861836938057e-05
16.4,0.9999039274247794,3.861722740632679e-05,3.8029809121067076e-06,3.201807587076105e-05,4.64831434295847e-06,1.6985976688424697e-05
16.433333333333334,0.9999777735683817,7.93592733837832e-06,7.381153586757495e-07,7.924903659323003e-06,2.7646504710402484e-06,2.8628347906633544e-06
16.466666666666665,0.9999320086354485,2.76426035647368e-05,2.3253274620438732e-06,2.323091812783008e-05,6.039895434860313e-06,8.752619962163361e-06
16.5,0.9998790858283388,5.1038750515808784e-05,5.3397027595964995e-06,4.4226062041012884e-05,5.703521364481419e-06,1.4606134980294544e-05
16.53333333333333,0.9999325871967674,2.6080853064562072e-05,3.1711240545811203e-06,2.7286001664624316e-05,2.538349392774541e-06,8.336475056101046e-06
16.566666666666666,0.9999699802345536,1.3716980735417989e-05,1.5657591389667057e-06,1.0695943467570188e-05,9.950172231081044e-07,3.0460648811626946e-06
16.6,0.9999296686395681,3.278773595685393e-05,3.7259165405789018e-06,2.4216794538956976e-05,2.1630178982090352e-06,7.4378954971129735e-06
16.633333333333333,0.999975864007312,8.806532355921854e-06,1.4982998592010502e-06,1.0105036776775641e-05,9.05928187179835e-07,2.8201955087127205e-06
16.666666666666668,0.9999384211242996,2.12513029303674e-05,3.7259491539002737e-06,2.6613444076178086e-05,2.4095547707631032e-06,7.5786247688232345e-06
16.7,0.9999717022437717,1.0577160636997365e-05,2.2869533316110094e-06,1.1320115548162752e-05,1.0249120086295205e-06,3.0886147027481416e-06
16.733333333333334,0.9999668977388457,1.1834856339785073e-05,2.7131135796259948e-06,1.2438247418844796e-05,2.0242511765376217e-06,4.091792639420206e-06
16.766666666666666,0.9998515318306919,5.3426355277098315e-05,1.0874832315362876e-05,6.0657035820476406e-05,5.49182772523618e-06,1.801811816985851e-05
16.8,0.9998804970376762,4.389445402182758e-05,8.65124322156061e-06,4.825442404666129e-05,4.368907584423997e-06,1.4333933449443216e-05
16.833333333333332,0.9998687192478313,6.506443074183139e-05,1.6265578717949502e-05,2.968707186810716e-05,4.549623141318199e-06,1.5714047699400052e-05
16.866666666666667,0.9998450647039288,9.084487620858946e-05,1.6265193912586083e-05,2.9686369541760392e-05,4.549515507927671e-06,1.3589340900206653e-05
16.9,0.9997287274834005,0.00019984082625800568,1.5436001404616135e-05,3.733684786876294e-05,4.352685689979415e-06,1.4306155378127421e-05
16.933333333333334,0.9988700940066566,0.0009730450937433647,3.715430389657118e-05,9.14758516280761e-05,8.209877360377926e-06,2.0020866714970492e-05
16.966666666666665,0.9992686389653842,0.0006463646662733735,1.4018477279451682e-05,4.894559384273541e-05,3.3796179805931744e-06,1.865267923972978e-05
17.0,0.9993226450366464,0.000589807674811316,1.2787819988170027e-05,4.0602760948524944e-05,3.379748177090017e-06,3.077695942858614e-05
17.03333333333333,0.9995761403525574,0.00034663541308149314,1.1252036542299665e-05,3.572647647008666e-05,3.1649935566825537e-06,2.708072779189023e-05
17.066666666666666,0.9997903988658374,0.00017733510073976764,4.4614056973668745e-06,1.6042304638949615e-05,1.6191780471173733e-06,1.0143145039397468e-05
17.1,0.9999574551008478,3.410319007311899e-05,2.2020397987169626e-06,3.75672300835346e-06,4.1158795221456105e-07,2.071358319697238e-06
17.133333333333333,0.9998258762051362,0.00014104774457615916,8.751586014291612e-06,1.4930377079755727e-05,1.6357775950964377e-06,7.758309598261164e-06
17.166666666666668,0.9990044579526774,0.0008374334017321472,4.01870265360648e-05,7.238039113905484e-05,7.930022230323987e-06,3.761120568491455e-05
17.2,0.9992372678332431,0.0006584767969813897,2.1869659527212337e-05,5.1872797051466156e-05,6.698283439306069e-06,2.3814629757409648e-05
17.233333333333334,0.999115073997763,0.0007633800156897138,2.4525013795827077e-05,6.013675319851349e-05,8.069088848548146e-06,2.881513070463201e-05
17.266666666666666,0.9995514476564988,0.0004013451021159105,8.667318255771565e-06,2.4192189214650175e-05,3.380864262688961e-06,1.0966869652271751e-05
17.3,0.9989311266194456,0.0009736383994130652,1.72244078645749e-05,4.930358698616962e-05,6.356548838334721e-06,2.2350437451908083e-05
17.333333333333332,0.9986218502708446,0.001276253363283742,1.9109959896882482e-05,5.1840849253536816e-05,7.145594092472578e-06,2.3799962628924232e-05
17.366666666666667,0.9991371234721901,0.0008214394770788988,7.688282978104335e-06,2.0856512574443473e-05,2.8599916656160817e-06,1.0032263512559571e-05
17.4,0.9965263107914286,0.0032957606755503787,3.0079124700602598e-05,9.690702038025362e-05,9.680980299667813e-06,4.126140764036418e-05
17.433333333333334,0.9962995000378209,0.0035004042075755235,3.2837603621473725e-05,0.00010885279817378718,1.0032149621205352e-05,4.8373203187150576e-05
17.466666666666665,0.9873162773926172,0.012276949947357675,9.797363316781713e-05,0.0001826191544335354,2.7210110117457177e-05,9.896976230617964e-05
17.5,0.9969109181608332,0.0029974941137018885,2.11119667488316e-05,3.561029640272815e-05,7.944360205237952e-06,2.692110210814116e-05
17.53333333333333,0.9966801187326433,0.0032063674241509113,2.5369392795790662e-05,3.8091715953048114e-05,1.1571179683544102e-05,3.848155477350917e-05
17.566666666666666,0.9979577553110289,0.001963481986692519,1.8588603379829606e-05,2.7327785682875626e-05,6.394827707259473e-06,2.6451485508704445e-05
17.6,0.9926001254695738,0.007093903174729435,7.406507183302267e-05,0.00010888577093618038,2.853662596415919e-05,9.448388696358877e-05
17.633333333333333,0.9983281795715058,0.0016043816542618925,1.541487236136396e-05,2.526738022029846e-05,5.602572181621821e-06,2.1153949469109636e-05
17.666666666666668,0.9993272371336126,0.0006465451603707172,4.980616247443096e-06,1.0775740279717091e-05,2.6234118078937387e-06,7.837937681744155e-06
17.7,0.9965604351576156,0.0033350910778178907,1.586977106392058e-05,5.4080397354727285e-05,1.1952696718186338e-05,2.2570899429810476e-05
17.733333333333334,0.9968918596197845,0.0030145279722108417,1.9967705967838923e-05,4.4449850258617935e-05,9.558832428570977e-06,1.9636019349420896e-05
17.766666666666666,0.991818969863269,0.007952988662710181,5.083292214592267e-05,0.00010997883384104272,2.181895585312467e-05,4.541076218065007e-05
17.8,0.9982750172075946,0.0016799923025027262,1.2236419942684123e-05,1.733144541585047e-05,4.669472322086864e-06,1.0753152221968273e-05
17.833333333333332,0.9940822899391359,0.005802633366318402,3.0453729730445698e-05,4.818177632895669e-05,7.92945003341942e-06,2.851173845305082e-05
17.866666666666667,0.9919181418716414,0.007975694023532008,2.382797688162174e-05,5.2817884862096674e-05,1.3685897232691554e-05,1.5832345850093647e-05
17.9,0.989071943531707,0.010773537820492637,3.9719744723034844e-05,7.084573800640313e-05,1.5756878908478636e-05,2.8196286162485054e-05
17.933333333333334,0.9910357556404934,0.00882103974293096,4.360619994242934e-05,5.0123575240180855e-05,3.0455112282228304e-05,1.9019729110842125e-05
17.966666666666665,0.8320136052716229,0.16759141814555145,0.00011252806820610113,0.00016626565692304607,7.086175574312689e-05,4.5321101953247773e-05
18.0,0.06417011191320006,0.9347131447515347,0.00041995453106289185,0.0004434033245753877,0.00013918063345750355,0.00011420484616960948
18.03333333333333,0.005564503275070783,0.9931512018095031,0.0004914764146413225,0.0005154531849059343,0.00015964781288704824,0.00011771750299179863
18.066666666666666,0.0006819076211635088,0.996801893879634,0.001993374634545455,0.00026865535030679276,0.00014668516373734667,0.00010748335061309578
18.1,0.00019477681784419953,0.9965852569153542,0.002364698059368084,0.0005350498789753208,0.00017360030356041855,0.00014661802489749102
18.133333333333333,0.00012968133080756275,0.9962958856672346,0.0023155269651376417,0.0007642118717102675,0.0003670176136937576,0.0001276765514162943
18.166666666666668,4.9058725056966715e-06,0.9996098026200713,0.000264458094151889,5.927621280069864e-05,4.701104367950389e-05,1.454615679098593e-05
18.2,2.7791601090464712e-06,0.9996547868220621,0.0002774449417308895,3.054261044172499e-05,2.4367944814676907e-05,1.0078520841623654e-05
18.233333333333334,3.3382046585677546e-06,0.9997895280494913,0.00015544154342092897,2.616433161104671e-05,1.541069125698195e-05,1.0117179561214203e-05
18.266666666666666,2.538021220373566e-06,0.9998219363865348,0.00014160990673332873,4.61660456610046e-06,1.9593188948886062e-05,9.705891996526087e-06
18.3,2.2808853527698554e-06,0.9998684311354701,0.0001040788818455881,4.463006550625991e-06,1.3909700937030706e-05,6.836389843862753e-06
18.333333333333332,2.8990423177415797e-06,0.9998209254594255,0.00014188543919773112,6.246134461098032e-06,1.7605621218855492e-05,1.0438303379273181e-05
18.366666666666667,3.4606554182702594e-06,0.9998609642119951,0.00010088636888918959,6.740153852638066e-06,1.9147815238545963e-05,8.800794606153944e-06
18.4,3.9690954338178625e-06,0.9998388345932299,0.00011603908163729438,5.6370501139571425e-06,2.296342674269662e-05,1.2556752842360809e-05
18.433333333333334,3.5116249799611974e-06,0.9998222600379457,0.00012153565371192161,2.122059205102257e-05,1.7130288546462423e-05,1.4341802764795148e-05
18.466666666666665,2.533381541878547e-06,0.9997374406442363,0.00021006914519568375,2.920303654230195e-05,1.631245424585308e-05,4.441338237873494e-06
18.5,2.2037969152825244e-06,0.9985976708498175,0.001320262283394005,5.978770642514353e-05,1.0681703636360376e-05,9.393659811557431e-06
18.53333333333333,2.3442869148057747e-06,0.9978412147872184,0.0020423260406917188,8.427088229482697e-05,1.182121308529989e-05,1.802278979501164e-05
18.566666666666666,2.125512634641171e-06,0.9959600048893904,0.002894530583124394,0.0011196629039066605,6.82941173623283e-06,1.6846699207450047e-05
18.6,1.8956479318520203e-06,0.9962098119020097,0.0026995899084557183,0.0010641574716241527,6.560228050970105e-06,1.798484192748522e-05
18.633333333333333,1.6093164347406173e-06,0.9975688959929263,0.0014665394962557765,0.0009368028480002441,1.233249651525889e-05,1.3819849867493735e-05
18.666666666666668,9.721144055681963e-07,0.9985358683813457,0.000859557383647124,0.0005875428060199867,7.781284679058884e-06,8.278029902546894e-06
18.7,8.387462690648399e-07,0.9985789381921186,0.0013093574557606123,6.401362347090367e-05,4.027979216535157e-05,6.572190215404111e-06
18.733333333333334,7.426258273387316e-07,0.9980773699923075,0.0018660246930276854,3.013726881484615e-05,2.0151403427593683e-05,5.574016595052891e-06
18.766666666666666,1.0205800664567836e-06,0.9973491735413901,0.0024166793933186417,0.00020608168931934913,1.8450630488004637e-05,8.594165417187785e-06
18.8,9.498756825703696e-07,0.9975926673536749,0.0022089708035569833,0.00017136477543933353,1.84551350431552e-05,7.592056603021099e-06
18.833333333333332,9.184470316944259e-07,0.9985750370204909,0.0012668194194386988,0.00010375610388169051,4.4103432043956507e-05,9.365577113137956e-06
18.866666666666667,7.329924298191814e-07,0.9990659588958339,0.0008497579870102608,2.9438409136520156e-05,4.353567316842691e-05,1.057604242118048e-05
18.9,1.1830532652251902e-06,0.9988803335007923,0.0010253802269796079,2.6301736419118202e-05,5.320834019834869e-05,1.3593142345131042e-05
18.933333333333334,1.272026687416838e-06,0.9989068055327215,0.001000873832594794,1.6787781183896572e-05,5.87292393385614e-05,1.5531587474120614e-05
18.966666666666665,1.4367358177424912e-06,0.9988853859716947,0.001016391827105648,2.0569084478992956e-05,6.432167545359743e-05,1.1894705449493485e-05
19.0,2.46839182283761e-06,0.9981601982452374,0.0017462175327184817,3.581533634555908e-05,3.947520748235666e-05,1.582528639300321e-05
19.03333333333333,1.2313677438611953e-06,0.9991836922228695,0.000755550839499454,3.816618487979277e-05,1.432272069422155e-05,7.036664313172435e-06
19.066666666666666,1.9233817526346216e-06,0.9987846447226787,0.0011430354148107308,2.9053451758132413e-05,2.8845266118943687e-05,1.2497762880844483e-05
19.1,2.4303180509795774e-06,0.9983121966537645,0.001580767565542629,6.60536706802887e-05,2.828000444312285e-05,1.0271787518709214e-05
19.133333333333333,4.2708114937238954e-06,0.9891839820431095,0.01054888327561242,0.0001889628825554422,4.948529602055444e-05,2.4415691208306153e-05
19.166666666666668,6.614579282617982e-06,0.9591237188297653,0.040343768892847874,0.0003990170943502951,5.5783988062921226e-05,7.109661569084105e-05
19.2,6.915153961639875e-06,0.9632197011833294,0.03639034711786876,0.00028256506131622296,5.6366505741842e-05,4.41049777819439e-05
19.233333333333334,5.459926425147002e-05,0.09759705238604188,0.8986238810654544,0.0031594228446239284,0.00037206806615261255,0.00019297637347581834
19.266666666666666,2.669445357131158e-05,0.08143513011224693,0.9156182642555485,0.002747101933656158,0.00010563682682778541,6.71724181492565e-05
19.3,1.305350173724782e-05,0.02781827918142826,0.9711668826854943,0.000878737421501151,8.062233800010433e-05,4.24248718388552e-05
19.333333333333332,9.564723152453624e-06,0.014358294159146655,0.9847595075322353,0.0007795550265632173,5.738067687298666e-05,3.569788202932075e-05
19.366666666666667,1.0625259229642385e-05,0.015079051902174791,0.984325508196458,0.00046435997555654545,9.265599320687281e-05,2.7798673374032807e-05
19.4,1.2001140426386906e-05,0.009773148996855247,0.9896490438274668,0.0004302529871298458,0.00011722482762061654,1.832822050120248e-05
19.433333333333334,1.1499642223028956e-05,0.007359123932114055,0.9920554131113201,0.00042656196637418553,0.00013247285065665242,1.492849731196948e-05
19.466666666666665,2.7705742856226917e-05,0.02417779380058339,0.974948870460511,0.0007224985580163562,0.00010302402036414285,2.010741766893619e-05
19.5,2.6142204571760517e-05,0.022063476800679955,0.9769126529640872,0.0009502540451356859,2.813270210232551e-05,1.9341283423115204e-05
19.53333333333333,2.438751376123172e-05,0.023769062380209875,0.9754819087600941,0.0006147041284818387,9.537129930099326e-05,1.4565918152247692e-05
19.566666666666666,3.306146539276161e-05,0.03521998291506135,0.9636542517989934,0.000964945418006185,0.00010801179763939572,1.974660490688793e-05
19.6,3.223259549862012e-05,0.045105658406683895,0.953653290557509,0.0011082137957897187,9.123703975961091e-05,9.367604759177634e-06
19.633333333333333,2.008519807087313e-05,0.3045884538307498,0.6945399353085594,0.000779792109454715,6.554322400616937e-05,6.190329159175217e-06
19.666666666666668,2.0569852902348373e-05,0.4245922880659663,0.5743474739333266,0.0009775819104460041,5.494678480856866e-05,7.139452550202499e-06
19.7,1.444881056053001e-05,0.2515624574201905,0.7470240515778658,0.0013154950847869336,7.393981472871141e-05,9.607291867313742e-06
19.733333333333334,1.6046243833283204e-05,0.223141199654039,0.7753903099064319,0.0013654475238365287,7.674748321131356e-05,1.0249188647923734e-05
19.766666666666666,1.4299641597332786e-05,0.12102844751454835,0.8778175747893671,0.0010091683744125283,0.0001212022872657971,9.307392808900552e-06
19.8,1.568946594076639e-05,0.18470251893723297,0.8140313448707592,0.001107252425249401,0.00013298229504957656,1.0212005768019864e-05
19.833333333333332,1.4589589745089849e-05,0.1847367600921564,0.8141822544173785,0.0009231750537663273,0.000133006948028827,1.02138989250466e-05
19.866666666666667,1.6006647380514016e-05,0.18624888713731644,0.8125456193356735,0.0010128411980260014,0.00016765804617404012,8.987635429680245e-06
19.9,1.2077208582128484e-05,0.1625278093581594,0.8361534816929649,0.0011204464967927248,0.000177072460094004,9.112783406877172e-06
19.933333333333334,9.827354293078097e-06,0.13101055627301728,0.8680188149456656,0.0008158056598151051,0.0001366618278226853,8.333939386145055e-06
19.966666666666665,1.9912170455262926e-05,0.14060243097270797,0.8575470043873012,0.001689692683258503,0.0001317016764839026,9.258109793237842e-06
20.0,1.5028330308873229e-05,0.10394439634533247,0.8941260210718238,0.0017746995060870865,0.0001292220414551884,1.063270499254239e-05
20.03333333333333,1.4541815818328828e-05,0.0858469406838817,0.9121798706779862,0.0018105335576904826,0.00013726586813050357,1.0847396492753893e-05
20.066666666666666,1.4221005305044102e-05,0.1057087230955927,0.8920560500921585,0.002078873287915072,0.0001323882896954967,9.744229333151712e-06
20.1,1.2626077428360458e-05,0.10842741619073212,0.8898171935929752,0.0016137632717578396,0.00012048315157601445,8.517715530552758e-06
20.133333333333333,1.0731436313861813e-05,0.05354745231501189,0.9453362722266652,0.0009763868402443127,0.00012115211925494466,8.00506250990148e-06
20.166666666666668,8.002240080049068e-06,0.03814076087204765,0.9597558455796373,0.0020062458934199208,8.369766663945171e-05,5.447748175610757e-06
20.2,1.3901486363375358e-05,0.027320233085408627,0.9709304142460488,0.0016437375910006529,8.769807149314577e-05,4.015519685301757e-06
20.233333333333334,8.724138322465469e-06,0.0028909808666102254,0.9966079560689541,0.0004513328449569842,3.830750823454865e-05,2.698572921554288e-06
20.266666666666666,9.966460104444447e-06,0.0009728494381951959,0.9985006827717106,0.00042293686307219743,8.931060621855016e-05,4.253860698927654e-06
20.3,5.351746786721315e-06,0.00028836887325369413,0.9995421622734704,0.0001103335414293454,5.231706288453101e-05,1.4665021754170117e-06
20.333333333333332,5.593829256296695e-06,8.093718122935287e-05,0.9997469678862513,6.902213985635899e-05,9.65776935639611e-05,9.012698427996938e-07
20.366666666666667,4.434909493162616e-06,7.026289323714958e-05,0.9997555190132188,7.30193165860451e-05,9.55655978271387e-05,1.1982696378182678e-06
20.4,6.030104605706531e-06,6.177846104207048e-05,0.9997725655337757,6.241182415361856e-05,9.566392442182202e-05,1.5501520010906065e-06
20.433333333333334,6.0301301605185055e-06,5.85872048921876e-05,0.9997768024420218,8.469810642552907e-05,7.207348125224586e-05,1.8086352476114998e-06
20.466666666666665,6.588283000623157e-06,6.401007536660466e-05,0.9997595270331612,0.0001036228623718119,6.181257512442375e-05,4.439170975309285e-06
20.5,5.007463654099737e-06,5.054982440291476e-05,0.999849557027362,8.514293132228607e-05,6.168775398741517e-06,3.573977859928139e-06
20.53333333333333,4.732202762039485e-06,4.404311437884532e-05,0.9997430079364896,0.00019900955345421984,5.829677057451168e-06,3.377515858027842e-06
20.566666666666666,2.5003425462990657e-06,3.3801300909692126e-05,0.9997419931682966,0.0002137012668664824,5.811558993305079e-06,2.192362387662913e-06
20.6,5.7560621933373e-06,7.667855540732477e-05,0.9990936988483854,0.0008054406309999408,1.3378844852769061e-05,5.047058161050779e-06
20.633333333333333,4.615545780327021e-06,6.752116034200025e-05,0.9991966773206881,0.0007160522807881909,1.09525791445754e-05,4.181113256883846e-06
20.666666666666668,6.4085669644581685e-06,0.00010686807181271029,0.9993224549258081,0.0005475597674469968,1.119313527589566e-05,5.51553269192622e-06
20.7,8.89647018140587e-06,0.0002537723152818202,0.9975477454744088,0.002155357648611822,2.472628434212665e-05,9.501807174166136e-06
20.733333333333334,1.4306396336901859e-05,0.0003896902586842929,0.9911808383474986,0.008370376804772952,3.332020696125397e-05,1.1467985746033262e-05
20.766666666666666,2.5886198763467053e-05,0.0004353379405607666,0.9669720294393737,0.0325198748968111,3.256183575154679e-05,1.4309688739313304e-05
20.8,2.2972368014957832e-05,0.0009763209941122095,0.9283976967068817,0.07053878185664031,4.392178561949826e-05,2.0306288731186683e-05
20.833333333333332,2.5137859044467176e-05,0.0014943493290509417,0.5582520371580413,0.44014234111094674,5.7914580009055936e-05,2.821996290752113e-05
20.866666666666667,2.541777190780904e-05,0.002247831396138481,0.5855705689644903,0.41205995260673306,6.135555520332781e-05,3.487370552690826e-05
20.9,1.304852465840586e-05,0.002221291762774136,0.5703927900037834,0.42726109115614863,6.169736202987966e-05,5.008119060536008e-05
20.933333333333334,1.1439317002829348e-05,0.001839796795353742,0.4724308822138937,0.5256253004890653,5.1101170430034205e-05,4.148001425448498e-05
20.966666666666665,1.2622284809191228e-05,0.0013534430283057047,0.3873724162266927,0.6111716543720619,5.85197341919404e-05,3.13443539386764e-05
21.0,6.247616663589088e-05,0.0011885029356322413,0.36259045776841636,0.6360363729888415,7.304122101151305e-05,4.914891946242058e-05
21.03333333333333,3.3825294861448906e-05,0.000757146129214279,0.15275715426637132,0.8463818825246857,4.6934536310121226e-05,2.3057248557121777e-05
21.066666666666666,1.6513015818660112e-05,0.0002700941400732061,0.06109428608378944,0.9385661839169034,3.799441056848633e-05,1.4928432846681112e-05
21.1,6.335182865178661e-06,6.067076383426394e-05,0.025698658722794997,0.9742090073441921,1.7564584125860366e-05,7.763402187485225e-06
21.133333333333333,6.690112965832755e-06,6.508836739609868e-05,0.021668707129540325,0.9782259310159107,2.555979172109095e-05,8.023582465934772e-06
21.166666666666668,2.8815149885758033e-06,1.8279888211128198e-05,0.006757973533681891,0.9932039180195813,1.2464470555020145e-05,4.482572982069596e-06
21.2,2.8131012754024494e-06,1.734845584992996e-05,0.0060632863771415985,0.9938972901640415,1.4776199350790663e-05,4.4857023406885934e-06
21.233333333333334,2.813779021109862e-06,9.926006144513192e-06,0.005832847500695824,0.9941367446152224,1.308651687592385e-05,4.5815820402098545e-06
21.266666666666666,2.6997172070518266e-06,1.0041963065677046e-05,0.005003848324605323,0.9949656338952327,1.2492708180705587e-05,5.28339170866677e-06
21.3,2.397138335966907e-06,1.0744155025122345e-05,0.0014157251164621247,0.9985570276599933,7.801741126318275e-06,6.304189057058404e-06
21.333333333333332,2.3968881149458285e-06,1.0743033515612163e-05,0.0015213218297254656,0.9984527950609327,5.968633325640066e-06,6.774554385757504e-06
21.366666666666667,2.6991327246930634e-06,1.2097716678410126e-05,0.0052217253982656565,0.9947502262002829,6.153934393550844e-06,7.0976176547362736e-06
21.4,2.2990299061681824e-06,1.0304425634785074e-05,0.000826854279015493,0.999149406836301,5.24171304431842e-06,5.893716098424447e-06
21.433333333333334,1.4406748731054622e-06,6.457213563855515e-06,0.00039586601932661575,0.9995891630135799,3.2846916235052482e-06,3.7883870328203527e-06
21.466666666666665,1.440675613291462e-06,6.457216881425055e-06,0.0003958662227135775,0.9995896765797687,2.866037253089614e-06,3.6932677699766486e-06
21.5,2.9376033772242845e-06,1.316656014951671e-05,0.0005533611034932261,0.9994160835668388,5.8439808630420425e-06,8.607185278315628e-06
21.53333333333333,2.816542047484723e-06,1.8054925540137553e-05,0.00041835239807795594,0.999546681285045,5.603145051190235e-06,8.491704238193381e-06
21.566666666666666,2.8164460596651904e-06,1.8054310227848514e-05,0.00045167889980449947,0.9995126167105278,6.800093529230373e-06,8.033539851121521e-06
21.6,4.127416910138891e-06,2.542425659334961e-05,0.0007200199943668775,0.999228019086971,9.965332347393838e-06,1.244391281142679e-05
21.633333333333333,4.58550510775835e-06,3.0506393420094312e-05,0.0007932441004954984,0.9991475131029331,1.1071351252942908e-05,1.3079546790637661e-05
21.666666666666668,4.58550510775835e-06,3.0506393420094312e-05,0.0007932441004954984,0.9991475131029331,1.1071351252942908e-05,1.3079546790637661e-05
21.7,7.041611169926154e-06,6.546215481817714e-05,0.0013920684861669164,0.9985028163217696,1.778284801522133e-05,1.4828578060055294e-05
21.733333333333334,7.280527370478814e-06,9.551129110752954e-05,0.0013405219629406171,0.9985236668827144,1.8386205738372444e-05,1.463313012854708e-05
21.766666666666666,4.178107675372094e-06,0.00013454162699107946,0.00134168863557162,0.9984787851824183,2.5714531328544782e-05,1.509191601525405e-05
21.8,4.17947296300326e-06,0.00014408251056283812,0.00094977230834803,0.9988050598601695,8.155992223657177e-05,1.5345925719967817e-05
21.833333333333332,2.199543851096542e-06,4.00676676320724e-05,0.0004569452435595578,0.999435365402218,5.155387464419854e-05,1.3868268095087402e-05
21.866666666666667,6.559550563767452e-06,9.219439845227986e-05,0.0008162175178349944,0.9989793822566452,7.320062977550829e-05,3.2445646728161894e-05
21.9,7.509550671163292e-06,0.00012101234817969363,0.0009198775778941103,0.9988128206553306,8.405638233925322e-05,5.4723485585075483e-05
21.933333333333334,3.2908068156711107e-06,7.399733168361914e-05,0.0002740425427985504,0.999586399811759,3.056847189065238e-05,3.1701035052569226e-05
21.966666666666665,2.7308245300647146e-06,7.399338037462617e-05,0.0003125052664484605,0.9995330239042639,2.9642952581648288e-05,4.810367180107091e-05
22.0,4.765826525302296e-06,0.00010237851258298426,0.0004323876567249499,0.9993480201801985,4.2234256576971315e-05,7.021356739123145e-05
22.03333333333333,5.461946102026427e-06,0.0001227059886191884,0.0004759415168337777,0.999288961540022,5.148218632109264e-05,5.54468221020461e-05
22.066666666666666,5.459458418611933e-06,0.00011315013262370617,0.0002743107957834922,0.9995008368290609,4.8631647447005564e-05,5.761113666610839e-05
22.1,8.819002779859255e-06,0.00015168393355774405,0.0002137687076155587,0.99930309821187,6.836297438866258e-05,0.0002542671697882083
22.133333333333333,1.0024265425382163e-05,0.00016259353913919875,0.00027485562313275504,0.9992777411180404,8.905678710763449e-05,0.00018572866715460635
22.166666666666668,7.992029883148972e-06,0.0001544248002012513,0.00015542440672157093,0.9994860871168723,0.00011676703643517165,7.930460988663772e-05
22.2,7.748576459402168e-06,0.0001497207078905259,0.00015977500822309605,0.9994960692790732,0.00012093508227403434,6.575134607973648e-05
22.233333333333334,5.9482784070215455e-06,0.0001627509630380648,0.0001496795498988388,0.9995041302936043,0.00010401983233422171,7.347108271773489e-05
22.266666666666666,5.322108934617477e-06,0.00015036612433010237,0.00015277610265001992,0.9994269888732383,0.00020840563609433253,5.6141154752801316e-05
22.3,4.937612894891538e-06,0.00014396000345131817,0.00010333740013661089,0.9994734763005035,0.00023359826331450243,4.069041969906331e-05
22.333333333333332,5.312356442827259e-06,0.00014872168429042585,0.0001156306113531095,0.9993793732737289,0.0003054032547293399,4.5558819455111406e-05
22.366666666666667,4.881648168144955e-06,0.0001136075758357253,0.00011357033725930601,0.9994129950477648,0.0002963251827045205,5.862020826725147e-05
22.4,4.915277065716319e-06,0.0001876118823049763,9.477494722540877e-05,0.999116419246145,0.0005372546137031644,5.902403355566448e-05
22.433333333333334,4.622582903358554e-06,0.00028974782638595335,0.00010559664114118086,0.9985501404977476,0.0009934805482107781,5.6411903611283155e-05
22.466666666666665,3.923299869754409e-06,0.0002970401493320107,5.3714044536438666e-05,0.9988071652769682,0.0007983076798529435,3.9849549440383243e-05
22.5,1.6078027058012214e-06,0.00022149509834092567,2.7113191093487428e-05,0.9982010123995536,0.0015340484778729848,1.4723030433361278e-05
22.53333333333333,2.00881743968926e-06,0.0004382971058706755,3.204646293249256e-05,0.9961007850060678,0.0034070591123426847,1.9803495346809655e-05
22.566666666666666,1.9051492308986364e-05,0.003957308999089666,0.0003107787651352005,0.950360892848915,0.04513963228333626,0.00021233561121494196
22.6,1.790698485337613e-05,0.009215889590587188,0.00037287138314833726,0.9406746238881379,0.049483603721868406,0.00023510443140468157
22.633333333333333,2.5394529753979746e-05,0.004173923823035306,0.0006588285669803416,0.9386129385342733,0.05612640171292231,0.0004025128330347008
22.666666666666668,1.9076888475458757e-05,0.003687894137756134,0.0005608676826430297,0.9500984673702042,0.04546335629120644,0.0001703376297146526
22.7,4.4914929646409845e-05,0.007259325206695734,0.0017179414172478367,0.9382376269572276,0.05246340339453552,0.00027678809464683175
22.733333333333334,0.00015420019291453087,0.01848091685620033,0.006483583841546439,0.9260060915227377,0.04793754616345609,0.0009376614231449408
22.766666666666666,8.74047822598971e-05,0.011851540038728126,0.009255996710849507,0.9223306965532343,0.05617439746441883,0.00029996445050918904
22.8,0.00014580354072962274,0.01601364252794084,0.011053062304313698,0.8744633367828816,0.09769923435728818,0.0006249204868461604
22.833333333333332,0.0001901583276971613,0.013776271642043121,0.014098611644325656,0.8493333851895657,0.12182112631247806,0.0007804468838903107
22.866666666666667,0.0002149351517285701,0.02643666470582135,0.00776575844430376,0.8089624129597374,0.1553356877454578,0.001284540992951061
22.9,0.0003009602833801645,0.030977660005859418,0.010120230767189391,0.7502143747777111,0.20672177653443324,0.001664997631426715
22.933333333333334,0.00020847724052256572,0.01699639866442562,0.01273265462109043,0.8239129055853381,0.14497564692094886,0.001173916967674487
22.966666666666665,0.00020708921589467365,0.01788648198375805,0.018448625137783368,0.875734182914077,0.08651198072648641,0.001211640022000359
23.0,0.0002676864358245077,0.025861534775576317,0.03912025476454808,0.8383362596835257,0.09503369536899123,0.0013805689715342812
23.03333333333333,0.0002486708216651318,0.038965790017315906,0.049446548600457677,0.8142944718557309,0.0957543814127867,0.0012901372920436464
23.066666666666666,0.00023524565261302203,0.045036362834286414,0.03290674862122765,0.8453577739574567,0.07538400199716566,0.0010798669372505268
23.1,0.0002236114658999246,0.029461218377335535,0.03373228800667703,0.8665654643686422,0.06852256814489817,0.001494849636547214
23.133333333333333,0.0004388729617862003,0.012413594486620844,0.08057661722407239,0.7912333614252719,0.11278418092278757,0.0025533729794611545
23.166666666666668,0.00038910063946363566,0.011575739520258655,0.07959453319674,0.7894923834146382,0.11664691887341674,0.002301324355482685
23.2,0.00033313407797588764,0.011505893265878253,0.07689198644748657,0.8169417629965129,0.09216543525143484,0.002161787960711497
23.233333333333334,0.0004019863977559341,0.02119369753083622,0.09439218135439689,0.766542516727248,0.11499182829553864,0.002477789694224413
23.266666666666666,0.0005512314797301211,0.01819270271756121,0.09173525399828997,0.7445886339109498,0.14230869644748947,0.0026234814459795554
23.3,0.0006321257269781979,0.02030921622300978,0.09673133042730211,0.7161800832523884,0.1636783832370774,0.0024688611332440557
23.333333333333332,0.000602554892923209,0.020361716530496492,0.09698138560103542,0.7180314434513118,0.1614613544796014,0.002561545044631656
23.366666666666667,0.0003630288539855849,0.010033778912439726,0.05555265753443318,0.8558250709088135,0.07676761562312348,0.0014578481672045032
23.4,0.00012609280634791632,0.0022076614705987823,0.01688769411098236,0.9531734525742401,0.027431715726231553,0.00017338331159934796
23.433333333333334,1.5158963454993504e-05,0.00030574144273274657,0.001505564371794845,0.996538995559195,0.0016107955017601425,2.3744161062343186e-05
23.466666666666665,6.589280211597288e-06,0.00012059330231527827,0.0006002060044607637,0.9971455425150083,0.0021099163666155056,1.715253138846728e-05
23.5,7.570413816146154e-06,0.00013236081906591653,0.0005744462153965071,0.9969563700114275,0.0023102557551097766,1.8996785184139457e-05
23.53333333333333,8.590754306385747e-06,0.0001493858584656548,0.0004821672007066291,0.996470075258516,0.002869283330036522,2.0497597968733804e-05
23.566666666666666,8.572716415378007e-06,0.0001491192758632779,0.00048115480073525655,0.9943778004746096,0.004961968068622452,2.1384663754107935e-05
23.6,1.3787521955937844e-05,0.0002114218302045024,0.0006658304320313044,0.9838010370917067,0.015279988177165438,2.7934946936110037e-05
23.633333333333333,3.129189941075893e-05,0.0003555397969850105,0.0004337266566629892,0.9237164743972314,0.07542909706940772,3.387018030216043e-05
23.666666666666668,7.5087259382695e-05,0.0005585378082378958,0.0012439011211576845,0.7894990222705606,0.2085284756128267,9.49759278345584e-05
23.7,4.79514815567997e-05,0.00039143135612351065,0.0008626915052894705,0.11524079349039441,0.8833863016032152,7.083056342061153e-05
23.733333333333334,2.0287615243269075e-05,0.0001369055247351732,0.00024962986439184333,0.028762596080067843,0.9707311700160336,9.941089952824829e-05
23.766666666666666,1.7328897232422698e-05,0.00021596607964478008,0.00026563273315734025,0.12751321499214618,0.8718945380800364,9.331921778288913e-05
23.8,2.349810220197048e-05,0.00015840625284644228,0.00013945021010129034,0.015595583273369804,0.9839958132617466,8.724889973372425e-05
23.833333333333332,1.691934555638889e-05,3.831703293717189e-05,9.062120799227364e-05,0.004993535363476167,0.9945862324964528,0.0002743745535852558
23.866666666666667,1.5080366468395167e-05,4.325379607974187e-05,6.779186384416333e-05,0.0009779314411575586,0.998385974904742,0.0005099676277081104
23.9,1.9989855569857255e-05,8.624410347152934e-05,7.6369784391415e-05,0.0003656453065333191,0.9980248255330902,0.0014269254169435486
23.933333333333334,1.277341608691583e-05,5.376211247011601e-05,3.633894733997783e-05,0.00010007215556305023,0.998741192346187,0.0010558610223529833
23.966666666666665,1.032594140208891e-05,4.485612780183971e-05,2.966556587152626e-05,7.93753112277653e-05,0.9943456083099225,0.005490168743774387
24.0,2.3047890908194905e-05,0.00011527932572130563,2.5315893157030767e-05,2.604550551919389e-05,0.9812617741299686,0.01854853725472565
24.03333333333333,4.2480894370824315e-05,0.0002559541357967538,5.622650873700284e-05,6.62607796905613e-05,0.9606272861868388,0.03895179149456612
24.066666666666666,3.203489698290851e-05,0.00028065654865887897,3.104585172344035e-05,9.124812643552887e-05,0.9407462181336538,0.058818796442545423
24.1,4.306143709804992e-06,3.956048084771336e-05,3.6057772462872773e-06,1.0897329840686752e-05,0.012312794798809902,0.9876288354695456
24.133333333333333,8.438117733017594e-06,6.43329136369201e-05,7.0284290043022934e-06,1.77211440430319e-05,0.016007626763994996,0.9838948526315877
24.166666666666668,5.867484967846115e-06,4.4734194952667645e-05,5.391089070468785e-06,1.17071484638576e-05,0.000575170272676123,0.9993571298098691
24.2,7.031616301488043e-06,5.3609629370484834e-05,6.6965128941684255e-06,1.5478923663270997e-05,0.00014838445868822778,0.9997687988590823
24.233333333333334,3.932256702384858e-06,3.4115925497901956e-05,4.512537335658726e-06,1.1100472036449711e-05,1.6823646158590906e-05,0.9999295151622689
24.266666666666666,3.3758698577776063e-06,2.2598000029001577e-05,3.887552926347275e-06,9.281991766394517e-06,7.690354949582788e-06,0.9999531662304708
24.3,3.836964062133039e-06,2.951777462018212e-05,7.054833942670826e-06,1.034002897793828e-05,8.97846834261848e-06,0.9999402719300544
24.333333333333332,3.703880854594795e-06,4.615617754802327e-05,5.304763740723424e-06,1.0048588270595954e-05,8.505344223906873e-06,0.9999262812453622
24.366666666666667,3.70390974161414e-06,4.119606853634464e-05,5.304805113224003e-06,8.469414516219112e-06,7.246009486614912e-06,0.999934079792606
24.4,3.764153149485713e-06,3.228719138043028e-05,6.374324441796193e-06,5.389366466833495e-06,7.4619270053228365e-06,0.9999447230375562
24.433333333333334,2.9550249038809493e-06,2.3753984291991586e-05,5.164768778859055e-06,4.366710844402528e-06,6.045994046760025e-06,0.999957713517134
24.466666666666665,3.2518666764360754e-06,2.7053369198939077e-05,6.203068581879345e-06,4.805361018073065e-06,5.211352195119869e-06,0.9999534749823296
24.5,2.9062875027644995e-06,2.448363737384523e-05,5.317479446914332e-06,3.883007617973521e-06,4.606386721685345e-06,0.9999588032013369
24.53333333333333,1.793745682006903e-06,1.1679617432501097e-05,2.3923994419685713e-06,1.5044742288807055e-06,1.9169029642666756e-06,0.9999807128602504
24.566666666666666,9.839874071074768e-07,1.4147938082395475e-05,2.769343930568435e-06,1.7643624997328563e-06,2.194959949197923e-06,0.9999781394081311
24.6,7.536809063163221e-07,1.5097889724538796e-05,2.5460707908003134e-06,1.911739863645278e-06,2.0187544046625494e-06,0.9999776718643101
24.633333333333333,1.0617678107324866e-06,2.492106822499127e-05,4.174748448067657e-06,2.9808900656044584e-06,3.1477530307284655e-06,0.9999637137724198
24.666666666666668,1.5867692876757964e-06,3.225886211468002e-05,1.0424822967984347e-05,5.106371387682242e-06,3.359788555995804e-06,0.9999472633856861
24.7,3.939000252195979e-05,7.351753427692467e-05,1.1523786123139053e-05,3.998493701763513e-05,6.878474340870114e-06,0.9998287052657194
24.733333333333334,0.00626923546343008,0.00047676195640378714,0.00010039789706993436,0.0002888135058304654,5.210193867049295e-05,0.9928126892385951
24.766666666666666,0.14959952482993125,0.005370789215927497,0.0015335214350408043,0.002826739493402743,0.0006424665228062712,0.8400269585028913
24.8,0.4015092605008117,0.005449010668535446,0.002004764073597801,0.002689086607891246,0.0008947377554485841,0.5874531403937152
24.833333333333332,0.7570800962976068,0.011051520592846772,0.0039488180703777485,0.0034042430735114347,0.001541908488495984,0.22297341347716143
24.866666666666667,0.9334502529938195,0.004959430016407316,0.0017513688109354662,0.0015098404225091786,0.0006308983513245688,0.05769820940500397
24.9,0.9666720805255445,0.003596541115755833,0.0012632003472888718,0.001307863028519158,0.00045439324498199057,0.026705921737909616
24.933333333333334,0.9560750697338761,0.002033617662830638,0.0009792328509994975,0.002548881102623231,0.0001608498967975772,0.03820234875287266
24.966666666666665,0.9991739016168945,0.00020534497928538587,8.220950379755939e-05,0.0001624809199748941,9.389451566435689e-06,0.00036667352848112874
25.0,0.9983785646540654,0.00041159456640511746,0.0001723484837352246,0.0001893484542082709,1.39765084054976e-05,0.0008341673331807337
25.03333333333333,0.9996104094949154,8.901669897377596e-05,3.367524116102162e-05,3.6394052613349405e-05,6.39421892592604e-06,0.00022411029341039878
25.066666666666666,0.9997708156687201,7.179354801593783e-05,2.5882917493476464e-05,3.1850588146456405e-05,4.730619035630221e-06,9.492665858819738e-05
25.1,0.9998037018117237,6.277441334875799e-05,2.588450948833914e-05,3.1661466447824424e-05,5.108294607531574e-06,7.086950438369161e-05
25.133333333333333,0.9998507394009979,4.904567414233405e-05,2.0229964699909368e-05,2.4314267992440283e-05,3.9923731076942215e-06,5.167831905979579e-05
25.166666666666668,0.9998715154594447,4.20624544078706e-05,1.402259940192075e-05,3.251919896238044e-05,3.423931157195534e-06,3.64563566258521e-05
25.2,0.9999534582755467,1.969844641058833e-05,3.486346593726796e-06,1.3544834342616573e-05,9.050298439821493e-07,8.907067262557692e-06
25.233333333333334,0.9998399422547979,6.007201851466628e-05,9.586389346330325e-06,3.913883321769036e-05,4.540651445633141e-06,4.6719852677792114e-05
25.266666666666666,0.9997401332699923,0.00010435033680856563,1.3309929661860502e-05,6.468416269320505e-05,4.795149811565518e-06,7.272715103244363e-05
25.3,0.9997654388225702,8.602770087635775e-05,1.127983487599465e-05,5.9796098476916605e-05,5.7555145245683675e-06,7.170202867624372e-05
25.333333333333332,0.9997984675883824,7.039268403271801e-05,9.605091125026003e-06,5.025659774179179e-05,7.092163835871788e-06,6.418587488215665e-05
25.366666666666667,0.999797435132365,7.956384703324636e-05,9.4124602233669e-06,5.090434033480892e-05,7.1835726617686874e-06,5.5500647381936525e-05
25.4,0.9996986559848784,0.00011993969500090374,1.816419495986097e-05,7.308113379220582e-05,7.57403294628592e-06,8.258495842239831e-05
25.433333333333334,0.9997160435240441,0.00010737127625824641,1.7017779449107972e-05,7.792685319182688e-05,7.096005218232791e-06,7.45445618385683e-05
25.466666666666665,0.9997984110084858,7.178029109686674e-05,1.1913803264140566e-05,6.449492857785771e-05,5.643072372500783e-06,4.775689620286832e-05
25.5,0.9999364602317398,2.2966002534318933e-05,2.900419708785934e-06,2.657101988243136e-05,1.801282885856836e-06,9.301043249011216e-06
25.53333333333333,0.9999289968652366,2.4209907331867325e-05,2.1158578539511903e-06,3.3067018554192796e-05,1.8687319637930981e-06,9.741619059563757e-06
25.566666666666666,0.9999471813301034,1.461260751460277e-05,1.7020624657438369e-06,2.6638836879280815e-05,1.7515049395842455e-06,8.113658097213036e-06
25.6,0.9998296273138972,5.378966217247648e-05,5.065135098574262e-06,7.927400455509887e-05,7.203359801228007e-06,2.5040524475456196e-05
25.633333333333333,0.9998440603665915,4.8865885746219636e-05,4.788588638440802e-06,7.494579910476699e-05,6.647801723747853e-06,2.0691558195244017e-05
25.666666666666668,0.9998551111824043,4.730126619099968e-05,4.540739194969681e-06,6.971155125428457e-05,5.3003827710232735e-06,1.80348781840595e-05
25.7,0.9996875953557717,0.0001401637443442908,6.590917283009586e-06,0.00012212598272223307,1.0420827961151291e-05,3.310317191763673e-05
25.733333333333334,0.9997518384513144,0.00010148779820008723,5.612523461336251e-06,0.00010399689661319662,8.873900082054067e-06,2.8190430329171907e-05
25.766666666666666,0.9997672533615215,9.64922546572453e-05,5.3362576852175305e-06,9.887784748053735e-05,7.660212863326252e-06,2.4380065792175995e-05
25.8,0.999910441808967,3.7288399235052955e-05,2.061488606763362e-06,3.963681725257131e-05,2.8203185268672927e-06,7.75116741156153e-06
