t,p_REST,p_REACH,p_GRASP,p_HOLD,p_RELEASE,p_RETRACT
0.0,0.9999100129846008,5.550968218083535e-05,6.935615651030138e-06,1.6946976807360746e-05,1.2546827360697333e-06,9.340058023867167e-06
0.03333333333333333,0.9999099885525347,5.0566253846067915e-05,1.2420083263109389e-05,1.7171636482380373e-05,1.2479809346493147e-06,8.605492939056696e-06
0.06666666666666667,0.9999106221958053,5.0566285889918696e-05,1.2420091133720014e-05,1.7188345173835206e-05,1.1456073753428074e-06,8.057474621949225e-06
0.1,0.9999391231535092,2.934417829932533e-05,8.708411911239957e-06,1.53077019218062e-05,9.597301896580332e-07,6.556824168779289e-06
0.13333333333333333,0.9998994915799359,6.27416311481791e-05,6.792275158633761e-06,2.456839901430185e-05,8.238637244456234e-07,5.582251018246774e-06
0.16666666666666666,0.9999251825533233,4.584399528757269e-05,4.178461504275847e-06,2.0070463005297973e-05,1.024010357850997e-06,3.700516521487272e-06
0.2,0.9999456488013434,3.285978965517015e-05,3.611291221535696e-06,1.363099792322644e-05,9.067831725446249e-07,3.3423366839495078e-06
0.23333333333333334,0.9996211067657698,0.00026024811239302103,2.150053538425499e-05,6.592352842048226e-05,4.537709888722995e-06,2.6683348143819425e-05
0.26666666666666666,0.9994275903856696,0.0004020547792782919,3.237829142277902e-05,6.765218852186553e-05,8.46181596704317e-06,6.186253914025983e-05
0.3,0.9997806601068943,0.00015719721699230518,1.4065025248929529e-05,2.469463165552167e-05,3.532703995397125e-06,1.985031521355076e-05
0.3333333333333333,0.9997622189969597,0.00018399156812438426,1.6957447305441365e-05,2.139653621902544e-05,2.996253957321654e-06,1.2439197433807795e-05
0.36666666666666664,0.9999458258831501,3.0242174231228477e-05,5.813283919459001e-06,1.2875499344753302e-05,1.004670379361176e-06,4.238488974957348e-06
0.4,0.9999553422827926,2.6157020235573254e-05,4.551634446717405e-06,8.497823265839364e-06,1.212709946965128e-06,4.238529312297555e-06
0.43333333333333335,0.9999576515381942,2.435748323130497e-05,3.897553066179022e-06,9.66678401983787e-06,1.320090182075414e-06,3.10655130643606e-06
0.4666666666666667,0.9998906740626939,5.5451082510912024e-05,1.7001925871949234e-05,2.7306423931774585e-05,3.514353389823068e-06,6.052151601756961e-06
0.5,0.999930316784758,4.1257391963307767e-05,5.555870227291084e-06,1.8811607942442356e-05,1.1507540752244119e-06,2.907591033604505e-06
0.5333333333333333,0.9998004999776907,0.00015734064879407088,9.621694242592598e-06,2.5067443256382674e-05,1.667949146757212e-06,5.80228686945417e-06
0.5666666666666667,0.9977903543917453,0.001992091175755504,6.190407661156489e-05,9.662586595525785e-05,9.504281813380426e-06,4.952020811884469e-05
0.6,0.998548174801675,0.0013034174869636516,4.5756161667960025e-05,4.803297196627476e-05,8.149721517317119e-06,4.646885620982803e-05
0.6333333333333333,0.9975214107239584,0.0022653476591804195,7.429249599195213e-05,7.9349197416464e-05,1.412712927927212e-05,4.5472794173393004e-05
0.6666666666666666,0.9997622168044826,0.00017709820624380978,2.1255273983319704e-05,2.2986355692435158e-05,3.852649532406841e-06,1.259071006554159e-05
0.7,0.9996800796002772,0.0002592759931919332,1.7542372343147152e-05,3.182332988332643e-05,4.260151548165568e-06,7.018552756249358e-06
0.7333333333333333,0.9996910512777729,0.0002744695025943387,9.973176518798607e-06,1.6564295378385226e-05,2.569648078834622e-06,5.372099656567877e-06
0.7666666666666666,0.9997385798295089,0.0002352691088112327,8.220502983886994e-06,1.2728626870904169e-05,1.8045865044661373e-06,3.397345320617105e-06
0.8,0.9997456958602805,0.00023354759533456695,5.394402654313804e-06,1.1637410453770748e-05,1.366705489752681e-06,2.3580257870110836e-06
0.8333333333333334,0.9999008652348805,8.153078380266478e-05,4.326690881248328e-06,9.387816758845156e-06,2.194031042397174e-06,1.6954426343896652e-06
0.8666666666666667,0.9995227750659055,0.0004552913708096522,7.220997926874595e-06,8.657997505282943e-06,3.3623465524371667e-06,2.692221300547657e-06
0.9,0.9999490591805185,3.929216415415047e-05,2.48296958435076e-06,6.643702171397218e-06,1.0677008443667194e-06,1.454282727289363e-06
0.9333333333333333,0.9999310300682247,5.025669979350328e-05,2.8156338352279287e-06,1.1567338183045034e-05,1.394604667073229e-06,2.935655296352389e-06
0.9666666666666667,0.9999078880771008,6.063700428322795e-05,6.2510125230940035e-06,1.6413875545962073e-05,7.038723318972935e-06,1.7713072278904692e-06
1.0,0.9997408979443476,0.00019824857062139854,4.1276994268967847e-05,1.0383693785725425e-05,7.3625387214172175e-06,1.8302582546115453e-06
1.0333333333333332,0.9961675544545144,0.0035769799603662094,0.0002027202026301301,2.038589595857483e-05,2.6425057960546724e-05,5.934428570304148e-06
1.0666666666666667,0.0007736518041485669,0.9882809983955864,0.009563661699737021,0.000416057310500374,0.0007391380191785797,0.0002264927708490042
1.1,0.00023391248253896825,0.9939412318088382,0.005288017248515104,6.892888595886052e-05,0.00037272199891719154,9.518757523147828e-05
1.1333333333333333,0.00017386660568617632,0.9957034414999533,0.003743081890401249,5.040101431069461e-05,0.0002499909490716578,7.921804057696357e-05
1.1666666666666667,4.038684451935809e-05,0.9981286939469409,0.0009923425513863418,6.144974397045105e-05,0.0007317567437735871,4.5370169409536645e-05
1.2,1.537382553793825e-05,0.9994538903533926,0.0002149051952571488,4.940090249740169e-05,0.0002440560750408934,2.237364827390274e-05
1.2333333333333334,3.6972155847099065e-05,0.9996091759501301,7.202453277016846e-05,4.8261801239993364e-05,0.00021010779255218332,2.3457767460372355e-05
1.2666666666666666,2.4803179320540902e-05,0.9997001005234971,6.989779581291533e-05,3.7859854618478177e-05,0.0001542064324042201,1.3132214346825558e-05
1.3,5.9178902510276794e-05,0.9993602353410358,0.00013015588358000502,8.170006371428482e-05,0.00034292523469444845,2.580457446525905e-05
1.3333333333333333,0.00011280718438095276,0.998846838767529,0.00022226189362721722,0.0001281631487531971,0.0006480819088698255,4.184709683990788e-05
1.3666666666666667,4.929961218203681e-05,0.9988495967790463,0.0002132670174508395,0.0001775371225889805,0.0006684830747423398,4.181639398957479e-05
1.4,0.0003130146861262253,0.9957298133395698,0.0003267125154462081,0.0018381396598544802,0.001686735537471361,0.00010558426153185284
1.4333333333333333,0.00020834683163448918,0.9978031305125624,0.00019827437563656194,0.00020120781093993303,0.0014823515678917625,0.00010668890133467326
1.4666666666666666,7.996108514859464e-05,0.9991539874719446,9.414214528887984e-05,0.00010895484716268979,0.00041585965901234684,0.00014709479144296887
1.5,7.820692813306861e-05,0.9991266089217296,9.856640480814056e-05,0.00011061491701769901,0.0004319952399560155,0.00015400758835532153
1.5333333333333332,0.00015909039927590126,0.9985762562219945,0.00012733061474824075,0.0004967070418323865,0.0005402179228744762,0.00010039779927463374
1.5666666666666667,0.00010396219516055851,0.9983276648172912,0.00014993840343682845,0.00018038683067508098,0.0011423378067238448,9.57099467124945e-05
1.6,0.0001108726567657069,0.9978942306879962,0.00030710145135952154,0.00020229350747087897,0.0013822434165966177,0.00010325827981110895
1.6333333333333333,3.061236813974333e-05,0.9989186956052748,0.00018036397314818251,0.0001283414043657919,0.000663171259513495,7.881538955813602e-05
1.6666666666666667,2.6268637204917835e-05,0.9995771953700671,4.3166149447755704e-05,0.00012963521995875072,0.00012820189729756873,9.553272602389185e-05
1.7,2.5240358919842234e-05,0.9996022599575262,4.0573286937893435e-05,0.00015055379723731262,6.196554675848458e-05,0.0001194070526204968
1.7333333333333334,1.8041674541668204e-05,0.9996395265155275,4.7659464733062375e-05,6.495617807154684e-05,4.359424796821698e-05,0.00018622191915811697
1.7666666666666666,9.40088429488364e-06,0.9998436383274779,2.1548021548930322e-05,2.92406595196452e-05,1.8198715489668005e-05,7.797339166884417e-05
1.8,5.348918637726438e-06,0.999874367765186,2.0317565956086658e-05,2.21445804493369e-05,1.0946784381403201e-05,6.687438538930006e-05
1.8333333333333333,3.220158705302802e-06,0.9999108589395723,1.5243377088219478e-05,1.3700128041249955e-05,6.717670167700613e-06,5.0259726425239807e-05
1.8666666666666667,4.250448187911205e-06,0.9999151091249077,1.4273531151211346e-05,1.1919600057464118e-05,6.7176987215891715e-06,4.7729596974442356e-05
1.9,1.0915896989010678e-05,0.9999037485854467,2.075974698181198e-05,1.4094718515073718e-05,8.498126053069638e-06,4.1982926014148966e-05
1.9333333333333333,7.4414578175006155e-06,0.9999493039000439,1.3529645108617577e-05,5.628684851644835e-06,5.514427367833159e-06,1.8581884810640138e-05
1.9666666666666666,4.029534992117259e-06,0.9999318503679246,1.997751827449891e-05,8.349167341796708e-06,1.1015542700572702e-05,2.477786876618906e-05
2.0,3.4895260232163494e-06,0.9999380104288044,2.1522994684435182e-05,4.955743683900249e-06,1.113325109523169e-05,2.0888055709021283e-05
2.033333333333333,4.075310462467797e-06,0.9999254203868053,2.4260592243761833e-05,5.328732561935473e-06,2.7646339584525392e-05,1.3268638342053391e-05
2.0666666666666664,2.5087794752256036e-06,0.9999305376413224,3.806760198061924e-05,6.452869666559662e-06,1.0356676792896584e-05,1.2076430762565608e-05
2.1,1.5301241169224212e-06,0.9999504081669283,2.7413241713159335e-05,7.542735006015586e-06,5.428635485899714e-06,7.67709674953769e-06
2.1333333333333333,4.795376519769522e-06,0.999941616790903,3.264279223205213e-05,9.123347891966873e-06,5.844250080185201e-06,5.977442372824909e-06
2.1666666666666665,1.5614535061697773e-06,0.9999605706720438,1.9762946296811633e-05,5.24835797492266e-06,2.7565084580469084e-06,1.01000617202601e-05
2.2,1.4505150507989302e-06,0.9999526227983003,2.494747123547505e-05,4.4482382579488025e-06,2.7564865488018443e-06,1.3774490606766825e-05
2.2333333333333334,2.0488710873578246e-06,0.999950553526214,2.1034243547274994e-05,3.834405639252003e-06,3.032889162580223e-06,1.949606434983766e-05
2.2666666666666666,1.048330845836715e-06,0.9999555080533642,1.714975780989474e-05,6.241012725408487e-06,2.3612427540106496e-06,1.769160250073663e-05
2.3,1.085657867875331e-06,0.999825615784985,0.000149199377172183,5.219460550684734e-06,2.708100808511914e-06,1.6171618615833155e-05
2.3333333333333335,2.204967057682439e-06,0.9993194557121762,0.0006348889590473468,6.260308299836291e-06,2.521421076820158e-05,1.1975842650542115e-05
2.3666666666666667,4.126457199812622e-06,0.9971573188244831,0.0027652722706088986,3.681724136518937e-05,1.724573965810056e-05,1.9219466685167074e-05
2.4,6.301527850536385e-06,0.9927394533918501,0.007144265716879544,5.916036998320038e-05,3.2793132245600324e-05,1.8025861191063114e-05
2.433333333333333,3.509676250281014e-05,0.05002269932068022,0.9490669672643653,0.00039464047160614707,0.0002576526680531361,0.00022294351279239193
2.466666666666667,5.969132913551733e-06,0.00010208950429336343,0.9997358130065537,9.946636008972021e-05,3.623500176210338e-05,2.0426994387578888e-05
2.5,1.503027087989381e-05,9.967893804063675e-05,0.9993308995835637,0.00046196673562050235,3.319547246160057e-05,5.9228999433458745e-05
2.533333333333333,1.0071438642582511e-05,0.0001340072778966596,0.9989464946717485,0.0008831715932430555,9.745254311800013e-06,1.6509764157263234e-05
2.5666666666666664,1.0305502635178879e-05,0.0001957288784329342,0.9991213746247246,0.0006469313258680742,1.0296027592492421e-05,1.53636407466125e-05
2.6,6.211095519472555e-06,0.00011216370541525491,0.9996017334850511,0.0002639063275815411,7.501392820584405e-06,8.483993612139054e-06
2.6333333333333333,4.387871202514094e-06,5.928911690466282e-05,0.9995301478302557,0.0003929813021202687,9.552303210738878e-06,3.641576306230912e-06
2.6666666666666665,3.827741349137328e-06,4.2268602942971256e-05,0.9997376786340789,0.0002042470325669848,8.315776749553423e-06,3.6622123125047516e-06
2.7,1.7270604982317436e-05,2.2477457056978936e-05,0.9989505129496858,0.0009538799387247914,4.5017636316656504e-05,1.0841413233374487e-05
2.7333333333333334,1.4475278639091212e-05,2.6469071629022185e-05,0.9982929917458143,0.0015971368776154498,5.6681983773780776e-05,1.2245042528179085e-05
2.7666666666666666,5.86290310116938e-06,2.01685913734502e-05,0.9992096960856802,0.0007268531603362874,2.1637644203935198e-05,1.5781615304861956e-05
2.8,4.454546309815837e-06,1.820277605029745e-05,0.9976976957209002,0.002253830741735743,1.662526112681342e-05,9.190953877052676e-06
2.8333333333333335,4.594695459258781e-06,1.2549019273893848e-05,0.9988823297543818,0.0010830225252678465,8.023885508835312e-06,9.480120108325174e-06
2.8666666666666667,6.5973180567269616e-06,1.6518617701579732e-05,0.9986256504661897,0.0013281186917154318,9.829724421656839e-06,1.328518191512558e-05
2.9,5.986382352984634e-06,7.471765634789905e-06,0.999093153212621,0.0008807935494326952,5.200939157673588e-06,7.3941508009052255e-06
2.933333333333333,5.301206216584273e-06,4.482779034811663e-06,0.9996112325170291,0.000369784667676995,3.82471202374552e-06,5.374118018643004e-06
2.966666666666667,3.813109241043317e-06,3.0519390216691606e-06,0.999723081139006,0.00026404030337802366,2.802110812680322e-06,3.211398540375334e-06
3.0,8.02735235778916e-06,3.7026054579117223e-06,0.9997925558976886,0.00019185775382858682,1.6616198058471982e-06,2.1947708613671102e-06
3.033333333333333,4.200344302356568e-06,3.791485892867276e-06,0.9998497345447068,0.00013675589184767756,3.5618528777593995e-06,1.9558803723600777e-06
3.0666666666666664,2.159148283997102e-06,2.0550490529496123e-06,0.9999332689314281,5.357055030197862e-05,7.748652917639513e-06,1.1976680150723715e-06
3.1,1.8589126906667718e-06,2.088023880538017e-06,0.9998650637985461,4.544640961087984e-05,8.461748001173028e-05,9.25375259917911e-07
3.1333333333333333,2.2574369013539866e-06,6.78903639774741e-06,0.9998382338868298,4.84058175677083e-05,0.0001031496376615075,1.1641846417987513e-06
3.1666666666666665,4.365041525929338e-06,2.163086910765128e-05,0.9996571168047416,0.00013482121435974873,0.00017736418659513749,4.7018836699893215e-06
3.2,1.0112800823719476e-05,6.10713494003206e-05,0.9994867254517783,0.0002204115662713602,0.0002030777372145524,1.860109451209239e-05
3.2333333333333334,8.870330374562908e-06,5.518945527514624e-05,0.9996357924819139,0.00013420893409803465,0.00014852534581789753,1.741345252041965e-05
3.2666666666666666,1.3952752923511015e-05,5.200581867888889e-05,0.9995711871065629,0.0003112099000718218,3.522195561020478e-05,1.6422466152666065e-05
3.3,2.4607902806613725e-05,9.172054708085822e-05,0.999072720073574,0.0007490710263902739,3.197615209438381e-05,2.9904298053777873e-05
3.3333333333333335,3.5324723412864764e-05,0.0001315116694566025,0.9982653985378857,0.00148730031155111,4.405958711780794e-05,3.6405170575948055e-05
3.3666666666666667,5.046269374707499e-05,0.00016008698242897992,0.9988288453582479,0.0007572760689105253,0.00015839793754513894,4.4930959120675275e-05
3.4,4.897418267475852e-05,0.000147884397642019,0.9976744394138923,0.002038960140216393,6.14707471881382e-05,2.827111838632351e-05
3.433333333333333,0.00024480385418071415,0.0006481120749841712,0.9455669647652831,0.05301755672545655,0.0003993421525127238,0.00012322042758267017
3.466666666666667,0.001363316025844928,0.005894255334761481,0.08439808456949191,0.9058161726040226,0.001853185548808884,0.0006749859170702698
3.5,0.0008800474968387201,0.005007982550208075,0.017977359230506692,0.974615125054535,0.0011730216655150547,0.0003464640023964678
3.533333333333333,0.00036005276852092114,0.003294598793850657,0.003779652999640929,0.9919801880441619,0.00045350306716701724,0.0001320043266584991
3.5666666666666664,0.00018490086127626344,0.0013614683932913726,0.0008426721990741784,0.9973288632608586,0.00017683517785976413,0.00010526010763996115
3.6,0.0004460634039690206,0.0048794884454256065,0.0019875715364905413,0.9920485162548537,0.0003837340472650959,0.00025462631199607225
3.6333333333333333,0.0006718156262120439,0.006310201507588257,0.0025516327878019464,0.9891983337145246,0.0006160205934667782,0.0006519957704061668
3.6666666666666665,0.00025264778930852484,0.00447770101072195,0.001768953385064042,0.9924477760485241,0.0002552956561973928,0.0007976261101841751
3.6999999999999997,0.00041967681318093016,0.00429396702889052,0.0014158617816518585,0.9919137830909487,0.00027336960778821134,0.0016833416775397351
3.7333333333333334,0.00013920432381592061,0.0022622010482118856,0.0007837999086783718,0.9953754349802718,0.00022906091732120094,0.0012102988217007025
3.7666666666666666,0.0002653880026763669,0.003457611846261788,0.0013115113113426299,0.9917121177809114,0.00035010316252456904,0.002903267896283182
3.8,0.00011358562409238476,0.0016268249227654843,0.0006435377405227947,0.9962614515670121,0.0001246398776614744,0.0012299602679457953
3.8333333333333335,3.776109395021972e-05,0.0005046435349877218,0.00018788419160577875,0.9982542066207787,3.734571219171947e-05,0.0009781588464858953
3.8666666666666667,4.5044280790207035e-05,0.0005093108806825211,0.0002284628347055532,0.998209147014653,3.734402646570832e-05,0.0009706909627029427
3.9,4.571697511040425e-05,0.00047373512266864583,0.0003437836455286001,0.9980943445775222,0.00012346834986054999,0.0009189513293097133
3.933333333333333,1.0890019852773648e-05,0.0001497822844978164,8.337151015475748e-05,0.9993934267045,3.478418825849913e-05,0.0003277452927360135
3.966666666666667,8.299243562432522e-06,7.569740024427834e-05,3.074436801296512e-05,0.999669171173757,3.598948256324933e-05,0.00018009833186025042
4.0,4.513938034811635e-06,3.9023895540918625e-05,3.990848057575641e-05,0.9997831274577329,1.779852841649556e-05,0.00011562769969916662
4.033333333333333,4.223344281499102e-06,1.6764621340917852e-05,4.290162743237908e-05,0.9998286559447248,1.7167507222414515e-05,9.0286954997951e-05
4.066666666666666,4.492535949502275e-06,1.0879451809555074e-05,4.439549024360635e-05,0.9998674200638028,7.290780012421321e-06,6.552167818197333e-05
4.1,6.717377003701908e-06,1.5402767177889073e-05,4.133376810585147e-05,0.9998573843224908,7.340653140250463e-06,7.182111208145065e-05
4.133333333333333,8.607715239402302e-06,1.1989126177045142e-05,2.9149671654406048e-05,0.9998860355010597,4.899617594055476e-06,5.931836827540717e-05
4.166666666666667,1.371731212632119e-05,1.1997811782222959e-05,7.909514715677911e-05,0.9998412094857433,1.2750370946821652e-05,4.1229872244627404e-05
4.2,7.066459505542316e-06,6.455906974391009e-06,8.031957950645128e-05,0.999882931260753,7.18543770941453e-06,1.6041355551023988e-05
4.233333333333333,6.506029009253445e-06,5.586080564796545e-06,8.76121929537678e-05,0.9998771550960784,7.721667595862182e-06,1.5418933797705593e-05
4.266666666666667,7.648688546866557e-06,6.3105683060015655e-06,0.0001224770457108567,0.9998390032453227,8.187019076665545e-06,1.6373433036965997e-05
4.3,4.210231585516974e-06,7.717698261503806e-06,0.00019998696621841407,0.999765605466264,9.253386533318817e-06,1.3226251137353455e-05
4.333333333333333,4.677339024825105e-06,9.875834785633839e-06,0.0002477549981239018,0.9996969929405582,1.1468128221061631e-05,2.9230759286228336e-05
4.366666666666666,4.693229402962614e-06,7.372535467482893e-06,0.0002416519330648257,0.9997205242836948,1.0146026174337438e-05,1.5611992195469275e-05
4.4,1.2843137937791257e-05,2.016581757777422e-05,0.0008449517580815185,0.9990668746121671,2.2412965423519816e-05,3.275170881239001e-05
4.433333333333334,1.2548359111419298e-05,1.0377386377345282e-05,0.0006992377830777472,0.9992126710673174,2.896612118711315e-05,3.619928292907847e-05
4.466666666666667,1.4007053931835834e-05,1.0861548381228812e-05,0.0008703559299381541,0.9990388896293112,2.858248561654478e-05,3.730335282089165e-05
4.5,1.3118909686006475e-05,1.0172850976154908e-05,0.0004965953023013844,0.9994184047171457,2.677015803821381e-05,3.493806185255197e-05
4.533333333333333,1.4232975407842636e-05,1.0154079604721442e-05,0.0006000041245860313,0.9992469687176023,6.713580798916025e-05,6.150429480994857e-05
4.566666666666666,1.4232686696778239e-05,1.2418895131684647e-05,0.0005999919537064725,0.9992266993327642,9.696568558722958e-05,4.969144611378588e-05
4.6,1.5331984843293007e-05,1.1797771014552902e-05,0.0005542810984211042,0.9992670002251052,9.867435142259492e-05,5.291456919340956e-05
4.633333333333333,1.0154992010574393e-05,6.388956950371653e-06,0.00036712272961455497,0.9995281485741236,6.535600319115917e-05,2.2828744109673956e-05
4.666666666666667,1.1894141064927285e-05,9.377712964039657e-06,0.00022447784104451515,0.9996674893014428,6.693412648798695e-05,1.9826876995823737e-05
4.7,1.181767374472588e-05,9.005544231597748e-06,0.00016761335183207882,0.9997149903157181,6.427774437140204e-05,3.2295370102112357e-05
4.733333333333333,1.3812149176998104e-05,8.317201446217661e-06,0.00020457189141372155,0.9996747079128596,7.260709992543699e-05,2.598374517809324e-05
4.766666666666667,1.2942058271259346e-05,8.775036155647163e-06,0.00021551113745535842,0.9996550769561164,7.435179781016917e-05,3.334301419122355e-05
4.8,1.104620997125601e-05,8.602275483819032e-06,8.89135447070783e-05,0.9997901425349742,6.324682181662583e-05,3.8048613046927396e-05
4.833333333333333,1.533911694738896e-05,6.0140018448195694e-06,8.296620855383359e-05,0.9997994279572125,6.642732632987644e-05,2.982538911149374e-05
4.866666666666666,4.8036985386793076e-05,8.22216051069735e-06,6.0342465789664556e-05,0.999673948891544,0.00018666802670240854,2.278147006642968e-05
4.9,4.756160994488836e-05,7.2862379036773364e-06,3.46883340343958e-05,0.9997192761642917,0.00017398600970440972,1.7201644120891454e-05
4.933333333333334,4.749580456961275e-05,6.735617963456161e-06,2.9811701172594764e-05,0.9996863096844762,0.00020701316054092236,2.263403127711111e-05
4.966666666666667,4.481473283939421e-05,7.688867953467775e-06,3.0476481787124987e-05,0.9996145773961171,0.0002884166036363428,1.4025917666609936e-05
5.0,0.00011193773297151376,2.0524997243790918e-05,3.2572466099723866e-05,0.9975423532923704,0.002185786136002164,0.00010682537531252151
5.033333333333333,0.00018057738201854222,6.902881965427341e-05,8.357057466300754e-05,0.979026558561556,0.020439248416037798,0.00020101624607022907
5.066666666666666,0.00024351745276200213,7.190919449009283e-05,9.879402712602567e-05,0.2706277094193809,0.7285002338695962,0.0004578360366447523
5.1,0.00018071892956453086,8.365337029058714e-05,0.00011340172885095736,0.044002235938498425,0.9552283061983559,0.0003916838344396878
5.133333333333333,3.375240543010894e-05,7.114092771389976e-05,5.1247595700753976e-05,0.020571169019032977,0.9789677835488375,0.00030490650328469427
5.166666666666667,1.9443973604033406e-05,3.594737685740845e-05,2.234404439127953e-05,0.0002651953751520038,0.9974615620781185,0.002195507151876511
5.2,5.5350252135640806e-05,0.00012977760343146306,4.929148904735484e-05,0.0006053681235469873,0.9815292691981958,0.017630943333642755
5.233333333333333,0.0016166095074454222,0.004033682255850523,0.001316941702269675,0.026574063018661612,0.16337502859962322,0.8030836749161495
5.266666666666667,3.835758930716682e-05,8.875200461066971e-05,4.0637217549987144e-05,0.0001865389254131674,0.00045586667192924556,0.9991898475911897
5.3,8.181301208705959e-06,3.4277328963749853e-05,9.713926750094194e-06,5.965362332486414e-05,0.00010888865228630913,0.9997792851674663
5.333333333333333,1.2566557674373433e-05,6.688737271844102e-05,1.1333694251135484e-05,0.00010692499162077258,0.00024171476854366864,0.9995605726151916
5.366666666666666,4.511403827639247e-05,5.4521285162140526e-05,1.5194964317279876e-05,0.00011088640859951694,0.0001793294544265368,0.9995949538492181
5.4,3.408466872747901e-05,9.320421556340598e-05,1.702589090791268e-05,0.0002674193817637782,0.0001552438560427433,0.9994330219869947
5.433333333333334,0.00016455789867597927,0.00021283476890286118,2.7391254876650383e-05,0.0005037085256434167,7.850727579819388e-05,0.9990130002761028
5.466666666666667,0.0017404026209653606,0.0006142008819743428,6.035177683962071e-05,0.0010638693123587173,0.00015940685589415818,0.9963617685519679
5.5,0.11657295281239222,0.0006807402011573377,5.575523970536817e-05,0.0022865773150163872,0.0001921588881244864,0.8802118155436042
5.533333333333333,0.9235054320042257,0.0003321602655214204,4.100730571013353e-05,0.0015844594585996126,9.044676211756741e-05,0.07444649420382571
5.566666666666666,0.9972738719255272,1.5855053959458493e-05,1.8926692935516018e-06,0.00019369632630511702,4.617064062513917e-06,0.0025100669608522697
5.6,0.9984013924731048,6.042425357625165e-05,8.693776030948657e-06,0.00039354338850942406,1.2380232724152864e-05,0.0011235658760544909
5.633333333333333,0.999752033132889,5.284794786530265e-06,8.993523512999592e-07,8.81294152788756e-05,1.864450369375587e-06,0.00015178885432491483
5.666666666666667,0.999848294906737,4.435315670210256e-06,7.499179749110441e-07,7.17805745422298e-05,1.5497016215910513e-06,7.31895834541238e-05
5.7,0.999940689671973,4.217717959954154e-06,9.312481686082262e-07,3.620859398376141e-05,1.4736728674928352e-06,1.647909504704224e-05
5.733333333333333,0.9998365497484853,1.6394304401268402e-05,3.7608277446442184e-06,9.325758874441821e-05,4.202777958370489e-06,4.58347526657923e-05
5.766666666666667,0.9999243281088717,8.855339007394435e-06,2.07698139107473e-06,3.67737929294861e-05,2.299588520390443e-06,2.5666189279898624e-05
5.8,0.9996681781482919,3.665032428715074e-05,7.364795349966471e-06,0.00012580378794174732,9.905157184639129e-06,0.00015209778694476293
5.833333333333333,0.9996276246814402,5.2316680343740436e-05,1.6110634955677575e-05,0.00015714905502302204,1.1670719816026199e-05,0.00013512822842130662
5.866666666666666,0.9998091652703665,4.5396787262057726e-05,9.1547540012069e-06,4.620891353082333e-05,7.29957261705834e-06,8.27747022222716e-05
5.9,0.9998431283392294,4.5707298637654205e-05,8.368207572742872e-06,4.703419872384938e-05,5.343027044624471e-06,5.041892879189216e-05
5.933333333333334,0.9999093760782845,2.2684352173855225e-05,3.996511436991897e-06,4.331650408749011e-05,2.33725700295654e-06,1.8289297014078514e-05
5.966666666666667,0.9999128467176144,3.6650663964375854e-05,3.996525308698781e-06,2.726227658551144e-05,2.3378099928718003e-06,1.690600653422842e-05
6.0,0.9999412516008489,2.101720740561108e-05,3.188257043812668e-06,2.0341586145760025e-05,1.8236471410096759e-06,1.2377701415061433e-05
6.033333333333333,0.9999522217720043,1.944247289807969e-05,3.1090224159362004e-06,1.4245465888830529e-05,3.0165728297784983e-06,7.964693963092894e-06
6.066666666666666,0.9998929841484653,4.724216547205459e-05,5.553460808764679e-06,3.7425321984321795e-05,2.732494748830354e-06,1.4062408521008847e-05
6.1,0.9997907219924534,6.597193340091904e-05,1.469968658774805e-05,8.299289602964777e-05,6.39427131781296e-06,3.921922021042268e-05
6.133333333333333,0.9998146497594292,6.821806759045295e-05,1.4700038392048241e-05,5.297702798521028e-05,8.100981555194156e-06,4.135412504777381e-05
6.166666666666667,0.9999272905811193,4.2239996704384364e-05,5.464017546658795e-06,1.4902431016122758e-05,2.57097574455068e-06,7.531997869086186e-06
6.2,0.9999595431039445,1.5889487294892663e-05,4.798587420860326e-06,1.191121207452421e-05,4.179669349815444e-06,3.677939915221322e-06
6.233333333333333,0.9999728690510329,7.429079888689153e-06,3.936836668958704e-06,9.210600230342854e-06,1.7292053373275325e-06,4.825226841718856e-06
6.266666666666667,0.9999578764113353,1.3406644493871776e-05,5.400603425751458e-06,1.3951472474075925e-05,2.2330302709443566e-06,7.131838000031475e-06
6.3,0.9999586339959384,1.3406654650967077e-05,4.792790385776384e-06,1.3951483043941903e-05,2.0832325773026425e-06,7.131843403229738e-06
6.333333333333333,0.9999464125112967,2.3168288317587113e-05,6.3222363593021744e-06,1.4573737321539297e-05,2.0759793818533414e-06,7.4472473231143675e-06
6.366666666666666,0.9999582756259966,2.1789764694280595e-05,3.958993571845768e-06,9.93027259891316e-06,1.2219260967360817e-06,4.823417041826599e-06
6.4,0.9999510408695174,2.3455227264216403e-05,3.6979319182018634e-06,1.3970530463519714e-05,1.3858901815519034e-06,6.449550655271851e-06
6.433333333333334,0.9998404444507548,0.00012870417161543358,7.242980564652613e-06,1.321338343111511e-05,1.9800304475100825e-06,8.414983186580279e-06
6.466666666666667,0.9999458326772813,3.770950198305881e-05,3.867955721242883e-06,8.449440118371301e-06,1.0048456767691944e-06,3.135579219125886e-06
6.5,0.9999436567297998,3.805642929528987e-05,4.372403453857368e-06,1.041376922196396e-05,1.1024717500913686e-06,2.3981964790004563e-06
6.533333333333333,0.9999378999538291,4.344403942879536e-05,4.508508696696572e-06,9.518395180321652e-06,2.3329100662249614e-06,2.296192798908967e-06
6.566666666666666,0.9999234866534695,5.956791477304988e-05,3.404253964174332e-06,9.193264493728982e-06,2.4944897903443786e-06,1.85342350911986e-06
6.6,0.9999463012030944,3.574519689698294e-05,2.9183351450170736e-06,9.09525066459372e-06,4.691803535628248e-06,1.2482106633788935e-06
6.633333333333333,0.9998032089411398,0.00016448796869730144,8.073314657154182e-06,1.4330408383772007e-05,8.127120147367883e-06,1.772246974362799e-06
6.666666666666667,0.9994591061614239,0.00045471586173571557,4.749582836080268e-05,1.5465210072798585e-05,2.065314221991022e-05,2.5637961870797136e-06
6.7,0.9973219031575864,0.0016436518710125794,0.0008871014537602182,4.1469385029234074e-05,9.09445950564769e-05,1.4929537555250235e-05
6.733333333333333,0.04644468362948873,0.8526733877254862,0.08860745779017012,0.0009705508087278095,0.010307038274267476,0.000996881771859595
6.766666666666667,0.0013953822118032584,0.9637075734511047,0.03020707975482347,0.0003912366922524337,0.0037775366670088797,0.0005211912230073257
6.8,0.00014707645038539456,0.9845766489447555,0.009848236076262906,0.00011377680180424523,0.0051550224705877576,0.00015923925620421755
6.833333333333333,3.70367137843541e-05,0.9961692638642469,0.002605782570179075,8.611132080192488e-05,0.0010531213836842683,4.86841473035315e-05
6.866666666666666,5.550040233164563e-05,0.9966706050207758,0.0020325539741540043,0.0001732970571051606,0.0010391188044016411,2.8924741231905413e-05
6.8999999999999995,4.497143479992603e-05,0.9989219889115507,0.0001593754514307344,0.0001460417960112313,0.0007034224198007725,2.419998640639688e-05
6.933333333333334,4.751334277447404e-05,0.9993525609036333,0.00011322915282464175,5.112888869303914e-05,0.00041865999207611466,1.6907719998304344e-05
6.966666666666667,2.5949864137511888e-05,0.9996370863986255,4.503433944982317e-05,3.7852583745875595e-05,0.00024363293929870774,1.044387474275163e-05
7.0,1.537349094026037e-05,0.9998093679236192,2.387639353513144e-05,4.6062167752149545e-06,0.0001369893448474819,9.78663028286165e-06
7.033333333333333,2.2260824053843958e-05,0.9996623583014794,3.348441881089876e-05,8.270459639973308e-06,0.0002573843782629597,1.6241617752946537e-05
7.066666666666666,8.013733768267682e-06,0.9997074984563321,2.239786821088925e-05,1.1638081337823449e-05,0.00022924522966762806,2.120663068333051e-05
7.1,9.788756870030993e-06,0.9992927681826327,2.0742663697986685e-05,1.3392783832083724e-05,0.0006209072076302726,4.240040533690692e-05
7.133333333333333,6.128747260251338e-06,0.9998071500899169,1.2479381166325931e-05,1.899704494366037e-05,0.00012970707112797762,2.5537665584992367e-05
7.166666666666667,5.816686390874157e-06,0.9997261839113337,1.2450156063539268e-05,1.6305717617996904e-05,0.00021531892423862063,2.3924604355314037e-05
7.2,9.466678475395178e-06,0.999817595986582,2.0616906228321802e-05,2.8291368212587805e-05,8.441097683856505e-05,3.961808366304051e-05
7.233333333333333,4.86233171454815e-06,0.9998828081585793,1.7987428011429293e-05,1.896952454287156e-05,3.6687506840525214e-05,3.868505031156902e-05
7.266666666666667,4.86231150633716e-06,0.9998786525715196,1.798735325434529e-05,1.95667363622496e-05,4.448832298904308e-05,3.444270436841218e-05
7.3,6.676388871648288e-06,0.9999055840551132,1.3776131155920075e-05,1.7226068006772106e-05,2.3881917503810835e-05,3.285543934864729e-05
7.333333333333333,8.474400677922988e-06,0.9998801369609315,1.2698076193543844e-05,1.775321348920876e-05,2.7417718068198193e-05,5.351963063972545e-05
7.366666666666666,7.942213067476993e-06,0.9998380516396889,7.443259310083115e-06,1.8638098492326037e-05,2.7416564046400996e-05,0.00010050822539467164
7.3999999999999995,1.694887463486402e-05,0.9997035008917695,1.3510920934592321e-05,3.383166763514914e-05,4.976623998942385e-05,0.00018244140503663667
7.433333333333334,2.1860275000550425e-05,0.9997457754892006,1.9462776698904517e-05,4.411939796840453e-05,6.954722029405108e-05,9.923484083738788e-05
7.466666666666667,7.2366001551555476e-06,0.9998140589778309,1.573659500618597e-05,3.318674200149218e-05,4.638229712065356e-05,8.339878788533692e-05
7.5,7.357414179638529e-06,0.9998536670234308,1.8804800964495072e-05,2.942530210911434e-05,3.939748213549315e-05,5.134797718038542e-05
7.533333333333333,2.0658806050973812e-05,0.9996874319928669,4.729601684787309e-05,5.560445779189434e-05,8.436971887115257e-05,0.0001046390075709634
7.566666666666666,1.4673356988299012e-05,0.9998497627345451,2.5967707013567687e-05,3.001170737560871e-05,3.5338558440007107e-05,4.4245935637211785e-05
7.6,2.1254228396175755e-05,0.9998229637483824,3.707797878556808e-05,3.272745209505088e-05,4.4150820631592433e-05,4.18257717092656e-05
7.633333333333333,6.8574979223918365e-06,0.9998937726623052,2.080095158099746e-05,2.056628633694289e-05,2.606066579205353e-05,3.1941936062460425e-05
7.666666666666667,6.551402708550174e-06,0.9999056969780539,1.8392355812440065e-05,2.3246583773157785e-05,1.8857973732651865e-05,2.7254705919127e-05
7.7,7.092179906725589e-06,0.9999028506644497,1.9283617584855145e-05,2.9807105188193108e-05,1.649129741049631e-05,2.4475135460238067e-05
7.733333333333333,4.834702200605247e-06,0.9999568087952982,7.572861079474524e-06,1.3223701503890306e-05,7.008764851561439e-06,1.0551175066037805e-05
7.766666666666667,2.5017526763748724e-06,0.9999751057654181,4.730559997912146e-06,5.703784373129891e-06,4.615174088860946e-06,7.342963445432972e-06
7.8,4.270000017883789e-06,0.9999429545428398,1.1151659704407027e-05,1.765861781095923e-05,9.229690957863974e-06,1.4735488668993512e-05
7.833333333333333,1.8437040304568506e-06,0.999958780228624,1.0040680256576348e-05,1.0228111620199672e-05,6.220021199907727e-06,1.2887254269040824e-05
7.866666666666666,1.8437007640481558e-06,0.9999570086459835,1.6318322914001635e-05,6.699472495680498e-06,6.220010180171915e-06,1.1909847662506363e-05
7.8999999999999995,1.8220260377900746e-06,0.9999578674807044,1.6020427589498035e-05,7.284964612435573e-06,5.6136269082277135e-06,1.1391474147632508e-05
7.933333333333334,1.9908069507044986e-06,0.9999604917326146,1.3622901967983815e-05,5.617806946480689e-06,4.534671237224037e-06,1.3742080283056902e-05
7.966666666666667,3.5615951589201615e-06,0.9999536361314525,1.3473990063065536e-05,5.0824175833646246e-06,5.528161750883988e-06,1.871770399125652e-05
8.0,2.3819505874165173e-06,0.9999446455132597,2.0118831841712936e-05,5.186514155468946e-06,5.932086009660282e-06,2.1735104145939886e-05
8.033333333333333,1.6476844711740642e-06,0.9999399507379473,2.171316597637348e-05,5.909704861523623e-06,4.161377313337645e-06,2.6617329430512325e-05
8.066666666666666,1.6297118006336688e-06,0.9999342149205123,3.792254485133286e-05,6.16083638744629e-06,3.3784664225101793e-06,1.669352002579628e-05
8.1,1.665228033288373e-06,0.999816824608665,0.00014982053447223695,5.184295458527758e-06,5.646386595549739e-06,2.0858946775634467e-05
8.133333333333333,2.4502857239024938e-06,0.9996553943340628,0.00029623326326635036,8.251690724500006e-06,5.781235913357054e-06,3.18891903089152e-05
8.166666666666666,4.198809273848377e-06,0.9994379136519294,0.0005131474891065139,8.03557838624122e-06,2.0522802616653987e-05,1.6181668687426184e-05
8.2,7.058620542314652e-06,0.9991201245374547,0.0007705621991148787,1.2444376272661795e-05,6.81837151385558e-05,2.1626551477060486e-05
8.233333333333333,2.6379043022435755e-05,0.9891969858896282,0.010044601061914434,0.0001970387928154028,0.0004603242823528583,7.467093026655998e-05
8.266666666666666,7.338658779064633e-05,0.9780833986748328,0.020270581356844862,0.00014859254105872608,0.0011394493297206556,0.00028459150975235475
8.3,8.226754589069765e-05,0.9763580955123887,0.021995471670904748,0.0002112645111122143,0.001074333483494426,0.00027856727620915447
8.333333333333334,0.00012669405151987742,0.1893681107722628,0.805233547602599,0.002988178685835234,0.001882718533934239,0.00040075035384874556
8.366666666666667,5.184474586904363e-05,0.033664925716272553,0.9605300386202501,0.005008205146759571,0.0005760094206375115,0.00016897635021139105
8.4,1.9477610477613885e-05,0.005711352331832406,0.9927946085532123,0.0011836681077356317,0.00023025889662997435,6.063450011214626e-05
8.433333333333334,2.0327295375996052e-05,0.0004354620255039592,0.9989750508920083,0.000412701264153779,0.00013730803658074938,1.9150486377224315e-05
8.466666666666667,1.564958693237656e-05,0.0002170764779148547,0.9986422498415245,0.0009234428111216603,0.0001912733817945646,1.0307900712179468e-05
8.5,9.351636201138569e-06,0.00012237873972700705,0.9992710558896727,0.0005021273495297387,8.149482216270673e-05,1.359156270651085e-05
8.533333333333333,9.551077942639683e-06,0.00024862988905123486,0.999099804232755,0.0005144694863230014,0.00011257604478860937,1.4969269139515093e-05
8.566666666666666,1.4258668431044408e-05,0.0005106977623924049,0.9978114479217415,0.0014945600435932057,0.00014821019478857326,2.082540905330786e-05
8.6,1.9619183876337523e-05,0.0002750117119397093,0.997325144276225,0.0021074284541610765,0.00023802775473871372,3.4768619059343626e-05
8.633333333333333,2.5187445456110906e-05,0.0001662468989477038,0.9945562192824671,0.005010960597845947,0.00019689930827920427,4.4486467003830796e-05
8.666666666666666,2.5946643618733337e-05,0.00036485695465830097,0.9895819395342199,0.009750794377351829,0.00023707214387951375,3.939034627172485e-05
8.7,1.0826920310711458e-05,0.00012462884159605172,0.9948080304480852,0.004895540340963059,0.00013719727618213462,2.3776172862816354e-05
8.733333333333333,1.077501181291668e-05,6.636405858078024e-05,0.99554043386788,0.0042093719244930255,0.00015108754241654153,2.196759481685893e-05
8.766666666666666,9.837057853114297e-06,9.827525421200593e-05,0.9957477359494795,0.003969808746717581,0.00015600796833034158,1.8335023407317974e-05
8.8,1.0987295524052602e-05,0.00018503165463537122,0.9968925050882719,0.002755478177228797,0.00013347349361649192,2.2524290723271323e-05
8.833333333333334,8.932982179934145e-06,0.00029256325716599626,0.997866512968064,0.0017139493418121662,0.00010657923891560502,1.146221186217607e-05
8.866666666666667,9.514833061075198e-06,0.0002552446185760493,0.99775001075062,0.0019000924834225125,7.335652694768847e-05,1.178078737274985e-05
8.9,1.1056080090299312e-05,0.0004143906846064225,0.9983281414533293,0.001157753011526126,7.790005130014878e-05,1.0758719147772244e-05
8.933333333333334,8.152824312839445e-06,0.0001714783513739826,0.9986436183072259,0.001133944296444891,3.766993643069044e-05,5.1362842116169736e-06
8.966666666666667,3.105554628741914e-06,7.14513033533829e-05,0.998958992835235,0.0009350499099128786,2.46319477335316e-05,6.7684491363759384e-06
9.0,3.016685006736704e-06,5.6429322646393284e-05,0.9994989040246185,0.00042195649254145936,1.170071731430656e-05,7.992757872556184e-06
9.033333333333333,2.4623294684661835e-06,4.494565330456178e-05,0.9996112164749664,0.00032837469113171895,7.108188486996489e-06,5.892662641892594e-06
9.066666666666666,3.6520594178304906e-06,1.665423834846054e-05,0.9998500682276737,0.00010934752118964511,1.5254945130360022e-05,5.023008239854212e-06
9.1,5.3053293760154004e-06,8.571176129265898e-06,0.9999395543946019,3.353998004401579e-05,1.1474270106451697e-05,1.554849742190532e-06
9.133333333333333,1.4794725271042396e-06,2.44453697349988e-06,0.9999807474597118,9.123737966464008e-06,5.314758058600709e-06,8.900347626408552e-07
9.166666666666666,2.4434981148165975e-06,2.4242901048552224e-06,0.9999723747061409,5.645816012555575e-06,1.6297950683095465e-05,8.137389437370342e-07
9.2,1.3113342431341142e-06,1.115863904938516e-06,0.9999858848249504,2.36887866793513e-06,8.909690652945268e-06,4.094075804364722e-07
9.233333333333333,7.99316641738041e-07,2.255223170665299e-06,0.9999858056563412,2.621455657700684e-06,8.050474920800065e-06,4.678732677701059e-07
9.266666666666666,1.4054663099796963e-06,8.46849736723686e-06,0.9999636489708845,7.581475726556977e-06,1.728067812232971e-05,1.6149115896199671e-06
9.3,2.446900617148559e-06,1.510530637549498e-05,0.9999305428372686,2.540494811924499e-05,2.2418229336078805e-05,4.08177828341756e-06
9.333333333333334,2.446888635987623e-06,1.4624230092490762e-05,0.9999256467133006,3.441180530103103e-05,1.9789979893382862e-05,3.080382776455866e-06
9.366666666666667,2.2313394052551524e-06,9.701723880720412e-06,0.9999085429306969,5.583610470335976e-05,2.1244374066756162e-05,2.443527246736997e-06
9.4,2.494106065117864e-06,1.2277775736549664e-05,0.9997711649587424,0.00016061389366981834,5.036969731547529e-05,3.079568470531623e-06
9.433333333333334,2.425792685379207e-06,1.8630861098695843e-05,0.9996744993984974,0.00028110340208973797,2.028913006788955e-05,3.0514155608902636e-06
9.466666666666667,3.0535922330670583e-06,4.089326975812942e-05,0.9995372787373177,0.00040928782305310173,5.149137951518171e-06,4.3374396866019714e-06
9.5,4.5147653677315584e-06,4.166646845299472e-05,0.9993357268678693,0.0006063427667427734,6.875628686258526e-06,4.873502881111718e-06
9.533333333333333,1.4475669533073622e-05,5.607958025778372e-05,0.9973669832585557,0.0025336045511849636,1.8087901956167697e-05,1.076903851233858e-05
9.566666666666666,2.212621273430628e-05,0.00013242580727676159,0.9608325176345455,0.03894955230503396,4.145296772307576e-05,2.192507268658168e-05
9.6,0.0001457127552384187,0.0008566654360461374,0.6411000755236645,0.3574912871457504,0.00026187099713042514,0.00014438814216998806
9.633333333333333,8.597611265737252e-05,0.0003593817414245057,0.14068062738103207,0.8586132981090979,0.00014228126360383276,0.0001184353921842714
9.666666666666666,1.6351813150884632e-05,7.076587889351093e-05,0.0030927570688222094,0.9967519064155371,2.523675538273639e-05,4.298206821363723e-05
9.7,4.900409146452996e-06,0.00010931021130104146,0.00041753056622472726,0.999452415248899,1.0483146647536514e-05,5.360417781077879e-06
9.733333333333333,3.1355540521229014e-06,4.959874177862176e-05,3.960885288380725e-05,0.9998951096588006,7.161842907965732e-06,5.3853495770235175e-06
9.766666666666666,4.648001200585513e-06,3.4652823205658784e-05,3.1847194785441996e-05,0.9999188303378688,4.238749558592933e-06,5.7828933810515095e-06
9.8,4.398427013969088e-06,3.6307466279887886e-05,2.7880930059046292e-05,0.99990877434499,4.441146274118615e-06,1.8197685383183037e-05
9.833333333333334,4.534105707216714e-06,3.954333068938919e-05,2.2937658075072622e-05,0.9999135818695144,3.2482261656665917e-06,1.615480984842182e-05
9.866666666666667,3.344508871885721e-06,2.9168490735465785e-05,1.279668935472136e-05,0.9999355029036687,2.39600087216141e-06,1.6791406497156857e-05
9.9,2.163352035182569e-06,3.518812520116602e-05,1.1760662368328342e-05,0.9998779448998238,3.0699750510840397e-06,6.987298552048484e-05
9.933333333333334,2.1228837009822073e-06,3.366813357543024e-05,1.6449334433507707e-05,0.9998784947144439,3.173703175349994e-06,6.60912306707308e-05
9.966666666666667,2.3864129315838007e-06,3.667826576385419e-05,1.813950545146058e-05,0.9998412339663953,3.5676783872614454e-06,9.799417107048643e-05
10.0,2.7290062250418494e-06,3.963924558957073e-05,2.2900566483793963e-05,0.9998144806088779,1.629646542828391e-05,0.0001039541073954712
10.033333333333333,3.855256484942107e-06,5.894875623653737e-05,1.5697506895646828e-05,0.9997698422887827,3.7549318517572685e-05,0.00011410687308270182
10.066666666666666,3.6768085588224965e-06,4.915246686679093e-05,1.332822509786133e-05,0.9998510660864365,3.6927316089702976e-05,4.584909695056538e-05
10.1,2.97099691640895e-06,2.7520059689794862e-05,1.7718179545028454e-05,0.9998759208253984,4.633907033413426e-05,2.9530868116059826e-05
10.133333333333333,2.70373429521486e-06,1.3558646064526369e-05,1.531330100940741e-05,0.9999074246370367,3.734871109262824e-05,2.3650970501520672e-05
10.166666666666666,1.8310693026711654e-06,4.40210940639478e-06,7.692005737276609e-06,0.9999674860410424,7.980712893724813e-06,1.0608061617583527e-05
10.2,1.7828011292265316e-06,3.375753378392217e-06,9.287488849072346e-06,0.9999720360755859,5.194434067536107e-06,8.323446989708012e-06
10.233333333333333,5.167282630984983e-06,3.851835263834236e-06,1.9363725391315694e-05,0.999964884537992,3.523640660925521e-06,3.208978060789269e-06
10.266666666666666,6.117569611613592e-06,5.180476411025859e-06,4.509886429031523e-05,0.9999264770244805,1.2044934531219945e-05,5.081130675278818e-06
10.3,8.040080889902877e-06,5.481140150220275e-06,6.69845853883102e-05,0.999895423628998,1.8250229404024788e-05,5.8203351693717145e-06
10.333333333333334,1.2468104862873967e-05,6.70503727355541e-06,8.914843043203624e-05,0.9998672572757195,1.671336256176345e-05,7.707789150234676e-06
10.366666666666667,8.359381115008814e-06,5.808192824263344e-06,0.00010211617764921855,0.9998594949536573,1.6875825627212255e-05,7.3454691269802715e-06
10.4,4.3608044523966675e-06,3.7918911653356043e-06,0.00012632287424836478,0.9998435229296417,1.3307652526597742e-05,8.693847965682737e-06
10.433333333333334,5.168383793871425e-06,5.428321891690627e-06,0.00016718732093778292,0.9997992160046656,1.5772102694295177e-05,7.22786601685161e-06
10.466666666666667,5.2549780563403655e-06,5.959230463043052e-06,0.0003496573600468227,0.9996133665356206,1.8278031682740345e-05,7.483864130295636e-06
10.5,5.94548430454895e-06,5.58521403856157e-06,0.00019725879880671092,0.9997655627145074,1.8280814605291016e-05,7.366973737370613e-06
10.533333333333333,7.099917073765188e-06,6.692194748654367e-06,0.0001945261071887,0.9997636979703395,1.9788307095997263e-05,8.195503553523327e-06
10.566666666666666,7.295427730491368e-06,4.775211906732036e-06,0.00011843132248601171,0.9998374598171422,1.9243319905458628e-05,1.2794900829223355e-05
10.6,1.3823628540557492e-05,9.048236517403609e-06,0.0002076916264158573,0.9997087293808706,3.646290746577779e-05,2.4244220189751896e-05
10.633333333333333,1.1886766672960123e-05,9.0484920538005e-06,0.00018113901241056756,0.9997369627240371,4.072405795531783e-05,2.023894687029184e-05
10.666666666666666,7.243023728777522e-06,6.4706743599480226e-06,0.00013975590449120953,0.9997954387120546,3.358006121992005e-05,1.7511624145585274e-05
10.7,7.95016610787144e-06,7.078530838296079e-06,0.00027652532092236704,0.9996340061908874,5.213941435420943e-05,2.230037688971885e-05
10.733333333333333,9.121583892572968e-06,7.162138142369031e-06,0.00033364670248682907,0.9995604729276469,6.880705069445995e-05,2.0789597136787713e-05
10.766666666666666,1.0880354352206915e-05,6.003297864827627e-06,0.00038698484275073817,0.9994929039309213,7.980683008305416e-05,2.3420744027686862e-05
10.8,1.248948327261076e-05,6.185122432499435e-06,0.0003958375984285277,0.9994960665324527,7.189639015896954e-05,1.7524873254754143e-05
10.833333333333334,8.440134945741751e-06,3.425943514608168e-06,0.0001528250262789152,0.99976665843155,5.227410189226037e-05,1.6376361818534935e-05
10.866666666666667,7.386075240385893e-06,3.0336750772746496e-06,0.00014934189434814496,0.9997628829779461,7.157225842598864e-05,5.783118962232046e-06
10.9,1.32238612468561e-05,4.350469564963906e-06,0.00022171415767468643,0.9996066865396979,0.00014710622352147724,6.918748294202716e-06
10.933333333333334,1.7036579554410973e-05,7.632716658105399e-06,0.00016936814578797962,0.9996510420681947,0.00014959312892659843,5.3273608781187496e-06
10.966666666666667,7.22778750569459e-05,9.426911185086644e-06,0.00022129701323410022,0.999040307748966,0.0006492633287210231,7.427122836937875e-06
11.0,9.938611302940138e-05,1.127426516590526e-05,0.00024154389220332485,0.9926146012647578,0.0070218684842798754,1.132598056386752e-05
11.033333333333333,5.233607882671633e-05,7.060827579280379e-06,0.00010129433486209596,0.9909090567813608,0.008918873313641253,1.1378663729869031e-05
11.066666666666666,4.5745089642148756e-05,7.924237685276662e-06,2.9755384734983942e-05,0.9769681707814951,0.022935041215481327,1.3363290961227765e-05
11.1,0.00011283310720826025,2.518087924520611e-05,5.7131962060040586e-05,0.8690704636501098,0.13066446723215605,6.992316922069697e-05
11.133333333333333,0.00010530416901237503,9.438860592658842e-05,0.00010779746740209619,0.7794889464800796,0.2200843373762111,0.00011922590136832575
11.166666666666666,0.000190405524535082,0.00017527443017240402,0.00014749033096646608,0.3078746387595277,0.6912751938000413,0.0003369971547570461
11.2,3.6639152237162824e-05,7.396233675275023e-05,4.129289941487034e-05,0.012767143293670897,0.9869091435655302,0.00017181875239426447
11.233333333333333,6.156937483669991e-05,0.0001597079301945402,7.982186527979345e-05,0.002982407843349143,0.9901264023641039,0.006590090622235926
11.266666666666666,6.015273097584042e-05,0.0004120451420845988,8.5545005568145e-05,0.0005805498070224314,0.2143130993251945,0.7845486079891544
11.3,1.421998303333953e-05,0.00011021862345227774,1.8142255173571313e-05,0.0001393245068486644,0.0005557962802336705,0.9991622983512585
11.333333333333334,9.50993086679627e-06,8.779316994688337e-05,1.168772678413567e-05,8.159758175045327e-05,0.00033029102416891017,0.9994791205664829
11.366666666666667,1.0672093069269727e-05,6.93858560664135e-05,1.5456946112476892e-05,9.315692835879878e-05,0.00037173416107143676,0.9994395940153216
11.4,9.380333884564453e-05,0.0003332163609564697,9.935919752368543e-05,0.0005228314103971345,0.002099600876980568,0.9968511888152966
11.433333333333334,7.35077194722994e-05,0.00026826381187856424,7.357605810948997e-05,0.0005695111922472537,0.0006105084774943566,0.9984046327407979
11.466666666666667,6.56827283458449e-05,0.0002450588988783256,7.865905417761439e-05,0.0005871043323761509,0.0005790033584770613,0.998444491627745
11.5,1.861679274893954e-05,6.936801102917449e-05,2.6050239199386812e-05,0.00010326642169229572,0.00017617807221254202,0.9996065204631176
11.533333333333333,1.597162155849574e-05,5.7398995184048235e-05,1.7853879849954572e-05,0.0001366462925633213,0.0001608068815476373,0.9996113223292964
11.566666666666666,1.2153433806695835e-05,7.024129129669382e-05,1.711025550877176e-05,0.00015099598324123551,2.8860314915249844e-05,0.9997206387212313
11.6,6.270158832594811e-06,0.00012853881282781732,1.0610102275832077e-05,0.00010110455502917007,2.294477607384089e-05,0.9997305315949607
11.633333333333333,7.807025764941733e-06,0.00015368634302388126,1.4375995510473691e-05,0.00017771770957069656,2.2324474561365182e-05,0.9996240884515686
11.666666666666666,1.720836515628533e-05,0.00012301912313946966,1.8921559978285012e-05,0.00011182551828745101,2.5821490423211694e-05,0.9997032039430154
11.7,0.0004069182082562743,0.00031777637110281084,3.3317610403440676e-05,0.00020027866271128843,4.993738065760744e-05,0.9989917717668686
11.733333333333333,0.835440110769234,0.0013296093325168375,0.00012636114170358964,0.0010304225885947595,0.00019375481277439344,0.16187974135517647
11.766666666666666,0.9990291535404145,7.427275154573547e-05,8.144419783366415e-06,0.00013826746220150756,9.805311091192695e-06,0.000740356514963812
11.8,0.9972789812772148,0.00016215740163221524,2.3204368806843145e-05,0.000629987008819446,2.2533921751306615e-05,0.0018831360217754557
11.833333333333334,0.9988287870677429,0.00018028321420702017,1.8049397254029574e-05,0.00039413775846246257,1.4753739515608109e-05,0.0005639888228177313
11.866666666666667,0.9997636185791927,5.599698318125025e-05,5.097545733532207e-06,9.330469277369557e-05,4.483302384704576e-06,7.749889673395509e-05
11.9,0.9998597946417864,2.9696189266549195e-05,3.740609737616033e-06,6.934487828001292e-05,3.5504263640914493e-06,3.3873254565400815e-05
11.933333333333334,0.9997927428564062,4.523848631245611e-05,5.12697413843283e-06,9.716277058752066e-05,4.956398349045846e-06,5.477251420632047e-05
11.966666666666667,0.9996694372428022,9.275411532839442e-05,9.309937825351093e-06,0.0001318720154402177,6.805263416837548e-06,8.982142518709217e-05
12.0,0.999776690246565,4.420113696188581e-05,7.793683022732409e-06,9.407231081482203e-05,4.217826511244102e-06,7.302479612428895e-05
12.033333333333333,0.9999167827158144,2.5057493724260427e-05,5.652912699546428e-06,2.5050899722858898e-05,2.36104035111867e-06,2.5094937687589085e-05
12.066666666666666,0.9997016281225757,0.00010686616641169988,1.3112444681741207e-05,8.67884540478673e-05,6.364754682956431e-06,8.524005760007285e-05
12.1,0.999843004572135,6.203689916227067e-05,6.3708054939584165e-06,4.819028393141362e-05,4.72634993829579e-06,3.567108933919464e-05
12.133333333333333,0.9998435209751286,4.788822498530517e-05,7.61846985675341e-06,5.682034003645643e-05,5.331519978506014e-06,3.882047001448411e-05
12.166666666666666,0.9997165387784198,0.00010301449641864556,1.3112640255244764e-05,0.00010453419496143113,6.96428338443973e-06,5.5835606560373445e-05
12.2,0.9998856998292409,3.7131182827670545e-05,7.171708712078323e-06,5.4051955535728946e-05,3.6133904865378867e-06,1.2331933197185785e-05
12.233333333333333,0.999436570950715,0.00034867926996362623,2.2048064481994058e-05,0.00012806752154997705,1.070856735633826e-05,5.3925625933045056e-05
12.266666666666666,0.9993389835286183,0.0004038974457911155,2.888950393649565e-05,0.00014128005201892799,1.5360212267014436e-05,7.158925736839344e-05
12.3,0.999847734117551,7.308823996126793e-05,1.1270032661099955e-05,4.7902153382614616e-05,5.229795612703896e-06,1.477566083114827e-05
12.333333333333334,0.999846969934853,6.626833338526752e-05,1.1423561502749106e-05,4.204239867082364e-05,4.885560264362072e-06,2.8410211323757068e-05
12.366666666666667,0.9999133713813954,4.037769996671072e-05,6.780905569870805e-06,2.4244774168645884e-05,2.807757536045113e-06,1.2417481363220827e-05
12.4,0.9999229419566246,3.402589138959768e-05,6.272830910851178e-06,2.2113880747163382e-05,2.565453636393138e-06,1.2079986691331774e-05
12.433333333333334,0.9999474644486891,1.5674911138465013e-05,4.547462133631925e-06,1.8785752302481037e-05,2.0945971739426605e-06,1.1432828562420395e-05
12.466666666666667,0.9999562874890225,1.3706928289307643e-05,4.085378588368617e-06,1.6087830195423028e-05,1.905963865283502e-06,7.926410039056899e-06
12.5,0.999956201938068,1.4825066067571816e-05,3.3173024244294532e-06,1.608782881903363e-05,1.905963702219346e-06,7.661900918575634e-06
12.533333333333333,0.9999646903763872,8.074102439062942e-06,3.5628034359385725e-06,1.67219425171028e-05,1.7941483015092649e-06,5.156626919256461e-06
12.566666666666666,0.9999655924631733,7.928486491527114e-06,3.4084270543989275e-06,1.6385139211728753e-05,1.939487578135963e-06,4.745996490810543e-06
12.6,0.9999547829343164,1.2126109385603467e-05,4.54349272049284e-06,1.9376682421509837e-05,2.289860287348676e-06,6.880920868420544e-06
12.633333333333333,0.9999527620461767,1.2221570444813587e-05,4.301411715145002e-06,2.1758178519898734e-05,2.2579454984274015e-06,6.698847645183015e-06
12.666666666666666,0.9999532718344142,1.2387077730988638e-05,3.3985768960610368e-06,2.0157741137893353e-05,2.058241924973713e-06,8.726527896182404e-06
12.7,0.9999464220227974,2.1053146697802594e-05,3.396597778030232e-06,1.8859715404523697e-05,1.8703946535648434e-06,8.39812266855198e-06
12.733333333333333,0.9999250516740825,4.273788768945946e-05,6.855728883922924e-06,1.736345658784316e-05,1.5423465867698694e-06,6.448906169401196e-06
12.766666666666666,0.9999141898699169,4.861002344788488e-05,7.176425144617637e-06,1.9171972199640437e-05,1.7094225770133572e-06,9.142286713994706e-06
12.8,0.9998480365533094,0.00011899322463038003,6.3580414337867045e-06,1.7227055366994822e-05,1.285404777966607e-06,8.099720481405923e-06
12.833333333333334,0.9998853371811426,8.495160238484672e-05,5.769513483666405e-06,1.5231167009906844e-05,1.1172434439720466e-06,7.593292534981493e-06
12.866666666666667,0.9997449771372571,0.0002117015309527252,8.112860871181574e-06,1.9068042230410308e-05,1.4413244279075796e-06,1.469910426088725e-05
12.9,0.9997441728606759,0.0002136812192920803,7.873559427357119e-06,1.906802689051847e-05,1.4413232683883921e-06,1.376301044593724e-05
12.933333333333334,0.9997287011202235,0.0002281300146993437,8.491998080759537e-06,2.0357377542269964e-05,1.5387833310446517e-06,1.2780706123083673e-05
12.966666666666667,0.9996221120704338,0.00030706965437495525,1.2755931777420026e-05,2.6380073622834935e-05,2.5291927084975777e-06,2.9153077082724888e-05
13.0,0.9997355684179023,0.00021970714302578607,8.573113527280974e-06,1.8904653231536575e-05,1.8751707278163274e-06,1.5371501585103417e-05
13.033333333333333,0.9994517905020913,0.0004935223869613097,1.1110121472038871e-05,2.2858995993163544e-05,2.325182664563805e-06,1.839281081760825e-05
13.066666666666666,0.9994600500954453,0.0004873508764546105,1.0929926390087227e-05,2.290333850058783e-05,2.0049958350611288e-06,1.6760767374443986e-05
13.1,0.9996402456605157,0.0003133500376197129,8.168485487730916e-06,1.7404704578272504e-05,1.9164779230135994e-06,1.891463387569447e-05
13.133333333333333,0.9993859029300728,0.0005691425568020537,9.757454105129916e-06,1.838796214395524e-05,1.8595037230807519e-06,1.4949593152996982e-05
13.166666666666666,0.9997771795432993,0.00019349346015066034,5.523059883837886e-06,1.2435865338810638e-05,1.2575911194624217e-06,1.0110480207932763e-05
13.2,0.999520031552912,0.00044642730884989987,7.4476215978618644e-06,1.5368708182819545e-05,1.6657572407208408e-06,9.05905121662908e-06
13.233333333333333,0.9995758799076429,0.00038980704357540787,8.521793221184658e-06,1.5369566912048828e-05,1.621576305594278e-06,8.800112342813404e-06
13.266666666666666,0.9995839228257455,0.00038667127598020174,6.251663270357494e-06,1.3351054831783514e-05,1.521794952094164e-06,8.281385220167726e-06
13.299999999999999,0.9993962328207071,0.0005529854092282645,1.76819392449627e-05,1.8345775490563063e-05,2.280943465296077e-06,1.2473111863556066e-05
13.333333333333334,0.9994729070485531,0.000486210451227739,1.5022830488904242e-05,1.2539569004458356e-05,2.1713891958489023e-06,1.1148711529991658e-05
13.366666666666667,0.9995321167594244,0.0004278372769699013,1.59803644425085e-05,7.827186797563042e-06,2.738954874397783e-06,1.3499457491221717e-05
13.4,0.9994559976397391,0.0004944673228327239,2.360908367789172e-05,8.844688521953653e-06,3.0489575642387817e-06,1.4032307664304807e-05
13.433333333333334,0.9998033916968451,0.0001665588840958662,1.573540107947288e-05,6.808550531084267e-06,1.6349984144614337e-06,5.870469034170997e-06
13.466666666666667,0.9996674066389022,0.00030346189690579176,1.049005733887428e-05,8.130642482610008e-06,2.0579554446976373e-06,8.452808925719559e-06
13.5,0.9997960862358837,0.00017920149694717005,1.2783491868538154e-05,5.443096966864399e-06,2.082613523257765e-06,4.403064810437698e-06
13.533333333333333,0.9997734522458918,0.00018655141293988806,1.6285552974287143e-05,1.1590928653687358e-05,5.9694133885807375e-06,6.150446151892979e-06
13.566666666666666,0.9997311937437783,0.0001783264224101375,6.12830503797692e-05,1.3794263997274203e-05,7.173891779729554e-06,8.228627654931247e-06
13.6,0.9991982935610948,0.0006198230344133639,0.00012253377317857217,2.7525102531564712e-05,1.743361873923285e-05,1.439091004277896e-05
13.633333333333333,0.9988344409352838,0.0007658104327745422,0.0003074548550574507,2.7935555603139643e-05,4.038816606539142e-05,2.3970055215717977e-05
13.666666666666666,0.7726509529565561,0.22307885396784907,0.003289844167729048,0.00014094130222568003,0.0005814107299832443,0.00025799687565692336
13.7,0.0015418896383872054,0.9916956645077054,0.005551505754231901,0.00014532793279448776,0.0006030050295977926,0.0004626071372829433
13.733333333333333,0.00047737308444783383,0.9947638599049095,0.0035667790981838495,0.00022304021520926846,0.0006876789456493264,0.0002812687516001003
13.766666666666666,0.00014800244647586244,0.996723297948527,0.0022330493416928892,0.00016067973799598368,0.0006250726910025842,0.0001098978343057984
13.799999999999999,2.284934927987897e-05,0.9996849231712117,0.0001172910167214291,4.27598398532066e-05,0.00011723986399603867,1.4936758937470265e-05
13.833333333333334,7.641871715952741e-06,0.9998378931204223,8.171730506784246e-05,2.0353544833568584e-05,4.4708706750029044e-05,7.685451210106484e-06
13.866666666666667,7.217175134168979e-06,0.9998356841853019,7.151173807160575e-05,3.745632843558484e-05,4.085752620351394e-05,7.2730468533162974e-06
13.9,5.635480271339045e-06,0.999883564894796,6.432780235981532e-05,1.5100437782990478e-05,2.4680455573846125e-05,6.6909292163683245e-06
13.933333333333334,2.5935701684668314e-06,0.9999603825361619,2.4214522014643767e-05,1.772051446428577e-06,8.197913266050988e-06,2.839406942599137e-06
13.966666666666667,2.4229304298012913e-06,0.9999576457923359,2.9159374197149595e-05,1.3214092143156154e-06,6.2723092161239815e-06,3.1781846063023837e-06
14.0,1.7724934974030106e-06,0.9999650341822738,1.8173242299870255e-05,1.0550863624976525e-06,1.6232595506226247e-06,1.2341736016109514e-05
14.033333333333333,2.4186352655012804e-06,0.9999304338019601,2.818078792144495e-05,2.632098529712056e-06,1.985678670612141e-06,3.434899765259206e-05
14.066666666666666,2.4479025206925364e-06,0.9997599895449583,0.0001785789714001542,5.0389348159697874e-06,1.8102632878000618e-06,5.21343830169569e-05
14.1,2.6691540151425615e-06,0.9994655131026056,0.000467418982230472,1.6461294441379973e-05,9.49797251244838e-06,3.843949419486901e-05
14.133333333333333,1.3030763039175482e-06,0.9997108142655576,0.0002242196563836539,1.6189503823363936e-05,8.214377189746198e-06,3.925912074185737e-05
14.166666666666666,3.143911537820562e-06,0.9996204801645249,0.00017042685897084896,1.3799471806622868e-05,2.2651871248943905e-05,0.00016949772191070605
14.2,0.00011106698157054312,0.858551412725878,0.13971000435838882,0.00020650335887018452,0.00042944559583365854,0.0009915669794587799
14.233333333333333,7.204533760425791e-05,0.011718410881637099,0.9862883491504362,0.0009983300032241084,5.2533577089178785e-05,0.0008703310500090417
14.266666666666666,4.1677374296557596e-05,0.006870698717878919,0.9916353047516379,0.0009897489805060333,1.770354864620181e-05,0.00044486662703458054
14.299999999999999,5.208596509254689e-05,0.009255254477560974,0.9893811665324064,0.0007532459431298812,4.0611285095207676e-05,0.0005176357967154351
14.333333333333334,0.00015027956671869152,0.0027182474470513504,0.9967027966656398,0.0002946351353022552,1.5689289532281774e-05,0.00011835189575570493
14.366666666666667,0.0005830295652160272,0.000381983615776654,0.998928095551141,7.318638439802326e-05,5.407424755983246e-06,2.8297458712318276e-05
14.4,0.0010974281704147183,0.00011997422451926089,0.9987393267389448,3.060926140108389e-05,2.8933119079146656e-06,9.768292812017668e-06
14.433333333333334,0.008971704572457065,0.00012842567036034576,0.9908485961965859,4.255925750817291e-05,1.8389533844291094e-06,6.875349704145696e-06
14.466666666666667,0.01538819495148838,0.0001384303619927963,0.9841504678926345,0.00030727441072934047,4.343605817308534e-06,1.128877733762782e-05
14.5,0.011263112855314821,3.8543963031017406e-05,0.9882440065453986,0.00044217712335705464,4.478702897693402e-06,7.680810000899908e-06
14.533333333333333,0.0016381696375730565,2.7421742268628995e-05,0.9979923815440002,0.0003316123580239541,3.5575014578771466e-06,6.857216676436e-06
14.566666666666666,0.0016530112304503593,2.2430412836141114e-05,0.997960054935751,0.0003500909480694564,3.75344477682178e-06,1.0659028116127796e-05
14.6,0.0016998141224558979,3.215603635871201e-05,0.9973144700039922,0.0009390063234622635,3.7510166561989956e-06,1.080249707456368e-05
14.633333333333333,0.0002281478634675006,3.241979438743305e-05,0.9985827445108301,0.001139831622180251,6.429734031699663e-06,1.0426475103056453e-05
14.666666666666666,0.00019782323140050053,3.7082785724767444e-05,0.9940330900802321,0.00571290780450492,1.2396588941491945e-05,6.699509195945034e-06
14.7,2.9016668835739113e-05,3.009700102716756e-05,0.9948787592168018,0.005038399479963852,1.340540887867731e-05,1.0322224492629773e-05
14.733333333333333,2.8997634168508018e-05,2.6203646209785328e-05,0.994226127923245,0.0056862740616086035,2.208128155961961e-05,1.031545320853048e-05
14.766666666666666,5.499909532283963e-06,4.308390990429329e-05,0.9903769054808439,0.009524160809589073,3.303982257615189e-05,1.731006755428616e-05
14.799999999999999,7.060835204027087e-06,7.591021811971548e-05,0.982077939148975,0.017786303526458686,3.082371139083392e-05,2.1962559851638587e-05
14.833333333333334,7.5703768002160155e-06,7.278232098526541e-05,0.9764534629754144,0.02340850430834498,3.6983214663602115e-05,2.0696803791637243e-05
14.866666666666667,6.156241349318303e-05,6.678580183156784e-05,0.9553545466494007,0.044453873253593505,4.140339216917655e-05,2.182848951196332e-05
14.9,0.0011776980579697855,0.00015283991788057942,0.8362717729332176,0.16219628147846507,0.00014850548283048323,5.290212963651979e-05
14.933333333333334,0.0017915680139858104,0.00010103587569022099,0.8880565808017665,0.10957627296379746,0.0004445663626754697,2.997598208438882e-05
14.966666666666667,7.569927872296247e-05,2.9012742765722263e-05,0.9743880369362476,0.025289897768340577,0.00020954808084376375,7.805193079224823e-06
15.0,5.79665966374221e-06,2.174285794816089e-05,0.9867251924156447,0.01318111474496149,6.0700877548741076e-05,5.452444233076173e-06
15.033333333333333,7.086818482365821e-06,7.231323460330808e-05,0.9862205942804132,0.013372056200903319,0.0003189198760301023,9.029589567491037e-06
15.066666666666666,7.782981256303618e-06,0.0005705861241585146,0.9877680914775414,0.010541353308619895,0.0010995007077140976,1.2685400709552038e-05
15.1,1.838532089352659e-05,0.0007853663402909995,0.9875229913879583,0.0029049180226609107,0.008722397535395674,4.5941392800738977e-05
15.133333333333333,2.401035644434768e-05,0.001104086355904234,0.9846098552565605,0.00022270297544066696,0.013979375409627924,5.996964602223164e-05
15.166666666666666,3.064619534745755e-05,0.0011016394924140724,0.9824277742137172,0.0004373688639953914,0.015915566854552775,8.700437997321456e-05
15.2,2.2352750318603363e-05,0.0008292535125148815,0.9926123818644771,0.0002475574814982046,0.006209436041911478,7.90183492798948e-05
15.233333333333333,2.094537435738345e-05,0.0002844112338448024,0.9915066552568788,0.00015168789208784827,0.007986616793887676,4.968344894358135e-05
15.266666666666666,1.6594235213144488e-05,0.0003353397097742053,0.9925120187057188,5.905660641133651e-05,0.0069907488317166346,8.62419111658068e-05
15.299999999999999,1.5655653343996446e-05,0.0001990464389273038,0.9988568471012175,2.1516163382236243e-05,0.0008324677270148564,7.44669161141525e-05
15.333333333333334,7.77790938176081e-06,0.00011670281794474664,0.9994409534252023,1.637529946653732e-05,0.00035848208298593315,5.970846501877895e-05
15.366666666666667,4.7456129607865086e-06,5.947649845163401e-05,0.9996871537151579,2.7647653546869212e-05,0.00019781558391528082,2.3160935967532945e-05
15.4,2.060413280775561e-06,4.2498297342913114e-05,0.9998475641443393,2.2686761460320673e-05,6.102682004331974e-05,2.4163563533441207e-05
15.433333333333334,1.388496766193354e-06,3.539363490162951e-05,0.9998736690112671,2.2654653594392187e-05,4.758793163178267e-05,1.9306271839113744e-05
15.466666666666667,2.1990751358290055e-06,3.5015295601149145e-05,0.9998524076528034,3.1406657850519295e-05,6.077721432816535e-05,1.8194104280990234e-05
15.5,6.526651912569555e-06,0.00022020689742241497,0.9993080879003968,0.0003169449702358709,0.00010244143663904728,4.5792143393490154e-05
15.533333333333333,6.51149522995152e-06,0.00024662577871383906,0.9991059419861662,0.0004938966916358864,0.00010707698660868356,3.994706164537288e-05
15.566666666666666,6.84658547514678e-06,0.0002151766656763231,0.9992154600092477,0.0004294756770537956,0.00010482903666944599,2.8212025877535903e-05
15.6,4.5366961739412015e-06,7.844053883892227e-05,0.9996902337129788,0.00019385041930585135,1.6218381115135117e-05,1.672025158741331e-05
15.633333333333333,3.564559987543428e-06,4.049764153858199e-05,0.9997173659434547,0.00021318981570773472,1.0981517937181083e-05,1.4400521374267098e-05
15.666666666666666,1.0353573453547988e-06,1.5726835969716046e-05,0.9999151777899615,6.0483745676569506e-05,3.648554518455526e-06,3.927716528195377e-06
15.7,1.3238807659135292e-06,1.986484439259015e-05,0.9999001376120265,6.892645348550881e-05,3.2492117243779367e-06,6.497997605198123e-06
15.733333333333333,7.371510662269797e-07,4.525956599406864e-06,0.9999304835136797,5.995011376722372e-05,1.6005854071370972e-06,2.702679480263096e-06
15.766666666666666,8.376696385946979e-07,2.8441895625176014e-06,0.9998583650478922,0.0001299521494912534,1.5745178275306241e-06,6.426425587828638e-06
15.799999999999999,4.482607195550668e-06,1.564180971216028e-05,0.9988492701763733,0.001086371822117053,8.65916553917654e-06,3.55744190627068e-05
15.833333333333334,4.817714240415827e-06,1.6811147198208147e-05,0.9980206485553682,0.0019130594066042055,4.984563970781195e-06,3.967861261832229e-05
15.866666666666667,6.7731275217433965e-06,2.7231389623974306e-05,0.9989023259080132,0.0010029212280691447,1.0470294788751047e-05,5.027805198314584e-05
15.9,5.974607805343781e-06,2.4020937517484757e-05,0.9990400437191813,0.0008893189803625836,9.911387675788241e-06,3.073036745731856e-05
15.933333333333334,6.436730733768982e-06,2.4798189125360015e-05,0.9990420554945819,0.0008847527747787941,1.0232092977222622e-05,3.1724717802696015e-05
15.966666666666667,4.509547509856102e-06,1.576532382736478e-05,0.9993280768522589,0.0006196281449801388,9.793922485470737e-06,2.222620893825477e-05
16.0,4.509552295426399e-06,1.576534055766095e-05,0.9993291373477413,0.000619854872203481,9.793932878864849e-06,2.0938954323289496e-05
16.03333333333333,3.8959461811885495e-06,2.0235589877167482e-05,0.9974168377364141,0.002529669618226161,9.117218085079552e-06,2.024389121650036e-05
16.066666666666666,2.694109557755318e-06,1.1882241756935091e-05,0.9981061744419436,0.0018531201016192345,7.172501883095676e-06,1.8956603239624657e-05
16.1,1.2295067426069397e-06,7.845958773869439e-06,0.9993895057940291,0.0005905271857537041,3.113885043926644e-06,7.77766965664194e-06
16.133333333333333,1.143368856184001e-06,5.458704243324462e-06,0.9998077246857224,0.00017785651824385508,2.3105205370870915e-06,5.506202397343988e-06
16.166666666666668,8.197617863538714e-07,5.014066694112202e-06,0.9993444671124389,0.0006403684747625177,2.097098806912556e-06,7.2334855111023876e-06
16.2,5.735250158943545e-07,4.69632320821959e-06,0.9995046857094312,0.0004867542976282562,1.4671806451433714e-06,1.8229640715085719e-06
16.233333333333334,7.457800071294266e-07,3.990003590122843e-06,0.9994225984117752,0.0005688095611473145,1.90784004476055e-06,1.948403435297058e-06
16.266666666666666,7.457805895824683e-07,3.1539588439860714e-06,0.9994233789592916,0.0005688100053867092,1.9628909311135834e-06,1.948404956997152e-06
16.3,7.848390678801923e-07,2.448008834868466e-06,0.9994401777663637,0.0005532492074350377,1.789134609170249e-06,1.551043689341951e-06
16.333333333333332,8.675336066819768e-07,1.8863732758666775e-06,0.99947336234111,0.0005203726460769647,2.1239811999988183e-06,1.387124730523283e-06
16.366666666666667,8.015785981842301e-07,1.8818235669438305e-06,0.9994844969347323,0.0005098381740750007,1.9337942485906275e-06,1.0476947788600174e-06
16.4,6.867452085080253e-07,1.9718761467534373e-06,0.9996695733283518,0.00032574528063048104,1.1001874153119375e-06,9.225822473213601e-07
16.433333333333334,6.342953581343786e-07,1.5568317473008406e-06,0.9996715653782156,0.00032438431211279556,9.80282357230046e-07,8.789002090167439e-07
16.466666666666665,9.460481344348034e-07,1.5568302752758959e-06,0.9996706201627268,0.0003250944312071196,9.826050263059986e-07,7.99922629777558e-07
16.5,1.3496312744797956e-06,1.700740135392079e-06,0.9998066084564033,0.00018798529181048268,1.4111251323696209e-06,9.447552438421814e-07
16.53333333333333,1.891511728447048e-06,2.636156729299248e-06,0.9998348106079776,0.0001557104734194645,3.0851428385849657e-06,1.8661073064998287e-06
16.566666666666666,4.945544257267686e-06,2.6839222275537597e-06,0.9996885684281492,0.0002976067497758554,4.329521232260299e-06,1.8658343578113047e-06
16.6,1.3169503121895171e-05,9.205177733239343e-07,0.9995988479201219,0.00038138740223292076,4.735897669047773e-06,9.387590810013905e-07
16.633333333333333,5.339253686536277e-06,7.908695302007372e-07,0.9998339425838554,0.0001558443033228091,3.7660855375103846e-06,3.169040677115359e-07
16.666666666666668,4.900509341198252e-06,7.099137083203862e-07,0.9999351652565825,4.999947939562886e-05,8.956619617830411e-06,2.6822135448000943e-07
16.7,8.854105505850774e-07,1.0394752171627086e-06,0.9999385696877078,2.3789990582525134e-05,3.538429696934673e-05,3.311389724680879e-07
16.733333333333334,8.308972309699065e-07,1.0576330653529064e-06,0.9999562911669096,1.1934761233093002e-05,2.9493691723959488e-05,3.918498367988971e-07
16.766666666666666,1.597187646705376e-06,2.111225902488173e-06,0.9998483606237979,1.205378179878788e-05,0.00013463852328562376,1.2386575686666993e-06
16.8,3.4795369603744463e-06,1.5236743645588142e-05,0.9998098945457027,2.6300856995242328e-05,0.0001415486158798363,3.539700816283389e-06
16.833333333333332,4.820886383205106e-06,3.672314846080629e-05,0.999427837861987,2.487815842897318e-05,0.0004974828434823343,8.257101257681684e-06
16.866666666666667,4.545678442912595e-06,1.810517780114243e-05,0.9997220020121343,2.1567990261615958e-05,0.0002295831197666659,4.196021593067971e-06
16.9,3.612557429987493e-06,1.439627771213311e-05,0.9999305320579283,3.1514154242057044e-05,1.698912235046718e-05,2.9558303371565317e-06
16.933333333333334,3.660349332669249e-06,1.4586731571132433e-05,0.999927652621045,3.389148596312893e-05,1.7213877941972e-05,2.994934146176851e-06
16.966666666666665,3.3401634106763328e-06,1.2603854752813375e-05,0.999932383882835,3.228800004939134e-05,1.6389150634861943e-05,2.9949483170195637e-06
17.0,5.925598831421147e-06,1.9835741778273543e-05,0.9999001691045456,4.991946341462051e-05,2.1298437155912606e-05,2.851654274338716e-06
17.03333333333333,8.70242046850577e-06,7.323248124530904e-05,0.9989447943014851,0.0008888464724078708,7.516513052040511e-05,9.259193872916155e-06
17.066666666666666,5.8479284493783586e-05,0.00013103920088178164,0.9902322516800893,0.009243419847665134,0.0003081894210097819,2.6620565859982158e-05
17.1,5.985473719701621e-05,0.0001341212875496076,0.96812183781189,0.03114342444255891,0.0005069471556110784,3.381456519329863e-05
17.133333333333333,0.00010125039023093658,0.00017270257224772842,0.14663310529539583,0.8521571270814811,0.0008719300895166437,6.38845711276732e-05
17.166666666666668,7.987618330029135e-05,0.00020434347217512222,0.03507289969128098,0.963984241778518,0.0006176033176322016,4.1035557093265266e-05
17.2,6.727097167397046e-05,0.00020072143531001325,0.007967052204327038,0.991205015019121,0.0005280529139595231,3.188745560854282e-05
17.233333333333334,1.71383697860502e-05,4.516868296997453e-05,0.000958843738052283,0.998878716682703,9.599585731788588e-05,4.13666917086841e-06
17.266666666666666,8.827600258333544e-06,2.314870991994535e-05,0.0001297376835317126,0.9997956836683014,4.007675308293071e-05,2.5255849058615136e-06
17.3,4.931028541685464e-06,2.6187921842655936e-05,5.2760625315024576e-05,0.9998969155256037,1.745061664899441e-05,1.7542820479313022e-06
17.333333333333332,6.338616137471696e-06,3.202434398336453e-05,4.112231648870464e-05,0.999893967502003,2.4826175231394457e-05,1.7210461561464006e-06
17.366666666666667,4.738449753075692e-06,2.4968307193561793e-05,9.99583708213981e-06,0.9999376579469709,2.070035529728048e-05,1.9391037030656304e-06
17.4,3.448237874029447e-06,2.496836213028166e-05,9.182173668560975e-06,0.9999398580678911,2.1100761260042896e-05,1.4423971759859965e-06
17.433333333333334,4.106917162074646e-06,2.4968336632025117e-05,9.531774133247988e-06,0.9999388369066754,2.1100739711467902e-05,1.4553256858818631e-06
17.466666666666665,4.564580371670948e-06,2.6456056377460865e-05,1.2839207690091676e-05,0.9999373405291433,1.7225434103749836e-05,1.574192313698291e-06
17.5,1.4387145042051326e-05,5.941626370951321e-05,5.295001433952822e-05,0.999846550158605,2.316102269144469e-05,3.535395612471964e-06
17.53333333333333,2.181376179693779e-05,8.121515925957338e-05,0.0001565313251137423,0.9996744251149349,5.926507812080997e-05,6.749560774167949e-06
17.566666666666666,2.6715247423324654e-05,0.0001332133813031125,0.00013536021056846976,0.999649319249647,4.6975526295111024e-05,8.416384762873789e-06
17.6,3.246741045360683e-05,0.00016272981595672799,0.0001733555379018138,0.9995948601264537,2.3370833257713562e-05,1.3216275976350512e-05
17.633333333333333,2.1246541005332522e-05,0.00014370223237904285,0.00015220456569806597,0.9996511320983004,1.927335803198374e-05,1.244120458529326e-05
17.666666666666668,0.00014014035758801177,0.0016864122204322239,0.000678860751520179,0.9971678442091029,0.00019464922805895017,0.0001320932332977247
17.7,0.001240477034940851,0.023518213912013218,0.008684913693827288,0.9590922766024037,0.004458246418885922,0.0030058723379291935
17.733333333333334,2.7157104791375475e-05,0.00039863942892869145,0.00017487521002212413,0.99925776354184,7.611532003422881e-05,6.544939438374577e-05
17.766666666666666,4.827124841061302e-05,0.0004049602980443838,0.0001670591939892122,0.999224972228368,5.015887719700431e-05,0.00010457815399064455
17.8,6.6846063338206906e-06,0.0002279875645429777,0.00010609022054363766,0.9993854563177523,3.0615267754369346e-05,0.00024316602307296794
17.833333333333332,1.1539156558567379e-05,0.00029043030641827427,7.788521787187427e-05,0.9991740065648107,4.769700276599891e-05,0.0003984417515747736
17.866666666666667,9.349899613364598e-06,0.00015003249674138262,3.746943100046765e-05,0.9995777719271178,2.519105105543832e-05,0.00020018519447156122
17.9,1.7404629795898512e-05,0.00017366316359554673,4.942916765127133e-05,0.9995054892794609,2.8391961048488288e-05,0.0002256217984478903
17.933333333333334,1.872257065706207e-05,0.00018681355990190422,5.438790277047604e-05,0.9994887110205883,2.9557960154672876e-05,0.00022180698592760769
17.966666666666665,9.71501942312185e-06,0.0001899758420977695,5.6248963541261014e-05,0.999374972935601,0.00013213734741436277,0.00023694989192238287
18.0,9.30414395186862e-06,0.00018997823772112652,5.6249672848978136e-05,0.9993875752012424,0.00014752350677837807,0.0002093692374574419
18.03333333333333,9.254473643297944e-06,0.00017972429283824712,5.45371502972558e-05,0.9995538069106599,0.00010762620046956365,9.505097209172619e-05
18.066666666666666,4.913682691201617e-06,8.79942711671536e-05,2.517026622870534e-05,0.9997891046712204,3.309513453872475e-05,5.972197415367255e-05
18.1,4.568430323237459e-06,8.181148884339075e-05,2.0240776458244288e-05,0.9998312046691534,3.1700718108274814e-05,3.0473917113367306e-05
18.133333333333333,9.945049011879964e-06,7.77163036047156e-05,1.4109135577288342e-05,0.999840320700372,4.838590573229241e-05,9.5229057018751e-06
18.166666666666668,5.320584477257426e-06,4.334703662518585e-05,8.438227098611805e-06,0.9998423386764572,9.5571640317732e-05,4.983835023823562e-06
18.2,4.495125162841085e-06,3.706559084432984e-05,6.475780540717728e-06,0.9998666215599258,8.190079566779544e-05,3.441147858507487e-06
18.233333333333334,2.598485963986605e-06,2.972430261718714e-05,8.73923710126898e-06,0.9998914629277666,6.442353644037329e-05,3.0515101105810133e-06
18.266666666666666,2.463314525963279e-06,2.4256119839912468e-05,4.875972558031001e-06,0.9999398720028386,2.639172139789546e-05,2.1408688397695005e-06
18.3,2.6376123642256046e-06,1.877078540742909e-05,5.261251042448298e-06,0.9999034141876789,6.750910498363105e-05,2.4070585232574025e-06
18.333333333333332,2.3196138552333162e-06,2.0082898612676286e-05,1.4970682184664825e-05,0.9998926492931897,6.660633073943094e-05,3.371181418215735e-06
18.366666666666667,4.068548321349789e-06,2.3318744796874263e-05,1.6049673925356013e-05,0.9998699337572109,8.171255283328842e-05,4.916722912308349e-06
18.4,2.8271301615288764e-06,1.1067892905225201e-05,1.6798920604079233e-05,0.9999188064991037,4.627062251748437e-05,4.2289347080918925e-06
18.433333333333334,3.216136326986348e-06,1.0536400564100864e-05,1.4002511171813637e-05,0.9999139633404651,4.5197392410996134e-05,1.3084219061023965e-05
18.466666666666665,2.5916360823929463e-06,7.1631546947746596e-06,3.4225013137722604e-05,0.999892195206812,5.106834095180822e-05,1.2756648321394016e-05
18.5,2.278245705008967e-06,5.239015837219025e-06,4.8634937560687766e-05,0.9998870019951375,4.0661678665658484e-05,1.61841270941077e-05
18.53333333333333,1.7584680701361548e-06,4.043743854507137e-06,4.653904163618242e-05,0.9999277739659365,7.688113225401185e-06,1.2196667277390259e-05
18.566666666666666,1.6682700274765329e-06,3.6134178132395758e-06,4.717145589232746e-05,0.9999333567712192,7.164477409449602e-06,7.025607638377386e-06
18.6,5.104941781147315e-06,6.688142674241162e-06,0.00010029821685622382,0.9998658617387312,1.1755877437317474e-05,1.0291082520112315e-05
18.633333333333333,4.8728657617951625e-06,5.4683426881065945e-06,8.747326855827137e-05,0.9998690837244171,2.28106828925809e-05,1.0291115682281205e-05
18.666666666666668,5.828332247232732e-06,7.464260932766511e-06,0.00015160551756669677,0.9997888267361674,3.4357231471315724e-05,1.1917921614505263e-05
18.7,7.425172431020215e-06,6.253960903243573e-06,0.00017255255012555608,0.99976177881931,3.859987641959643e-05,1.3389620810466404e-05
18.733333333333334,9.501497370223558e-06,8.483575582442565e-06,0.00020868829120434035,0.9997113877007971,4.572188423070996e-05,1.621705081519715e-05
18.766666666666666,9.88705126414616e-06,8.827824017478492e-06,0.00015777004008401312,0.9997426439125395,6.399606215017546e-05,1.6875109944838614e-05
18.8,8.957146462218466e-06,7.653171501760338e-06,0.0001421422230405916,0.9997449808745882,7.51070952835723e-05,2.115948912357956e-05
18.833333333333332,1.1833203941841001e-05,1.100861787289994e-05,0.00016044259681272013,0.99969816687993,8.477690265837149e-05,3.37717987844074e-05
18.866666666666667,6.721522338494335e-06,9.700441733792869e-06,0.00011383359587441996,0.9998053043930379,5.259408861313585e-05,1.1845958402288173e-05
18.9,6.7991309788947965e-06,9.81244583886471e-06,0.00011139366184389061,0.9998096393910381,5.320135516746842e-05,9.154015133009818e-06
18.933333333333334,6.3334392066072645e-06,7.091582187358209e-06,0.00016749151350293521,0.9997599678582977,4.955744340095842e-05,9.558163404446389e-06
18.966666666666665,6.455991759758506e-06,5.820476760695921e-06,0.00014094584853866415,0.9997865181844349,5.051638387836921e-05,9.743114627698026e-06
19.0,8.027127865293836e-06,5.633874763081489e-06,0.00015376037921695568,0.9997717372770258,5.100415072038679e-05,9.837190408435009e-06
19.03333333333333,9.254802142726804e-06,5.093096423379237e-06,0.00022948573209469054,0.9995709442852712,0.00017780648136999947,7.415602697934659e-06
19.066666666666666,1.791531758635741e-05,5.446031031420272e-06,0.00017399130228421244,0.9996043585974322,0.0001901278779415255,8.160873724285743e-06
19.1,3.1464900411089874e-05,7.889709604394074e-06,0.00019928950577689404,0.9994383657768258,0.00031386397671118697,9.126130670766691e-06
19.133333333333333,5.579952534766401e-05,8.393639715861376e-06,0.00013285637570481032,0.9989237403527323,0.0008653598615166847,1.3850244982533155e-05
19.166666666666668,7.285929654909733e-05,1.1268176497968497e-05,0.00010487396004189311,0.9983944305872391,0.0013902126732746917,2.635530639741592e-05
19.2,4.204615023045265e-05,1.5352415241043642e-05,6.850988212909921e-05,0.9978827779485213,0.0019513942538640125,3.991935001413912e-05
19.233333333333334,7.692997005911516e-05,4.096312264840485e-05,0.0001334987846580938,0.8473150185666452,0.1523518414415108,8.17481144785725e-05
19.266666666666666,6.931927821493476e-05,4.37600192470167e-05,0.00013778178403400164,0.22200534123254073,0.777629240539075,0.00011455714688854266
19.3,4.90646029927372e-05,4.3322126487549584e-05,0.00015641452408412032,0.05893400231545051,0.9405036634339218,0.0003135329970634364
19.333333333333332,2.742246011378636e-05,4.116638277848941e-05,4.904928575039886e-05,0.008512730280820112,0.9911889949153592,0.00018063667517807927
19.366666666666667,4.183546224704413e-05,0.0001146483845988625,0.00013111951406496992,0.00850477893585515,0.9900435293410654,0.0011640883621686267
19.4,1.7483415568514793e-05,0.00011966157715489188,2.3648323988545703e-05,0.00015096611014712234,0.9989054336969854,0.0007828068761555439
19.433333333333334,2.4458190644240027e-05,0.00020768171464772604,2.564465172626424e-05,0.000490281295377201,0.9879908810853252,0.011261053062279413
19.466666666666665,6.831165405925491e-05,0.0004711419341347187,6.756899607750145e-05,0.0007371753381389796,0.0024133223446197263,0.9962424797329698
19.5,4.529481212505197e-05,0.00029523818506014074,4.078765441247842e-05,0.0009743109319833003,0.0005330429523128662,0.9981113254641062
19.53333333333333,1.5005784355046405e-05,0.00011610853077206697,1.649094252897057e-05,0.00023201323379426917,0.00015890031703307995,0.9994614811915166
19.566666666666666,5.7062828144636375e-06,4.027621336146539e-05,4.616795521267687e-06,6.20343226839197e-05,8.768313981557479e-05,0.9997996832458034
19.6,6.104835038774518e-06,3.887240746359792e-05,4.949787054518815e-06,1.2715940693830722e-05,5.748526295884735e-05,0.9998798717667904
19.633333333333333,1.9519357561013954e-05,0.00010805235964218023,1.7754431087505583e-05,4.827098758950235e-05,0.00022109331463809968,0.9995853095494818
19.666666666666668,1.0458655844462513e-05,7.797424673422528e-05,1.5177464524654943e-05,4.044093583095023e-05,0.0002004582812675475,0.999655490415798
19.7,2.0449927549719856e-05,0.00010474643822052534,2.766785814249263e-05,2.901591846961029e-05,0.00030449288494619755,0.9995136269726715
19.733333333333334,4.8678209797711434e-05,9.182962511568168e-05,4.1936361426001804e-05,2.4923446088689356e-05,0.00030855946758416266,0.9994840728899878
19.766666666666666,0.00010125888463505322,0.00022470676479090243,7.027580239839897e-05,0.00017571998129668718,0.00033813099696668766,0.9990899075699123
19.8,5.971648724761802e-05,0.0001653351602259822,6.640689188730061e-05,0.0004191521280980809,0.00018614609636786257,0.9991032432361732
19.833333333333332,5.653396866942588e-05,0.00011684192703962271,1.7236194346283064e-05,0.00030450880960790957,5.946423090882823e-05,0.999445414869428
19.866666666666667,3.1779967768914263e-05,9.22981338587172e-05,7.065132583514939e-06,0.0001006111211139825,1.3008576829092028e-05,0.9997552370678459
19.9,2.33777022158747e-05,5.2150493021353595e-05,5.3169991405472705e-06,6.224356460814854e-05,7.5028794822175355e-06,0.9998494083615318
19.933333333333334,0.0003421225421625182,9.556884470637403e-05,7.740307620545e-06,9.3994443034237e-05,1.132301239025701e-05,0.9994492508500861
19.966666666666665,0.40286660364130517,0.0006599555482420884,5.418385835775432e-05,0.0009639249542254801,9.062641157681883e-05,0.5953647055862927
20.0,0.9441423828622344,0.00028701552496923876,2.901584297595547e-05,0.00043396069421432735,4.0010883400471106e-05,0.0550676141922056
20.03333333333333,0.9952283852713846,0.00010628048796062412,1.23608033717214e-05,0.00013379065363775653,1.0859125357319894e-05,0.0045083236582880585
20.066666666666666,0.9980276041397312,8.553593250272457e-05,8.28422168399142e-06,7.565535151118228e-05,8.378480530952342e-06,0.0017945418740397997
20.1,0.9997529872024882,4.8847131555724595e-05,6.249273400033252e-06,4.673392152716861e-05,4.8462595372553116e-06,0.00014033621149152703
20.133333333333333,0.9999141945708777,1.2102929156350293e-05,3.011176064363614e-06,2.523859953031034e-05,1.9719574649196374e-06,4.348076690634186e-05
20.166666666666668,0.9999516809811951,6.599196064239091e-06,1.4325124726987916e-06,1.4345863354076928e-05,9.818539012089804e-07,2.495959301256679e-05
20.2,0.9999030873267262,1.4111126763261235e-05,2.3079690331897836e-06,3.744097593258542e-05,1.3886467647323709e-06,4.1663954780157935e-05
20.233333333333334,0.999937479952017,9.343390262417038e-06,2.012730459439053e-06,1.4355443910037996e-05,1.295689047810932e-06,3.551279430310797e-05
20.266666666666666,0.999943991691954,8.210909012893347e-06,5.1241207402453194e-06,1.4355537394800091e-05,1.0792897040212998e-06,2.7238451194035437e-05
20.3,0.9999440346724376,6.338641035459651e-06,4.076544713050218e-06,1.617808070453906e-05,9.976432451408369e-07,2.8374417864022626e-05
20.333333333333332,0.9999087003741175,9.656445171922102e-06,6.533431159882498e-06,2.464609502831449e-05,1.5223321619089537e-06,4.8941322360536564e-05
20.366666666666667,0.9999072587507318,9.974802434447852e-06,5.90639557292872e-06,4.093431389021635e-05,1.5929466680731761e-06,3.43327907024556e-05
20.4,0.999862248581602,2.1701626407578465e-05,5.522937739489295e-06,5.851547130385285e-05,2.3756536602773245e-06,4.9635729287083666e-05
20.433333333333334,0.9999048139012475,1.728627169427313e-05,3.4900377827320246e-06,4.6281925165365385e-05,1.8789872571109556e-06,2.624887685272459e-05
20.466666666666665,0.999858316697593,2.821773328874592e-05,5.841496104286132e-06,5.053819055092914e-05,3.29241282668438e-06,5.3793469636512145e-05
20.5,0.9998459377212409,4.928320893335127e-05,6.5061156944649345e-06,4.8476924566527655e-05,3.578187888530204e-06,4.6217841676407005e-05
20.53333333333333,0.9998782238799465,3.683463419528124e-05,5.023631656184694e-06,3.376910472877722e-05,2.7827234168484076e-06,4.336602605624979e-05
20.566666666666666,0.9998429187894721,4.5880189243548107e-05,5.9058100250333025e-06,4.2061851553285517e-05,3.654474334984038e-06,5.957888537126091e-05
20.6,0.999937630077696,1.3552862494273826e-05,5.937521086769428e-06,2.0493988206453403e-05,1.6748947582570953e-06,2.071065575830825e-05
20.633333333333333,0.9999480374027019,1.3553003552116331e-05,4.380439796283906e-06,1.4153696705189905e-05,1.9726071457357306e-06,1.790285009850268e-05
20.666666666666668,0.9999314294931234,1.3552778453362105e-05,4.066915973090284e-06,3.2106096852186977e-05,1.6495193278852601e-06,1.7195196270082198e-05
20.7,0.999930881533543,9.86236776498247e-06,4.27851392403794e-06,2.9802167693135996e-05,1.3261425006285214e-06,2.38492745743362e-05
20.733333333333334,0.9999380081720289,9.86243805537051e-06,4.2785444175676004e-06,3.012274764677059e-05,1.5624927439124117e-06,1.616560510763492e-05
20.766666666666666,0.9998666089957882,2.3146021835786053e-05,6.625672799789631e-06,5.350291400834109e-05,3.0041400740155105e-06,4.711225549383384e-05
20.8,0.9997300930713837,4.889116448816766e-05,1.8489124808092886e-05,0.00011297174494321791,6.973097150627891e-06,8.258179722597831e-05
20.833333333333332,0.9999373932384421,1.3670392732076231e-05,5.69356972433626e-06,2.3125014374771775e-05,2.312442366636852e-06,1.780534236017993e-05
20.866666666666667,0.9998988799405983,3.3559699644183214e-05,1.0053155781035463e-05,3.3751202885176123e-05,3.410042329401509e-06,2.0345958761817692e-05
20.9,0.9999614309838786,7.882637609083767e-06,2.4022356052521163e-06,1.6741167597903306e-05,2.325511954482711e-06,9.217463354582637e-06
20.933333333333334,0.9999664138763125,7.2919797318863675e-06,2.1868737433596725e-06,1.5269702353897686e-05,1.0795186201536253e-06,7.758049238381292e-06
20.966666666666665,0.9999469063171212,1.3264797356902788e-05,5.321763185381468e-06,1.9721032738307745e-05,1.4507037647196337e-06,1.3335385833733617e-05
21.0,0.9999546115733039,1.1357310285088906e-05,4.293077148005066e-06,1.804928384125767e-05,1.2760913744600988e-06,1.0412664047311202e-05
21.03333333333333,0.9999192527715356,1.7079829466495076e-05,7.508405914633303e-06,3.960295602372946e-05,2.1666969736858623e-06,1.4389340085823322e-05
21.066666666666666,0.999946928450316,1.3856594222181196e-05,6.153560539477502e-06,2.0530527275827717e-05,2.111034549763377e-06,1.0419833096591367e-05
21.1,0.9999644338384469,7.464621276934542e-06,2.7492639895001e-06,1.571803157515518e-05,2.5553829585681083e-06,7.078861752976257e-06
21.133333333333333,0.9999648429681487,6.695898843789694e-06,2.3821305159392455e-06,1.675297067446306e-05,2.0943352417603004e-06,7.231696575064158e-06
21.166666666666668,0.9999493553950861,9.55244345929699e-06,2.8442775245819504e-06,2.120752052077454e-05,2.6809330874372933e-06,1.4359430321931755e-05
21.2,0.999924266118847,1.6202223903186548e-05,2.6731283243907047e-06,3.722245481149487e-05,1.6507567708360785e-06,1.798531734321094e-05
21.233333333333334,0.999886785827548,3.046128485339757e-05,5.551556088633102e-06,4.5287385828940766e-05,3.3313965849636604e-06,2.8582549095843066e-05
21.266666666666666,0.9999520932996555,1.3264866164828266e-05,2.0233462639333663e-06,2.1684172361475157e-05,1.3942205282681514e-06,9.540095025976178e-06
21.3,0.9999650870411335,7.441544904516385e-06,1.818719620774091e-06,1.8103562284026976e-05,1.1679872258229298e-06,6.381144831318936e-06
21.333333333333332,0.9999678083694491,6.695918700514935e-06,1.4419935493677268e-06,1.7331570548614122e-05,1.0509575105303472e-06,5.671190241813559e-06
21.366666666666667,0.9999529627309576,9.552477919914185e-06,4.411020869004033e-06,2.3569265066840507e-05,1.499308588280359e-06,8.005196598636597e-06
21.4,0.9998784514408933,3.046103094852597e-05,9.730549550619515e-06,5.3807138693825706e-05,3.772227862117256e-06,2.3777612051519228e-05
21.433333333333334,0.9999510887419926,1.2311559892521066e-05,4.169786376894564e-06,2.152277335381425e-05,1.7023408588058163e-06,9.204797525370578e-06
21.466666666666665,0.9999615885207656,7.727847430970532e-06,3.629343471206952e-06,1.880007029227551e-05,1.6275680199771097e-06,6.626650020136334e-06
21.5,0.9999616703873025,7.4646006480846435e-06,4.352642312185216e-06,1.579312885033419e-05,1.381384132617881e-06,9.337856754304966e-06
21.53333333333333,0.9999522645061975,9.552471249823838e-06,4.482988675860542e-06,1.925755704343816e-05,3.4512381174516615e-06,1.0991238715983526e-05
21.566666666666666,0.9999378505308109,1.5271746809969175e-05,4.393406230262733e-06,2.8839093240937913e-05,1.6146763788679952e-06,1.2030546529153768e-05
21.6,0.9998342717112619,4.2106420161630056e-05,3.120384075535046e-05,5.651707926169177e-05,5.867694844350659e-06,3.0033253714889293e-05
21.633333333333333,0.9999493140316872,1.2361496868976062e-05,1.0114609742631418e-05,1.7596497767672017e-05,1.9597973535095563e-06,8.653566580277537e-06
21.666666666666668,0.9997699008760306,0.00013789820863515276,3.461140281160171e-05,2.9779640917569035e-05,3.128339012675909e-06,2.468153259246194e-05
21.7,0.999883226280329,7.399459518474888e-05,1.8353782643355785e-05,1.5345136205485912e-05,1.6099694088332575e-06,7.470236228270894e-06
21.733333333333334,0.9999148465603122,4.922299486778146e-05,1.1364485985661998e-05,1.538192217720256e-05,1.3009263062839678e-06,7.88311035081453e-06
21.766666666666666,0.9998300079694896,0.00010736581826638947,1.6236988139838463e-05,3.251042277336419e-05,1.5287302590099584e-06,1.2350071071841848e-05
21.8,0.9997985854597362,0.00016548096578012126,1.2910241138850648e-05,1.6332251832415566e-05,1.4797608330895743e-06,5.211320679377476e-06
21.833333333333332,0.9995781875272358,0.0003740368225692722,1.562035611521164e-05,2.0361286440386323e-05,1.8448058782684883e-06,9.94920176120861e-06
21.866666666666667,0.9995293856892199,0.00041774556555804085,1.8010817442201224e-05,2.3063848009490004e-05,2.060383974145593e-06,9.733695796180331e-06
21.9,0.9997142126346247,0.0002489275174946693,1.1711394297322583e-05,1.7771572334837356e-05,1.5257828585028779e-06,5.8510983898240425e-06
21.933333333333334,0.9984939026249326,0.0014254356969245396,2.6197729693563866e-05,3.129507723025081e-05,2.5945281388070667e-06,2.057434308015392e-05
21.966666666666665,0.9994500326003547,0.0005082941854513631,9.15811928183329e-06,1.876679635193005e-05,1.7533960461205477e-06,1.1994902514106718e-05
22.0,0.9994554906353309,0.0004974792635978739,9.566752473563166e-06,2.110706037522188e-05,1.8316321774312688e-06,1.452465604495129e-05
22.03333333333333,0.9991860319336462,0.0007619814638933552,1.7734256971674456e-05,1.9306086747263843e-05,1.823957894553823e-06,1.3122300847041946e-05
22.066666666666666,0.999626982029647,0.00033468547972608827,1.2954076846528329e-05,1.4559039662756372e-05,2.3941492009008117e-06,8.4252249167752e-06
22.1,0.999631462023493,0.00033468697967448547,9.473452671108443e-06,1.455910491150342e-05,1.3931765740834128e-06,8.42526267581578e-06
22.133333333333333,0.9996279928433857,0.00033437773308979467,1.0240827596082387e-05,1.647364091381416e-05,1.4191800575593773e-06,9.495774957252966e-06
22.166666666666668,0.9995954944358066,0.00037310176173880173,4.900198403108809e-06,1.6406901585953293e-05,1.3127895411928074e-06,8.783912924227905e-06
22.2,0.9990306772192085,0.0009189866851289048,7.803718574053636e-06,3.060299067282821e-05,1.5004554037804227e-06,1.0428931011978119e-05
22.233333333333334,0.9990266572913546,0.0009244948393819363,8.25718758087487e-06,2.8358301828052564e-05,1.4420218016937398e-06,1.079035805301523e-05
22.266666666666666,0.9993359100670186,0.0006357574031655239,6.320576469482365e-06,1.3288165980660206e-05,1.218268089255837e-06,7.505519276492615e-06
22.3,0.9993526643368497,0.0006149240117978662,7.247885525955186e-06,1.4364833534620996e-05,1.3169777024286853e-06,9.481954589390501e-06
22.333333333333332,0.9991833534472201,0.0007797500132948945,7.465235634582173e-06,1.6618170142613746e-05,1.8743345747349138e-06,1.0938799132866181e-05
22.366666666666667,0.9992682271189285,0.000697504030006659,9.48827405674811e-06,1.1467190428665707e-05,2.0326000785612558e-06,1.1280786500828524e-05
22.4,0.9992072067418701,0.0007549286140337843,8.357378116416397e-06,1.4380410695903534e-05,1.9964485814463804e-06,1.3130406702368716e-05
22.433333333333334,0.9987470484295653,0.0011889649078940172,2.1366370166014318e-05,2.2050425982312352e-05,3.144280478482843e-06,1.742558591409973e-05
22.466666666666665,0.9987948672977023,0.0011425943469872506,2.2664988801456243e-05,1.77947998057259e-05,4.1088584460559414e-06,1.7969708257175334e-05
22.5,0.999564943609047,0.00039161169094996325,1.7097676009843463e-05,1.3423775515776056e-05,2.6621891354943655e-06,1.0261059341613331e-05
22.53333333333333,0.9989446622386959,0.0009942904686314196,3.019885700423713e-05,1.1753853081087871e-05,4.051745536870973e-06,1.50428370504796e-05
22.566666666666666,0.9996597029808874,0.0003073748166018057,1.4079748025193623e-05,7.967581625892915e-06,2.1637480126815327e-06,8.711124847461106e-06
22.6,0.9990407869046233,0.0009016999224901281,2.2206640672091954e-05,1.4192305184203196e-05,3.8045926510826726e-06,1.730963437942906e-05
22.633333333333333,0.9992389069314974,0.0007083419777445561,2.598439212005143e-05,1.2726646841988467e-05,4.147412312054371e-06,9.892639483831732e-06
22.666666666666668,0.9996561389658208,0.00030097618098147617,1.938161234382537e-05,1.0722280242367335e-05,5.872975230542828e-06,6.907985380880847e-06
22.7,0.9994082009393991,0.00046282664785133964,0.0001022887021429062,1.1695070738553055e-05,7.624606720009678e-06,7.3640331479766936e-06
22.733333333333334,0.9825215034687648,0.01570905785068955,0.0015173981659639347,8.42177293641248e-05,8.449213074290476e-05,8.333065447467144e-05
22.766666666666666,0.33922985918882803,0.658934261513156,0.001380658338958704,9.632393985300775e-05,0.00012689178757220468,0.0002320052316321626
22.8,0.2219978278819337,0.7772293713628385,0.0003890108199541568,7.023642541407937e-05,0.000158040835445785,0.00015551267441372196
22.833333333333332,0.00263880020332034,0.9967095848277409,0.000391510912021642,4.6212221244430224e-05,0.00012291649719871432,9.097533847413615e-05
22.866666666666667,0.0007094029457821695,0.999067675611192,0.00010169964611558454,3.286431152944874e-05,5.7734289427414455e-05,3.062319595322648e-05
22.9,2.3843390659310333e-05,0.9998087885206113,8.425675326656754e-05,2.9221728389884517e-05,2.914592312114115e-05,2.474368395172002e-05
22.933333333333334,6.600669300122597e-06,0.9998509594117304,7.076518856963945e-05,1.914613347104824e-05,3.4606301282730745e-05,1.7922295645957598e-05
22.966666666666665,5.330106179424247e-06,0.999859798333164,8.281340287434354e-05,1.0773807692007689e-05,2.6809542865499017e-05,1.4474807225104894e-05
23.0,3.436377900903584e-06,0.9998952018676655,6.015164447248916e-05,1.0862741301080225e-05,1.7532087682892974e-05,1.2815280977167248e-05
23.03333333333333,5.876949515914285e-06,0.9998205169150762,0.00013862357318730864,8.297640714418807e-06,1.8621963945544256e-05,8.062957560584498e-06
23.066666666666666,7.189930310273211e-06,0.9997611062152936,0.0001854450333432613,9.007062252797674e-06,2.316776037592171e-05,1.4083998424342621e-05
23.1,5.56717861502841e-06,0.9998858036388426,6.974097319479941e-05,9.015960867415249e-06,1.721324667199465e-05,1.2659001808214974e-05
23.133333333333333,5.40205030220313e-06,0.9998219171034074,0.00011976162470695717,8.46120004069218e-06,3.7713577361312723e-06,4.068666380645672e-05
23.166666666666668,5.573219274799818e-06,0.9998385998755822,7.566094680094594e-05,4.655297636527031e-06,3.279771073112729e-06,7.223088963244e-05
23.2,3.892215434455591e-06,0.9995427236940378,0.00019184002231963034,8.91824605076215e-06,1.0077140933812342e-05,0.00024254868122364377
23.233333333333334,8.999557438726741e-06,0.9995319849567732,0.000303030249689126,8.044921416822117e-06,1.487396310090002e-05,0.00013306635158130494
23.266666666666666,2.25209888555882e-05,0.9949369153231221,0.004501527864992338,6.144479565687946e-05,6.046379001791529e-05,0.0004171272373550344
23.3,3.2929502946823656e-05,0.01917130902758334,0.9800404538235421,0.0003567722013139643,4.7762031264943794e-05,0.00035077341334885723
23.333333333333332,1.7691731840942747e-05,0.0012110257637205134,0.9982880372800446,0.0002827628269729617,1.2025584819878325e-05,0.0001884568126011982
23.366666666666667,1.4370596597402106e-05,0.005332169182724562,0.9933449669069988,0.000934166668547731,1.8067330499772804e-05,0.00035625931463202144
23.4,2.389684198913191e-05,0.0008295438518996108,0.9979928935359201,0.0009454740547714468,1.3344822884344755e-05,0.00019484689253535504
23.433333333333334,1.5999380196128788e-05,0.000476531741035946,0.9988890308579556,0.0004313104043010986,1.024094128448911e-05,0.00017688667522692888
23.466666666666665,1.2053636010764385e-05,0.0003962244484823787,0.9990345229446077,0.0003847501846720826,6.920395358335667e-06,0.00016552839086868084
23.5,9.052144342040806e-06,0.0003392983191795122,0.9991733481812577,0.00033639592436345695,6.487856376519665e-06,0.00013541757448066156
23.53333333333333,1.1123109900281553e-05,0.00045235210164379017,0.999073423022227,0.00032525079557143834,6.496271557775938e-06,0.00013135469909980935
23.566666666666666,2.2199642114803706e-05,0.0009028099925648735,0.9981213661178585,0.0007841595921738359,1.0465304384645851e-05,0.00015899935090318514
23.6,1.2918137903616187e-05,0.0010579953279877049,0.997833929582164,0.0008697818056091264,1.8250075868218632e-05,0.00020712507046731962
23.633333333333333,6.170607280379242e-06,0.00019236953536567883,0.999269547970904,0.000433862065053005,1.3628624717371892e-05,8.44211966796732e-05
23.666666666666668,4.845934963737044e-06,0.0001510726926911314,0.9994383972303696,0.0002874220652769832,8.949234708469623e-06,0.00010931284198993073
23.7,5.286464377977393e-06,0.00017831988933777093,0.9994266884772851,0.00031355074323154175,9.7627827964079e-06,6.639164297106336e-05
23.733333333333334,7.4347250165654e-06,0.00019225456030121818,0.9986674988628461,0.0010033646260070425,1.1784166922894731e-05,0.00011766305890590004
23.766666666666666,2.1593059947294136e-05,0.0006400921443731396,0.9948915948205291,0.004119735029798598,3.423857268067838e-05,0.00029274637267092004
23.8,2.2050685426887422e-05,0.0007790700872345942,0.9920183626298982,0.00673996468387591,4.6751601226167755e-05,0.00039380031233825593
23.833333333333332,2.0433076992487587e-05,0.0007502159796758395,0.9914805665632075,0.007316637643459713,4.491570043745188e-05,0.00038723103622706646
23.866666666666667,7.299008629072847e-05,0.0006514913909179498,0.9885521785321838,0.010335311533541279,3.392437750776029e-05,0.0003541040795585401
23.9,0.00016658919669900485,0.00017913565111988877,0.9968838532587438,0.0026643679300178036,1.0127957518675527e-05,9.592600590090413e-05
23.933333333333334,0.0007264559133426825,0.0002668196788453483,0.9897707930224418,0.009133280290912215,1.1641040596756982e-05,9.101005386140226e-05
23.966666666666665,0.0008746235692894215,0.00021268528295577947,0.9919353695954061,0.0068834717840696395,1.1097552150286127e-05,8.27522161286618e-05
24.0,0.010250871867823155,0.0001646921802145465,0.9874716562174496,0.002040107461491812,8.593354618971233e-06,6.407891840192946e-05
24.03333333333333,0.01903571850730247,0.00016766504290433016,0.9786403443098799,0.002076933492621627,8.726910679625567e-06,7.061173661217045e-05
24.066666666666666,0.041730608965651325,0.00018271898218564825,0.9558793958941763,0.0021223174643244507,1.0662565881190775e-05,7.429612778118027e-05
24.1,0.011188559526518817,0.0001018907449128958,0.9877819047747923,0.0008663672907242627,6.301301659618715e-06,5.497636139196499e-05
24.133333333333333,0.01616563835710863,0.00020863161792560066,0.9814156166186307,0.0021202989781729546,1.3792180927856785e-05,7.602224723421644e-05
24.166666666666668,0.0327240958978196,0.00030025861938076594,0.9633938120711404,0.0034362751255016762,2.2352379893920316e-05,0.0001232059062636438
24.2,0.05286996099542816,0.0004176751864516994,0.9337136122793881,0.01257880691546313,5.506251525866005e-05,0.00036488210801043265
24.233333333333334,0.06676836407249447,0.0004143755170973625,0.9198742157257211,0.01238948992893166,0.00010668516912614602,0.0004468695866291053
24.266666666666666,0.13817697092188866,0.0003765120378435526,0.8366925394108046,0.024271257458767053,0.00013183244994653215,0.0003508877207497673
24.3,0.13755010994869576,0.00024159801510777946,0.8385921841147669,0.02305873587590322,0.00017828331050310375,0.0003790887350232729
24.333333333333332,0.14483373914745967,0.00014300904099162165,0.8353725632666726,0.019204760265667576,0.00014848551351679691,0.0002974427656915392
24.366666666666667,0.5027146795572375,0.0007497460402024695,0.41030426078192467,0.08427448746622815,0.0006515853556453007,0.0013052407987619574
24.4,0.392527168295852,0.001160529766729985,0.4278653583317609,0.17364603796359596,0.00196522200297223,0.0028356836390890034
24.433333333333334,0.6595835878562626,0.00169130854891273,0.07966982612756539,0.2530646235125699,0.001858044763357032,0.004132609191332409
24.466666666666665,0.6983705616224658,0.0018819860869624156,0.04639633561269402,0.24752102016269334,0.002056215602936642,0.0037738809122477104
24.5,0.7784013379288062,0.0008599143738031727,0.024878018440294022,0.1938659078495302,0.00054247392945402,0.0014523474781124215
24.53333333333333,0.6670619823898916,0.0006754203425363949,0.057048446269637794,0.2735621535455407,0.0005759350892961335,0.0010760623630974508
24.566666666666666,0.49620659397515293,0.0008775401180186904,0.0745652666809527,0.4260736734553966,0.0007527769173818924,0.0015241488530974687
24.6,0.5871594304012963,0.0005007452411871449,0.06786175831825057,0.34233312709281144,0.0006851013549446205,0.001459837591509993
24.633333333333333,0.3871775050679417,0.00032196581641831155,0.07243675753032391,0.5385648127803557,0.00045127453865892263,0.0010476842663014224
24.666666666666668,0.4338532835695007,0.00030517590532877563,0.08116929494688492,0.48299258136495943,0.0005056774678945478,0.0011739867454314337
24.7,0.3685976192387952,0.0004056808837764823,0.10577592342305236,0.5232116598167511,0.0006722145441341646,0.001336902093490744
24.733333333333334,0.31138598634380593,0.00043654345844297093,0.12300000345316821,0.5630155045706705,0.0007233539307552775,0.0014386082431570818
24.766666666666666,0.42537360042975153,0.0008308720242063058,0.14593277010841468,0.42529246911670976,0.0009172142968633185,0.0016530740240544622
24.8,0.11915945631277876,0.000428783076891987,0.011502613129910187,0.8679038899360901,0.00035524922916255105,0.000650008315166287
24.833333333333332,0.15361076161786927,0.00026896498838158443,0.01105590122868235,0.8341982447598437,0.0003414528807348816,0.0005246745244881539
24.866666666666667,0.16682459271441177,0.00025691530758073077,0.011692119853599643,0.8204883870236883,0.00033584118058101306,0.0004021439201384625
24.9,0.19992826160441027,0.00024650096410447597,0.011787139588727735,0.7872289913060628,0.0004232639609589366,0.0003858425757357218
24.933333333333334,0.06268745526285095,0.0004516637141202032,0.014523391771073209,0.9209905436632473,0.0005937266298746267,0.0007532189588337623
24.966666666666665,0.060260437910439356,0.0004503447642179834,0.01946257494392886,0.9183010639695417,0.000774559005583971,0.0007510194062882606
25.0,0.07015652204176637,0.0002877332134320742,0.007071950559550015,0.9215333455844991,0.0004970744232849715,0.0004533741774675199
25.03333333333333,0.09778904943307737,0.00029088512252536583,0.005291222021025088,0.8956048301396826,0.0005656727202579687,0.00045834056343172094
25.066666666666666,0.12906109393371787,0.00018113287807083376,0.01526672574874562,0.8545386843868796,0.0006115690387735821,0.000340794013812547
25.1,0.12711063069868486,0.0002870265386497593,0.015788146497798226,0.8558293061423368,0.0006324566076958774,0.0003524335148345251
25.133333333333333,0.06401840304294872,0.00033688336200536005,0.017983991445056944,0.9164399900301863,0.0006349763705255126,0.0005857557492772175
25.166666666666668,0.08067764245018076,0.0003308835249913702,0.01766369952892007,0.9001183452313669,0.0006489371890531345,0.0005604920754876612
25.2,0.11646601436868055,0.00047766251226046116,0.09112625566253285,0.7903080679079554,0.0008128747881690228,0.0008091247604017126
25.233333333333334,0.16467747914769773,0.0004597066119004087,0.03152098353464606,0.8016139605900393,0.0009491613147080097,0.0007787088010083938
25.266666666666666,0.3994407096395342,0.0005606015194077229,0.06460824978639183,0.5326719478838159,0.001263406967957114,0.001455084202893341
25.3,0.42331801269082586,0.0005380633739261749,0.06700173110938355,0.5069454106429746,0.001212613580746352,0.0009841686021435688
25.333333333333332,0.42664545496560125,0.0005422927588406741,0.06932527908045674,0.5012446412900078,0.0012841415841256712,0.0009581903209679135
25.366666666666667,0.4152001141363201,0.0005531180422677207,0.07070915482371654,0.5112505195168399,0.001309775702195651,0.0009773177786601486
25.4,0.24347402242658892,0.0009354354668454647,0.1206790478863352,0.6314079192025316,0.0016446904948767414,0.0018588845228221411
25.433333333333334,0.19147487557526266,0.001067884352041021,0.13254313923266994,0.6712179408885057,0.0020455046888811813,0.0016506552626394967
25.466666666666665,0.1121367051791118,0.0008575385320372577,0.3797804600943181,0.5046189508366455,0.0015361556996418989,0.00107018965824538
25.5,0.13184079780877067,0.0008071796399030899,0.38991349747493576,0.47498523717287816,0.0014459450603651178,0.0010073428431470008
25.53333333333333,0.08899850388881847,0.0005448827791916719,0.6561268884847048,0.2530182102823583,0.0006315125668105127,0.0006800019981161534
25.566666666666666,0.01834073450290286,8.751536718030118e-05,0.9406715263962931,0.04063806459255719,0.00015294184365645668,0.0001092172974098337
25.6,0.017808770308926827,8.497702599471676e-05,0.9445032760071861,0.03734842131678021,0.00014850583894939127,0.00010604950216282947
25.633333333333333,0.019848308998934704,3.78146811100672e-05,0.9449211408892165,0.03505532251271453,8.409716913268075e-05,5.331574889173887e-05
25.666666666666668,0.012169487573657567,2.1564211743883185e-05,0.9602942106848754,0.027443231370787004,5.0059280433563716e-05,2.1446878502737577e-05
25.7,0.018717020478173627,2.3566921241242306e-05,0.9061714622457163,0.07496990845614836,0.00010288051559859974,1.5161383121861221e-05
25.733333333333334,0.0187162012032458,1.9614087462239463e-05,0.9628560164989034,0.018334660760921384,6.399915016843449e-05,9.508299298929681e-06
25.766666666666666,0.001961205015946559,1.4388048482087533e-05,0.9890849776576428,0.008864621062900266,6.68802896569344e-05,7.927925371350871e-06
25.8,0.0003097717779641735,2.0780203253416198e-05,0.9931098666710368,0.006440030775505902,0.00010474227247703874,1.4808299762756375e-05
25.833333333333332,3.646128427775431e-05,2.0799597120422415e-05,0.9938687443788493,0.0059580624399191645,0.0001048400269444795,1.109227288889422e-05
25.866666666666667,3.3614841020384892e-06,1.2043198024362912e-05,0.9978999201110786,0.0019667928730442456,0.00011210633589297739,5.775997857644511e-06
25.9,4.720755234172671e-06,2.8443383019325595e-05,0.9983683964803101,0.0015213431425377573,7.274422553000321e-05,4.35201336871014e-06
25.933333333333334,6.247565562589242e-06,2.907697115247024e-05,0.9983657618958142,0.0015165520542474145,7.81427273706598e-05,4.218785852591741e-06
25.966666666666665,8.782098192259862e-06,2.6409801013271077e-05,0.992493782670092,0.007378913734863532,8.55216034284957e-05,6.590092410501917e-06
26.0,1.4422726250922458e-05,4.637083266076489e-05,0.9851871753256678,0.014560073114053737,0.0001714224549462697,2.0535546420380787e-05
26.03333333333333,5.079605551332303e-05,0.00016642818186061756,0.8780661770255189,0.12121839971181192,0.0004187725337526817,7.942649154269847e-05
26.066666666666666,6.83861517878454e-05,0.0003692093962495932,0.9262664600778794,0.0727988829902151,0.00041373319959537734,8.332818427277549e-05
26.099999999999998,1.5639292101343893e-05,8.767085050521043e-05,0.9857254533010447,0.014106469656214695,4.640323199538805e-05,1.8363668138619108e-05
26.133333333333333,9.547303317691608e-06,5.223439627775209e-05,0.9945454731168245,0.005349526518678713,3.2906640802204234e-05,1.0312024099271e-05
26.166666666666668,6.311905579315375e-06,5.478245005693939e-05,0.9979322701147637,0.0019786052996303457,2.1203772484035685e-05,6.826457485629073e-06
26.2,4.883229752133039e-06,4.312873320921165e-05,0.9984510978730643,0.0014808303797779947,1.4288433041485091e-05,5.771351154754779e-06
26.233333333333334,5.161092162642125e-06,6.909282029173788e-05,0.998080641903126,0.0018213117979502598,1.7057237283705918e-05,6.735149185834292e-06
26.266666666666666,3.888572894258591e-06,6.60297888669398e-05,0.9983629140140486,0.0015464742103958962,1.533777953181948e-05,5.355634262376963e-06
26.3,4.150926719865689e-06,3.2273469539903324e-05,0.9986990287273045,0.001248544698648816,1.08245542577222e-05,5.1776235291223136e-06
26.333333333333332,5.540062440916255e-06,3.608524302188063e-05,0.9984470518510589,0.0014928914085455003,1.2322720115687783e-05,6.1087148170887855e-06
26.366666666666667,5.8064013765384715e-06,5.704910792482048e-05,0.9986797174085351,0.0012381095545531088,1.2915135850092408e-05,6.402391760219785e-06
26.4,5.610494156931627e-06,5.7048497133681436e-05,0.9988177633848944,0.0010983243970634415,1.4784998284708666e-05,6.468228466870941e-06
26.433333333333334,6.008901422886994e-06,5.70808910408684e-05,0.9993849231095049,0.0005298793306523717,1.5521790980007058e-05,6.585976398972579e-06
26.466666666666665,9.441210569733965e-06,3.0256033055308704e-05,0.9993565835560454,0.0005628996552946074,3.463097397261873e-05,6.1885710621109645e-06
26.5,4.501547162022264e-06,5.010181073883563e-06,0.9996080881090872,0.0003552938196543156,2.4530871414115607e-05,2.5754716082795976e-06
26.53333333333333,7.431625253623366e-06,3.329761392423131e-06,0.9998236578401581,0.0001504410762615336,1.3778109334091767e-05,1.3615876003020686e-06
26.566666666666666,7.603306147133e-06,7.698891555211193e-06,0.9996678145889302,0.0002639290418879299,5.124579416204559e-05,1.7083773173114098e-06
26.599999999999998,6.889757666602434e-06,6.969873673054019e-06,0.9997375870286913,0.0001530123882293943,9.377319399537446e-05,1.7677577441737458e-06
26.633333333333333,3.2836835188044794e-06,7.587728918387105e-06,0.9997804622290954,7.756548279846617e-05,0.00012945818711809355,1.6426885507809317e-06
26.666666666666668,3.719589413307646e-06,9.604932579565205e-06,0.9996779476240629,2.1937786097805414e-05,0.0002849309274495656,1.8591403970095586e-06
26.7,2.9546243520520975e-06,1.5461687452345985e-05,0.9985784869086641,2.2554154652494818e-05,0.0013787365300278616,1.8060948512285638e-06
26.733333333333334,2.7755884829186734e-06,1.3242140380300123e-05,0.9989234527292953,1.4491907788026081e-05,0.0010435697303445416,2.467903709027807e-06
26.766666666666666,3.829214137115861e-06,2.3860793843520686e-05,0.999295226508289,1.1418144020250403e-05,0.0006614275982776046,4.237741432818915e-06
26.8,2.5530822090209275e-06,1.9259572943016862e-05,0.9995818092381178,7.844880910419505e-06,0.0003863217570084886,2.2114688110198815e-06
26.833333333333332,3.2519002124689675e-06,1.5498826495292066e-05,0.9999422808626239,1.1705611609175325e-05,2.523910274625622e-05,2.023696312934979e-06
26.866666666666667,5.490610447121655e-06,2.2428111269718868e-05,0.9998990211926733,3.074151402316382e-05,3.908307674076194e-05,3.2354948462264813e-06
26.9,7.895503775089173e-06,2.8150378909392997e-05,0.999812137476343,8.809570230992585e-05,5.946766056081664e-05,4.253278101966298e-06
26.933333333333334,7.128182861101678e-06,2.5807161700318563e-05,0.9997864885474075,0.00011536130364678772,6.0785688961664894e-05,4.4291154227156945e-06
26.966666666666665,2.486328581934875e-05,5.4634990946695034e-05,0.9994728454725061,0.0002995512155381339,0.00013858434792382376,9.52068726583703e-06
27.0,3.78860758513073e-05,0.00013695824680709528,0.9955506325024611,0.004075901225803762,0.00018024604988647351,1.8375899190213776e-05
27.03333333333333,0.0001627822378730309,0.00016094874365764014,0.9735678420928712,0.02565714884080507,0.00040881403779671874,4.246404699638739e-05
27.066666666666666,0.00015996245943934617,0.00017001833584094817,0.9573628010237976,0.04188910682814028,0.00039254282887631194,2.5568523905357366e-05
27.099999999999998,0.00045833365695380153,0.0011498241779192174,0.8415136087375495,0.15372019769755754,0.002979205164976634,0.0001788305650431604
27.133333333333333,0.0005534300819596065,0.00178061026021051,0.3858987892157087,0.6068383955129736,0.00463986769219157,0.0002889072369562047
27.166666666666668,0.000351652110390334,0.0015236111093023864,0.33585261053443644,0.6587875861544917,0.0033448442359531277,0.00013969585542595743
27.2,2.4524863283438747e-05,0.00014155996859642353,0.016919235062615428,0.9826850158404751,0.0002144284427343184,1.5235822295060225e-05
27.233333333333334,3.0170424703809658e-05,0.00016398239264070745,0.009569515836592463,0.9900138647832152,0.00020609677194138488,1.6369790906385365e-05
27.266666666666666,2.1776285182132378e-05,8.746319216413248e-05,0.002448634361834187,0.9973315995115631,0.00010179550352352346,8.731145732632936e-06
27.3,8.155167110215384e-06,8.515682283866412e-05,0.00018263834470874898,0.9996754973919095,4.2838311479753e-05,5.713961952845128e-06
27.333333333333332,1.4602046416968161e-05,0.00010930837400222188,0.00014160754979741035,0.9996781355737273,4.827838479772767e-05,8.068071258394362e-06
27.366666666666667,1.104293187149473e-05,6.995340527781651e-05,5.218169490080978e-05,0.9998337155269708,2.8104415735561716e-05,5.002025243502654e-06
27.4,1.0236198912482212e-05,7.341498040102275e-05,2.785438873529306e-05,0.9998594082522673,2.3504834925027225e-05,5.5813447590844726e-06
27.433333333333334,6.483814113900246e-06,7.628778823849856e-05,3.3632752669077874e-05,0.9998621055280883,1.4966624546898688e-05,6.523492343337195e-06
27.466666666666665,6.038509026028363e-06,9.288033979840433e-05,1.72725859402346e-05,0.9998659179391552,9.654365034185733e-06,8.236261046056786e-06
27.5,6.398844017724064e-06,0.00011641466109821351,1.4416692691248518e-05,0.9998418953645525,1.1166758081395827e-05,9.707679558939105e-06
27.53333333333333,7.839662090157562e-06,9.386757050990793e-05,1.5644592736350414e-05,0.9998567716440833,1.2666815576330597e-05,1.320971500409431e-05
27.566666666666666,6.994261441470375e-06,6.926090053091665e-05,2.2434785822312934e-05,0.9998789378920094,8.1387086101948e-06,1.4233451585630165e-05
27.599999999999998,3.81999083196227e-06,5.327410134458593e-05,1.3507105418764236e-05,0.9999172835787229,4.2919945362211885e-06,7.823229145507178e-06
27.633333333333333,5.035679966947822e-06,5.098261095540386e-05,1.29261213857804e-05,0.9999211440991129,3.2167572969883e-06,6.694731281983696e-06
27.666666666666668,5.024408815923433e-06,5.4924824086261e-05,1.2897189391043843e-05,0.99991658683888,3.8869920808186e-06,6.679746746063568e-06
27.7,2.982849973636547e-06,3.080023594475508e-05,7.729504042616349e-06,0.9999524083986606,2.179711545668011e-06,3.899299832890854e-06
27.733333333333334,1.4838817008126392e-06,3.096830314705866e-05,8.450553065018615e-06,0.9999530590001986,2.9942107926194088e-06,3.044051095865153e-06
27.766666666666666,1.3497006088344203e-06,3.137568478762e-05,8.958462085611526e-06,0.9999511500307053,3.1741737677557226e-06,3.991948044943955e-06
27.8,1.4929941816129703e-06,3.470674498138719e-05,5.167902523047274e-06,0.9999502292247121,3.3725558341080816e-06,5.030577767812624e-06
27.833333333333332,1.5351753589743931e-06,3.5687305645137366e-05,5.313909932584317e-06,0.9999481925631168,3.4678397793181795e-06,5.8032061672233175e-06
27.866666666666667,1.0876131038593083e-06,3.69511115137282e-05,6.28582610329548e-06,0.9999451453198921,3.3676078366712683e-06,7.162521550122979e-06
27.9,2.224898020666209e-06,5.982046359546611e-05,1.1907966555340064e-05,0.9999093020507203,5.315848288761779e-06,1.142877281981129e-05
27.933333333333334,2.5553688728612096e-06,6.658304083567922e-05,1.15588292475204e-05,0.9998996070464847,6.105427360615335e-06,1.3590287198788196e-05
27.966666666666665,3.0544106281166516e-06,6.764383325873418e-05,1.4013122165403735e-05,0.9998658737475,7.75827874059375e-06,4.165660770736833e-05
28.0,3.0656827131751978e-06,6.789346801156014e-05,1.3364577474001072e-05,0.9998557530729428,8.070268431530642e-06,5.1852930427079814e-05
28.03333333333333,2.8267724468601827e-06,6.260249433904586e-05,9.782698333875026e-06,0.9998735202346681,7.441348167889354e-06,4.3826452044107614e-05
28.066666666666666,3.091754342203323e-06,6.847085761023696e-05,1.0699729327636018e-05,0.9998528991560642,1.6830529848331435e-05,4.8007972807376927e-05
28.099999999999998,2.769990274073553e-06,6.134498043679253e-05,9.586190522384728e-06,0.9998622058864821,2.2739827161537277e-05,4.135312512288802e-05
28.133333333333333,2.520357031527914e-06,6.206910662577463e-05,8.72227708335161e-06,0.999839600589643,1.9274312732690136e-05,6.781335688355631e-05
28.166666666666668,2.5203270760771492e-06,5.288265549907231e-05,8.41067957109199e-06,0.9998277170963311,2.4591179615440626e-05,8.387806190727103e-05
28.2,2.521310803994595e-06,5.2903296528189886e-05,8.858280674848615e-06,0.999800295159964,2.3808236188796155e-05,0.00011161371584003268
28.233333333333334,2.5127495948440482e-06,6.687979966898531e-05,8.385392469583415e-06,0.9998193041382502,3.3103138013431715e-05,6.981478200305872e-05
28.266666666666666,3.096476774521358e-06,2.3898352132283528e-05,3.1373324851863426e-05,0.9997941310440506,2.626112486206268e-05,0.00012123967732879755
28.3,1.3453464965945085e-05,5.343432140844638e-05,0.00013746658466583171,0.9994198632215545,0.00011356713649627048,0.0002622152709089533
28.333333333333332,2.138737401784555e-05,5.226139611808933e-05,0.00020628584834361357,0.9990206014048426,6.853451012596127e-05,0.0006309294665518942
28.366666666666667,3.042561215206832e-05,4.092092963070793e-05,0.00015332965157700693,0.9992883740642472,2.8009632486498724e-05,0.00045894010990629285
28.4,1.6988665646138717e-05,3.0467844001883937e-05,0.00033150137461899397,0.9994302907566134,4.063828941272254e-05,0.00015011306970683403
28.433333333333334,1.9686910706103206e-05,4.142846047707149e-05,0.00040803424415526056,0.9993183868700647,3.491308196849716e-05,0.00017755043262834293
28.466666666666665,1.0158439768339427e-05,2.4630385691556302e-05,0.0001500323539436651,0.9997471540208596,1.679889625867481e-05,5.122590347825926e-05
28.5,1.6147733820163475e-05,3.408008360090918e-05,0.00034645365282788245,0.99950252228437,3.195398664120189e-05,6.88422587397562e-05
28.53333333333333,2.016563369826097e-05,8.792764416153808e-05,0.00031879067463384,0.9994457997025586,4.847360016486636e-05,7.88427447827621e-05
28.566666666666666,0.00011338150877923565,0.0003701894356231373,0.005004986541092703,0.9935948577541426,0.00030396459332951095,0.0006126201670328365
28.599999999999998,0.00012023892360358428,0.00040531992404238315,0.005508739684398581,0.9929117287898263,0.00035980563404582484,0.0006941670440833713
28.633333333333333,6.81903091068385e-05,0.00010644668191826349,0.004072033630152809,0.995274785840174,0.00016336539353888684,0.0003151781451092085
28.666666666666668,5.3722365553730344e-05,0.0001065042476960696,0.003626458603009013,0.9958130249486669,0.00017427332789645423,0.0002260165071778751
28.7,4.7014305341196155e-05,0.00016335599344490968,0.002619734148690776,0.9967963158043677,0.0001650948100682797,0.00020848493808716659
28.733333333333334,7.133041960665867e-05,0.00017989738213914565,0.0029503662121947295,0.9963968826175653,0.00017744383786020117,0.00022407953063414399
28.766666666666666,6.726783948943485e-05,0.00016908100999505133,0.0025100242261933215,0.9967260942951253,0.00020958064932002527,0.00031795197987682537
28.8,5.392197651473413e-05,0.00011048392904851189,0.0012698679752892316,0.997974920705674,0.0003795423875522716,0.0002112630259213041
28.833333333333332,3.681838766076156e-05,7.092696934184943e-05,0.0006332113581548855,0.998879766064985,0.00024365345727370196,0.0001356237625836724
28.866666666666667,3.9114398369354436e-05,7.434794188641997e-05,0.0009446629123381287,0.9985118501857299,0.000255405429696288,0.00017461913197996994
28.9,3.1732364346234566e-05,6.031630495896815e-05,0.0006998868758926444,0.9988116284120847,0.00020720293521065794,0.00018923310750688327
28.933333333333334,2.108028690636885e-05,4.2618237366919784e-05,0.0004576882025610319,0.9992273832102494,0.00014640525280747193,0.00010482481010864832
28.966666666666665,2.0358406036383058e-05,4.753558940223868e-05,0.000419771430130608,0.9992103992519279,0.0001891863881548733,0.00011274893434797164
29.0,1.7185637500289736e-05,3.891674250318702e-05,0.0003651214278333031,0.9993019740164604,0.00018684864996423425,8.995352573855956e-05
29.03333333333333,1.5565157215270165e-05,2.979511113693107e-05,0.0001044588630364601,0.9995759668758603,0.00022161489159816267,5.259910115300158e-05
29.066666666666666,3.0920214768391604e-05,1.7314864209493315e-05,9.712554926939248e-05,0.9991202686833934,0.0007039044673538305,3.046622100548443e-05
29.099999999999998,0.00010711091975157141,1.6377587161410126e-05,0.00020595288284127252,0.9990403214202777,0.0006016839757077402,2.8553214260464926e-05
29.133333333333333,0.0001238891999074448,2.9536580040075016e-05,0.0002040658995384883,0.9990093695270776,0.0006065380180824288,2.660077535406316e-05
29.166666666666668,0.00019058809784488839,7.026878387627376e-05,0.0002984155606962088,0.9975411640768511,0.0018385839619790144,6.09795187524764e-05
29.2,0.00011551731974398663,3.749189618404135e-05,8.670913226161362e-05,0.9947403141268749,0.0049782820157055025,4.168550923006852e-05
29.233333333333334,5.9095132297361315e-05,2.7295397178762032e-05,6.3777034906509e-05,0.14688718254891667,0.8529123540461157,5.029584058508866e-05
29.266666666666666,2.4887311038781232e-05,1.0990374155774293e-05,1.4064812773925978e-05,0.0013134371163027818,0.9985737969738341,6.282341189483836e-05
29.3,9.812183294031574e-06,1.503116726787729e-05,1.416150783788014e-05,0.0005540220717319108,0.9992603429032496,0.0001466301666187503
29.333333333333332,1.8349796438489605e-05,2.843653627308774e-05,7.959215943018202e-06,3.769787072954867e-05,0.9995344658861414,0.00037309069447440503
29.366666666666667,2.562459691898175e-05,0.00014436697963915945,2.5790015977334268e-05,0.00014497780145812192,0.9983989181880406,0.0012603224179657134
29.4,0.00014787368696007492,0.0011024363891129667,0.0002490670375436626,0.001288674475209394,0.9079960059608908,0.08921594245028297
29.433333333333334,0.0017384009880845532,0.012330285145622262,0.0016848209418472166,0.011553841568636782,0.09880558410733922,0.87388706724847
29.466666666666665,0.0011753569280810747,0.008576646126501214,0.0018088342430992723,0.019200952369852083,0.06577941369515906,0.9034587966373072
29.5,5.2131044025426675e-05,0.00043250986613082855,5.8037154063826204e-05,0.000721988684252938,0.0009161734867122451,0.9978191597648147
29.53333333333333,3.091639088501971e-05,0.00010103514034312845,9.587931792853728e-06,3.546021439017849e-05,0.00015521460733034209,0.9996677857152584
29.566666666666666,3.5865899958143804e-05,0.00014652675860409777,7.784692138529772e-06,5.803714175279174e-05,0.00018351890595819548,0.9995682666015884
29.599999999999998,1.3419182423358505e-05,0.0001781395803110323,7.681515044532107e-06,5.471636226300864e-05,0.00010880598647997887,0.9996372373734781
29.633333333333333,1.185939374974466e-05,0.00014797863212628136,1.6838894625825556e-05,4.749338981197789e-05,6.846315767668089e-05,0.9997073665320096
29.666666666666668,2.2586020215995334e-05,0.0001654194525786408,2.2182100122706267e-05,0.0004024890558922966,2.504066793727455e-05,0.999362282703253
29.7,0.00656627823892177,0.0004914191259985471,5.2444332524437294e-05,0.0008597893667582348,6.819334595274291e-05,0.9919618755898443
29.733333333333334,0.7205903821951596,0.0010038275599134735,8.5166385703396e-05,0.0010884122888361047,7.827883308464124e-05,0.277153932737303
29.766666666666666,0.9936089951099282,9.206861606649063e-05,9.396146645044189e-06,0.00025745735947964153,8.395497094225142e-06,0.006023687270786516
29.8,0.9965654263812409,0.00013720313036587434,2.0252513700210674e-05,0.00023034953340119629,1.6771065882060227e-05,0.003029997375409594
29.833333333333332,0.9984430388474339,0.00010043426277764488,1.516954853988334e-05,0.00012006916984371024,1.0579789343943759e-05,0.0013107083820610745
29.866666666666667,0.999746025559365,3.14704766065766e-05,6.98989274560748e-06,4.852848095131364e-05,8.167093326301595e-06,0.00015881849700506498
29.9,0.9998750335703496,2.2960093653777286e-05,5.183922638767123e-06,3.8119139931720344e-05,7.623918492697275e-06,5.107935493362665e-05
29.933333333333334,0.999938029344379,8.824967486304382e-06,2.3624253385421767e-06,2.078179088016338e-05,3.3961770147749183e-06,2.6605294901139018e-05
29.966666666666665,0.9997981625032123,2.4770879729415493e-05,4.4952553066970465e-06,3.804200924628813e-05,3.0937518276823937e-06,0.00013143560067754845
30.0,0.999772659678158,2.392261650324974e-05,3.921990674790043e-06,3.0595073394315725e-05,3.1570309948314005e-06,0.0001657436102750411
30.03333333333333,0.9998535251980085,2.299605121215866e-05,5.734513585028675e-06,2.159089047456233e-05,2.6970308462401343e-06,9.345631587346303e-05
30.066666666666666,0.999799437863281,4.1500338223614743e-05,9.054060453816361e-06,2.7236304048612352e-05,3.203330580667365e-06,0.00011956810341226168
30.099999999999998,0.9998861147982518,8.665370873169716e-06,6.362634286178025e-06,2.1144722068851186e-05,2.087825398299657e-06,7.562464912135785e-05
30.133333333333333,0.999897334753283,1.0584484540053497e-05,4.871270353481547e-06,2.1665815679507756e-05,1.8982775667065568e-06,6.364539857701597e-05
30.166666666666668,0.9998988459563924,9.791339220856278e-06,4.50624310394593e-06,2.0042293983409772e-05,1.3731292578748488e-06,6.544103804148137e-05
30.2,0.9999110594111216,9.530577952663904e-06,5.167008534091211e-06,1.7784645333598687e-05,1.2692697777599472e-06,5.518908728030252e-05
30.233333333333334,0.9999107413545419,9.056403665935946e-06,4.5250999408871386e-06,2.9466704790906814e-05,1.2464116376828164e-06,4.496402542274758e-05
30.266666666666666,0.9999411170690216,6.6126502113564155e-06,3.5277555284057525e-06,3.113525634979217e-05,1.205012484225056e-06,1.6402256404336734e-05
30.3,0.9999491156674801,5.885113739331339e-06,2.968521863112366e-06,1.947155618570921e-05,1.3293390611464645e-06,2.1229801670620962e-05
30.333333333333332,0.9999446181282204,5.865746547227443e-06,3.83147100746231e-06,1.9407477667278794e-05,1.3249643683012993e-06,2.4952212189376303e-05
30.366666666666667,0.9999333266023767,9.5234955767836e-06,5.139846605618404e-06,2.1820991875925263e-05,1.3348750511774269e-06,2.885418851384329e-05
30.4,0.9999335089036482,1.5424197810719163e-05,5.169705184053855e-06,1.8558709359355802e-05,1.6216710663937165e-06,2.57168129310781e-05
