t,p_REST,p_REACH,p_GRASP,p_HOLD,p_RELEASE,p_RETRACT
0.0,0.9941324273200198,0.005770135120486135,6.155623425161582e-05,2.365051471680355e-05,5.168174868760036e-06,7.062635657021358e-06
0.03333333333333333,0.9950656167856854,0.00475301770203258,9.353707938284708e-05,4.3306826943709976e-05,8.170802818866295e-06,3.6350803136597675e-05
0.06666666666666667,0.9971521534405744,0.002762449755333837,5.0687888494836086e-05,2.2187991290558153e-05,3.059502133889356e-06,9.461422172402032e-06
0.1,0.9962665357351931,0.0036445761164227786,5.038252717579116e-05,2.475234731783338e-05,4.28791113624549e-06,9.46536275431191e-06
0.13333333333333333,0.996419768905663,0.00349385575889969,5.5689093117189606e-05,1.7134242168064114e-05,5.152155260617852e-06,8.39984489144413e-06
0.16666666666666666,0.9976810047437232,0.0022515457949190227,4.278155569907582e-05,1.0641478128460894e-05,5.80848007456133e-06,8.2179474558093e-06
0.2,0.9981712318912596,0.0017804195029025387,2.9773106713365742e-05,2.9559756988492326e-06,9.311078136540349e-06,6.3084452891773084e-06
0.23333333333333334,0.9770940884311724,0.02256824837073837,0.00022110888548844632,1.8248152620309144e-05,6.448126163600009e-05,3.382489834425743e-05
0.26666666666666666,0.052407157666618874,0.9448445821364854,0.001946049036476888,0.00013528652283344598,0.00035455822789907113,0.0003123664096863672
0.3,0.00040432474232901473,0.9951361885106164,0.0034493699184816704,0.00020706494562563367,0.0004158168394282052,0.0003872350435189534
0.3333333333333333,8.464882184435027e-05,0.9946607376752782,0.003882461376766099,0.0006438401239192824,0.000592661809246703,0.00013565019294544824
0.36666666666666664,2.9065104849373484e-05,0.9929177484831739,0.001451240178276485,0.00026663375156294383,0.005289229217624004,4.608326451355215e-05
0.4,7.913450609851834e-06,0.9979938294420058,0.0005085117352451019,7.217255346582013e-05,0.0014025803121490005,1.4992506524587607e-05
0.43333333333333335,9.76214160922305e-06,0.998117469089399,0.0006162174826205562,6.398942046495723e-05,0.0011731803421104472,1.9381523795710276e-05
0.4666666666666667,4.9458370549549865e-06,0.9989860570028527,0.0002913309948903104,4.187504264354905e-05,0.0006631116317660032,1.2679490792283914e-05
0.5,6.2139147387005765e-06,0.9992898596661303,0.0001218968147589498,2.2978763531266132e-05,0.0005483059211423232,1.0744919698410325e-05
0.5333333333333333,5.119419933571186e-06,0.9994481317122665,9.945028536011884e-05,5.487000572170808e-06,0.00043402036949152366,7.791212375780054e-06
0.5666666666666667,5.115468189829946e-06,0.9986766453035644,7.061286631407578e-05,5.50074086186164e-06,0.0012343872041814352,7.738416888125752e-06
0.6,4.865281333229553e-06,0.9986036524092671,8.016810370575329e-05,5.3174494291194475e-06,0.0012948047384606178,1.1192017804168893e-05
0.6333333333333333,3.814010472763725e-06,0.9997447926547737,7.470121498734667e-05,5.55894662626948e-06,0.00015586115911661797,1.5272014023645965e-05
0.6666666666666666,4.122163251691665e-06,0.9996711121776829,0.00015053872227168634,6.3069658047122674e-06,0.0001431917492295263,2.4728221759353933e-05
0.7,4.712839446609375e-06,0.9994074795242934,0.00022167850953986156,8.418323063186266e-06,0.00031966912930394295,3.804167435291809e-05
0.7333333333333333,5.7404968507348525e-06,0.9988722280209692,0.0006075502413568924,1.2555687910142176e-05,0.0004678109303002688,3.41146226127288e-05
0.7666666666666666,2.2474993537501042e-05,0.9826680042721517,0.015084243739033923,0.00014190733551087132,0.0019431443164141836,0.0001402253433517645
0.8,6.453152646827401e-05,0.9429505481002891,0.05246072432042235,0.0005697704731467342,0.0034647838237516684,0.0004896417559219219
0.8333333333333334,6.940208357113777e-05,0.901999246384937,0.09064858920676566,0.001782152963130454,0.004487263673409066,0.0010133456881868475
0.8666666666666667,6.244764221086343e-05,0.9579235620377773,0.03563066850035457,0.0019288861447351383,0.0032260674923438983,0.0012283681825784845
0.9,0.00015195699271966355,0.9167769637561402,0.07151662599456435,0.0038779809298174336,0.006427292888910704,0.0012491794378474506
0.9333333333333333,0.00015007657207500194,0.9054321332330884,0.08536088069059124,0.004297641106728156,0.0035792765096091107,0.0011799918879080817
0.9666666666666667,0.00019978748959455423,0.891565555971461,0.09425639324751761,0.008885139981426869,0.004379285357472731,0.000713837952527302
1.0,0.00030391525662449003,0.8798880013100244,0.10323360665808161,0.010840098120641828,0.004150316644240315,0.0015840620103873971
1.0333333333333332,0.0004582864065034447,0.8170858452510762,0.15808158054378785,0.01711844422386963,0.003790071209058051,0.003465772365704888
1.0666666666666667,0.00046504363835395693,0.8146046335115532,0.16041242404224484,0.0173708481679955,0.0038412197789521,0.003305830860900385
1.1,0.0006063997185530416,0.806335821734526,0.16283011527470345,0.022425356691637165,0.004565078943201705,0.0032372276373787323
1.1333333333333333,0.0005879361929562051,0.7544280381942544,0.20625286460466777,0.02959961367334649,0.006025526147260343,0.003106021187514621
1.1666666666666667,0.0005196489372366969,0.7239757990093693,0.24168655281794135,0.026161695728633357,0.004633617379219419,0.003022686127599834
1.2,0.0005525175392365101,0.8033410765157041,0.16619569744850252,0.022458764034861405,0.0042380687440106155,0.003213875717684921
1.2333333333333334,0.0004200603016051152,0.8848316291803234,0.08908433017781854,0.020068193273038888,0.0034602615129579704,0.002135525554256067
1.2666666666666666,0.0006149718815106231,0.8343201374366488,0.12843894827270125,0.029404198278795673,0.0046509361525909005,0.00257080797775269
1.3,0.0005821793685964873,0.8613184933031035,0.11582104514833506,0.016595410213961218,0.004402931506472745,0.0012799404595309639
1.3333333333333333,0.0005558289964946743,0.8477976069837417,0.13291610245509766,0.012508600410942499,0.004205076254824951,0.0020167848988984364
1.3666666666666667,0.0009557181624484455,0.7440708559277819,0.2249532396137824,0.019129485338447154,0.007399380848229293,0.0034913201093107727
1.4,0.0012993976617361117,0.6854146573166897,0.27350119790535066,0.025453735764607213,0.009584200665515562,0.004746810686100573
1.4333333333333333,0.0008186464618667919,0.7505083949098165,0.2308156600609308,0.006712155938458039,0.005447189683249911,0.005697952945678118
1.4666666666666666,0.0006114573171977391,0.7682553255919311,0.21910354487342978,0.005143274504777772,0.0026305251425452424,0.004255872570118324
1.5,0.0004330301603210318,0.5176334328989616,0.47495122446871235,0.001651598995857103,0.0017052568207691278,0.0036254566553787044
1.5333333333333332,0.00035163286110779325,0.29929594809337123,0.6947446933820859,0.0014449140193067355,0.0012262830152224519,0.0029365286289059415
1.5666666666666667,0.00033533649673670937,0.28542512893968763,0.7079010478080948,0.0026141608415546046,0.0009238901984414569,0.002800435715484802
1.6,0.0001912670532170995,0.34516122883781364,0.6497587936210677,0.0019542176126041487,0.0007485456849548735,0.002185947190342344
1.6333333333333333,0.00020461970100029754,0.3455192105659422,0.6466322781952053,0.003449880554406333,0.00103850888103431,0.003155502102411537
1.6666666666666667,0.0002468390096112187,0.022110211987487416,0.9651428353125658,0.003938737299923976,0.0013420783269249387,0.007219298063486642
1.7,0.00030124450937848643,0.01900937042893899,0.969857274624484,0.0028118207520653853,0.0015509947938435514,0.0064692948912896875
1.7333333333333334,0.00018820291346354908,0.011714340556378346,0.9780694765753247,0.0016199390068802862,0.005356960843795192,0.003051080104157714
1.7666666666666666,0.00018879747838060291,0.005986185016668434,0.9687078717611265,0.016388394731809284,0.0045636567690611,0.004165094242954135
1.8,0.000190758079474191,0.004892115972677242,0.9607753080562341,0.028243828572235646,0.005391022498290077,0.0005069668210887889
1.8333333333333333,0.0004021303169101621,0.004925424178229181,0.9353562462216517,0.043548001188214336,0.014555488031291981,0.0012127100637027617
1.8666666666666667,0.0010654449072909384,0.06199248870260615,0.717603773720417,0.11332476935200515,0.10343535731735648,0.0025781660003243597
1.9,0.003423786628364434,0.12865907810543187,0.5443779866666038,0.12097533297055142,0.19763762200763837,0.004926193621410243
1.9333333333333333,0.002225988714172596,0.10238054744059627,0.6024040172457726,0.09132625365730059,0.19597902629818864,0.0056841666439694195
1.9666666666666666,0.0014660935961667264,0.08014311617458122,0.5661878728363324,0.18271536026488652,0.16652065298676627,0.002966904141266824
2.0,0.001086295577739474,0.07587220488819417,0.5896538283543916,0.17801541320736494,0.15165339610728487,0.0037188618650247393
2.033333333333333,0.0009992810061645685,0.09431335850852517,0.4384967190039013,0.25402672836346096,0.20392713462525744,0.008236778492690644
2.0666666666666664,0.0011675803743580056,0.1445541736797835,0.3917522494306523,0.2566668205506668,0.19734833597703616,0.008510839987503172
2.1,0.0013158719368615377,0.14037248703522037,0.3141039351351955,0.29930473798390156,0.23715019875313129,0.007752769155689751
2.1333333333333333,0.001976941797498106,0.16640511951765594,0.3698156857007083,0.24418034519581774,0.20888206943398446,0.008739838354335592
2.1666666666666665,0.001956958788474827,0.16663013146531563,0.3193609312029815,0.2333526339819495,0.26960415523792497,0.009095189323353455
2.2,0.0021868726952304187,0.256719682055727,0.2688644559468677,0.16831925819140903,0.29344447504241855,0.010465256068347376
2.2333333333333334,0.0009572419213892057,0.20348260638560453,0.5417950031976402,0.09624006861123272,0.15151077526509996,0.0060143046190333695
2.2666666666666666,0.001169043350524747,0.19641370980386025,0.5797561589608585,0.0868379916574762,0.1307187450312861,0.005104351195994132
2.3,0.001555313854834587,0.19261834064896521,0.6242302359435948,0.07947239023432826,0.09530963699483164,0.006814082323445406
2.3333333333333335,0.002547057138611517,0.19298536663313492,0.5988016745476763,0.08925697881196389,0.10347281758130188,0.012936105287311555
2.3666666666666667,0.0011499664455100129,0.5806039791583181,0.27461063847196293,0.007030871470209307,0.11045187072271019,0.02615267373128947
2.4,0.0009172800649414124,0.6913573518766093,0.2626564761727313,0.016435091511907522,0.011166211236952548,0.017467589136857982
2.433333333333333,0.0014598557806475144,0.8308623202280669,0.10633224028996865,0.037678148404410666,0.005682769302714226,0.01798466599419194
2.466666666666667,0.0009095844346878266,0.838131975980239,0.10971004004220648,0.03684759896941356,0.0017325480033075719,0.012668252570145583
2.5,0.0009220223954884971,0.8495928720394471,0.07563977055871476,0.0642732216376351,0.0009564023654078377,0.00861571100330682
2.533333333333333,0.0009776192652866625,0.8580954900281442,0.09996980637938478,0.03176358594426596,0.0010140723070973402,0.008179426075820952
2.5666666666666664,0.0008102689289290518,0.7112054133058417,0.269488335835359,0.010484692391800424,0.0008404818842102499,0.007170807653859511
2.6,0.0017533389477051515,0.3078486241488472,0.662004212457847,0.02085679581083268,0.0005995843412420156,0.006937444293525818
2.6333333333333333,0.000998076216565963,0.15464573342447288,0.8212719739543121,0.01838920552714864,0.00042373956493971395,0.004271271312560738
2.6666666666666665,0.0010621576670538715,0.34493088436157965,0.642510115777425,0.00625516085765122,0.000527261543110278,0.004714419793179885
2.7,0.002181640684499188,0.20122982702627687,0.7813216978723163,0.008463788541671173,0.0010972391200195846,0.005705806755216986
2.7333333333333334,0.0013325645487928697,0.4985267819522062,0.49221523832839714,0.00436518263041007,0.000617473701439487,0.002942758838754231
2.7666666666666666,0.0003797144041955513,0.5631685561560298,0.43309848764778874,0.00164977923877012,0.0003249026319957737,0.0013785599212200476
2.8,0.000324279386080888,0.5144364558139461,0.4820406154201782,0.00185174891270638,0.0002729158325210084,0.0010739846345673306
2.8333333333333335,0.00029865631794586756,0.6261464781921263,0.3712707709821246,0.0011740941074749026,0.000259066918093939,0.0008509334822344718
2.8666666666666667,0.00018440467323815283,0.7594430938491443,0.23899558612886027,0.0005902343113434934,0.00021122658218828937,0.0005754544552255456
2.9,0.00014152932497659662,0.8466919522875187,0.15222699504335285,0.00048191170531687496,8.93276693963041e-05,0.0003682839694384124
2.933333333333333,0.0001437251603582685,0.7975001766684526,0.2013590055667829,0.0005144869800443834,7.826183387063353e-05,0.0004043437904910286
2.966666666666667,0.00012297077259129164,0.8351581175611222,0.16387760582575592,0.0004187192635406301,7.739759484711051e-05,0.0003451889821428396
3.0,0.00011532814345681995,0.8414636457840322,0.1576764817263554,0.00037992977730370614,6.822216065331694e-05,0.00029639240819843353
3.033333333333333,9.407811136443035e-05,0.8179010696361927,0.18124413985564064,0.00035857268870660345,7.722255954276259e-05,0.0003249171485527571
3.0666666666666664,0.00010440387821657177,0.3635947540264554,0.6355439763924348,0.0003261913602522802,6.701286950442688e-05,0.0003636614731366594
3.1,0.00010247467053430193,0.3817104770649208,0.6173019649117231,0.00044994767396649207,7.819405674064296e-05,0.0003569416221147898
3.1333333333333333,0.00012644489454280384,0.3848443169449419,0.6142261674435875,0.0003959051056275355,7.378275786619182e-05,0.00033338285343418304
3.1666666666666665,0.00013338700125977478,0.1246397466666621,0.8742681876961398,0.0005461437168205748,0.00010998025227462385,0.00030255466684306733
3.2,0.0001386606884479696,0.12621416363175128,0.8727432253378725,0.000514903164036604,0.00011397534946020149,0.0002750718284315228
3.2333333333333334,0.00014804154319812048,0.11251472467764652,0.886331513195278,0.0006244393630269473,0.0001268663381705622,0.00025441488267980886
3.2666666666666666,9.926354914796347e-05,0.5358335290183089,0.4634966249688073,0.00029143402234155653,0.00012652162250366005,0.00015262681889043368
3.3,0.00012478129797949256,0.47298546917148293,0.5262496888537095,0.00027111802755193235,0.0002125873568487646,0.0001563552924275487
3.3333333333333335,0.00025543127348973593,0.37947983074608244,0.6194359080016828,0.0002470569006456615,0.0003751084694438313,0.00020666460865540997
3.3666666666666667,0.00015587248981866158,0.1870355263983099,0.8124401987753744,0.00013255619793336562,0.0001432919747367482,9.25541638270478e-05
3.4,0.0001943922438839239,0.13980534485959442,0.8594113434649698,0.0003188756363049785,0.00016911388790668143,0.00010092990734030465
3.433333333333333,5.0467129083520656e-05,0.034921367557797255,0.9649021278940483,4.800978703609738e-05,5.25946435827669e-05,2.5432988451970376e-05
3.466666666666667,4.355032451347038e-05,0.024959162204528627,0.9748472982950183,3.773026284627216e-05,8.46908830521405e-05,2.7568030041447016e-05
3.5,3.279982664776218e-05,0.019884507453441586,0.9799567626668597,1.4010594394505004e-05,7.07001067956304e-05,4.1219351860923854e-05
3.533333333333333,7.51526430472177e-06,0.006827998909105924,0.9931309053118637,9.62485722815967e-06,1.572285160060105e-05,8.232805896836742e-06
3.5666666666666664,7.731706722591148e-06,0.010216101578636517,0.9897373511930297,6.260927846251581e-06,2.549310687945982e-05,7.061486885346385e-06
3.6,5.6548661221861935e-06,0.006882726907301045,0.9930768476748181,4.841666740035204e-06,2.4558704014347227e-05,5.370181004240688e-06
3.6333333333333333,5.670354218123178e-06,0.004167287192391375,0.9957967828876503,3.890303721389064e-06,1.903263332608139e-05,7.33662869279351e-06
3.6666666666666665,6.138802088155258e-06,0.005766439036510619,0.9941956773489589,4.909006627402561e-06,2.086638816533981e-05,5.969417649540354e-06
3.6999999999999997,3.903803439058395e-06,0.0012088267438491594,0.9987547604455669,8.819618335154166e-06,1.5115293663402916e-05,8.57409514627392e-06
3.7333333333333334,4.248837772569355e-06,0.0001995830489022166,0.9997571583666142,1.4394714803470181e-05,1.3883180883737876e-05,1.0731851023822877e-05
3.7666666666666666,3.758242602463729e-06,0.0001625118467025415,0.9998008797879682,1.2732618499576724e-05,1.0520828168933622e-05,9.596676058404026e-06
3.8,4.188495119891003e-06,6.48211336708344e-05,0.9999006617009174,1.5469861520141634e-05,4.4197456872907335e-06,1.0439063084310087e-05
3.8333333333333335,4.265468848577478e-06,6.741774225982895e-05,0.9998772751746555,4.0476486022508816e-05,2.239949958329981e-06,8.325178255014794e-06
3.8666666666666667,4.826433311576971e-06,9.919401496061311e-05,0.9998274153472442,5.608043252882257e-05,3.0979605164683463e-06,9.385811438281819e-06
3.9,8.529200966637516e-06,0.0001210615944072772,0.9997571056925193,9.605776962577597e-05,4.1303964640467555e-06,1.3115346017091203e-05
3.933333333333333,8.734934868118975e-06,0.00015501425782378105,0.9995982396975904,0.00021791977609247933,6.165157937484733e-06,1.3926175687816315e-05
3.966666666666667,1.6494854579285285e-05,0.0010048525828512172,0.9984162374250952,0.0005256634939197059,1.2830777300595648e-05,2.3920866253916053e-05
4.0,1.0787809627621437e-05,0.001002914705757453,0.9978756606348294,0.0010798735124296283,1.6047559490704214e-05,1.4715777865046957e-05
4.033333333333333,1.0418580590235057e-05,0.0009013547845578818,0.9954660236641919,0.0035864484233816764,2.5676163201352155e-05,1.0078384076658938e-05
4.066666666666666,2.859834420730638e-05,0.0012906441200970327,0.9598605199213308,0.03866304007624435,7.123205748165013e-05,8.596548063891267e-05
4.1,3.3344629539076486e-05,0.011778340349593913,0.6397305261467189,0.34811533759340696,0.00017932479646056923,0.00016312648428065408
4.133333333333333,3.9515245165795356e-05,0.021390249385162933,0.42864455091642195,0.5495367750303363,0.00018411308080570535,0.0002047963421073377
4.166666666666667,4.0470450447524906e-05,0.00762008645408959,0.43173769768954506,0.5602627147498441,0.00018546532951744144,0.0001535653265562547
4.2,4.636961598637674e-05,0.0034672274364657267,0.33340471568591057,0.6625854615277716,0.00027610092964656805,0.00022012480421887694
4.233333333333333,6.0904208345606655e-05,0.01403636531815337,0.15927205488421575,0.8257057690103429,0.0002667795319875681,0.0006581270469547037
4.266666666666667,4.534089859576617e-05,0.013289123827091204,0.1388075632343566,0.8469604757821904,0.00023648199558446432,0.0006610142621815545
4.3,3.973332427358383e-05,0.007349375869937549,0.10125723268018755,0.8908733838079299,0.00018640389955386244,0.00029387041811757523
4.333333333333333,1.9359272393591954e-05,0.005138028920075469,0.23011692450597243,0.7643899222818568,0.0001303170015620285,0.00020544801813975015
4.366666666666666,1.4165030573674215e-05,0.0034810529023289417,0.2973127557351254,0.6989536175571334,8.818488307036009e-05,0.00015022389176828286
4.4,2.090063979415622e-05,0.028609771038304255,0.34284648625156366,0.6282752930898828,9.013306224069023e-05,0.00015741591821449012
4.433333333333334,2.4098452369707146e-05,0.03417788150826766,0.5088917704417959,0.45660908667537903,9.824503837957268e-05,0.00019891788380803731
4.466666666666667,2.2797206286921026e-05,0.033144200671233394,0.5345983562597949,0.43195352887085453,9.29400930916631e-05,0.00018817689873852752
4.5,2.0619899656181225e-05,0.03274430050405958,0.5874328707474749,0.37951401723603656,9.18187277242139e-05,0.00019637288504868334
4.533333333333333,2.5628140295895618e-05,0.016327834050903208,0.5115965057830397,0.47169184332419634,0.00011412001392554755,0.00024406868763926292
4.566666666666666,1.8573926016285377e-05,0.007180122979661229,0.3707781968918794,0.6217635099006467,8.27081743410794e-05,0.0001768881274553328
4.6,1.0762355813597918e-05,0.002858411714821334,0.2526774980546358,0.7443079993217372,4.283363806623354e-05,0.00010249491492569648
4.633333333333333,6.3995275165734605e-06,0.0016311826875353565,0.1251206324437439,0.8731650229842944,2.2703741901108445e-05,5.405861500859365e-05
4.666666666666667,5.355810487125713e-06,0.0014950883191392128,0.11805494701063377,0.8803790932667993,2.265978434655583e-05,4.285580859399669e-05
4.7,6.834596066151035e-06,0.000741091749714675,0.12835029732400674,0.8708288745441233,2.6308602877349225e-05,4.659318321158319e-05
4.733333333333333,7.400550843960916e-06,0.000643448613470606,0.07500021920143442,0.9242749970804729,2.9217528672145796e-05,4.4717025105973926e-05
4.766666666666667,1.2767133937951011e-05,0.0003120184826064884,0.07458983998189629,0.9250118443959919,2.9057658917884065e-05,4.44723466495848e-05
4.8,8.56131556466204e-06,0.00012864127461398314,0.06989913991968377,0.9298897397363768,2.9210889625033108e-05,4.470686413583347e-05
4.833333333333333,9.93660343216264e-06,0.00013280425420930498,0.05328151546359138,0.9465005055206158,2.973268831274445e-05,4.550546983861137e-05
4.866666666666666,1.0570116165470879e-05,0.0001319129206644507,0.059638641254269494,0.9401479405684234,2.9404738766354862e-05,4.1530401710816105e-05
4.9,8.183662043721895e-06,0.00011514185748109512,0.03034434591374901,0.9694742722035387,2.373812526386325e-05,3.4318237923584526e-05
4.933333333333334,1.05733657038113e-05,0.0001267363144157743,0.02233242694802125,0.9774667730544735,2.5959964152007947e-05,3.7530353233604294e-05
4.966666666666667,1.1912110513236394e-05,0.00013563289089684152,0.015873625849075295,0.9838774051848628,7.100616414992671e-05,3.0417800501923426e-05
5.0,1.196209574711924e-05,0.0001382356905984457,0.011743447007060318,0.9880059214671426,7.130411804468063e-05,2.912962140690145e-05
5.033333333333333,1.3241931996519217e-05,0.00011581602576879406,0.007829762706155343,0.9919331450939689,7.818486571338277e-05,2.984937639706203e-05
5.066666666666666,1.4561677074376674e-05,0.00012876907074388535,0.009113033374096836,0.9906185716844361,9.050951804691283e-05,3.4554675601835084e-05
5.1,9.957985223950596e-06,9.792499432823315e-05,0.006801942020437788,0.9929887721260316,6.882975849863317e-05,3.257311547983037e-05
5.133333333333333,1.0770439545800719e-05,0.00010313686425722922,0.006201654069991313,0.9935892412655484,6.540483840334547e-05,2.9792522254097487e-05
5.166666666666667,8.107603705046988e-06,7.408836805214459e-05,0.004221223190941365,0.9956290281766246,4.926574726454699e-05,1.8286913412188114e-05
5.2,8.551534171341937e-06,5.93270653068214e-05,0.002307811219881203,0.9975566267338902,4.936112875771586e-05,1.8322317992521344e-05
5.233333333333333,7.641367442515649e-06,5.580735369157667e-05,0.002165858996499695,0.9977025513520282,5.090562507931127e-05,1.723530525856988e-05
5.266666666666667,6.470111109029796e-06,4.323761064768257e-05,0.0018073385667498624,0.9980858716633885,4.3102893927755666e-05,1.3979154177198075e-05
5.3,6.4723002844402424e-06,4.288796383574764e-05,0.0014644466853289898,0.9984235760723145,4.127244810597994e-05,2.1344530130402078e-05
5.333333333333333,6.476251149180586e-06,7.09717614665362e-05,0.0008266880493386546,0.9990330404558064,4.129764190923433e-05,2.152584032995825e-05
5.366666666666666,6.1519955753609846e-06,5.614587928932549e-05,0.0007852970962033616,0.9990985132428734,3.382196403877573e-05,2.006982201985201e-05
5.4,4.779293298178033e-06,4.254961384981402e-05,0.000610072797190394,0.9993007314495655,2.627522794540609e-05,1.5591618150583028e-05
5.433333333333334,5.270226507222578e-06,4.255396152656285e-05,0.0005074656947010899,0.9994028389932568,2.62779127217712e-05,1.559321128644436e-05
5.466666666666667,6.624228705622362e-06,3.7775313026168154e-05,0.000507466925267665,0.9994052624708272,2.627797644375556e-05,1.6593085729616587e-05
5.5,5.899302680949895e-06,3.9485016995876175e-05,0.0005343265709656901,0.9993766595861081,2.5803493251296673e-05,1.7826029998051984e-05
5.533333333333333,6.2741617602702435e-06,4.1994011349703625e-05,0.00022931361291790442,0.9996760163422266,2.744312326293602e-05,1.895874848265951e-05
5.566666666666666,5.590706919831904e-06,4.199472644392767e-05,0.00021300883878079557,0.9996930393062688,2.867041971093942e-05,1.7696001875610657e-05
5.6,5.801009366289536e-06,4.411120421442033e-05,0.00020127403030821564,0.9997024468981942,2.8670689513367126e-05,1.7696168403492528e-05
5.633333333333333,5.510419431751431e-06,4.969062936214087e-05,0.00021300721651019972,0.9996854256662349,2.867020135765824e-05,1.769586710325252e-05
5.666666666666667,5.595877137131919e-06,5.703601422085948e-05,0.00022233459797244156,0.9996652677717144,2.995153696978895e-05,1.9814201985368593e-05
5.7,5.036327505206826e-06,5.0075469344762176e-05,0.00020010265123540937,0.9996998555386928,2.695658710288999e-05,1.797342611891884e-05
5.733333333333333,5.0362595574280855e-06,4.876370369508196e-05,0.0002171729011096457,0.9996863680551006,2.4826404501418376e-05,1.783267603562302e-05
5.766666666666667,5.301977084110404e-06,5.133652000646836e-05,0.00022678604776393257,0.9996716656436362,2.6136267649913505e-05,1.877354385950714e-05
5.8,5.090620594676743e-06,5.3840268812376634e-05,0.00022678597608268846,0.9996713496731019,2.4159923482812126e-05,1.8773537925672174e-05
5.833333333333333,3.8842237644469685e-06,6.297271377126776e-05,0.0002519816794458908,0.9996334580554272,2.6844067696070943e-05,2.0859259895008585e-05
5.866666666666666,3.7455131721734794e-06,6.695464646543986e-05,0.00023741012052725104,0.9996411699835746,2.8541489712721028e-05,2.2178246547765246e-05
5.9,3.146310895193922e-06,5.624333007907361e-05,0.00019062947132120604,0.9997073752282226,2.3975459682094618e-05,1.8630199799574705e-05
5.933333333333334,3.1462897074474425e-06,5.6242951327749095e-05,0.00019062818759272388,0.9997006430434114,2.397529822762353e-05,2.536422973281408e-05
5.966666666666667,3.1001518884811066e-06,6.654453479473662e-05,0.0001878327778794301,0.9996923650422006,2.516520962102753e-05,2.499228361581695e-05
6.0,3.1001890052535612e-06,5.495211170939967e-05,0.00018567181067041103,0.9997043339248143,2.5165510913155425e-05,2.6776452887664493e-05
6.033333333333333,2.9159957149887297e-06,5.406217670221421e-05,0.00013534183572062032,0.9997588240854594,2.367033811935652e-05,2.5185568283325098e-05
6.066666666666666,2.863783151823333e-06,5.365651090691145e-05,0.00011263172838742092,0.9997835884377162,2.087579978537857e-05,2.6383740052395678e-05
6.1,2.01768978698137e-06,7.219528019635472e-05,0.0001126294626649151,0.9997634765899295,2.096653136151016e-05,2.87144460608374e-05
6.133333333333333,2.274775419302119e-06,5.859629612061084e-05,0.0001126310606863036,0.999777661541018,2.0966828841092906e-05,2.7869497914633014e-05
6.166666666666667,2.2747420737606314e-06,6.232175804214177e-05,0.00011805450873692954,0.9997630059722932,3.3401245742417925e-05,2.094177311174962e-05
6.2,3.5839248349492823e-06,7.585835217826129e-05,0.00011564170684692875,0.9997379962326396,4.0656161544859926e-05,2.6263621955505655e-05
6.233333333333333,4.341672212881729e-06,7.318407970531301e-05,0.00010043386139232069,0.9997688883237299,3.92228895246655e-05,1.3929173434805776e-05
6.266666666666667,4.0187192798638655e-06,8.534545817495921e-05,0.00010043267232134762,0.9997570517165497,3.922242515140764e-05,1.3929008522538332e-05
6.3,2.9905496081769113e-06,5.960039087500895e-05,7.026914152000702e-05,0.9998324806688399,1.6240152331740257e-05,1.841909682510069e-05
6.333333333333333,5.8209863716974694e-06,0.00014298281771238478,0.00010172053062055332,0.9996953437872982,1.954526907707614e-05,3.458660891999669e-05
6.366666666666666,3.0474770593665234e-06,6.687108580049706e-05,5.0509910105470655e-05,0.9998572394406712,9.141051955459892e-06,1.319103440795114e-05
6.4,2.6740109905040735e-06,5.919798224988363e-05,5.248923665958688e-05,0.9998676212963679,9.579256192199209e-06,8.438217540016609e-06
6.433333333333334,3.2920892171224928e-06,6.657904010571262e-05,6.679648186440561e-05,0.9998365449571589,1.1316509288222544e-05,1.5470922365694564e-05
6.466666666666667,3.652537464945878e-06,8.23486405597967e-05,6.608153107309444e-05,0.9997979944782638,1.6519398569508424e-05,3.3403414068977346e-05
6.5,3.268910446738965e-06,7.488615803232671e-05,6.665043762682426e-05,0.9997814330992373,2.202225846244575e-05,5.173913619433305e-05
6.533333333333333,3.7630111763599713e-06,9.080367794040091e-05,7.045961894351912e-05,0.9997739447113991,2.5868773234780387e-05,3.516020730582652e-05
6.566666666666666,5.197704425368485e-06,8.2060912961658e-05,8.503704454971176e-05,0.9997618907623828,2.3811333965755684e-05,4.2002241714708025e-05
6.6,4.128453757673895e-06,8.708312251407368e-05,8.770745483925536e-05,0.9997537542717534,2.473222565114063e-05,4.25944714843543e-05
6.633333333333333,4.9164847116183006e-06,0.0001037053738786832,0.00012900870911484774,0.9996524313489747,5.921326474547239e-05,5.07248185747588e-05
6.666666666666667,4.916167595391106e-06,0.00010369868481956207,0.00013083941465771655,0.9995879531646359,0.00013407462466876046,3.8517943622930476e-05
6.7,7.196917751049175e-06,0.00031251261334839934,0.0001696778926943646,0.9992626017092745,0.0001799664742457952,6.804439268579385e-05
6.733333333333333,7.556099182342321e-06,0.001132229249438853,0.00015210504287062383,0.9984230634504476,0.00020793850470447002,7.710765335609468e-05
6.766666666666667,7.832594956394186e-06,0.001038099839458761,0.00017208736860792562,0.998527256357803,0.0002155474728275734,3.9176366346230504e-05
6.8,6.503654986500183e-06,0.0002531138165176795,0.00019690564488663407,0.9993016564055521,0.00020041307680430205,4.14074012528146e-05
6.833333333333333,1.0590165598117369e-05,0.00034688527373891083,0.000522651194234968,0.9987340490780279,0.0003394899798695254,4.633430853069926e-05
6.866666666666666,1.0584484460839416e-05,0.00039310288951242747,0.0007394857959284499,0.9981982741475597,5.124789774541735e-05,0.0006073047847932923
6.8999999999999995,8.255220673010793e-05,0.0038701962452375766,0.005308808696693492,0.9867030635169881,0.00044102397897967973,0.0035943553553710655
6.933333333333334,0.0006402435349028961,0.015932250878279226,0.03118768850223739,0.9315963834628896,0.0025395704788589366,0.018103863142831866
6.966666666666667,0.0006571034593469363,0.01012794816927149,0.05159474051544381,0.9050617141319947,0.0023908396774830498,0.030167654046460015
7.0,0.000699806508561256,0.011289254358325266,0.07465676205650916,0.8729515234561018,0.0025462126906042643,0.03785644092989841
7.033333333333333,0.0007702082185105209,0.010288645791974967,0.032746794405657344,0.9326096198532975,0.004245858270303449,0.019338873460256072
7.066666666666666,0.0003592562869645305,0.008626582809851584,0.017086321760206833,0.9651881522706783,0.0009784853586914982,0.00776120151360714
7.1,0.00037035186132331654,0.009206452344349317,0.018357138830724685,0.9682830419880551,0.0004100874567277474,0.0033729275188197428
7.133333333333333,0.00038298548525660266,0.008426976590746755,0.00902876248762748,0.9801377953627635,0.000304899690551009,0.0017185803830546047
7.166666666666667,0.0008368452803292057,0.012402142575555827,0.025285102003985305,0.954778183040085,0.0024251420311950473,0.0042725850688494545
7.2,0.0006513122385498126,0.01111301019510963,0.02557724346838921,0.9566522986909959,0.0025693377478683745,0.00343679765908711
7.233333333333333,0.0003700696821401591,0.004821616402977605,0.015472552886498668,0.9758242917607418,0.0018147963282564344,0.0016966729393853158
7.266666666666667,0.000329688961028693,0.0042910747747208254,0.0260580742129268,0.9663292101539728,0.0016908367195741041,0.0013011151777767341
7.3,0.00032053364219311446,0.004484791646546852,0.051682455904638006,0.9394946689200537,0.0018934283053832753,0.002124121581185069
7.333333333333333,0.00018890184672560418,0.0023958529251768084,0.0328627735135067,0.9621200248680042,0.0011158644723911464,0.001316582374195599
7.366666666666666,0.0003366899741052133,0.003097344705065432,0.04714125577936183,0.9455136733968671,0.0017827952054243995,0.0021282409391762016
7.3999999999999995,0.00030590061714225647,0.003321319290618206,0.045576313259547196,0.9471945854389134,0.0017859646169449482,0.0018159167768338868
7.433333333333334,0.0002942268365331852,0.0036278412460895187,0.04383702980555255,0.9488072323383041,0.0018170959121511102,0.0016165738613694706
7.466666666666667,0.00033066211528941995,0.0037905230397104156,0.04520148076023942,0.9464440027541845,0.0025856376141305277,0.0016476937164455984
7.5,0.0002999647354398935,0.0036985900145054865,0.04521261721318436,0.9466771815997537,0.0024635467723868676,0.0016480996647294211
7.533333333333333,0.00024349296731307149,0.002614352901528443,0.022863914014734497,0.9713719177744569,0.0017413610665635685,0.0011649612754036228
7.566666666666666,0.0003098288179641958,0.0031469228705181245,0.03179389514245347,0.9600105946747112,0.0032564217397628207,0.0014823367545900772
7.6,0.00023884842885698495,0.0033749851145410572,0.03269955841669324,0.9603251855613477,0.0020268947528271695,0.001334527725733761
7.633333333333333,0.00019103170731220117,0.002526207596143441,0.021379160725083095,0.9739400513521738,0.0011228239903010777,0.0008407246289863753
7.666666666666667,0.00015656394901015383,0.0026676586937774433,0.015699014401175958,0.9795921814708552,0.001156652703454612,0.0007279287817265499
7.7,0.00011623530700815344,0.002082078555817417,0.010061826242404356,0.9864236849326093,0.0009027548374192445,0.000413420124741533
7.733333333333333,9.824781115390634e-05,0.0019651039839927754,0.011632875584503908,0.9850210668382414,0.0009236065417828576,0.0003590992403251801
7.766666666666667,0.00010622799776894956,0.0022031860806916957,0.015552287665264926,0.9799925594338762,0.0017820932184091976,0.0003636456039890242
7.8,0.00013883087643188594,0.002411998091226784,0.015560507466696356,0.9778665851835703,0.0036371798739343944,0.00038489850814034946
7.833333333333333,0.00030608322519948283,0.003319861773684696,0.042729140954857796,0.9449489888564645,0.008307670682961905,0.00038825450683155447
7.866666666666666,0.0015470931756260532,0.018014548147772803,0.2180771751244146,0.6943820542609357,0.0666085732964671,0.001370555994783834
7.8999999999999995,0.0013134427414752193,0.024897887148625033,0.2032027673034489,0.600889515957598,0.16812015382197498,0.0015762330268779508
7.933333333333334,0.0010566802716483142,0.01742785507170552,0.09959012986762736,0.2367932199306899,0.6441613933657471,0.0009707214925818457
7.966666666666667,0.00021383463304405946,0.004229758869957773,0.019043118500872633,0.05217086805886786,0.9241717727620902,0.0001706471751675748
8.0,4.802510286534416e-05,0.0006538545017922518,0.010770710754378554,0.0037394136322144063,0.9847554472511069,3.2548757642554584e-05
8.033333333333333,3.8193640071794224e-05,0.0009268287552603002,0.007490782958780941,0.00024149216760084994,0.9912775035646992,2.5198913586809524e-05
8.066666666666666,4.495630335960479e-05,0.001135000952630362,0.006862298231924182,0.00023914650539114455,0.991681645348307,3.695265838768211e-05
8.1,3.322090297158454e-05,0.0014294928492507482,0.007260935869637547,0.0002466327525688753,0.9909964442804479,3.327334512330831e-05
8.133333333333333,4.323386418055236e-05,0.002297472392931074,0.039002212045164866,0.00035781823537769757,0.9582497185616313,4.954490071450488e-05
8.166666666666666,3.575007428555445e-05,0.003282504416307658,0.0634214926983513,0.0008425295840861647,0.9323489257848998,6.879744206934155e-05
8.2,3.253185196896895e-05,0.0029657172203869093,0.12928436766559148,0.0007778323477262419,0.8668339284204829,0.00010562249384331027
8.233333333333333,4.478029932826862e-05,0.004049715030474098,0.12307422112842557,0.0011362671765953682,0.8715162895692676,0.00017872679590904143
8.266666666666666,6.088242796383061e-05,0.004585317434531689,0.15082463176910285,0.018024098982201767,0.8262343323106955,0.00027073707550418483
8.3,5.8616718831636545e-05,0.004786580437114871,0.07196625313729856,0.027149418859420658,0.8957357206881279,0.0003034101592062875
8.333333333333334,9.332868909649087e-05,0.006253317474522704,0.10004688408136525,0.06669796121650519,0.8264895388464779,0.00041896969203244697
8.366666666666667,0.000195329673361805,0.01641277434219093,0.08005255755969722,0.18704488804429462,0.7122735925044602,0.004020857875995333
8.4,0.00018447531474011125,0.01521966625522062,0.08174018815337847,0.2016006349180453,0.6961751606314533,0.005079874727161945
8.433333333333334,0.00016398600201516004,0.01465571939344707,0.08530749799635569,0.22315453756474185,0.6719752721937597,0.004742986849680506
8.466666666666667,0.0001986558914852592,0.0181962731038746,0.0830434374643158,0.13325423833479558,0.7609473673661571,0.004360027839371714
8.5,0.00017761883628748581,0.011066275734116083,0.08457071044691147,0.06498748762030919,0.833436569311901,0.005761338050474652
8.533333333333333,0.0002518652932320548,0.014734205213609344,0.13791899531336774,0.08652766313806436,0.7531350432209468,0.007432227820779704
8.566666666666666,0.0002546677413479779,0.014373096376321011,0.11331020411710263,0.08867250131457707,0.7705349599479681,0.012854570502683306
8.6,0.0004576947177449099,0.01742488899264252,0.030860079004176626,0.37624799446170887,0.5455572722761908,0.029452070547536343
8.633333333333333,0.0007032637841700828,0.02558797026576526,0.03912153792940759,0.10370897856090273,0.7870976638960856,0.04378058556366868
8.666666666666666,0.0007672209216650764,0.02340235279365495,0.03769873542435009,0.09334347112026763,0.8069013683982821,0.03788685134178005
8.7,0.0006794095050782053,0.0205769394984375,0.029663065767244236,0.05000043712914078,0.872102897170784,0.026977250929315143
8.733333333333333,0.0003365976495427261,0.008122139911385086,0.0141515344286645,0.03532956887530669,0.9285438529171278,0.013516306217973062
8.766666666666666,0.00014303724165179113,0.003917285396346482,0.006765086238135422,0.04195270608149768,0.9402487182028886,0.006973166839480056
8.8,0.0005948202670850404,0.017576482859069296,0.02190608046940011,0.16090175883773017,0.7554296173577247,0.04359124020899062
8.833333333333334,0.0004848059158243974,0.014363306496962054,0.012924345396482073,0.35542511819974876,0.574791426019406,0.04201099797157657
8.866666666666667,0.0006979907147779213,0.016552784348754006,0.01585179850974634,0.40256096530329194,0.45873053783210926,0.10560592329132051
8.9,0.00041127534398890155,0.008793224934897002,0.0073139630407782165,0.11668113456835073,0.7575842573058124,0.1092161448061727
8.933333333333334,0.0005320456414218131,0.014386148154020817,0.009474348254327145,0.08359397050109092,0.5953555248794453,0.296657962569694
8.966666666666667,0.0007504630289583678,0.011478645887890528,0.010544204792825243,0.0848973313389165,0.34437023987381055,0.5479591150775989
9.0,0.0007086002907344822,0.01036082495608205,0.013199531215292638,0.0842534512372321,0.49967350806182625,0.3918040842388325
9.033333333333333,0.0006981844592412132,0.006310422594805991,0.007392294432519195,0.04679955769984082,0.43266448776760513,0.5061350530459876
9.066666666666666,0.0010265203074030932,0.006431222572599744,0.007177948439474721,0.043044150570691504,0.814942584641155,0.12737757346867593
9.1,0.0007386365639567911,0.0036031781680574662,0.002407663762884722,0.022063060493661017,0.8711946609519053,0.09999280005953479
9.133333333333333,0.00021518112041493082,0.001071458243659726,0.0006337126101819994,0.0037339695805169767,0.9463026736216779,0.04804300482354844
9.166666666666666,0.00037042533477389086,0.001929479258089299,0.0013150634250761936,0.008777583964325687,0.9127765520034563,0.07483089601427859
9.2,0.00029431284347151954,0.0009788690919379638,0.0009933296873605656,0.004958259347997911,0.5727427616658675,0.42003246736336464
9.233333333333333,0.00033716264426391723,0.0011213852835408485,0.0005461047401694371,0.005680145701419363,0.3599983206911633,0.6323168809394432
9.266666666666666,0.00014670111785578,0.0004655562755747053,0.00028319362831360817,0.00338773920558757,0.3462579218488594,0.6494588879238089
9.3,7.876775988218518e-05,0.0002679451798851541,0.0001769179838859793,0.0007481411255253533,0.81667751962562,0.18205070832520137
9.333333333333334,0.00011552249124959993,0.0004818282681925151,0.00025952604706224646,0.00046999086924482336,0.7917903793019634,0.20688275302228745
9.366666666666667,0.00011402171417746752,0.00044199671298990366,0.0002708554964460605,0.00013889438658523423,0.6521937247439032,0.3468405069458982
9.4,3.1315391507224813e-05,0.0001244652449524682,6.572009811293366e-05,3.2959773460081736e-05,0.09447550934762322,0.905270030144344
9.433333333333334,3.982551939359035e-06,2.1986214636694932e-05,4.363647701246748e-06,4.8385225192311345e-06,0.011167782551542858,0.9887970465116607
9.466666666666667,3.279526312023605e-06,1.4742514947204895e-05,2.5773601272658747e-06,2.493146200612789e-06,0.004848760615426321,0.9951281468369866
9.5,2.5281406399948187e-06,1.386273099744005e-05,2.9989910621725618e-06,3.0039067362793612e-06,0.0033397261058640197,0.9966378801247
9.533333333333333,4.257845168144999e-06,2.461012663487685e-05,5.416563440103428e-06,4.78617019124447e-06,0.0006865314361042866,0.9992743978584615
9.566666666666666,4.324421339813605e-06,2.6958043771370736e-05,5.4507497940729085e-06,3.882153788068526e-06,8.36478682487772e-05,0.999875736763058
9.6,1.346971836413738e-06,8.396898190871084e-06,1.8254302661039028e-06,1.1944991753438596e-06,1.2129419875282038e-05,0.999975106780656
9.633333333333333,1.25682950165708e-06,6.050309583249233e-06,1.2671101860284557e-06,9.553486098924352e-07,3.905946480331339e-06,0.9999865644556389
9.666666666666666,1.446476128361078e-06,6.050318426720699e-06,1.5602893158635867e-06,1.2550845288308176e-06,1.6617395727498627e-06,0.9999880260920275
9.7,1.481143128427866e-06,7.022034014370916e-06,1.8685457312962067e-06,1.7288780716697221e-06,1.7713158553185713e-06,0.999986128083199
9.733333333333333,2.3704043690104353e-06,1.8175716550589197e-05,9.148203108441986e-06,4.4749993686855205e-06,5.304233992252637e-06,0.9999605264426109
9.766666666666666,3.200852787490299e-06,2.3733049142634126e-05,1.1568924018242995e-05,5.685962471942074e-06,5.411147276447923e-06,0.9999504000643032
9.8,3.2007938391130456e-06,4.260927122927395e-05,1.1568710959616835e-05,5.685857756641777e-06,4.95084843412054e-06,0.9999319845177813
9.833333333333334,1.4964453074646439e-05,5.774641417795291e-05,2.7069742143666445e-05,7.615374996216749e-06,7.219524294922927e-06,0.9998853844913126
9.866666666666667,1.9146588561081497e-05,5.4529265251783516e-05,2.189345485500487e-05,6.908846978663277e-05,6.794422629834616e-06,0.9998285477989157
9.9,6.161689677186548e-06,4.475951609050601e-05,1.5283128109378848e-05,0.00016312624587170162,2.1841752223567333e-06,0.9997684852450289
9.933333333333334,1.4747876269729803e-05,4.1631036604251546e-05,1.6926358609818002e-05,0.00014713256773725685,1.4776467671458142e-06,0.9997780845140118
9.966666666666667,2.1877713180792794e-05,4.8930455629617085e-05,2.5561854273085852e-05,1.2817558927327828e-05,2.3885009042488926e-06,0.9998884239170849
10.0,0.03175519559284253,4.624312023079139e-05,1.3576607312580818e-05,1.3270717289627752e-05,3.840391816027329e-06,0.9681678735705084
10.033333333333333,0.4221497043007646,5.260407548471219e-05,1.3636664255068318e-05,1.2219295869908513e-05,4.830064011156294e-06,0.5777670055996146
10.066666666666666,0.7194331475629123,3.1968776628067835e-05,8.326311697214688e-06,8.301220538531223e-06,2.977386992752043e-06,0.2805152787412311
10.1,0.9614670016769211,7.503277788901134e-06,2.5296101330407263e-06,2.339845957523906e-06,1.1371422630501492e-06,0.038519488446936166
10.133333333333333,0.9941264766954326,1.0261262683761603e-05,1.6338085966464036e-06,2.0200571769016484e-06,1.3391162489225005e-06,0.005858269059861243
10.166666666666666,0.99932657170259,5.003327712379022e-06,4.7033625736402135e-07,1.0499812285392178e-06,6.013521457000253e-07,0.0006663033000659075
10.2,0.9993051150038095,3.9506692249056285e-06,4.5311587577551694e-07,9.318878185382344e-07,8.064533107250683e-07,0.000688742869960731
10.233333333333333,0.9834780663430229,1.8711929854123462e-05,3.839899673278475e-06,3.467643368828219e-06,3.260781225832033e-06,0.016492653402854985
10.266666666666666,0.9854484367913591,1.7308361334885228e-05,1.923676176963493e-06,2.864570563660487e-06,3.2791043363670733e-06,0.014526187496229193
10.3,0.9692326186184705,1.3429928774477614e-05,5.36370840680981e-06,3.2243651465440683e-06,3.6251977095262083e-06,0.030741738181492072
10.333333333333334,0.9973466211428429,7.5703438992492025e-06,2.5885057359983003e-06,1.9305781656201493e-06,2.0271503566599028e-06,0.002639262278999383
10.366666666666667,0.9997700062656752,2.9943798881354825e-06,5.477490526355032e-07,5.018472316230739e-07,5.108605264293966e-07,0.00022543889762606287
10.4,0.999919494667374,2.768437929085515e-06,4.5370282458477346e-07,3.9829537278723793e-07,4.973473568937993e-07,7.638754914252412e-05
10.433333333333334,0.9995223468512132,1.9324842089674e-05,5.313877233468331e-06,2.6568106673750856e-06,3.4202693647132648e-06,0.0004469373494315402
10.466666666666667,0.9990882280432101,3.8907228766536034e-05,1.543633675149947e-05,3.3681130038303513e-06,5.775183216734685e-06,0.0008482850950512464
10.5,0.9998855668014458,5.837654769179955e-06,2.5719079500658243e-06,6.034004622151702e-07,9.35124811767002e-07,0.00010448511056090169
10.533333333333333,0.9989134697257159,3.329175721171595e-05,1.5868032156534462e-05,3.303676139673025e-06,5.869172481092968e-06,0.0010281976362951977
10.566666666666666,0.9985572540195061,4.4702444345364824e-05,1.726297592250468e-05,4.404530572806266e-06,7.4664579283953885e-06,0.0013689095717249564
10.6,0.9982435359035553,3.066271559567385e-05,1.8207796474233823e-05,3.5913741727098195e-06,5.663146526259487e-06,0.001698339063675951
10.633333333333333,0.9959035939895378,8.123931893460136e-05,4.220141633654446e-05,8.273954796105755e-06,1.3243554716882493e-05,0.0039514477656783925
10.666666666666666,0.9981319644996169,3.418370398267453e-05,1.6531067500531553e-05,3.700024403611542e-06,5.2815031074723374e-06,0.0018083392013888
10.7,0.9979506731256957,4.3677093871154314e-05,1.782094434210079e-05,3.111617793223399e-06,6.144304622666261e-06,0.0019785729136747596
10.733333333333333,0.9982234808289411,4.191755272919628e-05,8.652563505742952e-06,2.9222079815146536e-06,5.493705614280941e-06,0.0017175331412280787
10.766666666666666,0.9982098071871032,5.170336695357846e-05,1.1859168368338222e-05,3.821675905063208e-06,6.778384050332481e-06,0.001716030217619431
10.8,0.9983653683104812,6.238307794465789e-05,1.3752914300823167e-05,4.138529871432215e-06,8.903762609524094e-06,0.0015454534047924676
10.833333333333334,0.999343129570778,4.310932452549003e-05,8.93884105516116e-06,1.6738207120144764e-05,3.222382078670756e-06,0.0005848616744426911
10.866666666666667,0.9997162039780076,1.8570091661187897e-05,5.424753330829085e-06,9.032533416266421e-06,2.3879622161588665e-06,0.00024838068136777864
10.9,0.9999216790221886,6.1969385834361896e-06,1.5135773062761616e-06,4.53035113726742e-06,5.287597638199014e-07,6.555135102049092e-05
10.933333333333334,0.9999402368779292,5.74385112144763e-06,1.0637847777963887e-06,4.16994556581059e-06,3.570244786457466e-07,4.8428516126933006e-05
10.966666666666667,0.9999645345218175,4.650267631366956e-06,7.522436652672816e-07,4.004703585812682e-06,3.521652809909833e-07,2.5706098018802565e-05
11.0,0.9999437683101091,6.712100333441147e-06,1.3373726866534911e-06,9.799397432741697e-07,9.887443987121206e-07,4.6213532729042316e-05
11.033333333333333,0.9999872337291037,1.4555597158629664e-06,2.0456096385413894e-07,1.4661358209417356e-06,1.2563567037773137e-07,9.5143787252179e-06
11.066666666666666,0.9999907156175551,1.2656594909269715e-06,1.9541558228014768e-07,1.9550409667905065e-07,2.0759323814167816e-07,7.420210036844145e-06
11.1,0.9999935300989291,1.2492162001723502e-06,2.3469965073438038e-07,2.007326957564237e-07,2.0489621260050598e-07,4.5803563117218955e-06
11.133333333333333,0.9999753146088296,1.3294310960664979e-06,2.0196966273484107e-07,2.068222246438424e-07,2.221376984916271e-07,2.2725030488239547e-05
11.166666666666666,0.999931146500753,9.247354925103474e-06,1.3555893528037984e-06,1.3121037517126699e-06,1.4362216717611648e-06,5.550222954562317e-05
11.2,0.9999295029123431,1.0177714668882544e-05,1.4910794617649285e-06,1.4480176003280125e-06,1.7014739179495795e-06,5.567880200779646e-05
11.233333333333333,0.9998361388098704,1.3225905045039658e-05,2.9503262324120784e-06,9.660523841000765e-07,1.93385701245616e-06,0.00014478504945526232
11.266666666666666,0.9998979616461828,1.9606986543677254e-05,4.197423594720719e-06,1.1916710385666338e-06,2.4364695672444746e-06,7.460580307290476e-05
11.3,0.9999583356938517,1.1710876708547505e-05,2.7125426928286974e-06,7.701053979839229e-07,1.6663646382802168e-06,2.4804416710356015e-05
11.333333333333334,0.9999651509688593,1.0228946346530627e-05,2.1953187569633643e-06,1.1220294126144061e-06,1.227992214307466e-06,2.0074744410011367e-05
11.366666666666667,0.9999820365324833,5.326815165835063e-06,1.7399774416488165e-06,6.359590247710845e-07,3.9436286793680924e-07,9.866353016508697e-06
11.4,0.99999269976573,1.727719729600589e-06,3.9650616684323984e-07,1.6005912844960207e-06,1.6000259015749482e-07,3.415414498953638e-06
11.433333333333334,0.9999932923793644,1.7524960698671576e-06,4.168506482240873e-07,2.6709236494745605e-07,2.871383795725071e-07,3.984043172787646e-06
11.466666666666667,0.9999856504714997,3.9440564414351495e-06,2.7649683251194524e-06,6.198174916359905e-07,6.292600987739915e-07,6.391426143446719e-06
11.5,0.9999828846113904,3.93417282552354e-06,3.118918055418049e-06,7.190192039763611e-07,6.937481972374735e-07,8.649530327339504e-06
11.533333333333333,0.9999741264519981,5.207489361769074e-06,4.526331582146053e-06,1.1383471101325496e-06,1.0983381961393467e-06,1.3903041751729583e-05
11.566666666666666,0.9999720376812452,4.583023082905484e-06,4.030278817709987e-06,1.138344732324877e-06,1.0267040969357803e-06,1.7183968024820145e-05
11.6,0.9999714019908996,4.583020169440489e-06,4.030276255629011e-06,1.1383440086698855e-06,1.0267034442516474e-06,1.7819665222380046e-05
11.633333333333333,0.9999669645084784,6.238751832734192e-06,4.619400595572036e-06,1.3047410792922988e-06,1.1767814911515797e-06,1.9695816522502664e-05
11.666666666666666,0.9999753511439458,4.615788214284008e-06,4.030292172261947e-06,1.1383485042931608e-06,1.0267074989766389e-06,1.383771966444151e-05
11.7,0.9999719624199416,4.61577257226613e-06,4.0302785143774675e-06,1.1808582204130773e-06,1.0267040196625307e-06,1.7183966731496146e-05
11.733333333333333,0.9999753741958317,5.319740651753986e-06,3.870194932496542e-06,1.1808622493496452e-06,1.0267075226447664e-06,1.322829881197171e-05
11.766666666666666,0.9999762171008635,6.395458164382192e-06,4.435942860469846e-06,1.2638748754250455e-06,1.1578777881046582e-06,1.0529745448004264e-05
11.8,0.9999816823518143,5.319774210334211e-06,3.870219346891083e-06,1.102690712837877e-06,6.270863110532504e-07,7.397877604869089e-06
11.833333333333334,0.9999876194756606,2.403701837715869e-06,1.5575397847082045e-06,4.247958891865159e-06,3.2442028915646253e-07,3.846903535829235e-06
11.866666666666667,0.9999879566887164,2.344827012282161e-06,1.5575403099374574e-06,3.722240548416272e-06,3.24420398556574e-07,4.094283014344435e-06
11.9,0.9999875439448582,2.3866469097009943e-06,1.5575396670645184e-06,4.340545054932123e-06,3.244202646524344e-07,3.846903245265928e-06
11.933333333333334,0.9999855333342285,3.5363779571068177e-06,2.2474349633366932e-06,1.0355514169817862e-06,7.541209913281132e-07,6.893180442649272e-06
11.966666666666667,0.9999823700838246,5.373363442691055e-06,2.6580515527943856e-06,1.2247513707005086e-06,5.481050887453093e-07,7.825644720096919e-06
12.0,0.9999815396830634,4.176622926601041e-06,2.6580493455074383e-06,1.2247503536481074e-06,5.48104633590402e-07,9.852789677318895e-06
12.033333333333333,0.9999801119206158,4.813591417678223e-06,3.1139897998967624e-06,1.2247486049632635e-06,8.829739522356025e-07,9.852775609616095e-06
12.066666666666666,0.9999916882586446,1.9313805312293605e-06,1.6230851367798025e-06,6.014876750182838e-07,4.3363833808802596e-07,3.722149674480976e-06
12.1,0.9999819092735082,4.361816084667361e-06,3.304930279617878e-06,1.2247508063124918e-06,1.0130647989456198e-06,8.186164522299714e-06
12.133333333333333,0.9999817417560617,5.855346504514557e-06,2.7267301649445864e-06,1.1690199211337024e-06,9.224476291937763e-07,7.584699718659348e-06
12.166666666666666,0.9999939480948912,2.07016244458626e-06,9.337915774444082e-07,4.236855676060235e-07,3.343208616862367e-07,2.289944657780035e-06
12.2,0.9999918653033529,3.0876988920454428e-06,1.1332018149462834e-06,5.271064623884804e-07,3.0776508066919664e-07,3.0789243968950596e-06
12.233333333333333,0.9999940677667023,1.817903830118335e-06,1.0347301460596183e-06,4.588397022133572e-07,2.570244526152848e-07,2.363735166483811e-06
12.266666666666666,0.9999799773427192,7.047470580879532e-06,3.0214714440383367e-06,1.239008872839064e-06,7.0917246699907e-07,8.005533915965502e-06
12.3,0.9999799278656748,7.047470232184536e-06,3.0214712945418665e-06,1.2390088115353394e-06,7.586504669964383e-07,8.005533519867413e-06
12.333333333333334,0.9999399208259354,4.5384953870561135e-05,4.53870576481155e-06,1.238959241465602e-06,9.113419518778029e-07,8.005213235740963e-06
12.366666666666667,0.9998971780076124,8.932492305949752e-05,3.6473829424505387e-06,1.0150269254370827e-06,8.29788410407954e-07,8.004871049807742e-06
12.4,0.9998891984893556,9.156702798475424e-05,4.269461083065708e-06,7.854531917479624e-06,4.5971902683952427e-07,6.650770631997742e-06
12.433333333333334,0.9999004485596382,8.04142393292921e-05,4.274009307655622e-06,7.854620291307687e-06,3.5772597128507445e-07,6.650845461926055e-06
12.466666666666667,0.9999111981085634,6.97739084241054e-05,3.970091581997935e-06,8.025902140600518e-06,3.8107232715245686e-07,6.65091696263274e-06
12.5,0.9999160526581371,7.165023924752313e-05,4.208517840802116e-06,1.0395259314992394e-06,3.98109590357193e-07,6.650949252706265e-06
12.533333333333333,0.9999398768015595,5.085115241916476e-05,2.9876820206589482e-06,7.840740521377182e-07,4.837371399617923e-07,5.016552808462147e-06
12.566666666666666,0.9999412043292737,5.052554507704288e-05,2.9876859871281085e-06,7.840750930803372e-07,4.586972762517543e-07,4.039667292544087e-06
12.6,0.9999198040364299,7.094914364562137e-05,2.9876220460135984e-06,7.840583126571175e-07,4.5868745941852854e-07,5.016452106321328e-06
12.633333333333333,0.9998697977331957,0.00012203558136726093,2.8395659115928197e-06,7.840191016548173e-07,5.037216070712761e-07,4.039378816692308e-06
12.666666666666666,0.9999155627412485,7.920149363503175e-05,1.5749776308040887e-06,5.43372470350417e-07,3.178821446307378e-07,2.7995328706590544e-06
12.7,0.9999248964148097,7.037943328128987e-05,1.479757939550494e-06,5.105213632295792e-07,2.9866368776204175e-07,2.4352089183566127e-06
12.733333333333333,0.9998984231935817,9.592360822964472e-05,1.7442360796602976e-06,5.753017078935903e-07,3.6962352095675956e-07,2.964036880182301e-06
12.766666666666666,0.9998082588684793,0.00018108489353403556,2.9354583054840212e-06,9.041032949315581e-07,6.220570983178396e-07,6.1946192879918884e-06
12.8,0.9997050685738282,0.0002824557025632555,3.4111478563731678e-06,1.0506127818896694e-06,8.155087235041347e-07,7.198454246754224e-06
12.833333333333334,0.9997736192542305,0.00021481103178048815,3.0560432649764353e-06,9.412427286590296e-07,3.860265791431602e-07,7.186401416407991e-06
12.866666666666667,0.9999459706504821,5.0865550064050774e-05,9.111851570668535e-07,3.0704574085768237e-07,2.0790912196696593e-07,1.737659434110989e-06
12.9,0.9998706944473122,0.00012095847727446141,2.238063787407532e-06,6.189347629328568e-07,4.843440880825199e-07,5.005732774913871e-06
12.933333333333334,0.999752799805977,0.0002312702409683931,4.875391303305062e-06,1.124471355992562e-06,8.864297555336931e-07,9.043660639575556e-06
12.966666666666667,0.9993416046458106,0.0006091130176174167,1.619332320902147e-05,2.3532866078870563e-06,2.314198720418849e-06,2.842152803463636e-05
13.0,0.9988727603307228,0.0010670862784252437,1.8622158774869756e-05,3.150947007230714e-06,2.8897838436036056e-06,3.549050122633977e-05
13.033333333333333,0.998612655033281,0.0013117455548970402,2.3407052437155778e-05,3.827693113171761e-06,3.6415422902256704e-06,4.47231239814317e-05
13.066666666666666,0.998667293409635,0.0012602912355206407,2.3408333137269032e-05,4.36854574957961e-06,3.3075891127164245e-06,4.133088684483003e-05
13.1,0.9990403039057477,0.00090207190610503,1.8562708950510107e-05,3.405694979477952e-06,2.8805661499757344e-06,3.277521806734478e-05
13.133333333333333,0.9995781517779105,0.00039045867331721974,1.0301771090448188e-05,1.636240269140802e-06,1.6247334182368486e-06,1.782680399447508e-05
13.166666666666666,0.9989429081021728,0.0009716431539820463,4.3426851846831735e-05,3.1222166813113534e-06,3.6538003538306682e-06,3.5245874962903303e-05
13.2,0.9940958503300322,0.005636838003637865,0.00012004167746873492,6.449792200528335e-05,7.194767428804741e-06,7.557729942718508e-05
13.233333333333333,0.9917643671597918,0.007952819313013854,0.00012726665131835866,6.837987208853349e-05,7.627800418874191e-06,7.953920336863988e-05
13.266666666666666,0.9936117017729669,0.00623896988207996,3.629957194043975e-05,5.1249771122172745e-05,7.3034408056880744e-06,5.4475561084623956e-05
13.299999999999999,0.9996271789977689,0.00036168329860979803,2.2545132966180064e-06,5.032983453873421e-06,6.851106533747867e-07,3.1650962173465535e-06
13.333333333333334,0.9991007729643386,0.0008814665400363328,5.172169809730737e-06,2.074155621145517e-06,3.2529954097436803e-06,7.261174784291601e-06
13.366666666666667,0.9979154734682489,0.0020456738352339727,1.3512432550319473e-05,3.901677694491601e-06,7.809629046182545e-06,1.3628957226023597e-05
13.4,0.9947100562440963,0.0052101619298132364,2.6328037349753328e-05,4.712394516257578e-06,1.80794643286517e-05,3.066192989585636e-05
13.433333333333334,0.996897688378531,0.003067248751140756,1.3559316744083983e-05,7.001882809740132e-06,4.105469008797528e-06,1.0396201765466192e-05
13.466666666666667,0.9990349259653688,0.0009534003492577926,5.458662421363461e-06,2.41908816890964e-06,1.7309862245675185e-06,2.064948558701782e-06
13.5,0.986851322864695,0.013103231511152984,2.1360507893743364e-05,8.542426229447286e-06,7.782647263443356e-06,7.760042765225792e-06
13.533333333333333,0.0055551723587376235,0.9928867002046957,0.0009819531867349932,0.0001991590655780379,0.00021529095142301655,0.0001617242328305742
13.566666666666666,0.00025260518498852356,0.9982469038232001,0.0010260814560209136,0.0002784397510935941,0.0001140325653521373,8.193721934447146e-05
13.6,2.6532339797223026e-05,0.998915237017753,0.0006843348184248761,0.00019271408933579172,0.00013717054265423228,4.401119203509111e-05
13.633333333333333,1.366612387521228e-05,0.9995432414795395,0.0002601550252780665,0.00012858399768779247,3.886882102475863e-05,1.548455259470781e-05
13.666666666666666,1.0676159582767291e-05,0.9996587132339442,0.00023075446078892523,6.411389271474398e-05,2.2124376491338675e-05,1.361787647766195e-05
13.7,1.076196446462951e-05,0.9995138172398225,0.00036223592037691165,7.432330009166427e-05,2.334823079136846e-05,1.5513344452785683e-05
13.733333333333333,1.0614252816271158e-05,0.999536956594213,0.0003291467852037186,7.985719060390595e-05,2.5353693067020298e-05,1.8071484096041065e-05
13.766666666666666,8.654413060128765e-06,0.9997752969350303,0.00012517130503785312,5.65742602242847e-05,2.1812549001139285e-05,1.2490537646501058e-05
13.799999999999999,6.581737657574398e-06,0.9997434342475117,0.0001298039351298945,6.0224154596501e-06,9.129311000881794e-05,2.2864554232209395e-05
13.833333333333334,8.49480938430276e-06,0.9997987746407794,0.00012078435127550921,6.943755876805355e-06,4.209742180893603e-05,2.2905020874945573e-05
13.866666666666667,6.246691185382498e-06,0.9997823239286324,0.00014275939188176196,4.924583747922467e-06,3.9544163264803084e-05,2.4201241287545754e-05
13.9,3.215226584667604e-05,0.9928842518218192,0.006641622094241307,1.7950399777612404e-05,0.0002534080692737882,0.0001706153490414739
13.933333333333334,4.86028316189157e-05,0.9743933086122405,0.024859022893991913,2.906221137472209e-05,0.00047817922429415185,0.00019182422647983166
13.966666666666667,5.8305346773891515e-05,0.7907580515365776,0.208130298752754,3.51679159677001e-05,0.0008567198485633652,0.0001614565993631559
14.0,6.753072046470877e-05,0.7031644890887928,0.29475278803091964,0.0005864920260377386,0.0010633299462085328,0.00036537018757667485
14.033333333333333,6.710944762308385e-05,0.1994255717390145,0.7988362404470675,0.0005549070215792236,0.0008293667189890116,0.0002868046257265989
14.066666666666666,7.591673211052835e-05,0.24742773791750064,0.7498417804781954,0.0017845715180917017,0.0006041633739871355,0.00026582998011463066
14.1,5.820486446919201e-05,0.3216893105856452,0.6705470045352393,0.007052952798527397,0.00045539594854353244,0.00019713126757520195
14.133333333333333,6.576012696945204e-05,0.5195042589579434,0.4783462434790261,0.0012197428418542224,0.0006018066675057371,0.00026218792670115607
14.166666666666666,5.1950529804540024e-05,0.3282300614469666,0.6694824645720152,0.0010847426086914068,0.0008243062169305387,0.0003264746255917499
14.2,3.682112278302133e-05,0.2284824416901982,0.7644205732608474,0.006405685497377655,0.0003261224351987481,0.00032835599359478415
14.233333333333333,6.278965093746432e-05,0.3867446644657852,0.5997957904442281,0.012388030089015354,0.0004525720218630718,0.0005561533281706533
14.266666666666666,0.00017934886933650281,0.7247217818814332,0.2667631769694445,0.006121499244024517,0.0010911020086790844,0.0011230910270821402
14.299999999999999,0.00013328582823239783,0.8452427944089167,0.14762947854413114,0.005128014332893278,0.0007749767028958505,0.0010914501829304138
14.333333333333334,0.00012547959420692906,0.795738933803477,0.19763979104488316,0.004679914126631496,0.00078835488977705,0.0010275265410242406
14.366666666666667,0.0001646373792054757,0.757241800983194,0.2341574517562419,0.006182080724015243,0.0007114826608022111,0.001542546496541038
14.4,0.000198625817765904,0.8041424090102376,0.18995733640862272,0.003077247742023509,0.0007847609608427081,0.0018396200605073458
14.433333333333334,0.0002093903427945657,0.8420007285527416,0.15147224562291242,0.003153392035102676,0.0008217068187991779,0.002342536627649595
14.466666666666667,0.00017925286357629294,0.8206964822970199,0.17510687035995498,0.001355419186855818,0.0005207536649950573,0.0021412216275980777
14.5,0.000184858711875588,0.7973984736750838,0.19907656193157922,0.0005689902960441562,0.0005629304559226542,0.0022081849294946524
14.533333333333333,0.00023507550386084813,0.7598025950837372,0.23674501077548515,0.00029062374653909595,0.00062919028057245,0.0022975046098053925
14.566666666666666,0.00028036820172558895,0.5337466278276072,0.4624052315247524,0.001577444186875121,0.0007752566791789057,0.0012150715798607819
14.6,0.00020923510868521436,0.25876563731927243,0.7363929195909125,0.0030560824875868657,0.0006139197444158717,0.000962205749127092
14.633333333333333,0.00010739995093807363,0.09320092225637464,0.9043720772238376,0.0016160597092785736,0.00035496281244990776,0.0003485780471214367
14.666666666666666,0.00010664948825713915,0.03929324819196891,0.9580751282030923,0.0017120239027102403,0.0002989633418923622,0.0005139868720792848
14.7,0.00011418431257894241,0.03844055943851957,0.9567680604916207,0.0032350017649604725,0.0006724535929306465,0.0007697403993896697
14.733333333333333,0.0001277602586203565,0.02602803910625085,0.9680984973661924,0.004006294748859501,0.000855839907676756,0.0008835686124002461
14.766666666666666,0.0002092629821832403,0.03677869432156001,0.9545737084834524,0.005980478129252076,0.0012093371392344404,0.0012485189443176025
14.799999999999999,0.0002118467762135792,0.025483419797370607,0.9638164560441825,0.007017899215561716,0.0016510249336152037,0.00181935323305614
14.833333333333334,0.00033378295573071286,0.06347602282064828,0.9152671212838553,0.016323080788019962,0.002068133599560113,0.0025318585521853236
14.866666666666667,0.00041850172070401193,0.13052776671638003,0.8393317373442697,0.0229548917850962,0.003871317364933637,0.002895785068616346
14.9,0.00046379758747246776,0.10260532659961748,0.864150912162698,0.025958020592707094,0.00393463067454135,0.0028873123829636456
14.933333333333334,0.0006122852840877718,0.011846754275608088,0.9436392023249778,0.03686636656499687,0.004937479343731911,0.002097912206597805
14.966666666666667,0.0005924344928028938,0.01047470863341043,0.9339778535729997,0.04628412023198488,0.005693311802099077,0.0029775712667030893
15.0,0.0004214444166541419,0.00914026274898865,0.9058427032387968,0.02765223953570368,0.054918903334020955,0.002024446725835789
15.033333333333333,0.00042922786629999047,0.010487963303016334,0.880396685327622,0.032645226501741995,0.07381556624521755,0.002225330756102036
15.066666666666666,0.0004562265790221481,0.011147663034768525,0.8517210806412306,0.05430925912562946,0.08000046510738212,0.0023653055119670003
15.1,0.0006696181681455104,0.010443661395611616,0.8378509122186937,0.05069068472560587,0.09774610066631034,0.0025990228256329295
15.133333333333333,0.0010381497839081816,0.009099295343034676,0.8367993331908955,0.06140721077759887,0.08033441833079354,0.0113215925737693
15.166666666666666,0.004059448583856398,0.03624629105721774,0.5547869222838837,0.10010122299031556,0.2589286398997339,0.04587747518499261
15.2,0.0027060450614152754,0.04284235970539319,0.619251471251789,0.06900211538189033,0.2257104662318068,0.04048754236770532
15.233333333333333,0.0012580303131903001,0.03785365193888541,0.7594256383992628,0.034722696867000864,0.160445887623687,0.006294094857973609
15.266666666666666,0.0007422613748120582,0.020733421205759665,0.803090257204132,0.056510300393755694,0.11365167964087165,0.005272080180669076
15.299999999999999,0.0011972020006464463,0.04818269355196059,0.768783086836555,0.0975528257174818,0.07942212754849091,0.00486206434486526
15.333333333333334,0.0013675836293809273,0.05819336004417554,0.8017641669342976,0.10243412778525361,0.029186115382872184,0.007054646224020132
15.366666666666667,0.001437524406553563,0.045798843248746314,0.7453554752600472,0.17849334760359672,0.018795033237726414,0.010119776243329898
15.4,0.001477936659229549,0.049630227189282894,0.8131193823454149,0.1215730429589043,0.0036581636091895173,0.01054124723797884
15.433333333333334,0.0014419750612381505,0.06491167467318468,0.8561529797573888,0.06661350332566013,0.005160075897155161,0.005719791285372949
15.466666666666667,0.0023641781084442347,0.10211436571111435,0.7492685573283493,0.1244056020215981,0.01169583181562902,0.010151465014865108
15.5,0.0017661911800886448,0.07271967530497488,0.8175018822222773,0.09402042724268514,0.008839208897306092,0.005152615152668053
15.533333333333333,0.0019883626877544567,0.07686979899506094,0.7743071789168039,0.11667030408432062,0.0024553820668250584,0.02770897324923489
15.566666666666666,0.003377207096229717,0.07271801018563079,0.7485732070640276,0.14528310759188853,0.0020680374700553852,0.027980430592168076
15.6,0.0023595470386581162,0.056817903924995306,0.8513257625907912,0.07569286084407788,0.0016603763671205088,0.012143549234356869
15.633333333333333,0.0007093519722689631,0.02457945416470594,0.9393229872863076,0.030971830087579547,0.000568033771561577,0.0038483427175763215
15.666666666666666,0.0004907497725339274,0.01631594184856336,0.960519400033409,0.019078711892392637,0.0010406508731801223,0.0025545455799208853
15.7,0.0005687229973877251,0.01890831513870394,0.9637722486935888,0.01349679239022543,0.00029349389762254447,0.002960426882471414
15.733333333333333,0.000702945374670935,0.0233708021842326,0.9462927239739425,0.025583692540121664,0.00039072878059469085,0.0036591071464374923
15.766666666666666,0.0005861477619386582,0.02413090718463845,0.9601340967204481,0.011749028849007722,0.0003486898487772759,0.003051129635189798
15.799999999999999,0.0007998866209575229,0.023986351148945054,0.9397610245907887,0.031603157160911007,0.0005655689126085981,0.0032840115657890405
15.833333333333334,0.0009915687265048315,0.10841460249630627,0.8501117797772448,0.03647038232011428,0.0007134265307913803,0.0032982401490382635
15.866666666666667,0.0006084437560876878,0.169203531579907,0.7985534699574519,0.028579873416031378,0.0005716705175465823,0.0024830107729753915
15.9,0.0004467941311553329,0.12036708625519324,0.8691513685776364,0.007976076517158962,0.0003996830887186586,0.0016589914301374706
15.933333333333334,0.00038482182865527063,0.136254339060505,0.8542753571115509,0.006887205638698556,0.00041451196841244166,0.0017837643921777692
15.966666666666667,0.0004712919270671274,0.15406950755972953,0.8363370090998461,0.006441688422755666,0.0004959238029788002,0.0021845791876226248
16.0,0.0005197254839228279,0.15409178355151656,0.8364579300831151,0.0062846648953787465,0.0005213333948317506,0.002124562591235045
16.03333333333333,0.00032032413585964236,0.12969750562255886,0.8646979321556332,0.003518467209338005,0.00034016172203397396,0.001425609154576439
16.066666666666666,0.0003167764615630951,0.10104651390417588,0.893618857076936,0.003475607199872416,0.0003363943412379856,0.0012058510162148426
16.1,0.00017427347235728874,0.051072444678170716,0.9461528901964423,0.0017620101601677279,0.00017498673586381535,0.0006633947569979683
16.133333333333333,0.000159488701728029,0.04782994128013242,0.9495565602001602,0.0017194135499608632,0.00017875930481669227,0.0005558369632018468
16.166666666666668,0.00014402966243482062,0.03983123271839671,0.9574488148715984,0.001917629972716302,0.0001614323901998796,0.0004968603846540045
16.2,0.0001396733003914686,0.0394442690543938,0.9580265407181097,0.0018596287923683585,0.0001565496603139257,0.00037333847442258896
16.233333333333334,0.00011451578160123946,0.024250865397549302,0.9739924067118374,0.0012718021977721,0.00011758482457583024,0.0002528250866641615
16.266666666666666,0.00011790968078569626,0.03519184265721804,0.9623033121395613,0.0020110582853485794,0.0001260863592392158,0.000249790877847033
16.3,0.00013304525825609195,0.03774093485615908,0.9597889548614701,0.0019041741952178677,0.00017769144585955818,0.00025519938303724196
16.333333333333332,0.00013897637221272678,0.024242724709191695,0.9732988594376072,0.0018248220162392064,0.00022408686174141113,0.00027053060300770047
16.366666666666667,0.0001601552599567143,0.019507309308552104,0.9785365683166736,0.0012748682551173092,0.0002921339970085091,0.00022896486269183926
16.4,0.00035711309860634026,0.015027537175654158,0.9827408980003476,0.0013384193395225002,0.00033893965630486816,0.00019709272956463646
16.433333333333334,0.00015083384524287803,0.005481338807275244,0.9939375796088422,0.000247804032486233,0.00010933840818849622,7.31052979650374e-05
16.466666666666665,0.00010810627603164879,0.006415799614794759,0.9929531119278875,0.0002874874442999159,0.0001589954431851731,7.649929380117555e-05
16.5,2.7905207490927893e-05,0.0019064828521388113,0.997915688224458,3.464601270671224e-05,8.12488981465669e-05,3.402880505897759e-05
16.53333333333333,1.337139415466667e-05,0.0007627263105403981,0.9991586436364346,1.938058085345428e-05,2.927590239357189e-05,1.6602175623406468e-05
16.566666666666666,3.0198145196039117e-06,0.00027104456179244055,0.9997013365819842,1.1938151893431203e-05,7.520947972025201e-06,5.139941838294959e-06
16.6,2.6854208162667386e-06,0.00026033962801464203,0.9997154637923048,1.1387914865667277e-05,5.062973005406475e-06,5.060270993123911e-06
16.633333333333333,1.8501107571034537e-06,0.0001861375236987235,0.9997993911752906,6.812315978461644e-06,4.079055121223069e-06,1.7298191536302978e-06
16.666666666666668,2.2091388231867247e-06,0.00018390478982608846,0.9997945159232494,9.156311912398645e-06,8.14833247008327e-06,2.0655037190095147e-06
16.7,3.4708844450447643e-06,0.000248363088658459,0.9997203916970561,1.239866795017469e-05,1.038559198929183e-05,4.990069900924393e-06
16.733333333333334,3.352658306351079e-06,5.516476435975057e-05,0.9998948614644989,2.9257875992366506e-05,1.1887491225502227e-05,5.475745617014682e-06
16.766666666666666,3.5217919913561093e-06,2.4202936858047462e-05,0.999931997098222,2.5936262242892746e-05,9.487820309079579e-06,4.854090376735371e-06
16.8,4.394089117827548e-06,2.769579978576108e-05,0.9999028877612351,4.7708456877974185e-05,1.0001521328958206e-05,7.312371654137554e-06
16.833333333333332,3.269968886392997e-06,2.1863863489158486e-05,0.9998744504925596,8.530674555547208e-05,8.096754773258394e-06,7.012174736034168e-06
16.866666666666667,6.770054482767686e-06,4.103094714383252e-05,0.9996908254760454,0.0002456020095358765,4.682262599775645e-06,1.1089250192363668e-05
16.9,8.487563823289662e-06,4.4429048481405255e-05,0.9994643055757716,0.0004684977654761655,5.8799204281957445e-06,8.400126019220437e-06
16.933333333333334,1.2071979991018565e-05,6.54551330208936e-05,0.9986641650666053,0.001241786922448889,8.182613692558638e-06,8.338284241310738e-06
16.966666666666665,1.9338244548003203e-05,0.00012594425695977644,0.9951650473874323,0.004656375222103879,1.7250936944360448e-05,1.6043952011465295e-05
17.0,5.759437305725203e-05,0.0009033292186725801,0.9771354579313242,0.02178102598623461,4.636447368085976e-05,7.622801703062125e-05
17.03333333333333,8.198628531691087e-05,0.0017427897272083237,0.9067991518285441,0.09118187298031696,7.972130367174569e-05,0.00011447787494196191
17.066666666666666,3.9918545901644506e-05,0.0011565390897125092,0.6735708773038502,0.3251131750400779,4.063898610175924e-05,7.885103435596278e-05
17.1,4.1052948580505586e-05,0.0018120943764116794,0.6336833293929073,0.3643631929708507,3.8719926535874255e-05,6.161038471378068e-05
17.133333333333333,5.0812679825692065e-05,0.002242893008817102,0.5378493535881819,0.45973065828146237,5.155406044095036e-05,7.472838127191589e-05
17.166666666666668,3.2824327445914306e-05,0.0018331059310347842,0.538090634730305,0.4599368950976994,4.9955172983356845e-05,5.6584740531572904e-05
17.2,3.580870402362113e-05,0.001872493373950985,0.5241611718363955,0.47380992534600935,5.1461965835255456e-05,6.913877378522397e-05
17.233333333333334,4.020393290439603e-05,0.002077293824164601,0.5814903167455088,0.41625189307879773,6.359172115211687e-05,7.670069747233116e-05
17.266666666666666,3.4235630368192134e-05,0.0022040457383144464,0.5420997269340686,0.45552705713035335,6.299233351406707e-05,7.194223338147002e-05
17.3,3.981580443775599e-05,0.0023878325840534765,0.5419747159077508,0.4554220102135261,6.29778071531938e-05,0.00011264768307870205
17.333333333333332,3.274936242989737e-05,0.0022714900658446103,0.32905293372571287,0.6684851666752499,5.907270566450646e-05,9.858746509814241e-05
17.366666666666667,3.428856617998748e-05,0.002426508296103601,0.20354387536702678,0.7938277104729523,6.687289763453885e-05,0.00010074440010282146
17.4,3.125851640268455e-05,0.002212079938742784,0.15961679676279664,0.8379755939140904,6.587386820327195e-05,9.839699976441198e-05
17.433333333333334,3.0873511056304054e-05,0.0023252756910679758,0.12734610626076034,0.8701008186665025,8.572891850877601e-05,0.00011119695210418607
17.466666666666665,1.7669041930026505e-05,0.0010268991537828866,0.08035887979634417,0.9184760705441234,5.031314246112274e-05,7.016832135851105e-05
17.5,1.0208444771831066e-05,0.0006079048528432034,0.06257648121644764,0.9367389208035739,2.4261141724178183e-05,4.222354063917708e-05
17.53333333333333,1.0748632111776716e-05,0.0005836917734372838,0.08936437667584217,0.9099711801505314,2.55449378268119e-05,4.4457830250450765e-05
17.566666666666666,9.875395458725416e-06,0.0005414770799702847,0.08046666663083062,0.9189217339750804,1.940091608080727e-05,4.0846002579161224e-05
17.6,7.4729106308795165e-06,0.0004016086481965741,0.06018308242403978,0.9393612148641561,1.5712160199811392e-05,3.0908992776897084e-05
17.633333333333333,4.010438696945376e-06,0.00012341443423274776,0.033135647194156716,0.9667125856802294,8.917563456150713e-06,1.542468922792999e-05
17.666666666666668,3.768645706026918e-06,5.279617037768324e-05,0.03791414685736752,0.9620057405990128,8.874144563801768e-06,1.4673582972027496e-05
17.7,4.711219399594071e-06,6.765818977082648e-05,0.047396831150201185,0.9525019089936432,1.0546863068883653e-05,1.8343583916316114e-05
17.733333333333334,4.005889672986584e-06,5.801752610254734e-05,0.028609726703985316,0.9713040684439198,8.58412124166226e-06,1.5597315077761987e-05
17.766666666666666,4.1743775857559326e-06,4.834345320829143e-05,0.029813053188426985,0.9701092304720821,8.945169794926186e-06,1.625333890187766e-05
17.8,4.177598407182251e-06,4.719572857080668e-05,0.029065671788421413,0.9708577369335091,8.952071612968681e-06,1.6265879478552614e-05
17.833333333333332,5.069363067667121e-06,5.417711844740799e-05,0.032774266801763194,0.9671358856542345,1.0863011900778634e-05,1.9738050586656557e-05
17.866666666666667,4.455683715109224e-06,4.7618626082891196e-05,0.020040742433223378,0.9798802866520264,9.547973695561586e-06,1.7348631256636312e-05
17.9,4.2393179204282785e-06,4.351408327627288e-05,0.01471250880994365,0.9852011134657429,2.3217789230759442e-05,1.5406533885925525e-05
17.933333333333334,4.754410822181809e-06,4.7322336649267326e-05,0.011112993592444376,0.9887940248163113,2.4588652035859258e-05,1.6316191737059116e-05
17.966666666666665,7.7101325660165e-06,6.64067363711216e-05,0.009888541098189037,0.9899778968923659,3.573356454517872e-05,2.3711575962660907e-05
18.0,6.992636176919017e-06,6.640678401808253e-05,0.009888548193236271,0.9899786072034088,3.573359018407993e-05,2.3711592975762212e-05
18.03333333333333,2.323293132702156e-06,2.499644125198304e-05,0.0031247044470456707,0.9968272693817904,1.2724153104068191e-05,7.982283675368408e-06
18.066666666666666,2.3223665708195735e-06,2.7511089887670618e-05,0.0035197476772659032,0.9964297206875138,1.2719078533370063e-05,7.979100228697194e-06
18.1,2.5606689057242107e-06,2.6526012772061752e-05,0.003519759285146501,0.9964330068427392,1.2719120479997625e-05,5.4280699565229925e-06
18.133333333333333,2.3241754129618566e-06,2.069672214694544e-05,0.002750834524823147,0.9972058186960064,1.3298017467337817e-05,7.027864143262399e-06
18.166666666666668,2.220611160174446e-06,2.0741171560829077e-05,0.0019443748551510119,0.9980125844947737,1.3364161802544146e-05,6.71470555177688e-06
18.2,3.218911362182129e-06,2.8391145892618952e-05,0.001963156414227295,0.9979768569395536,1.837314761202298e-05,1.000344135219606e-05
18.233333333333334,2.2030523418847686e-06,2.008766485962164e-05,0.0008315221911018335,0.9991267658949817,1.2574750069235221e-05,6.8464466455275845e-06
18.266666666666666,2.1902687787456444e-06,1.7329543234641667e-05,0.0007785176017636485,0.9991804399401667,1.4314481591964533e-05,7.208164464147676e-06
18.3,2.0509814589355845e-06,1.6598424753111463e-05,0.0007645135385386925,0.9991966831141273,1.3404170585953213e-05,6.7497705361037226e-06
18.333333333333332,1.6248193279170224e-06,1.3149529574893575e-05,0.000536022148585936,0.9994340776835766,9.778546009143835e-06,5.347272925498747e-06
18.366666666666667,1.6364223648937169e-06,1.1928160619811957e-05,0.0005398499494395498,0.9994317888619433,9.848375822817861e-06,4.948229809734224e-06
18.4,1.5281375997350647e-06,1.348881320335577e-05,0.0005041271884641045,0.9994670383708838,9.196692561793e-06,4.620797287181948e-06
18.433333333333334,1.5280940110354462e-06,1.348842844754122e-05,0.0005326368759278078,0.9994385295058956,9.196430234716153e-06,4.620665483249511e-06
18.466666666666665,1.5280443654448423e-06,1.3157239329110638e-05,0.0005658921557791825,0.9994060591763797,8.742868782291056e-06,4.6205153644314e-06
18.5,1.5280310716087592e-06,1.2472313145276855e-05,0.0005756460569637899,0.9993973644417034,8.368681949448949e-06,4.620475166400987e-06
18.53333333333333,1.4372713796196976e-06,1.1711190522169872e-05,0.0005046559823031921,0.9994699779091025,7.871611562466085e-06,4.346035129979376e-06
18.566666666666666,1.378859907028437e-06,1.3377324537553194e-05,0.0004841464950231227,0.9994896619519578,7.265958621787889e-06,4.169409952942443e-06
18.6,1.3787668445948736e-06,1.3376421671083811e-05,0.0005516061239804712,0.9994222040907286,7.2654682254915955e-06,4.169128549853727e-06
18.633333333333333,1.3788000541405973e-06,1.3376743861081959e-05,0.00052602596027972,0.9994462765853016,7.265643224549765e-06,5.676267278829511e-06
18.666666666666668,1.4302669930363541e-06,1.1992878713474676e-05,0.0005456611103321128,0.9994274907463598,7.536850362055535e-06,5.888147239464986e-06
18.7,1.5532227556551811e-06,1.3134491017281313e-05,0.0005689460841309572,0.9993984937643376,8.184770777280388e-06,9.68766698096891e-06
18.733333333333334,1.553214595788123e-06,1.8387929297631436e-05,0.0005689430951685608,0.9993932434170727,8.184727778527505e-06,9.687616086739876e-06
18.766666666666666,1.553214595788123e-06,1.8387929297631436e-05,0.0005689430951685608,0.9993932434170727,8.184727778527505e-06,9.687616086739876e-06
18.8,1.6389423173807572e-06,2.1899686193637503e-05,0.0005700005949408286,0.999391605966599,8.636473510386969e-06,6.218336438603341e-06
18.833333333333332,1.6389422555749026e-06,2.1899685367782436e-05,0.0005700005734456402,0.9993915682787246,8.674184002233543e-06,6.2183362041047905e-06
18.866666666666667,1.6389422555749026e-06,2.1899685367782436e-05,0.0005700005734456402,0.9993915682787246,8.674184002233543e-06,6.2183362041047905e-06
18.9,1.6390429879646884e-06,2.208705156435106e-05,0.0005083877568308106,0.999452992713089,8.674717133453398e-06,6.21871839442553e-06
18.933333333333334,1.580067212760867e-06,2.1112992054301525e-05,0.0004900950321839359,0.9994741763732673,7.040577789697617e-06,5.994957492009583e-06
18.966666666666665,2.872762957609734e-06,4.2381662262592266e-05,0.0008314102481368662,0.9991036561495579,1.1291205267022466e-05,8.387971818059053e-06
19.0,2.87354454687458e-06,3.918148602892599e-05,0.000561538947402369,0.9993754811151528,1.2534652945397414e-05,8.39025392376132e-06
19.03333333333333,2.87355165820495e-06,3.5826474537413466e-05,0.0005615403370759605,0.9993779543286682,1.3415033372794385e-05,8.390274687618142e-06
19.066666666666666,2.8737632695607997e-06,3.090093991203342e-05,0.000492868814329831,0.9994515495686626,1.3416021269912116e-05,8.390892556239898e-06
19.1,2.4849748120075695e-06,2.6194475079950142e-05,0.0003431623652036476,0.999613164420879,8.727978791933473e-06,6.265785233547793e-06
19.133333333333333,2.48533493602946e-06,3.316466352568419e-05,0.0001904620953321668,0.9997580289528519,9.592260079498527e-06,6.266693274855778e-06
19.166666666666668,4.267958024220431e-06,5.99043465851878e-05,0.0002958677590551377,0.9996125895688291,1.6276231734753563e-05,1.109413577140535e-05
19.2,4.570263373758155e-06,6.108884910155045e-05,0.0003232664187563308,0.9995500474725182,4.914704755072695e-05,1.1879948699545931e-05
19.233333333333334,4.916326371645497e-06,6.410493844644403e-05,0.0005150076752979154,0.9993503230640224,5.286849054466332e-05,1.2779505317074521e-05
19.266666666666666,3.6604794741836624e-06,5.115380166977023e-05,0.00041096054561550474,0.9994846087104349,3.941880414985836e-05,1.0197658655792168e-05
19.3,2.497440757494011e-06,3.34422304181145e-05,0.00028295599150033766,0.9996472524396894,2.6894325945506144e-05,6.957571689065866e-06
19.333333333333332,2.6548030858688792e-06,3.734069733612335e-05,0.0003225287677400158,0.999445079164089,0.00018500060340634762,7.39596434264179e-06
19.366666666666667,2.654745476275003e-06,3.667107929875014e-05,0.0003448907147674285,0.9994233910677407,0.00018499658886768532,7.39580384919338e-06
19.4,2.2239482935819635e-06,3.072030255220441e-05,0.00012918356138390895,0.9996648945367547,0.00016678199666867458,6.195654346931717e-06
19.433333333333334,1.8825787220422082e-06,2.5422974601138984e-05,0.0001161855896390666,0.99971704137922,0.0001342228383282708,5.244639489291298e-06
19.466666666666665,1.8825862561167193e-06,2.6531878581659462e-05,0.00012508165293588735,0.9997210422438807,0.00012021697786732757,5.244660478323116e-06
19.5,1.937610226996081e-06,2.6166138505162553e-05,0.00012873752219888867,0.9997140301152991,0.0001237306630798293,5.397950689857253e-06
19.53333333333333,3.746122648212404e-06,4.8282932241295576e-05,0.00021944090895648302,0.9994961818992929,0.0002232049165181637,9.14322034280629e-06
19.566666666666666,4.74705960674096e-06,6.118378357073731e-05,0.00027807393745394985,0.9993782472869546,0.00026452576473338517,1.3222167680629737e-05
19.6,4.26688150800213e-06,5.2024597327603045e-05,0.0003118630001073525,0.999380962582923,0.00023899822897809522,1.1884709155972699e-05
19.633333333333333,4.26721582899622e-06,5.159048090485034e-05,0.0003118874353648163,0.9994592666174406,0.00016364049381625823,9.34775664468034e-06
19.666666666666668,2.3334497198713915e-06,3.0407435117707732e-05,0.000161498500023111,0.9997039635211358,9.644972504762429e-05,5.347368955887119e-06
19.7,2.346798462113938e-06,2.5281336847395392e-05,0.00015964231451199537,0.9997272841238227,7.925682300736121e-05,6.1886033484660504e-06
19.733333333333334,8.133568790340514e-06,7.763052506811145e-05,0.0005532906927861491,0.9990406454016487,0.0002988512587681822,2.1448552938601914e-05
19.766666666666666,1.5321053485563883e-05,0.00017210680211225394,0.0010422234711174544,0.9981051817874234,0.0006247646423649748,4.0402243496179996e-05
19.8,1.4429391259366137e-05,0.0001784085735499518,0.0009815676355818782,0.9981931907945614,0.0005943527112422364,3.805089380517269e-05
19.833333333333332,3.2925332573797414e-05,0.00036515853412617756,0.002066992018052425,0.9961250203772896,0.001282104242365236,0.0001277994955927755
19.866666666666667,3.2860889052236724e-05,0.0003742424772274578,0.004010410303138201,0.9941753421444595,0.0012795948277009883,0.00012754935842161047
19.9,2.360054308108168e-05,0.00021186345813137505,0.0024847901908275306,0.9964079003341887,0.0007928178006168192,7.902767315462904e-05
19.933333333333334,2.501960895450137e-05,0.00023398128143473264,0.0013928751253402614,0.9974906212251811,0.0007936792955880961,6.38234635013125e-05
19.966666666666665,3.671797163677624e-05,0.00036215227711108557,0.001770572807834955,0.9965124639500751,0.0012319392704605641,8.615372288148719e-05
20.0,3.168327375494521e-05,0.0005240695070558774,0.0014964000005219188,0.9967261991950948,0.0011782106412188999,4.343738235351405e-05
20.03333333333333,2.1591589751594718e-05,0.00041562782447293866,0.0010320590950338834,0.997825720560991,0.0006750423989388129,2.9958530811796678e-05
20.066666666666666,2.1585255054176002e-05,0.00047605350307223143,0.0011913981498025373,0.9975329712039919,0.0007360010896442652,4.199079843487708e-05
20.1,2.1221086499088063e-05,0.0004680219224435455,0.0009239833361602953,0.9981002252414127,0.00043903517176692127,4.751324171750301e-05
20.133333333333333,1.5963223976467353e-05,0.000340643424527862,0.0007085037188001902,0.9987174119486977,0.00018289581380579974,3.45818701922507e-05
20.166666666666668,1.3529211855906731e-05,0.0002578012560436655,0.0007259612536938732,0.9988650737620576,0.00010418518154514984,3.3449334803960636e-05
20.2,2.2074328076572683e-05,0.0005260795630673651,0.0015345396830676204,0.9976190484233921,0.0001931891731894649,0.00010506882920695083
20.233333333333334,1.3441343006591382e-05,0.0005431777457533654,0.0009621881195557745,0.998252511128321,0.00015718541733713182,7.149624602590331e-05
20.266666666666666,1.8917025743184747e-05,0.0027678570229463318,0.0014340260587763446,0.9953065384757296,0.00023426602338963526,0.0002383953934147769
20.3,1.891106369421785e-05,0.0024820040144858647,0.0020953214490152484,0.9949928492943527,0.00021825187283367763,0.00019266230561819242
20.333333333333332,1.960927626861714e-05,0.0011494351886009657,0.0030469537161927802,0.9954119912998685,0.00019607254061081687,0.00017593797845833007
20.366666666666667,1.1043282453171232e-05,0.0006229906341011717,0.001982358728604967,0.9972017025814178,0.00011042143614150015,7.148333728134624e-05
20.4,9.257620140109894e-06,0.0003262515397876953,0.0022324930221360195,0.9972803265547908,9.114934432362051e-05,6.052191882170618e-05
20.433333333333334,1.0492943712693818e-05,0.0012816817710536346,0.0026552463391788135,0.9958949340818112,8.904698725472486e-05,6.85978769888099e-05
20.466666666666665,9.853022172075982e-06,0.0012817590817210454,0.002575158404317984,0.9959550061712829,8.905235854280203e-05,8.917096196312503e-05
20.5,9.884288882915843e-06,0.0008190920220684985,0.002698158115533163,0.9955713631077044,6.835322509230593e-05,0.0008331492407187618
20.53333333333333,1.135964595798788e-05,0.001064253426805483,0.003301150887498513,0.9943997228243683,9.488142270343398e-05,0.0011286317926662525
20.566666666666666,0.00012683183071955485,0.007247657704082109,0.027737425792284196,0.9531426422212613,0.0006701572085265529,0.011075285243126391
20.6,0.00024589370017327294,0.01124637992625834,0.02752252568638333,0.9502645620417917,0.0009935556692910322,0.009727082976102254
20.633333333333333,0.00023497431202409064,0.010338696757001371,0.031319698923003104,0.9498477532720435,0.0021904618078491854,0.006068414928078658
20.666666666666668,0.00022033401868073733,0.010755437258801981,0.034156749086418914,0.9485696991584875,0.0005034169004018721,0.005794363577208868
20.7,0.0002407337258983929,0.008183158842366176,0.08322068391709823,0.9042442143754905,0.0004008277360877597,0.0037103814030588593
20.733333333333334,0.0006431981498912303,0.019593584770517314,0.1539900958775587,0.8166623605120586,0.0008131202719868316,0.00829764041798711
20.766666666666666,0.001362029032866878,0.03510883558066157,0.15524971935134513,0.799690930667411,0.0015983409577704688,0.006990144409944783
20.8,0.0013771520025235016,0.031943206132809675,0.18034892185578552,0.775282867102121,0.003980095069160005,0.007067757837600215
20.833333333333332,0.0011539140843411005,0.03617369784001737,0.3848149697632589,0.5667066022434163,0.0047509509677044134,0.0063998651012618386
20.866666666666667,0.0010241106432465662,0.03337267548471098,0.258587741696799,0.6983648648489018,0.005394210009123713,0.003256397317217915
20.9,0.0009828488469800288,0.03154485709093316,0.2882726797253748,0.6710315243628086,0.005042894107966177,0.0031251958659372307
20.933333333333334,0.0009382928803621593,0.03174441045845619,0.36283553415081116,0.5955072916927475,0.004400596860923589,0.004573873956699273
20.966666666666665,0.0006839744065128672,0.02294037739502613,0.35143442865538566,0.6185767582061574,0.0029180886334384047,0.00344637270347955
21.0,0.0005354358753551529,0.016377209421284063,0.24580955091483214,0.7334079071563534,0.0019707172726790294,0.001899179359496144
21.03333333333333,0.00048192607007720644,0.014833208022495156,0.19656693223715122,0.7847616744732082,0.0016940798322229768,0.0016621793648453026
21.066666666666666,0.0004689426735278367,0.009963893909814236,0.28662584996072316,0.6994051047479138,0.0017437181123655633,0.0017924905956554207
21.1,0.0005552687067019018,0.011646059548449902,0.2594672016230601,0.7220784335807453,0.0026022028408388648,0.0036508337002040406
21.133333333333333,0.0005351106877492146,0.013091507097892066,0.2198307047698646,0.7604000397248272,0.0020834863408149005,0.004059151378852046
21.166666666666668,0.0007129715785447184,0.013338733922563977,0.2018477315613809,0.7747598293117596,0.0042834811630684325,0.005057252462682469
21.2,0.0007259520342727677,0.013040172588338369,0.20056396298477347,0.775922328570186,0.004803528013307981,0.004944055809121516
21.233333333333334,0.0008179190836957932,0.019525317263129453,0.28893069615949096,0.6771340882701951,0.007077279886903337,0.0065146993365853625
21.266666666666666,0.0006126797009951367,0.01361441651072768,0.22118159961525424,0.7526887971474965,0.007022532806588952,0.004879974218937355
21.3,0.001104493879195086,0.03289646137000853,0.4528942360050325,0.49617706670136563,0.008868460591294824,0.008059281453103417
21.333333333333332,0.0010322597334356631,0.03220925282959289,0.48458236191040605,0.46372697600035734,0.010979388909460729,0.00746976061674745
21.366666666666667,0.0012399889777839294,0.03894080607071463,0.4177065430490564,0.5222171676770592,0.011961503806188161,0.007933990419197798
21.4,0.0009103513904674341,0.03007911907903423,0.4097984117635472,0.5433710031506366,0.009682739369231877,0.006158375247082561
21.433333333333334,0.0004642830811855305,0.014817391839325952,0.5873292554400545,0.3900386614595002,0.005519385905265517,0.0018310222746682205
21.466666666666665,0.0005823985476553492,0.015303862552818561,0.7340259702095131,0.23732570684148804,0.009060076375547956,0.003701985472977063
21.5,0.0006693602130250189,0.013928956190868765,0.6561282361993868,0.31855589621366553,0.006722519367721962,0.003995031815331955
21.53333333333333,0.0006739743051400673,0.014697866598471714,0.5909789925652393,0.38305342032190753,0.006573175492672403,0.004022570716568981
21.566666666666666,0.0006299570670021514,0.015924422261805567,0.6461643196672666,0.3256512211656119,0.0071480564280703915,0.004482023410243321
21.6,0.0006149778287770236,0.014834055796282657,0.6675832760811435,0.30719240594435965,0.005751838858936508,0.0040234454905005565
21.633333333333333,0.0006705745109831933,0.016175119241731747,0.6302142451405067,0.3431431507859025,0.0062718302182629545,0.003525080102612771
21.666666666666668,0.000937070807397116,0.025019299338242127,0.46763902958655856,0.49364349254732603,0.009427587734838518,0.003333519985637801
21.7,0.0010280658674005846,0.025197260414834614,0.5130495164156073,0.4466251686682423,0.010701318620311434,0.003398670013603979
21.733333333333334,0.0012344779954846145,0.028939955791150933,0.5285326329071173,0.42086739201315726,0.01671909782318792,0.003706443469902034
21.766666666666666,0.0017394189543193685,0.034668332668559766,0.45525017030386955,0.43585312105530594,0.06804885986786383,0.004440097150081529
21.8,0.002716486589261128,0.0621003097377136,0.5198311308866584,0.33501769455406205,0.0755529905036115,0.00478138772869338
21.833333333333332,0.0018567149638974594,0.031082285646541696,0.7380060316543673,0.17204544435153699,0.055320245253638725,0.001689278130017793
21.866666666666667,0.0005391886334775678,0.011803534308909595,0.8134657040255162,0.10648888914495161,0.06706117854253496,0.0006415053446101439
21.9,0.000521894806962262,0.010287162577187424,0.8013130248194354,0.0717092671783045,0.11571298621126905,0.0004556644068411506
21.933333333333334,0.00047038353757297653,0.009646732224925725,0.8053234163581879,0.08180922461996691,0.10237826953640516,0.00037197372294124766
21.966666666666665,0.0002717641444709539,0.008223960690383308,0.7738119858598546,0.02807931388403696,0.18929022377504826,0.00032275164620596946
22.0,0.00016134717992665,0.00543644547628709,0.7649586378861705,0.01997905022066533,0.20924280134311102,0.00022171789383957445
22.03333333333333,5.895295870303243e-05,0.0025405450390900697,0.47977842521953107,0.01014348033671386,0.5073911131273154,8.748331864650252e-05
22.066666666666666,4.489835029796677e-05,0.0014424893685740982,0.08010928736881531,0.02823730998413293,0.8901098500285625,5.616489961719247e-05
22.1,5.532179590927231e-05,0.0012853326384118504,0.044057088439674257,0.04964245680004474,0.9048332994901306,0.00012650083582950732
22.133333333333333,3.38455986677135e-05,0.0010193961876238692,0.008138730035954916,0.0028277929330986157,0.9878553917879586,0.0001248434566964308
22.166666666666668,4.0785384054028946e-05,0.0014029080396739866,0.006708950304124401,0.011302605215215809,0.9803388277443921,0.00020592331253978314
22.2,2.7295095168326292e-05,0.001001388537962938,0.003710904291029959,0.010078973958065078,0.9849419345965046,0.00023950352126904265
22.233333333333334,5.8936079349127854e-05,0.0035548681091334107,0.004178952747319495,0.022784941639298936,0.9689246810021486,0.0004976204227503725
22.266666666666666,7.726319806141735e-05,0.003235565070446275,0.002157667162632435,0.02284208434004277,0.9713546619064808,0.0003327583223362971
22.3,3.210143381412807e-05,0.0014874736091730046,0.0010813864324901348,0.012056239489274796,0.9851900745036776,0.0001527245315703568
22.333333333333332,4.482565968587552e-05,0.0024547528686548574,0.001356576731548434,0.01989621078920609,0.976045666675915,0.00020196727498983245
22.366666666666667,0.00016593128866490653,0.006084458044854927,0.0035224513039730843,0.08112239289678143,0.9084427910727196,0.0006619753930060632
22.4,0.00015866043795864583,0.006814497482552352,0.00492531302119158,0.11223598559693476,0.8698175953585046,0.006047948102858204
22.433333333333334,0.0001578358070341943,0.006429400021553572,0.005220668781301896,0.10670473788028229,0.8752058663610428,0.006281491148785208
22.466666666666665,0.00016367294502662644,0.004855433731214549,0.00505940140953234,0.11065092912266991,0.8737002545781781,0.00557030821337832
22.5,0.0002456510699024877,0.0046096153580038116,0.00497167391132149,0.12613968743093842,0.8547174420545619,0.009315930175271984
22.53333333333333,8.568017789170468e-05,0.0014530448074437337,0.0020732374105399405,0.05102132985687325,0.940462734111977,0.004903973635274487
22.566666666666666,0.00014731676033374544,0.002038709303679453,0.003977574517413572,0.08772503987951773,0.8976441366981128,0.008467222840942675
22.6,0.0001301509887163564,0.00137710960847229,0.002939583718933411,0.04338971477024842,0.9450801054972293,0.00708333541640009
22.633333333333333,6.939625547095297e-05,0.0006894166999761797,0.001332613389880158,0.021930740631811416,0.9713926018046877,0.004585231218173616
22.666666666666668,5.809217849478906e-05,0.000996011084198508,0.0017276542965124974,0.012725445039590706,0.9733487205670687,0.011144076834134908
22.7,0.00022133948667280254,0.004711498828031114,0.00719669680888896,0.053648995581801105,0.8875687416282956,0.046652727666310394
22.733333333333334,0.00018580242546870903,0.004552926813753988,0.004259292253307719,0.04955561448455261,0.9096982847708722,0.03174807925204481
22.766666666666666,0.0002093640419222363,0.0046124515485694165,0.003250371507808372,0.05598243377960012,0.8253991855804665,0.11054619354163345
22.8,0.00022733041709959765,0.004170875660738923,0.0031941510531829508,0.054731006016792635,0.8337826967735064,0.10389394007867958
22.833333333333332,0.00033251558933527413,0.003638920215800809,0.0031826185081396557,0.08373387630539232,0.7527448161122094,0.1563672532691224
22.866666666666667,0.00017427054145170956,0.0011863827349804805,0.0009085059517720622,0.025106595693849102,0.9639264507043073,0.00869779437363935
22.9,0.00012488535387136947,0.0014293886550518916,0.000695839969204497,0.01850880010857526,0.9670750163523627,0.012166069560934217
22.933333333333334,0.00011546804416540975,0.0013305833376794926,0.0009869058880143692,0.014596302364719847,0.7930098282424922,0.18996091212292862
22.966666666666665,0.00014191655747170025,0.0016580134174653254,0.000734304794727356,0.0021687588931369258,0.3274561468446503,0.6678408594925483
23.0,8.81983527335902e-05,0.00029891924296139756,0.0003665223904910585,0.0018885737030320962,0.09653039642647308,0.9008273898843089
23.03333333333333,5.229726192841656e-05,0.0002745006626676495,0.0003938869585127107,0.0018956757097556049,0.14821209700961974,0.8491715423975159
23.066666666666666,6.937789743394351e-05,0.0002048310783748843,0.0004116811978274284,0.001078241073774453,0.1024413933248326,0.8957944754277568
23.1,6.684816798306693e-05,0.0002235890964200362,0.0005066851286166975,0.000839526543001289,0.10322481008865356,0.8951385409753253
23.133333333333333,2.8364636404599312e-05,0.00043991670817733735,0.00015335844158230718,0.0001089595090397256,0.054909439898559634,0.9443599608062364
23.166666666666668,2.9755597904495695e-05,0.0004854944894893386,0.00015741542112617475,0.00012002956390750786,0.0683759699642856,0.9308313349632868
23.2,2.3374538498963696e-05,0.00026681466992121164,0.00012262932850154784,0.00011099851666672092,0.04598230361232771,0.9534938793340839
23.233333333333334,1.0590864427957586e-05,0.00010563323143291096,0.00010185953638940365,1.3629135885644613e-05,0.0007544442841962338,0.9990138429476679
23.266666666666666,8.40195128367008e-06,8.260218024293125e-05,7.400508760824911e-05,2.09037286043634e-05,0.00035206297962216533,0.9994620240726386
23.3,4.8720880706036275e-06,0.0001284176635358468,9.305233917734038e-05,2.197135300263985e-05,0.0001651332025762723,0.9995865533536372
23.333333333333332,9.67117822801535e-07,2.8740351501469644e-05,5.380589241750329e-06,4.3720521488026955e-06,2.583777117148307e-05,0.9999347021181136
23.366666666666667,5.449906970809413e-07,8.207670339849643e-06,3.105258607228152e-06,2.1370054424319666e-06,7.733169489469904e-06,0.999978271905424
23.4,7.343297132810645e-07,7.95701488857101e-06,3.6790665930779058e-06,2.5182421746413473e-06,6.407341940499383e-06,0.99997870400469
23.433333333333334,1.1449322577449441e-06,1.0568947359037078e-05,6.362335354895252e-06,2.4939768539323317e-06,9.358764191411188e-06,0.9999700710439829
23.466666666666665,2.943841310707243e-06,2.0126832258131613e-05,2.299723926259003e-05,4.127111282367703e-06,2.0801246668479546e-06,0.9999477248512193
23.5,5.141481095870221e-06,1.6548025833011387e-05,1.833350822584195e-05,7.890834397157605e-06,3.4034587152049997e-06,0.9999486826917329
23.53333333333333,8.762956820823767e-05,1.3309307552421987e-05,9.472635869593924e-06,1.075665378231951e-05,2.2269608477414405e-06,0.9998766048737395
23.566666666666666,0.000302320753040139,1.2652389866828144e-05,1.0776466650445224e-05,1.380102147744623e-05,1.8440279817907103e-06,0.9996586053409833
23.6,0.004308644449794099,3.832468646480265e-05,2.019671427658062e-05,3.2981943240512174e-05,3.428352056650614e-06,0.9955964238541674
23.633333333333333,0.06519172930175934,3.9228717540566946e-05,1.8869863542626923e-05,3.4995068128566935e-05,4.197215439910042e-06,0.9347109798335889
23.666666666666668,0.06405307026291723,5.9008646635465607e-05,3.5538552391728094e-05,4.308506206152203e-05,5.883619252708681e-06,0.9358034138567414
23.7,0.382544017448858,3.679140487281529e-05,1.6061693492017437e-05,4.5961947795853515e-05,4.055835820714422e-06,0.6173531116691605
23.733333333333334,0.5315713138935099,4.3717599776440876e-05,1.8519219235521322e-05,3.931414382468412e-05,5.925256471606774e-06,0.4683212098871819
23.766666666666666,0.8950352491575636,2.7348867855989987e-05,7.365864518339197e-06,2.1786287447088882e-05,3.4710166499383597e-06,0.10490477880596497
23.8,0.9798708118458289,1.8148304095944575e-05,6.234492779692844e-06,1.5921054135313855e-05,3.4823338038758333e-06,0.020085401969356115
23.833333333333332,0.9713820042105308,3.0690450657627703e-05,1.6444257922804436e-05,5.827939420252504e-06,8.274212864912418e-06,0.028556758928603692
23.866666666666667,0.9004044968236835,6.712271066260263e-05,3.994915620294781e-05,1.0778847185549992e-05,1.623931996720069e-05,0.09946141314229819
23.9,0.8918689347364849,7.579673452621796e-05,0.00012350571492338798,4.8023295505068146e-05,9.557692699438525e-06,0.10787418182586091
23.933333333333334,0.9621930934028816,6.290911078148182e-05,6.20297238117402e-05,2.5279870314110798e-05,6.394045763273537e-06,0.03765029384644811
23.966666666666665,0.9559440586552211,0.00016291158726917192,0.00023683503988179005,6.751180101582276e-05,1.650810502460142e-05,0.04357217481158749
24.0,0.9953542739729105,4.3930999940183594e-05,4.575429011003702e-05,2.149913072982296e-05,5.325571971175197e-06,0.004529216034338217
24.03333333333333,0.9946123290258755,5.105563120038775e-05,4.339051586392346e-05,2.408626576088786e-05,5.384406126006246e-06,0.005263754155173195
24.066666666666666,0.9985107947275296,3.055819810810294e-05,3.494616102296029e-05,1.2977692322112692e-05,2.9011207770561447e-06,0.0014078221002401946
24.1,0.9985851605846541,5.723184393325232e-05,5.795101987697913e-05,2.519544143424324e-05,5.075471985417079e-06,0.0012693856381159891
24.133333333333333,0.9995647439458278,2.1442587736778414e-05,1.926747117527165e-05,9.66742910112687e-06,1.9015856536055882e-06,0.0003829769805051336
24.166666666666668,0.9994936366888539,1.832057258793458e-05,1.8007324402136903e-05,9.666741377425593e-06,1.7774052017496655e-06,0.00045859126757659803
24.2,0.9995445147679164,1.8171611571341898e-05,1.7860910345688523e-05,9.588142981234207e-06,1.5757007517943923e-06,0.0004082888664332629
24.233333333333334,0.9998243655644641,7.774321317053052e-06,6.630221779675364e-06,3.4754368388748696e-06,5.84922338256957e-07,0.00015716953326220693
24.266666666666666,0.9998792634651343,6.806516284832528e-06,6.33977850952745e-06,3.3231919707213325e-06,5.592992501686075e-07,0.000103707748850357
24.3,0.999915538540916,5.948240696025304e-06,5.540356763443147e-06,2.904150213376816e-06,4.887737605980333e-07,6.957993765057103e-05
24.333333333333332,0.9999146068184185,6.331871289916862e-06,4.4279323695491674e-06,3.130746387301788e-06,5.476319732161044e-07,7.095499956143715e-05
24.366666666666667,0.9999428577982338,8.539865369833166e-06,6.207979885229542e-06,3.503672970781882e-06,6.408600008578047e-07,3.824982353958385e-05
24.4,0.9999558302602084,7.987210791227789e-06,4.998555732821618e-06,4.5172537248079095e-06,5.993869566842722e-07,2.606733258626357e-05
24.433333333333334,0.9999764209352534,5.101258649392971e-06,2.5698500816126045e-06,2.6940671782399614e-06,3.8281547551957835e-07,1.2831073361889158e-05
24.466666666666665,0.9999798782646163,3.5333258971435856e-06,2.842364987703173e-06,2.463409315982395e-06,3.268657248242483e-07,1.0955769457895147e-05
24.5,0.9999858324571163,2.4487102115951015e-06,1.9698517411303242e-06,1.4340088077058391e-06,2.265286196341614e-07,8.088443503743655e-06
24.53333333333333,0.9999797874029218,3.6281222155342112e-06,1.8769879406288983e-06,2.1591873569298074e-06,3.4185911113092225e-07,1.2206440453696645e-05
24.566666666666666,0.9999840882675304,2.6113473098268556e-06,1.4664936838945815e-06,1.965547318768503e-06,2.670950709930175e-07,9.601249085946847e-06
24.6,0.9999933161150952,1.4505405498710916e-06,8.933996142439971e-07,1.847125324256008e-06,1.483648803390146e-07,2.344454535790126e-06
24.633333333333333,0.9999904194875912,1.93346216778514e-06,1.7053843316701261e-06,2.942604455186692e-06,1.9775929958590054e-07,2.80130215470023e-06
24.666666666666668,0.999991130209059,1.9334635419513755e-06,1.454708634835202e-06,2.942606546578887e-06,2.1155685819628454e-07,2.3274553592293013e-06
24.7,0.9999883097328629,2.573098898093417e-06,2.2219025128273615e-06,3.7158546510929096e-06,2.6491649520894726e-07,2.914494579751405e-06
24.733333333333334,0.9999873766043004,3.134831123082801e-06,2.4367435850780455e-06,3.889690320231216e-06,2.4763881131461465e-07,2.9144918601214746e-06
24.766666666666666,0.9999910176818123,2.031871266017396e-06,1.8913454278523993e-06,3.6145520747888486e-06,2.2951462155281105e-07,1.2150347974593656e-06
24.8,0.9999915932610847,2.031872435530886e-06,1.2369809714062007e-06,3.693335257906732e-06,2.2951475365785653e-07,1.215035496814492e-06
24.833333333333332,0.9999914954989703,1.9571243357134844e-06,1.115665867954826e-06,3.6933348968354322e-06,2.295147312198203e-07,1.5088611979095997e-06
24.866666666666667,0.9999915259721467,1.957124395353787e-06,1.1988957276348986e-06,3.875754617647686e-06,2.2721769767941379e-07,1.2150354150553564e-06
24.9,0.9999923256200206,1.6981427745071163e-06,9.373079632792782e-07,3.2555034799908244e-06,2.0169378621201777e-07,1.5817319753955117e-06
24.933333333333334,0.9999788859075276,4.359379712337704e-06,3.81904784567401e-06,8.357351358890299e-06,5.177773111406679e-07,4.060536244307493e-06
24.966666666666665,0.9999718881098737,1.461812696924598e-05,3.438778757070855e-06,6.49622868981203e-06,4.0247198892597e-07,3.1562837211853756e-06
25.0,0.9999288062825366,5.2534356236359356e-05,6.479208301799847e-06,7.186654977782486e-06,7.316061666791708e-07,4.2618917807710135e-06
25.03333333333333,0.9999082772705482,7.402722129204436e-05,5.736665577940179e-06,7.186507432351984e-06,5.105308675017038e-07,4.261804282114198e-06
25.066666666666666,0.9999194145897775,6.24376015398199e-05,6.2655236267207475e-06,8.195005084831614e-06,4.774911542066057e-07,3.20978881704704e-06
25.1,0.9999210904449011,6.0518288523571075e-05,6.0641381075779386e-06,7.822115167956759e-06,3.7155162478320163e-07,4.133461675155192e-06
25.133333333333333,0.9999268876942785,5.5812488194094485e-05,4.948373042317011e-06,7.82216051828762e-06,3.9579832724799034e-07,4.13348563975435e-06
25.166666666666668,0.9999133401427067,6.890233443455921e-05,4.489175084769512e-06,7.822054539416237e-06,4.3243167748043096e-07,5.013861557105631e-06
25.2,0.9998936502390925,8.53791176743555e-05,5.604721270806335e-06,9.071282833706115e-06,4.800342771586623e-07,5.814604851495407e-06
25.233333333333334,0.9998749716987306,0.00010087987151090825,5.666213448499925e-06,1.0139302166441888e-05,4.582860082033786e-07,7.884628135234621e-06
25.266666666666666,0.9994709135011448,0.0004735663252000389,1.779244632889698e-05,2.1974105907952106e-05,1.065553636756978e-06,1.4688067781596656e-05
25.3,0.9994264512901841,0.0004972606855486427,3.24386904177645e-05,2.4240853234493125e-05,1.194410839024063e-06,1.8414069775781307e-05
25.333333333333332,0.9993367543716739,0.0006029040654782197,2.4324017133676096e-05,2.015992874329896e-05,1.0552816366736101e-06,1.480233533430631e-05
25.366666666666667,0.9994852327839584,0.0004685707332761895,1.9707062156175012e-05,1.4500256405258804e-05,9.008087176134756e-07,1.1088355486384823e-05
25.4,0.9996839402273653,0.00028475452981041545,1.3365565314312297e-05,1.0131482462279715e-05,5.86670600899486e-07,7.221524446853536e-06
25.433333333333334,0.9997027747647185,0.00027095076767626994,1.2563807281539016e-05,9.298739371324822e-06,5.033331321431439e-07,3.908587820285675e-06
25.466666666666665,0.9997483769150131,0.00023186079187749494,1.0397803745766446e-05,5.713184693304976e-06,4.16558373547835e-07,3.234746296860196e-06
25.5,0.9997117414081581,0.00026834099379331055,1.3703179697276277e-05,2.302537418306012e-06,4.736529054983205e-07,3.438228027696481e-06
25.53333333333333,0.9997252766493161,0.00025488386915718336,1.3703365226598533e-05,2.302568592691528e-06,4.964947676485234e-07,3.337052939899576e-06
25.566666666666666,0.9995239766719893,0.0004470209421293962,1.9428417159884152e-05,3.120589477978297e-06,6.728817342132602e-07,5.780497509039805e-06
25.6,0.999613266616547,0.0003608204844447147,1.7969103441905903e-05,3.3962954274225018e-06,6.151331092960581e-07,3.93236702955307e-06
25.633333333333333,0.9996863681863456,0.0002857383988003953,1.6931046198441595e-05,7.378483021891566e-06,5.051531542282261e-07,3.078732479416666e-06
25.666666666666668,0.999701631109146,0.0002724692648977056,1.4045033624616495e-05,7.243770625474706e-06,3.5276901872448055e-07,4.25805268738058e-06
25.7,0.9995901271555121,0.00037989457455101585,1.4367343804257163e-05,8.633066965576319e-06,6.243017747449283e-07,6.353557392516041e-06
25.733333333333334,0.9996573592453245,0.00031259857884406267,1.4207907948855214e-05,9.002315723425342e-06,6.714833112635828e-07,6.160468847889204e-06
25.766666666666666,0.9996511088484776,0.00031612850035746964,1.7253087118379434e-05,8.312326364462408e-06,9.970951430748275e-07,6.200142539081234e-06
25.8,0.9995833584995955,0.0003846136168830222,1.7490157719527688e-05,8.28020505299864e-06,1.0525227130494773e-06,5.204998036182209e-06
25.833333333333332,0.9997253936030802,0.00025295836403903873,1.2276937446724196e-05,5.8121579640311585e-06,6.762049782050289e-07,2.8827324916873924e-06
25.866666666666667,0.9996166240036363,0.00036342429697894615,1.00853432912232e-05,6.762772075715296e-06,1.0479988577564779e-06,2.055585160128229e-06
25.9,0.9998260123125201,0.00016744199138321676,1.7414458795457188e-06,3.2076505507258193e-06,5.586202144100577e-07,1.0379794519331545e-06
25.933333333333334,0.9998277100037074,0.00016603838726161706,1.6032841750524926e-06,2.896303068293526e-06,8.445790909727948e-07,9.074426968558774e-07
25.966666666666665,0.9997911204415855,0.0002026234043385603,1.4773609625220915e-06,2.8305706005471063e-06,1.038187617509067e-06,9.100348952896268e-07
26.0,0.9987303656013197,0.0012493162744249262,7.383505158546108e-06,6.666218966627396e-06,3.267779465781656e-06,3.0006206645285817e-06
26.03333333333333,0.9949018469933468,0.005017172553030375,3.667330290779252e-05,1.9939005015237693e-05,1.3301080232783825e-05,1.106706546688868e-05
26.066666666666666,0.9466435016864417,0.052882285913058276,0.0001727248843910285,0.00012989773298276237,0.00010355276186950175,6.803702125649466e-05
26.099999999999998,0.09963249413307347,0.8994907468542637,0.00034674079315003486,0.00015281859123735336,0.0002810975646642725,9.610206361111901e-05
26.133333333333333,0.002014541230844786,0.9965049231387263,0.000818425297508268,0.00020677278289049086,0.0003527264247110364,0.00010261112531930245
26.166666666666668,0.00010996583727631265,0.998607847841267,0.0004559161592169568,0.0004639023818247431,0.00029008485119372387,7.22829292211325e-05
26.2,4.0100932422497366e-05,0.9988319220505876,0.0005116758053572685,0.0002385715585428167,0.00034301507881864677,3.471457427115304e-05
26.233333333333334,1.527821582993373e-05,0.9995309997003069,0.0002713373777208369,9.42692927932725e-05,7.408693618290662e-05,1.4028477166234309e-05
26.266666666666666,6.347438323505412e-06,0.9997856962740507,0.00012945671251586864,4.718295762114527e-05,2.4958303240891823e-05,6.3583142476199395e-06
26.3,7.4105216359400205e-06,0.9998242361589916,0.00011002799049914314,2.2895634601495627e-05,2.398138187986775e-05,1.1448312392105415e-05
26.333333333333332,7.658316728944851e-06,0.9998573942522753,6.41301853180517e-05,1.9756722617080585e-05,1.9565642510361233e-05,3.149488055034842e-05
26.366666666666667,6.786082998304184e-06,0.999813597474161,8.303360833818234e-05,1.828671504862191e-05,5.288775032468436e-05,2.5408369129404758e-05
26.4,6.3874965796025375e-06,0.9997420400613396,0.00010843132398617454,5.451411374962734e-06,0.00010982364592222582,2.7866060797093228e-05
26.433333333333334,6.101287487091453e-06,0.9998013807355465,8.047740044091022e-05,4.529837622803146e-06,7.392308408555336e-05,3.3587654817342035e-05
26.466666666666665,5.17790175762387e-06,0.9998176529658469,7.607008523533276e-05,4.2246247245923425e-06,6.86319430543582e-05,2.8242479381262356e-05
26.5,2.0286798781243795e-05,0.9971129836270386,0.0024825517563928593,1.7356047886343563e-05,0.0002785660081820696,8.825576171895626e-05
26.53333333333333,7.202027762231662e-05,0.9723881346541582,0.02660591221103964,3.135544560600979e-05,0.0005785585199539592,0.00032401889161967574
26.566666666666666,6.905666554495141e-05,0.8284184920991058,0.17072437504526372,3.3033720034406895e-05,0.00038085191127001743,0.00037419055878132817
26.599999999999998,4.7440615652493734e-05,0.3517307807601234,0.647466661802571,0.0001210343276217566,0.00026991647580828295,0.00036416601822325295
26.633333333333333,2.802264330769243e-05,0.20509921581127416,0.7942931694807849,0.00019544173535933172,0.00020610569735042076,0.00017804463192355253
26.666666666666668,1.1571806880953228e-05,0.07114809803444179,0.9282249720655955,0.0005035309018065545,7.028531544586605e-05,4.1541875829397905e-05
26.7,3.4981945346089672e-06,0.03257567335143579,0.9671724543858429,0.00020217094546298232,2.872844356595345e-05,1.7474679157858227e-05
26.733333333333334,1.2022773293620878e-05,0.09560106626416412,0.903707691700588,0.0005628227851922146,9.260646008616882e-05,2.3790016676135442e-05
26.766666666666666,3.689110374484982e-05,0.2130459586390933,0.7848909891034701,0.0017356801609703398,0.00024346006795098138,4.702092477039604e-05
26.8,6.446812057121582e-05,0.4435789664691684,0.5554448709916249,0.000358573482208579,0.0004593386859859017,9.378225044104407e-05
26.833333333333332,7.982597452833276e-05,0.6952594564662503,0.3029429182562697,0.0010111003758298041,0.00044537519967530935,0.0002613237274464246
26.866666666666667,8.863582824345054e-05,0.7112002415388387,0.2749716247834161,0.013061198450701337,0.0003024821111160028,0.00037581728768453675
26.9,0.0001318319056605475,0.7087338500885395,0.2483628593905473,0.04204850199457384,0.00034926411747739474,0.0003736925032013605
26.933333333333334,0.00017573226161586157,0.7926176653110446,0.17154465575206382,0.03457290037670134,0.0007397421747953349,0.0003493041237791019
26.966666666666665,0.0003150476435847298,0.6185755576286368,0.24141531354050955,0.13787800365776326,0.0015235802028446723,0.00029249732666098
27.0,0.00028755032599745974,0.7104197144940922,0.21714833130384198,0.06981186532458845,0.0020496667288178116,0.000282871822662002
27.03333333333333,0.0001868322253217558,0.6483881098964432,0.2884211106779332,0.06151496233179266,0.001059015881012055,0.0004299689874969893
27.066666666666666,0.00026480412115763047,0.8247937586878987,0.10949923784479573,0.06244196311553997,0.001454355905155241,0.0015458803254528568
27.099999999999998,9.059699950599338e-05,0.9447679041600352,0.048674225874988125,0.005211883755786554,0.000638856469691006,0.0006165327399931358
27.133333333333333,0.00012165253278975412,0.9312416329365233,0.06535914976832284,0.001393511548389625,0.0008578485827435185,0.0010262046312309405
27.166666666666668,0.00012154845557928789,0.9227195401414054,0.07330856782509003,0.001337606240265578,0.001487410653750869,0.0010253266839088686
27.2,0.00010149935965107385,0.9301954050616377,0.06701792782836756,0.0010052779246055579,0.0008731571978663303,0.0008067326278717174
27.233333333333334,0.00010486290807397248,0.9281091442822256,0.06923880928247696,0.0009486005552477905,0.0007651163403870932,0.0008334666315886576
27.266666666666666,0.00010279787804332292,0.9135350184077924,0.08369316624449123,0.0009519923687961849,0.0007342347284942515,0.000982790372382603
27.3,0.00024710472322915446,0.7821706254734504,0.2117452752452085,0.0023571824631173797,0.001857627589634171,0.0016221845053603552
27.333333333333332,0.00036460439794593064,0.6992075930417088,0.29524228039695827,0.0012466375272057334,0.0025473945228175945,0.0013914901133636913
27.366666666666667,0.00035395002930521,0.7144190380079887,0.27979722827909337,0.0014312571837871363,0.002576764153306362,0.001421762346519048
27.4,0.00037919779876666523,0.6919945432250962,0.2972013845381057,0.006847146827202837,0.0024142725133230627,0.0011634550975054975
27.433333333333334,0.00014537703529955196,0.8799756176872481,0.11381711576486514,0.004927680573703157,0.0007620799586019469,0.0003721289802820401
27.466666666666665,5.930819884769373e-06,0.9947631465462399,0.005047050590163732,0.0001389131637088102,3.464142250338211e-05,1.0317457499398467e-05
27.5,7.415781892215758e-06,0.9945439733178614,0.0050585375940822765,0.0003260249589133704,5.8638249307470843e-05,5.410097943415752e-06
27.53333333333333,1.4692953452498781e-05,0.9895233952211322,0.00913372694440759,0.0012300680879174367,8.994870434418827e-05,8.168088746137423e-06
27.566666666666666,4.87452043498117e-05,0.9100254459833436,0.08241047016702803,0.0073315442703376435,0.00015182720877247524,3.1967166168476156e-05
27.599999999999998,0.0001803695852658279,0.4236419639715653,0.5282308480673196,0.04726817716738877,0.0005596300142010755,0.00011901119425944928
27.633333333333333,0.00018534098264687472,0.40201595126903017,0.5174975816644621,0.07969555552512594,0.0004585165054072585,0.00014705405332760183
27.666666666666668,0.00018152672324825393,0.2909240191796985,0.6534095066913255,0.054295904538027295,0.000999621974096324,0.00018942089360405055
27.7,0.0003268095367534139,0.13674813452715534,0.7585509649207474,0.10136207526427117,0.0020602554760163917,0.0009517602750564589
27.733333333333334,0.0003894491237806027,0.16084105955687877,0.6980669290090389,0.1375066274281193,0.001916718892666909,0.0012792159895155233
27.766666666666666,0.0006214770333288709,0.023134202929595733,0.8888458813263906,0.0840132651253484,0.0010222439326261464,0.0023629296527101253
27.8,0.0007217340096125425,0.026899899976035205,0.8061185046143011,0.15369139525751654,0.0006735478616179962,0.011894918280916595
27.833333333333332,0.0019567926585793223,0.046163367034512105,0.5106499115311102,0.40612186212013174,0.0011307860282928808,0.03397728062737371
27.866666666666667,0.0013200015490564528,0.03323381877407004,0.5099977466834295,0.42678750700614443,0.0010763398553813811,0.027584586131918266
27.9,0.0011524427885398706,0.032089897484748206,0.7490725370648246,0.19253402616559484,0.0009925996086733993,0.024158496887619185
27.933333333333334,0.0009815313715043172,0.02524772435919471,0.8778096946999646,0.07673635129232668,0.0008017918094812303,0.01842290646752827
27.966666666666665,0.0019431371885666221,0.036338107952838365,0.7932796517252892,0.14403012984802205,0.002800425267823158,0.021608548017460684
28.0,0.0015399493095600853,0.03212338911989941,0.8322335653701911,0.12270902715627535,0.0029029202651070433,0.008491148778967094
28.03333333333333,0.0012517750724241417,0.024351069342264414,0.8839917755612526,0.08198964226200683,0.0027512309076677,0.005664506854384266
28.066666666666666,0.0005396099323321092,0.020436227174361193,0.949795061949587,0.025956816271286712,0.0013434241357616688,0.0019288605366712785
28.099999999999998,0.0001272540984368708,0.005271383293083041,0.9891237142990333,0.004515963251619248,0.00035287311105335534,0.0006088119467743045
28.133333333333333,0.00012654254695477956,0.005069858602101462,0.9917028116443759,0.0021502123929580835,0.0003069781790793286,0.0006435966345302391
28.166666666666668,4.726790614066446e-05,0.0019644884822680284,0.9968178587344984,0.0008227915354032638,0.00010718830760817857,0.00024040503408149407
28.2,3.984432711250466e-05,0.001750431083557734,0.9971912455523435,0.0006873628462160174,8.44246322563258e-05,0.00024669155851394587
28.233333333333334,5.0933061710810834e-05,0.004388768521071754,0.9942616162156227,0.0008886613377835635,0.0001287290724177126,0.00028129179139337556
28.266666666666666,2.6338699390887358e-05,0.0016599156512837646,0.9977056978328988,0.00042300012230634776,6.656886955920492e-05,0.00011847882456108384
28.3,3.308093432409252e-05,0.0019596670635448348,0.9973096857066859,0.000485246674807339,8.944261917872175e-05,0.0001228770014594999
28.333333333333332,3.0071632033654316e-05,0.0017947423199297728,0.997744277703543,0.0003148947340667434,3.2796042461801134e-05,8.321756796521567e-05
28.366666666666667,4.095768929089642e-05,0.0027871277658029292,0.9963867533669063,0.0006100570063307327,5.0180806470663285e-05,0.0001249233651988368
28.4,3.816249468787342e-05,0.002051218344592553,0.9971893622977944,0.0005410270904222475,4.67561718818826e-05,0.00013347360062096632
28.433333333333334,2.8646803615313894e-05,0.0013004964990701747,0.9981122329321871,0.0004061237855819653,3.9062994679664704e-05,0.00011343698486572905
28.466666666666665,2.98422458186542e-05,0.004225759561065516,0.9939385920756941,0.0016816358040513864,3.070443548104762e-05,9.346587788906334e-05
28.5,2.6620195306029757e-05,0.006758931308847077,0.9920328136153134,0.0010589551198705027,2.4582383368883486e-05,9.809737729416547e-05
28.53333333333333,2.929841670682058e-05,0.008243825429459303,0.9902337576815929,0.0013767618556431503,2.4537803106962906e-05,9.181881349092701e-05
28.566666666666666,2.6577742626709157e-05,0.008452669416830691,0.9904507647074158,0.0009507498956391037,2.479129797028418e-05,9.444693951755484e-05
28.599999999999998,2.175187805028096e-05,0.004310417566519236,0.9952460205477107,0.00033767443048047374,1.5966991415777845e-05,6.816858582365618e-05
28.633333333333333,2.2826581224947784e-05,0.006049958644122176,0.9934683008226194,0.0003749286587160077,1.593847099469184e-05,6.804682232282488e-05
28.666666666666668,2.3279826106504484e-05,0.005749502097427342,0.9938578311568317,0.0002822325838625946,1.5944720331412755e-05,7.12096154406851e-05
28.7,2.3286582383204908e-05,0.005440549416353027,0.9941462688142891,0.0003027155572505368,1.5949347811960808e-05,7.123028191230937e-05
28.733333333333334,1.4953262130324998e-05,0.004982795702564725,0.9948315988438539,0.0001037438439926666,1.5043019516006737e-05,5.186532794230292e-05
28.766666666666666,1.4095207128672952e-05,0.004639777624197764,0.9951667864612489,0.00010765460833041169,1.9803296218882102e-05,5.188280287546607e-05
28.8,1.6974325774520326e-05,0.004697722767541388,0.9951131621009452,9.698432906262531e-05,1.984815254721875e-05,5.530832412906359e-05
28.833333333333332,1.019126747525641e-05,0.0022341896944265654,0.9976522063958211,5.546100977866605e-05,1.181561207525572e-05,3.613602042304421e-05
28.866666666666667,1.1238725741994736e-05,0.0020800102565895987,0.997807620603867,5.317131140028107e-05,1.1817452710681053e-05,3.614164969039808e-05
28.9,1.1238080975364738e-05,0.0021358121155941883,0.9977503762977337,5.394104505176183e-05,1.3635294587128926e-05,3.499716605808589e-05
28.933333333333334,1.291436767912947e-05,0.002408463376824294,0.9974504758648218,7.379701618901601e-05,1.591389337569463e-05,3.843548111013944e-05
28.966666666666665,1.1830079923485243e-05,0.004263630885136536,0.9956340051669965,5.226424602706852e-05,1.1800644728710087e-05,2.646897718761045e-05
29.0,1.0324517441781298e-05,0.0031510091104234262,0.9967297799060727,7.109405711663496e-05,1.3492549212958371e-05,2.429985973268521e-05
29.03333333333333,9.596632024207219e-06,0.006743306152108198,0.9931592162391997,5.993232897683681e-05,1.1489213256729094e-05,1.6459434434380803e-05
29.066666666666666,8.438846605693576e-06,0.006317319819330352,0.9935846508723869,5.960400405179969e-05,1.5039660975917216e-05,1.4946796649250867e-05
29.099999999999998,9.129928390062301e-06,0.006007143649333934,0.9938859218610238,6.703462543504014e-05,1.547932544089793e-05,1.529061037640572e-05
29.133333333333333,1.0726664503491639e-05,0.008515802052008829,0.991369992185249,6.902261068879015e-05,1.899426266154523e-05,1.5462224888401807e-05
29.166666666666668,2.0406643971951367e-05,0.010766009566328616,0.9889625202305968,0.00016946316103392384,6.1047341910903e-05,2.055305615774895e-05
29.2,2.1814480228385786e-05,0.005488444086112848,0.9942680761513888,0.0001466251556165338,5.8190771233574423e-05,1.6849355419832682e-05
29.233333333333334,2.2480988415229433e-05,0.011312509022069407,0.988517838954911,0.00010542877812493961,3.462674850987739e-05,7.115507969831549e-06
29.266666666666666,3.424050204880072e-05,0.0031061309229583416,0.9966208400376262,0.00018433678395278217,4.810537387313828e-05,6.3463795406099025e-06
29.3,2.3239624204483954e-05,0.002638702210864566,0.9971610858380048,0.00010425375014010412,6.813689459680179e-05,4.581682189292588e-06
29.333333333333332,2.181069727237401e-05,0.009528700859506176,0.9902109229719088,0.0001453848546520406,8.052351957601549e-05,1.2657097084776639e-05
29.366666666666667,1.047637435264269e-05,0.002446299444413221,0.9973903105951853,2.8326708827679525e-05,0.00011863701937321512,5.949857847875856e-06
29.4,6.8709589296210254e-06,0.002531781301554857,0.9968342516041926,2.111010787331125e-05,0.0006029296435105915,3.0563839390703706e-06
29.433333333333334,5.76284128538713e-06,0.01773323903032253,0.9818470788599253,1.7041777130162086e-05,0.00039380586250426164,3.071628832321903e-06
29.466666666666665,4.382974407899044e-06,0.0054751309298777156,0.9936066319693568,1.8486843410467235e-05,0.0008926947951557849,2.6724877914722472e-06
29.5,3.3787489273184353e-06,0.0006416775754108185,0.998576343489522,1.436944913298757e-05,0.0007630472226881312,1.1835143188343665e-06
29.53333333333333,4.523782535783342e-06,0.0006219767335103325,0.9985274935744096,1.652730091932325e-05,0.0008282996456115588,1.1789630132502244e-06
29.566666666666666,4.825681758784131e-06,0.00038805796978528737,0.9986426855879055,1.931778954913751e-05,0.0009439338719803251,1.179099020645321e-06
29.599999999999998,6.317386087517672e-06,0.0002654650880726591,0.9960761488213906,2.922710368237566e-05,0.0036213828751014638,1.4587256655577516e-06
29.633333333333333,4.135309979437931e-06,0.00033586809504310036,0.9973851273819615,1.573738898253485e-05,0.0022579829536886345,1.1488703449643154e-06
29.666666666666668,3.877444407164949e-06,0.00047533659051398307,0.9981771000672178,3.169494933555349e-05,0.0013104001681017714,1.5907804236841493e-06
29.7,2.1881478520381366e-05,0.0014506172198238618,0.9951267048208824,0.0004143110679333243,0.00297946240969994,7.023003140048837e-06
29.733333333333334,2.1423902885243415e-05,0.0013502880662053472,0.9961265758167283,0.0010909236727545723,0.001403971724516535,6.81681691020802e-06
29.766666666666666,0.00010393391120350655,0.008575646111964933,0.9624261632508407,0.02249022553139261,0.00631896061398511,8.507058061336846e-05
29.8,0.0005980133967898834,0.03847371738671256,0.5889682912677923,0.3369616751444735,0.034400990005813176,0.0005973127984186803
29.833333333333332,0.00047943111972362234,0.04128155060854391,0.3242619879047735,0.6129027614877419,0.0202603834968311,0.0008138853823859185
29.866666666666667,0.0005754093312777541,0.059930131317060154,0.4764092320793508,0.43046249627534616,0.03132747609910657,0.001295254897858531
29.9,0.001350835039982304,0.10671944275197671,0.6908328676115513,0.12300080492399065,0.07748398889360623,0.0006120607788927288
29.933333333333334,0.00119418202957256,0.4573370556280914,0.31081255143167513,0.14587986793398977,0.08436461618831306,0.0004117267883581891
29.966666666666665,0.0017830511104863407,0.3653249781273787,0.29094112002625644,0.2994744554727884,0.041713849522581205,0.0007625457405089725
30.0,0.0015244006135631837,0.3787007493353992,0.20539902836388402,0.39853078421714816,0.015407475387480754,0.0004375620825246652
30.03333333333333,0.00016369269504542955,0.07836189704620085,0.05205535451580921,0.8669750000071966,0.002261077974446441,0.00018297776130138076
30.066666666666666,0.00023591338320913427,0.08797011173944665,0.10062165092143016,0.8082990625758141,0.0025905313877734528,0.0002827299923264194
30.099999999999998,0.0006226213269467503,0.19842945969550013,0.28369656813000094,0.5099899322728559,0.005848084057398611,0.0014133345172976102
30.133333333333333,0.0007534607825384522,0.3178698381138434,0.32634506269427815,0.3439932896391907,0.00823421559484435,0.0028041331753049085
30.166666666666668,0.00032901279145519804,0.14945756254051332,0.24752549922827885,0.5976218606392978,0.004052375054844435,0.0010136897456102841
30.2,4.9707791381015715e-05,0.030776840834573955,0.06958535233747323,0.898864846260853,0.0005315051021207241,0.00019174767359802537
30.233333333333334,9.276472237953775e-05,0.020370648913805273,0.21616566146320326,0.7622667559768292,0.0007585659652112097,0.00034560295857157924
30.266666666666666,8.291125000458446e-05,0.001411193647516154,0.05212209374947058,0.9453350416163502,0.0008459891859685973,0.0002027705506899008
30.3,1.6520524942455333e-05,0.00025706973608168797,0.02900579093647667,0.9705200340083157,0.00016063407625314247,3.995071793045324e-05
30.333333333333332,6.6534211973699995e-06,6.984254119677878e-05,0.008949399110870183,0.9908869627965804,6.117503279117481e-05,2.59670973640568e-05
30.366666666666667,3.3124499599609825e-06,2.5462285748010273e-05,0.0027840298809794473,0.9971296682415398,4.409267244545527e-05,1.3434469327235936e-05
30.4,3.3892145269265347e-06,3.3523885410985094e-05,0.002165044630957097,0.9977328496997169,4.605591533770589e-05,1.9136654050345894e-05
30.433333333333334,3.900253285141792e-06,4.180531818281942e-05,0.0024673575900796274,0.9974187462165909,4.737094663911342e-05,2.0819675222351273e-05
30.466666666666665,4.3724831045249865e-06,4.812706168842407e-05,0.002509724567676855,0.9973631321413994,5.3873265345451805e-05,2.0770480785365692e-05
30.5,2.593858248037836e-06,3.03891189526273e-05,0.0013297193064289758,0.9985946958168783,2.7476063801396226e-05,1.5125835690750668e-05
30.53333333333333,2.1281601847190816e-06,2.224073852218052e-05,0.0012153865419431917,0.9987243613162434,2.376801260593949e-05,1.211523050034284e-05
30.566666666666666,2.5180427778736424e-06,2.1635656229327692e-05,0.0007870792251662144,0.9991561083344462,2.3393770704578357e-05,9.264970675788137e-06
30.599999999999998,5.622899978036326e-06,5.468968016587092e-05,0.0018983153641123833,0.9979601990539793,6.16680556429908e-05,1.9504946121385137e-05
30.633333333333333,2.9682874571326925e-06,4.1932253042139696e-05,0.0011935430589093835,0.9987087831379703,3.776264985313449e-05,1.5010612768067816e-05
30.666666666666668,5.00200677961429e-06,0.00010864157570396903,0.002548068612723966,0.9972543180629756,6.323222907836204e-05,2.073751273832907e-05
30.7,3.6370242683276226e-06,8.511658467504453e-05,0.0027411534288118438,0.9971181193281743,3.872531059729084e-05,1.3248323473199269e-05
30.733333333333334,9.367583322750543e-06,0.00022407961647113387,0.006653867264130427,0.9929096333095067,0.00016805553159847364,3.499669497058145e-05
30.766666666666666,8.968089177386134e-06,0.00015242487984873314,0.006684655744583017,0.9929453834353625,0.00017753245637116706,3.103539465719733e-05
30.8,1.4456751741496269e-05,0.00022919432124147532,0.004326753956756856,0.9950688049161182,0.00029469322975932924,6.60968243826661e-05
30.833333333333332,6.98832636993192e-06,0.00022652562281871337,0.0013743366264068312,0.9980962424661309,0.0002509518341145586,4.495512415909647e-05
30.866666666666667,5.464829948700045e-06,0.0001718435660688351,0.0010696698698543594,0.9985026016727344,0.00020568022661067317,4.4739834783080416e-05
30.9,7.2506555714821114e-06,0.0002075071962111289,0.0019212917287837468,0.997531233757426,0.0003068174068140771,2.5899255193662128e-05
30.933333333333334,8.228847659422976e-06,0.00020300318406845123,0.002516846077412189,0.9968390228523507,0.0003831000654777527,4.979897303171832e-05
30.966666666666665,4.514023537477061e-06,5.82418583126306e-05,0.0007693178271705595,0.998997294305147,0.00015495429409054844,1.5677691741831797e-05
31.0,2.905841085446704e-06,5.370417146003688e-05,0.00047377188200930446,0.9992643403742687,0.0001929346617247546,1.234306945176627e-05
31.03333333333333,2.690988310248609e-06,5.357205993524833e-05,0.00019886768723649756,0.9994936678754645,0.0002342143582345125,1.698703081914051e-05
31.066666666666666,5.3832675417874e-06,9.901715243675963e-05,0.00030668532048433754,0.9993144132628782,0.00014413307069940495,0.0001303679259595742
31.099999999999998,9.794572211808497e-06,0.00013593573718221656,0.00041687856249126117,0.9991673155028118,7.487525379101059e-05,0.00019520037151173053
31.133333333333333,4.306275417882883e-06,0.0001466721022054771,8.340126304692257e-05,0.9995593582663505,6.21921378511676e-05,0.0001440699551281553
31.166666666666668,3.1525968341955205e-06,8.626179456437594e-05,4.952712212429314e-05,0.9997415498132604,4.870608403763163e-05,7.080258917927285e-05
31.2,3.1435603323749065e-06,0.00010237532607949912,4.9680755506493174e-05,0.9996049198137107,8.522357938875566e-05,0.00015465696498208432
31.233333333333334,2.7522899419340115e-06,0.00010529159337307709,5.1095963330020034e-05,0.9996480474711353,0.00011248912974443404,8.032355247531385e-05
31.266666666666666,4.119563957451899e-06,0.00014915665089641994,0.000218306130481945,0.9993338927435235,0.00014309866315125147,0.00015142624798950322
31.3,3.6561854453862282e-06,0.00016626496115286163,0.00025042591595494175,0.999241315020028,0.00016007283655399657,0.00017826508086473701
31.333333333333332,3.509491146949544e-06,0.00013875152398003105,0.00034329884419845026,0.9992749628236601,0.00017205403858019296,6.742327843423077e-05
31.366666666666667,3.689187901246143e-06,0.0002795541294345572,0.00039335730440221496,0.9991400571817952,0.00014851302507577706,3.482917139101149e-05
31.4,5.146347701845376e-06,0.0010511659154072049,0.0009320854079289867,0.997870211207215,0.00010568686663927062,3.57042551076674e-05
31.433333333333334,7.264657110622767e-06,0.0005036479174169604,0.001824175192516294,0.9974422522269139,0.0001680586243260115,5.460138171648327e-05
31.466666666666665,1.2255070688510386e-05,0.0007703776486867531,0.0015558025040219683,0.997389272402387,0.00022488348563154308,4.740888858410377e-05
31.5,9.346987133544505e-06,0.0004184131571306736,0.0013630952198533893,0.9978211712826196,6.839474299529593e-05,0.0003195786102675529
31.53333333333333,2.2626061434910124e-05,0.0008138075886347947,0.0037100796925904115,0.9944328365697163,0.00019116817914064215,0.0008294819084829717
31.566666666666666,4.052016123677942e-05,0.0012938516180430804,0.005659494016113767,0.9911460166539972,0.00012388794266878202,0.001736229607940321
31.599999999999998,0.00017927760381259797,0.004074853421708244,0.02228408386757896,0.9660127214995162,0.00029823984408498306,0.00715082376329914
31.633333333333333,0.0007385238787078542,0.011615491345073382,0.06603919694797827,0.9142342671580453,0.0008359147543654223,0.006536605915829653
31.666666666666668,0.000678144678120007,0.01885687428306645,0.1052474420212477,0.8629085765322078,0.0031392587325344778,0.00916970375282363
31.7,0.0007275045158385174,0.024069881372744434,0.17151636365425676,0.7937151140611974,0.004966521519822625,0.005004614876140186
31.733333333333334,0.0010041895630282024,0.02856655771489547,0.13577302158412446,0.8208613493286008,0.00905564272506661,0.004739239084284465
31.766666666666666,0.0003583436603572531,0.010718387314015896,0.05786665812128229,0.9261716650548509,0.003449228151050036,0.0014357176984435218
31.8,0.00025410176402778495,0.005700348261215906,0.02457967960913632,0.9679126793585384,0.0011334796561778627,0.0004197113509037889
31.833333333333332,0.00020792233463971346,0.005771594060045431,0.03541266769637702,0.9567514423090763,0.0009796663135979073,0.0008767072862636175
31.866666666666667,0.00017902122660004121,0.005781164496592227,0.030618663421778526,0.9614211231602674,0.0010723130090708086,0.000927714685691013
31.9,0.00017897338430009362,0.005366061513203828,0.031645392535247945,0.9611641893953518,0.0009877808433133542,0.0006576023285829542
31.933333333333334,0.00017835528566509802,0.004772736474520749,0.03553725215780184,0.9578447334002873,0.001011591434416239,0.000655331247308738
31.966666666666665,0.00022425529389581572,0.005487308866211058,0.03442877146796157,0.9578837852979506,0.001284661493099459,0.0006912175808814188
32.0,0.00022389728412428947,0.0064648633493874,0.034774288735171695,0.9563545828021444,0.0015176616903034871,0.0006647061388686419
32.03333333333333,0.00024089727138269456,0.0069557250183744585,0.032116273811396784,0.9567953715132538,0.0031963051491891293,0.0006954272364030988
32.06666666666666,0.000402388154924667,0.007376547005867711,0.044910879218878125,0.9308476857052108,0.015657494827157597,0.0008050050879612595
32.1,0.0007111186712324714,0.012244670197264057,0.07895612814590112,0.882903923407398,0.024575660824086697,0.0006084987541176472
32.13333333333333,0.0007516978346382154,0.033022014227877115,0.13386643750154056,0.8001947531662414,0.03147199199016724,0.0006931052795354791
32.166666666666664,0.0016827386430891395,0.08576270989180446,0.29391907819943336,0.3367592489344115,0.28032465003656526,0.0015515742946962015
32.2,0.00019501491454247232,0.009603935464697367,0.06282333771961592,0.014278172498467755,0.9129249000105047,0.00017463939217157137
32.233333333333334,5.510674945225458e-05,0.0034708288101509884,0.0444469469179835,0.005974191028745391,0.9459973430706342,5.558342303366339e-05
32.266666666666666,4.6885536138609666e-05,0.004402605843147329,0.01401793658269494,0.01158077557513343,0.9697759593249915,0.00017583713789404178
32.3,2.8343256671779804e-05,0.002620229715334996,0.004073465486924438,0.0011148949433908606,0.9921456876899871,1.7378907690744506e-05
32.333333333333336,1.9893593140955803e-05,0.0020764272412954056,0.0027067605892188693,0.0007408320270729133,0.9944504430156079,5.6435336640611985e-06
32.36666666666667,2.3698937026651498e-05,0.0015024743995274482,0.004216665090263833,0.0008694067683905884,0.9933793910825232,8.363722268440199e-06
32.4,2.4879057185342853e-05,0.00121392881498128,0.004718670062395563,0.0005171427590016737,0.9935164121834437,8.96712299246397e-06
32.43333333333333,2.9908611747955544e-05,0.0007021367797259112,0.005983012104712886,0.0004099494157223217,0.9928652494285145,9.743659576516225e-06
32.46666666666667,1.7660329046390247e-05,0.0003762492309322004,0.0065150188290415455,0.000248046911622105,0.9928369689926221,6.055706735623489e-06
32.5,3.81228656574062e-05,0.0010638402096837872,0.058465210175437,0.0009141686253388428,0.9395061134957681,1.2544628114738116e-05
32.53333333333333,3.5622085322792463e-05,0.00133598777872084,0.09681126640131718,0.001534834960466518,0.900264523398135,1.7765376037751613e-05
32.56666666666666,5.069972793482414e-05,0.005047287984790868,0.14733356298162262,0.0012350736304203478,0.8462875783430175,4.5797332214050556e-05
32.6,3.985807568443981e-05,0.006145253880060196,0.28287804727273486,0.0018279027206902203,0.7090490865039097,5.985154692053225e-05
32.63333333333333,4.189900356818719e-05,0.0071666685513403485,0.20297105158543519,0.002030612461144014,0.7876808181969037,0.00010895020160850458
32.666666666666664,7.553812171474222e-05,0.01338191715007352,0.08076379600865136,0.004391141306499036,0.9012226226451524,0.00016498476790906424
32.7,4.9315977667391934e-05,0.013419270328588244,0.07983340187073716,0.0025791834748419198,0.9037382210551296,0.00038060729303580714
32.733333333333334,7.362944394896434e-05,0.017337602501771545,0.07872197977528679,0.0021256831582215953,0.9014126662363241,0.00032843888444709934
32.766666666666666,0.00039867193323855676,0.09037481173715993,0.151443614386195,0.011139038471436937,0.7451664984955158,0.0014773649764538593
32.8,0.00038181758259871586,0.03849544007557474,0.3075825086687319,0.009439834720349267,0.6429843059485921,0.001116093004153297
32.833333333333336,0.00035256550823562584,0.03593787346019795,0.257046992556645,0.008716623533123379,0.6967946181413082,0.0011513268004898966
32.86666666666667,0.0005197025780982622,0.021102570783254896,0.37788184622402843,0.01959933378318148,0.579094646717106,0.0018018999143310252
32.9,0.0005562851246586249,0.02385044210297846,0.3614433359022979,0.051558966656562066,0.5596314419192857,0.002959528294217131
32.93333333333333,0.00042011203358931665,0.026364640587369096,0.4219664861014879,0.053024122755849834,0.49396967244492207,0.004254966076781593
32.96666666666667,0.0006316916196415797,0.041880610486686634,0.5179155117955333,0.09647156765924882,0.33629235094544685,0.006808267493442798
33.0,0.0007297226567958368,0.047686539877270465,0.5151637762165423,0.1400691006349572,0.28202368371670017,0.014327176897734146
33.03333333333333,0.0007819996341202229,0.03292255309049507,0.3651110380490917,0.29923752823942606,0.28714910467421007,0.014797776312656755
33.06666666666666,0.0010268398697951236,0.047253795094694885,0.16288755483353995,0.39292732519098345,0.37705407571855926,0.0188504092924272
33.1,0.0010135627686262076,0.05886678781477397,0.10988933189817533,0.40821315082850934,0.4024334307715017,0.01958373591841328
33.13333333333333,0.001014552584403833,0.05585734135107708,0.11456394584716889,0.35804275319768963,0.4518507703655177,0.018670636654142793
33.166666666666664,0.001112465981173285,0.04659191250265856,0.09217928202894361,0.41331692986432167,0.43055371442119084,0.016245695201712162
33.2,0.0013193832129472928,0.0170760396959091,0.06777596834404638,0.42003347207892566,0.4614919974110252,0.03230313925714631
33.233333333333334,0.0013639371518966372,0.015905558374899192,0.06575726152726585,0.40553455666644656,0.48685651604758134,0.024582170231910328
33.266666666666666,0.0012554249348195382,0.013739293485676334,0.04378080623878495,0.4567890496473132,0.45116855900630454,0.03326686668710134
33.3,0.0012052469287291477,0.012159148987136855,0.042030933744490656,0.4801338594775723,0.4331358291522771,0.03133498170979381
33.333333333333336,0.0012289630783496024,0.016582732785737683,0.04291026588617682,0.41451093519801396,0.494494582684574,0.030272520367147844
33.36666666666667,0.0001508068629491282,0.0020497562435756156,0.004944124485399337,0.9204729066492292,0.0678989240783812,0.004483481680465581
33.4,0.0011933676106787856,0.014728366729578791,0.027546106889069725,0.2619415754618266,0.6451435712039226,0.04944701210492348
33.43333333333333,0.0012875403544425875,0.020859336346343283,0.024301958528016757,0.31341113925589775,0.4547584580929723,0.1853815674223274
33.46666666666667,0.0013321437096661885,0.0164411208389552,0.021556834084545035,0.16247296780170617,0.7334667425958423,0.06473019096928508
33.5,0.0006327501937093137,0.007331006268427265,0.006987591199039543,0.7096784017771404,0.22911784755841244,0.046252403003271075
33.53333333333333,0.0002756635454163499,0.00215817692375178,0.002939857353483381,0.841900499440548,0.1312803820104318,0.021445420726368635
33.56666666666666,0.0006667109594370284,0.0027699533296824267,0.0035866735035729826,0.6709904293113139,0.27265327536649137,0.049332957529502314
33.6,0.0005624136250451289,0.001772028396340311,0.0020569897826959904,0.4880361397609487,0.425241044480926,0.08233138395404399
33.63333333333333,0.00017900914170165027,0.0003714128143255022,0.0005308666522723927,0.12241356671735747,0.8256995127467098,0.05080563192763309
33.666666666666664,0.0004430225609097688,0.0009060124140023487,0.0007354619138708593,0.11569738981725862,0.6645510608905763,0.2176670524033822
33.7,0.00039526319527638184,0.0008419451143677189,0.000500360711087832,0.10926985517235177,0.6812446263330154,0.2077479494739009
33.733333333333334,0.0003935034748866353,0.0007790255824593345,0.0005574836372494575,0.012454173962538475,0.7321471132687558,0.25366870007411024
33.766666666666666,0.00026629925895651536,0.0005271972131297039,0.0004313132411464336,0.002993673354550936,0.11820949106743964,0.8775720258647768
33.8,0.000298670067604825,0.000990000727091888,0.00019415747561453095,0.0005996314352010522,0.24788323382489041,0.7500343064695973
33.833333333333336,2.7827768287097857e-05,0.00012936041187568552,2.205713660643465e-05,8.52467336427172e-05,0.032732972514566104,0.9670025354350219
33.86666666666667,1.7390166674245756e-05,8.084008391755446e-05,1.0516185503937886e-05,3.4504363561453065e-05,0.027880288842968507,0.9719764603573744
33.9,1.0237682906938933e-05,4.5578579155193255e-05,1.153831851727727e-05,2.450400986370918e-05,0.004026794623734481,0.9958813467858225
33.93333333333333,4.699462489873061e-06,2.4113480342660214e-05,7.323738556325116e-06,8.485896640339036e-06,5.1404637933425904e-05,0.9999039727840373
33.96666666666667,3.387251175701845e-06,1.6122826475599288e-05,6.280241639292718e-06,5.469593268343025e-06,1.1127120113784076e-05,0.9999576129673272
34.0,3.4380221825504877e-06,1.3573011839621387e-05,7.4441348764891195e-06,4.7112123542561246e-06,8.88004960548786e-06,0.9999619535691416
34.03333333333333,2.3028382885887563e-06,9.950155128466963e-06,4.2622948720605526e-06,3.4482101033307615e-06,8.13677396033355e-06,0.9999718997276472
34.06666666666666,1.1689534304995343e-06,8.702583060350754e-06,4.1454489277262675e-06,3.6037865977834764e-06,7.898133060899336e-06,0.9999744810949228
34.1,1.168951713706294e-06,9.838165757694494e-06,4.550064672417875e-06,3.532222363881203e-06,7.898121461240108e-06,0.999973012474031
34.13333333333333,1.1131392058493722e-06,9.377237366876075e-06,4.869016357164793e-06,2.9843808152172573e-06,6.054194607661958e-06,0.9999756020316473
34.166666666666664,1.6906337890351932e-05,3.2660936335045024e-05,1.5320453718126515e-05,1.0071297962234024e-05,2.205862535291515e-05,0.9999029823487413
34.2,2.1097125686466105e-05,3.3836736305506935e-05,1.8767588718510534e-05,1.1309163344156136e-05,1.9042412667805965e-05,0.9998959469732775
34.233333333333334,3.278328109024507e-05,5.924722439659278e-05,1.913933209838517e-05,8.736754600435591e-05,1.5951296718051432e-05,0.9997855113196924
34.266666666666666,3.6690273740164775e-05,0.0001120283522189741,2.940148864925538e-05,0.000417127313186867,9.105147492525344e-06,0.9993956474247123
34.3,6.47509716815611e-05,0.00011719298130837345,2.8284364663469386e-05,0.00044835146491711977,9.772199503391303e-06,0.9993316480179261
34.333333333333336,6.119213504591882e-05,8.845803766393036e-05,2.5623919419079474e-05,0.0002131430868935807,7.621855350868827e-06,0.9996039609656266
34.36666666666667,0.0021857819778221604,8.038886727749997e-05,1.5057915630036868e-05,2.7833422563193122e-05,1.0293407532072822e-05,0.9976806444091749
34.4,0.3234184648732493,0.0001781421849418045,1.2795470894977536e-05,3.9971881709697475e-05,2.328388820226472e-05,0.676327341701002
34.43333333333333,0.4475913360296756,0.0002346837388123222,1.8209367539145936e-05,5.136163490597112e-05,1.4951551044954417e-05,0.5520894576780219
34.46666666666667,0.9268137969791456,7.739323834955167e-05,6.986800198792932e-06,1.9153668897595002e-05,7.5535763985562085e-06,0.07307511573700984
34.5,0.9983840817423706,3.906889864574185e-06,6.082814464161216e-07,1.826134149108931e-06,6.661534528212441e-07,0.001608910798716434
34.53333333333333,0.9984005289954261,1.8204341812533437e-06,2.616107188537177e-07,7.624424163670377e-07,2.836927066314307e-07,0.0015963428245508355
34.56666666666666,0.9978348180434368,1.449516914055998e-05,2.4912111332214763e-06,3.86385538736522e-06,1.7362539983368733e-06,0.002142595466903665
34.6,0.997530192671438,1.7818706201047423e-05,3.825351050575171e-06,4.506252890908455e-06,3.563982090375727e-06,0.0024400930363291384
34.63333333333333,0.999055415553766,1.2015520548941248e-05,1.963021900399155e-06,2.124671925477576e-06,1.2542779709923899e-06,0.0009272269538881656
34.666666666666664,0.994730390295142,5.664818981839638e-06,1.8093002888170683e-06,1.278156166351654e-06,9.005404468202232e-07,0.005259956888974182
34.7,0.9995158207252449,1.9172453897062085e-06,6.739354606345977e-07,4.4648337205938396e-07,5.284791810378446e-07,0.0004806131313517331
34.733333333333334,0.9997346268326734,4.766952234264824e-06,1.7739755616478534e-06,1.326471403091167e-06,1.3848982440811827e-06,0.0002561208698834023
34.766666666666666,0.9995821914453975,1.0935945100742893e-05,4.040831709815872e-06,2.276153089897863e-06,2.979151686602045e-06,0.00039757647301562105
34.8,0.9997290182787576,1.2678664585927148e-05,3.0600058943584516e-06,2.2764874299384246e-06,3.0395337121456035e-06,0.0002499270296201074
34.833333333333336,0.9998910991038239,1.3226063765762281e-05,2.9748680239535383e-06,1.7915062804441841e-06,3.964337442444005e-06,8.69441206635066e-05
34.86666666666667,0.9999171466578206,8.648908964849089e-06,3.624409940806891e-06,9.4114536278807e-06,1.7267439710905617e-06,5.9441825674892914e-05
34.9,0.9999700241066699,4.506571430334948e-06,2.036576937932399e-06,4.35808940599332e-06,7.477608915153714e-07,1.8326894664274058e-05
34.93333333333333,0.9999663580296022,4.234978449201297e-06,1.991490530088361e-06,9.770361292457655e-06,7.203401573961517e-07,1.6924799968653507e-05
34.96666666666667,0.9999919235685196,1.2461511781040181e-06,5.129066672094547e-07,3.511570307321801e-06,1.6809629496006656e-07,2.6377070327706664e-06
35.0,0.9999903263175159,1.8142004313488352e-06,5.105443452419119e-07,3.258656319909093e-06,2.411493016956252e-07,3.849132085874212e-06
35.03333333333333,0.9999832332661794,6.305128640076211e-06,6.509359957462703e-07,9.296630430537169e-07,8.208896383069117e-07,8.060116503500958e-06
35.06666666666666,0.999984749288301,5.743925848662151e-06,5.878312028331341e-07,8.779401053306978e-07,8.953400550340992e-07,7.145674487036652e-06
35.1,0.9999549829270925,1.751023093820007e-05,1.1254531398046362e-06,2.2803548908866913e-06,1.5717993070069675e-06,2.2529234631630745e-05
35.13333333333333,0.9984295191995536,0.0008897699999469421,3.784623663135864e-06,5.186531050565397e-05,3.3322826338890545e-06,0.0006217285836970345
35.166666666666664,0.9981818893775785,0.0014591460478022256,2.273417702669292e-06,2.342563702414976e-05,1.4973342630414637e-06,0.0003317681856297972
35.2,0.9893762615873207,0.009553583277235201,8.06263710528345e-06,1.1664673134709657e-05,7.433821518237367e-06,0.0010429940036859812
35.233333333333334,0.9936489838007996,0.005955844512415131,4.628752856522497e-06,5.449855919791341e-06,3.3756619696910287e-06,0.00038171741603924635
35.266666666666666,0.994142591997735,0.005507132990084622,5.038686533284817e-06,5.276140037211995e-06,3.7139629624948037e-06,0.0003362462226474532
35.3,0.9987693485018334,0.0010992060115842992,1.056503033469871e-06,1.4276936290434877e-06,1.159188808962922e-06,0.00012780210111063285
35.333333333333336,0.9989188553308758,0.0010570807626847868,1.5691607754949072e-06,1.285335305433168e-06,3.343429898334102e-06,1.7865980459925995e-05
35.36666666666667,0.9992872600345043,0.0006882758223977668,1.9787444550405612e-06,1.0889723367632323e-06,1.3622504791676593e-06,2.003417582688708e-05
35.4,0.9993826531938843,0.0005970710135659434,2.6782463987927326e-06,1.004847435125389e-06,1.2767465490500888e-06,1.53159521669196e-05
35.43333333333333,0.9993000890486744,0.0006865639445181544,1.8817848073788359e-06,1.0328109178237692e-06,1.5383395920038697e-06,8.894071490303028e-06
35.46666666666667,0.9962235504754533,0.0037352825871619817,6.394969461929221e-06,2.943377631600454e-06,3.6187633376853833e-06,2.8209826953558115e-05
35.5,0.9833179496585228,0.016587899512971835,2.2449932075930247e-05,6.232750016088991e-06,1.1239057735451789e-05,5.422908867789102e-05
35.53333333333333,0.9768526131063368,0.02305905114161393,1.847645556226002e-05,3.7669810769445803e-06,1.4600966448664679e-05,5.149134896136045e-05
35.56666666666666,0.9769221126166371,0.022978449102481584,1.6490796357776014e-05,4.309836512592522e-06,1.3635159823447492e-05,6.50024881877622e-05
35.6,0.9571771457901495,0.042681198795233084,2.6461716622068618e-05,5.796627568702352e-06,1.9705161839989867e-05,8.969190858668106e-05
35.63333333333333,0.9832283439587031,0.01667957846062721,1.8043401383428807e-05,9.574839836666142e-06,8.499078591514665e-06,5.596026085803811e-05
35.666666666666664,0.9932353140407281,0.0067359316442236195,8.893661765729405e-06,3.8667324115184576e-06,3.2956076493670007e-06,1.269831322176363e-05
35.7,0.795964547175315,0.2030747511520252,0.00042467909581212274,0.00011072628356190126,0.00010866813246031218,0.0003166281608254082
35.733333333333334,0.006279187042882127,0.9929183484053331,0.0002998424392935899,0.00015185443286194457,7.763556436916586e-05,0.000273132115260225
35.766666666666666,0.00019131514347942342,0.9983520793642928,0.0011048226351854287,9.643693080664038e-05,4.9333227208542315e-05,0.00020601269902707474
35.8,6.84548484583829e-05,0.9975880031331404,0.0019938889121965363,0.0001677472749483515,5.79546645627041e-05,0.0001239511666933532
35.833333333333336,2.750572617759472e-05,0.998924476306432,0.0008800349565996837,6.818958687073341e-05,5.904937562884699e-05,4.074404829113339e-05
35.86666666666667,5.7059000042610135e-06,0.9996268289526927,0.00027704082170190134,3.275407042754573e-05,3.287704631831083e-05,2.479320885555605e-05
35.9,4.815478320645167e-06,0.9998722808276008,7.442704170610986e-05,1.9159688166145563e-05,1.6858358258586205e-05,1.2458605947618735e-05
35.93333333333333,3.1949641204680397e-06,0.9998997082996349,5.89708183369329e-05,1.7098518349336945e-05,1.4772609032013821e-05,6.254790526370952e-06
35.96666666666667,6.201730692891902e-06,0.999896763934878,5.671724628786942e-05,1.601227523445478e-05,1.2419014527215081e-05,1.188579837938184e-05
36.0,6.094618550554544e-06,0.9999146947518941,4.2920918221903686e-05,1.2901441740328153e-05,1.1493408222219916e-05,1.1894861370794692e-05
36.03333333333333,6.169862129142037e-06,0.9999084015254052,4.7333142759857466e-05,1.3428023929805629e-05,1.2662084143863706e-05,1.2005361631914577e-05
36.06666666666666,6.169822092191191e-06,0.999901913003833,5.5338940230758245e-05,7.66339058702409e-06,1.6909559529317553e-05,1.2005283727730742e-05
36.1,5.826616155528507e-06,0.999926612441666,4.1880915279658365e-05,2.0895109199732413e-06,1.3432910942700355e-05,1.0157605036034924e-05
36.13333333333333,4.9170351192679586e-06,0.9999257746992124,4.3932965458824695e-05,2.0397792772949716e-06,1.317486044761271e-05,1.0160660484644603e-05
36.166666666666664,3.7425795731211468e-06,0.9999351637310107,3.593004913573811e-05,1.978734663892162e-06,1.328861739342506e-05,9.896288223479038e-06
36.2,4.4859442484608165e-06,0.9999434978524356,3.287499799408498e-05,1.760757509273183e-06,8.000039664495012e-06,9.380408148307525e-06
36.233333333333334,4.848689801166273e-06,0.9999324791665577,3.150253053998637e-05,1.8056809980733364e-06,8.02524790216789e-06,2.133868420055238e-05
36.266666666666666,7.058457061761065e-06,0.9998021085537093,5.268813741235176e-05,2.5667102064324386e-06,2.7528770319875705e-05,0.000108049371290237
36.3,7.821023946283963e-06,0.9997243178666236,8.349512575689506e-05,2.844007098439595e-06,4.765572175195211e-05,0.00013386625482272494
36.333333333333336,8.12778864438707e-06,0.999632395906341,0.00015033833977061333,2.7344613989064957e-06,3.418739181108654e-05,0.0001722161120339873
36.36666666666667,7.882987978223167e-06,0.9996989956923537,0.00012607120044024319,2.5077110117593997e-06,3.424896525784725e-05,0.00013029344295807443
36.4,1.101823424350332e-05,0.999599316420249,0.00017044987562680875,3.622288346326655e-06,3.3479029023838504e-05,0.00018211415251050383
36.43333333333333,1.1018196994302119e-05,0.9995268475858295,0.00019991842816301496,3.4496507374745143e-06,3.3706436034728003e-05,0.00022505970224123562
36.46666666666667,1.1580715023203404e-05,0.9995028704327822,0.000231500101718443,3.9838385387962115e-06,2.5010608541362906e-05,0.00022505430339583344
36.5,1.6715963234404008e-05,0.9991216785343234,0.0004970724772753222,3.581575641934057e-06,3.6101088059746315e-05,0.0003248503614648597
36.53333333333333,3.919289983712901e-05,0.9962955538766579,0.0028133830436666554,7.109813304476482e-06,8.783305432502093e-05,0.0007569273122088272
36.56666666666666,5.6170874994381986e-06,0.9983673818100567,0.001530975211747969,1.6572926208134954e-06,1.8675545073206128e-05,7.569305300208468e-05
36.6,4.408839888158301e-06,0.9974056904159836,0.0025097113915953243,1.5144790837233262e-06,1.3019984802886715e-05,6.565488864624764e-05
36.63333333333333,6.201151349893415e-06,0.9915228778569207,0.00832252815515069,7.85525690698708e-06,4.040513265702864e-05,0.00010013244701457833
36.666666666666664,1.5464806729655754e-05,0.9801338210153493,0.01948888529622824,9.286717567657603e-05,0.00010812202906580988,0.0001608396769502665
36.7,3.278522160615563e-05,0.911092983586646,0.08776495978192175,0.0005309383423856253,0.0002551570176613464,0.00032317604977927575
36.733333333333334,2.2287544812026997e-05,0.910364439778347,0.08871397430811402,0.00035001747182948623,0.00023050115414674103,0.000318779742750676
36.766666666666666,5.3764883918641544e-05,0.6988057461412935,0.299308176459583,0.0006484790902077336,0.000335749722830247,0.0008480837021669727
36.8,0.00012603973488382097,0.3756596725395076,0.621512038213979,0.0009307317456368492,0.00025746229649488395,0.0015140554694977112
36.833333333333336,0.00015199391200031005,0.3373045053426654,0.6603913531256755,0.0011100015905406277,0.00021880974981392502,0.0008233362793041871
36.86666666666667,0.0006099605842086299,0.45786204482911336,0.5330650164469937,0.004319382603301131,0.0007947946962010533,0.003348800840182115
36.9,0.0035650960600780573,0.5847782564680976,0.40025411461069244,0.0047141777351258195,0.0006964748757538926,0.005991880250252203
36.93333333333333,0.004402385472384473,0.7022408391760768,0.2823359640614402,0.004324313492338378,0.0006478521728434347,0.00604864562491677
36.96666666666667,0.005244451803935335,0.7234659537618529,0.2607204357182825,0.004367772008662763,0.0004963335919699139,0.005705053115296546
37.0,0.006701585477113624,0.7311720252539269,0.25043612983283786,0.00527287409163249,0.0005879894073731234,0.00582939593711612
37.03333333333333,0.019440583099656458,0.7754067915403947,0.1955782462861981,0.004523898140959711,0.000504469505755965,0.004546011427035011
37.06666666666666,0.012175442751376544,0.7255731458329339,0.25333635129699705,0.003945863510929861,0.00040086939997317257,0.004568327207789625
37.1,0.018668156860009305,0.5904983276608954,0.3796183645954748,0.006629149221470172,0.000608261777650766,0.0039777398844994365
37.13333333333333,0.034948890991140305,0.3958595985781752,0.5530542804107512,0.0072429166306879275,0.0007045830788080268,0.008189730310437154
37.166666666666664,0.246108426295934,0.18604783061641722,0.5604242234291924,0.0034576950034861755,0.0003368195427092304,0.00362500511226101
37.2,0.32915190209814005,0.1262250176824111,0.5387903372894784,0.003101326519185233,0.00028821030296886094,0.002443206107816146
37.233333333333334,0.37270006641260484,0.10233997434381208,0.5192637829356863,0.0032714382923304058,0.000259649715824636,0.002165088299741807
37.266666666666666,0.2949858367239515,0.15397428757294984,0.5460195422367496,0.0031709684559147215,0.00025349117086863305,0.0015958738395657583
37.3,0.39869652973245984,0.15013885209767455,0.4472199460795527,0.0022638105211610048,0.00031425514450373997,0.0013666064246482682
37.333333333333336,0.5306744191790307,0.12439421381873506,0.34165267041516423,0.0018756299657280084,0.0002729217044992052,0.0011301449168427654
37.36666666666667,0.30573645290426454,0.10318143308026462,0.5888071724580528,0.0012317186691538696,0.00022247946487592796,0.0008207434233882696
37.4,0.2958281701199003,0.09466001253660701,0.6073460536311945,0.0010726147871054146,0.00018483048226871485,0.0009083184429240339
37.43333333333333,0.0766919589943022,0.7595096699187464,0.1633330195248363,0.00013504860404552554,4.95488615100991e-05,0.0002807540965595339
37.46666666666667,0.1924784992893073,0.6391775965357198,0.1677753069923932,0.00022178299913074324,5.460228019230702e-05,0.0002922119032567477
37.5,0.1518146366414246,0.7073676791996767,0.14044289432785265,0.0001428204134335583,4.8799895375452585e-05,0.0001831695222368131
37.53333333333333,0.3287016140515748,0.3225430101317055,0.3480158503263147,0.00030374602126875474,0.00011482465511429495,0.00032095481402204967
37.56666666666666,0.3332979143854652,0.36832335548430356,0.29767652812306794,0.0003259832299354067,6.046045140090359e-05,0.0003157583258269786
37.6,0.4189367175011317,0.4099714977772901,0.17007220487966018,0.000642287097788708,6.595091408536781e-05,0.0003113418300439571
37.63333333333333,0.2279787096595077,0.5536588055948992,0.21696066805198333,0.0008673966588864869,0.000113958742442124,0.0004204612922811241
37.666666666666664,0.2873131472098418,0.4850363623619969,0.22611942800109164,0.0008748585206905384,0.00022415233584798097,0.0004320515705310782
37.7,0.2952669161658234,0.4182626390046445,0.2844384737931275,0.0010551189108791467,0.0005321075263903278,0.00044474459913510926
37.733333333333334,0.08197623975425497,0.5347099287716238,0.382470345509969,0.0003977443622872443,0.0002434027354045391,0.0002023388664604033
37.766666666666666,0.009861094095246542,0.5090717297945573,0.4802929090665709,0.00038459120135167876,0.00021712829945957554,0.0001725475428139564
37.8,0.004603887154461812,0.4106523928652826,0.5841163506016144,0.00028563891564085313,0.00020788278273290795,0.00013384768026747783
37.833333333333336,0.009810281486904618,0.35464371273635154,0.6348123250113108,0.0003103308863028722,0.0002867911636113865,0.00013655871551893187
37.86666666666667,0.017127801286297595,0.30132855336917,0.6809624382860212,0.00017306104383003602,0.0002919070668660577,0.00011623894781521407
37.9,0.014918779444665827,0.20541670965252856,0.7788314981140873,0.00024532299919215563,0.0004323851497064693,0.0001553046398197957
37.93333333333333,0.005031590470349086,0.23177592698061905,0.7622466991700632,0.00034387599629737587,0.0004429210207021309,0.00015898636196928144
37.96666666666667,0.00019961366116919162,0.11590400922204463,0.8832935466060053,0.00016147465710242807,0.0003534758811132334,8.787997256515703e-05
38.0,5.554357722214701e-05,0.029222875039312847,0.970541428851476,2.3249150312716606e-05,0.00011744011778815771,3.9463263888119653e-05
38.03333333333333,4.273673282061261e-05,0.018980952161262984,0.9808052213248425,2.4254458272677607e-05,0.00012568316807010183,2.1152154731335577e-05
38.06666666666666,4.369927188084843e-05,0.012544954923882662,0.9871613966550621,2.8086103586613464e-05,0.0002009685267344425,2.0894518853344997e-05
38.1,1.1500351600257027e-05,0.004673039286841026,0.9952251968428506,2.3993649870388733e-05,6.0224742036439535e-05,6.045126801267323e-06
38.13333333333333,1.1753668327028843e-05,0.008369970232330923,0.991527305085872,1.6119831805966827e-05,6.449926568192398e-05,1.0351915982107298e-05
38.166666666666664,9.921907620342907e-06,0.00808563278616598,0.9918277163748385,2.2178644087631517e-05,4.658658532123428e-05,7.963701966343173e-06
38.2,1.1049704676829911e-05,0.008186979196775555,0.9916398106248113,2.4769570759581368e-05,0.00013425837497032153,3.1325280063395224e-06
38.233333333333334,1.1213414244632714e-05,0.002005781290048542,0.9978336087717008,2.0607440162598787e-05,0.0001244334598853551,4.355623958086e-06
38.266666666666666,8.667862732548442e-06,0.000244328768346525,0.99963299243476,2.9176447495055754e-05,8.0532870846534e-05,4.301615819354279e-06
38.3,6.968788366090548e-06,0.0007363873956424029,0.9991553282649145,2.91625058347892e-05,6.721469504829344e-05,4.938350193794725e-06
38.333333333333336,5.798563149500122e-06,0.0004712113463679142,0.9994486705909947,2.7747780804017562e-05,4.187293664204663e-05,4.6987820418170854e-06
38.36666666666667,6.501554882131798e-06,0.0005283388919819412,0.9994072749507222,3.62871642483721e-05,1.632899690905181e-05,5.268441256293409e-06
38.4,1.988407377459841e-05,0.0012594479551717684,0.9983261249374931,0.00035399329856336694,2.5905116252932055e-05,1.4644618744208665e-05
38.43333333333333,1.868639457043048e-05,0.0009441492233766253,0.9984359047104865,0.0005528858742643469,3.062352767575991e-05,1.775026962635394e-05
38.46666666666667,1.9081751196299042e-05,0.0008671703452309647,0.9987234161244559,0.0003369314890556962,3.773150673211592e-05,1.5668783329107904e-05
38.5,1.7792092459125407e-05,0.00120366937885841,0.9971690293568002,0.001549649713959223,3.81105192043873e-05,2.1748938718829325e-05
38.53333333333333,1.5425135024712516e-05,0.0012075087161426143,0.9977334551613743,0.0009764431104220863,3.838188948305306e-05,2.8785987553383883e-05
38.56666666666666,1.1892812358477457e-05,0.0006343277746293325,0.998090600734566,0.0012160711751131915,3.1323078944965296e-05,1.5784424387931677e-05
38.6,1.7365089946450157e-05,0.0012118828234038955,0.993054585233665,0.005635107627433237,5.879190879178259e-05,2.2267316759700953e-05
38.63333333333333,5.872330355929737e-05,0.004581188488617264,0.9269031703068971,0.06814805861786938,0.000238762329899662,7.009695315766778e-05
38.666666666666664,7.974160182329387e-05,0.00964894333437969,0.8459351843978199,0.14391928605521817,0.00028362816968652104,0.00013321644107218672
38.7,0.00010959470005262396,0.004271644966150377,0.6503970825348784,0.34445864236329604,0.000542650133754886,0.0002203853018677195
38.733333333333334,7.32826702202024e-05,0.0027380895831974564,0.2740356992349093,0.7226199603972027,0.00037750042576521574,0.00015546768870513782
38.766666666666666,3.4549826281328356e-05,0.002063933547044225,0.17807413832897043,0.8189495252157017,0.0007515597106963067,0.00012629337130581994
38.8,1.5530567855835164e-05,0.0014865201788277474,0.10659921443803948,0.8912207906019283,0.0005728433038937924,0.00010510090945471517
38.833333333333336,9.48460314033189e-06,0.0003969910857448053,0.049778435450600095,0.9494741450008749,0.00026909341086174467,7.185044877821714e-05
38.86666666666667,8.454396631785769e-06,0.0003902401986159208,0.028508999881432566,0.970797198385096,0.00022693920553823173,6.816793268557435e-05
38.9,7.2742753409645315e-06,0.00037717885548689073,0.023796326117830894,0.9756259536430658,0.00011913274483499789,7.413436344049671e-05
38.93333333333333,7.247819905109687e-06,0.00041194481726985615,0.010135453842689891,0.9892753015881587,0.00011632105404880463,5.3730877927537555e-05
38.96666666666667,6.985650599208602e-06,0.00041380613162943187,0.011934720108516511,0.9873942573562368,8.798730688371412e-05,0.00016224344613425667
39.0,2.8334070482637885e-06,0.0001797811875840449,0.0048850428237718615,0.994842638170886,2.088668114259834e-05,6.881772956731394e-05
39.03333333333333,7.099561122662386e-07,5.542423023473634e-05,5.7763858970808696e-05,0.9998442808960674,6.913464957020232e-06,3.4907593657860666e-05
39.06666666666666,6.113602636977649e-07,6.14357338986233e-05,6.0777782149507594e-05,0.9997709078994442,1.1622582726797117e-05,9.464464151723893e-05
39.1,1.0176230882722302e-06,7.647546986708861e-05,0.00010707165402719997,0.9995495211110971,1.533474093757858e-05,0.0002505794009828863
39.13333333333333,1.7396464950839044e-06,0.00012178246972946082,0.00012592528937779444,0.999531740812766,2.0252216984839498e-05,0.00019855956464683583
39.166666666666664,1.593240567285378e-06,0.00017503880693719905,0.0002559518216489418,0.9994537224145493,2.0952520233893028e-05,9.274119606342705e-05
39.2,3.0169286477727733e-06,0.00021681312515335364,0.0002913492946211187,0.9993713776414781,2.022218493352045e-05,9.722082516605592e-05
39.233333333333334,4.6049231120617815e-06,0.0006063397828114946,0.0006645457040701582,0.9985549296649406,1.98659183282985e-05,0.00014971400673750935
39.266666666666666,7.963869971456011e-06,0.0005594923225020333,0.001564286319400345,0.9976168854301143,3.157468611762025e-05,0.00021979737189414957
39.3,7.961253965707307e-06,0.0005593085380935402,0.0018696892338817795,0.9972891840089909,2.9091511783934567e-05,0.000244765453283888
39.333333333333336,8.988350454013292e-06,0.000631465994422645,0.002110901391491036,0.9968834665291209,5.3562944681044755e-05,0.0003116147898305987
39.36666666666667,1.2564303373714325e-05,0.0002708303546880694,0.002646060472870947,0.9964259655576814,0.00018442980235293833,0.00046014950903300805
39.4,1.1536223248729539e-05,0.0006992479943583253,0.0032625180674843266,0.9953688990814382,0.0001759404266338724,0.00048185820683639447
39.43333333333333,2.0798959318972564e-05,0.0017906866601586759,0.006827719879708534,0.9901021905089857,0.00031720760748311645,0.0009413963843451005
39.46666666666667,1.8585695527480217e-05,0.00036538064374536284,0.008138206082626224,0.9908432513703642,0.000252155049119524,0.0003824211586171675
39.5,2.6810644227916248e-05,0.00045392889366383134,0.013097366790091587,0.9857812546409958,0.0003637442194305045,0.0002768948115902214
39.53333333333333,2.942689409865616e-05,0.0004049868630088889,0.018620822240869972,0.9801919829273409,0.0003673205070366979,0.0003854605676450475
39.56666666666666,3.301720494531792e-05,0.0005814753157814636,0.015868099716348165,0.9788066033396857,0.0003022545940022029,0.004408549829237094
39.6,0.00019276839439895973,0.004141653176880021,0.07460834822621351,0.9039290562288471,0.0012913232624262184,0.01583685071123392
39.63333333333333,0.00024549863762596985,0.0038558045345003667,0.04589028044461341,0.9154720554316126,0.0009727708004027123,0.03356359015124507
39.666666666666664,0.0002466047494336501,0.006394507007242239,0.03942635658458384,0.9195967807657588,0.0009771536893624928,0.03335859720361884
39.7,0.0003029898268783367,0.007051912645367825,0.016019716024233844,0.936563869202218,0.001121669594223989,0.03893984270707782
39.733333333333334,0.00027228471502376467,0.010247684498085599,0.013486138425577937,0.9536804814061103,0.00029995561809380115,0.022013455337108655
39.766666666666666,0.0003840124224581938,0.027338247903368567,0.014938064146607673,0.9398579449970095,0.00029731626246343233,0.01718441426809274
39.8,0.0007630583324971966,0.06550876995851879,0.022629053027724895,0.8700347786236245,0.0006330900467184696,0.04043125001091617
39.833333333333336,0.0012023920740550254,0.07782850040318237,0.0248018053682972,0.8708071172508691,0.002379886848655365,0.022980298054940868
39.86666666666667,0.001435145446959578,0.17923922074969584,0.045980743634201474,0.7511011346606141,0.003841389458242159,0.018402366050286775
39.9,0.0014299591198768365,0.1998665113146078,0.04324838088411983,0.7400481524721138,0.0028533430336056573,0.012553653175676154
39.93333333333333,0.001440135448863049,0.1443290258218422,0.09632784347594889,0.7344751256925252,0.003708501283979463,0.019719368276841218
39.96666666666667,0.0017483825356337727,0.1852252968655458,0.30462374408250553,0.49128802552513984,0.006549937325776885,0.010564613665398348
40.0,0.0012411113171141826,0.21160972100598816,0.30638635866339164,0.4623574967233869,0.004500359587913815,0.013904952702205304
40.03333333333333,0.0008924502933852429,0.1559475444181682,0.33191981762421324,0.4996506063964527,0.004772982045921893,0.006816599221858768
40.06666666666666,0.0008706483290558311,0.15183538159170504,0.42099388228747264,0.41308696953233087,0.004464189683332869,0.008748928576102644
40.1,0.0008518587921048798,0.11539268079126101,0.43224876478842955,0.4390757204865278,0.004393389164827765,0.008037585976848957
40.13333333333333,0.000926387654256001,0.0938832994341091,0.47800453201083576,0.4157922288710369,0.0045863671437747855,0.006807184885987374
40.166666666666664,0.0009959293880374071,0.09600715186728626,0.4663548372174757,0.4251983888835925,0.005320143862918459,0.0061235487806896765
40.2,0.0012518908484410122,0.032709992567901434,0.3303279780351881,0.6194837257643628,0.008134305244560361,0.00809210753954629
40.233333333333334,0.0006335805235137701,0.019439769099422223,0.20764465541963517,0.7606141133505905,0.0057132955135631765,0.005954586093275209
40.266666666666666,0.0006292189727905307,0.019305946268971294,0.21121944612375085,0.7553780669238599,0.007727821052169623,0.005739500658457898
40.3,0.0007760978941443007,0.019899700725308056,0.233618954463347,0.7295561784823112,0.008949889507048838,0.007199178927840795
40.333333333333336,0.0009098150657072153,0.02168861768794779,0.322657975905592,0.6396458058444457,0.00827812650439024,0.006819658991917115
40.36666666666667,0.0010819851455692237,0.030513537175793075,0.22271540740555068,0.7235810490761356,0.015057289862415398,0.007050731334536061
40.4,0.001013894363794418,0.03168888340733072,0.2732766302914061,0.6719774516269658,0.015436120990516092,0.006607019319987001
40.43333333333333,0.001094044075399739,0.0361893345320615,0.2495653891677941,0.6889006798318408,0.01707119032310038,0.007179362069803516
40.46666666666667,0.001109880288638448,0.034505266727244535,0.6100854706356292,0.3392533233802302,0.008208678240597693,0.006837380727659946
40.5,0.001157145548452652,0.031702779790946954,0.607696031648058,0.34017904302147167,0.012076118106388815,0.007188881884681973
40.53333333333333,0.001769687570793175,0.04848483877473736,0.5489902595610138,0.3721256288530358,0.01846868455302289,0.010160900687397148
40.56666666666666,0.002128017687378288,0.04538717093304014,0.3989315199381997,0.5270953296649188,0.01862567591449275,0.007832285861970215
40.6,0.0006063966959538208,0.015041880547772182,0.8206282823230514,0.15865305513238284,0.002712906471608342,0.002357478829231308
40.63333333333333,0.0004988346301191074,0.011515013158540716,0.8527048002662901,0.13051132798430598,0.0026710265777439295,0.0020989973830001485
40.666666666666664,0.0005759475921077508,0.013187235103126423,0.8865982176099085,0.09449485789475613,0.0030303020792576164,0.002113439720843497
40.7,0.0006025479547446749,0.10463482088145136,0.8025145223472749,0.08600435517508624,0.004299697305800966,0.0019440563356418158
40.733333333333334,0.0003819974583095404,0.13396773775711207,0.8195931230006388,0.04171136164852009,0.0031133063162355136,0.0012324738191840916
40.766666666666666,0.0004907882383083604,0.1216321836033866,0.831680474351373,0.03758157866132726,0.008003652015155316,0.0006113231304497685
40.8,0.0005438443121324582,0.122714315664422,0.8386977610738394,0.029012148481676985,0.00837918630329172,0.0006527441646373328
40.833333333333336,0.00041971326295994977,0.09020987405542412,0.8686924753404741,0.035672266594049505,0.004483819846965208,0.0005218509001270422
40.86666666666667,0.00033840274287160875,0.05594372307940946,0.929591289499458,0.008532109668477828,0.005234929040216684,0.00035954596956652794
40.9,0.0004551842324957647,0.08182992453450004,0.8991743879385476,0.0065922185041022,0.011569898969586746,0.0003783858207677477
40.93333333333333,0.00035992403998863086,0.09562799545463985,0.8516958943755291,0.0057482582359162085,0.04625109083407543,0.00031683705985080464
40.96666666666667,0.0005508460444216604,0.11891286558715534,0.6918799874089444,0.004399383884066155,0.18399632490580717,0.0002605921696051944
41.0,9.712977859991951e-05,0.023387273953832614,0.9338717453904458,0.0003127853948117861,0.04228455319948062,4.651228282930579e-05
41.03333333333333,2.654092006709397e-05,0.0197321568057435,0.9682284741221362,0.00014612085587144594,0.011847816057085517,1.889123909628895e-05
41.06666666666666,3.6192441898011064e-05,0.022773240289822975,0.9585574314273759,0.00036937177010765995,0.01823807795053194,2.5686120263411217e-05
41.1,8.009582731612252e-05,0.07192754986355454,0.779448462141765,0.002861741252516179,0.14560008062008958,8.207029475848992e-05
41.13333333333333,0.0001139170779808906,0.057047076209351996,0.6704696064748245,0.00617866192156311,0.26599922146626354,0.0001915168500159688
41.166666666666664,0.00010717890956217854,0.0030274971481757825,0.5637427344787616,0.004358966260865829,0.4286781973567203,8.542584591435053e-05
41.2,0.0001725869230560921,0.00493817474564277,0.377177525097516,0.0016656918286596693,0.6159064239578116,0.00013959744731388552
41.233333333333334,4.479411721854689e-06,0.00010816029537304442,0.008417002544540626,3.9384872922911005e-05,0.9914287221326541,2.2507427876162523e-06
41.266666666666666,3.6076310816224243e-06,7.115620960203117e-05,0.004520961940500293,0.0001002901879662623,0.9953018157333487,2.168297501160668e-06
41.3,2.515838742594139e-06,6.081298864629185e-05,0.004249340153764754,7.74659652570432e-05,0.9956069207650984,2.944288491005042e-06
41.333333333333336,2.5126892738916932e-06,6.512058366187142e-05,0.002304333956152387,6.395163612495679e-05,0.9975605385303294,3.54260445731263e-06
41.36666666666667,3.6030376302684357e-06,8.562664089604456e-05,0.0007105545457024523,6.947617154757757e-05,0.9991291281820037,1.6114222200607433e-06
41.4,7.710939339578742e-06,0.00018384473108547784,0.0019555839639627693,0.00033809355238271756,0.9975095950617002,5.171751529165803e-06
41.43333333333333,6.525064363784143e-06,0.0002100906373182516,0.0010468741200636434,0.0003317741750153897,0.9983964807938307,8.255209408194732e-06
41.46666666666667,8.946512108765942e-06,0.00037677507445470497,0.0008570278023568653,0.0005198913527634423,0.9981847020624288,5.2657195887524484e-05
41.5,1.7292125405017787e-05,0.0008568292400244084,0.0012522862001162556,0.0008250370565822842,0.9968479660085274,0.0002005893693446028
41.53333333333333,3.609823801436203e-05,0.0016002098707129148,0.005393672315327946,0.0010026456460860615,0.9913335109039031,0.00063386302595557
41.56666666666666,9.256956045575952e-05,0.003489580025567266,0.010576076015159393,0.0024423276470011738,0.9812867095046198,0.0021127372471966524
41.6,0.00011834301499863881,0.006806834420675208,0.0020012788148926204,0.00594630215631721,0.9823275798294321,0.0027996617636841387
41.63333333333333,0.00021360957800397616,0.007096348210008666,0.0025556086642308223,0.013117965364255971,0.9706652547893238,0.006351213394176818
41.666666666666664,5.201515766291544e-05,0.00173270617333424,0.0005038096247541997,0.0038629579052403755,0.9915592079535389,0.002289303185469363
41.7,9.439349435033008e-05,0.002604736456405847,0.001948658589511502,0.013778273200951993,0.9776823552750197,0.003891582983760511
41.733333333333334,0.0002330091677885703,0.007228852718644863,0.004055130534033871,0.034011496175807746,0.9460941577596577,0.008377353644067255
41.766666666666666,0.00013711587869721662,0.002926864382784885,0.0026601421427986213,0.02041506613954756,0.9690942808247857,0.004766530631385896
41.8,0.00021343987228465065,0.00461692653070026,0.00238674919105699,0.032743200783465355,0.9545996340406372,0.005440049581855559
41.833333333333336,0.0002095370325833325,0.0049139255146734475,0.0015412727172304606,0.02719305700598928,0.9613654892174506,0.004776718512072958
41.86666666666667,8.110312757608354e-05,0.002459428498553146,0.0005148641873082999,0.01034459322804175,0.9847557848778953,0.0018442260806254811
41.9,6.138655427949417e-05,0.001661839385011791,0.0002838782055267594,0.0058779416740727146,0.9906652464993894,0.0014497076817197017
41.93333333333333,5.1163612374691894e-05,0.0012231898075894762,0.00023485150748864717,0.004703771722517217,0.9924503503536058,0.0013366729964242755
41.96666666666667,6.685000006757007e-05,0.0016032374242146432,0.00022698104928913423,0.004955851683431262,0.991620217702161,0.0015268621408363499
42.0,7.579071487663146e-05,0.0014442150448613752,0.00025636788002688293,0.00543560266237652,0.9906431243697796,0.002144899328079086
42.03333333333333,6.218302604726673e-05,0.0012434348610746045,0.0002424565651786024,0.005344270743549746,0.9876091564361927,0.0054984983679571536
42.06666666666666,6.173680847158179e-05,0.0010708760954723517,0.0001772092179469658,0.0032264475810562234,0.9862658970557776,0.009197833241275356
42.1,6.603907801171189e-05,0.0008413110938638312,0.0001690255707601838,0.0027916689144986736,0.9407906724297529,0.055341282913112654
42.13333333333333,0.00010283568932969611,0.0011050258512359807,0.00026511359112688885,0.00427833301094177,0.8240746967651263,0.17017399509223916
42.166666666666664,0.00017166003173648507,0.0007475162150118537,0.0002007883303743865,0.002854103427173346,0.08176312819167562,0.9142628038040284
42.2,0.00020536279122931582,0.0008566081616840129,0.00025100760838717455,0.0026543677887284414,0.02977564119429743,0.9662570124556736
42.233333333333334,4.6088289554718164e-05,0.00028775214500036524,9.167603935425608e-05,0.00011477157825608663,0.01822369691542773,0.9812360150324069
42.266666666666666,2.825971586726019e-05,0.00017645947572779235,2.4098737609185518e-05,3.910702081599923e-05,0.013578031770444764,0.986154043279535
42.3,8.380717872915232e-06,6.314551554609741e-05,1.2834190149100902e-05,1.7050425805008577e-05,0.002892761465698136,0.9970058276849287
42.333333333333336,1.6621390506230755e-05,0.00012408603897703187,3.0316375138175937e-05,2.399118236523235e-05,0.004785862277286595,0.9950191227357267
42.36666666666667,1.1469697512972868e-05,8.144451592863619e-05,2.1466255338770622e-05,1.655526982562814e-05,0.001348428601673699,0.9985206356597203
42.4,5.231077626504276e-06,3.48596692794543e-05,9.916069426237523e-06,6.715046775351912e-06,0.0003473486765917196,0.9995959294603008
42.43333333333333,3.913462785570005e-06,2.851467496519667e-05,7.418388991608541e-06,5.023646662315507e-06,2.2126697943069717e-05,0.9999330031286522
42.46666666666667,3.91343880386807e-06,2.933182475902695e-05,9.501232635269876e-06,5.023615877406211e-06,2.5354349222603114e-05,0.9999268755387017
42.5,3.803044145890141e-06,2.3642079710226553e-05,7.263962925742374e-06,4.049142117237222e-06,2.4583729619668893e-05,0.9999366580414811
42.53333333333333,3.9864716021753705e-06,2.3209872414518845e-05,7.768420793610059e-06,3.1451757476858203e-06,2.4812427086728588e-05,0.9999370776323554
42.56666666666666,4.9270203119426825e-06,2.528557688289845e-05,8.037663903292013e-06,3.888562097701371e-06,2.3076024286785355e-05,0.9999347851525173
42.6,4.761871922619625e-06,1.920899444863372e-05,1.3985943201115458e-05,2.0276508557321516e-05,2.280022106929195e-05,0.9999189664608011
42.63333333333333,0.00010610620404031408,0.00012498179944053737,0.00011121912216641634,0.00020074303985051134,0.00015247144656086795,0.9993044783879415
42.666666666666664,0.00021491026192909274,0.00017969329325190047,0.0002198050074861703,0.0005220051516684319,0.000222669135336322,0.998640917150328
42.7,0.00021507899425346426,0.00010001278103281572,0.00011803391769444176,0.000433338509020498,4.6468684206251405e-05,0.9990870671137926
42.733333333333334,0.00027524143553292295,0.0003239990943780819,0.00027492011077847586,0.00029344065100314745,5.447301885605779e-05,0.9987779256894513
42.766666666666666,0.674679016689242,0.00012350862054180784,0.0002106661391571273,0.00015216626496776387,4.8495825607705413e-05,0.32478614646048354
42.8,0.8519611151364912,3.8287751527661975e-05,6.62308556178079e-05,5.1687678311938155e-05,1.318694274382056e-05,0.1478694916353074
42.833333333333336,0.9122236692392521,3.713118535626481e-05,7.151350932957024e-05,7.854880440922802e-05,1.3914057963089817e-05,0.08757522320368952
42.86666666666667,0.9562386574643686,7.921947034151526e-05,8.459146089443494e-05,0.00010433376831774476,2.198762935898457e-05,0.04347121020671859
42.9,0.9519286153314928,0.00010423606783037139,0.00010994003537881868,5.036751993841133e-05,1.9058216921666386e-05,0.04778778282843799
42.93333333333333,0.9600729641806073,0.00014889556507350623,0.00013184919460637975,7.369719434705377e-05,2.643777799582335e-05,0.03954615608736994
42.96666666666667,0.9359232715549012,0.0002643547574926109,0.0001868055415730696,8.141245588805845e-05,3.0279571577077e-05,0.06351387611856814
43.0,0.9349754155404114,0.00020022648987628718,0.00013527989642396222,0.00010203426111442299,2.1930856571832058e-05,0.06456511295560217
