take,t_s,speed,aperture,aperture_slope,progress,progress_rate,offaxis,offaxis_rate,height,vertical_velocity,missing,interpolated,predicted_label,ground_truth_label
vid1,0.0,2.2414912002011262,0.8470962610393119,1.6336485307757376,-0.0148582081340774,0.3034203551526838,-0.0643368701564117,1.9740962134438385,0.0293233724107523,-1.1689138565532071,False,False,REST,REST
vid1,0.0333333333333333,1.345731013503724,0.8936386297498211,1.1588935918548111,-0.0062467945646718,0.2132644590116484,-0.0127707172998827,1.119872957947912,-0.0,-0.5904884880919454,False,False,REST,REST
vid1,0.0666666666666666,0.5060985937156299,0.9243558338296324,0.6841386529339016,-0.0006405775333008,0.1231085628706133,0.0103213270401148,0.2656497024520372,-0.0100425267953765,-0.0120631196307277,False,False,REST,REST
vid1,0.1,0.1168885132898136,0.9226269556601434,0.2312186161718738,0.0028968694384239,0.0145562694850349,-0.0084929842795348,0.1052074764743642,0.0124466213688134,-0.0651454605411227,False,False,REST,REST
vid1,0.1333333333333333,0.0532108394383604,0.9540912270772146,0.0534636841084033,0.0009693255478374,0.0146282196151821,0.0032897242467587,-0.0145386309990555,-0.0011294340861498,0.0383745291541984,False,False,REST,REST
vid1,0.1666666666666666,0.1998552773557936,0.9339328187963596,-0.3720647968247756,-0.0028657988894916,-0.0571076323550673,-0.0051632321452516,0.0033356405329888,-0.0006005206372921,-0.1036850666468429,False,False,REST,REST
vid1,0.2,0.2234955475130862,0.9095750406350804,-0.3056121850802468,-0.0011742879857003,0.0286323532802909,0.0070329654714992,0.1997811750189248,-0.0081453324722193,-0.1219569563210652,False,False,REST,REST
vid1,0.2333333333333333,0.1762746925141643,0.9019863317879492,-0.3452696055380951,0.0012000277686168,0.0286814959784482,0.0010579707032328,-0.1449156290345725,0.0012047698880921,0.1757530880380359,False,False,REST,REST
vid1,0.2666666666666666,0.0163629997974463,0.9076942631563314,-0.2886891559251787,-0.0005259684519236,-0.0037161162505319,0.0086111943171673,-0.0099330025258865,-0.0083636332080577,0.0020169074032207,False,False,REST,REST
vid1,0.3,0.1205152476322317,0.8806856390510015,-0.168538537981591,0.0015663665213782,-0.0136417047577671,-0.005301956692633,-0.1106588063720577,0.0073428060171495,0.0714666964680187,False,False,REST,REST
vid1,0.3333333333333333,0.0801757354464217,0.8748609191013973,-0.2100128527569351,-0.0009718567817012,-0.0165232211105002,-0.0088429533681827,0.0555458466739591,0.0059198186260483,-0.0771266050986407,False,False,REST,REST
vid1,0.3666666666666666,0.077376474085765,0.8780940786106634,0.2170346199132434,-0.0014904985746842,0.0170010965233658,0.006210463056288,-0.0494788595417147,-0.0079933220526527,0.0727316894910855,False,False,REST,REST
vid1,0.4,0.228679698554241,0.8848502462065132,0.9823864532615167,0.0005811489912784,-0.0469858456418757,0.0006133842462237,-0.1589458495565873,0.0004962121459073,0.0543011818733389,False,False,REST,REST
vid1,0.4333333333333333,0.3999063975797437,0.9335939107088852,0.4346903214439521,-0.0011036648608994,-0.0115080205808469,-0.0240472006856388,0.3978738537777102,0.0188150342119489,-0.3638518957505031,False,False,REST,REST
vid1,0.4666666666666667,0.0999538588663265,0.9643272480231702,0.1786320387056887,-0.0043099247272106,-0.0076320242201928,0.0111576032841121,0.0963202480891902,-0.0172416364773381,-0.0966381346805152,False,False,REST,REST
vid1,0.5,0.02404106658759,0.942051418459132,-0.3684243501712417,-0.0032558406736839,-0.0059231655193434,0.0304494564513295,-0.0121822455667976,-0.0320382558084161,6.315474462987696e-05,False,False,REST,REST
vid1,0.5333333333333333,0.1808297713041716,0.8919156575544761,-0.4956659144545572,-3.2934926902720126e-06,0.050250091318616,0.0048694418991229,0.0422199860751839,-0.004210260353006,0.0522459832172068,False,False,REST,REST
vid1,0.5666666666666667,0.2171297104431577,0.915147756190022,0.0350726739815216,-0.0020048560479052,0.0607669742471098,-0.0190285525771191,-0.0439653611207664,0.0128909975403727,0.1452255694424397,False,False,REST,REST
vid1,0.6,0.4175644609348573,0.9157456005026248,0.0215312471498829,0.0013778300494318,0.0698304803361821,0.0298927308841259,0.3386072969143523,-0.0233783203124839,-0.1691023957541761,False,False,REST,REST
vid1,0.6333333333333333,0.2322633141647262,0.9153715366035912,-0.2958254397829386,0.0070480633953981,0.0609790307288033,0.0376249951815599,-0.0917484944176196,-0.0200456748176082,0.1868575178400933,False,False,REST,REST
vid1,0.6666666666666666,0.3946232075692381,0.8914305356787917,-0.3992085314122116,0.0083189031522873,-0.0669659618406456,0.0001315421690594,-0.3175219161636965,0.014570740702988,0.1559529152492813,False,False,REST,REST
vid1,0.7,0.2576829357944369,0.8767562453660215,0.3163070567132919,-0.0001949769433594,-0.0733901553865597,-0.0100463546014835,0.0212864958227561,0.0083302061889471,-0.1479259646429642,False,False,REST,REST
vid1,0.7333333333333333,0.1070206412022276,0.9031721810104224,0.0298881003380427,-0.0019895054655526,-0.0097288648254408,0.0177111479486301,0.1014618983362058,-0.0188042508018353,-0.1047789060193187,False,False,REST,REST
vid1,0.7666666666666666,0.1594240912454356,0.91476714540661,0.2423001673764593,0.0004433325681578,0.0394895749475591,0.0183868759251497,0.0795140451000639,-0.0150933134456313,0.0010507927336291,False,False,REST,REST
vid1,0.8,0.1648736608665267,0.9144637198999336,-0.1397010672138201,0.0055735110493126,0.0460700203789255,0.0049186484470712,-0.034585670799818,0.0055912882422758,0.1111841224642453,False,False,REST,REST
vid1,0.8333333333333334,0.0900930170615087,0.8858113091351759,-0.4115829673902584,0.002697311417655,-0.0246367276546383,0.0066780602625031,-0.0261735547016555,-0.0010048448910081,-0.0208889683668636,False,False,REST,REST
vid1,0.8666666666666667,0.0555671970037759,0.8965241965641928,-0.0198455005353734,0.0016071118165596,-0.0004487666692277,0.0231578357820052,-0.0555450047521119,-0.0171584534741643,0.0471673517685602,False,False,REST,REST
vid1,0.9,0.1744524228975295,0.8795088940624612,-0.1168290094100999,0.0017918267037178,0.0478167001720951,0.001567691893722,-0.0493822318068819,0.0018092873619482,0.1270431869971229,False,False,REST,REST
vid1,0.9333333333333332,0.2877916297996317,0.8870278279308473,0.0546922890262479,0.0065504633148533,0.0074121649652253,0.0032485189535455,-0.2866205447090918,0.0087578281607649,0.2605619889311462,False,False,REST,REST
vid1,0.9666666666666668,0.2634942209785391,0.8814938418117111,0.5235346828393954,0.0059208638565348,-0.0752143513480365,-0.0067255113696513,0.0127548131978076,0.0162584022906308,-0.1437794357876447,False,False,REST,REST
vid1,1.0,0.1804349500854503,0.9180303236883962,0.3816890954832339,-0.0011265511352248,-0.0202994636219493,0.0004328168862355,0.1658656805526197,-0.0023622690234337,-0.1790463437089411,False,False,REST,REST
vid1,1.0333333333333332,0.0997172107536542,0.932917575314646,0.0053560443707086,-0.0015650548006914,-0.02190334137648,-0.0030980546440999,0.0637918799716314,-8.762647360490106e-05,-0.0937433723023326,False,False,REST,REST
vid1,1.0666666666666669,0.313118695118767,0.926511724302716,-0.339927924414455,0.0019218942843162,0.0750937554195091,0.0208979717356568,0.1702901603759432,-0.0146515615674471,-0.0144808812516828,False,False,REST,REST
vid1,1.1,0.3133861412954679,0.8825062696391411,-0.6938580498849832,0.0059850280804735,0.0590854987119008,0.010597170331518,-0.2355122684561766,0.0014146529935687,0.3076457827336178,False,False,REST,REST
vid1,1.1333333333333333,0.1962545190893915,0.8729374429695869,-0.1410580069296715,0.0041194750463279,-0.0369153598752855,-0.0069222382519646,0.1477513264999794,0.0132484969086775,-0.1927357382574254,False,False,REST,REST
vid1,1.1666666666666667,0.1491180256243196,0.8749937646600758,0.0686045400505841,0.0042459957063073,0.0257458874271551,0.0073117048570807,0.1188287307642163,0.0011817427565285,-0.0571548963504107,False,False,REST,REST
vid1,1.2,0.1697035029970608,0.8833957242007561,0.3206428605464682,0.0029265759843033,0.0455831639401486,0.0245732883767884,0.0579523324152026,-0.0160515198467713,0.0304241811751413,False,False,REST,REST
vid1,1.2333333333333334,0.1316842483749676,0.9036112933096904,-0.042434975390622,0.0079464114467098,0.0259337111690819,0.0209510490819994,-0.0954252327595638,-0.0040630640869877,0.1281710250315188,False,False,REST,REST
vid1,1.2666666666666666,0.1611933539370357,0.8914213927157033,-0.2327775096319001,0.0092936716287573,0.0102300382369225,-0.0075786579911806,-0.1571684502558622,0.0229486345114772,0.1537625536349738,False,False,REST,REST
vid1,1.3,0.1804705574989403,0.8763807790814522,-0.3355974044587507,0.0067003627368367,-0.0501894217870245,0.0088894673392413,-0.0415614386369942,0.0041518343572328,-0.0527075038182835,False,False,REST,REST
vid1,1.3333333333333333,0.2362670338635065,0.8548805267965585,-0.2027131182426398,0.0028968137702184,-0.0389407299045227,0.0119826061514197,-0.193017119345954,-0.005232819144452,0.0979205462328354,False,False,REST,REST
vid1,1.3666666666666667,0.1433473610907006,0.8625420029078764,0.5525344739231648,0.005507337689945,-0.0305580132768963,-0.0094775624830206,-0.0954733000305561,0.017904673655766,0.0284947554344354,False,False,REST,REST
vid1,1.4,0.2819567084880232,0.8918317917149549,0.4074473535753922,0.0026096428078169,-0.0442460205112041,-0.016239247236413,-0.2356468897629458,0.0186280110058465,0.1253638180947813,False,False,REST,REST
vid1,1.4333333333333331,0.3919063746156517,0.907701882817364,0.7997914976965935,0.0018060697701073,-0.1030681637565223,-0.0108207522647298,0.153370276213412,0.0125310456462096,-0.3143586035646886,False,False,REST,REST
vid1,1.4666666666666666,0.2997000872336026,0.943385634211495,0.1449320257711996,-0.0054056095866492,-0.0355774156175894,-0.0042507782459483,0.2726211989293153,-0.0058715753331568,-0.2981910560060334,False,False,REST,REST
vid1,1.5,0.2576480275059908,0.9298875539718232,-0.3294381981113721,-0.003930023866485,0.0683604835645181,0.0017882105900806,-0.0957317612116066,-0.0084811830650312,0.2033263650418209,False,False,REST,REST
vid1,1.5333333333333332,0.4678315775534953,0.912790466034758,0.0516416313432506,-0.0004311685244059,0.1174300151131825,0.0029904544132935,0.223661594971514,-0.003343150972496,0.0141672538238763,False,False,REST,REST
vid1,1.5666666666666669,0.5418600167480686,0.8979894809997013,-0.129614311781145,0.0089853615704607,0.1411987720679074,0.0071554065623833,-0.2224933417808815,0.0096825057215129,0.4413490721789365,False,False,REST,REST
vid1,1.6,0.274846132177899,0.9302767843426236,0.3455458904490002,0.0095464611381032,0.0405677494295407,-0.0075451636750156,-0.2353507850568708,0.0233659320354777,0.2748192865578172,False,False,REST,REST
vid1,1.6333333333333333,0.1602935639665485,0.935191246931133,0.2004275372601678,0.0099364992673099,0.0438832921043666,-0.0095986690129665,-0.0459923972509877,0.0258274860051851,0.1171731319716036,False,False,REST,REST
vid1,1.6666666666666667,0.3409873891461824,0.9263267614826696,-0.0598978391701532,0.0105137071156384,0.0533510408171379,-0.0221455590889732,-0.285345409458954,0.0376797833345058,0.3405511418541498,False,False,REST,REST
vid1,1.7,0.2142511896236834,0.9316427722052912,0.1904829770778396,0.0145291863328426,0.0612270349297529,-0.0158718461953527,0.0020065118250621,0.0393508628093125,0.1063439310296466,False,False,REST,REST
vid1,1.7333333333333334,0.179166906911328,0.941493960604424,0.2176693553505209,0.0167448826361694,0.0175625711791094,-0.0242550338097706,-0.1682979660981642,0.0505002921874523,0.1763153705049289,False,False,REST,REST
vid1,1.7666666666666666,0.2308424568089354,0.9477804511775524,0.097965797724881,0.0148866733766184,0.0221210229457175,-0.030540112120753,-0.2174782385294746,0.0526469847372475,0.2268258055354948,False,False,REST,REST
vid1,1.8,0.090624047569341,0.9498279024707232,0.2372539855076821,0.0155613619275764,0.0137145439985547,-0.0355736398742469,-0.0768750095570833,0.0581840522537068,0.0905851454461372,False,False,REST,REST
vid1,1.8333333333333333,0.3596071401489445,0.9504018264545042,0.5795281440305136,0.0163627922400503,0.102304700436181,-0.0423448937588163,0.0341894422524201,0.0654452547750758,0.1510653242203307,False,False,REST,REACH
vid1,1.8666666666666667,0.5826736402846564,0.9886067290282752,0.4471037385182753,0.021720181487952,0.157920991828722,-0.035285436428906,0.1848132675045648,0.0688066008397929,0.1191839157255412,False,False,REST,REACH
vid1,1.9,0.7208776668384252,1.0110243479124008,0.1391262135980464,0.0270141788275864,0.1796636899874989,-0.0236812270419204,0.3527623669776313,0.068131950925236,0.012550442727756,False,False,REST,REACH
vid1,1.9333333333333331,0.80542728679844,0.9946031516405452,-0.0851043963039053,0.035901061285401,0.2124671524474308,-0.0111607504826711,0.309826836501207,0.0730082343625068,0.1075263319195774,False,False,REST,REACH
vid1,1.9666666666666663,0.8353494234464302,0.9750543289839488,-0.2786988666080998,0.0404476897189822,0.2150685034949705,-0.0032533990689812,0.3625890835702975,0.0742063443468094,0.0665613985013153,False,False,REST,REACH
vid1,2.0,0.970661870125014,0.978931982210664,0.4485303434479027,0.048818638482621,0.2579234418109144,0.0127146646637719,0.3572968859867042,0.0751951470205027,0.1467773276638443,False,False,REACH,REACH
vid1,2.033333333333333,1.0609347689589352,1.009633252747207,0.3811515891413711,0.058235954130609,0.2829807337364352,0.0213735164655928,0.3809324208873248,0.0843419999253328,0.1706000807436562,False,False,REACH,REACH
vid1,2.0666666666666664,1.062652857305226,1.0169771494544848,0.2601450539518568,0.0693649332614057,0.276235674012766,0.0372032148351246,0.4415219192978426,0.0903186780069629,0.1063787747954106,False,False,REACH,REACH
vid1,2.1,1.051599451525724,1.033493941630952,-0.1490942774824777,0.0768338503536944,0.2589738892855534,0.0481843234107381,0.5335633596847048,0.0940211488662568,-0.0035630986707519,False,False,REACH,REACH
vid1,2.1333333333333333,1.1821060711715032,0.9968885994200416,-0.1382331066727423,0.0851180778185072,0.2833434150293329,0.073008045824644,0.6437288546477784,0.0872105872719056,-0.0556673727285738,False,False,REACH,REACH
vid1,2.1666666666666665,1.1530256951020408,1.010463440663816,-0.0933852753828136,0.0954649201864555,0.2654666449756031,0.0934784051948186,0.683085084095862,0.0877997478738099,-0.1212045456100582,False,False,REACH,REACH
vid1,2.2,1.302804259932334,1.0026712215131652,-0.2059017134831783,0.1046158615626494,0.3074867229643686,0.1193884018717498,0.7346127438216212,0.081581160636417,-0.0915225467064808,False,False,REACH,REACH
vid1,2.2333333333333334,1.1920342681228282,1.0016130530129037,0.2726421996934829,0.1145501921533906,0.2860912938606135,0.1421865961393218,0.6471469580862623,0.0794322315956243,-0.0537681963398632,False,False,REACH,REACH
vid1,2.2666666666666666,1.1998183971859584,1.0013357720251173,-0.3130540870627107,0.1235920670686455,0.3041493374278594,0.16702547026654,0.5539984684125946,0.0739459677237101,0.0585350783692545,False,False,REACH,REACH
vid1,2.3,1.273892992111334,1.0068110905990535,-0.1350602252560523,0.1354288561285784,0.3406188864782961,0.1795000195100487,0.4497154647790824,0.0840690074284737,0.2129518094537696,False,False,REACH,REACH
vid1,2.3333333333333335,1.3012951046616943,0.984599346976478,0.0653563532636483,0.1449914547989159,0.3658221448122374,0.1944180476447475,0.2341165798921605,0.0880679181046344,0.4435955996632217,False,False,REACH,REACH
vid1,2.3666666666666667,1.445874133262733,0.9750832550715618,0.4140863212555153,0.1597943446745131,0.4078990781054074,0.1973854006234825,0.2310443467520439,0.1116354908321458,0.5205214188192071,False,False,REACH,REACH
vid1,2.4,1.5490911680116752,1.0331930395258926,0.6799766579624332,0.1732790460937239,0.4320340439797684,0.2031914827700679,0.3380921828833678,0.1304251721841874,0.4706950014525811,False,False,REACH,REACH
vid1,2.433333333333333,1.6683064486673842,1.0485348572068345,0.8414385221673857,0.1883851187568026,0.4652298986597185,0.2148766732172419,0.3649348956945617,0.1470006292043061,0.5061145512259152,False,False,REACH,REACH
vid1,2.466666666666667,1.7745134174728587,1.0641890977072408,0.6678554563270408,0.2033645828973954,0.4880906183598877,0.2368724640582585,0.481652403172347,0.154450066375048,0.4456897334608888,False,False,REACH,REACH
vid1,2.5,2.1247857817332285,1.0924198272134265,0.4469716752397474,0.2205602898372585,0.6022923808042453,0.249765608009032,0.2704495443312111,0.1736711039336619,0.8296357639955033,False,False,REACH,REACH
vid1,2.533333333333333,2.1205874543925693,1.1180536002501802,0.7819651832550386,0.2428771283215271,0.6059051674865805,0.2555971138002747,0.0433023053689304,0.2080291000482316,1.0321398497011287,False,False,REACH,REACH
vid1,2.5666666666666664,2.340052069004716,1.1394892714168,-0.7613830545143954,0.263723912749182,0.6670887333056942,0.2545475981856988,-0.1648961324154566,0.2457335086740243,1.3199053692885514,False,False,REACH,REACH
vid1,2.6,2.4879431613250023,1.0757576223621694,0.0484077920564125,0.2863117888170086,0.7058652375468947,0.2414082147098764,-0.298931226882286,0.2969500640599633,1.504083277458528,False,False,REACH,REACH
vid1,2.6333333333333333,2.5744501810779097,1.1039190333970643,-0.7645689563498925,0.3087359314821117,0.732450695580314,0.2285134459389113,-0.2431138343334879,0.3476663924498828,1.502816567399074,False,False,REACH,REACH
vid1,2.6666666666666665,2.8080996374527434,1.048104231879094,-0.4700482883924949,0.3374043935603529,0.7998263384528026,0.2237607310822183,-0.2295436724631306,0.4023749019214481,1.61002940603437,False,False,REACH,REACH
vid1,2.7,2.7004627131692516,1.0736440105291123,0.3193005788996975,0.3629637251813021,0.7712034760493776,0.2173007467041761,-0.1017069955149869,0.4530693687587827,1.4491263821929388,False,False,REACH,REACH
vid1,2.7333333333333334,2.598164176616453,1.0341126036077666,-0.5183111562282291,0.389190735313898,0.7416016659504616,0.2148399286968564,-0.1288750756758644,0.5014893845520589,1.4203318831796383,False,False,REACH,REACH
vid1,2.7666666666666666,2.5209927332603375,1.0804216802778992,0.7550228328032141,0.4126012818621397,0.720317865003139,0.2084508810586219,-0.0502931743664658,0.5483296207033063,1.3149118854061066,False,False,REACH,REACH
vid1,2.8,2.318422067709655,1.0722997830095349,-0.1006616370943092,0.436959287569272,0.6625114016895172,0.2119072515529835,0.0307397620812682,0.5883414089534708,1.1429066920800477,False,False,REACH,REACH
vid1,2.8333333333333335,2.0799252606069305,1.0701754868500974,0.3895163454974322,0.4581201706876025,0.5941995151491591,0.2113333053914824,-0.0554643216829339,0.6261896333660146,1.096755892924958,False,False,REACH,REACH
vid1,2.8666666666666667,2.0209169607596955,1.0945635862279255,0.6530999124582337,0.4763341583494007,0.5774984095229008,0.2113096077410018,0.0262746918648082,0.6583609681180186,0.9966991924531392,False,False,REACH,REACH
vid1,2.9,2.0415100823248955,1.1159582204095857,0.3951986379427822,0.493248670670171,0.583414271825034,0.2084662361352667,-0.016104154665293,0.6906731069442873,1.0437331050071046,False,False,REACH,REACH
vid1,2.933333333333333,2.2769808790589776,1.1419832106579364,0.4601854648148517,0.5146875328124239,0.6499600670931226,0.2093608491184486,0.1104718474777587,0.7277440075209818,1.051907915250866,False,False,REACH,REACH
vid1,2.966666666666667,2.4432030979932784,1.134705592368337,0.1262898706100954,0.5379426367753969,0.6917078659719876,0.2148509567227656,0.3331645612157927,0.7640529814406964,0.9333193886000536,False,False,REACH,REACH
vid1,3.0,2.4465264584882034,1.137690723239777,0.36551414631808,0.5613975221800653,0.6873729066967309,0.2284066977188109,0.4477125510350875,0.7937504540487976,0.8267626792017299,False,False,REACH,REACH
vid1,3.033333333333333,2.3835696998545397,1.162064572997653,0.5460347851835623,0.584469863839422,0.6652623807939053,0.2507202047051634,0.5123917613670721,0.815210908018712,0.7318874378538149,False,False,REACH,REACH
vid1,3.0666666666666664,2.238856869559809,1.184590441439312,0.3602895107730997,0.606353488615418,0.6279642044680662,0.2682776013738067,0.4291948947932305,0.8386796611180899,0.7378847240131433,False,False,REACH,REACH
vid1,3.1,2.023319839496251,1.1937332857499778,0.097693200096111,0.626440968426098,0.5711186957328634,0.277223864829136,0.3164333411397875,0.8664130584083596,0.7349047369362688,False,False,REACH,REACH
vid1,3.1333333333333333,1.8625332218629904,1.1830438030655157,-0.0320821782849918,0.6446422309978348,0.5204969469518061,0.2852964070557265,0.3897845048972119,0.8915713539464935,0.582214532890208,False,False,REACH,REACH
vid1,3.1666666666666665,1.7854737010275452,1.1836448367533732,-0.1360967745041361,0.6607616361268484,0.4843914572006598,0.2992872561840176,0.5612963014662269,0.9079447334778952,0.3703927345949893,False,False,REACH,REACH
vid1,3.2,1.7107738794570029,1.1801904099259224,-0.0346048978684736,0.6762955934360634,0.4463883996880985,0.3228553390786588,0.697842199954221,0.915015376004816,0.1854121789853119,False,False,REACH,REACH
vid1,3.2333333333333334,1.6802606437515184,1.179540183223076,-0.0422706234645986,0.6909731238440322,0.4161890503703665,0.3495390340090875,0.8381280565083535,0.9178841466807952,0.0109773221591147,False,False,REACH,REACH
vid1,3.2666666666666666,1.580471118358737,1.1771178600860064,-0.3190029527186915,0.7044377103103713,0.3682737262524799,0.3779892854897649,0.9150383458145558,0.9170865523616456,-0.1400086427856787,False,False,REACH,REACH
vid1,3.3,1.4543947419413847,1.168970756176087,-0.383143276003588,0.7156004239479065,0.3089724272521391,0.4098171923092594,0.9728345486668776,0.9093093639890456,-0.2945890724975643,False,False,REACH,REACH
vid1,3.3333333333333335,1.4742767018029936,1.144234938878763,-0.5879211787978429,0.7249197064111212,0.2754985476762486,0.4443704955707949,1.1154290187399796,0.8959249944393706,-0.476797385665397,False,False,REACH,REACH
vid1,3.3666666666666667,1.400200508811167,1.1189417592111122,-0.3637792101976447,0.7331961957233047,0.2372589046979353,0.4830475594040824,1.1275313803360478,0.87713931324554,-0.5547466457019445,False,False,REACH,REACH
vid1,3.4,1.3768507146225268,1.116169224664838,0.0171790346484641,0.7409025050928666,0.2094223914662031,0.5219676164237365,1.1656437960265107,0.8571373559118493,-0.6367905546076388,False,False,REACH,REACH
vid1,3.433333333333333,1.3411376015245111,1.1182868945956206,0.5689294830726552,0.747693508244243,0.1692646013345951,0.561554817356804,1.203268215788585,0.8349436876083187,-0.740162319124603,False,False,REACH,REACH
vid1,3.466666666666667,1.2339231067227414,1.1536608706053888,0.8689751739841223,0.7523794156074259,0.1077367794547943,0.5999477172695871,1.1749246626477343,0.8100653584623632,-0.8242968673906296,False,False,REACH,REACH
vid1,3.5,1.1859088821896713,1.189983243772476,0.8472182549248347,0.755167998486386,0.0508257917900833,0.6423541487468961,1.1724975602275547,0.778372496021424,-0.9226590675769396,False,False,REACH,REACH
vid1,3.533333333333333,1.1227062069312943,1.2228500743754684,0.5945728689840023,0.7555691791110998,-0.0068267418083903,0.6797518604385882,1.1224520500153887,0.7467901552779131,-0.9812148241617794,False,False,REACH,REACH
vid1,3.5666666666666664,1.0744094786217833,1.2220071624459743,0.404125251896236,0.7538065769116097,-0.0171681599495012,0.7153336425151153,1.0727287041561997,0.71295629672148,-0.9565363564863943,False,False,REACH,REACH
vid1,3.6,1.0412065900355147,1.237877416624105,0.4896497359934709,0.753396989622903,-0.0353715483062991,0.7510682269197306,1.033824054243049,0.6813788112049698,-0.9550768822636796,False,False,REACH,REACH
vid1,3.6333333333333337,0.8956943882205718,1.261386652870269,0.2555196435158193,0.7527503552895366,-0.0716435360963992,0.7877174790224836,0.8598969008931615,0.6485931400605323,-0.8689284850654755,False,False,REACH,REACH
vid1,3.6666666666666665,0.766212174458738,1.27220879656589,-0.0147041682193863,0.74944189003969,-0.0829808243397424,0.8115216981130153,0.709063762591193,0.6221997234610336,-0.758706164558312,False,False,REACH,REACH
vid1,3.7,0.6904103057994531,1.254551955134665,-0.5361321203812127,0.7447418269920273,-0.0892603887311096,0.8301904728344375,0.6157220541241551,0.5977840160104136,-0.6891961920266801,False,False,REACH,REACH
vid1,3.7333333333333334,0.6225146155209695,1.223553864888285,-0.4535602211114815,0.7423739703354385,-0.0265589817269992,0.8479908888985338,0.6155386319080179,0.5782348319738566,-0.5783588706697735,False,False,REACH,REACH
vid1,3.7666666666666666,0.7132854651293848,1.2181340680904589,-0.4360556730300453,0.7436144691991934,0.0145646583259134,0.8725706242426567,0.711462474234917,0.5592015246212985,-0.5885924612002615,False,False,REACH,REACH
vid1,3.8,0.7070724400684884,1.2048030249639623,-0.4511915330419602,0.7440870939745465,0.0479902535751227,0.8960585361784751,0.6868426344536265,0.5397555038103025,-0.5083328079743937,False,False,REACH,GRASP
vid1,3.8333333333333335,0.8208764667356702,1.1966801937128104,-0.8465543465217653,0.7464098948063048,0.0807944656021775,0.9183675974071748,0.7706573237636989,0.5245932282937867,-0.5227961767963341,False,False,REACH,GRASP
vid1,3.8666666666666663,0.9157472068106074,1.1457748354711998,-1.0382142152533056,0.7491868837066924,0.1051964154616542,0.9446143960898304,0.8385092578410932,0.5068326936466521,-0.5383082054707872,False,False,REACH,GRASP
vid1,3.9,0.9985945868037024,1.113600191342858,-0.935350612529058,0.7546328793172703,0.1062359740096286,0.974438096355619,0.9268251181331107,0.4906950004194189,-0.6127282112335394,False,False,REACH,GRASP
vid1,3.933333333333333,1.1171877441684146,1.0794512765901918,-0.8772197204845534,0.7571902652385268,0.0912180794589744,1.0077949786468798,1.070621158248891,0.4664077327841233,-0.7633959610439638,False,False,REACH,GRASP
vid1,3.966666666666667,1.089375149202539,1.0669158773370182,-0.7106748269536798,0.7599628877364657,0.0780395080760133,1.0448241405428065,1.054594934359207,0.439329620457396,-0.7728208408499985,False,False,REACH,GRASP
vid1,4.0,1.114048490481073,1.0275432498012715,-0.6066373049908443,0.7619166987379015,0.0711706162918812,1.0818237635600214,1.085856912739892,0.4108316675536891,-0.8119383236007424,False,False,REACH,GRASP
vid1,4.033333333333333,1.105214189353528,1.0205272319059604,-0.695346743915106,0.7649768765319617,0.0960377105846311,1.1177414025788432,1.0528862196048017,0.38522086841067,-0.73957550181745,False,False,REACH,GRASP
vid1,4.066666666666666,1.172368782606675,0.9959803801703964,-0.7179126184660894,0.767887242087169,0.0841129669235561,1.1481602032268976,1.1348227379369458,0.3640935141981867,-0.8313716207121863,False,False,GRASP,GRASP
vid1,4.1,1.2453730439972246,0.9713392995466592,-0.7327621999873107,0.7710342948379548,0.1033410037699893,1.191695335210008,1.191719897730202,0.3320588542012412,-0.846557774660268,False,False,GRASP,GRASP
vid1,4.133333333333333,1.2437823274305493,0.934889463414688,-0.966627295623689,0.7749892113503392,0.0758988634463017,1.2321058320211258,1.215097303874345,0.3041481345133169,-0.9151828228562066,False,False,GRASP,GRASP
vid1,4.166666666666667,0.9420121840817338,0.9148465846135548,-0.6593046487873312,0.7763349565895279,0.085974104017402,1.2787284329066395,0.8926842373673902,0.2662680229209149,-0.6190155222774688,False,False,GRASP,GRASP
vid1,4.2,0.7139092828494777,0.8854854781328272,-0.6160212865449708,0.7794364520217208,0.1092731670312921,1.2972931378749448,0.6028813463288863,0.255713287945994,-0.3276626307588116,False,False,GRASP,GRASP
vid1,4.233333333333333,0.5250943162832477,0.8744788492326511,-0.8245207983032432,0.7838117098994895,0.0744612297664544,1.3117137751813737,0.4558922119515845,0.2509850996637313,-0.2621962185566042,False,False,GRASP,GRASP
vid1,4.266666666666667,0.3244101230546314,0.8454087282639029,-0.782939584273598,0.7872020018072284,0.0684753870354566,1.3209964755630008,0.2187040950512097,0.2489545489755208,-0.067965746465965,False,False,GRASP,GRASP
vid1,4.3,0.3059546076550213,0.8084137518398296,-0.7558388186322795,0.7875086748804923,-0.0069874419341875,1.3336206302643705,0.3049760950883894,0.2385957430554091,-0.2756611038901672,False,False,GRASP,GRASP
vid1,4.333333333333333,0.0624064404275198,0.7761172591666432,-0.1740210890326139,0.7856183009825755,-0.013474024096317,1.3383258373604614,0.0408861952296754,0.2311962618702511,-0.0590865824085468,False,False,GRASP,GRASP
vid1,4.366666666666666,0.113802846956091,0.8070155656203053,-0.1387772625696244,0.7862496838421541,-0.0092799294273558,1.3345004506738638,0.1090718739536537,0.2356137359376029,-0.1105571761387301,False,False,GRASP,GRASP
vid1,4.4,0.0622394712574863,0.7900201649344931,0.1444917056897985,0.7850794368114435,-0.0172534396473966,1.344185779073964,0.0151312606516464,0.2251853933654207,-0.043520198800931,False,False,GRASP,GRASP
vid1,4.433333333333334,0.0227185985908477,0.8001243792141259,-0.0550288207090903,0.7854397638310199,-0.0048246603430653,1.3385816675273108,-0.0152028875378688,0.2306602198458797,0.0046103366024661,False,False,GRASP,GRASP
vid1,4.466666666666667,0.0394400554477574,0.7859606897901538,-0.2302655312695848,0.7840348468583693,-0.0015248372365545,1.3417317444199,0.0390774767610535,0.2254604089374079,-0.0364324670988666,False,False,GRASP,GRASP
vid1,4.5,0.0657503277493827,0.8002314551659097,0.1008213380917963,0.7853060040103905,0.0094453165284895,1.3368482289607644,-0.0568398875419855,0.2319208219699794,0.0657501860011877,False,False,GRASP,GRASP
vid1,4.533333333333333,0.0540060022448476,0.7775558709766743,-0.3974067279518149,0.785353481602161,0.0125937784203682,1.3434370159062448,0.0312204455773655,0.2263156387001626,-0.0047266054532433,False,False,GRASP,GRASP
vid1,4.566666666666666,0.0608867270850109,0.7803153634882126,-0.2035395410373582,0.7860195795841193,0.0158845666566858,1.337716996686611,-0.0248556623531903,0.2324302831468128,0.0495002877676383,False,False,GRASP,GRASP
vid1,4.6,0.0776783596646266,0.7635539886773945,-0.1670464522938147,0.7858823250508099,0.0199104958079288,1.3390889103029144,-0.0343523002861036,0.2310034466047189,0.0648064867050728,False,False,GRASP,GRASP
vid1,4.633333333333333,0.1487687456341501,0.760021660396529,-0.2072732772879734,0.7876760254561717,0.0261733028651244,1.3359683776546685,0.1172370029151214,0.2368640187241123,-0.0550260797591348,False,False,GRASP,GRASP
vid1,4.666666666666667,0.1280802530232596,0.7544900427645981,0.1324464747063984,0.7880148950162432,0.0241892980708217,1.344990114020311,0.0961266798486806,0.229672499454461,-0.0403008025234517,False,False,GRASP,GRASP
vid1,4.7,0.1600485555170488,0.7684517768040504,0.0382802342283395,0.7892015276982309,0.0114536749826492,1.3459284928934172,0.1549493325367969,0.230956884448871,-0.1135709438943883,False,False,GRASP,GRASP
vid1,4.733333333333333,0.0865194511667238,0.762374454586161,0.0291176155145664,0.7887548126150876,0.0132033966795717,1.3568897680986045,0.0731514155147102,0.2207040051097572,-0.0398551913376989,False,False,GRASP,GRASP
vid1,4.766666666666667,0.0883741543573887,0.7739589124618965,-0.1811110928647366,0.789640033728767,0.0249239393301614,1.3507643329860466,-0.0142831696901818,0.2275554904906145,0.0563277006560529,False,False,GRASP,GRASP
vid1,4.8,0.1561647254501159,0.7458909177906512,-0.1295810878511719,0.7899629495887505,0.0444288758869709,1.354947509643519,0.0147905625874575,0.2245135921470976,0.0656540453778016,False,False,GRASP,GRASP
vid1,4.833333333333333,0.2738615906979882,0.7526148677846393,0.2190771027266266,0.7927975026320871,0.0663080320395532,1.3506334455275248,-0.145487020165804,0.2332419880812202,0.2426638632013113,False,False,GRASP,GRASP
vid1,4.866666666666666,0.342035890556203,0.751434008857523,0.9013263574849512,0.7949925015464315,0.0563384820151167,1.3519707997136798,-0.2795101389504955,0.2359618265469523,0.340786120966734,False,False,GRASP,GRASP
vid1,4.9,0.6306156783515265,0.8131372447219067,1.573037641309439,0.7966951794749155,0.0839964864196979,1.3335228605220286,-0.557933663342982,0.2548959479638927,0.630007962405382,False,False,GRASP,GRASP
vid1,4.933333333333334,0.7098939448905361,0.8765745111599563,1.1394213610877,0.7991264226178217,0.0981787945016271,1.3093437694889527,-0.6212317979971519,0.2800645917124014,0.709696043729206,False,False,GRASP,GRASP
vid1,4.966666666666667,0.8555105206235978,0.9161745050048068,1.0287015529871586,0.8029851271237356,0.1699202118249095,1.2861758330169062,-0.6151258862933766,0.3068798881128837,0.831060132872693,False,False,GRASP,GRASP
vid1,5.0,1.0724200202259662,0.9250567582412894,0.2024548990998383,0.8096562691683119,0.2690629118987727,1.269650900247322,-0.5135026562549052,0.3329238264207969,0.91831927822749,False,False,GRASP,GRASP
vid1,5.033333333333333,1.397336708095385,0.9317547019038236,-0.3763244508796519,0.8201291536299141,0.3389287194059252,1.257258390713573,-0.7389541992791372,0.3621104258962482,1.2363074083081549,False,False,GRASP,GRASP
vid1,5.066666666666666,1.7911703121275753,0.9194752646976272,-0.931028163527888,0.8340928547546199,0.4142155872225742,1.2287662026829236,-1.0523967726990109,0.4113599537860181,1.6398391967125605,False,False,GRASP,GRASP
vid1,5.1,2.120265939289234,0.8494769099021946,-1.211315901139774,0.8485842018851939,0.4365741324711193,1.1871103174359234,-1.4703284533483532,0.4729068665841919,2.040162796526242,False,False,GRASP,GRASP
vid1,5.133333333333333,2.4470387546348458,0.8089321558837597,-0.8203976820848937,0.8630553074334052,0.4463107890459366,1.1275348148124091,-1.8839011210548424,0.5498904750016277,2.4144428310785866,False,False,GRASP,GRASP
vid1,5.166666666666667,2.6413240242430276,0.7988105781475352,-0.3184048999380466,0.8786803130814733,0.4648298643044217,1.0613458828015403,-2.081124482067067,0.6346211855517391,2.617421798074646,False,False,GRASP,GRASP
vid1,5.2,2.847661199535432,0.8005494010310823,0.2613568288066891,0.8942176259658109,0.4583969944866799,0.9848497941408816,-2.352950844794168,0.7280966632561148,2.8407710643656183,False,False,GRASP,GRASP
vid1,5.233333333333333,2.9076108953986473,0.8047506857220708,0.5950901674970006,0.9099496093317808,0.430033229489038,0.9044219910537076,-2.487959571502912,0.8253105484076668,2.9072753244568235,False,False,GRASP,GRASP
vid1,5.266666666666667,2.856751494559552,0.8439389196272796,0.7497835550700602,0.9239375625405108,0.3745413286275119,0.8176048792824996,-2.5383915154579273,0.9249626683478708,2.852867122924838,False,False,GRASP,GRASP
vid1,5.3,2.6765672104018106,0.8801432031907552,0.5232271473689895,0.9354056699755956,0.2928056325537351,0.7291115308678979,-2.4727058753931503,1.0216141412966355,2.651874042655092,False,False,GRASP,GRASP
vid1,5.333333333333333,2.291899436939576,0.8794937173890793,0.295845652923782,0.9436681063403756,0.2028635671538467,0.6482946252806095,-2.179201603662965,1.1059789344967526,2.2396886960310445,False,False,GRASP,GRASP
vid1,5.366666666666666,1.7689027813493368,0.8862616308344109,-0.3978035799575689,0.9490344593865814,0.112309734609504,0.5795097418987079,-1.724696534626052,1.174842764612892,1.6874097435023834,False,False,GRASP,GRASP
vid1,5.4,1.281556205435418,0.8723426681553088,-0.7740379500130192,0.950722959145142,0.0434949621884652,0.530583770028059,-1.2724869503102227,1.2200676604553262,1.175486035623578,False,False,GRASP,GRASP
vid1,5.433333333333334,0.8186154237583151,0.8271161479863037,-0.7280360346586681,0.9505942594473754,0.0189292030778548,0.4980898539059759,-0.8159313822071116,1.2478968687593193,0.7379170995391084,False,False,GRASP,GRASP
vid1,5.466666666666667,0.4861564632115519,0.7849674988403191,-0.4984919633656169,0.950843883483778,0.0116662338308169,0.4788669994958932,-0.4844395640855286,1.2649351849087116,0.4388750373732368,False,False,HOLD,GRASP
vid1,5.5,0.3154695413184853,0.8038870156850488,0.0065003831904841,0.9521075541054118,-0.0037484485950226,0.468062070942124,-0.3151967532109253,1.2764951384600167,0.2655352540394168,False,False,HOLD,HOLD
vid1,5.533333333333333,0.2737168158587224,0.8128209877779122,0.0426448086967333,0.9514718126146602,-0.0220483417801514,0.4636753171133143,-0.2626190134133093,1.2791606205233972,0.1878352795162883,False,False,HOLD,HOLD
vid1,5.566666666666666,0.3209116987780661,0.8009819926033461,-0.2039983152795889,0.949925889764392,-0.0568904853524549,0.4527326825030585,-0.2517069810560272,1.2858800505072665,0.1169109720388621,False,False,HOLD,HOLD
vid1,5.6,0.3773192945793767,0.7892364429858313,-0.2469961313689783,0.9473406756903407,-0.0575797755653926,0.4443556007065824,-0.3190232717056841,1.288549761539287,0.1738174984049979,False,False,HOLD,HOLD
vid1,5.633333333333333,0.3437372422288335,0.7856219797001022,0.1241154595385616,0.9457179815189122,-0.0452835643783472,0.4329694355124839,-0.3050373922724806,1.2955166365635633,0.1834465630616927,False,False,HOLD,HOLD
vid1,5.666666666666667,0.3630410274274932,0.791963864365207,0.2357781144177812,0.943963525136514,-0.0400763399516691,0.4244527483006081,-0.3348635580070757,1.2997733204064827,0.2183911813946811,False,False,HOLD,HOLD
vid1,5.7,0.3569310640643797,0.8062578486073109,0.397677516304228,0.9433982399080812,-0.0152050822007945,0.4092635064949607,-0.3529434058967733,1.3118904167355443,0.2779040748449185,False,False,HOLD,HOLD
vid1,5.733333333333333,0.2401473252917556,0.8275538529573506,0.2657699066821675,0.9428385834627084,-0.0151366581640079,0.3994053310089182,-0.2342336885619269,1.3194144193884634,0.1755267256630606,False,False,HOLD,HOLD
vid1,5.766666666666667,0.2317174809569516,0.8250333556797128,0.1311366312873528,0.9426386887290082,-0.0068071066791428,0.3920520839562936,-0.2304900132764473,1.3254106213924557,0.1869974202321758,False,False,HOLD,HOLD
vid1,5.8,0.0728638769084637,0.8284108140029474,0.1770787249715365,0.9425550082932276,-0.0085663415332948,0.3864901511924042,-0.0664127674427402,1.3300652784299942,0.0422220197001316,False,False,HOLD,HOLD
vid1,5.833333333333333,0.0465954385488686,0.8351483655198546,0.0644947671315733,0.9420191829403683,-0.0117214024319396,0.3852405117718344,-0.0221115691585729,1.330198435443918,-0.0015984214494272,False,False,HOLD,HOLD
vid1,5.866666666666666,0.0941637817081018,0.842341380615678,0.131049514677632,0.9418547954322164,-0.0169721155655739,0.3853027405850661,0.0730746994384095,1.3298545322071194,-0.0930540080049562,False,False,HOLD,HOLD
vid1,5.9,0.1099553368550894,0.8397998469384639,-0.0543775451699741,0.9409696286846092,-0.0204263489207386,0.3933355482697551,0.0835557186747698,1.32135625047818,-0.1082010131981856,False,False,HOLD,HOLD
vid1,5.933333333333334,0.0723531193948515,0.8364091219914799,-0.116679329467233,0.9402847250627366,-0.0205457603298012,0.3927015976190145,0.0081518017015751,1.3206946510196325,-0.043305411125718,False,False,HOLD,HOLD
vid1,5.966666666666667,0.1024741860727283,0.8349780291328726,-0.0956008499842231,0.9394454864474634,-0.0189881942653512,0.3943770151820577,-0.078015255361936,1.317766633871842,0.0338436217444869,False,False,HOLD,HOLD
vid1,6.0,0.1177008365961194,0.8259103989820114,-0.0732136247231157,0.9391132594962276,-0.0118595385617419,0.3862880540939314,-0.110142590762933,1.324164487648362,0.0741668128126986,False,False,HOLD,HOLD
vid1,6.033333333333333,0.1366929197703479,0.8290937909966071,-0.1300532002407077,0.9384592166738284,-6.447856670034518e-05,0.3851578544837258,-0.1366927335715105,1.3239858416379473,0.1179114799757408,False,False,HOLD,HOLD
vid1,6.066666666666666,0.168484533708729,0.8220134272418285,0.0128328890480051,0.9389748414530508,0.0033423119068726,0.378410506998645,-0.1680781372248536,1.330721905790254,0.1510243181882087,False,False,HOLD,HOLD
vid1,6.1,0.130325293844349,0.8226936446129517,0.1134106998872204,0.939179830840703,0.0079944330855548,0.3742847585561475,-0.1272877013460489,1.334646063679472,0.1240162339548252,False,False,HOLD,HOLD
vid1,6.133333333333333,0.0964314396437986,0.8271337598885214,0.2177331878866856,0.9397230446293,-0.0053873310463607,0.3659581593380555,-0.0945709361386326,1.3427944085416714,0.0721462786578759,False,False,HOLD,HOLD
vid1,6.166666666666667,0.1610841473753408,0.8483831649068522,0.1655103243222352,0.9390452703667151,-0.0300246801773196,0.3662796186011064,0.1221081457269653,1.3413204592515755,-0.158431262767512,False,False,HOLD,HOLD
vid1,6.2,0.2385301098579519,0.8424289248489419,0.0084545630298368,0.93789978007735,-0.0420275966480893,0.3741795796978278,0.1878027527796101,1.3324773653467334,-0.2363415350213804,False,False,HOLD,HOLD
vid1,6.233333333333333,0.3306560335674574,0.8411809361690241,-0.100209040934995,0.9356181785773412,-0.054664080447989,0.3833518423438261,0.2697155492995659,1.3205302867396642,-0.3293735174818996,False,False,HOLD,HOLD
vid1,6.266666666666667,0.3249454457769543,0.8330951869870676,-0.0738407549096511,0.933880910824872,-0.0426265135227485,0.3922419207039308,0.2886901887224334,1.3097877001869165,-0.3245084753601443,False,False,HOLD,HOLD
vid1,6.3,0.3198159725194562,0.8349414284119803,0.2726960560000965,0.9328794569713614,-0.0460875215332431,0.4006209024448122,0.2761799287053855,1.3007852525703396,-0.3198159628757663,False,False,HOLD,HOLD
vid1,6.333333333333333,0.3830965655008618,0.848231851541005,0.0752404557945935,0.9313758446709708,-0.0499983199166627,0.4125575472762446,0.3408153946432921,1.287824596506718,-0.3825277320558571,False,False,HOLD,HOLD
vid1,6.366666666666666,0.3484877205941107,0.8565907419572856,0.0426158305757929,0.9292615507484516,-0.0443566119226159,0.4232127578497319,0.3120153647158272,1.2748924158280597,-0.3477021758587148,False,False,HOLD,HOLD
vid1,6.4,0.3469753580241562,0.8495542183709754,-0.1484072869100758,0.9276727293741104,-0.0412744138066868,0.4335158377326238,0.3154890900933855,1.2631918280652847,-0.3452608934001613,False,False,HOLD,HOLD
vid1,6.433333333333334,0.2616110439518481,0.8302599445078013,-0.0424526396223864,0.9270024212720164,-0.0293560132441389,0.4455206740447119,0.2406008989977788,1.251643220720784,-0.2595617438951729,False,False,HOLD,HOLD
vid1,6.466666666666667,0.1773988478293468,0.8454065477001949,0.2037868617838494,0.925947021096248,-0.0196533437492016,0.4513163633273253,0.1635269803400265,1.2447760536394703,-0.1758865134318424,False,False,HOLD,HOLD
vid1,6.5,0.0744041136668994,0.8536137425598536,0.2918959423566056,0.925156144024026,-0.0179268995828612,0.4561330729698705,0.0400135571139463,1.2392211014190322,-0.0661932200064086,False,False,HOLD,HOLD
vid1,6.533333333333333,0.0190611298978184,0.8689540925444509,0.1255985906569287,0.9249139945064108,-0.0014950409949089,0.4527138157248341,0.0183292011113967,1.2417459716920658,-0.0184650832998332,False,False,HOLD,HOLD
vid1,6.566666666666666,0.0333930414716794,0.860108545396006,0.1005053243495665,0.925194728855323,0.0058711097775746,0.4553918492468656,-0.0263257809436329,1.2399292089288954,0.033094137190309,False,False,HOLD,HOLD
vid1,6.6,0.0325962668152678,0.8693646390432197,0.1731590588196158,0.9252990741771788,0.0069641007962729,0.4513075481482623,0.0216494901450591,1.2436399253529378,-0.0064000726527296,False,False,HOLD,HOLD
vid1,6.633333333333333,0.1183395551771322,0.8740735319458962,0.0261104423838076,0.9258048161793764,0.0141879215097473,0.4548833405112155,0.1074224198501362,1.2414451840047325,-0.0677081188548198,False,False,HOLD,HOLD
vid1,6.666666666666667,0.1115744289613945,0.8797157628766353,0.120007690421902,0.9260677115803496,0.0190811524720798,0.457815866005921,0.0893920847412859,1.239377195092203,-0.0435026873874398,False,False,HOLD,HOLD
vid1,6.7,0.1816139290992705,0.8729395040687578,-0.0403355951374949,0.9270112877241264,0.0246466952570979,0.465271808230104,0.1598308724613835,1.2346050502177102,-0.0944978486194875,False,False,HOLD,HOLD
vid1,6.733333333333333,0.1461864750917461,0.8758737651897621,0.0340360546648794,0.9279737879314576,0.0270444300803663,0.4667203877168855,0.1114236860032573,1.2350532771120442,-0.0484689663648695,False,False,HOLD,HOLD
vid1,6.766666666666667,0.1703556868152354,0.8801244830193787,0.0723995094142254,0.9289199865357244,0.0252044179236745,0.4712282139399097,0.1457495405165106,1.2328312679972184,-0.0813550551665049,False,False,HOLD,HOLD
vid1,6.8,0.1447119098489399,0.8757646510082492,0.2262225106345533,0.9296316294659542,0.0172963603080764,0.4781645549866781,0.1314480260255619,1.2280983623053665,-0.0829657310282039,False,False,HOLD,HOLD
vid1,6.833333333333333,0.0868475747627689,0.8882952602861407,0.4205498041518993,0.9306410824429162,-0.0165685828252545,0.4820198239555813,0.0646630833543203,1.2265514490188898,-0.0850788180783871,False,False,HOLD,HOLD
vid1,6.866666666666666,0.2439389918474849,0.9118150990791716,0.4178181832666749,0.9295010495514694,-0.0616350514268652,0.4807690478464553,0.1139863973395538,1.2256190555239377,-0.2072164936987669,False,False,HOLD,HOLD
vid1,6.8999999999999995,0.3669283642779998,0.929113301863264,0.195895821497105,0.9261136102382032,-0.0954311805752289,0.4849306677436059,0.1520832756005491,1.216046344318373,-0.2997667513162704,False,False,HOLD,HOLD
vid1,6.933333333333334,0.5652066440834959,0.924203131651012,-0.212128736386841,0.9220573948707236,-0.125902756497912,0.4913859806534925,0.354080998793208,1.2033126715068754,-0.5279663237641941,False,False,HOLD,HOLD
vid1,6.966666666666667,0.6370685030420941,0.9058802133774796,-0.152243551223862,0.9178050440892022,-0.1153087402141602,0.5078028047416676,0.4930104263071598,1.1816316675848846,-0.629222568254638,False,False,HOLD,HOLD
vid1,7.0,0.7150200861623249,0.9077041553029676,-0.3443477803624796,0.9141278721010412,-0.1278513484739346,0.5252625673373511,0.55777624415755,1.1600654451645376,-0.7072835417517018,False,False,HOLD,HOLD
vid1,7.033333333333333,0.8536430384907198,0.8925182712479418,-0.1453990301755644,0.9097066171479394,-0.1469786206017866,0.5481030391202233,0.6813249149777477,1.1325398933365969,-0.8477227734839505,False,False,HOLD,HOLD
vid1,7.066666666666666,0.918952227149212,0.8930907107275536,-0.2842082387557541,0.904838523999233,-0.15897175750304,0.567986230444041,0.7314667279843363,1.106779013525548,-0.9121869557333244,False,False,HOLD,HOLD
vid1,7.1,1.09453052669195,0.874680460463096,-0.4904550987643437,0.8983034056156655,-0.1746206570597562,0.5952509793096431,0.9081022186415316,1.071702047222474,-1.0923232720276446,False,False,HOLD,HOLD
vid1,7.133333333333333,1.19604824518381,0.8643224761114149,-0.1485411674682175,0.8928772069261017,-0.172726755480862,0.6290144039191603,1.0321039482074814,1.0329713337472717,-1.1960476429137892,False,False,HOLD,HOLD
vid1,7.166666666666667,1.3221161349045802,0.8498793034821978,-0.3732281992180713,0.8873265195432288,-0.1840795581165097,0.6656499586427129,1.1545999238877562,0.9915409781777912,-1.3218546425715971,False,False,HOLD,HOLD
vid1,7.2,1.3579939004811508,0.8471113475777688,0.074337679322495,0.8808529672781392,-0.1914340679151489,0.7068816292371098,1.1812886898025876,0.9445131572141986,-1.3578806541499515,False,False,HOLD,HOLD
vid1,7.233333333333333,1.4304029016871769,0.8551530060729223,0.0479926566020719,0.873942790882361,-0.1990487135079446,0.7454434325220435,1.24937662443273,0.8990198752938421,-1.4301113438044537,False,False,HOLD,HOLD
vid1,7.266666666666667,1.3789434312292728,0.8515604716823048,-0.0223934341393748,0.8671796555337206,-0.1773202819391661,0.78977919742337,1.2314643562175356,0.8488007057542875,-1.3762907823262205,False,False,HOLD,HOLD
vid1,7.3,1.2352598264820085,0.8571811787608079,0.1861129542007442,0.8617745211253685,-0.1516747508743047,0.8307837419499382,1.1154334139530024,0.8038549377515354,-1.230836753956702,False,False,HOLD,HOLD
vid1,7.333333333333333,1.0756561498484571,0.8574935779483939,-0.062553532920838,0.8570859242720477,-0.1266922686813742,0.8681570999392246,0.9800557031816788,0.7633092775311708,-1.0698484449503884,False,False,HOLD,HOLD
vid1,7.366666666666666,0.8107983428381762,0.8641822663149586,-0.172847387294432,0.8534742822851178,-0.0904155479631254,0.8944111630638426,0.7465252329165601,0.7342654197907599,-0.8041752980315983,False,False,HOLD,HOLD
vid1,7.4,0.6723427358483203,0.8474174795194719,-0.2340429311171752,0.8508717324223364,-0.0769007920661049,0.9173065170451128,0.6161471034478403,0.7099028132777088,-0.6677463450246692,False,False,HOLD,HOLD
vid1,7.433333333333334,0.562503017685494,0.833198375335541,-0.3205076535737028,0.8489721043002131,-0.0613863714059624,0.9344920565938964,0.5198758419753795,0.6917110404141178,-0.5572366989653249,False,False,HOLD,HOLD
vid1,7.466666666666667,0.5637707375942426,0.8271339240197604,-0.0274979475984783,0.8471459415894304,-0.0629115465814344,0.9489456949770902,0.5190159230543108,0.6760077660417472,-0.5591864157347581,False,False,HOLD,HOLD
vid1,7.5,0.5875577780856344,0.8350210705302741,0.0616819829319087,0.8447853806081925,-0.0780641147243948,0.967447126929105,0.5202012794312816,0.6558661784665625,-0.5869568265236375,False,False,HOLD,HOLD
vid1,7.533333333333333,0.70250109552719,0.8333024466957214,-0.0328234886612486,0.8422462406522903,-0.0870801632929226,0.984432876662439,0.632978977874382,0.6367180609099172,-0.7002479455181496,False,False,HOLD,HOLD
vid1,7.566666666666666,0.7312333567862876,0.8357233308945524,0.0361079623594267,0.8387265363461531,-0.0922644952790223,1.0078885643644264,0.6561041089253014,0.6102527046494314,-0.7293662465380052,False,False,HOLD,HOLD
vid1,7.6,0.7924964352804202,0.827788731161837,0.1622423469882331,0.8358946053549624,-0.1122040665080804,1.029934704598494,0.688405521258627,0.5862184412380637,-0.7924532479237165,False,False,HOLD,HOLD
vid1,7.633333333333333,0.8341544178048843,0.8437709532908892,0.2410934875222758,0.8319968505939143,-0.1244006079882159,1.055720354101026,0.7115701212139747,0.5570739891524068,-0.833983403786542,False,False,HOLD,HOLD
vid1,7.666666666666667,0.8707827493650888,0.8533962620507988,0.3727687290607766,0.8273893623046907,-0.1398828076615482,1.0750667869892927,0.7201961994871252,0.5322365785327141,-0.8687602518807807,False,False,HOLD,HOLD
vid1,7.7,0.8805800995337654,0.8699259499847546,0.1796858537016276,0.8218131448231386,-0.1393988666289267,1.1035709830183722,0.7331412714823364,0.4977820578966704,-0.8790832400896695,False,False,HOLD,HOLD
vid1,7.733333333333333,0.8450417834565056,0.8701038929481628,-0.2442550600763896,0.8179629477479404,-0.1240173409073097,1.126672891379817,0.7251067598202213,0.4710387895834662,-0.8449948784660793,False,False,HOLD,HOLD
vid1,7.766666666666667,0.8150521506490327,0.8584257653942152,-0.3194229025828186,0.813891611312835,-0.1238356380227282,1.1518285316733363,0.6903228373515503,0.4421319075150117,-0.81464048360082,False,False,HOLD,HOLD
vid1,7.8,0.7214470458702873,0.83421085092057,-0.5703436919002798,0.8098921168573059,-0.1137592885756683,1.1720938046441352,0.6016931027332519,0.417574353610211,-0.7203279462554795,False,False,HOLD,HOLD
vid1,7.833333333333333,0.6950534719010784,0.8229031084509056,-0.7002885979091842,0.8059292621280888,-0.1190920636061411,1.194140676208003,0.5562771028646901,0.3915431805766505,-0.6905274610689952,False,False,HOLD,HOLD
vid1,7.866666666666666,0.5352267942883154,0.793241187502104,-0.4428561550866682,0.8021498888595169,-0.106733090547927,1.2096239747282562,0.3833863567620233,0.3715031033627062,-0.5194317840314943,False,False,HOLD,HOLD
vid1,7.9,0.3542463135477274,0.7728944419157563,-0.2805476770453142,0.7984398376974398,-0.0803867725729064,1.221447674821803,0.2153359435255117,0.3547452173044239,-0.3278253102006963,False,False,HOLD,HOLD
vid1,7.933333333333334,0.1719393674170444,0.7780474759600984,-0.1807800441123256,0.7957429653059483,-0.036406438911099,1.2233232485671022,0.1154757450546305,0.3483653298290508,-0.1639695357924183,False,False,HOLD,HOLD
vid1,7.966666666666667,0.1247163708296329,0.7836911035414253,-0.1074061211764879,0.7959399385243057,0.0145038778298884,1.2236551119119032,0.1139232340801464,0.3484264795643876,-0.0727634314940696,False,False,HOLD,HOLD
vid1,8.0,0.1283894729704865,0.761119139074309,-0.2627190547232075,0.7978637797759737,0.0244224646539427,1.2298373431486145,0.0958168213912322,0.3464844407257066,-0.039621680079846,False,False,HOLD,HOLD
vid1,8.033333333333333,0.0036567640528327,0.7497927220251261,0.1075287783830841,0.7990094412308705,0.0005387627892048,1.236365855508498,0.0031333569567804,0.3428697872070107,-0.0017544396519066,False,False,HOLD,HOLD
vid1,8.066666666666666,0.163102175471819,0.7640018818397374,0.8621643043362032,0.7980750701073599,-0.0357089630688456,1.2312613663155898,-0.1048316612986412,0.3456278536091406,0.0274827653248324,False,False,HOLD,HOLD
vid1,8.1,0.2636334794261076,0.8111487518802559,1.0915854832910727,0.7956217971298072,-0.0417221463343798,1.2241901464791085,-0.2195201348369217,0.3474029367754375,0.1158944920864116,False,False,HOLD,HOLD
vid1,8.133333333333333,0.3093701797062465,0.8582865007628769,0.995597462862271,0.7945642634881642,-0.0419731058743028,1.217594842722277,-0.2722851677322584,0.3512308213282776,0.1610106829172374,False,False,HOLD,HOLD
vid1,8.166666666666666,0.3485881603414891,0.8625419419773653,2.316762303426852,0.793296359995087,-0.0248986162800041,1.2086559310681928,-0.3375250672360445,0.3567109194844235,0.2474805581880343,False,False,HOLD,HOLD
vid1,8.2,0.4664746018297403,0.9553808729500496,3.217654767634279,0.7913291126788258,0.0849856323694412,1.1917870177778165,-0.3593964937835834,0.3678035947783195,0.4603300289804758,False,False,HOLD,HOLD
vid1,8.233333333333333,0.7161862835230007,1.1160739066723162,4.146679296118623,0.7953977660899625,0.2015925445107977,1.1785794972874322,-0.1238292424243054,0.3863893155364152,0.4627646012169288,False,False,RELEASE,RELEASE
vid1,8.266666666666666,1.1444175688630442,1.2982728924036009,3.418879772739827,0.8066300373373406,0.3121806861278965,1.18594038644263,-0.3412250804479325,0.399860588892251,0.845679194294324,False,False,RELEASE,RELEASE
vid1,8.3,0.9438622757431115,1.359569894071351,0.934047875288349,0.8211965325663789,0.2673771994586867,1.16812256827863,-0.1246927780938884,0.4409575288128867,0.5796316281606249,False,False,RELEASE,RELEASE
vid1,8.333333333333334,1.104439257056985,1.376129930665417,-1.4958876355227892,0.8256211282166078,0.2565193172471944,1.1695184976991913,-0.6435114566827068,0.4475624195053706,1.008431793961036,False,False,RELEASE,RELEASE
vid1,8.366666666666667,0.666311635019662,1.2397324060313586,-2.5428640815798396,0.8357433677776172,0.0994646336785266,1.1303115842545384,-0.568189296974428,0.4992825653344432,0.6661670207271033,False,False,RELEASE,RELEASE
vid1,8.4,0.3820381889488022,1.120784082461273,-1.7123124218390189,0.8360280718198596,0.041794464651968,1.123075457446436,-0.3529386704509397,0.506033043198497,0.378514154010954,False,False,RELEASE,RELEASE
vid1,8.433333333333334,0.4717751315793414,1.0873525510184183,-0.18409253283777,0.8372873104769673,-0.0010866275388103,1.0969285559659654,-0.4717598092299132,0.5308319705698001,0.4054158622710937,False,False,RELEASE,RELEASE
vid1,8.466666666666667,0.1502024936530554,1.1650513353243288,0.993754053426922,0.8307374513580199,-0.0383526073700183,1.1083698601391172,-0.0674601480517825,0.5093915008969023,-0.0094516032173505,False,False,RELEASE,RELEASE
vid1,8.5,0.489043771638188,1.1840638122727136,0.9728873014155404,0.8369371712885056,0.0097507097981377,1.0905378195670357,-0.487852128791667,0.5357318994122636,0.438440330425422,False,False,RELEASE,RELEASE
vid1,8.533333333333333,0.458118382145918,1.21099048283287,0.7994222956570974,0.8337614650039018,-0.0535522286649707,1.076988800945035,-0.4180415248685863,0.541824919912544,0.2664226524074683,False,False,RELEASE,RELEASE
vid1,8.566666666666666,0.4488224723749274,1.2475801688465356,0.0460225597613112,0.8319053270139094,-0.0403803296035955,1.0582084977394466,-0.4260011312888805,0.5547640836258928,0.2965459607596846,False,False,RELEASE,RELEASE
vid1,8.6,0.2114038395431964,1.2426400543365108,-0.0423377442659134,0.8276954986439664,0.0014227386412382,1.0424558117259697,-0.2113452136401386,0.5609344214478019,0.1849942455602956,False,False,RELEASE,RELEASE
vid1,8.633333333333333,0.1256450149630098,1.2024017802522573,-0.0751473517322997,0.8334292399530027,0.0107734784361263,1.0460351012279676,-0.1198563294784857,0.5679649935632766,0.1225052281124464,False,False,RELEASE,RELEASE
vid1,8.666666666666666,0.3040730992984265,1.185016070863807,2.2436170909195106,0.8309479014459412,0.0867995058176934,1.0409550454793983,-0.0145794349990195,0.5679712953175552,0.165804701763719,False,False,RELEASE,RELEASE
vid1,8.7,0.3792871214461581,1.3830652243341122,0.8661453711175674,0.8357038562179598,0.0745878762246694,1.0463635662773103,-0.275211309333337,0.571696480808333,0.3692877329616177,False,False,RELEASE,RELEASE
vid1,8.733333333333333,0.4585984768352796,1.3714788720235014,0.5782222227298213,0.8377260082716206,0.0501393030928566,1.027608291520388,-0.4237120022716188,0.591459894220016,0.4543524277653166,False,False,RELEASE,RELEASE
vid1,8.766666666666666,0.4540518681687788,1.346463474035083,-0.3398548960580735,0.8429862319585313,0.0534232098600233,1.0130076956641902,-0.4137853944635787,0.6133517749737754,0.4515781164653528,False,False,RELEASE,RELEASE
vid1,8.8,0.7037577891635677,1.2649477306401162,-1.1760175190883506,0.8390714132439416,-0.1141614207328487,0.9924466311861028,-0.5793975877382948,0.6241945788802318,0.2987573081033016,False,False,RELEASE,RELEASE
vid1,8.833333333333334,0.5214555527700607,1.345992075126837,1.1405394253801615,0.8357599393574454,-0.0789598180398292,0.983376285683624,-0.442243199408965,0.6261809025154953,0.2424703878744457,False,False,RELEASE,RELEASE
vid1,8.866666666666667,0.9623038060386814,1.324293966417314,-0.7201410260538519,0.8326839449504752,-0.1933357797801179,0.9624342335294304,-0.6843719617157237,0.6388333361226738,0.2496392716998346,False,False,RELEASE,RELEASE
vid1,8.9,1.0159579788022872,1.3119344151779426,-0.4418066728920166,0.8243874019048053,-0.2053714867721821,0.9361684784129184,-0.7181584744310923,0.6468672601278465,0.2575666030987846,False,False,RELEASE,RELEASE
vid1,8.933333333333334,0.997537838172436,1.292219489150778,-0.8268556161326729,0.8174998380177482,-0.2106841405933292,0.9122175975500438,-0.6720112816792535,0.6553895351968422,0.2083437368271769,False,False,RELEASE,RELEASE
vid1,8.966666666666667,1.140386022857092,1.2331821218429824,-0.8127937063158694,0.8080698811633329,-0.2311438055964359,0.8906429421813771,-0.8039381581783694,0.6573723257254452,0.2861391381678413,False,False,RELEASE,RELEASE
vid1,9.0,1.0565003487260862,1.2346267315817097,0.0492610563529708,0.8045843411726104,-0.2085166959879008,0.8645114673712062,-0.7640910990586819,0.6737825691187114,0.291674596415641,False,False,RELEASE,RETRACT
vid1,9.033333333333331,1.2770259817102618,1.2333911911463915,0.2393696284424595,0.7953581047592009,-0.2971535681604606,0.83372845286927,-0.7413842672170824,0.6840757817904686,0.1156091425081601,False,False,RELEASE,RETRACT
vid1,9.066666666666666,1.3691130397272506,1.2692012090592626,0.4162674714258518,0.7847415241407969,-0.34610581950121,0.8092383456699485,-0.6385732237050225,0.6864812771352891,-0.0595707990680966,False,False,RELEASE,RETRACT
vid1,9.1,1.5130999289142286,1.267937009693232,0.3883868507064952,0.7713502295773227,-0.4063422688018436,0.7969883334981753,-0.5175147797387832,0.6734203901990843,-0.2704247682995527,False,False,RELEASE,RETRACT
vid1,9.133333333333333,1.6350939612607356,1.2829254529635037,0.2305997191242559,0.757444943771483,-0.4266995129236054,0.7796876645797932,-0.666516316373038,0.6638131328481688,-0.1777057163305132,False,False,RELEASE,RETRACT
vid1,9.166666666666666,1.757651674466695,1.2909606699463871,0.0387459017798825,0.7425546031342186,-0.4450485247412508,0.7542670385943204,-0.8149848075467258,0.6594781369171702,-0.0819020332864582,False,False,RETRACT,RETRACT
vid1,9.2,1.904343292145976,1.3052304854967889,-0.7288821792636136,0.7280544467655312,-0.5014789194610896,0.7201920351311222,-0.7398638588651779,0.6633043772195191,-0.2463736075110884,False,False,RETRACT,RETRACT
vid1,9.233333333333333,2.104076057998454,1.2465814979340393,-1.4477468966995446,0.7108883227915578,-0.5673122307255749,0.6977539053147909,-0.6974961604388328,0.6523770340245809,-0.3991626698052556,False,False,RETRACT,RETRACT
vid1,9.266666666666666,2.4619595326668295,1.1862579644906834,-1.6769408344339296,0.6905807986539262,-0.6756474156678556,0.6809580652899425,-0.6869378073991625,0.6310328194790077,-0.5995096681837631,False,False,RETRACT,RETRACT
vid1,9.3,2.7168846419732913,1.1101721983521489,-1.0467057910572146,0.6651722140537513,-0.7498812036806232,0.6575964190586886,-0.7045677880621797,0.6063534883223113,-0.7153229424978644,False,False,RETRACT,RETRACT
vid1,9.333333333333334,2.9006610112051425,1.107615240147973,-0.1442006404391889,0.6394229690666261,-0.7916962622016654,0.6273981879474675,-0.8599581885816904,0.5869757789515366,-0.6549643164043115,False,False,RETRACT,RETRACT
vid1,9.366666666666667,3.138571301123207,1.113362134264393,0.3096989900862163,0.6123515429601233,-0.8632906778535089,0.6012361500690294,-0.8518000483139928,0.5617791980237243,-0.7883850041799754,False,False,RETRACT,RETRACT
vid1,9.4,3.3019755936416595,1.1468884997407196,0.5559914436300308,0.583400320511134,-0.91196197133906,0.5725228895326662,-0.8485582224213337,0.5354672628629992,-0.8770974545807052,False,False,RETRACT,RETRACT
vid1,9.433333333333334,3.7028437473377913,1.1542712062844465,-0.0126646933645975,0.5512782061687161,-1.0233589869241977,0.5419795447666835,-0.9425481514378083,0.5051383078553987,-0.9925784693458416,False,False,RETRACT,RETRACT
vid1,9.466666666666669,3.920907394056015,1.1533818246452552,-0.1525224276159032,0.5151574144229933,-1.0865312884103473,0.5117788260349234,-0.9585946846865628,0.4674551526438438,-1.0902334895595227,False,False,RETRACT,RETRACT
vid1,9.5,4.139564229510529,1.1321939045420677,-0.313079812858522,0.4781403225578823,-1.1464294791394989,0.4788042075556302,-1.021639573239909,0.4305849532225945,-1.1415291049243068,False,False,RETRACT,RETRACT
vid1,9.533333333333331,4.1870893263776505,1.1218962142128086,-0.2010976770757063,0.4375900852821534,-1.1576601348332705,0.441529400405542,-1.0595481815615282,0.3911910678757629,-1.128621555415634,False,False,RETRACT,RETRACT
vid1,9.566666666666666,3.9117220291743946,1.1255429669935346,-0.0629615494341163,0.3991604729857348,-1.0867425784360716,0.4056461062954765,-0.9172436385682364,0.3543389753411121,-1.1263103955760798,False,False,RETRACT,RETRACT
vid1,9.6,3.789836058029483,1.1218870228701956,-0.0537775865309183,0.3638104151603801,-1.0476463558724125,0.3792204712987961,-0.9614261490940832,0.31475676070311,-1.019149998093795,False,False,RETRACT,RETRACT
vid1,9.633333333333333,3.489822227301641,1.114639016778063,0.1659604854436886,0.3311383686233529,-0.9605791984752076,0.3482265765243286,-0.9387250103423443,0.2838460998680932,-0.8850621981863326,False,False,RETRACT,RETRACT
vid1,9.666666666666666,3.4998307439084804,1.129286549202532,0.17266857236621,0.2998015888275218,-0.9423212515812932,0.3182514247663949,-1.1732660888837425,0.2544127999167547,-0.6503227434790939,False,False,RETRACT,RETRACT
vid1,9.7,3.4952607727490115,1.1387257965486552,0.2971867531325122,0.2683868685268678,-0.9219487423009012,0.2704770632427258,-1.34521739629005,0.2402103827462467,-0.4658929179415049,False,False,RETRACT,RETRACT
vid1,9.733333333333333,3.432054210986551,1.150042440005954,0.0709052927703286,0.2390042610673185,-0.8895525429681082,0.2269943296355871,-1.4457884331629436,0.2258894581802379,-0.3218714035998924,False,False,RETRACT,RETRACT
vid1,9.766666666666666,3.4654325786537283,1.1375823691841065,0.1599023963104821,0.2085720323442136,-0.8837421749473507,0.1710522262754024,-1.5641888098185714,0.2204736249578898,-0.2093840539722729,False,False,RETRACT,RETRACT
vid1,9.8,3.532590611447935,1.1615610207877545,-0.1617083687688067,0.1805745327285975,-0.8818269675800962,0.1260030139145301,-1.71990180332091,0.209950210601212,-0.0715553232280231,False,False,RETRACT,RETRACT
vid1,9.833333333333334,3.693664246372291,1.1384316389117433,-0.1368447708129542,0.1506494715116997,-0.8847833416765772,0.0614468076868409,-2.0144661994686297,0.2128673349742189,0.1775633807617202,False,False,RETRACT,RETRACT
vid1,9.866666666666667,3.525511840060521,1.1358832037992574,0.0663998801979148,0.1205523392146999,-0.8626448476602044,-0.0152523148094916,-1.8214870610494691,0.2259653431980543,0.0500167439804595,False,False,RETRACT,RETRACT
vid1,9.9,3.448742139260603,1.13269831570475,-0.0759827137152122,0.0923101111540899,-0.8688060992193862,-0.0781521734015595,-1.628430628590672,0.2304228137876114,-0.1275506310046644,False,False,RETRACT,RETRACT
vid1,9.933333333333334,2.888474981041135,1.154678308744154,0.3691205737409972,0.0635605200541058,-0.787993099680837,-0.1229526437795588,-0.8605851448500009,0.218357053896006,-0.6478862509585729,False,False,RETRACT,RETRACT
vid1,9.966666666666669,2.594404329595061,1.1533334361240233,-0.2525966024153732,0.0376120298284943,-0.7336684214856164,-0.1356589771801702,-0.3746797315002246,0.1835245244316734,-0.9715414541504886,False,False,RETRACT,RETRACT
vid1,10.0,2.128014357102335,1.1454621585415468,-0.6817899401562114,0.0135500494548969,-0.6079543371024949,-0.1453865143243274,0.0545285648254312,0.1494500176913037,-1.120227593769011,False,False,RETRACT,RETRACT
vid1,10.033333333333331,1.5842133351773748,1.1183285808447685,-1.277628801676231,-0.0030850634940186,-0.4444093399925242,-0.1243860858876855,0.302578506419864,0.1019536285192287,-1.0457170854734752,False,False,RETRACT,RETRACT
vid1,10.066666666666666,1.0124696781403943,1.0448819738317718,-1.442585139018686,-0.0176165986951359,-0.262595944410983,-0.1220751129220185,0.4251970899409107,0.0743075526703854,-0.8306578294990778,False,False,RETRACT,RETRACT
vid1,10.1,0.4570015144164813,0.9958025194249992,-0.9373296233424706,-0.0207306370073294,-0.0920329341004569,-0.0946870231940245,0.3242580588335249,0.045162894127672,-0.4424299929257602,False,False,REST,RETRACT
vid1,10.133333333333333,0.1216187577200927,0.9756763035873968,-0.1792708845421576,-0.0206058996636212,-0.0173469330028541,-0.0922806248108138,0.105388412295599,0.0433053086675834,-0.1216164182909155,False,False,REST,REST
vid1,10.166666666666666,0.2861035945739159,0.996994083775072,0.3942834285906358,-0.018108163110108,-0.0406396225421668,-0.0905838286889688,0.2482607481135422,0.0462491772450631,-0.286093069642572,False,False,REST,REST
vid1,10.2,0.2497986131417672,1.0156105403104407,0.2618276085129985,-0.0235014546607789,-0.0462402379834222,-0.0916729369285517,0.1903150136358842,0.0376694487301113,-0.2459467577120643,False,False,REST,REST
vid1,10.233333333333333,0.3702545057499795,1.029501085939831,-0.2547686601054053,-0.0239581381600712,-0.0653374386578207,-0.066789020666783,0.2912372980828289,0.0153776772513524,-0.3667964932399741,False,False,REST,REST
vid1,10.266666666666666,0.2361765348884501,0.995686540009444,-0.317441885253226,-0.0267386463763425,-0.0345479303972888,-0.0623471318702696,0.2028927298117127,0.0066343115798414,-0.2361678310189305,False,False,REST,REST
vid1,10.3,0.1262130433362599,0.9811336502074234,-0.2528592492119772,-0.026295778042369,0.0336762185946564,-0.0633938137748067,0.0452106937813951,0.008319793467759,0.0204079176963566,False,False,REST,REST
vid1,10.333333333333334,0.2570881403206729,0.9825008249679767,-0.080636270944161,-0.0267315177617871,0.0317455650971254,-0.0637512403638776,0.2318514220074001,0.0078592513049185,-0.1441521680468171,False,False,REST,REST
vid1,10.366666666666667,0.4419718560620317,0.9942178436698296,0.1609139417993708,-0.0219163536608566,0.1017854663724295,-0.0454836713601161,0.2617025864308139,0.0005859988093974,-0.046294035517574,False,False,REST,REST
vid1,10.4,0.2112792005111354,0.9878832800658368,-0.4189967882125497,-0.0188496743724868,0.0507783121931806,-0.0395269594222189,0.1143180598676905,0.0008559902226557,-0.0090736178186521,False,False,REST,REST
vid1,10.433333333333334,0.1825959108013992,0.9692066869648216,-0.1873258186614734,-0.0184989137349861,0.0515585798680192,-0.0355876266749313,0.0281656268772802,-0.001926213842804,0.0666907205277079,False,False,REST,REST
vid1,10.466666666666669,0.2035875598902667,0.9645707096905164,-0.2688278156112862,-0.0167339419400622,0.0499336840331319,-0.044700427888873,-0.1044946667568349,0.0090575819058656,0.1783660412092842,False,False,REST,REST
vid1,10.5,0.1936266249438261,0.9525203714853354,-0.2389623134590341,-0.0144189173913563,-0.0056433695483021,-0.0410424620213609,-0.1926170523963699,0.0099855891649316,0.1563507782709136,False,False,REST,REST
vid1,10.533333333333331,0.0178546487738463,0.9537499362333172,0.1638417479915152,-0.0148765009862291,-0.0050819371249886,-0.0563118968751691,0.0016046519318225,0.0223620391991797,-0.0103560204281132,False,False,REST,REST
vid1,10.566666666666666,0.2078390838524264,0.9503479587246187,0.1120998197306068,-0.0173583915296396,-0.048977674100895,-0.049976717956432,-0.1175845121983224,0.0125110529076375,0.0150724283355277,False,False,REST,REST
vid1,10.6,0.1018430997048288,0.9721909260601204,0.2324337134022302,-0.0192543160961276,-0.0179077165736869,-0.0551895056995813,-0.0802841595314951,0.0136653180956117,0.0377099051804949,False,False,REST,REST
vid1,10.633333333333333,0.0671725067382528,0.9768089838615496,0.1136589605676003,-0.0176404582603421,0.0148759911906526,-0.052260171570218,-0.0424572365186651,0.0139847696649674,0.0629177915958899,False,False,REST,REST
vid1,10.666666666666666,0.0581385599252691,0.9704638590560748,-0.0397927282384125,-0.0178275978032119,-0.0163527423368303,-0.0709845467978893,0.0102911535944202,0.0298217173255281,-0.0377511925074573,False,False,REST,REST
vid1,10.7,0.2423898528424501,0.9628015473287144,0.4912277069958833,-0.0182126515375469,0.0060961821739744,-0.0512853105382798,0.2414494006808045,0.0121330192947448,-0.1977150454110533,False,False,REST,REST
vid1,10.733333333333333,0.0275295123111191,1.0028618123422666,0.3049190690662729,-0.0187407200266169,-0.0067940900400979,-0.0421276378294659,-0.0138815338110691,0.003293830561762,-6.954322588790297e-06,False,False,REST,REST
vid1,10.766666666666666,0.07234314111719,1.0134420324829456,0.0322283072060061,-0.0184937119169087,0.0187687453996564,-0.0463079531557096,-0.0303381167340635,0.0073392738028442,0.0593251108352987,False,False,REST,REST
vid1,10.8,0.3387715982525051,1.0047505853020988,-0.3109963078650196,-0.0165309059699813,-0.0036187059776838,-0.0578442707611416,-0.3385348736994474,0.0207648303989685,0.2859152234523852,False,False,REST,REST
vid1,10.833333333333334,0.2207161936124559,0.9649493953522134,-0.5493660032626616,-0.0180044922133362,-0.0333057869907237,-0.0667925817031531,-0.1874398913997518,0.0258899782069245,0.103051631842366,False,False,REST,REST
vid1,10.866666666666667,0.0566661294481347,0.9672919480270648,0.051350537111659,-0.02024215693017,0.0161178167592841,-0.071615268338263,0.0055013517549787,0.0261041853022337,0.0237007052878131,False,False,REST,REST
vid1,10.9,0.3138294226598161,0.9680918896042606,0.3016768974261835,-0.0179188815321364,-0.0678494385481535,-0.0702612518527948,-0.2052395316474824,0.0290360673807797,0.0574448791627027,False,False,REST,REST
vid1,10.933333333333334,0.2748965481697251,0.989124557584329,0.595060902907327,-0.020502580691685,-0.0346470445312799,-0.076791756416368,0.2467189592250838,0.0301140530142863,-0.2741838869581027,False,False,REST,REST
vid1,10.966666666666669,0.2320479353012991,1.011830614973906,0.7986874740641616,-0.0237096090186001,-0.0168182678486311,-0.0669352581149663,0.2244615542112772,0.0159426411842227,-0.2234951549340388,False,False,REST,REST
vid1,11.0,0.0985887485868266,1.0520328073868588,0.2594031888680018,-0.0248450513008628,-0.0262438267156119,-0.0527984354577345,0.0358727583144344,0.0017321589561337,-0.0772987400290278,False,False,REST,REST
vid1,11.033333333333331,0.3217678365082102,1.0482585836747549,-0.1713821719845123,-0.0208797289641727,0.0882282273154423,-0.0463027090637551,0.0906909802175807,0.0031230085300825,0.0774324798469115,False,False,REST,REST
vid1,11.066666666666666,0.2605932721722761,1.029628204517722,-0.7261224808706888,-0.0194429473113421,-0.0016482741855734,-0.0659980369120879,-0.2605294398201633,0.0226648155972986,0.2220407551960718,False,False,REST,REST
vid1,11.1,0.0715879622679303,0.981195852339593,-0.7081357984988806,-0.0208580259124788,0.0165253619696829,-0.0684350131562627,-0.0422038218750864,0.02227112508791,0.0656104123694299,False,False,REST,REST
vid1,11.133333333333333,0.0913273057902804,0.9776360025309684,-0.3371971924259236,-0.0187851613161372,0.0109660577311103,-0.0617484654431061,0.0828751249547799,0.0201566939956701,-0.0522002772858,False,False,REST,REST
vid1,11.166666666666666,0.1096078937074776,0.9603701838465064,-0.1227509885152464,-0.0209210348019274,0.0225555235055584,-0.0622047184043912,-0.0760575778747028,0.0167804485792035,0.105485221173032,False,False,REST,REST
vid1,11.2,0.1107304621495967,0.9733456048659344,0.1604716152836865,-0.0159591047217603,-0.0215508602438644,-0.0642818443379939,-0.081084247604259,0.0273325861959056,0.0319699435900342,False,False,REST,REST
vid1,11.233333333333333,0.1069855121031663,0.9725264423161234,0.0626671749291913,-0.0208492775612878,-0.0305743042091019,-0.0726290520956233,0.0006253770632127,0.0259078476382923,-0.0545089660400783,False,False,REST,REST
vid1,11.266666666666666,0.2331811888194141,0.9853859619882996,0.0382348829060668,-0.0215934082986073,0.0289030634233369,-0.0715961342358156,0.2101071633909766,0.0237024692841183,-0.130394925764785,False,False,REST,REST
vid1,11.3,0.2390048650163428,0.975511015360159,-0.2085797326988819,-0.0208887490191089,0.0285395190864405,-0.053139698772879,0.2171418165973863,0.0090103830408549,-0.1371106111685968,False,False,REST,REST
vid1,11.333333333333334,0.1278572495049285,0.9679943375557426,-0.257328854722651,-0.0138938407566988,0.0340087692882276,-0.0440836075388984,0.0467563392291691,0.0135382728497152,0.0196603633853691,False,False,REST,REST
vid1,11.366666666666667,0.1589322114857532,0.9500249825030108,0.0628141612347735,-0.0179448034473828,-0.0288524753949682,-0.0523846623177385,-0.1227467913750828,0.0135550368614801,0.0550542161482219,False,False,REST,REST
vid1,11.4,0.5142589039159514,0.964627277277156,0.2656250675893212,-0.0193005399971077,-0.1009774054728923,-0.060458227991293,-0.3736541865832322,0.018132924271371,0.1443833387043555,False,False,REST,REST
vid1,11.433333333333334,0.1596528361283504,0.9788537569299112,0.4815666976970982,-0.0241682891936373,-0.0411091387652875,-0.0756814810716737,-0.0692618803899645,0.0226847858353856,-0.012761684340754,False,False,REST,REST
vid1,11.466666666666669,0.1740647609301967,1.0078504771852257,0.1411241277842305,-0.0235378479046626,0.0068419778674025,-0.0718602593732317,-0.1724104654702604,0.0204982482467846,0.1609425246212395,False,False,REST,REST
vid1,11.5,0.0942748692457815,0.993318194097323,-0.2502762345080661,-0.0238736832178413,-0.0173136606670997,-0.0807088433987413,-0.0722320316776113,0.0275456176950289,0.0318060284022571,False,False,REST,REST
vid1,11.533333333333331,0.075803161720228,0.983665618661998,-0.379699021854347,-0.0210989826215253,0.0216371902149935,-0.0745957947608699,-0.0037267440344032,0.0271652290725782,0.0414112258902136,False,False,REST,REST
vid1,11.566666666666666,0.2136089491613245,0.9513510738369172,-0.0824404047008402,-0.0243611005212033,-0.014948424665557,-0.0862779422939558,-0.2071057796749671,0.0314937960472221,0.1524358036015399,False,False,REST,REST
vid1,11.6,0.1935298282412855,0.970238118126523,0.4780958680954661,-0.0227845703529009,-0.0489493976520554,-0.0841635941889593,0.0900929022981859,0.0324510452466455,-0.1641936155449914,False,False,REST,REST
vid1,11.633333333333333,0.0747680803601678,0.9953368748297922,0.5053561936364774,-0.0258586128110873,0.0212977332727222,-0.0868098447172828,0.0060403188553535,0.0293096881704121,0.032378800685079,False,False,REST,REST
vid1,11.666666666666666,0.1579299357301302,1.0271524025906071,0.1969941870511782,-0.0239218019844409,-0.0236095902646221,-0.0803956689574642,0.1345991256901134,0.027190273870946,-0.157892657029199,False,False,REST,REST
vid1,11.7,0.0890649610560139,1.0067667173809467,-0.2246092817643053,-0.0256397527986077,-0.0252916052668535,-0.0717314927777412,-0.0100264840958086,0.0166768369505502,-0.0359868884327522,False,False,REST,REST
vid1,11.733333333333333,0.248150314343706,0.9937976223392688,-0.2880176114994804,-0.0240828035502978,-0.0175975451096616,-0.0788873419684721,-0.2403891576677389,0.0256037355777287,0.1764976775751258,False,False,REST,REST
vid1,11.766666666666666,0.1432721742781362,0.9837811347593248,-0.1659167076979378,-0.0299134455469414,-0.0399720249672449,-0.094950652072255,0.0310478802575731,0.0291812576347955,-0.0973654418642472,False,False,REST,REST
vid1,11.8,0.0952351155175005,0.9911385260508776,-0.0657311938594361,-0.0269480784762618,0.0242542476592896,-0.0895850529015738,0.0432086835684686,0.0297828027429794,0.005505097109563,False,False,REST,REST
vid1,11.833333333333334,0.2435237264261192,0.9798474031247176,-0.1531602485966879,-0.027336730728082,0.0444833514562452,-0.0776689641099724,0.187285451739473,0.0188079949473368,-0.0831879272845399,False,False,REST,REST
vid1,11.866666666666667,0.1819136117369524,0.9805791770900322,-0.2977952042247602,-0.0234559793308547,0.0390208737805446,-0.0698372519249711,0.1202063108186929,0.0188960250785757,-0.0349116748807718,False,False,REST,REST
vid1,11.9,0.1467984609322928,0.9606524358727536,-0.1675108243306039,-0.0238091450513508,-0.0043796691352844,-0.0786832288269611,-0.1459963375371743,0.0259105522454715,0.1183274716740486,False,False,REST,REST
vid1,11.933333333333334,0.3585557871810369,0.9578691275081964,0.0962224966829466,-0.0242854384498513,0.047428465846649,-0.0821453420413674,0.3178363727598489,0.0280591209687797,-0.1907115251163709,False,False,REST,REST
vid1,11.966666666666669,0.0714548074546887,0.9656979830759568,0.1829525526667563,-0.0229577018426981,-0.0010050708594106,-0.0619977119719932,0.0713682076124298,0.0130066384854714,-0.0633959370440838,False,False,REST,REST
vid1,12.0,0.1581393903731873,0.98821630263815,0.1936299916256153,-0.0213925456327482,0.033960601534718,-0.0569415256422691,-0.1043399812584934,0.0114037244532398,0.1500371964482981,False,False,REST,REST
vid1,12.033333333333331,0.2432160940192639,0.9820386573984186,-0.1955347270018769,-0.0201103312844291,-0.0359276751590311,-0.0682478885935106,-0.208205643630576,0.0234293669541491,0.1163534188405741,False,False,REST,REST
vid1,12.066666666666666,0.2244697877188148,0.9635549962580542,-0.0192489885878956,-0.0250671676264232,-0.0476529684030601,-0.0976798178555497,-0.1502765218849875,0.0400922430191013,0.0456381922500339,False,False,REST,REST
vid1,12.1,0.2166386796439123,0.9647992227188208,0.3326002881096024,-0.0247480117578297,-0.0034210920106361,-0.0771424785584973,0.2163076877602114,0.0229229505552954,-0.1928064627586082,False,False,REST,REST
vid1,12.133333333333333,0.1142988329804849,0.9970132553865784,0.2331481722030748,-0.0252086705325847,-0.0319415982731659,-0.0630476311672284,0.0239192359502287,0.0099398221352945,-0.0770352131540173,False,False,REST,REST
vid1,12.166666666666666,0.1012610219804438,1.004717475790812,0.1773100704510482,-0.0245853012168549,0.0163637173793063,-0.0734925202534964,0.0835177459735664,0.020058661217695,-0.0432273256033643,False,False,REST,REST
vid1,12.2,0.1389752773029796,0.9928221850176272,-0.0657786720419736,-0.026147982112676,-0.0116167752332924,-0.0763902492520571,-0.1328977490483893,0.019802256919488,0.0942429335518214,False,False,REST,REST
vid1,12.233333333333333,0.0751444311167401,0.9911418335202378,-0.355660514761914,-0.0256654860409482,0.0190144349223574,-0.0725287050867916,-0.0349270230199973,0.0173197543199538,0.063721018291478,False,False,REST,REST
vid1,12.266666666666666,0.0860726998369392,0.9830057619100754,0.1363762651408185,-0.0229482598613902,-0.0127964636491929,-0.0708028905705476,-0.0735089613460919,0.0206260049718245,0.040882216897528,False,False,REST,REST
vid1,12.3,0.2038218831593298,0.97914660079774,0.2232067765727406,-0.0258310824218436,-0.031053802795024,-0.0896379565741336,-0.1724413960732936,0.0318001749968925,0.0940765513437413,False,False,REST,REST
vid1,12.333333333333334,0.0763545928586159,1.003829767030426,-0.041935040525316,-0.0273261077188485,-0.020789324506052,-0.0834060072880648,-0.0231998437087234,0.0237803105240623,-0.0166652352711006,False,False,REST,REST
vid1,12.366666666666667,0.0952206209870249,1.0089064815181912,0.0258982747336871,-0.0281639725287057,-0.001210407561074,-0.0865728965627158,0.0951263801462621,0.0250357357826774,-0.0842720308899763,False,False,REST,REST
vid1,12.4,0.0370337900411424,0.9759928320354296,0.0717213097840995,-0.0251796765363393,0.0037837710104497,-0.0770872873726618,-0.0345862076300563,0.0221133327306489,0.0365419610946925,False,False,REST,REST
vid1,12.433333333333334,0.1677153650517077,0.990463089636436,0.224833696736021,-0.0278983166263136,0.0257539155582659,-0.0839145391297333,-0.1414477399337438,0.0232093459493171,0.1675910996740705,False,False,REST,REST
vid1,12.466666666666669,0.1535030773458061,1.0290413116045611,0.3319942775192563,-0.0260708009558498,0.043235295560395,-0.090221868666148,0.0259936809663,0.0318812000246149,0.0538740024065581,False,False,REST,REST
vid1,12.5,0.3094493066553812,1.0234997263335908,-0.0152022326804726,-0.0240214309692321,0.0764369741943417,-0.0910827336274491,-0.1556347399560944,0.0362419974044392,0.2693051142361444,False,False,REST,REST
vid1,12.533333333333331,0.1892040613817136,0.9965816349752562,0.0506069621921774,-0.01836842267662,0.0375010279973458,-0.0859337727509509,-0.1363054025535745,0.041774752361328,0.1838867331067406,False,False,REST,REST
vid1,12.566666666666666,0.2871123443211668,1.0194249237659672,0.3281855698787762,-0.0215407594610114,0.0157219910964419,-0.0989148273816845,-0.2817925188955059,0.0473833206070251,0.2710615985596794,False,False,REST,REST
vid1,12.6,0.3979214789266048,1.0339950025410043,1.0025715813453375,-0.020137352238429,0.0357414779138494,-0.1173107205293351,-0.3777570856885741,0.0657442385153782,0.3892586632712497,False,False,REST,REST
vid1,12.633333333333333,0.3036882969946628,1.0750659488888508,1.168531192474123,-0.0198676395260002,0.0767714659673551,-0.1233342259200298,-0.1416418540298927,0.0714212342383003,0.2578136026855612,False,False,REST,REST
vid1,12.666666666666666,0.6529643259694282,1.1176480725046336,1.1954125418189046,-0.0142257138034148,0.1864590229199014,-0.1261817294401956,-0.02601965762767,0.083838854079723,0.3515990663626075,False,False,REST,REST
vid1,12.7,0.7297496717260804,1.1723800260341364,1.4507130726325954,-0.0087839170890572,0.2082320081246137,-0.1255695843231165,0.0403666705745543,0.0929160293637646,0.3327119108036672,False,False,REACH,REST
vid1,12.733333333333333,1.0838928365622886,1.2149226286687154,0.1774833536971179,0.0009558288105481,0.2964205896120686,-0.1231850498830288,0.314652224176706,0.108049493511419,0.2515524209599361,False,False,REACH,REACH
vid1,12.766666666666666,1.2185569309378588,1.2078148554263983,-0.1532731221966382,0.0113735179745204,0.3164933470081743,-0.1103102943481255,0.5083575922807857,0.1153220216012418,0.1197323456436562,False,False,REACH,REACH
vid1,12.8,1.3589439834043997,1.1830498043424478,-0.8182539931676924,0.022296239537777,0.3301121109709714,-0.0868387149939034,0.7158598190182807,0.1143363511910731,-0.0353928479063362,False,False,REACH,REACH
vid1,12.833333333333334,1.5384993994575344,1.131985334906059,-0.93916609257782,0.0335478175999468,0.3812252902372299,-0.0552303515816219,0.7665065121055675,0.1069055855386594,0.0111007223611427,False,False,REACH,REACH
vid1,12.866666666666667,1.6763859977792357,1.1227133612415152,-0.0753309026294083,0.046145967433295,0.4256790643894979,-0.035408346821409,0.7691759566643606,0.1120285096002143,0.0872645155649425,False,False,REACH,REACH
vid1,12.9,2.100574521671355,1.1172770879695368,-0.2935884217532336,0.0613662978867916,0.532712928909224,-0.0102121978890327,0.9683927742072456,0.1171398166167873,0.1041872229626964,False,False,REACH,REACH
vid1,12.933333333333334,2.466548129975585,1.1243060765330304,0.0872104103808907,0.0811965437514603,0.6411540254912619,0.0271864690670132,1.0250028171592622,0.1198523488453063,0.2467256272058101,False,False,REACH,REACH
vid1,12.966666666666669,2.7564453492239376,1.1222816503667254,-0.0534707171343696,0.1045985889457543,0.7044895010957498,0.0658205188149227,1.2333881531767716,0.1278030587136308,0.1785966163511598,False,False,REACH,REACH
vid1,13.0,2.87004978304356,1.1107835105779833,-0.1587834648837561,0.1304688356602967,0.740605837127062,0.1067587607435634,1.2334544359207114,0.1381210556202329,0.2422910343994934,False,False,REACH,REACH
vid1,13.033333333333331,2.784606933496945,1.1170951056987977,0.1903240406919703,0.1551476089706895,0.6972117017578356,0.1458898996071389,1.3424587393694654,0.1478962097189982,0.0715746618380965,False,False,REACH,REACH
vid1,13.066666666666666,2.7871347740002106,1.117655086818286,0.2075282595843705,0.1771788919163936,0.6744371238916778,0.1983680122688363,1.4828235380542425,0.1414738354882785,-0.0898223363806872,False,False,REACH,REACH
vid1,13.1,2.7232252961242023,1.1363826100269376,0.0993804485657874,0.1990187847588216,0.6622829770621589,0.2458554833518169,1.43021861151589,0.1390227190688823,-0.0658555941090137,False,False,REACH,REACH
vid1,13.133333333333333,2.771639988142128,1.1410453826228952,-0.2997988017359403,0.2206572970181201,0.6704997992401445,0.2965516270466927,1.4756256109783077,0.1334456503381005,-0.0905574604701448,False,False,REACH,REACH
vid1,13.166666666666666,2.778334179115201,1.1165443444362355,-0.7763573988742106,0.2440109821415106,0.6932925602704414,0.343107352260377,1.3542617857321335,0.1344711440492526,0.0544655279461876,False,False,REACH,REACH
vid1,13.2,2.7758133551474136,1.0661194733410566,-0.3124636982412003,0.2668698945744924,0.6942667933384894,0.3879426810745178,1.3429342849506245,0.1361087279737011,0.0659657807729267,False,False,REACH,REACH
vid1,13.233333333333333,2.6683199681355014,1.0738025732379808,0.0552203579963565,0.290815120203044,0.6822568392162468,0.4333920676605285,1.191923298764564,0.1391336456589133,0.1751542884672423,False,False,REACH,REACH
vid1,13.266666666666666,2.5771960215706415,1.0967224743756694,0.2431885841023588,0.312856227677361,0.6738063159908095,0.4696721804009702,1.040671901256975,0.146714534154218,0.2908333937043103,False,False,REACH,REACH
vid1,13.3,2.678547261741164,1.1070463847274747,0.4059244476999352,0.3342090385893511,0.7217363559895511,0.5028399923726646,0.8925777011445244,0.1557677283917837,0.5033080176487383,False,False,REACH,REACH
vid1,13.333333333333334,2.7910396802200057,1.107847189546345,-0.5493619722295331,0.3588371568215723,0.7834462772829184,0.5299056768922792,0.5241234163068909,0.1758712034771872,0.9303731604544726,False,False,REACH,REACH
vid1,13.366666666666667,2.9571860768526603,1.0842780234193714,-0.1023219172098514,0.3878139950276719,0.8373391267147443,0.5422021226229983,0.4003220534075028,0.2164032080822273,1.1323978989084147,False,False,REACH,REACH
vid1,13.4,2.953502519299408,1.0793366388827503,-0.1279285078215263,0.4169318847611702,0.8405550482216799,0.5475890473635421,0.269104563214763,0.2631501158340097,1.251372341682308,False,False,REACH,REACH
vid1,13.433333333333334,2.935374116275332,1.0669756912136794,0.1079072537647231,0.4434826564250665,0.8367219376930222,0.5559720226792313,0.2106657649637141,0.3027787162224242,1.2950643374127009,False,False,REACH,REACH
vid1,13.466666666666669,3.076150158535049,1.104482596636339,0.6878782383599394,0.4709912443528014,0.8767539775094412,0.5690117469085901,0.2253823122846922,0.3400772296273792,1.3530211056096506,False,False,REACH,REACH
vid1,13.5,3.1470204463851705,1.1049893334932188,0.623695050818583,0.5018472047095216,0.8989190263669069,0.5696579849934691,0.0996932667080644,0.3939854109455989,1.5006706190609762,False,False,REACH,REACH
vid1,13.533333333333331,3.153120623997335,1.1419721226672288,1.2373530654969385,0.5330386511648479,0.9000485090247757,0.57069215729986,0.1532716232113483,0.4481508278953595,1.4564029230616855,False,False,REACH,REACH
vid1,13.566666666666666,3.1324025983999215,1.1914556749878142,1.1015576410307522,0.5621062137521448,0.8890542398724891,0.576598588138833,0.3662045424992209,0.4943603396641637,1.2531423716506291,False,False,REACH,REACH
vid1,13.6,3.1476191904099933,1.2404920286274237,0.6778177084998641,0.5906474733830303,0.8904126233140012,0.5949622457919267,0.4472920908204646,0.5288848285419482,1.1855263254169222,False,False,REACH,REACH
vid1,13.633333333333333,3.243046423722303,1.2421585943630349,0.2291030415155233,0.6214800894478415,0.910288819613488,0.6113523358673121,0.6096630051897532,0.5691580096245693,1.0804145507153773,False,False,REACH,REACH
vid1,13.666666666666666,3.225606864539607,1.2277311731701186,0.1485209661856149,0.6525556766856829,0.8987178252239142,0.6328452960295782,0.7177528672831027,0.6054540804776839,0.9666611477215488,False,False,REACH,REACH
vid1,13.7,3.1038044666927904,1.2408693315588473,0.4897216073323662,0.6821110156700275,0.8586476155775783,0.6572284646513955,0.778734205126089,0.6365711400541827,0.8432767965718728,False,False,REACH,REACH
vid1,13.733333333333333,2.961753849836955,1.2774035417839316,0.5004179724677129,0.710157352780237,0.7902934848047231,0.6879237953277126,1.060590023432188,0.6595744055401372,0.4792556125779976,False,False,REACH,REACH
vid1,13.766666666666666,2.6942845342480464,1.2893963319455897,0.0965672890521109,0.7356676198943932,0.7022404475392571,0.7239769959941718,1.1050620357373528,0.6734748913002326,0.2854279099079586,False,False,REACH,REACH
vid1,13.8,2.5288848364006724,1.282873578816067,-0.5260769454164821,0.7572997182522752,0.6166001169558658,0.7638752026488252,1.319150168608266,0.6772098181154309,-0.0505934454474355,False,False,REACH,REACH
vid1,13.833333333333334,2.392932543792085,1.249629344717328,-0.8497950783839827,0.775748515621784,0.5436815393761891,0.8128344049009784,1.4515296918372822,0.6675020809115908,-0.2936086053915248,False,False,REACH,REACH
vid1,13.866666666666667,2.3969565649816684,1.21882745953741,-1.0022615102430488,0.7919790905196474,0.5571088000561398,0.8612985561708916,1.3947186048853817,0.654306237501366,-0.220854459064424,False,False,REACH,REACH
vid1,13.9,1.9341635903076984,1.1796981634206776,-1.1049405843694196,0.8134730732851383,0.4132975102635714,0.9137139522015324,1.2843436708605809,0.6469895862297723,-0.3794049487493731,False,False,REACH,REACH
vid1,13.933333333333334,1.5139537457898342,1.144479599231205,-0.8371776806513792,0.8258949223207064,0.2462421455803208,0.9460483281177702,1.2448457715210992,0.6409976888593832,-0.6401830106940564,False,False,REACH,REACH
vid1,13.966666666666669,1.5438228015961408,1.1157644775394775,-0.7965758501204846,0.8290853139339205,0.0911114731098751,0.9829470856540532,1.5105456111422348,0.6147696077714675,-1.1434303276106363,False,False,REACH,GRASP
vid1,14.0,1.697376701116302,1.1021419038818947,-0.9421431830130674,0.825247625304041,-0.0193265658888605,1.043009640412974,1.6960289939610695,0.5561353018395145,-1.498525631271442,False,False,REACH,GRASP
vid1,14.033333333333331,1.7696601799949985,1.0788555043849144,-1.985467217908602,0.828015368229471,0.0153579056048303,1.111948579155494,1.7688440370976102,0.501496556756139,-1.500172533389616,False,False,REACH,GRASP
vid1,14.066666666666666,1.5908800340606544,0.9722766475253012,-2.283785282049482,0.8274704645105663,-0.0027216910595751,1.165728899354788,1.5908515280756448,0.4540988934637224,-1.3784012139454946,False,False,REACH,GRASP
vid1,14.1,1.2081964828729683,0.8743656856531171,-1.914919507085872,0.8264390974562488,0.0151594120656391,1.21377880682108,1.2070314759019898,0.4107903764637859,-1.0154342577742803,False,False,REACH,GRASP
vid1,14.133333333333333,1.0641902688593283,0.8298035567601488,-1.380025694443528,0.8271944128492226,0.044867269466454,1.2516624186398395,1.052545939622821,0.3794136023193039,-0.8296064690946507,False,False,GRASP,GRASP
vid1,14.166666666666666,0.8262652748033653,0.8248917840522857,-0.7569686281524535,0.8301534169295447,0.0991261422030816,1.281762591497141,0.7499368249150138,0.358647218008599,-0.4725467571092241,False,False,GRASP,GRASP
vid1,14.2,0.6266353245931958,0.7755249488915682,-0.7197074003601435,0.8340653477607355,0.1224687593670778,1.2995120230531223,0.4571975438424068,0.3502269788683684,-0.1785816028516897,False,False,GRASP,GRASP
vid1,14.233333333333333,0.5254063329886695,0.7479979192068947,-0.0280068383568897,0.8387967761962535,0.1103792753825919,1.3145023933708797,0.3561972528593718,0.3456355664597877,-0.1127144659005314,False,False,GRASP,GRASP
vid1,14.266666666666666,0.313644982597967,0.7738595266468367,0.7691492705524787,0.8428502439588829,0.0887182852785666,1.3198358800596832,0.0447410882780143,0.3481855266115246,0.1179722646492046,False,False,GRASP,GRASP
vid1,14.3,0.1290689692860018,0.8284625782117427,0.6043648789696319,0.8448219788073863,0.0368338984967039,1.3183065908584908,0.0068538525785775,0.3529864253067503,0.0591004156487562,False,False,GRASP,GRASP
vid1,14.333333333333334,0.0452018863903491,0.8352624835687511,0.3857616033692645,0.8449684518981376,-0.0049784949458919,1.3148503462215126,0.0417101776306551,0.3562292186536702,-0.0448019430911676,False,False,GRASP,GRASP
vid1,14.366666666666667,0.1352352591939118,0.8256040196010992,0.490854128343718,0.8442466445916322,-0.0223227547877333,1.3189786261712315,-0.1103963029685104,0.3513906009677831,0.0559164704411006,False,False,GRASP,GRASP
vid1,14.4,0.1723209362427312,0.8591877323099729,-0.0752156672536664,0.8430002168705371,-0.0492465880672196,1.3163154330193962,0.0003568402763603,0.3514899323590538,-0.0872369482693518,False,False,GRASP,GRASP
vid1,14.433333333333334,0.1638002576847776,0.866294719568619,-0.0663080081503514,0.840978874640789,-0.0423243233852128,1.3119428483256317,-0.0699808917315874,0.35169735268531,-0.0142858781119956,False,False,GRASP,GRASP
vid1,14.466666666666669,0.1596612014506478,0.8379355167931938,-0.7250860616074885,0.8396415730384607,-0.0454203483366593,1.3072762557162467,0.0152416984325464,0.3533660810761426,-0.0933350741383869,False,False,GRASP,GRASP
vid1,14.5,0.1395761941320375,0.7863363239879053,-0.5752401872962238,0.8377063680829019,-0.020810933610292,1.3186004670608618,0.1190744146608697,0.3401723850343298,-0.1395479591295501,False,False,GRASP,GRASP
vid1,14.533333333333331,0.0908064361774098,0.8042598696572754,0.0436961007053396,0.8380575800989875,-0.0001541102881155,1.3157235099503857,0.0908048349891333,0.3432764012391175,-0.0786761079676562,False,False,GRASP,GRASP
vid1,14.566666666666666,0.0688036190631693,0.790806542244356,0.5438738323186462,0.8378090254416555,0.0194270619152844,1.324266291502358,0.0106271212637714,0.3354615218695604,0.0251163326855964,False,False,GRASP,GRASP
vid1,14.6,0.1037878268693579,0.8399607794213398,0.5490058560813568,0.8397607994619919,0.0270727127203431,1.3195937309610068,-0.0424019457148643,0.3429411968287467,0.0843993979640181,False,False,GRASP,GRASP
vid1,14.633333333333333,0.1022624543442875,0.848906845165558,0.3985314067373044,0.8399232214097444,0.0237796169416147,1.3194397147862555,-0.0594475798854756,0.3433608829319094,0.0933043058660026,False,False,GRASP,GRASP
vid1,14.666666666666666,0.1572354405827825,0.873774068753874,-0.0625464990245736,0.8412847319577746,0.0264953754660369,1.3124315179377029,-0.1269947359091839,0.3518153098699881,0.1564206759605477,False,False,GRASP,GRASP
vid1,14.7,0.1177305485211663,0.8301330992537038,-0.2760158832065714,0.8413791597313088,0.0263494158711734,1.3142491956066544,-0.0732092985965004,0.3504125448118446,0.1097228005168867,False,False,GRASP,GRASP
vid1,14.733333333333333,0.1476497419077433,0.8450919618160426,-0.1154755838120415,0.8432102009798284,0.0311679320016362,1.306355667045625,-0.0995297596693631,0.3604602019677017,0.140954332486281,False,False,GRASP,GRASP
vid1,14.766666666666666,0.1173692484150409,0.8317052416985182,-0.4667237574041916,0.8435728434357203,0.0333220119421148,1.3046480321573195,-0.013430529227701,0.362574761117594,0.070415567765958,False,False,GRASP,GRASP
vid1,14.8,0.1852534963182026,0.8215518708878238,0.0377551600348918,0.8449984988316155,0.0520660063063812,1.3065178927940002,-0.033572066061855,0.3634767890067523,0.1208929043185733,False,False,GRASP,GRASP
vid1,14.833333333333334,0.3281054205272338,0.810658902531334,-0.4925368174723125,0.8464530954981454,0.0776451432083607,1.3091487180353731,-0.1839488078225179,0.3637728597955194,0.2958851021524757,False,False,GRASP,GRASP
vid1,14.866666666666667,0.6560837211176578,0.812946205835228,-0.5207960193211901,0.8499741886828417,0.1334534296071913,1.2981141976953126,-0.4608504474258004,0.3795157965276826,0.6334830654001908,False,False,GRASP,GRASP
vid1,14.9,1.0611498259803904,0.7926070542460197,-1.2184102469017626,0.8546511953335624,0.199111098917589,1.2773320796488092,-0.8003900983345,0.4057155400848261,1.0425507657012112,False,False,GRASP,GRASP
vid1,14.933333333333334,1.42624572547598,0.7058009692783997,-1.098343057705661,0.8630345001299747,0.2617414781800055,1.2449698674348153,-1.0933253086401706,0.4484562070774427,1.4060348626234205,False,False,GRASP,GRASP
vid1,14.966666666666669,1.7516564888336534,0.6882626991025345,-0.5705267035735208,0.8730593200322915,0.3118840971001482,1.2043187603661252,-1.3701495110391522,0.5012513575527761,1.733565069999487,False,False,GRASP,GRASP
vid1,15.0,2.109246022041407,0.6859809411769482,-0.3192748201438453,0.8842256507429241,0.351842355489091,1.1531328737076767,-1.712659218335039,0.5651575720647409,2.09983326662986,False,False,GRASP,GRASP
vid1,15.033333333333331,2.3379201930311573,0.6924832714672153,0.0173198599874995,0.8960560590435805,0.3825367215050443,1.0908088761810573,-1.91680954892943,0.6398530348592432,2.330284739211218,False,False,GRASP,GRASP
vid1,15.066666666666666,2.5947747638731524,0.6637824186176504,-0.1301297839649905,0.9100149514298876,0.4161976876231584,1.02155288772814,-2.147545309188491,0.724290968145658,2.5889275712873867,False,False,GRASP,GRASP
vid1,15.1,2.749830532079637,0.6800478330351071,0.2230430746959421,0.9245137230861844,0.4235504260611185,0.947018341848928,-2.3162605708345465,0.8142395741984401,2.747581109171332,False,False,GRASP,GRASP
vid1,15.133333333333333,2.813786918092329,0.6950730519845959,0.342117038331052,0.9387687179675784,0.4169268507564256,0.8681281485745813,-2.406045218514834,0.9075186901975756,2.813412551358691,False,False,GRASP,GRASP
vid1,15.166666666666666,2.8366481481822654,0.7053931108253857,0.0956789911720101,0.9526764990537722,0.3802678834936076,0.7829808982551636,-2.505204804759592,1.0055874754315677,2.8343209247976304,False,False,GRASP,GRASP
vid1,15.2,2.703619797305226,0.7018845043334303,-0.2105494581183061,0.9649639356988616,0.3295349805216566,0.6988976203345023,-2.445393188102751,1.0998773983203978,2.6931250335632884,False,False,GRASP,GRASP
vid1,15.233333333333333,2.5548125765750807,0.6871897653055602,0.107072104988791,0.9749903731633494,0.2669501128517762,0.6186660735685753,-2.377926347913057,1.1868505426213525,2.524398563800684,False,False,GRASP,GRASP
vid1,15.266666666666666,2.5073753238175445,0.6898075219010569,0.2814779493499793,0.982166298151528,0.2204938175360669,0.5417428830557743,-2.3857200077446157,1.2659354832072205,2.4491243975757606,False,False,GRASP,GRASP
vid1,15.3,2.4974731432064794,0.7155934564096035,0.5034470962622616,0.9887806883319548,0.2031886795811279,0.4629863947527952,-2.3941329002162943,1.34561215021111,2.425841789022476,False,False,GRASP,GRASP
vid1,15.333333333333334,2.4640619767061014,0.7428412986162609,0.3865631876660157,0.9954458263779756,0.1840917768083959,0.379829584857791,-2.3783726063790547,1.4291777879234322,2.378524426138179,False,False,GRASP,GRASP
vid1,15.366666666666667,2.2712056945692747,0.7437513529821652,-0.3975340004998843,1.0018327241352138,0.1590467261961881,0.2990051323558834,-2.2019658879897768,1.51023844376942,2.181999790083732,False,False,GRASP,GRASP
vid1,15.4,1.9175865762162323,0.7175171654858614,-0.592502267169092,1.0064253385128552,0.116680462413723,0.2294120603866402,-1.8736181438299784,1.5784343081745018,1.823708978048313,False,False,GRASP,GRASP
vid1,15.433333333333334,1.562859754980552,0.6873627877516906,-0.7174046181560981,1.0098085664495344,0.044930666134298,0.1733850857281338,-1.554931811012302,1.63278195024306,1.4218930938408154,False,False,GRASP,GRASP
vid1,15.466666666666669,1.2287626081986929,0.6544868797929209,-0.0454214088811122,1.0103735899403006,-0.0310908508394195,0.1277474571983845,-1.223937103203106,1.6731844431412957,1.001909393339386,False,False,GRASP,GRASP
vid1,15.5,0.9447674902206272,0.6743771029837988,0.8428039592196883,1.0074165961772883,-0.0911410147105162,0.0911199818875768,-0.8893137181755054,1.6995902776706708,0.6069847969730969,False,False,GRASP,HOLD
vid1,15.533333333333331,0.7106868563121261,0.7224732467095135,0.94428492898432,1.0026715829182906,-0.1312214936606034,0.0663079975189775,-0.5424445225833051,1.7126380362140916,0.2367367247262809,False,False,HOLD,HOLD
vid1,15.566666666666666,0.520917231792629,0.7698916591523743,0.932203960685162,0.9980889842213846,-0.1207047924199033,0.0577456988690755,-0.3049009262148576,1.711941936818069,0.0501970768043429,False,False,HOLD,HOLD
vid1,15.6,0.4143298588929132,0.7809471802020913,0.301170524869519,0.9941428290828715,-0.0972611632824313,0.0531423257632091,-0.2363146628875222,1.7089509965631362,0.0323593988649511,False,False,HOLD,HOLD
vid1,15.633333333333333,0.3729063007713591,0.7804386108354405,-0.0493862551102876,0.9912333566214124,-0.0754502836235145,0.0449865736643475,-0.2633578518476479,1.7108572310207406,0.0942094525617585,False,False,HOLD,HOLD
vid1,15.666666666666666,0.3286689300220578,0.7769889310024595,0.1083776581621799,0.9895666059183502,-0.0472500464520885,0.032892545469527,-0.2840559870692818,1.7183575322809197,0.161859297868163,False,False,HOLD,HOLD
vid1,15.7,0.2624211495663855,0.7765734711876598,0.0969452053337189,0.9881917170115329,-0.0319151382703151,0.0245638779619042,-0.2374730603018035,1.723121876293681,0.1487067612295951,False,False,HOLD,HOLD
vid1,15.733333333333333,0.2081006044280079,0.7873729654853211,0.1886802567893846,0.9874008706079168,-0.0215563079288476,0.0178863866844031,-0.1939494940012154,1.7274914740434413,0.1294121360458769,False,False,HOLD,HOLD
vid1,15.766666666666666,0.1669481751259084,0.7987833173359633,0.1394034165374639,0.9871197933424292,-0.0168774187047676,0.0119440692444898,-0.1561538806088108,1.7321261286151124,0.1050371367679169,False,False,HOLD,HOLD
vid1,15.8,0.1288966599333224,0.7918548791194846,0.0882439677466113,0.986471837766272,-0.0159214939810248,0.0067272513364093,-0.1162350148192762,1.7354867570935757,0.0722571635792356,False,False,HOLD,HOLD
vid1,15.833333333333334,0.1321757495606524,0.7984261754624131,0.1141481100940384,0.9858313665441862,-0.0158940931911309,0.0048829963438894,-0.119905514656275,1.7359486077688426,0.0754747689397969,False,False,HOLD,HOLD
vid1,15.866666666666667,0.1229731049127827,0.8061967636189156,0.0204090965233286,0.9852179607803896,-0.001852913015257,0.0007576216394633,-0.1228020663685345,1.738427832401431,0.1027608916275649,False,False,HOLD,HOLD
vid1,15.9,0.1300828168293049,0.8051442726642936,-0.005184699388094,0.9854566752597682,0.0160172229286239,-0.0045292496468565,-0.1173896654075714,1.7434140751246383,0.1296315499431205,False,False,HOLD,HOLD
vid1,15.933333333333334,0.1321717056406012,0.7982976251521533,-0.2228644023099988,0.9863614260452552,0.0267571879369208,-0.0090742318776728,-0.0932916468628884,1.7489354153938053,0.1277823927064677,False,False,HOLD,HOLD
vid1,15.966666666666669,0.1289922460531932,0.7890006301102802,-0.0170912754540058,0.9877177562277396,0.0342068940208869,-0.0096523928040169,-0.0480853287926978,1.7518287797550909,0.1018997076369612,False,False,HOLD,HOLD
vid1,16.0,0.0955669981743367,0.7933261693573989,0.0935578120481754,0.9887824607494892,0.0257206140731297,-0.0114752259517025,-0.0321412341069804,1.755282067437134,0.0731532494644388,False,False,HOLD,HOLD
vid1,16.03333333333333,0.0380013955976361,0.798398275216104,0.0373285516243721,0.9896843705201652,0.0070581683538489,-0.0122993799424801,-0.0288814750128004,1.757585699336912,0.037396178974375,False,False,HOLD,HOLD
vid1,16.066666666666666,0.060447496351859,0.8032552797603084,0.1580210406563605,0.9896576365072284,-0.0155130245966898,-0.0130380714152671,-0.0265959108211611,1.758176321230586,-0.0044193599009432,False,False,HOLD,HOLD
vid1,16.1,0.1321245302330326,0.8047767284982024,-0.2169106057795399,0.988474391902588,-0.0369758975370239,-0.0134960121127771,-0.0267719998214367,1.7564830896296673,-0.0421530425192528,False,False,HOLD,HOLD
vid1,16.133333333333333,0.1495909337101984,0.7947443761132028,-0.238953802729258,0.9866378325929674,-0.0408254476154551,-0.0151168467488045,-0.0443872447926734,1.7546407267015898,-0.0337385518408578,False,False,HOLD,HOLD
vid1,16.166666666666668,0.1090134258196093,0.7849559564327098,-0.351375756847132,0.9852863478081684,-0.0283874164067663,-0.0177124530564423,0.0449131082201743,1.7544962571541631,-0.088888305576633,False,False,HOLD,HOLD
vid1,16.2,0.0962820448456627,0.7622147141165495,-0.2186714226068805,0.984659675390984,-0.0158456128910383,-0.014231020939519,0.0787145236499217,1.7503840802691015,-0.095935155634143,False,False,HOLD,HOLD
vid1,16.233333333333334,0.0882680744475216,0.7713962430397371,-0.1295474323900673,0.9845214973659576,-0.0046322511604971,-0.0091986156652726,0.0867670738474947,1.7457950168403982,-0.0830944652623059,False,False,HOLD,HOLD
vid1,16.266666666666666,0.044702657906272,0.7639723341049989,-0.2952441063302854,0.9844415594578756,-0.0005361441024194,-0.0054809987888384,0.0446632745240588,1.7424439917760308,-0.0395102243373779,False,False,HOLD,HOLD
vid1,16.3,0.055209484159652,0.7499808349942,-0.0516466746786909,0.9843577372364896,0.0092477628663563,-0.0080158873916832,-0.0447322021956889,1.744484742539966,0.0549472694555304,False,False,HOLD,HOLD
vid1,16.333333333333332,0.0918511331868168,0.7443859233096873,-0.1816003034656792,0.9849373953788614,0.0175607151806418,-0.0089539951163986,-0.0682704452673964,1.746317935609313,0.0899448278623203,False,False,HOLD,HOLD
vid1,16.366666666666667,0.1356349597841487,0.7481921390562375,0.2393169600411153,0.9857047993591732,0.0249491282897297,-0.0121888779745682,-0.1038050028147548,1.7504656490443706,0.1336684511672293,False,False,HOLD,HOLD
vid1,16.4,0.1879303421889558,0.7615920666877142,0.2460799385130317,0.9867211503846678,0.0301158889142636,-0.0158241156220824,-0.1556051023533316,1.7553984779021397,0.1875147082332166,False,False,HOLD,HOLD
vid1,16.433333333333334,0.2374765137604219,0.7623629816115227,0.1967293736574955,0.9876666156425692,0.0287841335261688,-0.0220656656204602,-0.2150596438577989,1.7624565623937831,0.236499061524854,False,False,HOLD,HOLD
vid1,16.466666666666665,0.192861079526329,0.7814297671690901,0.2311900635740579,0.9887312768229312,0.033793764926601,-0.031681225339718,-0.1523567048533967,1.7726382867521575,0.1912020223324184,False,False,HOLD,HOLD
vid1,16.5,0.1476414331733185,0.77610278639451,0.1364980018390708,0.9899516357550592,0.0261666040040181,-0.0361302068869503,-0.1158216772226461,1.7786338402376047,0.146193126459197,False,False,HOLD,HOLD
vid1,16.53333333333333,0.0649981028760901,0.788035320799231,0.0649856351820806,0.9907818516543404,0.0169602696429074,-0.0374313457669927,-0.0265097883337882,1.7812227653840895,0.0528273219832015,False,False,HOLD,HOLD
vid1,16.566666666666666,0.0131996386840103,0.7843069982918166,-0.0058134462204568,0.991212294738633,0.0025417716174316,-0.0355759747593724,-0.0097533118077592,1.7803805803602777,0.0129080225676355,False,False,HOLD,HOLD
vid1,16.6,0.0544455559520084,0.785886737352658,0.0606647623432938,0.99080180985069,-0.0119124441659684,-0.0386031892784923,-0.035026033911013,1.7822698058404003,0.0092151578759613,False,False,HOLD,HOLD
vid1,16.633333333333333,0.0776395883480174,0.783598564600062,-0.1163433274121477,0.9903789985443998,-0.0221858617236618,-0.0381794419711362,-0.0011293998719985,1.7811575916728175,-0.0381867622416403,False,False,HOLD,HOLD
vid1,16.666666666666668,0.083300335703304,0.7848802294774002,0.0358058286390048,0.989195313837647,-0.0228174663750486,-0.0395475649973929,0.0237547813251218,1.7802494665304205,-0.0607875288974186,False,False,HOLD,HOLD
vid1,16.7,0.126766281793254,0.7807469166776807,0.0168504434376225,0.9882860280858649,-0.0061152707320714,-0.0374849133840947,0.1249472227479548,1.7768634524894986,-0.1186783325521893,False,False,HOLD,HOLD
vid1,16.733333333333334,0.1025045320916783,0.783553065705288,0.0074280899788114,0.9885907925748512,-0.002565886424894,-0.0309104937552747,0.1021105657518719,1.7717248308306155,-0.0926950787021229,False,False,HOLD,HOLD
vid1,16.766666666666666,0.0955136294625433,0.788598815220064,0.0811980366536537,0.9889583063857472,0.0066059450122576,-0.0264986826472901,0.0926744042747248,1.7685642446734726,-0.068357679838189,False,False,HOLD,HOLD
vid1,16.8,0.0246634191077378,0.7868717148067847,-0.0157398204343804,0.9891057851258171,-0.0070225902464825,-0.0246482782891083,-0.0021098793421729,1.767226866478248,-0.010574356096412,False,False,HOLD,HOLD
vid1,16.833333333333332,0.0559824030071464,0.7856162302777162,-0.0469798281108004,0.988328710218311,-0.0158174361057804,-0.0290643262759647,-0.0084081584375929,1.7696681639480956,-0.0206606421605274,False,False,HOLD,HOLD
vid1,16.866666666666667,0.1098792442890695,0.7857847888438556,-0.0115777183198536,0.9881377427192076,-0.0203254002573835,-0.0276385055976437,0.0837567906268089,1.7680999693821249,-0.1081964337231135,False,False,HOLD,HOLD
vid1,16.9,0.2770447046034029,0.7844300850663963,-0.1268336981726064,0.987392775469803,-0.0621613966131458,-0.0247938763993959,0.1715885281633047,1.7643288193852984,-0.2578812831462932,False,False,HOLD,HOLD
vid1,16.933333333333334,0.577426822077873,0.7760303426503472,0.055289778168339,0.9851141559669288,-0.1078982514345156,-0.0168898134363828,0.4368948864259583,1.7534820125690456,-0.5676896362196757,False,False,HOLD,HOLD
vid1,16.966666666666665,0.9415725586080153,0.778789784096053,0.3223606273491134,0.9802544463110316,-0.1783010749637381,-0.0007508246595473,0.7052005207804221,1.730968806765944,-0.923627417564485,False,False,HOLD,HOLD
vid1,17.0,1.3388290880637197,0.7992701064411779,0.3604324801291828,0.9730480468600216,-0.2468276801458226,0.0299991785981955,1.0229923902914526,1.6916976212228672,-1.3189814948726422,False,False,HOLD,HOLD
vid1,17.03333333333333,1.708574640894475,0.8225457416931751,0.1349452564540117,0.9638444171784712,-0.2964161887011772,0.0704239543333699,1.3577339906245978,1.640547437495824,-1.695541511375544,False,False,HOLD,HOLD
vid1,17.066666666666666,1.997239275853718,0.8154815384495704,-0.4766577440687699,0.9526126011971806,-0.3402011371962548,0.1190669318410167,1.603710603341984,1.5787212668946278,-1.9852144288218856,False,False,HOLD,HOLD
vid1,17.1,2.302671430459094,0.7852061631033816,-1.0391185473415367,0.9408203359361994,-0.373877605940325,0.1775796129086413,1.894935407353779,1.5073839574157777,-2.296112985674899,False,False,HOLD,HOLD
vid1,17.133333333333333,2.5935850779573912,0.740477008762238,-1.2557841052338226,0.928076074274774,-0.4082730180855383,0.2465743956672703,2.164665375589918,1.4253155939149058,-2.5897212089607744,False,False,HOLD,HOLD
vid1,17.166666666666668,2.742194858156615,0.6867761001267795,-0.8240176398955005,0.913496442994336,-0.4329835642475567,0.3233571735346868,2.2856506554297273,1.33328305420793,-2.7378025741365435,False,False,HOLD,HOLD
vid1,17.2,2.813621923085338,0.6624764446065775,0.0634118386528078,0.8983299914157198,-0.44467170837258,0.4039043880441608,2.344234220002924,1.2369643275514572,-2.809017294904873,False,False,HOLD,HOLD
vid1,17.233333333333334,2.7296384685349033,0.6912797529255047,0.9050646461757498,0.8835892957513394,-0.444189117621287,0.4824684837517985,2.2439126635735525,1.143109428799722,-2.721544290716736,False,False,HOLD,HOLD
vid1,17.266666666666666,2.546218183104799,0.7489482391284406,1.1886919091311172,0.8688728210395188,-0.4292461768618052,0.5553266585163947,2.0560275567351143,1.0542239763443295,-2.5329408023522135,False,False,HOLD,HOLD
vid1,17.3,2.3445105018787142,0.7882917138579489,0.8285265232466454,0.8542409946293817,-0.4008772944968643,0.6212505167550898,1.878588053149106,0.971475274813242,-2.3296572790755157,False,False,HOLD,HOLD
vid1,17.333333333333332,2.0770415185905953,0.7990080503125443,0.6542426253931328,0.8414326845673795,-0.3579869236646727,0.6793675575571219,1.656798447363871,0.8986860782497624,-2.06244735694773,False,False,HOLD,HOLD
vid1,17.366666666666667,1.8314018245448556,0.8162728924067897,0.6600439685185783,0.8305654101412048,-0.3043045173993029,0.7313434791210853,1.490042511724803,0.8346256065564494,-1.8237056042385171,False,False,HOLD,HOLD
vid1,17.4,1.6122964677019764,0.8478510716623935,0.5704254085713171,0.8214764357980164,-0.2736812141647345,0.7789936309621843,1.297077483807008,0.7774391666425338,-1.603037352160773,False,False,HOLD,HOLD
vid1,17.433333333333334,1.3961680735448436,0.8686102597586217,0.478590807257877,0.8126576867633801,-0.2408872645357348,0.8181156508295728,1.1130179502502688,0.7280932096280082,-1.386226845490555,False,False,HOLD,HOLD
vid1,17.466666666666665,1.2033647783677843,0.8756518143048705,-0.0641642104935418,0.8051127106766149,-0.2044719270983319,0.8522383892975957,0.9675649104788484,0.6853122393524325,-1.1963581555708789,False,False,HOLD,HOLD
vid1,17.5,1.0216963312630571,0.8651896848994028,-0.3201860687158675,0.7986638957199741,-0.1674994912870082,0.8809891299097778,0.8368666865551954,0.6491045563464714,-1.018245914615689,False,False,HOLD,HOLD
vid1,17.53333333333333,0.9678131780116394,0.8495396600394193,-0.2988847135192362,0.7945491530472842,-0.1438475836130615,0.9069669482081286,0.8266249144379941,0.619411157379327,-0.967653056554058,False,False,HOLD,HOLD
vid1,17.566666666666666,0.9397819617125076,0.8331888023650841,-0.3517468091938908,0.7898160719287443,-0.1329170068185234,0.93345652249697,0.816625327976405,0.5881844148698562,-0.9397246837019024,False,False,HOLD,HOLD
vid1,17.6,0.993352596600812,0.8311474715172085,-0.0819124605837397,0.7856221103850898,-0.1383145193647233,0.9611923629642782,0.8674740989096664,0.5568332427998415,-0.9931568478093892,False,False,HOLD,HOLD
vid1,17.633333333333333,0.9875176924288644,0.8284217169755584,0.0212498064850016,0.7806067024290403,-0.1378952690536518,0.9925258990892168,0.8616095330087454,0.5209256976674154,-0.9873531259994316,False,False,HOLD,HOLD
vid1,17.666666666666668,0.9950437071690028,0.8329017106118252,-0.1557694587259261,0.7764036668336781,-0.1306718288337545,1.0191213128214671,0.8837673863279943,0.4905431927132805,-0.9937343577956232,False,False,HOLD,HOLD
vid1,17.7,0.831403631724762,0.8339122292762539,-0.590603550056641,0.7713258309079436,-0.1074725148573855,1.052053516809608,0.741491786470468,0.4531451054464434,-0.8299377733795288,False,False,HOLD,HOLD
vid1,17.733333333333334,0.6300708751485434,0.7991708588498774,-1.0320011569609693,0.7687724033604768,-0.079320318042824,1.0741042935509348,0.5656446069191254,0.4295984459933388,-0.6284116063589112,False,False,HOLD,HOLD
vid1,17.766666666666666,0.3872574233408755,0.7417979801221153,-0.8748443281444294,0.7666866766535755,-0.0695882101333344,1.0912729731675763,0.3011257189621469,0.4110927340400582,-0.3828378573228743,False,False,HOLD,HOLD
vid1,17.8,0.1119835966839612,0.7190006956450855,-0.356958842123959,0.7643761457237808,-0.0227559967761716,1.091129901622235,0.0787398860277933,0.4071377758834328,-0.1081550904014547,False,False,HOLD,HOLD
vid1,17.833333333333332,0.1349058271263243,0.7329237675673206,-0.0475396073085304,0.7638369623887827,-0.0170761215486208,1.0924189062552794,0.1209517157430991,0.4050730512408908,-0.1345762902559654,False,False,HOLD,HOLD
vid1,17.866666666666667,0.0628664347679798,0.7321789589429876,0.3197290760133888,0.7645807816621278,-0.0031341389312241,1.0968279028606422,-0.061902490356855,0.4025791401710785,0.0479164759646042,False,False,HOLD,HOLD
vid1,17.9,0.0189308475049386,0.7395311103280967,0.153975825775142,0.7647814539564189,-0.0045336905130297,1.0950232152477783,-0.0103300693596163,0.404491592384568,0.0009165872752763,False,False,HOLD,HOLD
vid1,17.933333333333334,0.1703553047850722,0.7457284862713246,0.4922994729356497,0.76298845536097,-0.0173622515512741,1.092286604004951,-0.1591540607106552,0.4036895223540966,0.1067717826365038,False,False,HOLD,HOLD
vid1,17.966666666666665,0.0840431494297524,0.7808350152200538,0.3401626903139722,0.7630864514191961,0.017666835122992,1.0803069980448954,-0.0569359450419298,0.4142061140888307,0.0803455434590702,False,False,HOLD,HOLD
vid1,18.0,0.0957321630603429,0.7768149476667854,-0.1236338802393309,0.7644670781310923,0.024564961222415,1.0889447289046064,-0.0421447989200472,0.4091850421775554,0.0797507484772817,False,False,HOLD,HOLD
vid1,18.03333333333333,0.1985455176919647,0.7661702883387564,0.2955065138685979,0.7656451134121977,0.0212486360356783,1.0833598061049403,-0.1840981225571793,0.4160866984987413,0.1964643283016295,False,False,HOLD,HOLD
vid1,18.066666666666663,0.2312475955478751,0.768129867294314,0.2949541250078332,0.7659066982229015,0.0183954130226363,1.0790217113842926,-0.2221085355552759,0.42029410442393,0.2242474132092479,False,False,HOLD,HOLD
vid1,18.1,0.3171697219101826,0.8017521091712771,0.8594364371328894,0.7660081144312766,0.019680485333683,1.0605014116834128,-0.3096034288356372,0.4364641974855435,0.3020619472701322,False,False,HOLD,HOLD
vid1,18.133333333333333,0.3277502088834069,0.8320181369746499,1.3052254119341964,0.7665817016282522,0.0826635175809405,1.056986027541857,-0.1541235413189089,0.4405119850414855,0.2789912303158585,False,False,HOLD,HOLD
vid1,18.166666666666668,0.5612818309144548,0.8486173511492776,2.9679676087709224,0.7703987981984286,0.1381267823793208,1.054522190616755,-0.2853675963503435,0.4493771911323342,0.4902143076971483,False,False,HOLD,HOLD
vid1,18.2,0.8514604790332142,1.010323981994689,3.8170678946448624,0.7775860493257204,0.1100317484069919,1.0495584166375584,-0.7594389297251218,0.4663498426189139,0.849951460496738,False,False,RELEASE,HOLD
vid1,18.233333333333334,0.9184902007394606,1.1764392076923706,3.979418433373902,0.7807705108162859,0.1152990957387562,1.005121068104359,-0.8251390691419026,0.5103397378503639,0.9159770521835202,False,False,RELEASE,RELEASE
vid1,18.266666666666666,1.0067789109550265,1.3057207239251492,3.4814240940893453,0.7833411434495202,0.0183823667504799,0.9733056125517344,-1.0047220518503228,0.5423479331316237,0.8999603172477816,False,False,RELEASE,RELEASE
vid1,18.3,1.0376775294330178,1.362581797591098,2.45964091679104,0.781959156395376,0.0182378526508037,0.943915005943962,-1.035713318323224,0.5652853639090449,0.926464170006466,False,False,RELEASE,RELEASE
vid1,18.333333333333332,1.0478181083596283,1.4845073798642778,1.9594108751944124,0.7843196583882723,0.0153275604237809,0.9182907191726026,-1.0464445824601265,0.5915769697975635,0.9305927447748829,False,False,RELEASE,RELEASE
vid1,18.366666666666667,1.0875995326952062,1.528388541867268,0.8279002887979172,0.7817359786959732,0.0210576702116706,0.8588646728306005,-1.0851006678325277,0.6383268540419126,0.9740844092277138,False,False,RELEASE,RELEASE
vid1,18.4,0.874711676594575,1.5267068709711589,-0.5001973218519524,0.7849726180396904,0.1192638986012946,0.8352644255128471,-0.7687417750239931,0.6644173689807806,0.874280222655443,False,False,RELEASE,RELEASE
vid1,18.433333333333337,0.5067838420319841,1.4565084383490454,0.0168012246363561,0.7890829746728569,0.1179339140922495,0.8128600653486676,-0.2941697762359193,0.6910175768530347,0.4621704745135183,False,False,RELEASE,RELEASE
vid1,18.466666666666665,0.5874405940853662,1.4884800921186996,0.8226574533764096,0.7957930621066016,0.1561844160584949,0.8182729521388865,-0.2154356313889097,0.6981883784673941,0.4617074799603056,False,False,RELEASE,RELEASE
vid1,18.5,0.4553434376398101,1.519896688197961,2.489514193593367,0.7995323318711626,0.1245675036783309,0.804690955988291,-0.131709276106076,0.7165160148955221,0.3336058316946081,False,False,RELEASE,RELEASE
vid1,18.53333333333333,0.210604875228325,1.6829726174993922,2.0299935622153176,0.8050061347739017,-0.0322868765230661,0.8110941463983449,-0.1777379799198555,0.720649495273113,0.0964732166686688,False,False,RELEASE,RELEASE
vid1,18.566666666666663,0.7219300321577704,1.7212670908581935,0.1607058707948583,0.8024861523850357,-0.1771412183147503,0.7928099010263316,-0.3701075301180919,0.7319885438180045,0.0068785825239492,False,False,RELEASE,RELEASE
vid1,18.6,1.0406471798529622,1.689290625192548,0.1768182484522468,0.7903382089938621,-0.2709822416620867,0.790353057549781,-0.4287839348146706,0.7126666241231767,-0.1081039701551016,False,False,RELEASE,RELEASE
vid1,18.633333333333333,1.3167439079969356,1.64427286303199,-1.6790628573949056,0.7781188818868753,-0.329125312334439,0.761443039161936,-0.6383620992903501,0.716059297832699,-0.0297795266923859,False,False,RELEASE,RELEASE
vid1,18.666666666666668,1.1983685581107268,1.6361740294530789,-1.1307522968938375,0.7709438494147971,-0.2911308395859776,0.7459949030482532,-0.6311289685705214,0.7167325728231675,0.0310420234274372,False,False,RELEASE,RELEASE
vid1,18.7,1.424451391064835,1.5788427434918506,-1.6623464232736964,0.7605928764595378,-0.3250226431872511,0.7202854016433088,-0.8576789483699564,0.720659779826316,0.1668282542272561,False,False,RELEASE,RELEASE
vid1,18.733333333333334,1.4675392181638924,1.4688060101365816,-2.2260744823693264,0.7469760435143152,-0.3465892312201686,0.6922831013402209,-0.8263634965719592,0.7208018557432541,0.1017205965348761,False,False,RELEASE,RELEASE
vid1,18.766666666666666,1.3163628755597996,1.4385831869669603,-0.9120493242460334,0.7362974789333788,-0.2971785356896967,0.6562326202765276,-0.8071460869499444,0.7330795704284375,0.172346129924879,False,False,RELEASE,RETRACT
vid1,18.8,1.2257795289555704,1.399437380907982,-0.3006028834168094,0.7277612210069212,-0.2885566175359718,0.6349372266132166,-0.6950129549939355,0.7363987715074889,0.0907456479021358,False,False,RELEASE,RETRACT
vid1,18.833333333333332,1.1817126406777092,1.4092940063939705,0.6836710759207705,0.7186476303782467,-0.2908864406298275,0.6175111631640304,-0.6003523749490236,0.7353579641174204,0.0048998409697676,False,False,RELEASE,RETRACT
vid1,18.866666666666667,1.2622699943724751,1.4608755523735946,1.1893985131699638,0.707892242286655,-0.2872140547293396,0.597668147635594,-0.7637393377286491,0.7335059782141095,0.1524562730817399,False,False,RETRACT,RETRACT
vid1,18.9,1.458180378470179,1.5196849567166086,0.5139080563710703,0.6993043663373096,-0.369328513339801,0.5640892155866323,-0.6754037828090445,0.7473401019173092,-0.0687621194465787,False,False,RETRACT,RETRACT
vid1,18.933333333333337,1.534801244171807,1.5153842118020613,-0.1491171033307242,0.6862666655156875,-0.3982163826563855,0.5460420645446387,-0.643438413158302,0.7399088226038126,-0.1473542807514483,False,False,RETRACT,RETRACT
vid1,18.966666666666665,1.6687462871915273,1.4819691165839453,-0.6054605770891117,0.6707249636324782,-0.4322150253176999,0.5268904150849826,-0.7052814574669308,0.7290112061685011,-0.1539703790609878,False,False,RETRACT,RETRACT
vid1,19.0,1.8704067320591824,1.4524226009496166,-0.4888445105946864,0.6555654141043126,-0.5123625341871685,0.5038096242537794,-0.5330979769878874,0.7221807138067625,-0.444113998314134,False,False,RETRACT,RETRACT
vid1,19.03333333333333,2.0448591623102983,1.465630499889446,-0.5092294245075394,0.6410317575278627,-0.5685792147753738,0.4772782387009025,-0.4724329112409053,0.7194343963496149,-0.5957266138591122,False,False,RETRACT,RETRACT
vid1,19.066666666666663,2.5503523933865133,1.4377216736603586,-1.0715325421992372,0.6184675025187962,-0.7231446479993349,0.4741370733703406,-0.3185320422944834,0.6823167325780186,-1.0014450359088998,False,False,RETRACT,RETRACT
vid1,19.1,2.910238189037733,1.3847926693952626,-1.2047972812976149,0.5906161470619492,-0.8257185217253903,0.4698708703750026,-0.3484510394090736,0.6368378088827918,-1.1566727500269125,False,False,RETRACT,RETRACT
vid1,19.133333333333333,2.8758114417132385,1.331133690922558,-1.1197322825645295,0.5613190658684262,-0.8008573409931501,0.4516643801036607,-0.6460277500329603,0.6008434589490521,-0.8558502593350095,False,False,RETRACT,RETRACT
vid1,19.166666666666668,2.880371299077523,1.3132032178928792,-0.6825253329847614,0.5352230337807267,-0.7996944192426779,0.4216940813856393,-0.6829268716517202,0.580656804886715,-0.8219375045186713,False,False,RETRACT,RETRACT
vid1,19.2,2.76757678630436,1.2954190129461112,-0.3560904635486533,0.5098962177717806,-0.777949817700281,0.3986763209871575,-0.4993632373518997,0.5558248865148305,-0.9420497542190948,False,False,RETRACT,RETRACT
vid1,19.233333333333334,3.05730001416515,1.285713053433606,-0.3805504102439632,0.4855258979527018,-0.8649947010603145,0.3867677081072774,-0.4312284216720782,0.523089323948527,-1.154529182532131,False,False,RETRACT,RETRACT
vid1,19.266666666666666,3.282730112762329,1.28268339613158,-0.7967402590165084,0.4527779069698482,-0.929000563639136,0.3808009276413934,-0.4574536978219575,0.4704353204340356,-1.2448669005551267,False,False,RETRACT,RETRACT
vid1,19.3,3.5366347592935967,1.245992498757671,-0.9347529540186196,0.4217617780007889,-0.988314962793544,0.3613817900330454,-0.7404694300691641,0.4324535927625672,-1.1052014874085985,False,False,RETRACT,RETRACT
vid1,19.333333333333332,3.664602412241784,1.1924017705407604,-0.8185580792297151,0.3862308783524867,-1.0113074073361017,0.3281213040389179,-0.9523074716295888,0.3984536105290893,-0.9628787848455252,False,False,RETRACT,RETRACT
vid1,19.366666666666667,3.496035420114004,1.1719579668300102,-0.2548633909161439,0.3538877413537923,-0.952871675139439,0.2937856197376299,-1.051276681231028,0.3710089507216547,-0.7742760151648281,False,False,RETRACT,RETRACT
vid1,19.4,3.3830759408054125,1.1942014430957557,0.1847244269514843,0.3202627657259901,-0.9148367932824604,0.257292593146653,-1.0944903783087396,0.3431643465008634,-0.6698255771090387,False,False,RETRACT,RETRACT
vid1,19.433333333333337,3.0533063665261353,1.2058395599191114,-0.2970903576782053,0.2933874516479572,-0.8207812121786242,0.2201169129993697,-1.0364102230737329,0.3278235022545075,-0.5539494697913724,False,False,RETRACT,RETRACT
vid1,19.466666666666665,3.011470441250645,1.1772840810866587,-0.4701026587541233,0.2667504700866902,-0.78624058556014,0.1881587162265255,-1.2247664066327255,0.3083983986105966,-0.330345894618974,False,False,RETRACT,RETRACT
vid1,19.5,3.164243007718257,1.1514580096558908,-0.5430568906309237,0.2424338856436487,-0.8278311288243007,0.145133650014152,-1.2734181497716863,0.3026247245173866,-0.3617528567733586,False,False,RETRACT,RETRACT
vid1,19.53333333333333,3.218488241270448,1.1396803801906756,-0.4893998238931643,0.2127451924333562,-0.8253709482682169,0.099573726682443,-1.4204312270146795,0.2895570234685417,-0.2304739655954479,False,False,RETRACT,RETRACT
vid1,19.566666666666663,3.265908949802704,1.1313228279931151,-0.0859411869737965,0.1848077437568196,-0.8259437162262031,0.0467039180595227,-1.5210322137235723,0.2858921863694474,-0.1446225841889929,False,False,RETRACT,RETRACT
vid1,19.6,3.1232832334329776,1.1218712492538017,-0.2355257338956478,0.1567656122300238,-0.7901058188227909,0.0009581340912764,-1.453063965885682,0.2758914332184835,-0.1400485949785994,False,False,RETRACT,RETRACT
vid1,19.633333333333333,2.925404235728817,1.1306473460798412,-0.7635793669285434,0.1335818190077513,-0.7354936931921093,-0.0548277469480782,-1.390901638216718,0.283135468389844,-0.0973217749135116,False,False,RETRACT,RETRACT
vid1,19.666666666666668,2.764651256888042,1.0892200382402408,-0.6874624136299285,0.1070958796983966,-0.709285738402972,-0.0959937500634787,-1.218001673285083,0.2719273233744368,-0.2003480398196257,False,False,RETRACT,RETRACT
vid1,19.7,2.5505096388763655,1.0467255898932597,-0.8683620965925009,0.0856997095155275,-0.6634170719347542,-0.1332269128327944,-1.0565321849758582,0.2663077587711976,-0.2588002364278234,False,False,RETRACT,RETRACT
vid1,19.733333333333334,2.359997018024029,1.020785518996166,-0.1745978795267031,0.0636630099408864,-0.631767100167407,-0.1657344214657845,-0.8262311138743598,0.2554772524100509,-0.4017825161215234,False,False,RETRACT,RETRACT
vid1,19.766666666666666,2.0766588691678445,1.0527745450408477,0.2409238932165808,0.0433802421979706,-0.5538202505221848,-0.1917669184566085,-0.7463797206066868,0.2421519905101516,-0.3331391866098945,False,False,RETRACT,RETRACT
vid1,19.8,1.9053703631099717,1.0359148636835744,0.7079704049425617,0.0250984698014232,-0.5186770701374738,-0.2109457700996211,-0.5800806616366256,0.226441157770855,-0.4146937622989767,False,False,RETRACT,RETRACT
vid1,19.833333333333332,1.5821071317591964,1.0976791159641477,0.2708137041283303,0.0101788617248268,-0.4404561120135692,-0.2312044880084834,-0.3573725360237534,0.2175975273831192,-0.468914091839324,False,False,RETRACT,RETRACT
vid1,19.866666666666667,1.4214393980136084,1.0911583873076247,-0.2643802005368454,-0.0038345313995687,-0.3976322036960681,-0.2400881272295919,-0.2908273241397478,0.200531883333861,-0.4507798725898882,False,False,RETRACT,RETRACT
vid1,19.9,1.2057318762174782,1.0626084367387196,0.4461521687739314,-0.0173932214647338,-0.3405373144648462,-0.2425988216281856,-0.1841475384076382,0.1787662458300147,-0.4421084737971337,False,False,RETRACT,RETRACT
vid1,19.933333333333337,0.8694478299603771,1.057512127285441,0.3774039377169274,-0.0269753208793063,-0.2483575307682094,-0.251067151853581,-0.0267227400810128,0.1691640177557974,-0.4153211228432963,False,False,RETRACT,RETRACT
vid1,19.966666666666665,0.7600908358442816,1.1323006764482348,1.463586734534497,-0.0333386755150525,-0.2170590358952901,-0.2540835459508487,0.0294694793023153,0.1605360443994032,-0.4085921373178979,False,False,RETRACT,RETRACT
vid1,20.0,0.925905680565428,1.2016250006340063,-0.1299331951800521,-0.039402520751835,-0.1922623923445354,-0.2502811706983526,0.6361646213655642,0.1465491931201058,-0.8886635696144124,False,False,RETRACT,RETRACT
vid1,20.03333333333333,1.0108727781980955,1.1299213368898415,-0.9184646140427152,-0.0460733928946778,-0.2093795857582009,-0.2131000386569334,0.6964846311713765,0.1026704449849972,-0.970960819434469,False,False,RETRACT,RETRACT
vid1,20.066666666666663,0.8678277572910609,1.082609484486631,-0.6067416813097267,-0.0541872913590903,-0.1963308039263548,-0.1857701118573286,0.5302564813556632,0.0647503788400686,-0.8044002283757092,False,False,REST,RETRACT
vid1,20.1,0.5522286283826701,1.0636306247590572,-0.6424723700018503,-0.0600673209496026,-0.1353259168122927,-0.1677843863882829,0.2841329460713235,0.0388415927549824,-0.4842042498602264,False,False,REST,RETRACT
vid1,20.133333333333333,0.2622292017836421,1.100429092939737,-0.1481291385770823,-0.0643288347866139,-0.0644713758298841,-0.1849760197367454,0.1336840185717476,0.046163134239277,-0.2292307186512489,False,False,REST,REST
vid1,20.166666666666668,0.255241946244689,1.056599929146197,-1.2328831826520077,-0.0634283819702236,-0.0308727399515411,-0.1658097981105053,0.2312540004717738,0.0312038035832407,-0.2541685920637393,False,False,REST,REST
vid1,20.2,0.2508572414706172,0.9993645393771912,-1.6608584771316943,-0.0634417484159888,-0.0683524897936925,-0.1529788847405549,-0.0756624111733472,0.0201015492662123,-0.0553245204960983,False,False,REST,REST
vid1,20.233333333333334,0.2904347633175232,0.9266913059843062,-0.456804438939713,-0.067487499143851,-0.0825506214485729,-0.1653738815968309,-0.030242240739559,0.0236623663464556,-0.1196040724359996,False,True,REST,REST
vid1,20.266666666666666,0.1089023288973493,0.9298055341944752,0.4682982046316618,-0.0736074351544412,0.0150182815567023,-0.1831050442707825,0.0953839964452232,0.0281693162301534,-0.0558479915659183,False,False,REST,REST
vid1,20.3,0.8366291457293173,0.9887715345617154,1.0566364076355252,-0.0697373010270458,0.1471724219517104,-0.1647909217421523,0.6593538808645708,0.0191877246258477,-0.3095241833752219,False,False,REST,REST
vid1,20.333333333333332,1.0379905709429111,1.0516887650297908,0.8783723822696596,-0.059368462332764,0.2055563273803028,-0.1192098442420593,0.7483818550543041,-0.001865761330441,-0.2833362529684384,False,False,REST,REST
vid1,20.366666666666667,0.730965646358074,1.034631960057783,0.0093342321001286,-0.0515752243855668,0.1866028330843644,-0.0999920715761734,0.3285856025186228,-0.0047026318378653,0.045674309362504,False,False,REST,REST
vid1,20.4,0.2009422409123853,1.0311213834603044,0.0758035128685253,-0.0479906501442037,0.0560542939075951,-0.0992063998252224,-0.0436604179368436,0.0009463920258918,0.1366435658891184,False,False,REST,REST
vid1,20.433333333333337,0.3031588043675218,1.0374386274352037,0.1261230086056826,-0.047350814308779,-0.008591379533678,-0.1130329079938954,-0.3016645684234312,0.0140141058038483,0.2453024715140239,False,False,REST,REST
vid1,20.466666666666665,0.3879639128843048,1.0476504709816366,0.2774570453028644,-0.0485495000859893,-0.0810512243296631,-0.1215948146918702,-0.2647295475422123,0.0192908660433807,0.0855071828855992,False,False,REST,REST
vid1,20.5,0.3107024125422475,1.060596424878193,-0.2776255513244553,-0.0553249638007204,-0.0532335317735735,-0.1319822019446518,-0.2486743727083697,0.0162998218679102,0.1207476742996265,False,False,REST,REST
vid1,20.53333333333333,0.1457750974304246,1.0399927480332325,-0.541075524303735,-0.05464019441363,-0.0180808792602384,-0.1401103144250986,-0.1313301390620127,0.0245266567114794,0.081479130150794,False,False,REST,REST
vid1,20.566666666666663,0.1222843815066354,1.0072776488203274,-0.3745195758790166,-0.0537973209009838,-0.0251639519544129,-0.1410162211187913,-0.0848545472688164,0.0267966674402834,0.0288476137291088,False,False,REST,REST
vid1,20.6,0.1780250163608846,0.9964537403400396,-0.5022038849009187,-0.0543941588593227,0.0206615862522579,-0.1453102883685674,0.1626835747454776,0.0294507922014721,-0.1039953860153878,False,False,REST,REST
vid1,20.633333333333333,0.2572291853915921,0.99689073870817,-0.0345063809786391,-0.0567235599203811,0.0102511159754739,-0.1345460753249452,0.2547159055606023,0.016044793254519,-0.2018356258385014,False,False,REST,REST
vid1,20.666666666666668,0.1208783689433762,0.989904736136582,-0.0711476308744634,-0.0522550980557512,0.0109734780679984,-0.1202306508464483,0.1146176091631416,0.0115719707503176,-0.0795947522255967,False,False,REST,REST
vid1,20.7,0.0315988613891914,0.9796591640357704,0.0480864359384469,-0.0518383489654764,-0.0022012971807342,-0.1154403957524145,-0.0306456745074293,0.0081715316728833,0.0225748747307429,False,False,REST,REST
vid1,20.733333333333334,0.0902969395227753,1.0086232893638494,-0.0954091216812819,-0.05581251384032,0.0020231965601675,-0.1338186120696021,-0.0900189912413914,0.0170248316386095,0.0812968470638211,False,False,REST,REST
vid1,20.766666666666666,0.1403930492827101,0.9826869779129488,-0.0201169328821146,-0.0549936083564601,0.0326745081651336,-0.1336300350470358,0.0814755672740732,0.0183075190135602,-0.0126726388905775,False,False,REST,REST
vid1,20.8,0.2827210678870271,0.9807747271056654,0.1755011000353539,-0.0498117616460262,0.061784676380894,-0.1197585701280402,0.1821860698917746,0.0154772757545939,-0.0482450782748683,False,False,REST,REST
vid1,20.833333333333332,0.0747430689201858,0.9939298307494282,0.134038533559504,-0.0487733390638706,0.0180113153013831,-0.1107443009289964,0.0401807647345214,0.0095270373156287,-0.0029003590062772,False,False,REST,REST
vid1,20.866666666666667,0.2407222255474485,1.0167251740718146,0.5849699790900826,-0.0502318113080285,-0.0575253390367423,-0.1203892730809246,-0.1320223746765483,0.0152803856750759,0.0124504613329911,False,False,REST,REST
vid1,20.9,0.1771181347348766,1.022576230962677,-0.2289604177418928,-0.0532313409450146,-0.0222300193784669,-0.1260862063819556,-0.1591231894557933,0.0149046231614221,0.098152665853827,False,False,REST,REST
vid1,20.933333333333337,0.1719829668089152,1.0064115553784756,-0.0375607418149457,-0.0528072446446567,-0.0389225381532648,-0.1306742402948719,-0.1050189560791187,0.0196146965413847,0.0219719602074487,False,False,REST,REST
vid1,20.966666666666665,0.0910569428183921,1.0126041159510764,-0.1880672615116038,-0.0547778475086967,-0.0193171759529137,-0.1317308448702957,-0.0610122329612036,0.0170485472939446,0.0185819062037098,False,False,REST,REST
vid1,21.0,0.0589529397235927,0.9879161419303566,-0.1002686244141103,-0.0543344344358801,0.0120868568545337,-0.1361749144438015,-0.0410694902801235,0.0216684143000898,0.0567962530170251,False,False,REST,REST
vid1,21.03333333333333,0.0860668173642829,1.0075367311032744,0.3120329317688227,-0.0549395668115943,-0.0215492495295791,-0.1337569036259727,-0.0414941804678564,0.018512454567261,-0.0022106644314253,False,False,REST,REST
vid1,21.066666666666663,0.1577036494097695,1.012371105809006,-0.2745755093002957,-0.0533266324919377,-0.0140336500232707,-0.1352022150518683,-0.1498635197862839,0.0226074982305028,0.1046255678406954,False,False,REST,REST
vid1,21.1,0.1677139447789213,1.012978282702618,-0.4252380683500935,-0.0562979918795958,-0.0394453727980312,-0.1442540448905386,-0.0952739739231779,0.0251781963603648,0.0126349065687682,False,False,REST,REST
vid1,21.133333333333333,0.2517542931572991,0.964031222174995,-0.4269897310477805,-0.0576946814969682,-0.0528271913072869,-0.1478451710861588,-0.1709118301817389,0.0258134991329212,0.0543220322396903,False,False,REST,REST
vid1,21.166666666666668,0.0643818766129967,0.9541969683219804,-0.1022969585974363,-0.0595625294709023,0.0070712063461384,-0.1537344322843162,0.0594373956483394,0.0276014153015046,-0.0388384143387772,False,False,REST,REST
vid1,21.2,0.2304099869876305,0.9725399641208228,0.590352847067808,-0.0580802589044919,0.0321955647155939,-0.1470759326080295,0.2009906233702998,0.0244687001249273,-0.1167115451118669,False,False,REST,REST
vid1,21.233333333333334,0.247496383480192,1.010299815016674,0.3886945369567474,-0.0566900190255208,0.0379261452041202,-0.139731630257765,0.2089086843224115,0.0205813886318227,-0.1134327996992669,False,False,REST,REST
vid1,21.266666666666666,0.1671098540729255,1.0040335890738274,0.1541475273032992,-0.0536071006915316,0.0285896089277665,-0.1227124975095578,0.1338577945381413,0.0113283630420911,-0.0651118508952544,False,False,REST,REST
vid1,21.3,0.1234897129155934,1.0173839245955123,-0.2424629803323845,-0.0552424227020102,-0.0079837002254109,-0.1290009998694376,-0.120288343675869,0.0138714470074112,0.0897685438338221,False,False,REST,REST
vid1,21.333333333333332,0.1315819331603225,0.9900908604794376,-0.6084305462141169,-0.0555506257891362,0.021841809725483,-0.1378822667821529,-0.1071104298044256,0.0209958117168197,0.1310375119991597,False,False,REST,REST
vid1,21.366666666666667,0.0732446611177748,0.9721171479364298,-0.4190013047295371,-0.0542227490269085,0.0138730399781841,-0.142556820900685,-0.0548479033392012,0.0273759202366254,0.0718459432217819,False,False,REST,REST
vid1,21.4,0.2176996415803797,0.937696698140887,-0.0198582143906783,-0.0530742292442131,0.0457484252535444,-0.1386331597409695,0.1475382074686926,0.0260154319673623,-0.0466356873449885,False,False,REST,REST
vid1,21.433333333333337,0.278522629928939,0.971771053481747,0.3816638709252467,-0.0519431641165297,0.0393365532952844,-0.1324961185649444,0.2421342309879276,0.0227130233160369,-0.1396312839996057,False,False,REST,REST
vid1,21.466666666666665,0.1442373905449531,0.989994459268012,0.3654123201633768,-0.0505080755610062,0.0174736519727822,-0.120603065055518,0.1306368801062715,0.0149773264394237,-0.0819524084268307,False,False,REST,REST
vid1,21.5,0.0117156580393203,0.999609843635656,0.209069324668096,-0.0489388590390665,0.0022347262058917,-0.1154158952688463,0.0087241210175342,0.0132684838614661,-0.0035880292342503,False,False,REST,REST
vid1,21.53333333333333,0.2811650110750109,0.9914565622273268,-0.2840873304144978,-0.0508274038300783,-0.042874402770382,-0.1209737508923589,-0.237795580277782,0.014733719342876,0.1296402179484744,False,False,REST,REST
vid1,21.566666666666663,0.2855717616920069,0.9838659412698004,0.230546512449641,-0.0530413499608223,-0.0402266094676198,-0.1376373531016736,-0.2484719240477608,0.0252136553065257,0.1435323654706287,False,False,REST,REST
vid1,21.6,0.0710084229867615,0.9951462396881112,-0.0263652239766753,-0.0541758261790363,-0.0120664085282977,-0.1434929700434661,-0.0570920071628957,0.0282670512415257,0.027995918356381,False,False,REST,REST
vid1,21.633333333333333,0.0384699487028827,0.9934035015281094,0.1608559313825582,-0.0537761487086687,0.0058563007018887,-0.1417111415586379,0.0325578701896687,0.027434058720171,-0.0177742111079499,False,False,REST,REST
vid1,21.666666666666668,0.0707922101969521,1.003186588793598,0.5453777011955789,-0.0528098743743946,0.0015077469905352,-0.1335079617302707,0.0705953455696351,0.0220567889903312,-0.058293057944138,False,False,REST,REST
vid1,21.7,0.005964251188481,1.019953774788464,-0.0505402240714213,-0.0532572914568217,-0.0015147411485632,-0.1357120707756851,0.0027348216348471,0.0231701245808514,-0.0050351238441082,False,False,REST,REST
vid1,21.733333333333334,0.2371770822295771,1.0303650181412622,0.1635276374964477,-0.0533919655436624,-0.0350537019361842,-0.1350453520578864,-0.2029976703719979,0.022356732963645,0.1133993878133562,False,False,REST,REST
vid1,21.766666666666666,0.1036987752044276,1.016581395156022,-0.1853267608080564,-0.0553310060471505,-0.0194104490415786,-0.1476325830594544,-0.0783602802782169,0.029802243695077,0.0333961748256943,False,False,REST,REST
vid1,21.8,0.0887917951857576,1.0008395147275668,-0.2798605564760537,-0.055641353604499,-0.0130625952873386,-0.1482233322754212,-0.0761234441588844,0.0297644995578384,0.0426698840896373,False,False,REST,REST
vid1,21.833333333333332,0.193951871644548,1.0076472352956931,0.4298739542138858,-0.0570825274067537,0.0455521063100446,-0.1530340102139348,0.1105042002893401,0.0313742836732508,-0.0150057651294916,False,False,REST,REST
vid1,21.866666666666667,0.4620238411152055,1.0259403532303617,-0.1487932116963074,-0.0527556469766213,0.0823599056083662,-0.1389292203117165,0.3611278950241314,0.0268334144521542,-0.1664308426187594,False,False,REST,REST
vid1,21.9,0.1480959606958113,1.0162638154773032,0.0503653252430345,-0.0492681458525031,0.0293283471482399,-0.1274540065753917,0.1067742794311337,0.0230813621733905,-0.040422992792055,False,False,REST,REST
vid1,21.933333333333337,0.043662089880782,1.0214375698360143,-0.3857880225897891,-0.0482867568279395,-0.0090345878567232,-0.1187060103271314,0.0301161044479479,0.0172603589276007,-0.0419509273368147,False,False,REST,REST
vid1,21.966666666666665,0.2612673613410561,0.9803003666490728,-0.2109171575822684,-0.0527082171051372,-0.0486697444471408,-0.1308933020300939,-0.1981358746208827,0.0199786430441294,0.0851668468836462,False,False,REST,REST
vid1,22.0,0.1782694260273001,1.0023680475777257,0.2292358590030581,-0.0535622083140834,-0.0340597051941995,-0.1432573015714518,-0.1325753214823272,0.0291467096621508,0.0543488422344664,False,False,REST,REST
vid1,22.03333333333333,0.0675783720927433,0.9999798888256828,-0.0644630612360395,-0.0533847072114518,-0.0047006407442864,-0.139534464114882,0.0655461175615926,0.0262456018391817,-0.0648922675910714,False,False,REST,REST
vid1,22.066666666666663,0.040354941887996,1.0191058221492155,0.0577094102283831,-0.0537906425922726,0.011497208214882,-0.1331697786034838,0.0031691645603622,0.0200335624135147,0.0175582153284996,False,False,REST,REST
vid1,22.1,0.0098743338262098,0.9859890584350122,0.0093770191525006,-0.0535326258884224,-0.0025133931211682,-0.135259209964615,0.0044894979860591,0.022293095267668,-0.0083129682597478,False,False,REST,REST
vid1,22.133333333333333,0.0519246343592584,0.9994653209503508,0.5703098915465762,-0.0526855518866384,0.0141656200561977,-0.1390214481945796,-0.0154672487923384,0.0270367773295184,0.0383597611778786,False,False,REST,REST
vid1,22.166666666666668,0.03393660098275,1.0447189830576156,0.1853576559249302,-0.0525890579956985,-0.0012642269912725,-0.1374036424549117,-0.033647046411666,0.0258102357572237,0.0268204571551831,False,False,REST,REST
vid1,22.2,0.1132894663804203,1.0374114624074044,0.6160431623141609,-0.0530542426970541,-0.0309087105901596,-0.1345793322497622,-0.0337232090197653,0.0225504950149337,-0.0254414789723306,False,False,REST,REST
vid1,22.233333333333334,0.0224909188732184,1.0498106416822448,-0.0092305317715491,-0.0544286491400241,0.0040028840114417,-0.1428277093037229,-0.0175970298985673,0.0272463650696618,0.0222596824990982,False,False,REST,REST
vid1,22.266666666666666,0.0356134253516644,1.0470320825541908,0.1172284940495975,-0.0543974393846691,0.0058574629271205,-0.1421627231062493,0.0291243426310682,0.0267272833614062,-0.0148075315712032,False,False,REST,REST
vid1,22.3,0.1496788445182154,1.0728689867002192,0.3882006627047855,-0.053362320862129,0.024882530453945,-0.1365578723753954,0.1217498525089665,0.0237150240519462,-0.0612010712579741,False,False,REST,REST
vid1,22.333333333333332,0.0177492699628697,1.0562388069191917,-0.5608240304211188,-0.0510597053123147,0.0027035517139771,-0.1287086716528432,-0.0150180932386597,0.0210022682219456,0.0177393894961394,False,False,REST,REST
vid1,22.366666666666667,0.0692345335216548,1.053787017606742,-0.165929525877327,-0.0534340807688305,-0.0151982980573164,-0.1380080415988251,-0.0443306818599885,0.0248404821895888,0.0114490102252609,False,False,REST,REST
vid1,22.4,0.1780424326505315,1.0319347573375213,-0.6814651023542868,-0.0530744285083347,-0.0418995715702619,-0.1372024341878473,-0.1010144898559549,0.0247797416557072,0.0132593791668238,False,False,REST,REST
vid1,22.433333333333337,0.1646789803545702,0.9967802842140836,-0.1207735977234117,-0.0558460161867402,-0.0234163142870632,-0.1422286985369626,-0.1428478620594744,0.0242272574864655,0.0820059599218737,False,False,REST,REST
vid1,22.466666666666665,0.1512270701860956,1.00872167664234,0.873810744133103,-0.0553074697328036,-0.0128316575952626,-0.143194109283404,-0.1444078979824739,0.026011455622037,0.1020367196408787,False,False,REST,REST
vid1,22.5,0.1261173928445785,1.0655188171777552,0.2421602269202498,-0.0566813095333658,-0.0309566098575946,-0.159044183438529,-0.0645915307072812,0.0372718975426833,0.0011267610249259,False,False,REST,REST
vid1,22.53333333333333,0.2079542761586703,1.0821875831777872,0.1950593733486866,-0.0568537837409293,0.0454852820320017,-0.1528074794987668,0.1338406402071522,0.0315824616874956,-0.0352732216072021,False,False,REST,REST
vid1,22.566666666666663,0.2436356082539958,1.048618240858035,-0.431468340285336,-0.055775978609248,0.0278283827009342,-0.1444044418743663,0.2233301481059411,0.0262294990947066,-0.1437091135136037,False,False,REST,REST
vid1,22.6,0.1904410334286027,1.019112399089666,-0.6615371487402608,-0.052641840321851,0.0397880393724904,-0.1304018055028043,0.1299404426963563,0.0196714343503292,-0.0419622840040991,False,False,REST,REST
vid1,22.633333333333333,0.11631234867379,1.035047009839798,-0.2124006333622876,-0.0513098129966986,0.0063212868797354,-0.1345406894825597,-0.1141897985218061,0.025596352971653,0.1097536500592692,False,False,REST,REST
vid1,22.666666666666668,0.1455203261495448,1.005736659257054,-0.6926880173778014,-0.054147605112886,-0.0291693476674788,-0.1414140335761439,-0.1037226148883375,0.0265218397659359,0.0380687405828977,False,False,REST,REST
vid1,22.7,0.0639662346122062,0.9711695952904564,-0.2994798293680732,-0.054422808286602,0.0084468548719435,-0.1490241311879879,-0.0567281273106226,0.0326068829767892,0.0638912288728433,False,False,REST,REST
vid1,22.733333333333334,0.0261207393762127,0.97007950782144,0.3567950973472833,-0.0532213030390859,0.0035087828715725,-0.1435090705911704,0.0230553854820293,0.0299658532815726,-0.0137132123309527,False,False,REST,REST
vid1,22.766666666666666,0.0731569747754061,1.004673316028286,0.5459354538733726,-0.0529289180356915,0.019818745024153,-0.1407309137595313,-0.0232965122833143,0.0280832059870893,0.0550985757670499,False,False,REST,REST
vid1,22.8,0.0313199499333965,1.0409395141870144,0.0635193294455827,-0.0526223608985541,0.0030615964056833,-0.146364898832318,-0.0294308011533466,0.0334889130713475,0.0308158380289071,False,False,REST,REST
vid1,22.833333333333332,0.2994864037989919,1.0092312175723386,-0.0700420073716228,-0.0522238530603035,-0.044748956718885,-0.145389005763303,-0.2552918962681727,0.0333497288230092,0.1414382347216721,False,False,REST,REST
vid1,22.866666666666667,0.3069457319050785,0.9980799936572368,-0.212839007029675,-0.0540891691122342,-0.0498072323698301,-0.1562016689171315,-0.2526684566079364,0.0393931520427586,0.1302443239096634,False,False,REST,REST
vid1,22.9,0.267536270550071,1.0009315237890537,0.2218898026394498,-0.05871399720092,-0.004084881242964,-0.1684496776921447,-0.2671541693636385,0.0418048816558861,0.2234597412617451,False,False,REST,REST
vid1,22.933333333333337,0.3764560088590818,1.0214531251074632,0.9923206631076926,-0.0573643258455868,0.0784546595317429,-0.1810423481617633,-0.2575964115818354,0.0550602405546134,0.3609039617471002,False,False,REST,REST
vid1,22.966666666666665,0.5559602594395217,1.0434191554007213,1.2341289312291026,-0.0508275055503415,0.1530771649597396,-0.1779786535002195,-0.1489420877388456,0.0639535701699799,0.3988097828526236,False,False,REST,REST
vid1,23.0,0.6793010586601518,1.1252396581336523,1.271820747023266,-0.0450147364293601,0.1791152756787114,-0.1887149720209528,-0.2619842002159114,0.0834842377836093,0.5423761225954716,False,False,REST,REST
vid1,23.03333333333333,0.7087845713554103,1.1685729368638944,0.4606455436937601,-0.0405274923666946,0.196510922226258,-0.2000884297246953,-0.1719189643309317,0.1012252501660257,0.4953170002157085,False,False,REACH,REST
vid1,23.066666666666663,0.9721777049541064,1.149574358123793,-0.35510719263864,-0.0330683352505196,0.2736644483092589,-0.2034537387195722,-0.1677854243510902,0.1172976925940141,0.6279374226144622,False,False,REACH,REACH
vid1,23.1,1.3605242803596316,1.1074488898931032,-0.2907458802143962,-0.0227573530382436,0.388568906501325,-0.207651352143855,0.0486018644348233,0.1391227458343383,0.6439275176737238,False,False,REACH,REACH
vid1,23.133333333333333,1.75287304510663,1.1106252635131568,0.5578530826874861,-0.0080118764490606,0.4998141712006647,-0.2035013405212884,0.1176798090024719,0.1615678251574446,0.7806505458849957,False,False,REACH,REACH
vid1,23.166666666666668,2.145287459425562,1.158274731998403,0.7868706805765965,0.0110506842702657,0.6118456033493177,-0.198489347436663,0.1366373709646499,0.1908890479162217,0.9620369916996738,False,False,REACH,REACH
vid1,23.2,2.3861265072856717,1.1925932863509745,0.7105444130615861,0.0340459745061933,0.6789909057960041,-0.188681511939291,0.2208685775912789,0.2230113276157246,1.007832017175384,False,False,REACH,REACH
vid1,23.233333333333334,2.6285623483204983,1.204890369820149,0.1334853255944828,0.0568575907244661,0.7487056403079047,-0.1884082351156887,0.2141579250646705,0.2630418626071508,1.1366849273962043,False,False,REACH,REACH
vid1,23.266666666666666,2.937280957581419,1.197102386380542,-0.5349566417990086,0.0828183411849059,0.8286489759975646,-0.1790012700677432,0.4692461184828143,0.3007448237765336,1.0575468103072012,False,False,REACH,REACH
vid1,23.3,3.3524251820582815,1.1803182585672294,-1.0289681113436973,0.1112661980915479,0.9392604176583782,-0.1579535108969119,0.6610659654111478,0.3327868932101825,1.0871713706038275,False,False,REACH,REACH
vid1,23.333333333333332,3.713250223981795,1.1162274328952222,-1.118262890498099,0.1457706801711724,1.0435202023255843,-0.1287047740167972,0.6748013201492605,0.3684389536994984,1.2593485362621466,False,False,REACH,REACH
vid1,23.366666666666667,3.713859795879936,1.075428990111153,-0.6842628007813881,0.1827340486165066,1.047762856086662,-0.1061934823305776,0.592662243385651,0.4142487248813962,1.337759319135459,False,False,REACH,REACH
vid1,23.4,3.5230639512935498,1.0686720792768014,0.0064558403671822,0.2190119617505658,0.9977970575244696,-0.0920459528343446,0.4710676580569822,0.4660701129144626,1.3545499726547836,False,False,REACH,REACH
vid1,23.433333333333337,3.2062345034254953,1.0906498826411342,0.6454743978634682,0.2497856516679671,0.9035248672714472,-0.0798907879666912,0.5333799800975683,0.5098958618597258,1.1343404288399417,False,False,REACH,REACH
vid1,23.466666666666665,2.947519682124631,1.1165114023080156,0.4470832767954782,0.2778143328920203,0.8259522198183478,-0.057286239251372,0.5788592331237596,0.5398538262677083,0.9581427600005484,False,False,REACH,REACH
vid1,23.5,2.855523288377994,1.1292738010625214,0.7125944513032896,0.3043616122558133,0.7951960564537306,-0.0380320786759303,0.6416436439938639,0.5700896998527436,0.8496424928878437,False,False,REACH,REACH
vid1,23.53333333333333,2.835328681915286,1.152740811195716,0.7226430790682048,0.3302239557083562,0.7824843520602424,-0.0162210883519208,0.7364338203967985,0.5969088853801322,0.745358951907175,False,False,REACH,REACH
vid1,23.566666666666663,2.7626089237868516,1.1759848700062014,0.8299878230189008,0.3562038114792471,0.7527244214526567,0.0071525604060986,0.8334582157068574,0.6225862466512551,0.6090532074803552,False,False,REACH,REACH
vid1,23.6,2.6727596372550955,1.219307597076991,0.9876022216892504,0.3817678209807038,0.7085865477871822,0.0415024166647623,0.9980049059269512,0.638052324370474,0.3890667638049297,False,False,REACH,REACH
vid1,23.633333333333333,2.4657570065757195,1.2432041824185494,0.5266868814002824,0.4041336338210695,0.6464491370675626,0.0765002898568967,0.9814526774245894,0.6473135051753596,0.2936751417710195,False,False,REACH,REACH
vid1,23.666666666666668,2.366429103100327,1.2623698908361567,0.2737568189178018,0.4236417062113983,0.6127473356378998,0.1087783762527744,1.0014378326081392,0.6538786335643921,0.2169296854179393,False,False,REACH,REACH
vid1,23.7,2.3581609651494655,1.2611570828335252,-0.2692278454726696,0.443729232227619,0.6034574535034762,0.1403152085837006,1.0498339524933027,0.6621066236677667,0.15874451317081,False,False,REACH,REACH
vid1,23.733333333333334,2.397652369130725,1.2385271877767092,-0.3802003009491123,0.4643349884111428,0.5977270520850552,0.1757331666181832,1.1722813463461608,0.6678982807129469,0.0429039821235374,False,False,REACH,REACH
vid1,23.766666666666666,2.3800016080944415,1.2227357059397923,-0.2107973066104253,0.4842669850596854,0.5814411866497473,0.2205594109739028,1.234926961541288,0.6643771902770356,-0.0399338376204023,False,False,REACH,REACH
vid1,23.8,2.3419880282138146,1.218493537038647,0.0677671578110906,0.5027107223761833,0.5603147061329974,0.2615071771577962,1.280970305816225,0.6615778758193099,-0.1169812070180496,False,False,REACH,REACH
vid1,23.833333333333332,2.377150271133542,1.235788263199357,0.3019723523520262,0.5212318496667047,0.5552090608715178,0.3030170295710551,1.3698742668886172,0.6584298432530946,-0.2027563589599302,False,False,REACH,REACH
vid1,23.866666666666667,2.3251299936801604,1.2439603867877451,0.2917509433209934,0.54001058479558,0.5329285979306674,0.3504607519954976,1.38880767301939,0.6506130222780981,-0.2584330386029312,False,False,REACH,REACH
vid1,23.9,2.3408918747123,1.2527902699937246,0.3648871494731048,0.5573150919933532,0.5188540378411628,0.4007841991450443,1.4776955082035512,0.6377074759669303,-0.3600259699865035,False,False,REACH,REACH
vid1,23.933333333333337,2.31153684170232,1.2668630544655235,0.2719897372907056,0.5739858464351284,0.5036942447659294,0.4481038930990049,1.495597890687793,0.626276790976263,-0.4022432001551106,False,False,REACH,REACH
vid1,23.966666666666665,2.272723677108801,1.2769793174555222,0.3357170504551067,0.5905154131882754,0.4924715871205893,0.4979032308784328,1.4818118376207488,0.6124558736587554,-0.4101497921609521,False,False,REACH,REACH
vid1,24.0,2.350291458859002,1.283776088755316,0.4182252354795248,0.6070573729414843,0.5113548768876282,0.5504780366733444,1.5239003860570977,0.596260395815735,-0.4131582110474518,False,False,REACH,REACH
vid1,24.03333333333333,2.25355743220982,1.3023102206029482,0.2400166180649376,0.6239690659261733,0.5087331727698228,0.6012446104651289,1.3819075277854642,0.5822788526554012,-0.2951843679767603,False,False,REACH,REACH
vid1,24.066666666666663,2.141375892431399,1.3151585943877642,0.1336185331232486,0.6415988852772637,0.4950118657163298,0.644085201794426,1.2590751977131085,0.5764084991001739,-0.2133471365541474,False,False,REACH,REACH
vid1,24.1,2.015748294367432,1.3101387607476662,-0.1877965345952741,0.6580764645065988,0.4775901716225856,0.6847245192042797,1.1271588595302442,0.5704048972689438,-0.1301982844488093,False,False,REACH,REACH
vid1,24.133333333333333,1.890304458230689,1.2948529365073072,-0.5015514616071005,0.672434597153562,0.4688410945808051,0.7188529255249324,0.9390855914315686,0.5662818503631611,0.0167471144113573,False,False,REACH,REACH
vid1,24.166666666666668,1.943647028753727,1.2842729376302866,-0.8026208608047117,0.6878797553781343,0.500024796972252,0.7488825158102351,0.8464454614057603,0.5676166550827372,0.1517805367444678,False,False,REACH,REACH
vid1,24.2,1.987705343078368,1.2429241283727208,-0.975696633668871,0.7058397419152364,0.5322390661257045,0.7728946127865527,0.6946384534854816,0.5785862861290378,0.3397198452314275,False,False,REACH,REACH
vid1,24.233333333333334,1.9674219156874275,1.2051057895113475,-1.0995644531492583,0.7245827879611655,0.5355816122345529,0.7949241265183717,0.5988300352937289,0.5926499859885535,0.4283443690604515,False,False,REACH,REACH
vid1,24.266666666666666,1.8389048952625937,1.1756758996365488,-1.5228946198832063,0.7425301722435758,0.4983095202516137,0.8128912614842502,0.5841610731800486,0.6088168038686836,0.3752183046964587,False,False,REACH,REACH
vid1,24.3,1.716137996868951,1.1203134739336538,-1.5917589233858511,0.7581508578838317,0.4539897809753755,0.8290676335757322,0.6492818972495694,0.6224227991816896,0.240758613162226,False,False,REACH,REACH
vid1,24.333333333333332,1.643545322780358,1.0427207290556546,-1.4373640543959394,0.7724344910499804,0.4132855680810219,0.8533526700201188,0.7809686046837129,0.626667358130183,0.055205641766153,False,False,REACH,REACH
vid1,24.366666666666667,1.633191819828645,1.0047602686373205,-1.0838200449740387,0.7853878755376925,0.38040021137534,0.8831878746023583,0.9463410959407575,0.623771585885907,-0.1456311672577667,False,False,REACH,REACH
vid1,24.4,1.6672565987190702,0.9923147430465772,-0.4448410817970966,0.7977786069275663,0.3605159558458194,0.9163124738068074,1.090126360944344,0.6170424539524991,-0.3048795915849333,False,False,REACH,GRASP
vid1,24.433333333333337,1.6300166403445104,0.9731425476624348,-0.0125341936028964,0.8093328182142894,0.3270362336779498,0.9552578625431766,1.1607883486713395,0.6038108441075407,-0.4249891921551268,False,False,REACH,GRASP
vid1,24.466666666666665,1.6465300864986476,0.980525504519703,-0.008533078457811,0.8201046789914228,0.2843978123431679,0.996077113435544,1.311771268773837,0.5875802905544381,-0.6306174058538672,False,False,REACH,GRASP
vid1,24.5,1.6004756406889722,0.9979802670591384,0.0865197657845798,0.8286064576419147,0.2457469160250503,1.0417227223112673,1.3498483387730773,0.5631753984702723,-0.7317200733497218,False,False,REACH,GRASP
vid1,24.53333333333333,1.6319517895446345,0.991829754724546,-0.1429417370796204,0.8354855183704154,0.2281430652777435,1.086828937165421,1.4233683848985668,0.5363718571818877,-0.8262737323590068,False,False,REACH,GRASP
vid1,24.566666666666663,1.6945993843069,0.9754219470457732,-0.6582931097708314,0.8430402508410637,0.2178434721419406,1.137245254861665,1.5134795595587702,0.506176065814084,-0.9222594610967262,False,False,REACH,GRASP
vid1,24.6,1.6464017101858193,0.9616070323936464,-0.9747292249800776,0.8508485352424899,0.2055217440203349,1.1872624165353722,1.4810346493931088,0.4767724832400725,-0.9159953936605738,False,False,GRASP,GRASP
vid1,24.633333333333333,1.415962342936206,0.9090236720447088,-1.0027743034666208,0.8572452728223913,0.1809360101488754,1.2426147527558054,1.2665340601603192,0.4402706970338568,-0.7741861884305687,False,False,GRASP,GRASP
vid1,24.666666666666668,1.0743004047802114,0.8524856316745276,0.0532347144478317,0.8623337216871293,0.155048078484243,1.2793152424739118,0.9272419759824352,0.4175642102967253,-0.5269262405572216,False,False,GRASP,GRASP
vid1,24.7,0.7950430297232156,0.9019020110952712,0.2555718897018997,0.8674481370699881,0.1392063137995027,1.300766016289321,0.6283510750666554,0.4080706980701175,-0.2968168484526675,False,False,GRASP,GRASP
vid1,24.733333333333334,0.5717671484233093,0.9388861339632316,0.1273039751515313,0.8718443651833687,0.1268449853230782,1.3152216076794052,0.3604394849928624,0.4033493453402225,-0.0873125003093975,False,False,GRASP,GRASP
vid1,24.766666666666666,0.4518500955491191,0.9156237201229744,-0.3128511754084654,0.8756007813222736,0.1177139059173751,1.328362729110946,0.185766748732729,0.398633572010743,0.0473881088280809,False,False,GRASP,GRASP
vid1,24.8,0.3595879491470973,0.8602238907320019,-0.5829006147416425,0.8795340575392997,0.1020549920653858,1.3285727280826127,-0.0421892071916923,0.4053951718897321,0.2165725475401502,False,False,GRASP,GRASP
vid1,24.833333333333332,0.3296488515567086,0.8851413173557098,0.0756452994852723,0.8831159370374233,0.0775538324413362,1.321011603099844,-0.1871520118924899,0.4182463558346809,0.2984896813161086,False,False,GRASP,GRASP
vid1,24.866666666666667,0.367928347072067,0.8897359834667534,0.128163669227377,0.8850265273909216,0.0467557852565826,1.3149614501892208,-0.3295522770171507,0.4268427959428531,0.3670791209252749,False,False,GRASP,GRASP
vid1,24.9,0.375061431190627,0.8882626523414531,-0.1950884105752857,0.8854426872947099,0.035831057660677,1.3011715684102585,-0.3534847776424583,0.4394840580781609,0.3684592259132959,False,False,GRASP,GRASP
vid1,24.933333333333337,0.3790699663632618,0.8741466212746429,-0.252448899815909,0.886695987816541,0.0336626397179646,1.286671086733894,-0.360304745499909,0.4542165766492369,0.3705201882670926,False,False,GRASP,GRASP
vid1,24.966666666666665,0.3664252724381093,0.8756610319779241,-0.4690395619305724,0.8883113060145239,0.0250555842402175,1.2748771514739656,-0.3557821500688676,0.4672511927119063,0.351422262833052,False,False,GRASP,GRASP
vid1,25.0,0.3076001477297276,0.8446217088741484,-0.616163390668508,0.8891951403537158,-0.0046588218403897,1.267507595014404,-0.3071678699873233,0.475174448158685,0.2569958669511952,False,False,GRASP,GRASP
vid1,25.03333333333333,0.3719670160730058,0.8224489305762186,-0.29691914471865,0.8878860887148518,-0.0363425803336237,1.253854017747878,-0.3495537781483808,0.4846527201349221,0.2376659708767216,False,False,GRASP,GRASP
vid1,25.066666666666663,0.3611721237335375,0.8093073952064739,0.0981908999289229,0.8860974754037166,-0.0484321401343272,1.2417153199774047,-0.3189435439303237,0.4919764818581434,0.1898958348666086,False,False,GRASP,GRASP
vid1,25.1,0.2778492878443852,0.846321679538313,0.0043634280412081,0.88428406893248,-0.0530358517033008,1.231734969239859,-0.206785865760439,0.4973928868607329,0.0849286095075356,False,False,GRASP,GRASP
vid1,25.133333333333333,0.3137008728551659,0.8385194336973659,-0.406031327742627,0.882702904959581,-0.0467765304294427,1.2291682304395173,-0.2676152365641283,0.4968180681641376,0.1484996163784601,False,False,GRASP,GRASP
vid1,25.166666666666668,0.3716707698581407,0.7975187174453047,-0.1870229023199715,0.880808296900797,-0.0307732023783179,1.219945600712729,-0.3557305901858349,0.5014368952932171,0.252830172856034,False,False,GRASP,GRASP
vid1,25.2,0.3826133443007699,0.7931371681530854,-0.2896534205931247,0.8803250915787565,-0.0261521931029674,1.2036657226759957,-0.3715089108370649,0.5146405705488298,0.2746106172474842,False,False,GRASP,GRASP
vid1,25.233333333333334,0.4229791096544812,0.8115036906114443,0.1787396510664915,0.8797208592017222,-0.0104123730883257,1.1881417889450498,-0.4214070092045517,0.5269779030857903,0.345477918629032,False,False,GRASP,GRASP
vid1,25.266666666666666,0.3920176854959177,0.8130728346957656,0.0233168086647268,0.8794247855297043,0.0013671472049538,1.1800106530828038,-0.3919884955690919,0.5334759889001796,0.3408698563680558,False,False,GRASP,GRASP
vid1,25.3,0.4118494703143816,0.7994989964731711,-0.7018333836280342,0.8796892895930364,-0.0175292054542679,1.1649306251903733,-0.4072563652717087,0.5469635093179562,0.3206973031418616,False,False,GRASP,GRASP
vid1,25.333333333333332,0.4344923472914381,0.7819307782780404,-0.4659813411269491,0.879325724068794,-0.0068062915713736,1.1476916817197385,-0.4338391302749099,0.5612064604401162,0.3625776120727529,False,False,GRASP,GRASP
vid1,25.366666666666667,0.3598722352758377,0.7499497121042786,-0.5277031513523306,0.878348544010647,-0.0111471541111727,1.135273597323082,-0.3577521527998593,0.5702037759560252,0.2892190681240502,False,False,GRASP,GRASP
vid1,25.4,0.3141616143397559,0.7366954509580171,-0.501382067085338,0.8779575115873037,-0.0050062996862483,1.1260849601981018,-0.3136728376577546,0.5774473266139564,0.2619991248112658,False,False,GRASP,GRASP
vid1,25.433333333333337,0.3780128078294453,0.7316540049600733,0.1744477552332785,0.8787062178555464,0.0238140922701749,1.1151434184228568,-0.3687139786751269,0.5882162346702041,0.3603966063555953,False,False,GRASP,GRASP
vid1,25.466666666666665,0.4129277960161905,0.7343166304377405,0.1851348087019373,0.879427225278838,0.0094813433773369,1.1029294576258346,-0.4115928609382148,0.6000349005906754,0.3721199275744585,False,False,GRASP,GRASP
vid1,25.5,0.3922739154125544,0.7510541463213702,0.2571997204871851,0.8798455321292168,0.0077647042361766,1.086260520193971,-0.3913318650096809,0.6151658299958812,0.3515957054589994,False,False,GRASP,GRASP
vid1,25.53333333333333,0.2748323956171875,0.7721730441850249,0.1146327457421752,0.8796530851833183,0.0264829468836529,1.0719531003148863,-0.2587384525623386,0.6271796551425112,0.270150878638378,False,False,GRASP,GRASP
vid1,25.566666666666663,0.2578517448846766,0.7548913469531753,-0.4695008753682743,0.8802772082133643,0.0461686377412932,1.0687860487380016,-0.200970126559265,0.6310158847391911,0.2550203686202286,False,False,GRASP,GRASP
vid1,25.6,0.357643877199103,0.7331089250202505,-0.4345165119095749,0.8831315579922789,0.0819101039871263,1.065811249341312,-0.2139185889823549,0.6386228572866368,0.3292904629602656,False,False,GRASP,GRASP
vid1,25.633333333333333,0.3952367791181288,0.7120806650606564,-0.1018518865599926,0.8866398427906752,0.0900814851651544,1.0550502842500509,-0.2384457181891175,0.6541069877898564,0.3648919624943796,False,False,GRASP,GRASP
vid1,25.666666666666668,0.4110548640117499,0.7221831966109791,0.1353591688118042,0.8893757224236867,0.0793979836374299,1.044418430503713,-0.3029516201378706,0.6681162088435262,0.4017303700841051,False,False,GRASP,GRASP
vid1,25.7,0.4145082261623861,0.7369254545017349,0.335723778395835,0.8918039554807946,0.0841073982066717,1.037685197746366,-0.2918948842632485,0.6782161739206478,0.4004965371658793,False,False,GRASP,GRASP
vid1,25.733333333333334,0.4971387519628539,0.745855975738607,0.3751781884637362,0.8944820419463059,0.0894895158427992,1.0282360155301664,-0.3861252738662392,0.6911022198868757,0.4913587362297886,False,False,GRASP,GRASP
vid1,25.766666666666666,0.7474144759464605,0.7580064311700693,0.0030851627792658,0.8974384087602675,0.1274563014303587,1.0121105920508775,-0.5997698906365443,0.7102439799761509,0.7428450004768651,False,False,GRASP,GRASP
vid1,25.8,0.9916799330902948,0.7624004156294324,-0.2071531841670647,0.9023866474375382,0.165993455601987,0.9908061414320636,-0.8037792636795236,0.7373734957371275,0.9870186579611664,False,False,GRASP,GRASP
vid1,25.833333333333332,1.2804159355422526,0.7427496489832703,-0.6328901820130851,0.9086558618974478,0.203782220985566,0.9592154078395828,-1.063488425952199,0.7757163019123855,1.2779644281199267,False,False,GRASP,GRASP
vid1,25.866666666666667,1.5661242344786472,0.7112606878957087,-1.1126087834716092,0.9161834062789874,0.2643877924763878,0.9181410431171184,-1.2636776370310985,0.8244687798751239,1.5577942396586015,False,False,GRASP,GRASP
vid1,25.9,1.7540612727439833,0.6675481508543312,-0.7465406386261827,0.925540566580526,0.2987970029324484,0.8728989875306932,-1.4084013684993777,0.8800493802174666,1.74349205429327,False,False,GRASP,GRASP
vid1,25.933333333333337,1.9919102881978463,0.6351173650393614,-0.0734872289113566,0.9370811377265352,0.3229419466319893,0.8253320008710121,-1.6403553072186263,0.9414915094763566,1.9863892606666336,False,False,GRASP,GRASP
vid1,25.966666666666665,2.2287953217089465,0.655297830418239,0.4447527797904783,0.9484405545571828,0.3223706652194281,0.7683153603141109,-1.9222646338134928,1.010773031983185,2.228791239843932,False,False,GRASP,GRASP
vid1,26.0,2.4602947879096635,0.6982577955384179,0.8279933979046316,0.9581699215406498,0.3097315968796283,0.6969240927737307,-2.2087196365087487,1.0895887880858557,2.453816360783272,False,False,GRASP,GRASP
vid1,26.03333333333333,2.65497559862226,0.7182181421308675,0.52801660992075,0.96823520096535,0.3319324335923291,0.6157701980554172,-2.3874392846794654,1.1774268827804717,2.647317526545999,False,False,GRASP,GRASP
vid1,26.066666666666663,2.742810972093771,0.7264656758072184,0.0599347121904659,0.9803308653043616,0.329122609532453,0.5355300674696655,-2.489322289821279,1.268059985939105,2.730327052367684,False,False,GRASP,GRASP
vid1,26.1,2.694459244311341,0.729470730590643,-0.080325038002208,0.9920016511700188,0.2890868228235247,0.4504216097995949,-2.497372263032253,1.362146588484501,2.666607516564813,False,False,GRASP,GRASP
vid1,26.133333333333333,2.517953603260245,0.7143185697715208,-0.2156918668938885,1.0007212952229156,0.2289516345455419,0.364604386874315,-2.38710619474619,1.451635882410035,2.465250806076691,False,False,GRASP,GRASP
vid1,26.166666666666668,2.259283185852825,0.7088942849302078,-0.5284017287847507,1.00613785035269,0.1716727011230251,0.2856317497735672,-2.1779606102066955,1.529384791525609,2.1835598457900387,False,False,GRASP,GRASP
vid1,26.2,1.9914757199387907,0.6888046490900204,-0.3606482234179743,1.0113536436838058,0.1449466240571812,0.2205944762243112,-1.9258078186107763,1.5947470397687613,1.9186660903050392,False,False,GRASP,GRASP
vid1,26.233333333333334,1.8129872543818144,0.6685859325323595,-0.0643886984265423,1.0160462349839183,0.1240651215136447,0.1604863400461884,-1.7602448260786083,1.6549297550081823,1.7388536975593465,False,False,GRASP,GRASP
vid1,26.266666666666666,1.6362259059686464,0.6716035272969036,0.2017021991613447,1.0194052583083415,0.1206929809189011,0.1029222070719396,-1.5807845958985345,1.7105619080556769,1.577949028631176,False,False,GRASP,GRASP
vid1,26.3,1.4377178651920928,0.7019094056967984,0.6187291497721816,1.0233020420222487,0.1106214786306303,0.0524893256016861,-1.3846306165782856,1.7609859298009292,1.390804846810074,False,False,GRASP,GRASP
vid1,26.333333333333332,1.2335125316194102,0.7196495251399971,0.3955262731276984,1.0275745911285763,0.0883071009180614,0.0114888356343536,-1.1941829819208565,1.8039289858377268,1.1869769068423226,False,False,GRASP,GRASP
vid1,26.366666666666667,1.0869034246030167,0.7257290498177785,0.2778063018040831,1.0303517411416414,0.0514781716588508,-0.0239968638213413,-1.0718733747669351,1.8394707376012425,1.0163610057058614,False,False,GRASP,GRASP
vid1,26.4,0.9895554834150696,0.7356634264771367,0.3078746680166574,1.0306646741870544,-0.006786055247357,-0.0591632370849269,-0.989270546247584,1.870386998066595,0.8421922797639407,False,False,HOLD,GRASP
vid1,26.433333333333337,0.9267171726741988,0.7452534412761641,0.1745412876728244,1.029563616112115,-0.0392907498851349,-0.0908513584776933,-0.9164621890437148,1.895804072390396,0.7219505226752291,False,False,HOLD,GRASP
vid1,26.466666666666665,0.7070882201524342,0.7539468158561281,0.0743231523682619,1.0276162378882243,-0.0533426240335827,-0.1219841758157825,-0.682007587576481,1.9192477746733392,0.494710189231194,False,False,HOLD,GRASP
vid1,26.5,0.4879854139901224,0.7495008487686796,-0.0638922782795797,1.0255194833126815,-0.0696871529788854,-0.1409268492482615,-0.4226930629796062,1.9319024041790829,0.2419579904161423,False,False,HOLD,HOLD
vid1,26.53333333333333,0.3137908864800798,0.7449450855939135,-0.2424895007693536,1.0232188120507677,-0.0686454282121781,-0.1488418816138927,-0.2019128307818527,1.934675433364628,0.0531674281120355,False,False,HOLD,HOLD
vid1,26.566666666666663,0.220436815219829,0.7351608089471664,-0.1877181026541944,1.0205895181276163,-0.0614585627524259,-0.1483661403955009,-0.0484257374272867,1.9296234981578704,-0.0666726321957143,False,False,HOLD,HOLD
vid1,26.6,0.2132979564514467,0.7276933704168473,-0.1152292726271407,1.018512465378392,-0.0504181415952369,-0.1500753449239572,-0.1198832940896298,1.9274329239145505,0.0145146001431439,False,False,HOLD,HOLD
vid1,26.633333333333333,0.1363009270936187,0.7232063469612664,0.0137064273693474,1.0174703392428308,-0.0266700967586148,-0.1551609987574499,-0.0993422670990956,1.9299845207675783,0.0386982097202763,False,False,HOLD,HOLD
vid1,26.666666666666668,0.1716142824453061,0.7330924839405882,0.1415652066487052,1.0170689796051386,-0.0299124800435974,-0.1587658451572022,-0.1360003631319281,1.9323886015162992,0.0646267208406125,False,False,HOLD,HOLD
vid1,26.7,0.1499023716835024,0.7385115165495473,-0.0527869116642392,1.0159126474196842,-0.0330915204827099,-0.1646330143125135,-0.0951997226662894,1.9354133924330312,0.0237864558898907,False,False,HOLD,HOLD
vid1,26.733333333333334,0.166596924512386,0.729932396430052,0.0686974166093405,1.014750931920815,-0.0403058251099967,-0.1644861522607771,-0.0886763313818197,1.933235955582496,0.0054194220140261,False,False,HOLD,HOLD
vid1,26.766666666666666,0.1754295054356352,0.7313517444328578,0.0686434727561167,1.013003665796891,-0.0479229297574249,-0.1706907561790561,-0.0515358379276201,1.9355089977572,-0.0400945031826461,False,False,HOLD,HOLD
vid1,26.8,0.1593777398317097,0.7396894103724337,0.0999535723599489,1.0117041702759315,-0.0451939866980901,-0.1690743517018234,-0.0198246669551785,1.9318195006501784,-0.0626579776494993,False,False,HOLD,HOLD
vid1,26.833333333333332,0.1137857878999973,0.7488256808145675,0.0528835599578867,1.009607618849105,-0.0324823378636835,-0.1714272888706864,0.0053455139035508,1.930150329149403,-0.0619525106483021,False,False,HOLD,HOLD
vid1,26.866666666666667,0.0532527803408352,0.7384424765278429,-0.2234790892522151,1.008889277410816,-0.0082370444579391,-0.1677350759548516,0.0447785586648616,1.925694344883988,-0.0532032005164508,False,False,HOLD,HOLD
vid1,26.9,0.0538897492806884,0.7303694691338047,-0.1506700784028306,1.0092347184275698,0.0124797900372006,-0.16831438536377,-0.0315779579945058,1.926804304729944,0.0492945272364579,False,False,HOLD,HOLD
vid1,26.933333333333337,0.0859714023023538,0.7248645484769882,-0.0737734103944629,1.010407203767241,0.0223463804924871,-0.1677111720601668,-0.0357341412993682,1.9283531108881815,0.0702993790964399,False,False,HOLD,HOLD
vid1,26.966666666666665,0.0721466917754931,0.7273122233335629,-0.1145211640438116,1.0109617363616896,0.0117228438568088,-0.1727072237054991,-0.0593508042877634,1.933645723944326,0.0719384335168756,False,False,HOLD,HOLD
vid1,27.0,0.0469077272277891,0.724853840387286,-0.1971270732555982,1.0111451321048632,0.013321613213828,-0.1743418981403298,0.0052398197866833,1.9353808846886509,0.0189907329132542,False,False,HOLD,HOLD
vid1,27.03333333333333,0.0634860148320801,0.7129678133035258,-0.3633944278532958,1.0115012650123285,0.0121358805600278,-0.1717692173210747,0.0471930974631892,1.9337881787817184,-0.0193262225759437,False,False,HOLD,HOLD
vid1,27.066666666666663,0.0473132574067869,0.6913668346567169,-0.1080480538387898,1.0121314178775198,0.0089991682279014,-0.1684447008370258,0.0353124170505461,1.9320300047615149,-0.0146048725995742,False,False,HOLD,HOLD
vid1,27.1,0.0271595949054049,0.6959301180295439,0.203378136348778,1.0124513505036377,0.0075372797708232,-0.168577644636329,-0.0064851365297676,1.9327095301291204,0.0189041109883917,False,False,HOLD,HOLD
vid1,27.133333333333333,0.019527324498273,0.7139841104977338,0.3019900290090036,1.0123934351217176,-0.0042678886413744,-0.1706480098686199,-0.0125815024192822,1.9343949252399577,0.0033297402551313,False,False,HOLD,HOLD
vid1,27.166666666666668,0.0394621086060228,0.7300797353341918,0.3021992379282808,1.0122191226868065,-0.0099201509397582,-0.1708359798637822,0.0187706481548932,1.934249533190032,-0.0337180365283075,False,False,HOLD,HOLD
vid1,27.2,0.1070151912561566,0.7284519100321704,0.0504425000535621,1.0120311925392806,-0.0275716079390266,-0.1687980186912138,0.0463084318277934,1.932158156528422,-0.0886530322630316,False,False,HOLD,HOLD
vid1,27.233333333333334,0.1892953631066338,0.7276336093157316,0.1931969544232601,1.010524951325239,-0.0435830218779698,-0.1675652262907837,0.1121408849772113,1.928434941227727,-0.1737580246790721,False,False,HOLD,HOLD
vid1,27.266666666666666,0.21515228883926,0.7358468140583357,0.5206607354379219,1.008637364373051,-0.0437629642225974,-0.1630332439629337,0.1511320935185974,1.9211899478238932,-0.2077420301032365,False,False,HOLD,HOLD
vid1,27.3,0.2591576856389266,0.7626101784716852,0.541043785229063,1.0069777950089291,-0.036711671745881,-0.1568415586348926,0.2250798665891707,1.9129143996103968,-0.2591443642184535,False,False,HOLD,HOLD
vid1,27.333333333333332,0.2583453161001193,0.7877305920405964,0.4632436316556863,1.00641975211192,-0.0246459961651197,-0.1467960872989663,0.2435262056292685,1.9032557443622773,-0.2537735523419464,False,False,HOLD,HOLD
vid1,27.366666666666667,0.2408828341920311,0.7974477270472948,0.1054148263272431,1.005844108619697,-0.0328102077054705,-0.139538356775996,0.2117635396785885,1.895973054086936,-0.2407598146609008,False,False,HOLD,HOLD
vid1,27.4,0.2679750097711978,0.7850722767594632,0.0251243676108567,1.0045655958546338,-0.0492823786062557,-0.132097613471612,0.205117163997428,1.8872916569833953,-0.2640973631958176,False,False,HOLD,HOLD
vid1,27.433333333333337,0.292607520157172,0.788954518117225,0.2587161540099658,1.0024250763230071,-0.0613405606511433,-0.1274676943602122,0.1988699202443446,1.8795156312949477,-0.2799880740019893,False,False,HOLD,HOLD
vid1,27.466666666666665,0.3512778947501276,0.8041668445135516,0.2823763456001784,1.0001484782877834,-0.0725685912898261,-0.1197084188958272,0.2427282572754573,1.8687974073223137,-0.3376763365687951,False,False,HOLD,HOLD
vid1,27.5,0.4181515540372538,0.8236018193908672,0.0915498971301345,0.9977929084598832,-0.0840070562086926,-0.1113164637808538,0.2973933736515234,1.857393506545908,-0.4050670043988875,False,False,HOLD,HOLD
vid1,27.53333333333333,0.50543574512387,0.812326331206767,-0.1443668938715906,0.9947015699351204,-0.090722416566922,-0.1007148176062127,0.3933073552911858,1.8427829206637765,-0.4997362823744251,False,False,HOLD,HOLD
vid1,27.566666666666663,0.5833661888673625,0.7984284053621892,-0.1366497381016277,0.991216309134141,-0.0926079603947053,-0.0863157089491213,0.485086623467677,1.8241981309058688,-0.5823100330801644,False,False,HOLD,HOLD
vid1,27.6,0.6411077498093085,0.7978944462033284,0.0392825979607965,0.988312084525192,-0.0892566292207164,-0.0671224339233736,0.5598880440020553,1.8024995204030545,-0.6409805150528828,False,False,HOLD,HOLD
vid1,27.633333333333333,0.689635027013953,0.8096936988467018,0.1924488165293263,0.9857829674684254,-0.0963597104290862,-0.0472180304887379,0.6015886638238337,1.780849027139887,-0.6895244718844591,False,False,HOLD,HOLD
vid1,27.666666666666668,0.8460478733344533,0.813560540837527,0.10948464991568,0.9824578748640216,-0.1237102190354511,-0.0288469044935997,0.7269200458898958,1.7591173833077445,-0.8460184093853809,False,False,HOLD,HOLD
vid1,27.7,1.0117341929025634,0.8154392047678793,0.0831927526783746,0.9776231193697194,-0.1488771700777381,-0.0025414937032916,0.8673095671847257,1.72787018096266,-1.011659710990952,False,False,HOLD,HOLD
vid1,27.733333333333334,1.1581692355449718,0.8136790090055842,0.3776845916596661,0.9720487720197686,-0.1686889085065376,0.0310886332463147,0.9964649840391364,1.6889930530649313,-1.1581482064275823,False,False,HOLD,HOLD
vid1,27.766666666666666,1.260413180013305,0.8317267668403507,0.6811926028453557,0.9662214773815688,-0.1832511912173164,0.0674083374000918,1.0851160968236566,1.6473471537679152,-1.260397659112879,False,False,HOLD,HOLD
vid1,27.8,1.3272366142033565,0.8706347420334939,0.5230107019964282,0.9600862774202082,-0.1956377503630456,0.1017831325828017,1.1370708357318824,1.606837050286818,-1.3271216441719114,False,False,HOLD,HOLD
vid1,27.833333333333332,1.441779127242086,0.8920471269039848,0.0236746325653903,0.953129336358464,-0.2136007605263407,0.1418670348166745,1.2329204540584184,1.5599469869857867,-1.4415894174314896,False,False,HOLD,HOLD
vid1,27.866666666666667,1.5736735614258754,0.8678199682580309,-0.4955680886021374,0.9459213903072694,-0.2401911615085113,0.1851255979819407,1.3304406808953195,1.5098727424949363,-1.5727285061164948,False,False,HOLD,HOLD
vid1,27.9,1.7397869052162551,0.8358193170751725,-0.625227332360721,0.9376443053937542,-0.2742956778183899,0.2303141736431109,1.4510843833680258,1.456244840530636,-1.7370969414936754,False,False,HOLD,HOLD
vid1,27.933333333333337,1.913518024988611,0.8232900612209064,-0.4553396690337199,0.9277457084864136,-0.3112153424337117,0.2799122567345468,1.5734238228329729,1.3959473631116526,-1.9078987646635723,False,False,HOLD,HOLD
vid1,27.966666666666665,2.043220069561719,0.8117907912448231,-0.1937703040456292,0.9164399063941469,-0.341958468314696,0.3366044280950684,1.656198480777823,1.3270406380675297,-2.033636298126567,False,False,HOLD,HOLD
vid1,28.0,2.0980728912042697,0.8052976340007103,-0.1431187794730601,0.9046292313676394,-0.3557739393879174,0.3937795317402396,1.688824836175187,1.2568257433488177,-2.086193759020865,False,False,HOLD,HOLD
vid1,28.03333333333333,2.084180635844782,0.8067803678676043,-0.2041767873550529,0.8924392478262606,-0.3579953743698498,0.4493422157756583,1.665717402594363,1.1873335223610249,-2.0701632123891476,False,False,HOLD,HOLD
vid1,28.066666666666663,2.019844506403861,0.8035911376857668,-0.3931656479206598,0.8802428372300934,-0.3394283136843403,0.5042648084890818,1.6337459240100152,1.118382633774018,-2.009783808488624,False,False,HOLD,HOLD
vid1,28.1,1.8965915591622515,0.7800579736463473,-0.8273445976249697,0.8692465391451307,-0.3104314964916846,0.5601965810441081,1.5547144486883993,1.0506787924001684,-1.8903608102831484,False,False,HOLD,HOLD
vid1,28.133333333333333,1.7624706805635837,0.7435222289177836,-0.9513432784486464,0.8596935282431362,-0.2841166323814643,0.6097163607385778,1.4553153240661716,0.9910589446112348,-1.7580857861762695,False,False,HOLD,HOLD
vid1,28.166666666666668,1.5947506249510732,0.7058470896575547,-0.6944036897475129,0.85072872159401,-0.2563335725452743,0.656358896920482,1.3186041234076449,0.9349616930583162,-1.5910025859877597,False,False,HOLD,HOLD
vid1,28.2,1.443512032093722,0.6897426079424932,-0.5179947244747726,0.8423695327563272,-0.2383712851723219,0.6980147210892076,1.1781402630669136,0.8842391647373327,-1.4380145887275508,False,False,HOLD,HOLD
vid1,28.233333333333334,1.3333678578765684,0.6824444202386405,-0.2697261832967002,0.8348853953142432,-0.2204571746129742,0.7355278779616442,1.0875645359873325,0.8386381792570102,-1.3281867943216052,False,False,HOLD,HOLD
vid1,28.266666666666666,1.1926272197449057,0.6738755665622302,-0.1461198578679077,0.8281175136486997,-0.2089795308257176,0.7687510576043418,0.9421443538483968,0.7980056271388623,-1.1823658650720383,False,False,HOLD,HOLD
vid1,28.3,1.1436712745070012,0.6657032307555558,-0.1250864401887669,0.8209293481375196,-0.1975502035325201,0.7983375042152928,0.9111257595149737,0.7597712832684484,-1.135408562462292,False,False,HOLD,HOLD
vid1,28.333333333333332,1.0899456968592094,0.6678138882093259,0.2316837158443865,0.8144047470541553,-0.1718789184181295,0.8272734383361666,0.9089917979180274,0.7232699219311791,-1.0882517177856963,False,False,HOLD,HOLD
vid1,28.366666666666667,1.007245985898533,0.6809337492796106,0.2210641636166242,0.8092449072311786,-0.1476467790898506,0.8579148196681974,0.8646567965902648,0.6877050599978093,-1.0071973606491604,False,False,HOLD,HOLD
vid1,28.4,0.9930552016926588,0.6874916465015272,0.3567113972714263,0.8054241357056334,-0.1482970496299758,0.8884659178603166,0.8466931333378133,0.6545818414037624,-0.9928347455631684,False,False,HOLD,HOLD
vid1,28.433333333333337,1.0454727324489983,0.7042220683378062,0.3463236488282478,0.8005374533204578,-0.1780647157765309,0.9130529222566544,0.8395197666123265,0.6247267113096892,-1.0391861457055087,False,False,HOLD,HOLD
vid1,28.466666666666665,1.1504456785020896,0.7070502544055972,0.4975953176972764,0.7935606676594961,-0.2074705644492819,0.9398926169087668,0.8924661197948918,0.5892371317279887,-1.1368083475165396,False,False,HOLD,HOLD
vid1,28.5,1.1858989684188492,0.7336420011093454,0.784534468227637,0.7856766133444999,-0.2194551129452946,0.9742808289829488,0.9037037746816748,0.5456284098698906,-1.167666156394328,False,False,HOLD,HOLD
vid1,28.53333333333333,1.1251752620329805,0.7603934827042436,0.8536016900426017,0.7784112603429159,-0.2064181225879184,1.0052914976651222,0.8627417222521562,0.5060280933393749,-1.109285517196308,False,False,HOLD,HOLD
vid1,28.566666666666663,0.8355205682408338,0.80473322623971,0.601365658501922,0.7717109121787483,-0.172981869729053,1.0335870048425604,0.5759530506191121,0.4697694747346699,-0.8026412955273904,False,False,HOLD,HOLD
vid1,28.6,0.5320091730304283,0.8117350782823451,0.0669508818605166,0.766274356138926,-0.1331387136718547,1.0482128082808986,0.2569013897011198,0.447544571432432,-0.4568307738608366,False,False,HOLD,HOLD
vid1,28.633333333333333,0.3274376705645695,0.8010925547418376,-0.2130800486123543,0.7627091156536823,-0.0864863417282899,1.0487283838045551,0.1250279175747201,0.4408061325361848,-0.2606170023868296,False,False,HOLD,HOLD
vid1,28.666666666666668,0.1665505581522462,0.7785266858749054,-0.0629716394622704,0.7609314502287594,-0.0472578476804207,1.0459649819660222,0.0198645274296779,0.440054260172143,-0.1005700943518966,False,False,HOLD,HOLD
vid1,28.7,0.1594935442367398,0.7928317996741597,0.2024912961365623,0.7601825106533586,-0.0447038318406255,1.051974717926932,0.0311361559418072,0.4335432342400698,-0.1057941287832416,False,False,HOLD,HOLD
vid1,28.733333333333334,0.2184914025338476,0.805176955323509,0.2820498524373023,0.7590043442099849,-0.0620844407557055,1.0537846886144469,-0.0233327578321063,0.4299007723236714,-0.0894435741693891,False,False,HOLD,HOLD
vid1,28.766666666666666,0.3597253593826312,0.815735103509454,0.2791057341853258,0.756346655221631,-0.0913835848791366,1.0477088248084203,-0.1647832251467098,0.4304556002096432,-0.0190283972487019,False,False,HOLD,HOLD
vid1,28.8,0.3731455017825008,0.8197226564761458,-0.0976913184276698,0.7522309517443236,-0.1056138161267341,1.039025815125007,-0.0516238272793179,0.4306878786599854,-0.141853033152909,False,False,HOLD,HOLD
vid1,28.833333333333332,0.300493239257086,0.8186827396578586,-0.2021233389158088,0.7484537341121247,-0.0858464158198014,1.0411731304593057,0.0079375893116944,0.4221663617009588,-0.1583875289483035,False,False,HOLD,HOLD
vid1,28.866666666666667,0.217978239603652,0.7999849068563025,-0.2674282816058159,0.746029822830802,-0.0608451180494309,1.0435762883489987,0.0467525140426199,0.4158127636817658,-0.1477700324142653,False,False,HOLD,HOLD
vid1,28.9,0.1302012404337048,0.7866258044299534,-0.1564775492493652,0.7447982871372923,-0.0354898969274998,1.0475929249888842,0.0391240694936426,0.4101707830004619,-0.0964269668464593,False,False,HOLD,HOLD
vid1,28.933333333333337,0.0979872761267602,0.7940167843070481,0.0692646214808028,0.7439905522185885,-0.0197518262220421,1.0440196539956823,-0.0694601540740935,0.4118302770014261,0.0251089035764584,False,False,HOLD,HOLD
vid1,28.966666666666665,0.0983162922271991,0.7986327199568414,0.1351482542977242,0.7433528035368197,-0.009211165489835,1.0440345603267125,-0.0928829773264406,0.4106916684041091,0.0639390993920769,False,False,HOLD,HOLD
vid1,29.0,0.1490800364222489,0.8005919746875414,0.1118738318959318,0.7434330495272843,0.0024799103845593,1.0381187790905508,-0.1488272738600194,0.4159412094203087,0.1328801587045521,False,False,HOLD,HOLD
vid1,29.03333333333333,0.1187856585681117,0.8078453434112758,-0.0686279215664877,0.7437942498937992,0.0040008303752375,1.031676893442314,-0.1179578228074675,0.4221409410260121,0.1089110827430356,False,False,HOLD,HOLD
vid1,29.066666666666663,0.0111727492588567,0.8029968223440966,-0.1202760599775679,0.7439946624503052,-0.0027750274383812,1.027173757600676,-0.0055265097309529,0.4263828695120793,-0.0001266265556898,False,False,HOLD,HOLD
vid1,29.1,0.083744254527844,0.7920552542045212,-0.181395787484785,0.7436713485246871,-0.0112525320556262,1.031408922274481,0.0739105961883146,0.4221553743134138,-0.0836796854492066,False,False,HOLD,HOLD
vid1,29.133333333333333,0.0986496057528331,0.7881724542845661,-0.3715134575292988,0.7430659735204811,-0.017215004195185,1.0362984603593042,0.0781227809690272,0.4168649830534605,-0.0978414393909327,False,False,HOLD,HOLD
vid1,29.166666666666668,0.0979176409076523,0.7749453859474499,-0.1045897063234571,0.7425465637818826,-0.0278831648467635,1.0388129799520545,0.0082789672592965,0.4137770097078094,-0.0563670124155765,False,False,HOLD,HOLD
vid1,29.2,0.1623722239951773,0.7670446423966931,-0.0134108559390944,0.7414160096605215,-0.0314462893276012,1.036277206930965,-0.1194029494898258,0.4139708592601271,0.047588490714334,False,False,HOLD,HOLD
vid1,29.233333333333334,0.1314533781806844,0.7745128777822511,0.016463296746016,0.7400178592998663,-0.0279042619978785,1.0299323447040374,-0.0880128225462373,0.4169812557465422,0.0267374528357518,False,False,HOLD,HOLD
vid1,29.266666666666666,0.0756730001383195,0.7851370457581243,0.1706293515308236,0.7390914217629384,-0.0174070628079773,1.026042057313579,-0.0449044690114644,0.4187049419341216,0.0080455821177791,False,False,HOLD,HOLD
vid1,29.3,0.0773691575788605,0.7782923636205241,-0.0407668511808897,0.7390935718971917,-0.0025843866731669,1.0262007430981914,0.0768388473521175,0.418571722430247,-0.0709072476803046,False,False,HOLD,HOLD
vid1,29.333333333333332,0.1485216387357096,0.7746605569145208,0.2177002762866941,0.7391994578931286,-0.0016396451240659,1.0334549735836054,0.1484107815010968,0.4124950729381491,-0.1310373294827834,False,False,HOLD,HOLD
vid1,29.366666666666667,0.0802738489372259,0.7928553710146673,0.3885456410892622,0.7392991815773537,-0.0164012515257486,1.038816330821549,0.0561271098229622,0.4080419189769881,-0.0774131904227744,False,False,HOLD,HOLD
vid1,29.4,0.0629584838836855,0.8106332363639711,0.1596821058562373,0.7382725120645763,-0.0176994722778057,1.039826336157322,0.0113176368380601,0.4053575937516477,-0.0410147079617568,False,False,HOLD,HOLD
vid1,29.433333333333337,0.0698210820792081,0.8129520368431333,0.0668341062782898,0.7373850480954118,-0.0156727381230368,1.0362056668588369,-0.0432139049910357,0.4069172773936692,0.0096472762613192,False,False,HOLD,HOLD
vid1,29.466666666666665,0.0252315083588244,0.8064582961709114,-0.4205410722415323,0.7369027156519595,0.0008133057044417,1.0339360885890847,0.02507050155328,0.4080255096885573,-0.0202111227251745,False,False,HOLD,HOLD
vid1,29.5,0.1028298983328722,0.7855953856132946,-0.3989330195336962,0.7377775436045856,0.0145019350703974,1.0382630185335353,0.0894371738420546,0.405833711078319,-0.0516247383955685,False,False,HOLD,HOLD
vid1,29.53333333333333,0.0925626496034536,0.7741227693425132,-0.357928350366882,0.7380476691898931,0.0196266507990889,1.042420259367493,0.0620596807077971,0.4027210225671915,-0.0189400320685078,False,False,HOLD,HOLD
vid1,29.566666666666663,0.1354749753114744,0.753167235133348,-0.124652682057389,0.7388347089316643,0.0380605638373041,1.044445154081687,0.0248352029627728,0.4023619202947809,0.0457399664925751,False,False,HOLD,HOLD
vid1,29.6,0.2478615836105853,0.7588981590616531,0.7621324782443376,0.73994494809661,0.0706973202144936,1.0418198923329414,0.0154495234212007,0.4065884295563794,0.1114534734014787,False,False,HOLD,HOLD
vid1,29.633333333333333,0.4165507179174666,0.781132260734126,2.1546644340901597,0.7432009757899772,0.1164254626827361,1.0424838821914575,0.0868848496173495,0.4117625757184782,0.1304918777528675,False,False,HOLD,HOLD
vid1,29.666666666666668,0.5842176591647721,0.8893794503842565,3.7499824995999,0.7478481443116822,0.160083004596951,1.0525197287150456,-0.1659505091715391,0.4113003392791175,0.4258619819946605,False,False,HOLD,HOLD
vid1,29.7,0.6995350095084264,1.0895421809818226,2.269786314260832,0.7555463305135054,0.0983796456875229,1.0458735086506084,-0.6089707579976399,0.4306275634247754,0.6994639696296626,False,False,RELEASE,HOLD
vid1,29.733333333333334,0.7059641260593311,1.1342188291430946,1.1187772318553604,0.758600254563757,-0.0422987287078992,1.0064978643383369,-0.6902743420293932,0.4700165844584681,0.5213424012319857,False,False,RELEASE,RELEASE
vid1,29.766666666666666,0.7933364844509876,1.0821130120607865,0.5444660897832682,0.7519156623269606,-0.0741556166420778,0.9767388586035112,-0.7497016454003549,0.48391207851752,0.5164210391784851,False,False,RELEASE,RELEASE
vid1,29.8,0.8068577493193851,1.0798248338456442,0.775608833695897,0.7457341278110255,-0.0278251428516348,0.967382311069494,-0.8009617224170329,0.4810793601063859,0.6424621740645271,False,False,RELEASE,RELEASE
vid1,29.833333333333332,0.99246486966791,1.2071732110801183,2.062683518579359,0.7488796179742616,0.1178940211951555,0.9411224877146882,-0.9026669937999028,0.5093053519448751,0.9874978761505682,False,False,RELEASE,RELEASE
vid1,29.866666666666667,1.026746060494748,1.2332954151695723,2.3924699383417236,0.7581990538521727,0.1939221395829029,0.8859142962002033,-0.7705605576903797,0.5734244730592979,1.0076354744345304,False,False,RELEASE,RELEASE
vid1,29.9,0.6346621477005606,1.3207658282255548,1.739221459112197,0.7638608645296383,0.1341731580453605,0.8714093420496688,-0.4270537607016213,0.5959426446783989,0.6055722683910454,False,False,RELEASE,RELEASE
vid1,29.933333333333337,0.3179061988799136,1.3902614622108391,2.283035142019363,0.7675416334779792,0.0841169579918056,0.8770345225541669,-0.1201258281529697,0.5975828675861886,0.2522019899715925,False,False,RELEASE,RELEASE
vid1,29.966666666666665,0.4194595762592498,1.4916506681591668,1.0876914291895663,0.7687394826849306,0.0373961147105918,0.8786834722643632,-0.3985267010823581,0.5982735199492679,0.4101126002747142,False,False,RELEASE,RELEASE
vid1,30.0,0.6334213618262353,1.465446979395911,-0.3791981405451986,0.7701969673481858,-0.0415878667617322,0.8451915804063254,-0.6164787675889178,0.6297643082521712,0.4588795120862148,False,False,RELEASE,RELEASE
vid1,30.03333333333333,0.51912123203425,1.455063268837538,0.0073973678755444,0.7670206600770068,-0.0662678502047974,0.8257132750365328,-0.4644549289723714,0.640975821848146,0.2840523162054184,False,False,RELEASE,RELEASE
vid1,30.066666666666663,0.5502031586284759,1.4161233043517265,-0.5812393904535884,0.7623433188317955,-0.0112276617749845,0.8138570261244691,-0.5487987220172799,0.6429565973637789,0.454033260212319,False,False,RELEASE,RELEASE
vid1,30.1,0.4573588460933711,1.448828212073427,-0.1636225826751919,0.7639617955999896,-0.0148602526651754,0.8023493040833656,-0.4543933489847587,0.6557496623330878,0.3661081949766458,False,False,RELEASE,RELEASE
vid1,30.133333333333333,0.565384856058651,1.4244004098009184,-0.4479057394971645,0.7669909515630984,-0.0150665997914272,0.7767899621849328,-0.5629215101462616,0.6831654837300413,0.4594509734215166,False,False,RELEASE,RELEASE
vid1,30.166666666666668,0.6273761878607228,1.38376623067244,-0.3500785420029659,0.763668853356829,-0.0511579696800762,0.7591607248077287,-0.6012958900290827,0.692523100733865,0.4288771783782622,False,False,RELEASE,RELEASE
vid1,30.2,0.491237559753348,1.391290728658781,0.0037520154642937,0.7588813741164941,-0.0856335178424726,0.7429573070065995,-0.3892661786357275,0.6980629613728377,0.1849479246013963,False,False,RELEASE,RELEASE
vid1,30.233333333333334,0.4150416495039227,1.4168819846566745,-0.2016959589923769,0.759465100481848,-0.0792315104898952,0.7270822378717027,-0.3088632169169407,0.712800431444501,0.1268258526285053,False,False,RELEASE,RELEASE
vid1,30.266666666666666,0.5744917683571463,1.394438610525892,-0.7996562837163588,0.7566847485695881,-0.1231823618258345,0.7227756186632149,-0.3798055072927999,0.7116111100388649,0.1104989735237137,False,False,RELEASE,RELEASE
vid1,30.3,0.7713574826865737,1.336684802999085,-0.790958226842948,0.7499050465813293,-0.1927357400092541,0.7142397205796285,-0.3743863615625693,0.7070139439440153,-0.0169539823375695,False,False,RELEASE,RELEASE
vid1,30.333333333333332,1.066732872640966,1.3089113567462385,0.0677030253618398,0.7424378758792844,-0.214622104711064,0.6959731110508799,-0.7575815211522594,0.7096051125780574,0.2752768846818981,False,False,RELEASE,RELEASE
vid1,30.366666666666667,1.3312197341576162,1.3436275783931466,0.913048627532284,0.7364911415248763,-0.2573378778948696,0.6636014921808401,-0.9804676475927576,0.7270588765591729,0.3923237667158061,False,False,RELEASE,RELEASE
vid1,30.4,1.3669495658683135,1.4022627114483426,0.8809841601603273,0.7258420296590812,-0.2648270357754324,0.62912810394554,-1.0049084583301735,0.7380268632272275,0.4002071458042811,False,False,RELEASE,RELEASE
vid1,30.433333333333337,1.439903175023299,1.4247170881700333,0.3300918150744248,0.7169552675989223,-0.2959696501988007,0.5872169406629648,-1.0003870498731149,0.7585277410886034,0.341331042829922,False,False,RETRACT,RELEASE
vid1,30.466666666666665,1.485166482451586,1.417471656870571,-0.5402515315876043,0.7072132769329472,-0.3498170300724739,0.5624618644164733,-0.8410719650484546,0.7627058242021524,0.1087227741753986,False,False,RETRACT,RELEASE
vid1,30.5,1.854558624261321,1.3874946737080749,-1.2826075896427518,0.6965274092826744,-0.4289321342545366,0.5400352990729602,-1.0893620941341662,0.7632072814737917,0.1834531777602944,False,False,RETRACT,RELEASE
vid1,30.53333333333333,2.5217633653155387,1.3322130617022456,-1.5462126157015232,0.6786552560470457,-0.5990274118708423,0.4996030242752032,-1.402049553733512,0.7665704484634971,0.1531905768635816,False,False,RETRACT,RETRACT
vid1,30.566666666666663,3.0177488470841385,1.2532198395748353,-0.9551998463180736,0.6571216941807222,-0.742142674736349,0.4385334619526187,-1.5372479773466865,0.7812895461219228,0.017302167155092,False,False,RETRACT,RETRACT
vid1,30.6,3.565698707853405,1.245538863131254,-0.4379349448155383,0.629914993733315,-0.9388910206166652,0.3814366345943503,-1.3859854052712812,0.782564363528029,-0.4605984744493425,False,False,RETRACT,RETRACT
vid1,30.633333333333333,4.107766728663596,1.2623981171768413,-0.2764258743903035,0.5951882400943689,-1.128565728372901,0.3470773798920282,-1.1309716320214185,0.7509325550288929,-1.0155953303400218,False,False,RETRACT,RETRACT
vid1,30.666666666666668,4.634967736429363,1.2470932858396582,-0.2247770267758835,0.5536893029738814,-1.288901042583448,0.3159611923847616,-1.0688550758248714,0.7045464805538634,-1.3522488095523526,False,False,RETRACT,RETRACT
vid1,30.7,4.946402279806984,1.208162115324288,-0.1624254255152714,0.5068383269077801,-1.3764964864911424,0.2774852836981484,-1.1259402400111411,0.6550677625622243,-1.4575807551471105,False,False,RETRACT,RETRACT
vid1,30.733333333333334,5.062551736781609,1.230305461604713,0.3733914318270097,0.4601265413419068,-1.4076917845499066,0.2372414480739336,-1.1691210893186048,0.6073612302108788,-1.475362053095077,False,False,RETRACT,RETRACT
vid1,30.766666666666666,5.284999095766453,1.2570269894755166,0.9140255373239532,0.4135803101179132,-1.4707005814727008,0.2007525949063469,-1.2033350554059556,0.5567047467952421,-1.557042061056444,False,False,RETRACT,RETRACT
vid1,30.8,5.34925673845715,1.283189192895263,1.1100781651782006,0.3632653169684829,-1.4830977336982012,0.1603851841090917,-1.2973009249726428,0.5027446220872477,-1.4977917782929455,False,False,RETRACT,RETRACT
vid1,30.833333333333332,5.201628802994547,1.3293044665674,0.9448866761846544,0.3112345809798809,-1.4382264801571836,0.1124389444802684,-1.3154334804335055,0.4522997376075402,-1.402929885236318,False,False,RETRACT,RETRACT
vid1,30.866666666666667,4.738495808276264,1.3798885268688266,0.3521740915132659,0.2638336975974046,-1.3096373709798583,0.0663715041161538,-1.2054511202605571,0.4084051314981683,-1.2709102442764844,False,False,RETRACT,RETRACT
vid1,30.9,3.997477826452197,1.3685546814242842,-0.9020738043336134,0.2241666333660103,-1.1111258408426687,0.0287224573192012,-0.9292077504639912,0.3708933326428881,-1.1590208842776624,False,False,RETRACT,RETRACT
vid1,30.933333333333337,3.570992066543735,1.309246762479236,-2.1409608834013656,0.1906123489669441,-1.002504059260589,0.0044741165300333,-0.6683018989226726,0.3326010200239681,-1.192559699137146,False,False,RETRACT,RETRACT
vid1,30.966666666666665,3.3681418219965407,1.2090529393404086,-2.3217167421025895,0.1599654393564872,-0.9551318898760786,-0.0141460997649089,-0.4177275195856575,0.2945812124307366,-1.325294235351502,False,False,RETRACT,RETRACT
vid1,31.0,3.221811186318783,1.1182953973882246,-1.485367913288155,0.1285432567947502,-0.9188772411860436,-0.0231121304584554,-0.2050801356669498,0.2468571503697449,-1.4449056429355234,False,False,RETRACT,RETRACT
vid1,31.03333333333333,3.0947422019706847,1.0883382502146584,-0.4611882914800374,0.0965914553030354,-0.8841327131399599,-0.0290799801935728,0.080246271611079,0.1956094837842269,-1.6299362930005168,False,False,RETRACT,RETRACT
vid1,31.066666666666663,2.703974143428435,1.121726527808523,-0.0563135465443052,0.0681267522466948,-0.7694441739028948,-0.0179698109912298,0.2500168797363149,0.135771395769194,-1.5740768571099464,False,False,RETRACT,RETRACT
vid1,31.1,2.3413510530944817,1.1280162438257704,-0.9059302943000044,0.045267788695035,-0.6648259394558657,-0.0054701017925706,0.2649023289090133,0.0846286407535107,-1.4022599967412943,False,False,RETRACT,RETRACT
vid1,31.133333333333333,1.9530416893330231,1.0519706423000714,-1.0482134471347109,0.0244928004397023,-0.557280745180299,0.0064187953406356,0.1089263062813775,0.0376918631086403,-1.077748758635464,False,False,RETRACT,RETRACT
vid1,31.166666666666668,1.2394968531802866,0.9957632452667546,-0.1688183451204043,0.0064669919270539,-0.3542132038792897,-0.0002964292479417,-0.0118101181989562,0.0116713190576023,-0.6150509775318169,False,False,RETRACT,RETRACT
vid1,31.2,0.7451587980824278,1.0316431545394011,0.752133866836674,-0.0017938225860153,-0.2121684969570376,6.599746744052413e-05,-0.0639840991374832,-0.003223395082642,-0.319268386597921,False,False,REST,RETRACT
vid1,31.233333333333334,0.2024292699319209,1.1022283277614788,1.281590880216022,-0.0039281946055558,-0.0564285474679713,-0.005103329854997,0.0446163864705232,-0.0025275565975992,-0.1381296055996955,False,False,REST,RETRACT
vid1,31.266666666666666,0.297251308170751,1.131210080940778,0.4883569074267774,-0.0031956060733706,0.0144455749244956,-0.0002234666404189,0.2929220649462654,-0.0054478546192291,-0.227420209062285,False,False,REST,RETRACT
vid1,31.3,0.3909721714992604,1.129663124373542,-0.4647041981250686,-0.0043124621989312,0.0471839576403401,0.0116481170565781,0.354401173892093,-0.0176696423375643,-0.2227144553981489,False,False,REST,RETRACT
vid1,31.333333333333332,0.6352084917451335,1.1044210214710968,-0.7718998963621321,0.0007103290683963,0.0952071455112965,0.0313918185316089,0.5408379255529183,-0.025850941075702,-0.298921154999868,False,False,REST,RETRACT
vid1,31.366666666666667,0.4080668851874604,1.0586654884198896,-1.0620707899828163,0.0040641340084045,0.0662444562339936,0.0499869925316731,0.3358393461599037,-0.0359866136767006,-0.1730424097245394,False,False,REST,RETRACT
vid1,31.4,0.2921231768390401,1.0188683049919325,-0.6207146977801266,0.0054685067818837,0.0791064713456266,0.058313275735372,0.0933556521275915,-0.040696854817297,0.0590302143070747,False,False,REST,REST
vid1,31.433333333333337,0.0814749314387253,1.019209974906592,-0.3980897822227584,0.0076874550410777,0.0189253350072897,0.057229189515408,-0.0474633091806957,-0.0358439850751263,0.0743880101066689,False,False,REST,REST
vid1,31.466666666666665,0.1320539237595615,1.0035337890993468,-0.1430764408930488,0.0082709949978238,0.0376791725422314,0.0439742784078659,0.0074324986512441,-0.0233691802992246,0.0600928488602202,False,False,REST,REST
vid1,31.5,0.1354482918750482,1.0034933314854848,0.1498231776765586,0.0093700877091576,0.0386378377481272,0.054393162294826,-0.0082124720267884,-0.0304251188902641,0.0752934764819983,False,False,REST,REST
vid1,31.53333333333333,0.211551423871984,1.0100506920270054,-0.0158027915150591,0.0089852774317589,0.0595954418746378,0.0553091127276451,0.0356110786604578,-0.031895240021948,0.0744485234445175,False,False,REST,REST
vid1,31.566666666666663,0.4655209058329286,1.0278631456545442,-0.2222426954006446,0.0139395228035445,0.1264762413391789,0.0560975410910526,-0.1444035345453675,-0.0238308872493455,0.3479357550012433,False,False,REST,REST
vid1,31.6,0.5090056000541593,0.9955132297949342,-0.5276551265302645,0.0179996096563953,0.1195513933597143,0.0413203947521941,-0.2899818145018214,-0.0039050180069389,0.4614095753664499,False,False,REST,REST
vid1,31.633333333333333,0.229883069359385,0.9680975258638388,-0.5965125521572135,0.0238782222016834,0.0635771617721955,0.0361070802918131,-0.0579262977443447,0.0109731195313843,0.1622404037284249,False,False,REST,REST
vid1,31.666666666666668,0.1281022068743297,0.9516954402911636,-0.0725996015376874,0.0232492041629341,0.0317467161587659,0.0306705753837167,-0.0637969479482065,0.0145568615287643,0.111123026008842,False,False,REST,REST
vid1,31.7,0.1466322248588275,0.9570864280670464,0.9289788513280204,0.0231594991190793,0.009852630294207,0.0406161817008276,-0.1425217005938457,0.0058111314479746,0.1404498457325116,False,False,REST,REST
vid1,31.733333333333334,0.1908905970645419,1.0182813606468435,0.2377418444205953,0.0231747131090551,0.0169638993438493,0.0239979420640352,0.1814269216312249,0.0201867572115042,-0.1267061125107257,False,False,REST,REST
vid1,31.766666666666666,0.2156609599372191,1.026169794443566,0.1257290015178466,0.0259272723061415,0.046270551479135,0.0334199683236379,0.1424632264054277,0.0169101979212565,-0.0413321267717453,False,False,REST,REST
vid1,31.8,0.2094204626262475,1.0018344502156216,-0.289013719919126,0.0257391002572055,0.0177099857369081,0.0470059280605249,0.2000417212628936,0.004847447655459,-0.1414618098264559,False,False,REST,REST
vid1,31.833333333333332,0.2604392271818908,0.9679951438650768,-0.6095702521571299,0.0276761110150857,-0.0148736811617849,0.0608336439955188,0.2551860179619073,-0.0036727240904182,-0.2465911979717832,False,False,REST,REST
vid1,31.866666666666667,0.2806076523517516,0.9930242795232062,-0.006742810951133,0.0260177178493945,-0.0512395188687865,0.0496996312060053,-0.2158570787928498,0.0030134187445532,0.0959318542821061,False,False,REST,REST
vid1,31.9,0.2831626668780634,0.9706996627281744,-0.5717213595774397,0.022866585955348,-0.0601764484278459,0.0524967233272681,-0.1893230150873116,-0.0049639874469605,0.0572461704113536,False,False,REST,REST
vid1,31.933333333333337,0.0862943520242292,0.9439306996467264,-0.5157576094614229,0.0196799269584098,-0.0157922696787123,0.0355529714683954,-0.0662806380864012,0.0040408312299331,0.0293529077826741,False,False,REST,REST
vid1,31.966666666666665,0.1327850128539676,0.9211039178042816,0.2804753195004436,0.0221306742155602,0.0157499096985737,0.0345389869981866,-0.1208082236776741,0.0092423384319159,0.132111398343785,False,False,REST,REST
vid1,32.0,0.0817271952867604,0.9551437375147468,0.3066212099567245,0.0234231186610504,-0.0085773101510128,0.0397607646693134,-0.076016729670724,0.0070150630787626,0.0504950556852035,False,False,REST,REST
vid1,32.03333333333333,0.2180297940563299,0.9824377511303192,0.1104133918635602,0.0223423072428343,-0.0423645823156058,0.0374704690202706,-0.1598813506573063,0.007084763436192,0.0632662642121607,False,False,REST,REST
vid1,32.06666666666666,0.1641336411225354,0.97228081695216,-0.3143597331195488,0.0180900293101258,-0.035385498886535,0.0143801577773403,-0.1077440397870494,0.0195157330922906,0.0305683858095242,False,False,REST,REST
vid1,32.1,0.2396006185505372,0.9240075954864824,-0.4888087429884844,0.0181369186536454,0.0345539043125276,0.0225566415907094,0.2068562451973497,0.0125386383523144,-0.1176132467304336,False,False,REST,REST
vid1,32.13333333333333,0.4227661993729572,0.930793528500226,0.1479956430834918,0.0214265672549121,0.0637639701662828,0.0371358460971396,0.3590950091241826,0.0057572473758064,-0.197500655694814,False,False,REST,REST
vid1,32.166666666666664,0.286108220620233,0.9441938081308452,0.5833451435049499,0.0249008030565285,0.0558103901794602,0.0564980007430993,0.2090943056662603,-0.004828081659172,-0.0820242518064869,False,False,REST,REST
vid1,32.2,0.1472351996466787,0.981548243209274,0.1759100321077922,0.0249842513811149,0.0388403420599314,0.0525959215945281,-0.0566330759252153,-0.0013115889064167,0.117458978083941,False,False,REST,REST
vid1,32.233333333333334,0.1289961357554106,0.974777468671816,-0.240252214175128,0.0260733595514352,0.0120524150135541,0.0443401999518328,0.1219074920197803,0.0077391568199162,-0.0839845801371981,False,False,REST,REST
vid1,32.266666666666666,0.1465984562415692,0.9445565672730056,0.1873587564846286,0.027406799326744,-0.0318732000712436,0.0537738295929099,-0.0951443989661784,0.0019475848174379,0.0258892360470727,False,False,REST,REST
vid1,32.3,0.3060430670871621,0.9541642647158556,0.1050774940242212,0.0254871633142499,-0.0854791999520862,0.0550434520320944,-0.0648034539597554,-0.0025371449403937,-0.0949321630960279,False,False,REST,REST
vid1,32.333333333333336,0.2582836579867001,0.98810313165939,0.6077106543185392,0.0187785484219508,-0.0582462067748071,0.0458807583707337,-0.1586547631201786,-0.0064676326146493,0.03417334110392,False,False,REST,REST
vid1,32.36666666666667,0.2822727659828389,1.009074321896386,0.0910595109482896,0.0182959057531867,-0.0105016279144311,0.0307945494206465,-0.2798706828448828,0.0057063801064426,0.2231129445967694,False,False,REST,REST
vid1,32.4,0.1092702044272029,0.983346221995401,-0.5962448606758488,0.0208236762348927,0.0304006812813879,0.0343614576315965,0.0249818227589341,0.0070885435122834,0.0320923375998885,False,False,REST,REST
vid1,32.43333333333333,0.1326089130661873,0.9651916764817932,-0.1486374094559237,0.0230458830780503,0.0138980162109632,0.0331966419455,-0.1233699450084343,0.0120168698748347,0.1310543624512061,False,False,REST,REST
vid1,32.46666666666667,0.316993787995511,0.963753646418492,0.0623556056578426,0.0220902292037842,-0.0712372486669407,0.0278766136744521,-0.1958317512544189,0.0149234724927102,0.0433417946212813,False,False,REST,REST
vid1,32.5,0.6094056203600524,0.9693487168589832,0.2733486207716216,0.018296733166921,-0.1563725135448432,0.0201411918618723,-0.2682935575003519,0.0149063228495869,-0.0443707732086853,False,False,REST,REST
vid2,0.0,0.0752136567763918,0.7505405396218996,1.011853271643417,0.0001843639011557,0.0121925079750552,-0.0011028958805689,-0.0619206593782587,0.0012779616881819,0.075007454793846,False,False,REST,REST
vid2,0.0333333333333333,0.044377501473755,0.7791732282546232,0.7061080463199988,0.000281563655184,-0.0063605227333568,-0.0027746254213,-0.0383831130656103,0.0028926354172175,0.0218729689482899,False,False,REST,REST
vid2,0.0666666666666666,0.0884963933270146,0.7976144093765661,0.400362820996589,-0.0002396709477346,-0.0249135534417698,-0.0036617700849443,-0.0148455667529218,0.0027361596180692,-0.0312615168973023,False,False,REST,REST
vid2,0.1,0.0613198078817545,0.8046691543763325,0.2231888781465922,-0.0017141365726924,-0.0174360628920297,-0.0037711948759958,0.0056643802727037,0.0002221855813099,-0.0357337584758086,False,True,REST,REST
vid2,0.1333333333333333,0.0278696041719559,0.8056611831754423,0.1356912975646117,-0.0025122594397093,0.0046125965843542,-0.003020314807165,0.0227115595160674,-0.0018377549318859,-0.0114404102524609,False,True,REST,REST
vid2,0.1666666666666666,0.1260306229161436,0.8116706645321013,0.1890248199933321,-0.0015224918356554,0.0350269577302884,-0.0020982290033451,0.0289632508189249,-0.0008825736928309,0.0369689460268734,False,True,REST,REST
vid2,0.2,0.0976980319270049,0.8221027417458597,0.0581732031267069,0.0010550919786187,0.0240742094651069,-0.001174254477233,0.0493750302943165,0.0028799097432365,-2.2658495601160387e-05,False,True,REST,REST
vid2,0.2333333333333333,0.1086328966190243,0.8223958403119738,-0.1929127942120141,0.0015507418916518,-0.0227294112507466,0.0006325635595018,0.0739318649100193,0.0021974359763066,-0.1040136136429963,False,True,REST,REST
vid2,0.2666666666666666,0.1114070852971234,0.8085035590395107,-0.3959425061683878,-0.0011479575343199,-0.0220662041969251,0.0040201034557369,0.0802537236311099,-0.0055001948467634,-0.1082962027319241,False,True,REST,REST
vid2,0.3,0.0936501281166704,0.7878639092228508,-0.4908302663251149,-0.0029038894138526,0.0180096296815441,0.0072941269525123,0.0692315548086402,-0.0114320532468279,-0.0278876388172473,False,False,REST,REST
vid2,0.3333333333333333,0.2288757570321363,0.7702167805194507,-0.1961847729282226,-3.644784901169514e-05,0.0643247241023081,0.0088876116003713,0.0405644049686406,-0.007734590940355,0.07878633716845,False,False,REST,REST
vid2,0.3666666666666666,0.2604794346607718,0.7680742241165742,0.1855825505299138,0.0041329219592012,0.0741626153534468,0.0093638436916653,0.0201003990907169,-0.0007697456003018,0.1138507717298749,False,False,REST,REST
vid2,0.4,0.0420773048108339,0.7881699825042141,0.1792272659180228,0.0059521524114633,0.0119658599882506,0.0101724281442476,0.0038362393889309,0.0017507529761354,0.0178575297725268,False,True,REST,REST
vid2,0.4333333333333333,0.1765788293095114,0.8015134283411958,-0.109193716463762,0.0049239635358819,-0.050143188581161,0.0100934391941997,-0.0186471518183255,-0.0,-0.0726132846378049,False,True,REST,REST
vid2,0.4666666666666667,0.2481778112116405,0.7795301396031865,-0.3049460009950324,0.0019847285602872,-0.0696092809144936,0.0090030566275005,-0.0466297204964714,-0.0042586516864246,-0.0829005638746521,False,True,REST,REST
vid2,0.5,0.2467097665059305,0.7561683425817287,-0.1714156751575184,-0.0013321033365215,-0.0674694288599007,0.0067211740016785,-0.071026635773126,-0.008157014130428,-0.058060227453911,False,False,REST,REST
vid2,0.5333333333333333,0.0500040578437261,0.7661150063284087,0.1012341625126678,-0.0032430075894021,-0.014245381006582,0.0028553839502773,0.0034559027477959,-0.0082012844048399,-0.0281833288622361,False,False,REST,REST
vid2,0.5666666666666667,0.1962026020767672,0.7826180589365833,0.1151963929150653,-0.0026203070014454,0.0434674802094687,0.0034482543816228,0.1237990920254834,-0.0076113477230426,-0.0299437561241376,False,False,REST,REST
vid2,0.6,0.2659702911887091,0.7756388759651274,0.0003775085078357,0.0002064706215222,0.0624428445946927,0.0124378957534853,0.1514164422928306,-0.0103687918532938,-0.0202094132342889,False,True,REST,REST
vid2,0.6333333333333333,0.2195571402095849,0.7678477273835559,0.0797495456784406,0.0033570437776557,0.0576029690245702,0.020577704663909,0.0866991446113784,-0.0118200089367934,0.0270803715060542,False,True,REST,REST
vid2,0.6666666666666666,0.0647940851846289,0.782120082406143,0.0772950856535902,0.0047228854228697,0.0055501758517596,0.0194102872343744,-0.0618104396413824,-0.0083962667894318,0.0631616914652162,False,True,REST,REST
vid2,0.7,0.2277167223721584,0.7909141056042196,-0.1601574162616848,0.0037108796555773,-0.0463361579898475,0.0126147802543495,-0.1597704415441347,-0.0043219573789716,0.0559126062622504,False,False,REST,REST
vid2,0.7333333333333333,0.201165264838823,0.7712149127308598,-0.3816493167950373,0.0009018911666381,-0.0469882978478711,0.0067303102466157,-0.1157274481764901,-0.0042128425119793,0.0167493175281698,False,False,REST,REST
vid2,0.7666666666666666,0.0931534592273963,0.7469149147012758,-0.3577473359993359,-0.0013558506973675,-0.0222896067317491,0.0033266659108861,-0.0508446240167337,-0.0052695243121045,0.004447993181396,False,False,REST,REST
vid2,0.8,0.0408037787292502,0.7429202463927668,-0.0276333539969191,-0.0003834250946364,-0.0115429572975735,0.0036134332634567,-0.0055749156170186,-0.0037967347527083,-0.0156088942750961,False,True,REST,REST
vid2,0.8333333333333334,0.116470808604626,0.7519742038595826,0.2118982730554121,0.0003400957690533,-0.0331556928705503,0.0052762642776592,0.0092282630538964,-0.0039518300806854,-0.0666183010096646,False,True,REST,REST
vid2,0.8666666666666667,0.1082715160889971,0.7594951295325112,0.2849737623804146,-0.0029358562773153,-0.0309187971622233,0.0045806385887027,-8.811095471908413e-05,-0.0091468321580487,-0.0546209726080209,False,True,REST,REST
vid2,0.9,0.0554563392077314,0.7704012993908945,0.3636980120162251,-0.0050949851502161,0.0156348323859383,0.0038668289466332,0.0088224094823839,-0.0123504210724454,0.0200450159756949,False,False,REST,REST
vid2,0.9333333333333332,0.2542131367487391,0.7854221083753486,0.3247911320624241,-0.002023054677454,0.0712549010781883,0.0047275647052622,0.0486193460113269,-0.0076588360413296,0.0840946842757582,False,False,REST,REST
vid2,0.9666666666666668,0.3153455148631456,0.7971453461976628,0.2186924829762164,0.0026891304475484,0.0867170085649317,0.0073436780570344,0.0850289522699142,-0.0015804637915664,0.0800260672196487,False,False,REST,REST
vid2,1.0,0.1246733618673879,0.7998341186824899,0.1253004205409453,0.0047734910440662,0.0320055753236378,0.011362129110159,0.054609129995167,-0.0013610881553653,0.0094912646003454,False,True,REST,REST
vid2,1.0333333333333332,0.0631468367567437,0.799921183360324,0.1051133633190641,0.0044603347113209,-0.0179480354714866,0.0132928778057322,-0.0061109502354919,-0.0035813372345495,-0.0264772175544808,False,True,REST,REST
vid2,1.0666666666666669,0.0974241372018605,0.8072929971207649,0.0523514566450421,0.0029901826817823,-0.0277328462490398,0.009877941465368,0.0077560343535212,-0.0032349851696524,-0.0557544433925291,False,True,REST,REST
vid2,1.1,0.1178036890446691,0.8102319104161394,-0.0895628227239638,0.0014457286924574,-0.021877711068657,0.0086616762202237,0.0894896832678736,-0.0049175561287606,-0.1159334894265564,False,False,REST,REST
vid2,1.1333333333333333,0.1155286736662614,0.8020344339500436,-0.2813375195210024,0.0015765855100297,-0.0191667588526577,0.0169466530965668,0.0940320399149716,-0.0118360953112828,-0.1150577762036495,False,False,REST,REST
vid2,1.1666666666666667,0.1177659041508313,0.7865097302290337,-0.4057288467598701,0.0014517808025728,-0.0335494063673151,0.0230231562313614,-0.0081529443921829,-0.0173009748043852,-0.0523146160682646,False,False,REST,REST
vid2,1.2,0.2892056660228185,0.7692309568379413,-0.1331449521864418,-0.0002902024897112,-0.0731721188427277,0.016762106929321,-0.134104235532687,-0.0149792780817438,-0.0137118862473069,False,True,REST,REST
vid2,1.2333333333333334,0.4146459812454587,0.7674897743090686,0.2725740306733851,-0.0037500958545281,-0.1085458041810776,0.0068925850467794,-0.1656829859666682,-0.0125825025455361,-0.0490370052901263,False,True,REST,REST
vid2,1.2666666666666666,0.2369585274537428,0.791873585666465,0.371188029834427,-0.0086406781705753,-0.0665819494754833,0.0034830301570883,-0.0422761654786656,-0.0182917196860002,-0.0813022207939378,False,True,REST,REST
vid2,1.3,0.0736321961922548,0.8140656119468623,0.181083601921253,-0.0108099234354695,0.0100261882282361,0.0053632451880568,0.0647225465948676,-0.0237518786670688,-0.0381194488703893,False,False,REST,REST
vid2,1.3333333333333333,0.220167148788487,0.8059616297743646,-0.1501271045790618,-0.0076215064832101,0.0620811862148288,0.0097535716081962,0.0348219078668031,-0.0219003008087724,0.0797732402521565,False,False,REST,REST
vid2,1.3666666666666667,0.2400531277178973,0.7876149351738144,-0.2640327230735828,-0.0031151586815714,0.067241206600391,0.0116049491052064,-0.046707381988811,-0.0155260898583229,0.1592623240498302,False,False,REST,REST
vid2,1.4,0.1308197955500053,0.783121955240912,-0.0153169568797822,-0.0024130105083295,0.0221914145970558,0.0063178743770335,-0.1052377640152356,-0.0097211447005898,0.1300792256560024,False,True,REST,REST
vid2,1.4333333333333331,0.1009005898866494,0.7892306579383503,0.1987901107596733,-0.0032802977263475,-0.0012734396711711,-0.0002083224085856,-0.1008020009364814,-0.0056232382479049,0.0847405223244472,False,True,REST,REST
vid2,1.4666666666666666,0.0363949196788369,0.802689863259797,-0.0251660744011028,-0.003007568281733,0.0103454233491324,-0.0017358080314117,-0.0034856912325948,-0.0038225272531708,0.0213098020390898,False,True,REST,REST
vid2,1.5,0.1010726259153151,0.801879047045666,-0.4547867194357958,-0.0022810950647103,0.0181150559365725,0.0008020085534065,0.07868694527876,-0.0047275224884414,-0.0358612466487471,False,False,REST,REST
vid2,1.5333333333333332,0.0612234816408746,0.7686005159512911,-0.5774701012469425,-0.0016528558865188,0.0156161994255902,0.0053769315782814,0.0275297033089716,-0.0075643456947361,0.0038674399442304,False,True,REST,REST
vid2,1.5666666666666669,0.0880976530763109,0.7370714594966638,-0.3421885101056636,-0.0011609839009625,0.0120050128011998,0.0065251799576118,-0.0774203128183781,-0.0076851495031206,0.0880521479193839,False,False,REST,REST
vid2,1.6,0.1963743298433773,0.7405146422450856,0.1854656177474011,-0.0008795693896899,0.0104628351727877,0.000509462951941,-0.1929260948238652,-0.0019956779929287,0.1850067933578346,False,True,REST,REST
vid2,1.6333333333333333,0.2656750937807033,0.7648034946168087,0.5259948112426717,-0.0006231514333005,0.0111084067427123,-0.0098524818055547,-0.2628118902602005,0.0074004186404912,0.2464611028118697,False,False,REST,REST
vid2,1.6666666666666667,0.1874159956231829,0.7838961537985176,0.3223512611859139,-0.0002509052496465,0.0191661971132919,-0.019387383084356,-0.1749861981966741,0.0162876734381562,0.1849211676798688,False,True,REST,REST
vid2,1.7,0.1127983362923466,0.7914368391058958,0.0301638125309557,0.0005280286526957,0.0292246308942224,-0.0240415355921736,-0.0474365376498056,0.0216822373990744,0.0926382289239665,False,False,REST,REST
vid2,1.7333333333333334,0.5420126212863661,0.7754272073580655,0.4897794090405705,0.000764019873233,0.1041352142691264,-0.0272625107226555,0.4009989664891916,0.0248794577492278,-0.1618460080630507,False,True,REST,REST
vid2,1.7666666666666666,0.6451959121164457,0.7915424760683843,1.3181405644774766,0.0063985175971715,0.1206642690870573,-5.099874455490115e-05,0.4875815698182678,0.0113633339233272,-0.2073270211279156,False,False,REST,REST
vid2,1.8,0.6716882069076197,0.879243330524215,1.168283233591733,0.01139037563296,0.1501321754977665,0.0227579054449578,0.4180548169237187,0.0005098479640305,-0.0951943106794371,False,False,REST,REST
vid2,1.8333333333333333,0.4987009621586901,0.9203775532801176,1.4121356536931262,0.0171894869861276,0.1333845847359965,0.0354036396744441,0.1747370657416684,-0.0001446289874073,0.0851643659170712,False,False,REST,REST
vid2,1.8666666666666667,0.7692816666879949,0.9300072611328692,1.7217656540146675,0.019042156796231,0.1056556822871094,0.0306061630028853,-0.6744666338014489,0.0072731219135212,0.7689831704115764,False,False,REST,REST
vid2,1.9,0.9046239629748404,1.0038243395412187,1.6076890091411236,0.0238174321824417,0.1711967805396916,-0.0017693461134518,-0.6774568301646582,0.0436612835847558,0.8875094690545733,False,False,REST,REST
vid2,1.9333333333333331,1.1183938655988888,1.111169490122631,1.5122187661339714,0.0279960652990898,0.2725324600651919,-0.0396242543521614,-0.5831057777827443,0.0837227385398016,0.9853516692354602,False,False,REACH,REST
vid2,1.9666666666666663,1.5951966444799073,1.1304684987642757,-0.4130044531650111,0.0401173139152475,0.4311483917596767,-0.0513240597746816,-0.514945180812965,0.1152629474847212,1.2071283823450472,False,False,REACH,REACH
vid2,2.0,2.3083083860416873,1.054917337211489,-1.5500386536615391,0.0565898530629979,0.6492410146245644,-0.0446182662689239,-0.3992824570418307,0.1386165760687482,1.4931276668233882,False,False,REACH,REACH
vid2,2.033333333333333,3.165557731044508,0.9947453699900694,-1.494973906716145,0.0822289854506265,0.8694800376811158,-0.0750428249638525,-0.8661848637926519,0.2102303287267805,2.2856845683481244,False,False,REACH,REACH
vid2,2.0666666666666664,3.834089117889605,0.9403524944439752,-1.2201853718042868,0.114769819251918,1.0609423934676026,-0.1171458978466856,-0.9473431643060704,0.3041322563070406,2.6944323250245636,False,False,REACH,REACH
vid2,2.1,4.430699630539907,0.9154906858063234,-0.081194049503556,0.1551376456182324,1.2489167516475008,-0.1446321676656105,-0.7099035418172581,0.3992660823015789,2.8220558934994258,False,False,REACH,REACH
vid2,2.1333333333333333,4.613597275825978,0.9260992678307092,0.1221618583107447,0.1991141990628654,1.3078457131493773,-0.1629102015849682,-0.5572866297811564,0.4928371251316293,2.794594212853252,False,False,REACH,REACH
vid2,2.1666666666666665,4.730907508991127,0.9486655622538964,0.3672297118848257,0.2448581287041219,1.3467739936614571,-0.177897034460049,-0.3735757539472922,0.5866944064250894,2.7049157985844894,False,False,REACH,REACH
vid2,2.2,4.715337586906869,0.96069688279431,0.4713506915683298,0.2897346172104077,1.345193530514274,-0.1909880048664792,-0.2113137583213554,0.6773809862652579,2.562085874748294,False,False,REACH,REACH
vid2,2.2333333333333334,4.603587087372321,0.9549793839938282,0.5610872195157361,0.3338351529394147,1.314419372775268,-0.1934251707878318,-0.0831939495526485,0.7575005061024418,2.397075843148308,False,False,REACH,REACH
vid2,2.2666666666666666,4.498284660026934,0.9986953752866116,0.9593818367011572,0.378556086726494,1.284563107489146,-0.1903818193072697,-0.0007388026730055,0.8339877928337229,2.2730987497978705,False,False,REACH,REACH
vid2,2.3,4.13897636963051,1.035021489336997,1.1603325120679793,0.4210004402226025,1.1819157647220615,-0.192205764662416,0.0343277487646385,0.910648220797922,2.061247241446184,False,False,REACH,REACH
vid2,2.3333333333333335,3.626202855487086,1.0772176525968562,0.8928977362172222,0.4587813257907174,1.0352833063802485,-0.1925503999333943,0.0783508469832178,0.9777820615368724,1.7638540957962563,False,False,REACH,REACH
vid2,2.3666666666666667,3.1841489054842467,1.0988646505468065,0.6030002759758893,0.4902429196259402,0.9060619141560156,-0.1877673873270673,0.2680215161203805,1.0293115155984152,1.3715665047616934,False,False,REACH,REACH
vid2,2.4,2.7979468130710288,1.1177110401945651,0.5880959681383977,0.5173997598938903,0.7914091100099556,-0.1744680634462192,0.38481787810699,1.0658759530984403,1.0679429079984255,False,False,REACH,REACH
vid2,2.433333333333333,2.5192034101488967,1.125739978685034,0.4130810489353465,0.5424186635702696,0.7082839197750568,-0.1598762891245664,0.4411906782441691,1.09754286605692,0.8722395945975362,False,False,REACH,REACH
vid2,2.466666666666667,2.280516976652106,1.1500273137877148,0.4666586146804656,0.5651685306219534,0.6334962764957038,-0.1434902154540664,0.5287312224405217,1.1236472299955436,0.6643877221438961,False,False,REACH,REACH
vid2,2.5,2.029931424909195,1.16201505894982,0.4052125019618795,0.5842315773747496,0.5560554926930302,-0.1273616480640529,0.57362896798335,1.1434516416702751,0.4886435354316019,False,False,REACH,REACH
vid2,2.533333333333333,1.8705144088055532,1.1724176699912938,0.2303851569345212,0.6015537617202286,0.5015286623375089,-0.1046272787177735,0.6437369325232682,1.1544754898807177,0.3316786497068188,False,False,REACH,REACH
vid2,2.5666666666666664,1.7153309832177597,1.1795926747823458,0.1179470213713802,0.6175867808779356,0.4475456608419809,-0.0821367645420491,0.697276586969928,1.1634291854731016,0.1899744718040465,False,False,REACH,REACH
vid2,2.6,1.5537892390027546,1.1848321853070984,-0.1200621925471612,0.6318221229706799,0.3897205038678113,-0.0595325455958852,0.742825801661372,1.169104565205077,0.0483691573711901,False,False,REACH,REACH
vid2,2.6333333333333333,1.42265496636708,1.172161652027529,-0.4403237414675147,0.6434573269834388,0.3398381338587177,-0.0335621574756012,0.7795759611268267,1.1672751176136404,-0.0715912526179905,False,False,REACH,REACH
vid2,2.6666666666666665,1.36231148759926,1.1500557027166345,-0.3748209561083258,0.6536136180433244,0.3067636487401842,-0.0055545065341668,0.8378141690997951,1.1610712119120905,-0.1803620483073455,False,False,REACH,REACH
vid2,2.7,1.364183620598536,1.1376100172377777,-0.4366845655233345,0.6633399576740516,0.2987156715186731,0.021834419484872,0.8756661600818587,1.1546406658748307,-0.2272660632503109,False,False,REACH,REACH
vid2,2.7333333333333334,1.402563300482642,1.125244683535295,-0.1315241116959783,0.6733383015894497,0.3007974830173995,0.0513355902356659,0.9261066062467852,1.1468684181287176,-0.267113921715712,False,False,REACH,REACH
vid2,2.7666666666666666,1.479179831801591,1.1282287768293917,-0.115915465832203,0.6834318278441485,0.2945495474133082,0.0833926656776233,1.060224373053219,1.137058777419215,-0.3939120565313478,False,False,REACH,REACH
vid2,2.8,1.4706400514305138,1.1190003977663994,-0.0786677081145184,0.6934630792588788,0.2781385563774099,0.1215493432275659,1.1018772987711,1.1218749412278477,-0.458890943364618,False,False,REACH,REACH
vid2,2.8333333333333335,1.4997885820847734,1.1248062969301915,0.053873403341134,0.7021373489391514,0.2659579810822552,0.1591365191773994,1.1755792407642494,1.104782017980278,-0.5440446732660442,False,False,REACH,REACH
vid2,2.8666666666666667,1.5238784967564014,1.1192269603023537,-0.0214003948061043,0.7105631663822605,0.2569173432816027,0.19962255725706,1.2299566447359551,1.0847478174607843,-0.6069663827550952,False,False,REACH,REACH
vid2,2.9,1.5217886063236454,1.12667110887764,0.1220327409469219,0.7191826522109876,0.2517085223583584,0.2399017234599378,1.2405305628444898,1.0652347595695997,-0.6253064818013608,False,False,REACH,REACH
vid2,2.933333333333333,1.5887845552036592,1.126919316295881,0.0414306661409686,0.7276729017534682,0.2571192135118611,0.2843565879880464,1.3090269527115082,1.041889399261784,-0.6748478638522274,False,False,REACH,REACH
vid2,2.966666666666667,1.5280807441074784,1.1296474474394704,0.1096535519411356,0.736066123360748,0.2426815919515343,0.3273417187386498,1.2699732936053787,1.019640788759574,-0.6666850276231753,False,False,REACH,REACH
vid2,3.0,1.5048295734399983,1.1324989352978836,0.1497092418058896,0.744232167624954,0.2299004132949654,0.3695955344647837,1.271369940466204,0.9976214227492778,-0.6905009419491567,False,False,REACH,REACH
vid2,3.033333333333333,1.4161857533322444,1.139279422265003,0.1860284163213607,0.7516916614389852,0.2163607211324092,0.4127265411357559,1.196471976303468,0.97359510498821,-0.6498155659670262,False,False,REACH,REACH
vid2,3.0666666666666664,1.3196332791102472,1.146515891865354,0.2807701683855501,0.7583407850838315,0.1881733816315903,0.4504905409467641,1.1433382985564495,0.952766988536598,-0.6538254987928962,False,False,REACH,REACH
vid2,3.1,1.1908898674716957,1.154966347340301,0.4035086417259805,0.7645010831335708,0.171408879013294,0.4888986423096311,1.0285576513665815,0.9305182461725408,-0.5844257639552904,False,False,REACH,REACH
vid2,3.1333333333333333,1.1169554583767694,1.1721802123539884,0.4727381730053862,0.769523248518096,0.1687883947030352,0.5195082517797889,0.9477518422309188,0.9129862756678572,-0.5193251833185188,False,False,REACH,REACH
vid2,3.1666666666666665,1.039911890997277,1.1928348581134762,0.4674221925275013,0.7749917275926382,0.1604125143264042,0.55137825995077,0.875141748382809,0.8951561192433506,-0.4714792056790298,False,False,REACH,REACH
vid2,3.2,0.9337389536979144,1.2091606035564733,0.171275120219311,0.7808728217065138,0.151164642055875,0.5774344409044091,0.7691934586076302,0.8830733018642499,-0.3964045756297947,False,False,REACH,REACH
vid2,3.2333333333333334,0.9349676366938976,1.2041839050806646,0.0817275549160921,0.7856834074453343,0.1374097524538284,0.6027458171893506,0.8016412652144451,0.8697394727915114,-0.4487405508873147,False,False,REACH,REACH
vid2,3.2666666666666666,0.7978438918768261,1.2024290022468394,0.1797878949938063,0.7895583019615312,0.1024377748496263,0.6281885890930038,0.7126550289923064,0.8546369597175127,-0.4338116958437225,False,False,REACH,REACH
vid2,3.3,0.7883539734812326,1.212410768094507,0.2652450266810532,0.7924807657336768,0.1044279384022601,0.653093707863199,0.698409497760953,0.8383135464260146,-0.4179969295603428,False,False,REACH,REACH
vid2,3.3333333333333335,0.8277518839723571,1.228067478427721,0.6239918313288954,0.7957672000477218,0.1161528215397469,0.6743814010918776,0.7209247042092343,0.8257558971208235,-0.4166858677762088,False,False,REACH,REACH
vid2,3.3666666666666667,0.8216226352951572,1.2521044069522722,0.3846647042238586,0.7999995183666627,0.1092717532067422,0.6962672996934884,0.7270792929865858,0.8143553092090952,-0.43417032944761,False,False,REACH,REACH
vid2,3.4,0.8441677965717506,1.2665304128681505,0.0794286359759198,0.8047500104691085,0.0839843759599434,0.7249340587515272,0.7912815343597479,0.7980194366959987,-0.5343123434882989,False,False,REACH,REACH
vid2,3.433333333333333,0.8141128047093121,1.2689536870516325,-0.5760035326071652,0.8061335104925235,0.0452369552335074,0.7517027964105765,0.7985522337011823,0.7773651889541456,-0.609133311134318,False,False,REACH,REACH
vid2,3.466666666666667,0.8103601288130863,1.218967444118444,-0.8919739428268989,0.8063952050007999,0.0191434048736189,0.7760629026592161,0.8075826024349964,0.7568050840555678,-0.663087517493915,False,False,REACH,REACH
vid2,3.5,0.9333851304272324,1.1930148498058497,-1.097893043245837,0.8070445474564567,0.0088482715558912,0.8029976760382429,0.9328706975968696,0.7347087813635068,-0.7894252526359509,False,False,REACH,REACH
vid2,3.533333333333333,1.0666077974353207,1.155094172523574,-1.3711378210177112,0.8082144741773933,-0.0335629278361721,0.8371523189809604,1.0601126016017723,0.7073025883487886,-0.9742641940810388,False,False,REACH,REACH
vid2,3.5666666666666664,1.3624063005143918,1.1143496702454234,-1.6399917522426986,0.8060681218378339,-0.1118720569529124,0.8733527750000901,1.3048677963007846,0.6722641588908692,-1.3240238459357427,False,False,REACH,REACH
vid2,3.6,1.5118337309694971,1.0360206059104116,-2.269786265717191,0.8001053321375531,-0.1469624737876695,0.9227300655913906,1.42154624664842,0.6191024843741323,-1.486795545675755,False,False,GRASP,REACH
vid2,3.6333333333333337,1.5345659751816083,0.952039017901937,-1.7232068350012686,0.7940629736473068,-0.1723613960829427,0.9741678456048198,1.4108825400825182,0.5640218219275123,-1.5225247003943154,False,False,GRASP,REACH
vid2,3.6666666666666665,1.417163490253268,0.895741527124835,-1.1082206904219103,0.7888751019896691,-0.1622219959616294,1.0233160939459225,1.2983257562259496,0.5124286852033815,-1.4074497361723075,False,False,GRASP,GRASP
vid2,3.7,1.1649586297167274,0.8789496562846536,-0.2491060692385744,0.7838749435445881,-0.1549998641445477,1.0593288354478236,1.030786051913989,0.4725037192382218,-1.163783503695849,False,False,GRASP,GRASP
vid2,3.7333333333333334,1.0677732369527049,0.897136284808593,0.380647536765817,0.7776468809280251,-0.1530679059761606,1.0912755678907515,0.9234876011572768,0.4339155381837991,-1.0677659482126725,False,False,GRASP,GRASP
vid2,3.7666666666666666,0.8806367261062943,0.9113783463233192,0.198743652929947,0.7731856874985471,-0.1127330075833424,1.119192323537559,0.7871968069352359,0.4019309607511127,-0.8787907967218956,False,False,GRASP,GRASP
vid2,3.8,0.7705511257983788,0.9262622315575396,-0.2076797281156623,0.7697437732587035,-0.0627773187025563,1.1429297077155511,0.7385270387137607,0.3753563894174458,-0.748413919972659,False,False,GRASP,GRASP
vid2,3.8333333333333335,0.7439157943055494,0.9071844267612318,-0.9286507324647912,0.7687652581421235,-0.0129146642772149,1.166866259137163,0.7425398614143951,0.352967819826732,-0.6636673181760367,False,False,GRASP,GRASP
vid2,3.8666666666666663,0.628596939650862,0.858743158824551,-1.642821644004696,0.7694704493142883,0.0218043196558022,1.192531503295241,0.62394240065179,0.3320659350775692,-0.4998965747678342,False,False,GRASP,GRASP
vid2,3.9,0.5952779847334941,0.785801319449662,-1.7095438652346766,0.771000059952534,0.0382181801008322,1.2128252579748393,0.5800385759760488,0.3172581508891988,-0.4329700596744334,False,False,GRASP,GRASP
vid2,3.933333333333333,0.4718378530680768,0.7225123208484997,-1.143518806504496,0.7722492934726134,0.0339447150417955,1.2289622187558906,0.4566195823986914,0.3055417262559654,-0.3340180143294336,False,False,GRASP,GRASP
vid2,3.966666666666667,0.3329147755413641,0.6992054220558421,-0.5775166473628054,0.7730808914438524,0.053126613643203,1.242801049675793,0.2760829558246291,0.2950697948410483,-0.1442789852806243,False,False,GRASP,GRASP
vid2,4.0,0.2656683589405447,0.6990240780874005,0.2258317504734585,0.77527321177375,0.0569057661986547,1.252005834167327,0.1756988228970534,0.2910042906430651,-0.0509607808184051,False,False,GRASP,GRASP
vid2,4.033333333333333,0.1565662067509814,0.7151846763791934,0.5314548176258486,0.7777973303570345,0.0445884866509018,1.2513343180280023,0.0115443850910622,0.2960491183138402,0.0689164892197129,False,False,GRASP,GRASP
vid2,4.066666666666666,0.1122864358886299,0.7401744736880832,0.4433601401513948,0.7793319743072696,0.0185186742062722,1.2501410661701058,-0.0916672669754585,0.2997937762220011,0.1118704529448074,False,False,GRASP,GRASP
vid2,4.1,0.1181662094643117,0.7636144974876574,0.3169623834910089,0.7786417608812721,-0.0300783102943505,1.246290954521016,-0.0535650092188155,0.3018954429613768,-0.0069829176542679,False,False,GRASP,GRASP
vid2,4.133333333333333,0.1230681588132262,0.7596002777480645,-0.2551665335242374,0.7768587605479391,-0.0344693894785091,1.2425385537628335,-0.0240018145436221,0.3019795853067456,-0.0402643553537738,False,False,GRASP,GRASP
vid2,4.166666666666667,0.1194512707320531,0.7372953790736537,-0.2102125487131355,0.775471452580617,-0.0294611801487625,1.2431646475904583,0.0602091014749175,0.2989850366805683,-0.1040795691998973,False,False,GRASP,GRASP
vid2,4.2,0.1650036933808916,0.7351884681026515,-0.1921149555402942,0.7747248978374869,-0.0185470329492884,1.2492834990611297,0.1516837937834803,0.2923837008597744,-0.1637155855151287,False,False,GRASP,GRASP
vid2,4.233333333333333,0.0771430198880612,0.7277244118527461,0.0694265495762832,0.7747835955337534,-0.0041772977344267,1.2547718306956612,0.0757434168702112,0.2877510458605471,-0.0727573185851589,False,False,GRASP,GRASP
vid2,4.266666666666667,0.0998863255523347,0.7457490001882318,-0.0920555958315043,0.7743698284960897,-0.0068841351639328,1.25574095812804,0.0969336717836489,0.2861827014334488,-0.0958332972071479,False,False,GRASP,GRASP
vid2,4.3,0.1352415147563033,0.730016417367145,-0.3931438460482093,0.7741808298957761,0.0068361687551655,1.2575125965977052,0.1331059585419635,0.2843194080392036,-0.1027784488546484,False,False,GRASP,GRASP
vid2,4.333333333333333,0.1600472486991208,0.7164260041942457,-0.3912503261415499,0.7744451148057239,0.0308540273225028,1.2638406947810787,0.1180740076708625,0.2793257195154718,-0.0473168172361754,False,False,GRASP,GRASP
vid2,4.366666666666666,0.0705629878097403,0.6827553070305941,-0.0563231677349347,0.7764498448382243,0.0195226838310768,1.272451648886274,0.0174763431526447,0.2754408405697818,0.0194543881185174,False,False,GRASP,GRASP
vid2,4.4,0.0967365335243453,0.7068950265991248,0.4510193722468445,0.777210141224313,0.0089216197083611,1.266357637040334,-0.0915527754978938,0.2820450492086816,0.0947939404213108,False,False,GRASP,GRASP
vid2,4.433333333333334,0.044886261874016,0.7370376589043922,0.1551527215266154,0.7764178649406823,0.009526583283591,1.2577118796185462,-0.0300312091849929,0.2881048596483047,0.0427703223675732,False,False,GRASP,GRASP
vid2,4.466666666666667,0.0525874672201368,0.7342827392802989,0.1924912124336758,0.7761975582030868,0.0143471447487073,1.261616883194994,-0.0155337975589582,0.2843450614437146,0.0387867188428637,False,False,GRASP,GRASP
vid2,4.5,0.1550957933809308,0.7192362070687283,-0.0026686847360501,0.7781488684469954,0.0440450990664149,1.2662548497500512,-0.0162971633062287,0.2837944147352031,0.0919827892156512,False,False,GRASP,GRASP
vid2,4.533333333333333,0.2102471143207051,0.7335828264602372,0.0046051360098848,0.7797652578636629,0.0472223091255054,1.261344097538739,-0.1298417567924636,0.2908919310405949,0.1955937564126462,False,False,GRASP,GRASP
vid2,4.566666666666666,0.3025115905301291,0.7460805734883367,0.0096030532359942,0.7807233229140272,0.0600885806685993,1.251755702531122,-0.2173417062010448,0.3008616966019717,0.2938683615625285,False,False,GRASP,GRASP
vid2,4.6,0.3255028592312172,0.7231145248817255,-0.2964357844974357,0.7833999250692072,0.0755090722612859,1.2479384308696244,-0.1898298201894057,0.3088910997041942,0.2974049603712587,False,False,GRASP,GRASP
vid2,4.633333333333333,0.3226344202080022,0.7134120957665485,-0.3361582611430865,0.786302715203266,0.0893997584697495,1.2384437195499347,-0.0780146990003819,0.3222203383071067,0.225480573515282,False,False,GRASP,GRASP
vid2,4.666666666666667,0.3921685912290982,0.7043789395520682,0.1970400573772975,0.7894401285701471,0.106096110664508,1.2394038994021956,-0.1255529045206906,0.326941944680559,0.2960433448587252,False,False,GRASP,GRASP
vid2,4.7,0.4377616236274245,0.7212176524900479,0.084067181557461,0.7928890551821489,0.1099224010616619,1.2377688926806143,-0.2084871960796793,0.334454311081366,0.3743855215471565,False,False,GRASP,GRASP
vid2,4.733333333333333,0.5996446696309445,0.722934865989345,0.1440134284370509,0.7972272637436763,0.1245552531561106,1.2303309128198971,-0.4114990151746795,0.3485478987057662,0.5754733968690511,False,False,GRASP,GRASP
vid2,4.766666666666667,1.030719532354371,0.730960171170311,0.298930196324634,0.800829766711084,0.1666559662079555,1.2086654523662252,-0.8495871909928773,0.3736184657248006,1.0280270387090793,False,False,GRASP,GRASP
vid2,4.8,1.4204710664790352,0.7334089301356052,-0.2220619460291657,0.8063931687863505,0.2413927409848844,1.1782842070037929,-1.1415735175345842,0.4096797929143613,1.4122280228713164,False,False,GRASP,GRASP
vid2,4.833333333333333,1.848145231083158,0.7403993125196707,-0.4116319199457741,0.8166244928568077,0.3159660702942687,1.1303952496964351,-1.4803406379278798,0.4691082850450798,1.8365122353384813,False,False,GRASP,GRASP
vid2,4.866666666666666,2.2197851449209485,0.7026925401494383,-0.7665784888544038,0.8289645949439672,0.3993964926463546,1.0744178692429192,-1.7237587560402603,0.5392477225442477,2.194177817355356,False,False,GRASP,GRASP
vid2,4.9,2.4187864256102087,0.6633521838950737,-0.7784400567692498,0.8429623756326317,0.4476928266262103,1.015478651169355,-1.8419409461533736,0.614875783053556,2.3816092390569974,False,False,GRASP,GRASP
vid2,4.933333333333334,2.619224193475276,0.6480010771099759,-0.2069715173510012,0.8589324043658667,0.4769172506396626,0.9514882674015211,-2.017722382412123,0.6983520713783696,2.5850102502805674,False,False,GRASP,GRASP
vid2,4.966666666666667,2.7774858189948626,0.6516118638212497,0.2355941887023401,0.8762597595726246,0.5028729205245895,0.880783530865002,-2.147892894768515,0.7900241081143247,2.743265899153647,False,False,GRASP,GRASP
vid2,5.0,2.88588033246966,0.6587128491547356,0.9118459904774036,0.8926678869080547,0.4807587075289828,0.8085454944930708,-2.343941331507908,0.8813932370448025,2.873336761578188,False,False,GRASP,GRASP
vid2,5.033333333333333,2.97843224938431,0.7125791957328945,1.1121688350406913,0.908349210622236,0.4748038841054113,0.725450677648758,-2.471151781644447,0.9808461398193418,2.9725864649853606,False,False,GRASP,GRASP
vid2,5.066666666666666,2.999802659638088,0.7597051838857566,0.8120068004827993,0.9244687913777644,0.4474114329752762,0.6408312352222104,-2.558148419997886,1.0823901125522657,2.999206863370353,False,False,GRASP,GRASP
vid2,5.1,2.997708136775978,0.7767431529054178,0.6681850888914755,0.939076504004259,0.3901592181021269,0.5532777463025689,-2.6682555467230156,1.183791625767335,2.992948357085725,False,False,GRASP,GRASP
vid2,5.133333333333333,2.9345168321507673,0.7763163936498961,0.3329549589541656,0.9514940760423348,0.3211366470572274,0.4660695116967981,-2.7104909690945553,1.281020704099057,2.9072933838273363,False,False,GRASP,GRASP
vid2,5.166666666666667,2.8807709534145927,0.7986065995638423,0.6507497631809005,0.9601823909265562,0.2360830873741906,0.370489790828845,-2.7595981387060355,1.378877216694298,2.799209128573311,False,False,GRASP,GRASP
vid2,5.2,2.679553864709353,0.8332773990939776,0.4352016775932577,0.9669052778664928,0.1680720257627848,0.2765309658846157,-2.614117851375835,1.4718579295212364,2.553342717349149,False,False,GRASP,GRASP
vid2,5.233333333333333,2.259307546099371,0.8337931608827662,0.1048876996993441,0.971276974542679,0.1110546334299865,0.1902996440045006,-2.225586256868578,1.554010334941489,2.117168577568677,False,False,GRASP,GRASP
vid2,5.266666666666667,1.8029760775434545,0.8297519934516961,0.1837160999735124,0.9738402725043522,0.0672782032430168,0.1239351009337646,-1.787517212069501,1.6158183234517862,1.6616670123765032,False,False,GRASP,GRASP
vid2,5.3,1.3288851627975204,0.8314408137222751,0.2442791851052594,0.9752940990767478,0.0340830352470286,0.0734293950251606,-1.323514591126496,1.6619772355504816,1.2025032890497882,False,False,GRASP,GRASP
vid2,5.333333333333333,0.989868794243992,0.8570675611838106,0.4195445658038685,0.9761317776592984,0.0072674564668267,0.0389374025583888,-0.989541595219102,1.6932261267961597,0.8668424886989741,False,False,GRASP,GRASP
vid2,5.366666666666666,0.7801997724159322,0.8709236611667545,0.1372237885034002,0.9758409376767384,-0.0194148946648089,0.0098651634698867,-0.7772319081084715,1.7178012975262682,0.6364142333612052,False,False,HOLD,GRASP
vid2,5.4,0.663503534631944,0.8642018702049675,-0.0736760326027981,0.9746006031988766,-0.0397858872185956,-0.0096279252619327,-0.6487112196455113,1.7324298427092448,0.4894619960537661,False,False,HOLD,GRASP
vid2,5.433333333333334,0.5917375408056,0.8564203718927506,-0.0814734717889014,0.9727948280310084,-0.045634415371571,-0.0317745069760743,-0.5697512004825337,1.748348088403468,0.4109722156743899,False,False,HOLD,GRASP
vid2,5.466666666666667,0.5178743467575552,0.8505967427787078,0.346531595918851,0.9710957333087246,-0.0337811153770781,-0.0483890248970193,-0.5041826963158565,1.7596808217957318,0.3753549544094328,False,False,HOLD,HOLD
vid2,5.5,0.5196307840430391,0.875906728050507,0.619880236013389,0.9703212820059408,-0.0244017930456957,-0.0643311031862245,-0.5125567386490941,1.772068975811275,0.3991743760023349,False,False,HOLD,HOLD
vid2,5.533333333333333,0.4763841920577964,0.9090977975909263,0.3662447505022492,0.9699807455657974,-0.0218211217277284,-0.0800259128233342,-0.4702158193510407,1.785011352794148,0.3671990137568329,False,False,HOLD,HOLD
vid2,5.566666666666666,0.4161715610377965,0.9194330409339364,-0.0131902230948876,0.969156502711207,-0.0213440169181443,-0.0991407230664945,-0.4094048441130793,1.8000495276554986,0.3155624550839137,False,False,HOLD,HOLD
vid2,5.6,0.3296760630609313,0.8898913092234498,-0.1184252267841546,0.9681334389439245,-0.0247272667504786,-0.1099859088374491,-0.3181013727494607,1.8075991950207797,0.2307813409231946,False,False,HOLD,HOLD
vid2,5.633333333333333,0.1514171714536681,0.8856710267239539,0.2853794470415908,0.9674859237318676,-0.0196103791193674,-0.1182900098137911,-0.134949488636929,1.8136202420662408,0.0817711724136658,False,False,HOLD,HOLD
vid2,5.666666666666667,0.1204957754912693,0.915725931510168,0.7691369831767434,0.9670215705183,-0.0165051230733998,-0.1190805089231639,-0.10572919408605,1.8134809862575432,0.0620470813180245,False,False,HOLD,HOLD
vid2,5.7,0.0688735799475471,0.956699451962692,0.7203268965194751,0.9663496589666052,-0.019316567034857,-0.1237029767007618,-0.0129624347730391,1.8162815823662293,-0.0229853121460753,False,False,HOLD,HOLD
vid2,5.733333333333333,0.0776973695000195,0.9674681203595952,0.5833218428105457,0.9657833039461332,-0.0202308319861968,-0.120202052428986,0.0319054717399463,1.8122583313216456,-0.0633242239441867,False,False,HOLD,HOLD
vid2,5.766666666666667,0.0891977432169325,0.986924575211277,0.3075832666752733,0.964920453736397,-0.0138717579411947,-0.1221379466235893,0.0748104015946681,1.81240260226826,-0.0891021364642526,False,False,HOLD,HOLD
vid2,5.8,0.1752803805810272,0.9944849226753268,0.0769854169336554,0.9645849807346208,-0.0103060901711764,-0.114685966731705,0.1715247284621868,1.8053779867183568,-0.1662598736043128,False,False,HOLD,HOLD
vid2,5.833333333333333,0.1158568463959589,0.9972087726869264,-0.1173665447965649,0.96450748367898,-0.0105441673914506,-0.110163972694193,0.1098155647531169,1.801338356531465,-0.1134253151299657,False,False,HOLD,HOLD
vid2,5.866666666666666,0.1521517229455235,0.9758018984850448,-0.3295156397676285,0.964102913963716,-0.0037527962023229,-0.1043749148110784,0.1515831341543064,1.795626626321674,-0.1374569154045472,False,False,HOLD,HOLD
vid2,5.9,0.0461267113817207,0.9700186342494096,-0.1454595312011883,0.9637420578035812,-0.0027540171589978,-0.1016534443998311,0.0451072762537263,1.7926395915981888,-0.0438001111853865,False,False,HOLD,HOLD
vid2,5.933333333333334,0.031706516079931,0.9679749055137518,-0.1881889663179656,0.9640264855865192,0.0017320728288507,-0.0998232495506871,-0.0311209638679403,1.7915632800720669,0.0299218856221566,False,False,HOLD,HOLD
vid2,5.966666666666667,0.1067625538448153,0.965077704503273,-0.2546030295016353,0.96431937916256,0.0026974860144261,-0.1019543072219566,-0.1063438520070655,1.7939205522342698,0.0965479854898637,False,False,HOLD,HOLD
vid2,6.0,0.1214616962271396,0.9547068840629312,-0.6875551948494908,0.9639539877298388,0.0035603397945971,-0.110682503985522,-0.1208201247674924,1.8008066910268663,0.110567612855131,False,False,HOLD,HOLD
vid2,6.033333333333333,0.1207044806184964,0.9137434335886392,-0.3966228169453465,0.9640922591392742,0.0172327532197647,-0.1126659579776912,-0.1045369364996278,1.8027630445677223,0.1207022649184704,False,False,HOLD,HOLD
vid2,6.066666666666666,0.1423214342810683,0.905629000190405,-0.1519476689707087,0.9651466268910764,0.027703452439891,-0.1143662058704866,-0.1041348450048017,1.8060956115830704,0.1388784847491868,False,False,HOLD,HOLD
vid2,6.1,0.1295572897573167,0.9122107853297948,0.0674725558790237,0.9665541515401856,0.021833514091686,-0.1184161713033605,-0.1045919489081589,1.812080765837434,0.1288887344434856,False,False,HOLD,HOLD
vid2,6.133333333333333,0.1295665844925306,0.9318248502004725,0.1653024191817731,0.9670898956875308,0.0040111688734914,-0.1246215390141509,-0.128802953488662,1.8183838309146925,0.1182544282504148,False,False,HOLD,HOLD
vid2,6.166666666666667,0.0840508797021696,0.9158432865370346,-0.2314581556360372,0.9665502478002248,-0.0067246355892079,-0.126669966184457,-0.0806847334521932,1.819196981408695,0.0577356267849054,False,False,HOLD,HOLD
vid2,6.2,0.0533517808537894,0.909195203182222,0.0559472269586946,0.965953262908484,-0.0008658718001767,-0.1290048761081275,-0.0532655500660358,1.8201559376273364,0.0444370188240429,False,False,HOLD,HOLD
vid2,6.233333333333333,0.0344577401520599,0.9110884627502964,0.3765300396155189,0.9663914223948042,0.0038145933059784,-0.1312121077752807,-0.0317632035497158,1.8228359320388816,0.0341602365916501,False,False,HOLD,HOLD
vid2,6.266666666666667,0.003440988182075,0.9345794275778768,0.7056178189528653,0.9668849430288992,-0.0006523695802195,-0.1312112348471717,-0.0025732475697989,1.8237082432094216,0.0010666659045783,False,False,HOLD,HOLD
vid2,6.3,0.0511486379342751,0.9684830968520028,0.8381539878744497,0.9665533037243726,-0.0105550201034581,-0.1306813244048943,0.0353556874240384,1.822664236553201,-0.0491847693393539,False,False,HOLD,HOLD
vid2,6.333333333333333,0.0817724155168974,1.0005574112795013,0.3971230966980681,0.9656783646613986,-0.0162155655833064,-0.1293529522219694,0.0588416593396535,1.819970021614871,-0.0794672468174353,False,False,HOLD,HOLD
vid2,6.366666666666666,0.0916445336953916,1.0054969086115426,-0.1338477522340731,0.965495581086562,-0.0261589801069555,-0.1255708732535396,-0.0027405623721485,1.8163826892753765,-0.0439115039113861,False,False,HOLD,HOLD
vid2,6.4,0.1166596833892965,0.9820921916482456,-0.2594055582787644,0.9643866369379476,-0.0261901175435977,-0.1281325933659275,0.0720991233839855,1.816631701906979,-0.1085541116448017,False,False,HOLD,HOLD
vid2,6.433333333333334,0.1559773978454571,0.9692635779828191,-0.4541054222536106,0.9632660463134634,-0.0319834439258809,-0.1260869504397117,0.1085588525038266,1.812883903119148,-0.1502679898474521,False,False,HOLD,HOLD
vid2,6.466666666666667,0.2823916436957373,0.9594098220284571,-0.0704028053168237,0.9619143763151528,-0.0232518953328503,-0.1219149867737698,0.2703983205047229,1.8068922728413117,-0.2744907645878803,False,False,HOLD,HOLD
vid2,6.5,0.2989016358571796,0.9592199692767956,0.2746189285393873,0.9621327116566004,-0.030918605083751,-0.1042611881300249,0.2786029794101928,1.7920430851293043,-0.2951343026314402,False,False,HOLD,HOLD
vid2,6.533333333333333,0.3479921487815247,0.9734848902813544,0.0965477536863426,0.9604837279290588,-0.0443084751020683,-0.100512353420974,0.3114868768128288,1.7858906561279146,-0.3472008900896475,False,False,HOLD,HOLD
vid2,6.566666666666666,0.3789295235309698,0.9893628215706668,0.2152847041207494,0.9588177507084767,-0.0520100807594567,-0.0872819502287485,0.3322899713086032,1.771525460251919,-0.3787787580991729,False,False,HOLD,HOLD
vid2,6.6,0.4332278301656933,0.9815030370100384,-0.0244036054829422,0.9565462280083884,-0.0677501922939596,-0.0793221118633973,0.3624912140388581,1.7606375809640016,-0.4326878867223165,False,False,HOLD,HOLD
vid2,6.633333333333333,0.5497517746447881,0.9746697142515176,-0.1282129627761069,0.954979243803107,-0.0734846085027142,-0.060363762503214,0.4858076396864333,1.7415042245289,-0.5492558944130322,False,False,HOLD,HOLD
vid2,6.666666666666667,0.617475987114098,0.983839809040456,-0.0971334430114233,0.9518454585723364,-0.1025614416206217,-0.0495037669194488,0.502282821220154,1.726588086904287,-0.6149126487592769,False,False,HOLD,HOLD
vid2,6.7,0.7845400291337645,0.9710340542134088,-0.2267463265527907,0.9477039592905336,-0.1031569068964588,-0.0281441534334915,0.6964282792441533,1.7008279559552852,-0.7835158593132445,False,False,HOLD,HOLD
vid2,6.733333333333333,0.8800037398405867,0.9600893263888272,-0.3196485507455481,0.944398412584978,-0.1150153342408677,-0.0035705467007787,0.7824259031071651,1.6737729562735844,-0.8787110094129047,False,False,HOLD,HOLD
vid2,6.766666666666667,1.017287687042391,0.9551813436766168,-0.6283580296676398,0.9408528533868956,-0.1318843619975753,0.0265702142879054,0.9064130903076316,1.6414888423755063,-1.015555618238536,False,False,HOLD,HOLD
vid2,6.8,1.1508185064572756,0.9252324281473367,-0.4772642381224385,0.9362064452849064,-0.1548375579064101,0.0563925861155628,1.015081858560927,1.6075320411887588,-1.1499434727416558,False,False,HOLD,HOLD
vid2,6.833333333333333,1.3821796198101204,0.9058987365023032,-0.7421366521396608,0.9299124913098292,-0.1914777655271782,0.0907499472495211,1.2086469161217095,1.5667468940321865,-1.3818108767374695,False,False,HOLD,HOLD
vid2,6.866666666666666,1.6468952896734117,0.8848137202187007,-0.8726438428343863,0.9233443045635616,-0.1991457697980722,0.1348822434881521,1.491958687573519,1.5170407310721552,-1.639877359910831,False,False,HOLD,HOLD
vid2,6.8999999999999995,1.811130009993682,0.858169368643271,-0.7712222931146744,0.9167971634252894,-0.2350163975816171,0.1924310910570564,1.6133489037050543,1.4557931582408012,-1.8080956037064888,False,False,HOLD,HOLD
vid2,6.933333333333334,2.0697339986933,0.8104200615872409,-0.8137597846836564,0.9084468909595774,-0.2774265113193376,0.246977256676697,1.8275670111193352,1.3939470988458094,-2.067994105157186,False,False,HOLD,HOLD
vid2,6.966666666666667,2.276837598962143,0.8001699097835819,-0.3689415965041469,0.8983054997451424,-0.3126720595708296,0.3092093313350417,1.996283985392552,1.3222994247761708,-2.2759500953613823,False,False,HOLD,HOLD
vid2,7.0,2.4813292850069293,0.7985446986905079,-0.2305045951190783,0.8866411011660355,-0.3472591563227081,0.3784910858990671,2.162928553332665,1.241873512656878,-2.4809527385864634,False,False,HOLD,HOLD
vid2,7.033333333333333,2.621060852811868,0.7884053522803514,-0.1973854261631392,0.8750495612592225,-0.3499998161560155,0.4601607444181744,2.316849513265928,1.1508855854739677,-2.6186367013582066,False,False,HOLD,HOLD
vid2,7.066666666666666,2.581643626402497,0.7780823780270482,-0.0823436498337756,0.8632878882006445,-0.3659748372843079,0.5349369461144247,2.24108440051545,1.0655458174504389,-2.5815111937912776,False,False,HOLD,HOLD
vid2,7.1,2.5941394462877727,0.7759639006517838,0.4096330642151749,0.8508065278155889,-0.381305717550655,0.60990747928982,2.2241062741344932,0.9787651735399538,-2.593980023085392,False,False,HOLD,HOLD
vid2,7.133333333333333,2.511323963161768,0.804543281007953,0.6284311763811358,0.837798852674494,-0.384356824846731,0.6833346679259583,2.1201864034662603,0.8923853749323387,-2.5096935322634604,False,False,HOLD,HOLD
vid2,7.166666666666667,2.431326819964134,0.8332509751822159,0.6376643554429755,0.8245142764610662,-0.3824730525357173,0.7531381503088105,2.0291639136745423,0.8086430243202545,-2.427807564784401,False,False,HOLD,HOLD
vid2,7.2,2.2964772986441697,0.8567671593599396,0.3196610260918799,0.8121204926955454,-0.3652157677608128,0.8187356406616487,1.9074038663922273,0.730106353713307,-2.292198156225334,False,False,HOLD,HOLD
vid2,7.233333333333333,2.1747145891114186,0.8527548475437741,-0.2070349315718453,0.8002889951330701,-0.3493620635424511,0.8791624718369282,1.797966792074851,0.65702673694281,-2.1697066268484098,False,False,HOLD,HOLD
vid2,7.266666666666667,1.915912001253688,0.8402446506768151,-0.2762324091842504,0.7887902533397765,-0.3340528568671855,0.941459924910053,1.5173390867161756,0.5829214144346759,-1.9004388264975545,False,False,HOLD,HOLD
vid2,7.3,1.713886797057815,0.8238148989729656,-0.3983346948294424,0.7779701132526998,-0.3196700040126812,0.98549713113649,1.2978077805511523,0.5257753813572664,-1.6855367027533763,False,False,HOLD,HOLD
vid2,7.333333333333333,1.39233764491543,0.8129008925627313,-0.222919641291656,0.7669537093822861,-0.2610429936327184,1.023049984096532,1.0502321329099296,0.4738782197950124,-1.368161692559755,False,False,HOLD,HOLD
vid2,7.366666666666666,1.088881095346232,0.8132437321309092,-0.3239935948052203,0.7591410834323932,-0.197851836969527,1.0524608659445145,0.8400225171613088,0.4346753297841988,-1.074959784825426,False,False,HOLD,HOLD
vid2,7.4,0.7652820330597976,0.792826225985431,-0.1870114821383237,0.7542559992235541,-0.138864305800806,1.0850405139769317,0.5909255709939033,0.3979167361342539,-0.7556340955691582,False,False,HOLD,HOLD
vid2,7.433333333333334,0.4061626069060317,0.7953152202632503,-0.379762662901212,0.7513500372620976,-0.0932944283177006,1.0942965662606048,0.2413216278092122,0.3847878519370669,-0.3733062428989877,False,False,HOLD,HOLD
vid2,7.466666666666667,0.2827931206502554,0.7781639858116833,-0.5927557337098901,0.7478016243984835,-0.0771072355609779,1.0955560401112512,0.0840492505104034,0.3774235782707956,-0.208942328551492,False,False,HOLD,HOLD
vid2,7.5,0.1255736966935961,0.7581819062163795,-0.5795574715963268,0.7458025083640707,-0.0350993819512719,1.0929408730707777,0.0257220795681841,0.3761439543329732,-0.0842911479444251,False,False,HOLD,HOLD
vid2,7.533333333333333,0.0941453348538932,0.7174980311524799,-0.4365785835942337,0.7456591801298901,-0.0157110887999149,1.0982488120789031,0.0763967392469344,0.3713095855542733,-0.0937250395208477,False,False,HOLD,HOLD
vid2,7.566666666666666,0.044152557199623,0.7241582433472284,0.0825631851657852,0.7457884668136445,-0.012579886057314,1.1007108436940878,0.0029743428945302,0.3694135385708503,-0.0248213870284616,False,False,HOLD,HOLD
vid2,7.6,0.077448709100592,0.7360737364486912,0.2679789367834002,0.7451582687037744,-0.0171129867784024,1.0975937496977644,0.0490626522009576,0.370988772823194,-0.0726154356182544,False,False,HOLD,HOLD
vid2,7.633333333333333,0.0759550521286554,0.7534808080155578,0.0519441223158285,0.7437901081965271,-0.0090830297114071,1.0993254836519344,0.0689745386175758,0.3670739167247894,-0.0755942009457751,False,False,HOLD,HOLD
vid2,7.666666666666667,0.087730318007985,0.7399378458431847,-0.1039216697809752,0.7439646806465826,0.0206433494113087,1.1052230935892715,0.0497083783560949,0.3622930384296001,-0.0063797175400865,False,False,HOLD,HOLD
vid2,7.7,0.203308127049743,0.7347664278988296,-0.0098008381191521,0.7454874062791296,0.0380806543086741,1.1102737610498512,-0.1534657529399865,0.3606280368091704,0.1998094627959646,False,False,HOLD,HOLD
vid2,7.733333333333333,0.384283698039411,0.7336304055033389,0.1377412081712032,0.7469685578451702,0.0639567923760363,1.095075693556207,-0.3122724778245235,0.3763643834726614,0.3826378018760401,False,False,HOLD,HOLD
vid2,7.766666666666667,0.6271086276394394,0.7497216249768244,0.5116991731757756,0.7487831665491496,0.1086241846424084,1.0831092382918324,-0.4985740267871443,0.3899017145869582,0.6224372339413156,False,False,HOLD,HOLD
vid2,7.8,1.1201907174097152,0.7742813197994888,-0.0354265516935405,0.7526748531288263,0.20353414664941,1.0679022737744588,-0.8641958547030133,0.4099101054388679,1.1058739689156505,False,False,HOLD,HOLD
vid2,7.833333333333333,1.7411688130273275,0.7639369291021532,-0.1460289725720996,0.7625490833999594,0.2533824147139771,1.03986709952088,-1.498124396241826,0.4515728325196924,1.7411459774846754,False,False,HOLD,HOLD
vid2,7.866666666666666,2.24280274648526,0.722663719147333,1.3943215351805938,0.7734133336970409,0.2044883699868074,0.9674651321560062,-2.12541690261141,0.5332760194704385,2.1960105535267007,False,False,HOLD,RELEASE
vid2,7.9,2.3554143308675446,0.7839751551654487,3.505252159152221,0.7784629665446876,0.1558667457064299,0.8810714247145127,-2.2913016741163754,0.6167678710406191,2.253156785380209,False,False,HOLD,RELEASE
vid2,7.933333333333334,2.2556452108620655,0.9944951424314696,5.257169167583322,0.7792400925587684,0.175677254795964,0.802051485598297,-2.1701337509739327,0.686337780179134,2.183633305810965,False,False,RELEASE,RELEASE
vid2,7.966666666666667,2.142731932224088,1.2251557181118713,4.81567230653189,0.786696871771943,0.2562432305541623,0.7408264505817321,-1.945797982832494,0.7523671443925545,2.13255445444932,False,False,RELEASE,RELEASE
vid2,8.0,2.169446858852862,1.3374693890659834,3.2022850130975873,0.7986696416010949,0.3833277426615808,0.6745003489179399,-1.7042973927246998,0.8307878188069996,2.148955951176693,False,False,RELEASE,RELEASE
vid2,8.033333333333333,1.6893246815943177,1.4074400598924712,1.9747323374857777,0.8139230547405664,0.3699578270709981,0.6141551331375741,-1.0841812758643952,0.9098505530465054,1.5901363920627296,False,False,RELEASE,RELEASE
vid2,8.066666666666666,0.9993747426044692,1.4564752784156183,1.33216966816213,0.8262239860750945,0.2595285674089295,0.5912189238320165,-0.4156930750687198,0.9514057783166496,0.8178679643909419,False,False,RELEASE,RELEASE
vid2,8.1,0.4655692004911715,1.5013371608425887,1.0143892125388074,0.8340546958494371,0.1321599544488828,0.6006302980823425,0.0507227680581836,0.9571365986090156,0.1900237181867963,False,False,RELEASE,RELEASE
vid2,8.133333333333333,0.309639970510566,1.5232595285065569,0.0114543458251128,0.8326160239454924,0.014951062483486,0.6085440191361919,0.3051815810989022,0.9477618769061684,-0.2369260402594431,False,False,RELEASE,RELEASE
vid2,8.166666666666666,0.1540308985761146,1.5083379443964209,-0.252331412276327,0.8320765016624423,-0.0175955089529846,0.6167553604299908,0.1411700728658939,0.939720949445145,-0.1529588243493506,False,False,RELEASE,RELEASE
vid2,8.2,0.1907537747483531,1.4836177993761983,-0.3640343990614103,0.8314071753241512,-0.0101345489081314,0.6220878692000803,0.1874233737263553,0.933934857767448,-0.1796771246649598,False,False,RELEASE,RELEASE
vid2,8.233333333333333,0.1957805742023544,1.463013840681514,0.2155055024544665,0.831623288100178,-9.354001935989632e-05,0.6299138087260835,0.1957803001846715,0.927563295557117,-0.1691261657091636,False,False,RELEASE,RELEASE
vid2,8.266666666666666,0.0641891108910017,1.5034344639639876,0.7524785682075691,0.8308371912840338,-0.0027556078709747,0.6311251670478034,0.063459651376367,0.9251272316572712,-0.0596412395721336,False,False,RELEASE,RELEASE
vid2,8.3,0.112546580072482,1.5296158125467048,0.844271905010311,0.8316481040895654,0.0154420932322906,0.6418151172014154,-0.0987046700788803,0.9173362279951498,0.1125011770717308,False,False,RELEASE,RELEASE
vid2,8.333333333333334,0.2940435823267748,1.569608546052425,0.5167679661457486,0.8314148033078124,0.0545111320061093,0.6273392675579487,-0.2236598438581315,0.9294163338910436,0.2894541818904649,False,False,RELEASE,RELEASE
vid2,8.366666666666667,0.2161511517050098,1.578067378333761,-0.7241524120688735,0.8350601699485543,0.0338226813242425,0.6144482601330751,-0.1808126502368448,0.9469902734844924,0.2158775719574899,False,False,RELEASE,RELEASE
vid2,8.4,0.159209012891007,1.5282824154816503,-0.7788101970660991,0.8365133683186079,-0.0080435766864689,0.6075852771818754,0.156697573504555,0.9554838940171204,-0.1494613575812999,False,False,RELEASE,RELEASE
vid2,8.433333333333334,0.5303153554844409,1.4809799955619585,-1.1450494048394635,0.836060525052948,-0.125229253931062,0.630378444329058,0.2982073348830387,0.9350120201729412,-0.4788936956005625,False,False,RELEASE,RELEASE
vid2,8.466666666666667,0.6953645358673393,1.455436769092095,-1.0167502329176112,0.826836044703368,-0.1802170166661496,0.637791181712339,0.292001061301616,0.912296139777932,-0.5708139156011963,False,False,RELEASE,RELEASE
vid2,8.5,0.5582651443430882,1.442414316334912,-0.9013906384024905,0.8206809331199271,-0.151244589140175,0.6491873764850026,0.1765039505972628,0.8915723673349338,-0.4198847775831489,False,False,RELEASE,RELEASE
vid2,8.533333333333333,0.4520411628006778,1.377629179656799,-1.2730093484154144,0.8157138824048119,-0.124831825085261,0.648351417941839,-0.115122229530019,0.8835068297469612,-0.1214823753187496,False,False,RELEASE,RELEASE
vid2,8.566666666666666,0.1580344902618033,1.3371855949595064,-0.3329955323665365,0.8142873074021124,-0.038617868861005,0.6440657814747589,0.0817751773559558,0.8846816963044203,-0.1388900191697981,False,False,RELEASE,RELEASE
vid2,8.6,0.1147611674340493,1.358252395525759,-0.6486026933965955,0.8114175713261916,0.0164568790374108,0.6430376729603693,-0.0992424121627386,0.880492248670236,0.1147604653900169,False,False,RELEASE,RELEASE
vid2,8.633333333333333,0.3462269893848337,1.3285465246085395,-0.0230993468235661,0.814369916819828,0.0910522434949811,0.6417654834991529,0.1349437376760524,0.8868130208539807,0.0446182872582886,False,False,RELEASE,RELEASE
vid2,8.666666666666666,0.6146573530109142,1.3253280851201807,0.1366586489213138,0.8194864174733519,0.1608561870819034,0.6590103714208223,-0.2459920936470568,0.8809818454834876,0.496857290758165,False,False,RELEASE,RELEASE
vid2,8.7,1.0469455183387515,1.312977383700256,1.0012487081411905,0.8256232841892741,0.1879048562245004,0.6377407477644139,-0.8143241068228348,0.9101942263558244,1.03518501283089,False,False,RELEASE,RELEASE
vid2,8.733333333333333,1.0054093359204224,1.4177348845961384,1.716744846084459,0.8326580696111484,0.1301871754269707,0.60053397571858,-0.89610970411693,0.9547490190814848,1.00366126124451,False,False,RELEASE,RELEASE
vid2,8.766666666666666,0.9399120647249236,1.456571398353222,0.9144768625269776,0.8380876764660007,0.0166643917576591,0.5512928897567612,-0.9380987891824372,1.006849918309754,0.839070428960205,False,False,RELEASE,RELEASE
vid2,8.8,0.6295274741609669,1.4939551167759333,0.4247816994733486,0.8346019334658333,-0.0991917168929554,0.5405681894291364,-0.525026710684408,1.0099389934501892,0.2776287140685752,False,False,RELEASE,RELEASE
vid2,8.833333333333334,0.8650548286988362,1.4683076718908503,-0.7939352712250011,0.8280404152041799,-0.2067258747524867,0.5289730237145567,-0.4735714874627808,1.0083380787046992,0.0429885518701795,False,False,RELEASE,RELEASE
vid2,8.866666666666667,1.0290078876664757,1.438756046042428,-0.7097330589183238,0.8199115664415368,-0.2086101370965719,0.5116794998483756,-0.7247141406177783,1.0088822218108566,0.2563942369199784,False,False,RELEASE,RELEASE
vid2,8.9,1.117083802203007,1.406471955667378,-1.1143203735669036,0.813918693164618,-0.2133267543661118,0.4812532489212028,-0.830557384500017,1.024538717332804,0.3393942446883333,False,False,RELEASE,RELEASE
vid2,8.933333333333334,1.4414990462326955,1.3658512849705862,-0.948106651649092,0.8064203259322806,-0.2961701110620638,0.4530414873987865,-1.0011409807759433,1.0356207829089592,0.3400555339479331,False,False,RELEASE,RETRACT
vid2,8.966666666666667,1.6661902608533266,1.348392309178439,-1.206163660540654,0.7959114512456172,-0.300025831033408,0.4176757247240555,-1.2931994785418324,1.0475510856979389,0.5852844568751371,False,False,RELEASE,RETRACT
vid2,9.0,1.6663511320834483,1.2778347364694749,-0.6475281396372897,0.7833539026489718,-0.3338075678753426,0.3683843951551802,-1.1875748605231176,1.0678751013348682,0.4343674689118041,False,False,RETRACT,RETRACT
vid2,9.033333333333331,1.8734288244161317,1.2831139338363642,-0.3875054755992466,0.7738859958969602,-0.3971167135876997,0.3236234040090746,-1.255348986725034,1.0897551243622117,0.3808600520778289,False,False,RETRACT,RETRACT
vid2,9.066666666666666,2.005922787337593,1.2720515167237945,-0.2451691032738677,0.7613128346124893,-0.4555609557943098,0.2899735565828005,-1.2160573744460934,1.0965527383249674,0.243559926660828,False,False,RETRACT,RETRACT
vid2,9.1,2.3924678878332655,1.287703211650035,-0.1098401547460411,0.7421601704339723,-0.573749269216872,0.2549375311999978,-1.2989208227264628,1.0929071459486666,0.1059905749854882,False,False,RETRACT,RETRACT
vid2,9.133333333333333,2.733378291254973,1.2505018607712173,-0.9784693915630056,0.721012903159128,-0.6568945906838082,0.1963838469980178,-1.4764522464919838,1.1060290080899,0.1121137287081621,False,False,RETRACT,RETRACT
vid2,9.166666666666666,2.816282809395546,1.2317611118747314,-0.7805405516547514,0.699687519610861,-0.6995603903258557,0.1491913524870422,-1.3893573838012057,1.1090309334197426,-0.0385282481504158,False,False,RETRACT,RETRACT
vid2,9.2,3.12527604998069,1.1903655627012424,-1.1850233341388394,0.6745134236539834,-0.7975788170139315,0.1071148834929564,-1.4023948105435822,1.1008090898696312,-0.2006766595883032,False,False,RETRACT,RETRACT
vid2,9.233333333333333,3.3387496804739354,1.148861208369225,-1.1434832119992069,0.6462646746537759,-0.8681534194601801,0.0608682748770154,-1.380230915003648,1.0907468991468112,-0.3446546241856807,False,False,RETRACT,RETRACT
vid2,9.266666666666666,3.589905784731829,1.1092015815572212,-0.6402417221672382,0.6163348752184377,-0.9363124155263516,0.0107318442933107,-1.4618569694608814,1.0810678017276518,-0.3947873108094932,False,False,RETRACT,RETRACT
vid2,9.3,3.997689985742813,1.0914083511960242,-0.3348252873482278,0.584465798894826,-1.0537709380764568,-0.036205634308559,-1.5377628068912206,1.0651972863323946,-0.5370701227425179,False,False,RETRACT,RETRACT
vid2,9.333333333333334,4.312693463200292,1.098503889530094,0.0849200341770532,0.5476613118398346,-1.1532804892283246,-0.087782033714955,-1.5130652112655671,1.0445992070813213,-0.7344221790251968,False,False,RETRACT,RETRACT
vid2,9.366666666666667,4.511502622131397,1.1086113009461702,0.216765905628331,0.505702481664053,-1.2186586211267796,-0.1437298753871552,-1.4635907981714191,1.0186554237080745,-0.8927766040273943,False,False,RETRACT,RETRACT
vid2,9.4,4.493504726439009,1.1108294330077095,-0.0668351204984561,0.4634601670425797,-1.2307162515267045,-0.1904437438442451,-1.2719540405816978,0.9842411142584548,-1.0794919627178086,False,False,RETRACT,RETRACT
vid2,9.433333333333334,4.339044222203874,1.106722457382635,0.1321236191770803,0.4239261523525553,-1.2031328854659136,-0.2257075640578784,-1.0377004531586167,0.9447364073760782,-1.2328590913087751,False,False,RETRACT,RETRACT
vid2,9.466666666666669,4.3753725937896535,1.1093447853782012,0.2391525309094719,0.384505317812151,-1.22485318795354,-0.25873194566355,-0.8641264174741504,0.9034992605541128,-1.4210798958624442,False,False,RETRACT,RETRACT
vid2,9.5,4.287737355023949,1.1245455145996717,0.1577719559734422,0.3421053244969037,-1.2061514296689524,-0.2841968158545973,-0.7382607055544449,0.8504678750475987,-1.4966190618245776,False,False,RETRACT,RETRACT
vid2,9.533333333333331,4.2748632904364925,1.1370520064067682,0.1222279557237184,0.302378145889261,-1.2077852850693982,-0.3055844397704162,-0.6216344322405207,0.7986461311522076,-1.600159277435206,False,False,RETRACT,RETRACT
vid2,9.566666666666666,4.086378957457437,1.125090289575737,-0.0480615783119087,0.2620645039885425,-1.1575127053012115,-0.3247176803152503,-0.5182748454191601,0.7438413429712507,-1.6004249148163296,False,False,RETRACT,RETRACT
vid2,9.6,3.7976553586160504,1.126583937087349,-0.3334936816316572,0.2246139554602842,-1.0800958848970743,-0.3433748944701701,-0.3413742298638528,0.6936907044542742,-1.6161376998396422,False,False,RETRACT,RETRACT
vid2,9.633333333333333,3.597769272741825,1.1116530847017252,-0.0063312843368502,0.1884421224998503,-1.0264411087625551,-0.3495134212947431,-0.1558364382702258,0.63499840892828,-1.6813408017872082,False,False,RETRACT,RETRACT
vid2,9.666666666666666,3.3891088180274114,1.1117861937304243,0.0093121223695726,0.1580355981799753,-0.9678116271815403,-0.3506474624059277,0.0129978470223239,0.5821863244573561,-1.7233280612598345,False,False,RETRACT,RETRACT
vid2,9.7,3.251841901784975,1.1216853279220804,-0.5282736033970193,0.1249604677944502,-0.9230919209371252,-0.3501184335113481,0.3542887653332544,0.5232180836149602,-1.9387545515431284,False,False,RETRACT,RETRACT
vid2,9.733333333333333,3.112031373557707,1.0982053890479853,-0.1167873258333113,0.0944733908457644,-0.8706046835583298,-0.3347276966496516,0.6247095847204599,0.4560024205949227,-2.0792781378331413,False,False,RETRACT,RETRACT
vid2,9.766666666666666,2.757194066075696,1.0770845893638774,-0.5219971112332665,0.0654171046518047,-0.7216498467800755,-0.3058794193230822,1.1027305626436514,0.3797038885087826,-2.2283067221122597,False,False,RETRACT,RETRACT
vid2,9.8,2.617999571022537,1.045672459890408,1.3167973910586794,0.0461043575272401,-0.6253774281670793,-0.2596168382836846,1.434591259821394,0.3056134528036049,-2.3443953032705576,False,False,RETRACT,RETRACT
vid2,9.833333333333334,2.7303313778534446,1.168187530175838,0.9538285967287364,0.0262936548571767,-0.5505925859607832,-0.2134093105310672,1.9332024830528132,0.2306896186144187,-2.64240421544027,False,False,RETRACT,RETRACT
vid2,9.866666666666667,2.412354354459278,1.1943065136796196,-0.6097165021520702,0.0080646245219338,-0.3442360882050934,-0.1301228776628601,2.089581933590467,0.126564319074195,-2.412305778156251,False,False,RETRACT,RETRACT
vid2,9.9,1.7213061119755635,1.139936082273251,-0.8464470046227741,-0.0018443296688793,-0.2371378148527707,-0.0500403324756898,1.5077515805897923,0.0399226737893939,-1.720716780203024,False,False,RETRACT,RETRACT
vid2,9.933333333333334,0.7895903469517896,1.027421392970162,-2.075955840488928,-0.0017339558920591,-0.142703943819743,-0.004746283828302,0.6113362412797206,0.001028637308401,-0.7800412686476214,False,False,RETRACT,RETRACT
vid2,9.966666666666669,0.818766233145805,1.0338620617971612,-1.2492889821501862,-0.0051311633484747,-0.1982609040855635,-0.0211203439562089,-0.4340126046797998,0.0091498001502403,0.0238237613698425,False,False,REST,REST
vid2,10.0,0.8339928108093039,0.9766945693161512,-0.5915503856045428,-0.0184259833817988,-0.2366327371463306,-0.0622408118796155,-0.0943315323746315,0.0211179938585171,-0.3372068103782727,False,True,REST,REST
vid2,10.033333333333331,0.7003964938082214,0.923133427165038,0.0487425535297015,-0.0272376786004021,-0.0419319781489021,-0.0582069095854098,0.6848313746545144,0.0020483267302327,-0.6651974065840325,False,False,REST,REST
vid2,10.066666666666666,0.8936634676744752,0.9886625152481592,0.5102749269123433,-0.022763600240674,0.0868167092731821,-0.0002454174209027,0.84036263700008,-0.0400582337697363,-0.5716593591825982,False,False,REST,REST
vid2,10.1,0.4880620761259472,1.0485710157369323,-0.2481099326879624,-0.0136076469728943,0.1065526935192065,0.0476567470881902,0.3146129670607167,-0.0652009886145282,-0.0830172297332899,False,False,REST,REST
vid2,10.133333333333333,0.0162734685921792,0.963015084482588,-0.7471128735255079,-0.0110749509634215,-0.0045464250735973,0.0112672698347781,0.003370138652209,-0.0293159689114906,-0.010951339291677,False,True,REST,REST
vid2,10.166666666666666,0.2596824368648792,0.9046878979391932,-0.2132035026101041,-0.0191729671930612,0.0011791883383807,-0.0037738683996455,0.2596496043461018,-0.0306611165360391,-0.221994597201047,False,False,REST,REST
vid2,10.2,0.6236812318620957,0.9522132801953228,0.9981872918701762,-0.0170795238042846,0.1152485998986997,0.039759631166254,0.4755032419627301,-0.0645276218825974,-0.206483892720865,False,False,REST,REST
vid2,10.233333333333333,0.8590914371438267,1.034783130327721,1.3874695533083587,-0.0088250331438837,0.2183151544314992,0.0717010082777976,0.3918973834858384,-0.0774907663544935,0.0479992133304078,False,False,REST,REST
vid2,10.266666666666666,0.7564952236860824,1.0524749201232797,0.2850501018025522,0.0026879181693486,0.2100206645639555,0.051737393864576,-0.1771931819989488,-0.0398949042305065,0.5244576277014753,False,False,REST,REST
vid2,10.3,0.5065911956429856,1.044960781178249,-0.1197786781641059,0.0059376291635611,0.0874148639166625,0.0410656842322168,-0.4036479034098045,-0.0249361806796374,0.5029944515580717,False,False,REST,REST
vid2,10.333333333333334,0.6349811003492479,1.0238999260798702,0.3135771272344035,0.0097407988964202,-0.0963271971202196,0.040954078584775,-0.5379749973540456,-0.0181118521058394,0.2938707262570184,False,False,REST,REST
vid2,10.366666666666667,0.591130465956135,1.0529597390865733,0.0560556983091224,-0.000204980604779,-0.1184448923136336,0.0039681143966156,-0.4211896137445245,-0.0037871508279744,0.1539561834465139,False,False,REST,REST
vid2,10.4,0.2633001632210291,1.066917808053347,-0.0539706487903597,-0.00595623105027,-0.0599131079011911,-0.0155937178105238,-0.1590891101218479,0.002920668067773,0.031306255419091,False,False,REST,REST
vid2,10.433333333333334,0.2558054352151802,1.0490780223899083,-0.3179792048626286,-0.0059822599667407,0.0002244801424023,-0.0024769018336684,0.2558042274010993,-0.0084453440516471,-0.220364922025596,False,False,REST,REST
vid2,10.466666666666669,0.8968986930873287,1.008595747981805,-0.4599522786794112,2.8967545083435852e-05,0.1659709092574478,0.0197740157728676,0.6831084595164,-0.0170139616930699,-0.2959191325969273,False,False,REST,REST
vid2,10.5,0.3033134565416022,1.0288927022990066,-0.1876648914429086,0.003572668125586,0.0700307899160095,0.0404032807829099,0.17849197746939,-0.0285482618985141,-0.0301524337353874,False,False,REST,REST
vid2,10.533333333333331,0.1971211346521535,1.0073939756600057,0.2981524884335864,0.0075026038142966,0.0048950835092656,0.0481604233371744,-0.1963744050559916,-0.0282904992480933,0.178133073572278,False,False,REST,REST
vid2,10.566666666666666,0.2255527728197062,1.020282261817759,0.6651109303495425,0.0059741234635882,-0.0184434757636527,0.0250255342767751,-0.2161082630483177,-0.0110287833272989,0.1538764584814867,False,False,REST,REST
vid2,10.6,0.3601963066532238,1.0648107542291272,0.4255821816273186,0.0005002708863408,-0.0489250168136107,0.0041840341924681,-0.3168420588069795,-0.002725864356917,0.1868874183012287,False,False,REST,REST
vid2,10.633333333333333,0.0678727048421149,1.0929389707008432,0.3587394722860405,0.002302557492299,-0.0166741556522076,0.0125261291868207,0.0346029082623034,-0.0067368480445634,-0.0593601916763255,False,False,REST,REST
vid2,10.666666666666666,0.1765912776100711,1.0666227932900674,-0.4801205603488085,0.003017604265614,0.0198474062863994,0.0188754903168713,0.1623391422417788,-0.0109514647849788,-0.1049894499582392,False,False,REST,REST
vid2,10.7,0.316712253803073,1.0413086061645176,-0.3856729070207125,0.0028672435988177,-0.0629789261150034,0.0179867732105849,-0.227307946113794,-0.0104504876283385,0.0847563114464201,False,False,REST,REST
vid2,10.733333333333333,0.0360754179849843,1.0450807990705602,-0.0658394760049436,-0.0018828979534582,-0.0101608695745156,0.0081950523480539,-0.0059500982852536,-0.0104033736485236,-0.0128401198060448,False,False,REST,REST
vid2,10.766666666666666,0.1604028873854304,1.0403405419244318,-0.2921996121202905,-0.0001734230358405,0.0433759358186956,0.0071709999419209,0.0515492823036217,-0.0064954514710866,0.032246727563169,False,False,REST,REST
vid2,10.8,0.063256826983404,1.0319770705412474,-0.1453770394229026,0.0020561729597614,0.0178858952288397,0.011312605522785,0.0088629788900954,-0.0061254304081939,0.0239922552171646,False,False,REST,REST
vid2,10.833333333333334,0.2083432769738553,1.0175974687770173,0.0034191589452324,0.0054643941538354,0.0200079775576465,0.0212117550693796,0.1962089770221888,-0.0086391858112248,-0.1339354542199051,False,False,REST,REST
vid2,10.866666666666667,0.0990170429642879,1.030439307343152,-0.0921735790137285,0.0009000030071658,-0.0270767395057052,0.0165423623278692,-0.0285314454160339,-0.0126840984495261,-0.0232772359483742,False,False,REST,REST
vid2,10.9,0.0535844088393632,1.0329489019027789,-0.0673911141542851,0.0008898705109221,-0.0007253733653588,0.0178147437125765,0.053524169260912,-0.0138001033932002,-0.0474752084059695,False,False,REST,REST
vid2,10.933333333333334,0.2631737633135854,1.0189354149985357,-0.2572120005697029,0.0022399675020328,0.053052373884288,0.0221823526481826,0.1864045142614555,-0.0151810068610598,-0.0670167756914702,False,False,REST,REST
vid2,10.966666666666669,0.2707895484509122,1.0013679261571728,-0.2441402420360037,0.0049941269889496,0.0658040551079793,0.0269112264337545,0.1422242674538627,-0.0143898241259648,-0.0063302968709375,False,False,REST,REST
vid2,11.0,0.0168812333944942,1.0081215877617056,0.0560880061549358,0.0072983117111421,-0.0035090008554868,0.0385118671360017,0.0115752079459581,-0.0203250861291603,-0.0161971508562172,False,False,REST,REST
vid2,11.033333333333331,0.2757699064679166,1.0082061365663884,-0.0100887082058467,0.0072269625535535,-0.0488499792105837,0.0348019029694933,-0.2163019199174696,-0.01724956416475,0.1002528483387951,False,False,REST,REST
vid2,11.066666666666666,0.5100694821045451,1.008631397714525,0.040072080038398,0.0023569127814406,-0.0914558227954747,0.0179494694061156,-0.3969941308952193,-0.0113210966439871,0.1808203128736293,False,False,REST,REST
vid2,11.1,0.1106698264150978,1.0084728042499018,0.0564264254697435,-0.0024255847384043,-0.0301511151174654,-0.0038996411099649,-0.0331661901771155,-0.0009255538468024,-0.0247161326617829,False,False,REST,REST
vid2,11.133333333333333,0.3226848835553854,1.009942508462429,0.2195401651445425,-0.0003619943418889,0.0433155399663064,0.0072355928596578,0.2848121853943173,-0.0068847886864042,-0.1691687289393664,False,False,REST,REST
vid2,11.166666666666666,0.3467365057999499,1.0205159378114563,0.4607124699346759,0.0032570400578919,0.0584888529077966,0.0301567421420448,0.2797793306240402,-0.020263742244857,-0.1379829105928651,False,False,REST,REST
vid2,11.2,0.0937865450975212,1.044165487236872,0.3636484961795857,0.0063126499853302,-0.0255319717101059,0.0441456289709501,-0.0283221734416237,-0.0269307770211562,-0.0207250628813265,False,False,REST,REST
vid2,11.233333333333333,0.4919442354917849,1.0618501820079265,-0.047188484044041,0.0014861422251968,-0.0747112176183045,0.0213760593650952,-0.416607852292276,-0.0158187237458983,0.227369290006055,False,False,REST,REST
vid2,11.266666666666666,0.3907451895063952,1.045176008200482,-0.4178129384379394,-0.0019199307841457,-0.0818491967299699,0.0012396220112807,-0.2655767316571051,-0.0044662690027224,0.0844001982768984,False,False,REST,REST
vid2,11.3,0.2243166609704949,1.0157643660800144,-0.6475298610765048,-0.0053869573823186,-0.0181569454254333,-0.005979821622385,0.2151169264230718,-0.0043691610566799,-0.2177690349412283,False,False,REST,REST
vid2,11.333333333333334,0.4586863681888052,0.9900967468848116,-0.1123131456890387,-0.0030803588474065,0.0883163092866061,0.0203761332175493,0.3387441945408263,-0.0230341615355292,-0.1361039047399274,False,False,REST,REST
vid2,11.366666666666667,0.3908607235328571,1.0086885646768533,-0.093564372673899,0.0007847748170673,0.0874010112172533,0.0358816779029426,0.2431024303555932,-0.0295779987917117,-0.0551831553363893,False,False,REST,REST
vid2,11.4,0.231820009387697,1.0050446382731932,-0.126156211447466,0.0072316417148441,0.002663843946882,0.0410179700651468,-0.2316322526542476,-0.0226058250672918,0.2046138256659152,False,False,REST,REST
vid2,11.433333333333334,0.4412191402046136,0.999137932725378,-0.1958715430571756,0.0028538751758463,-0.0604283434931641,0.0119574856605514,-0.3871645196667878,-0.0052707914285195,0.2272265213796668,False,False,REST,REST
vid2,11.466666666666669,0.5585469286820034,0.9739221286980732,-0.2938203240643358,-0.0018270189578606,-0.1254828275167243,0.0054414657610896,-0.3448018663907234,-0.0079281432797985,0.0755821787405699,False,False,REST,REST
vid2,11.5,0.5182487106750067,0.98274517427501,0.2090446498941684,-0.0061594106847405,-0.1179581166199926,-0.009612759353481,-0.3129829260558697,-0.0026004047080242,0.0614336790269479,False,False,REST,REST
vid2,11.533333333333331,0.2029907090120498,0.989835898302096,0.1522251461704729,-0.0078444160218562,-0.0564899936380372,-0.0121582802741992,-0.0455386738720504,-0.0033844553614624,-0.0606334258013781,False,False,REST,REST
vid2,11.566666666666666,0.0685916036818146,0.998538230570772,0.2990743955635502,-0.0129834093674016,-0.0166734533719601,-0.0208393698032399,-0.0359965620006622,-0.0049837289240758,0.0015692190772241,False,False,REST,REST
vid2,11.6,0.239749630450688,1.009645195510418,0.135534020311993,-0.0096869931797323,0.0558847330242034,-0.0096262205614362,0.1385008372077253,-0.0088292704925607,-0.0206647467429358,False,False,REST,REST
vid2,11.633333333333333,0.3498334088079212,1.0147039385302077,-0.2936919759260483,-0.0057644117102818,0.0578944440371134,-0.0080823452688539,0.2850999855239318,-0.0032223955503286,-0.143626239216588,False,False,REST,REST
vid2,11.666666666666666,0.3434626022799207,0.9926171445847344,-0.1231563708841939,-0.0048208924455455,0.0737425417615288,0.0043251086051493,0.2264573652173976,-0.012261037055496,-0.0649808357979465,False,False,REST,REST
vid2,11.7,0.1827976377118182,0.9767021624337836,0.2106882238880696,-0.0033466105482088,0.018361625685162,0.0141889666573025,0.1711158832680464,-0.018165578009214,-0.1151923058054656,False,False,REST,REST
vid2,11.733333333333333,0.1258500419302938,1.002910660884034,0.6360444570806444,-0.001833710973928,0.0326611541013705,0.0209111682633425,0.0525079057085183,-0.0212905159680382,0.0124643998109955,False,False,REST,REST
vid2,11.766666666666666,0.2082779694379967,1.0559529443030262,0.291440781504706,-0.0013500516952073,0.0582129990685782,0.0087346349223975,0.0427170686073689,-0.0099264060599834,0.0661165933195095,False,False,REST,REST
vid2,11.8,0.214529128083572,1.039429254200667,-0.3147007226265638,-0.0006334173768897,0.054633015833571,0.0189001847255911,0.097065523589703,-0.0174316297969888,0.0128800584647348,False,False,REST,REST
vid2,11.833333333333334,0.0945284848779102,1.0023401961020126,-0.3466286470700362,0.0055962153386811,-0.0073193725354225,0.0260548657504153,-0.090987289996947,-0.0125856482026911,0.0655747319425273,False,False,REST,REST
vid2,11.866666666666667,0.3311626910210822,0.9926127184196164,-0.0427978546812281,0.0025217179789875,-0.0674989311353669,0.0199138419037611,-0.2319460580687167,-0.0127248238304204,0.0807629245657396,False,False,REST,REST
vid2,11.9,0.4254696608947659,1.0210772584333934,0.3942126724115496,-0.0038990705007245,-0.0831515257126545,-0.003023771113787,-0.3102234285427641,-0.0042881153766966,0.1206269298169821,False,False,REST,REST
vid2,11.933333333333334,0.0967355472057087,1.0276677085888155,0.4300266586968291,-0.0070129908270708,-0.0201054060344069,-0.0087023574299955,-0.0663391523333633,-0.0048961213467846,0.0216839206886051,False,False,REST,REST
vid2,11.966666666666669,0.2607837577915703,1.038968403634082,0.3385164902976451,-0.0021288389389441,0.0601786524637704,-0.0026899996670501,0.1536212425501569,-0.0014445292939403,-0.0261176591685278,False,False,REST,REST
vid2,12.0,0.1499967051948387,1.0549761969526692,0.4188986587954743,-0.0007461521025037,0.028469604986937,0.0071404464109519,0.1120711347365241,-0.0074822719072337,-0.0463544389224894,False,False,REST,REST
vid2,12.033333333333331,0.0645078833796381,1.078895304444491,-0.0833116042675145,-0.0007396182691067,0.0171196739110532,0.0081955933577124,0.0238180851679165,-0.0083813173581721,0.0097303369450621,False,False,REST,REST
vid2,12.066666666666666,0.0284920400964377,1.054717813571274,-0.3263969252051319,-0.000609730657479,-0.0062244621893876,0.0062764955764068,-0.0183492396024885,-0.0064953353686003,0.004824200298867,False,False,REST,REST
vid2,12.1,0.055716747706818,1.0372827840027528,-0.3135718542437253,-0.000624998193301,0.0157698014515214,0.0029368150924241,-0.007403266683559,-0.0036401611499992,0.0342867317682647,False,False,REST,REST
vid2,12.133333333333333,0.1994946739544283,1.0264093914490535,-0.3999004682889761,0.000965234495638,-0.0559924204662831,0.0081468648612116,-0.0367829374465821,-0.0053232879563348,-0.0673094950459881,False,False,REST,REST
vid2,12.166666666666666,0.1932956545904981,1.029621100762419,-0.1587961117339946,-0.0034747954604536,-0.0402863732732624,0.0050581484998565,-0.1321404228229084,-0.0105123411662911,0.0427699712259089,False,False,REST,REST
vid2,12.2,0.4925094693139312,0.9937635528567904,0.7057795710821633,-0.0043839656263949,-0.0451928555653835,0.0011890968259016,-0.4663909206790655,-0.0087816752011036,0.322552228596264,False,False,REST,REST
vid2,12.233333333333333,0.2512529338679048,1.05551585289991,0.5035331601852846,-0.0064964962658275,-0.0505734847786677,-0.0303823389472834,-0.1782252311337249,0.0147276628436726,0.0643432467230944,False,False,REST,REST
vid2,12.266666666666666,0.2555460153123908,1.0899317462767668,0.4253850688075223,-0.0058542251726386,0.0195818450221686,-0.0326148293473133,0.2461740930184432,0.0177905402361563,-0.1778097849354392,False,False,REST,REST
vid2,12.3,0.3902250392086271,1.090436504325482,-0.0861557734376609,-0.0079797219767312,0.0180631909459155,-0.0086646628397754,0.385064345592492,-0.006638851563425,-0.3003602776562504,False,False,REST,REST
vid2,12.333333333333334,0.3177871225305157,1.0342198636780051,-0.6799191915625228,-0.0036526333039351,0.0268351060027711,0.0244039506683049,0.3035754728873918,-0.0275225993551499,-0.2145164385978523,False,False,REST,REST
vid2,12.366666666666667,0.2095000429380692,1.0546594583744338,-2.219294546216882e-05,-0.0032794364020045,0.0363494650330602,0.0086175787964968,-0.1663967561636872,-0.0132385704633034,0.2079065029426136,False,False,REST,REST
vid2,12.4,0.1027722663459201,1.0451187662981278,-0.2338671464029868,-0.0031882928382868,-0.000990878943953,-0.0062349365716312,-0.1027136738422295,-0.0002594381635799,0.0868901835039268,False,False,REST,REST
vid2,12.433333333333334,0.1663552085127234,1.0346579326106984,-0.0460769101182114,-0.0035192544445396,-0.03719062440774,0.000640096228808,-0.1035041824094182,-0.0067781607260451,0.0235331069673788,False,False,REST,REST
vid2,12.466666666666669,0.0875076449935898,1.030498574564541,0.1308192560307036,-0.004090482080149,0.0032283216398167,-0.0009215611897326,0.0867743409790179,-0.0064409644912634,-0.0691761965157741,False,False,REST,REST
vid2,12.5,0.0823000508182295,1.0512341149146855,0.0782088936442793,-0.006034845284847,-0.0136913206293041,3.8697512206342425e-06,-0.0668927808065784,-0.0106793051910112,0.0335085702338583,False,False,REST,REST
vid2,12.533333333333331,0.1281692022717228,1.053054363565182,-0.0319539913188604,-0.0044463481209945,-0.0081335293782855,-0.0089470717349916,0.1249644746765045,-0.0001444011918182,-0.122234453370922,False,False,REST,REST
vid2,12.566666666666666,0.3391850328248241,1.0379324273698731,-0.1339455485482638,-0.004756292290529,0.0390336038699988,0.0083810888254833,0.3104237411107437,-0.0156471142686106,-0.1988467760230403,False,False,REST,REST
vid2,12.6,0.1149101588850148,1.033291983625061,-0.2648180632882372,-0.0042228106264825,0.0165644549548888,0.0162653462163616,0.099195337378431,-0.0215075628636852,-0.0563033252904504,False,False,REST,REST
vid2,12.633333333333333,0.078148229930129,1.0346672848070015,-0.1729604817374576,-0.0024464533515396,0.0095941972262693,0.0272999121720242,-0.0705577024333312,-0.027888050854681,0.0778647726291964,False,False,REST,REST
vid2,12.666666666666666,0.2362448942002428,1.0220842850228524,-0.4141203341272053,-0.0014748993390008,0.0076642009035418,0.0048981172524965,-0.2347154544091189,-0.006836308638785,0.2161205649500276,False,False,REST,REST
vid2,12.7,0.2724663141942842,0.9960863494922771,-0.2404225351168315,-0.0040218421134194,-0.0353402702802784,-0.0003580284520296,-0.2427399665281316,-0.0068058720444444,0.1469685926639057,False,False,REST,REST
vid2,12.733333333333333,0.0755479892713356,0.9958012531040938,0.2392879749665497,-0.0042597398081904,-0.0183946259988463,-0.0087901903802618,0.0394752287293254,5.0328496064605615e-05,-0.066608665694202,False,False,REST,REST
vid2,12.766666666666666,0.1211455706579183,1.0185359966384686,0.1603329683865536,-0.0048979652712583,0.0162978216062133,0.0028184986870274,0.1068600338175044,-0.0110971610484951,-0.0633897366629813,False,False,REST,REST
vid2,12.8,0.2254983340224994,1.0305776118961547,0.0694567274352677,-0.0045045466882433,0.0546694153780719,0.0003916576164443,0.1191624110225576,-0.008306790215614,-0.0061254210268039,False,False,REST,REST
vid2,12.833333333333334,0.2749658134622208,1.0156005071347014,-0.1992087604440224,-0.0010899634653975,0.076130485672713,0.0152724224428812,0.0673344746394609,-0.0151084830862589,0.0765684805311667,False,False,REST,REST
vid2,12.866666666666667,0.1322687472414692,1.000331192833985,-0.2155566695238662,0.0037493547791147,0.0039845246071483,0.0058983792436973,-0.1315307375726182,0.0015424397912635,0.1205614026731237,False,False,REST,REST
vid2,12.9,0.2866919366512993,1.0073001409217688,-0.0284478119122297,0.0013351692185539,-0.0754819418310119,0.0048687103412556,-0.1110213898108931,-0.0018397678721908,-0.0377188529902505,False,False,REST,REST
vid2,12.933333333333334,0.3481084733790081,1.0035134417506,-0.0165660831874668,-0.0048189575345679,-0.0923671519329961,-0.0074146335381287,-0.1286806135764007,-0.0021260793473208,-0.0523495802678149,False,False,REST,REST
vid2,12.966666666666669,0.1301850038549534,1.0014658623606738,-0.0124400958036123,-0.008530181368175,-0.0366858145118495,-0.002588465947331,-0.0210834534854301,-0.0128564727714442,-0.0467039100410197,False,False,REST,REST
vid2,13.0,0.1817712436697117,0.9982964466020025,0.3047625531418672,-0.0059818851676574,0.05040465587732,-0.0070802794577101,0.0434284999865356,-0.0044719122934252,0.05168924108646,False,False,REST,REST
vid2,13.033333333333331,0.1106290014462004,1.0215239119436683,0.2976706741772102,-0.0026187720624714,0.0172240322044017,-0.0016156208549913,0.092740823289706,-0.0032384487906069,-0.0495661765646075,False,False,REST,REST
vid2,13.066666666666666,0.2279521360171656,1.0320068291496407,0.1879073444813413,-0.0039674792672486,0.0336436015960426,-0.0012402239486738,0.1951466765565516,-0.0059483562193139,-0.1088965249543128,False,False,REST,REST
vid2,13.1,0.0586745142089284,1.033906749761139,0.2191946661006356,-0.0029940895481997,0.0124510596510097,0.0153722459095609,0.0392637188337849,-0.018563133251079,-0.0118584549823621,False,False,REST,REST
vid2,13.133333333333333,0.2302244903302136,1.0318843350588482,0.042955577773006,-0.0013639213956736,-0.0511785647831292,0.0092105818908995,-0.1445147955010625,-0.0103616901045399,0.0341803275460292,False,False,REST,REST
vid2,13.166666666666666,0.0236695777787084,1.0469266274570836,0.0939813299823515,-0.0042402549887326,0.005571399069469,-0.0019026948011342,-0.0134019204983083,-0.0058591910341917,0.0214221183988482,False,False,REST,REST
vid2,13.2,0.0976833766166773,1.047815165940919,-0.2540677141833242,-0.0068169165139588,-0.0084892361301599,-0.0042822766339729,-0.0930500448756801,-0.0083638367647331,0.0652853619696199,False,False,REST,REST
vid2,13.233333333333333,0.0485821499218317,1.0216941142235447,-0.2337769350828761,-0.0036006492939384,0.0137630094311826,0.0069851210860787,-0.0061185104838096,-0.0123979832343262,0.0296278492393974,False,False,REST,REST
vid2,13.266666666666666,0.1895493848195743,1.0156421496110908,-0.0217641006971458,-0.0005299496681173,-0.0003536928652417,0.0008908856928055,-0.189545338242399,-0.0017063542064974,0.162954141643427,False,False,REST,REST
vid2,13.3,0.4186855838960038,1.0246970426030615,0.160081956351563,-0.0054970349884254,-0.0950219679003298,-0.0173111670886976,-0.2541187926903146,0.0052151893827874,0.0512085230166748,False,False,REST,REST
vid2,13.333333333333334,0.1962824548624091,1.0403272274041804,0.25501109959609,-0.0096880191733171,-0.0512001718540077,-0.0198785463923069,-0.079880448660776,1.679154585550946e-05,-0.0216380936392081,False,False,REST,REST
vid2,13.366666666666667,0.136579970536981,1.0419661649284997,-0.2091252554342137,-0.0100522040572764,0.0137049797056003,-0.0203367564866862,0.1278704240315333,-0.0002320304114125,-0.0861088257307678,False,False,REST,REST
vid2,13.4,0.2340639164849887,1.0240630744419967,0.0767697825239051,-0.007584272323913,0.0381849362291072,-0.0113136508022314,0.1921091714447741,-0.003653172293606,-0.0982412575604353,False,False,REST,REST
vid2,13.433333333333334,0.1653769579901164,1.035245086045786,-0.1871192293131533,-0.0050667271477498,0.0168698884893658,-0.0034055155406422,0.1544657993215265,-0.006024312817159,-0.1034620519119346,False,False,REST,REST
vid2,13.466666666666669,0.141882884503125,1.024231753911695,-0.0430393655812433,-0.0070146568989044,0.0282538988898325,0.0030294006689535,0.101694252860039,-0.0150237131404536,-0.0377806641977376,False,False,REST,REST
vid2,13.5,0.1145996555609206,1.0285813680130595,0.2147366264049235,-0.0058223205360152,0.0316180091796478,0.0003805146302524,-0.0295663103343849,-0.010628386426598,0.0814500285666317,False,False,REST,REST
vid2,13.533333333333331,0.1528926975388046,1.0285964644016112,-0.2942970984782162,-0.003013305178118,0.0223501498729715,0.0012947330577398,-0.1313417088022024,-0.0064480685282593,0.1528880464816755,False,False,REST,REST
vid2,13.566666666666666,0.2122150735254625,1.0339191781062802,-0.0053370553451971,-0.0021880306254766,0.0231589584598747,-0.0060308969607981,-0.1961079825152437,0.0013339908631429,0.2102129238775617,False,False,REST,REST
vid2,13.6,0.2260870046313155,1.0099859558120017,0.0233366054926689,-0.0045027776066898,0.0144731236245553,-0.0155981509974486,-0.2203330851363749,0.005495731193104,0.2157537622142552,False,False,REST,REST
vid2,13.633333333333333,0.33561974130475,1.0116362931585283,0.5087011284835469,-0.0018066735437531,0.0179454282914151,-0.0220120058223455,-0.3296840593931067,0.0158005158507501,0.3162676251947389,False,False,REST,REST
vid2,13.666666666666666,0.4060720165236295,1.0616878967200425,0.9034948663711296,-0.0008389873235071,0.0585320166549193,-0.0317123433552781,-0.3505464488721757,0.0258839094869075,0.406071966727279,False,False,REST,REST
vid2,13.7,0.4160116218839108,1.0921307534475322,0.7109244652046564,0.0001615832507605,0.0778467317280501,-0.0499933745065116,-0.3142496626895042,0.0434307162418927,0.4089161845300412,False,False,REST,REST
vid2,13.733333333333333,0.4203474810151228,1.110233710832851,0.1403210504551528,0.0030198589827816,0.1049033950935401,-0.0607148215228945,-0.2043168394096628,0.0577398937268307,0.3619075637555238,False,False,REST,REST
vid2,13.766666666666666,0.659962511911172,1.100404467051508,-0.2177411581423417,0.0090489935103379,0.1819713839882252,-0.0574934282100479,-0.1717308793026359,0.0656256565429091,0.4701229122251778,False,False,REST,REST
vid2,13.8,0.8372066162941324,1.0918847408175862,-0.5389680818433235,0.0139404936867744,0.2295699886019788,-0.0639252602423121,-0.2337650807018845,0.0798297294202583,0.6078636423716309,False,False,REST,REST
vid2,13.833333333333334,1.330897227370132,1.0609624283510397,-0.7153824462752836,0.0221281956521107,0.3713328962530344,-0.078782972939649,-0.2835824216392882,0.1071365939020885,0.9016427904377824,False,False,REACH,REACH
vid2,13.866666666666667,1.9333888709121168,1.0350439488918803,-0.2832132415202333,0.0373376145364541,0.5491953642302494,-0.0892574097235101,-0.1984899154231349,0.1430824345095136,1.142855224643316,False,False,REACH,REACH
vid2,13.9,2.4835224774306885,1.025575300397266,0.1026513856580627,0.0591833657636781,0.709004485301949,-0.0891710049617909,-0.0602005566897305,0.1816541738443206,1.3062208124261872,False,False,REACH,REACH
vid2,13.933333333333334,2.9321803720994235,1.0513009509966167,0.5625835699429776,0.0863667866698136,0.8371151388717749,-0.0901450613723796,-0.0671758201325488,0.2305837280167303,1.5388751756654568,False,False,REACH,REACH
vid2,13.966666666666669,3.1133322744658463,1.0802275054087205,0.497004477658438,0.1162291294156651,0.8885148114163867,-0.092776404296764,-0.1096090057837221,0.2856826964979855,1.6664242934139044,False,False,REACH,REACH
vid2,14.0,3.2996718987171274,1.0864385533996306,0.3593607668529252,0.1465623740891605,0.9421993797408278,-0.0991498045016866,-0.0427547040256471,0.3448441549803031,1.7036991349880115,False,False,REACH,REACH
vid2,14.033333333333331,3.4793523186411313,1.099282913053935,0.0121356981842758,0.1783728951740349,0.9930582354391936,-0.1005884442599876,0.113747521015141,0.4023602388364269,1.658607933027503,False,False,REACH,REACH
vid2,14.066666666666666,3.6107610983423286,1.0960629238095316,-0.2899225522255261,0.2124215312381332,1.0294429457565708,-0.0914407132996246,0.2055702585326456,0.4546995066202914,1.6437303442710118,False,False,REACH,REACH
vid2,14.1,3.6360513184748857,1.0795123956759864,-0.4372779458265263,0.2488544198279929,1.0365436623182918,-0.0796051692395617,0.2136358634876078,0.5089370310892878,1.649331181987472,False,False,REACH,REACH
vid2,14.133333333333333,3.4760712021976112,1.0492457947686022,-0.4073630076331591,0.2830123265046267,0.9913682052718256,-0.0762067174510622,0.1767556544627486,0.5664312996113614,1.6012414229169365,False,False,REACH,REACH
vid2,14.166666666666666,3.214870549903401,1.051147730368008,-0.2711239928553652,0.3151707119902232,0.91740877701756,-0.072421064077032,0.1212528898893487,0.6200541482197522,1.518302755466606,False,False,REACH,REACH
vid2,14.2,3.0033475319071616,1.043401585330945,-0.1730185998097537,0.3442171017422839,0.8573598138252125,-0.0656553351744224,0.0791799808111231,0.6655998691452275,1.4483823257630029,False,False,REACH,REACH
vid2,14.233333333333333,2.879036967167056,1.0352142349928417,-0.1151991986541449,0.3716071704407298,0.8221584742931005,-0.0635335577504666,0.0028952030615563,0.7122232535651388,1.4519439200483382,False,False,REACH,REACH
vid2,14.266666666666666,2.7882466815931815,1.0230865963629483,0.2704477358663855,0.3980664680465224,0.7962071246132353,-0.0693557589203514,-0.0221065433092086,0.7640558003317593,1.427611387616966,False,False,REACH,REACH
vid2,14.3,2.7524345890653894,1.0509413032677382,0.7335195889404446,0.4249744264272863,0.7847691664876708,-0.0710117641011175,0.1543108435937198,0.8130865762596089,1.255126757342094,False,False,REACH,REACH
vid2,14.333333333333334,2.7517495125763425,1.082785746921877,0.871498629877793,0.4504866747736316,0.7754670503823473,-0.0622107226127856,0.4449881366824255,0.8506237125940831,0.9878129112353404,False,False,REACH,REACH
vid2,14.366666666666667,2.7932759428390113,1.1227578407255714,0.6220729947730239,0.4759896428352098,0.7700831993902365,-0.0408942089980911,0.7282286006977142,0.8773434328132014,0.7338487570872029,False,False,REACH,REACH
vid2,14.4,2.797507836520455,1.1285730671615612,0.192783068034475,0.5019575705552692,0.7596058745087255,-0.010021051150871,0.8663197892055458,0.8966381959276687,0.5961394960112447,False,False,REACH,REACH
vid2,14.433333333333334,2.739097678759872,1.1267127453669072,0.1421303510915485,0.5276423529789076,0.7310911186504407,0.0206607039737881,0.9738383308345598,0.9155972425875828,0.4529056021715386,False,False,REACH,REACH
vid2,14.466666666666669,2.583511289998521,1.1265070760696807,0.0788374363160561,0.5512715843124093,0.6708749879192335,0.0526904368065791,1.0749219482398673,0.929756588403412,0.259143687773787,False,False,REACH,REACH
vid2,14.5,2.423768669206141,1.1383944611332382,0.2475606051602443,0.5726240683023054,0.6042896584774519,0.0902258620594943,1.1818485046044198,0.9351367689041772,0.0490717940058225,False,False,REACH,REACH
vid2,14.533333333333331,2.3322052347710587,1.1433056755637885,0.3725835894527256,0.591431752539908,0.545989390301491,0.1339409566296165,1.3355308482755042,0.9306819350336888,-0.1866941724190728,False,False,REACH,REACH
vid2,14.566666666666666,2.2616382289798507,1.1561725389282809,0.416260649634901,0.6082816861427727,0.5103152495049619,0.1797341824010556,1.3862026976033135,0.9209702835767952,-0.2935340426907656,False,False,REACH,REACH
vid2,14.6,2.241512625537534,1.175035023410408,0.6685655530857919,0.6245436200931448,0.5044253933176466,0.2277270852011419,1.3799344012446084,0.9083200821451196,-0.2985439016826643,False,False,REACH,REACH
vid2,14.633333333333333,2.225805820767098,1.2084101471610154,0.2642211163487445,0.6414418903171096,0.5129929844609173,0.2750606018234987,1.314214829744168,0.8973646517524735,-0.2266706139411194,False,False,REACH,REACH
vid2,14.666666666666666,2.179984744946013,1.2079160705330063,-0.2131623273563667,0.6589837323094715,0.516408377724067,0.3158252280753589,1.2174438538461116,0.8932167635982422,-0.1371141159775521,False,False,REACH,REACH
vid2,14.7,2.1391571116030343,1.1918911196270685,-0.7485320522804935,0.6762765651198203,0.5149346239756037,0.3542518607879474,1.1508552036295652,0.8906460805856019,-0.082254481758734,False,False,REACH,REACH
vid2,14.733333333333333,2.0750096355320777,1.1419337223929469,-0.9184721169218878,0.6936442064596323,0.4773445171157432,0.39027073951735,1.2294443714877117,0.890285657723139,-0.2165767712769032,False,False,REACH,REACH
vid2,14.766666666666666,1.9416007159450075,1.1208045563616815,-0.5906669821959026,0.7092080254385738,0.4232354103352346,0.4341316285885157,1.2542861181374902,0.8799664295637081,-0.3337374062005043,False,False,REACH,REACH
vid2,14.8,1.7789478317907932,1.102190318830666,-0.4594768063209887,0.7219995152678602,0.3775181049315232,0.4784510499734156,1.1903734657682972,0.8643470834376592,-0.3594564094212706,False,False,REACH,REACH
vid2,14.833333333333334,1.5671108003442291,1.099749235135287,-0.2694255006966882,0.7335225644492476,0.3031940947652001,0.5170674062589496,1.1526384325741732,0.8514056095231588,-0.4583738018071916,False,False,REACH,REACH
vid2,14.866666666666667,1.442736194648396,1.0802557284714749,-0.0712038997073102,0.7429872470491918,0.2626210579218332,0.5492609379742821,1.1116373602619067,0.8403657472421826,-0.4947652790547712,False,False,REACH,REACH
vid2,14.9,1.2837137313569804,1.0841542759772598,0.2744299436159589,0.7507921941096277,0.2099586920938801,0.5906276387418371,1.0523081798071945,0.8184731714599124,-0.5367260571702236,False,False,REACH,REACH
vid2,14.933333333333334,1.1401107545485802,1.0983431451286176,0.8911315426642183,0.7561185203673261,0.1705116423192126,0.62677723808641,0.9712500537636978,0.7966982018391738,-0.5365558970243228,False,False,REACH,REACH
vid2,14.966666666666669,0.9862112533778,1.143627040682182,1.3997331150653518,0.7621100805564341,0.1583819344264739,0.6544022744972654,0.8154796284954109,0.7834568642775346,-0.4235823035079187,False,False,REACH,REACH
vid2,15.0,0.9037941041901264,1.2021534164676706,1.2032166184570277,0.7663939272843115,0.1423804458717759,0.6760798784680137,0.7538260916079156,0.7723271935918439,-0.39868207322186,False,False,REACH,REACH
vid2,15.033333333333331,0.9149635631949242,1.2499826534955365,0.7934377630930477,0.7714115715249583,0.1361116279190462,0.7043768564841326,0.7810099745027613,0.7567830529279972,-0.4332319578019583,False,False,REACH,REACH
vid2,15.066666666666666,0.8650235792927278,1.255082914520796,0.005549168639238,0.7760740193883973,0.0918480182962011,0.7286954347488014,0.8030054080991238,0.7440439562951641,-0.5305189778244394,False,False,REACH,REACH
vid2,15.1,0.7664836883628283,1.2372889640602924,-0.4773897108135722,0.7787592595653602,0.0455853928521524,0.7579215368259075,0.749676726348928,0.7235718225975001,-0.5663367719020316,False,False,REACH,REACH
vid2,15.133333333333333,0.7290233114200695,1.2163510067081134,-0.4571313069810054,0.7785055873673441,-0.0001055463349257,0.7805969879156668,0.7290232177290641,0.7035538834071449,-0.6293422787694362,False,False,REACH,REACH
vid2,15.166666666666666,0.6981839986195414,1.2025115759681348,-0.6263824773751603,0.7765833950201121,0.0420429621642819,0.8057516218921863,0.6824847053828754,0.6784446786049338,-0.5146160223231221,False,False,REACH,REACH
vid2,15.2,0.9545402943133596,1.1784484065293803,-0.4294245183287164,0.7813472193927521,-0.0349014353495966,0.8206387953729102,0.9466836649517596,0.6740243350770272,-0.8787415870934177,False,False,REACH,REACH
vid2,15.233333333333333,0.7633141551846879,1.1812409654973712,-1.368383389891192,0.7786506700377264,-0.0392257212809594,0.8674679320147228,0.7508532106564013,0.6288399018752564,-0.7173875092690639,False,False,REACH,REACH
vid2,15.266666666666666,0.8624898009680664,1.108247176891337,-1.6435983122961442,0.7759512481444154,-0.0799511704576998,0.8862114771654284,0.8157841127155512,0.6078885808707193,-0.8454691447066184,False,False,REACH,REACH
vid2,15.3,0.9254690871857912,1.0416595548466638,-1.703196872006636,0.7711412087831151,-0.153920442370724,0.9139639848414512,0.7523119964856165,0.5754286241611625,-0.9215475824500768,False,False,GRASP,REACH
vid2,15.333333333333334,0.8251681716923394,0.9733160104935524,-1.9260032036581336,0.7697626521672831,-0.1169890021566038,0.9255688251200042,0.7162898711053566,0.5629747705803644,-0.8251263650274435,False,False,GRASP,REACH
vid2,15.366666666666667,1.313746950391079,0.9382105978233422,-0.8267550541924559,0.7612260484510848,-0.1844264390125381,0.9691678000053928,1.1440461002883549,0.5102466348051308,-1.3135854418128985,False,False,GRASP,REACH
vid2,15.4,1.2854360917604994,0.8985861669786179,-1.0932433568564817,0.755617211196695,-0.1659608360013718,0.9969247911831814,1.1465586986629843,0.4763696923902498,-1.2830871997399829,False,False,GRASP,REACH
vid2,15.433333333333334,1.4171610892818196,0.8765426211696231,-0.8850047967269301,0.7514070882680678,-0.1464831946417547,1.0477280220014278,1.3210687708117947,0.4250779764703651,-1.399234438549366,False,False,GRASP,REACH
vid2,15.466666666666669,1.2881890673835736,0.8586784312498665,-0.9330721589346972,0.7457684739856479,-0.1238381906817017,1.0924077706378317,1.2130016162759338,0.3765438193223278,-1.2659109918352816,False,False,GRASP,REACH
vid2,15.5,1.0646286899549966,0.7997085089177367,-1.2016172165262664,0.7418661884296749,-0.1049451001377343,1.132584334684104,0.999189818977938,0.3349676219398945,-1.0479660183238784,False,False,GRASP,GRASP
vid2,15.533333333333331,0.6879096468789117,0.7647066000284256,-0.4798899814568422,0.7400486629441928,-0.1177722182940153,1.1610334313010229,0.5505757339166856,0.3072004186576781,-0.6834986783062243,False,False,GRASP,GRASP
vid2,15.566666666666666,0.602112330419432,0.7666940004612687,-0.5975904494862251,0.7360529933769889,-0.1396673132152063,1.1711884527730725,0.3511879936065059,0.291367962236321,-0.5501583262059434,False,False,GRASP,GRASP
vid2,15.6,0.5611103565380209,0.754451234358853,-0.5317234883567743,0.7290687465596585,-0.1495446197329311,1.174633177286477,0.201516194403631,0.2760396168297583,-0.438463299247487,False,False,GRASP,GRASP
vid2,15.633333333333333,0.4055617664246591,0.7216138597873024,-0.4056193055847594,0.7238132277825259,-0.1077660414304901,1.1807943084482868,0.148553918422792,0.2614251935063078,-0.3188476860628555,False,False,GRASP,GRASP
vid2,15.666666666666666,0.169680843663129,0.6982149372148643,-0.3138274856440992,0.7221568082717961,-0.0385590892347974,1.1917670406620229,0.1027594119182259,0.2490253021867587,-0.156895674656389,False,False,GRASP,GRASP
vid2,15.7,0.0603165703588278,0.7205233183499052,0.1170953030040756,0.7220842702276828,-0.003693296901937,1.1861758967055092,0.0589136759950604,0.2537222011031201,-0.0573768319364784,False,False,GRASP,GRASP
vid2,15.733333333333333,0.0490545784288923,0.7207036579675177,-0.0002289762468805,0.7225142239580181,0.004535857273626,1.1885744639891889,0.0464118592780963,0.2524128207396069,-0.0320298020470078,False,False,GRASP,GRASP
vid2,15.766666666666666,0.0790753288388913,0.7098557469139645,-0.1511038168320116,0.7227384129409532,0.0134719210337407,1.192655083258304,0.0634612771821027,0.2492878009502943,-0.0309352721526275,False,False,GRASP,GRASP
vid2,15.8,0.1422457798064381,0.7067900526810077,-0.0503971841054736,0.7234244437204824,-0.0082526993933343,1.1958197581119128,0.1392791858591953,0.2477702748541509,-0.1347990346680908,False,False,GRASP,GRASP
vid2,15.833333333333334,0.0582331048588778,0.7018405348773898,0.61891612164231,0.7227967047580294,-0.0165612945295916,1.1973846312339975,0.0052676972961375,0.245309267099281,-0.0338439041955646,False,False,GRASP,GRASP
vid2,15.866666666666667,0.1033017645082813,0.741894408145209,0.3830740610653777,0.7218334207402662,-0.0180426361743384,1.1995814846545358,0.0817271327797271,0.241709255725786,-0.1024498640451373,False,False,GRASP,GRASP
vid2,15.9,0.0805672056471978,0.7587111540166123,0.3404717422122508,0.7207977278188642,-0.020966836118378,1.2024491208675028,0.0331712204156252,0.2374022557177799,-0.0657186107061829,False,False,GRASP,GRASP
vid2,15.933333333333334,0.032804520674604,0.7650459389280012,-0.0096820549348868,0.7209346938493798,0.0001452556614447,1.2005789058805565,-0.0328005769051479,0.2392585733875389,0.0285642464875679,False,False,GRASP,GRASP
vid2,15.966666666666669,0.0302610468983426,0.731498760387336,-0.0823875876782897,0.7206719231617831,0.0063498540587491,1.2019985394001236,0.0205254606841787,0.2375685575953018,-0.0064804795857213,False,False,GRASP,GRASP
vid2,16.0,0.0636171956461332,0.7573751072986327,0.4631824153910638,0.7211095409741349,0.0154725699776301,1.1995286099656035,-0.0333387645931766,0.2404743050015519,0.0561435512903797,False,False,GRASP,GRASP
vid2,16.03333333333333,0.1207724829596513,0.7768230567046912,0.0073126216311299,0.7220362739403534,0.0266027671368546,1.1992845701536234,0.0768612644626779,0.2423243546218998,-0.0192704456131137,False,False,GRASP,GRASP
vid2,16.066666666666666,0.1779097433538398,0.7767144439360089,-0.0690631770390894,0.7228551344300567,0.0371600077634819,1.203537412477326,0.121321273317885,0.240102710168733,-0.0389636272517394,False,False,GRASP,GRASP
vid2,16.1,0.1678415772673463,0.7480242756299273,-0.1333601189603719,0.7243431551328485,0.0368474617493245,1.2094171937838434,0.107337844732144,0.2376607787187602,-0.0274486755605498,False,False,GRASP,GRASP
vid2,16.133333333333333,0.1553131670874667,0.7489934808586634,0.2359407804849859,0.7258298572986107,0.0377387384428076,1.2141198438130385,0.0815942204620082,0.2362323927628898,-0.0036549104284285,False,False,GRASP,GRASP
vid2,16.166666666666668,0.1705939135454155,0.7885103143315115,0.0566161252066291,0.7268256651087694,0.0424218187458794,1.211981603443353,0.0838710704409882,0.2398393567243086,0.0026647620854374,False,False,GRASP,GRASP
vid2,16.2,0.133611780445513,0.7743156694627068,-0.1500121833186585,0.7281800683985616,0.0341367384405786,1.217200876264109,0.0596848335013275,0.2377310754384883,0.0088810151799865,False,False,GRASP,GRASP
vid2,16.233333333333334,0.1746316749498373,0.7521794589811382,-0.3792402185964482,0.7295459373638251,0.0445926073441577,1.220089083516867,0.0781793531873223,0.2376548143917817,0.011417022293644,False,False,GRASP,GRASP
vid2,16.266666666666666,0.0747870794140749,0.7356283031535504,-0.1693638162290989,0.731409928038792,0.017946003007584,1.2235713268094643,-0.0405440817644022,0.2379470973640792,0.0667374601866952,False,False,GRASP,GRASP
vid2,16.3,0.0340595933224675,0.7576188197351755,0.033314413786403,0.7312804989597614,-0.0062828683138828,1.2153922095858598,-0.0259999278283754,0.2447768041746229,0.0113235101277799,False,False,GRASP,GRASP
vid2,16.333333333333332,0.0665636543562537,0.7373524735917456,0.2036267566894987,0.730638571591505,-0.0120086446403737,1.2191333292766158,-0.0515980520210761,0.2404125701311684,0.023285784676801,False,False,GRASP,GRASP
vid2,16.366666666666667,0.0672972363533422,0.755606821775166,0.4048122976421586,0.7292625168978992,-0.0096091860508631,1.2146537939709403,-0.0582806308258617,0.2418441467948178,0.0332976994906503,False,False,GRASP,GRASP
vid2,16.4,0.1129021092216316,0.7771947578715283,0.2365237148589794,0.729826203658174,0.031926872046361,1.2157513716660773,-0.0157257077463993,0.2418941165743608,0.0700518216959032,False,False,GRASP,GRASP
vid2,16.433333333333334,0.1743519856128287,0.7993683825265956,-0.2957255194787985,0.7314342042218424,0.049177232970472,1.208500263129269,0.0272527490751393,0.2509965474236145,0.0634777262024204,False,False,GRASP,GRASP
vid2,16.466666666666665,0.2736627681602879,0.7524438586634975,-1.015030174491241,0.733855610602211,0.0499979868273746,1.2168964896657477,0.2103265333408308,0.2480341037272762,-0.0930651326962794,False,False,GRASP,GRASP
vid2,16.5,0.1738495648881989,0.7076058130543182,-0.968263997144038,0.7355537901167536,0.0345612400173288,1.22645711194782,0.1248047895923541,0.2427873457034438,-0.0465673023007603,False,False,GRASP,GRASP
vid2,16.53333333333333,0.1191103330442284,0.6714913074713125,-0.4333879772559385,0.7357673193503516,0.0262853404855855,1.2316330891237728,0.0755962873260797,0.2386981615628076,-0.0187403003532622,False,False,GRASP,GRASP
vid2,16.566666666666666,0.1415694041895787,0.6826079100488855,0.0217959605066498,0.7363561008133584,0.0403605354551226,1.2270678903142058,0.0081507906390282,0.2436795675602295,0.0643657280886719,False,False,GRASP,GRASP
vid2,16.6,0.2817385936120678,0.6926020274391992,-0.1628523856176683,0.7380438375927861,0.0773826140925954,1.2262019032141818,0.0771185578849287,0.2474126215957697,0.0703397847309238,False,False,GRASP,GRASP
vid2,16.633333333333333,0.3545950568688606,0.6796073519818935,-0.0721699352857368,0.7418080434289951,0.0913444088655798,1.2345898997329776,0.1530387667471291,0.2468327648845494,0.0295189218163528,False,False,GRASP,GRASP
vid2,16.666666666666668,0.3902463831703593,0.6602249879116036,0.2027237944970908,0.7449722293102122,0.103874227917666,1.2402265834065491,0.1413521741147838,0.2475658557924619,0.0617705110217739,False,False,GRASP,GRASP
vid2,16.7,0.3564301856264069,0.6830465987048444,0.8312148859405335,0.748614960523489,0.1016712596717488,1.245052459274718,-0.0168318183755425,0.2498452557213129,0.1943879770549021,False,False,GRASP,GRASP
vid2,16.733333333333334,0.3281219967899508,0.7373553701773119,1.094692730082478,0.7518146104475133,0.0811044867852288,1.2414424200526957,-0.1643208737387096,0.2586211144105417,0.2852890302235586,False,False,GRASP,GRASP
vid2,16.766666666666666,0.4594933863673084,0.7798304612085696,0.2568726954331798,0.7543910444299246,0.1044141782152325,1.2330961586195242,-0.2782862740446837,0.2703818857653461,0.4248785998543947,False,False,GRASP,GRASP
vid2,16.8,0.6332031620252802,0.7650789204362283,-0.3743251295557103,0.757025723565169,0.1341520808409556,1.2200846293731509,-0.4245688563790762,0.2862718766003772,0.60373012645389,False,False,GRASP,GRASP
vid2,16.833333333333332,0.9177592325094854,0.7245874313575302,-0.3723150877955926,0.7622186198280219,0.2163902436173334,1.207189782123855,-0.5177725806713598,0.3065867930547467,0.8296497588454009,False,False,GRASP,GRASP
vid2,16.866666666666667,1.2786362736880177,0.7179341801237239,-0.384648685143688,0.7715250612919196,0.3086116272685487,1.1866466568445884,-0.68337812935803,0.3407793453572157,1.1357138664183537,False,False,GRASP,GRASP
vid2,16.9,1.7626597964681847,0.7316113747231893,-0.3771514868249185,0.7826208921518412,0.4092858737505189,1.1632224833918954,-1.0260599882747137,0.3806238019047834,1.6095504688420723,False,False,GRASP,GRASP
vid2,16.933333333333334,2.3964166524643495,0.6939368354264098,-0.0691091185180685,0.7978831806271753,0.543250084144699,1.125412713005959,-1.4573478844457255,0.4402538841997863,2.2187468522902702,False,False,GRASP,GRASP
vid2,16.966666666666665,3.095234239533053,0.6814375147726576,0.2804933398210419,0.8181111150579334,0.6753343771274162,1.0683420785071036,-1.9969441205761425,0.5252908119390027,2.918088924706481,False,False,GRASP,GRASP
vid2,17.0,3.823135828084915,0.7274198467088218,0.6984861961708314,0.8436357939874183,0.8183774293315872,0.9892809714933596,-2.530530839017863,0.6386760002040711,3.631631346943386,False,False,GRASP,GRASP
vid2,17.03333333333333,4.35443811905912,0.7683910712681873,0.7376379033875438,0.8734650526955777,0.9036862782065156,0.8991406759509741,-2.9911341150393875,0.7692376906282457,4.180053297303837,False,False,GRASP,GRASP
vid2,17.066666666666666,4.7273977490998496,0.762170023401081,0.2800249007498708,0.9055419753898386,0.9368011860326502,0.7895745465347962,-3.40391907000534,0.9205403411932228,4.594873591432969,False,False,GRASP,GRASP
vid2,17.1,4.8692786994763395,0.76883281738261,0.4795718001320343,0.9377369882375928,0.9257415225055128,0.6673764596389951,-3.633297306422864,1.0829534265994636,4.773264552668242,False,False,GRASP,GRASP
vid2,17.133333333333333,4.771708567228978,0.7951668778952133,0.9994070917711404,0.9680132330653196,0.8519353482778438,0.5404209524991714,-3.7241206763492647,1.2460778175870897,4.721079095261271,False,False,GRASP,GRASP
vid2,17.166666666666668,4.473890066706085,0.8365117732799292,1.1743245526613848,0.995743303960298,0.7511568793943606,0.4167063812760084,-3.618933188281079,1.401900924492749,4.452018536959353,False,False,GRASP,GRASP
vid2,17.2,4.045805678492117,0.8781635537477023,1.510556783123855,1.0191221654867724,0.6175917047278368,0.2964939767476912,-3.419260780321304,1.5470040974329886,4.04341494384277,False,False,GRASP,GRASP
vid2,17.233333333333334,3.4830508399705704,0.940458329851252,1.2961199702203317,1.037077211094845,0.4662941046600277,0.1840409385959186,-3.076585962868626,1.6758158246855064,3.4800289858882287,False,False,GRASP,GRASP
vid2,17.266666666666666,2.7856673128256952,0.9860789465556596,0.4402184845632871,1.0504044268333887,0.3034846012567,0.0873424259166391,-2.574979662156883,1.7828443325475931,2.7591181239231077,False,False,GRASP,GRASP
vid2,17.3,2.114383789430994,0.9886494105930544,-0.4532170108616209,1.0579065253304396,0.1291769612423506,0.0109023448685831,-2.065428876947613,1.8620846316493245,2.011010257499452,False,False,GRASP,GRASP
vid2,17.333333333333332,1.3717844874442828,0.935104053883765,-1.316896368651283,1.0585842019421314,-0.007329917451411,-0.0507768074146999,-1.37154432600883,1.916513307642864,1.1706917735140514,False,False,GRASP,GRASP
vid2,17.366666666666667,0.8050738288764585,0.8811865001459359,-1.4379119118998167,1.0550860397751392,-0.0965827254922541,-0.0852283195543772,-0.7305857220467296,1.9400569286499132,0.459643990514401,False,False,GRASP,GRASP
vid2,17.4,0.5057662527369557,0.8352951128488638,-1.1510767061748586,1.050552682754498,-0.1263047771898627,-0.0951044797031428,-0.2453065996823801,1.9405604182050389,-0.0117374729965253,False,False,HOLD,HOLD
vid2,17.433333333333334,0.4080732246097999,0.795457113372443,-0.5500690475442956,1.0462711350785985,-0.1154373617342606,-0.0897591236525626,0.0558107424934112,1.928373025549558,-0.2523802185401677,False,False,HOLD,HOLD
vid2,17.466666666666665,0.3720536719679997,0.7899073547202891,0.0065020077328101,1.0421992541201748,-0.1010094902813974,-0.0889827374192597,0.1153669200175029,1.92049961896124,-0.2782542163712375,False,False,HOLD,HOLD
vid2,17.5,0.298678805495216,0.8099734376005449,0.3160410947247034,1.0393996083672894,-0.0763991934695332,-0.0826564167670245,0.1327937024657135,1.9100872065055383,-0.2497567960738026,False,False,HOLD,HOLD
vid2,17.53333333333333,0.2244192163134354,0.8287881134237934,0.1992282171536976,1.0374853011790932,-0.0582084100458266,-0.076376133362286,0.0938912747639771,1.9012807362213673,-0.1840030728319025,False,False,HOLD,HOLD
vid2,17.566666666666666,0.2065943463561585,0.8250454722982203,-0.2681221955635013,1.0358347621862778,-0.0588285471684448,-0.0739295424476089,-0.0155821424028633,1.8962494074942984,-0.0906232895934711,False,False,HOLD,HOLD
vid2,17.6,0.230657539017607,0.8047119243625296,-0.2497076032592779,1.0338041419683648,-0.0573216622348549,-0.0790725270337136,-0.1136254509382782,1.8970955870637631,-0.003345007461786,False,False,HOLD,HOLD
vid2,17.633333333333333,0.2531885083590317,0.7969007971705223,-0.2795663000944673,1.031791510192616,-0.0576754183385044,-0.083413104527485,-0.1526872923805138,1.897281102450384,0.0297400049130464,False,False,HOLD,HOLD
vid2,17.666666666666668,0.2142214704372328,0.7922219398548322,-0.2602961722915053,1.0297249570601543,-0.0478922965423591,-0.0898852566545563,-0.1332832659600336,1.8992108018936915,0.0303009713010895,False,False,HOLD,HOLD
vid2,17.7,0.1636560101151311,0.7827800570395671,0.039626585366785,1.0284862901436884,-0.031690143756733,-0.0930516941318774,-0.1202845607185605,1.8997522061363064,0.0477454154699241,False,False,HOLD,HOLD
vid2,17.733333333333334,0.1913080226828376,0.7796564704928933,0.0630447768212601,1.0276670380307744,-0.0262502892090978,-0.0966211973619896,-0.1677762427654085,1.9013834281586728,0.0983546873822853,False,False,HOLD,HOLD
vid2,17.766666666666666,0.1916871349947896,0.7940259254520475,0.3561438165862968,1.0271769780158926,-0.0234279875566361,-0.1023296995829231,-0.1732436746192023,1.9054429898305345,0.1080659482652464,False,False,HOLD,HOLD
vid2,17.8,0.1497856270252317,0.8132360154498824,0.3360408293339059,1.0261750055300567,-0.027009335983063,-0.1120378938906544,-0.1161469204151493,1.9120487318778776,0.0524551839483016,False,False,HOLD,HOLD
vid2,17.833333333333332,0.1645886995385905,0.8171008961936395,-0.0028786810368657,1.0254146012039718,-0.0468675898609794,-0.1140507970675797,0.0123993358230391,1.9124406947491448,-0.0936120563819759,False,False,HOLD,HOLD
vid2,17.866666666666667,0.2551012139153171,0.8155678476799563,-0.067173247448269,1.0236817085491892,-0.0673286722372762,-0.1083488666731525,0.0974082689724103,1.9044542819324537,-0.203172513791495,False,False,HOLD,HOLD
vid2,17.9,0.3386757487191506,0.801914502787643,0.0691994435363358,1.02083886499308,-0.0885737486097962,-0.1037092526337205,0.1360047327884504,1.8954210977720272,-0.2740653949505017,False,False,HOLD,HOLD
vid2,17.933333333333334,0.3704877327508712,0.8127712617581659,0.1126503460870727,1.0170545219313123,-0.097700541284711,-0.1012146285377538,0.1421607558163951,1.88657350180434,-0.2955239014165714,False,False,HOLD,HOLD
vid2,17.966666666666665,0.3434540420248856,0.8232422615733279,0.2449021863157136,1.013935772971586,-0.0796976651232198,-0.0959551982446016,0.2001799967856934,1.87651731748631,-0.3137471296206574,False,False,HOLD,HOLD
vid2,18.0,0.2886374623819596,0.8301744989590117,0.1929945809836162,1.0114722447234308,-0.0631226947528712,-0.0855502216279599,0.185611208834152,1.8631795871649943,-0.271852082131387,False,False,HOLD,HOLD
vid2,18.03333333333333,0.2067243948797589,0.8282474627205917,0.0887388231993864,1.0095831254211132,-0.0230578255919933,-0.0812681273321046,0.1903034279765162,1.856142136170756,-0.2050246159589135,False,False,HOLD,HOLD
vid2,18.066666666666663,0.1082287047062305,0.8429756191197624,0.0260625954144417,1.0097525512045291,-0.0075360767011225,-0.0747494817297679,0.1049620347959901,1.8508161921048711,-0.1039151879723029,False,False,HOLD,HOLD
vid2,18.1,0.0485448144202881,0.8327661888739918,0.0194657340668948,1.0101704892499457,-0.0098392987043959,-0.0726941097894443,0.0341969813038476,1.8497817369435792,-0.0469186427990741,False,False,HOLD,HOLD
vid2,18.133333333333333,0.0512917285402439,0.8323432048315301,0.077546862317982,1.009693048772626,-0.0071842545252749,-0.0718018427097985,0.0446981538666032,1.8481670821638323,-0.0512843617110453,False,False,HOLD,HOLD
vid2,18.166666666666668,0.0757212938434771,0.8381930900830604,0.1119454188246222,1.0085208965157462,-0.015140916812975,-0.0733679358389449,-0.0540605494913718,1.8474450385270904,0.0198697910237639,False,False,HOLD,HOLD
vid2,18.2,0.0769923245500054,0.8489238433103724,0.332697000293356,1.008949796390742,-0.0191669783495858,-0.0728897956592662,-0.0377208821715362,1.847791144883861,-0.001353852110319,False,False,HOLD,HOLD
vid2,18.233333333333334,0.1018106299448219,0.8538170140154556,0.2019869830559649,1.008348032694923,-0.0277783691844518,-0.0770456018185346,0.0300517869594045,1.8503131018850505,-0.07507647112231,False,False,HOLD,HOLD
vid2,18.266666666666666,0.1639349154947772,0.8668746995103886,0.0994237817127157,1.006525862029768,-0.0453524610499507,-0.0756077819849617,0.04064918891366,1.8458487287470644,-0.1153116656630225,False,False,HOLD,HOLD
vid2,18.3,0.2115180603701317,0.868264327206348,0.0278640475526822,1.0046992939399322,-0.0479977165560989,-0.0704710040220484,0.1284115301128257,1.8381843322096765,-0.1957311914699509,False,False,HOLD,HOLD
vid2,18.333333333333332,0.2141760531893604,0.8600172492098423,-0.1320858227976003,1.0035379190550977,-0.0343973739759902,-0.0658224529947957,0.1770946449142816,1.8321180437460791,-0.2136855520662993,False,False,HOLD,HOLD
vid2,18.366666666666667,0.1788511911740551,0.854759797422818,-0.000722955926632,1.0022215360166649,-0.0297752598124187,-0.0616057666886859,0.1453139119128783,1.8261502418347504,-0.1780816395691152,False,False,HOLD,HOLD
vid2,18.4,0.2246715075065108,0.8609855318594898,0.1455545335914816,1.0016245291386356,-0.0308430672611935,-0.0534578082289389,0.1970074307804923,1.818062321163608,-0.2245827595711523,False,False,HOLD,HOLD
vid2,18.433333333333337,0.2059612994347888,0.8676005139103918,0.0344910833511332,1.0007506353315163,-0.0383157709978112,-0.0475793007886888,0.1562604803654948,1.8114431354055975,-0.2026372792994236,False,False,HOLD,HOLD
vid2,18.466666666666665,0.2270534004527919,0.8681583998424655,0.0726617348318954,0.998961897473915,-0.0409410957487975,-0.0446997847930061,0.1760652846632718,1.8057937060542848,-0.2243733975316891,False,False,HOLD,HOLD
vid2,18.5,0.3269101426517183,0.8670144134067991,-0.0398359963396744,0.997206060375337,-0.0302086913903828,-0.0385114716627414,0.3093215331926426,1.797346949295278,-0.3203888982828701,False,False,HOLD,HOLD
vid2,18.53333333333333,0.3270037203555216,0.8648009118078539,-0.0017474335913888,0.9969609293201546,-0.0247422141082371,-0.0244530466747375,0.3153165750080993,1.784780714133311,-0.3158921974555284,False,False,HOLD,HOLD
vid2,18.566666666666663,0.4768800422428401,0.8738780132417838,-0.2984840629667097,0.9965207408292188,-0.0294735524334954,-0.0134667878013304,0.4655772364902229,1.774520727168251,-0.4539388970706414,False,False,HOLD,HOLD
vid2,18.6,0.5641276117774802,0.8531566820292599,-0.6259498430421254,0.9952214450808056,-0.0521759078616971,0.0024436392766661,0.5337200990873612,1.7584913185657602,-0.5529086708209816,False,False,HOLD,HOLD
vid2,18.633333333333333,0.6557248481070866,0.8244720044996888,-0.7768461345906386,0.9927164231498482,-0.0693240394511679,0.0211253719644239,0.6091331077661285,1.7379372464177123,-0.6483269452628756,False,False,HOLD,HOLD
vid2,18.666666666666668,0.6822189382344991,0.7813240314259973,-0.2740305345068367,0.990690203053848,-0.0940096738940159,0.0498280707200267,0.5975348874105086,1.7095819895455515,-0.681987759118667,False,False,HOLD,HOLD
vid2,18.7,0.653643146449796,0.7974729481508791,0.1589317842347061,0.9866892514166123,-0.1013072683200784,0.0623010160485322,0.5489956168343714,1.6917397934660692,-0.6530076376507731,False,False,HOLD,HOLD
vid2,18.733333333333334,0.660486395382614,0.8083575612128022,0.6823581754399569,0.9832537728420152,-0.1143827412442263,0.0812794452929447,0.5251718638906463,1.66928364092586,-0.655578674405436,False,False,HOLD,HOLD
vid2,18.766666666666666,0.6987777848532807,0.8507454490660742,0.5254554801345619,0.9790599065256896,-0.1220889204770755,0.0973988518770243,0.5527273555655452,1.6479532297111532,-0.6929920310394864,False,False,HOLD,HOLD
vid2,18.8,0.7963282878992973,0.8551685794836328,-0.1553799765893992,0.9755316746916668,-0.1196198918103217,0.1195373830910923,0.6772547775974282,1.622605786719524,-0.7960928080291205,False,False,HOLD,HOLD
vid2,18.833333333333332,0.8360579414885869,0.8472748096176372,-0.1979538768888468,0.9708820789307924,-0.1497649706653644,0.1394823283626763,0.6511129457305205,1.5971676810111508,-0.8268603655784296,False,False,HOLD,HOLD
vid2,18.866666666666667,0.9524762513163312,0.8143951502832374,-0.5539971506989287,0.9659950440314572,-0.1565438943569502,0.1652242017927035,0.7789117823645073,1.5663067159233428,-0.949144536221538,False,False,HOLD,HOLD
vid2,18.9,1.0465084944882272,0.8131624780957237,-0.4268246350530413,0.9602715672640972,-0.1822685698770017,0.1907303807284293,0.8293332359334559,1.5341694473351002,-1.0381671733841054,False,False,HOLD,HOLD
vid2,18.933333333333337,1.163195179334192,0.7982790697455079,-0.3068539735364354,0.9538733152080332,-0.2081432661932533,0.2189398185564808,0.9065110670785088,1.4985055209723974,-1.1505462721156734,False,False,HOLD,HOLD
vid2,18.966666666666665,1.3267264911664391,0.7787696927086704,-0.3047025495716959,0.9467173393483788,-0.2260466212497462,0.2515590587918778,1.0647157388878714,1.4576954294470306,-1.318750750842092,False,False,HOLD,HOLD
vid2,19.0,1.4762838737920323,0.7717564657993633,0.0775046312448351,0.9383026535493127,-0.2433300677783339,0.2880760084822054,1.2055499632128894,1.4112948435736563,-1.4708676787781485,False,False,HOLD,HOLD
vid2,19.03333333333333,1.6265164987478269,0.7943165417191239,0.0302861694573375,0.9301816670839292,-0.2532894490910387,0.3317180962322886,1.363393339592588,1.3592647501391275,-1.624707038955589,False,False,HOLD,HOLD
vid2,19.066666666666663,1.7411446621591466,0.7874613379186856,-0.1385171240219852,0.9218763241804993,-0.2695334980640822,0.3813496250986481,1.4631222700166673,1.3017395625405044,-1.7395108674753283,False,False,HOLD,HOLD
vid2,19.1,1.809086780444961,0.777872523221215,-0.2545944546664754,0.9125360042049252,-0.2930995323523286,0.4312954160941729,1.4897471923185712,1.24211223300152,-1.8041780675739576,False,False,HOLD,HOLD
vid2,19.133333333333333,1.8202634741874333,0.7580695350536906,-0.2260423419154742,0.9021648672185424,-0.3223391031059482,0.4821447435134062,1.428020713842555,1.179881570287402,-1.8026337665127068,False,False,HOLD,HOLD
vid2,19.166666666666668,1.770142789237272,0.7664799617274007,0.0460477567115092,0.890845672702129,-0.3316777051911876,0.5285672098539028,1.3358122542863686,1.1197941757410417,-1.7395772765242374,False,False,HOLD,HOLD
vid2,19.2,1.8459743125419452,0.7665840819842138,-0.1164287042891122,0.879442110137334,-0.3266071174243247,0.5681744924040611,1.4489794018744608,1.0654391128876173,-1.8282717060038236,False,False,HOLD,HOLD
vid2,19.233333333333334,1.8676953970187644,0.7599187025265292,0.104405863939642,0.8688142932551228,-0.3263760815237653,0.6184330785421095,1.4771784623101347,1.003264186280236,-1.852199109980375,False,False,HOLD,HOLD
vid2,19.266666666666666,1.823152624831146,0.7619033783013671,0.1293692115748554,0.8581626591267759,-0.3093968620895739,0.6739050591707431,1.466297929730929,0.936547905277301,-1.8127719316920088,False,False,HOLD,HOLD
vid2,19.3,1.7326076019131984,0.7771608072502583,0.0135129437223154,0.8476616519457636,-0.2941404365174037,0.7228845348576166,1.3931924381317362,0.875701199121066,-1.7226916010550413,False,False,HOLD,HOLD
vid2,19.333333333333332,1.5244070900255522,0.7758198383853128,0.0712195204536193,0.8381274947689823,-0.2763423183025155,0.7611438230438307,1.1778716858746152,0.8258165497375524,-1.5053814466502249,False,False,HOLD,HOLD
vid2,19.366666666666667,1.4723986321264395,0.764565163544753,-0.037805962279785,0.8300199062822347,-0.2665386063516762,0.8013207185262162,1.138765615079313,0.7768006594938491,-1.4542891570953231,False,False,HOLD,HOLD
vid2,19.4,1.427191808561222,0.770378093657845,0.02465345150493,0.8209346508736812,-0.2758374371609258,0.8387654411519487,1.0506473359837234,0.7284131210607334,-1.3946921831482406,False,False,HOLD,HOLD
vid2,19.433333333333337,1.377056864474992,0.7818325809693718,0.0191820629831135,0.8114479300198781,-0.2882539501817236,0.8703194771236216,0.9366862090129696,0.6843991001493241,-1.3183078766349112,False,False,HOLD,HOLD
vid2,19.466666666666665,1.4022147985296511,0.769419390170228,-0.1623404605848293,0.8015173244752117,-0.2931756286632856,0.8998231077399459,0.9550973680980788,0.641369347168435,-1.34290363588066,False,False,HOLD,HOLD
vid2,19.5,1.3706460230784876,0.760650571880634,-0.0966676785806409,0.7917829257350119,-0.28675764572296,0.931637515239358,0.9329076184879366,0.5966924670956378,-1.3123998658460383,False,False,HOLD,HOLD
vid2,19.53333333333333,1.388704310669814,0.762628934841189,0.0292862447292787,0.7820807706781286,-0.2774907452241519,0.9630756381933848,0.9921012662907196,0.5523973657937225,-1.3470910311959918,False,False,HOLD,HOLD
vid2,19.566666666666663,1.350479522654495,0.7679577413073899,0.1097222744927529,0.7731667922182291,-0.2594125087848763,0.9978259677745618,0.9992919218706352,0.5066381181891461,-1.3213152794716474,False,False,HOLD,HOLD
vid2,19.6,1.351675993233156,0.7723465058976537,-0.0801347998238054,0.7649257279488606,-0.2509761157063556,1.0291383372038534,1.02694606777756,0.4650362917544957,-1.3302566981308643,False,False,HOLD,HOLD
vid2,19.633333333333333,1.3697544148984475,0.7739388094858864,-0.7552586056825463,0.7565504046025568,-0.2304110396505347,1.0657353362118596,1.1068940082769052,0.4186362566777303,-1.3628719811740513,False,False,HOLD,HOLD
vid2,19.666666666666668,1.0864807832988117,0.7273798684716536,-0.8074315088699875,0.7490283697647625,-0.2087598070360789,1.1069530245747692,0.8037585630362587,0.3697580258735277,-1.062960353481655,False,False,HOLD,HOLD
vid2,19.7,0.7846709129276305,0.6875467628338248,-0.737185471742847,0.7425613730999684,-0.1864068654829317,1.1326397684633795,0.435445875420814,0.3361496009729646,-0.7055586426646324,False,False,HOLD,HOLD
vid2,19.733333333333334,0.4560564766545392,0.6726946163671871,-0.4657328268529276,0.7365501021738958,-0.1233578378605575,1.132126231397089,0.146237601888731,0.3259585282229711,-0.3444314034128677,False,False,HOLD,HOLD
vid2,19.766666666666666,0.2846553919569128,0.6787932883896652,0.0593872233065071,0.7331165971411724,-0.0772592230287561,1.1281362086176467,-0.0885060283789559,0.323327909659368,-0.0602939791152551,False,False,HOLD,HOLD
vid2,19.8,0.108338301129081,0.6713637326278076,-0.3154130557605549,0.732062333441936,-0.0267425937315006,1.1301641507787616,-0.0544736705118715,0.3197127227331923,-0.0002976705112235,False,False,HOLD,HOLD
vid2,19.833333333333332,0.0821261404905142,0.6632643972891307,-0.3045239409674051,0.7324769386184891,0.0111851946071623,1.1265102344098217,-0.0721841053373288,0.3235995541194774,0.0820829372017381,False,False,HOLD,HOLD
vid2,19.866666666666667,0.0875255672017716,0.649564623258885,-0.1395439870006828,0.7328541206615118,-0.0113728861435864,1.118371472159034,-0.0779400257170614,0.3312906564108269,0.047143906941651,False,False,HOLD,HOLD
vid2,19.9,0.0923061945720301,0.6407831453460294,-0.1811722188666863,0.7326701894949984,-0.0082839444840493,1.1206350977973631,0.0876294889950269,0.3290117368996976,-0.0902800165599602,False,False,HOLD,HOLD
vid2,19.933333333333337,0.0852003360540598,0.6434883859848919,0.3199972397662393,0.7319027655289653,-0.0216927873596295,1.1279019013280092,0.0385823024010902,0.3213827862511452,-0.0716726844832266,False,False,HOLD,HOLD
vid2,19.966666666666665,0.0834032124111349,0.6638645983046276,0.1703486119566594,0.7305701895263148,-0.0236203746050394,1.1277738974687934,-0.0107011186639297,0.3191358565328036,-0.0325505212182442,False,False,HOLD,HOLD
vid2,20.0,0.0332532518753262,0.6660152000132052,-0.0498239749841482,0.7306088643580555,-0.008502245104862,1.1236463092405675,-0.0148100302268791,0.3227664312944227,-0.0022596991362596,False,False,HOLD,HOLD
vid2,20.03333333333333,0.0263104593478308,0.6638588981021833,-0.1765671048390236,0.729902956732342,-0.007352140434732,1.1219257222072403,0.0054219416415497,0.3230025295065747,-0.0176855304839229,False,False,HOLD,HOLD
vid2,20.066666666666663,0.1255858326356501,0.6353424903059021,-0.056794864924424,0.7302203444392258,-0.0092540376562542,1.127040912020011,0.121332870604255,0.3191495367905478,-0.1210825759375664,False,False,HOLD,HOLD
vid2,20.1,0.0501993510514248,0.648088203820687,0.580521554619323,0.7296956865427414,-0.0142534795604617,1.1328319158459117,-0.0053555675369388,0.3132236847646738,-0.0205932537477377,False,False,HOLD,HOLD
vid2,20.133333333333333,0.058084678893196,0.6883718616552003,0.3308121911129496,0.7290704495656609,-0.0154162894911128,1.128536980853256,-0.0214353301725798,0.3158241860802303,-0.0087733038097463,False,False,HOLD,HOLD
vid2,20.166666666666668,0.0388142401220298,0.6970271203156453,0.3844550002681323,0.7280283090973009,-0.0006272306364471,1.126928717045905,-0.0387520438279629,0.3153685340710912,0.0323338622693178,False,False,HOLD,HOLD
vid2,20.2,0.0641213886834146,0.6949070467163696,-0.0910775252753866,0.7288274687110081,0.0182317346512287,1.1240886349025492,-0.0059588308196342,0.3192333144649947,0.0373954588329855,False,False,HOLD,HOLD
vid2,20.233333333333334,0.0729585115864042,0.6802323593017021,0.0781730827716225,0.7299173166895441,0.0149511728976674,1.1297042701156257,0.0508113179373349,0.3163149552400919,-0.0174013333789752,False,False,HOLD,HOLD
vid2,20.266666666666666,0.0862790723319945,0.7049463155785618,0.4311990253381896,0.7305959071283177,0.0031279264450894,1.1288847283949297,-0.0855809667256264,0.3182226922739046,0.0793908449527068,False,False,HOLD,HOLD
vid2,20.3,0.0942051408073047,0.7070086299752437,0.3689317160069276,0.7297223106923895,-0.0096862681535743,1.125222247764944,-0.0878867672745801,0.3198380168523436,0.0587117790599662,False,False,HOLD,HOLD
vid2,20.333333333333332,0.2506643700198163,0.7333774495992325,0.6928601885982482,0.7282844853146123,0.0653868484953974,1.118825374693856,-0.1020027810925194,0.3228150027685389,0.2037024409463012,False,False,HOLD,HOLD
vid2,20.366666666666667,0.6056533929914866,0.7436492362799092,1.0744057511486844,0.7318753782964271,0.1480545249918284,1.1206468996912926,-0.31307801452538,0.3275954880131601,0.5321063968880716,False,False,HOLD,HOLD
vid2,20.4,0.8894997746771673,0.7884627722461495,2.139785391279832,0.7400459243973706,0.1840120007400964,1.1099850957341146,-0.6131824511639904,0.3512508845420907,0.854710741467085,False,False,HOLD,HOLD
vid2,20.433333333333337,1.2708071121226607,0.8936626445176696,2.056182549402632,0.7480918370647174,0.1487400927563545,1.0812452367786107,-1.1591623780946867,0.3902873706874405,1.2634999024284097,False,False,HOLD,HOLD
vid2,20.466666666666665,1.518983471664642,0.9785388458325152,1.5431765395412531,0.7496370252219597,0.1022724429533394,1.0273047858853523,-1.4761599274449138,0.4395721314238973,1.454868725158395,False,False,HOLD,RELEASE
vid2,20.5,1.603894185590211,0.993347465380486,1.1776044728539812,0.7515284136276741,0.1285427733533042,0.9752235709335082,-1.53943445136218,0.4878647966424694,1.5559490051267952,False,False,HOLD,RELEASE
vid2,20.53333333333333,1.782205843257976,0.9983537282646918,1.3586941036504376,0.7568581814984734,0.2075251303200572,0.9212988130956508,-1.6273130329139256,0.5438311389406669,1.7715132816584902,False,False,RELEASE,RELEASE
vid2,20.566666666666663,1.709377630576946,1.0829317311912547,2.282035083926142,0.7659642197602171,0.315051990976256,0.867498128320661,-1.3056847146973227,0.6063708299486877,1.6841650758502504,False,False,RELEASE,RELEASE
vid2,20.6,1.4931358690569068,1.1818496786703152,2.62744067290872,0.778357074678422,0.3324256762537838,0.8213005196054767,-0.9350681255980866,0.6681635326717051,1.3950536084172205,False,False,RELEASE,RELEASE
vid2,20.633333333333333,1.1390338660303676,1.26992493653353,1.9156855307207843,0.7913956224525971,0.2733891894312952,0.8039109563706053,-0.6171469410783993,0.7062368206364724,1.0162451914944255,False,False,RELEASE,RELEASE
vid2,20.666666666666668,0.8073299039277522,1.3131650673373547,1.739462912687182,0.7988025194243875,0.2037823410342376,0.7961613108748692,-0.3775567948717906,0.7260280540212686,0.6863378390367139,False,False,RELEASE,RELEASE
vid2,20.7,0.6901337943658441,1.3684103470852231,1.4615888832842814,0.801852402925638,0.1512220972648497,0.7800760432749877,-0.442562707858403,0.7453052358293717,0.6494568068848154,False,False,RELEASE,RELEASE
vid2,20.733333333333334,0.5589376544549056,1.4188765758393411,0.6997413171977095,0.8075345019675501,0.1123788429293274,0.761127441721273,-0.3969215641820948,0.7717100390373469,0.5413521622948839,False,False,RELEASE,RELEASE
vid2,20.766666666666666,0.3061235884242936,1.4519659532961722,-0.3193055768582403,0.8122254756846682,0.0844716490013683,0.7512878367238678,-0.0788180440209681,0.7885003177514676,0.2174557792336802,False,False,RELEASE,RELEASE
vid2,20.8,0.1691904716597368,1.3969948722622012,-1.9976614516519424,0.8125810793673134,0.0482493447258939,0.7538979304279183,0.0088354508978681,0.7868768583846592,0.0777305857310763,False,False,RELEASE,RELEASE
vid2,20.833333333333332,0.2122984824872375,1.2823104100003977,-1.669812468827046,0.8123437412278709,0.0589394408823926,0.7607459799360747,0.0497200009270244,0.78054704766197,0.0613580954388997,False,False,RELEASE,RELEASE
vid2,20.866666666666667,0.3164504583523714,1.2304315640154495,-0.8472002162754674,0.8168145961449161,0.0809325836246796,0.7631323650664832,-0.1407826996980367,0.7863967519489439,0.2646712048590179,False,False,RELEASE,RELEASE
vid2,20.9,0.4966059430551962,1.2438107767709352,-0.1218336061352084,0.8195057168724891,0.1084562590375414,0.7488525784500895,-0.319961412445491,0.8034811119338305,0.4679953897652635,False,False,RELEASE,RELEASE
vid2,20.933333333333337,0.2657507150608004,1.257920461901055,1.1129718145532543,0.8235628915691696,0.0605554271353818,0.7351676041628498,-0.1601778380299523,0.8224687647903166,0.2453611513756792,False,False,RELEASE,RELEASE
vid2,20.966666666666665,0.1135732168163542,1.2931474996018877,0.3218007290714305,0.8245816356213332,0.0287551226459365,0.7316691265387489,-0.0525304529237094,0.8272902048524724,0.0962037520532722,False,False,RELEASE,RELEASE
vid2,21.0,0.2310333545285197,1.2975343903054757,1.5299258511035316,0.8250947241710306,0.0537942455054305,0.737572448696266,0.1337557855300392,0.8231032500126105,-0.0202678963983946,False,False,RELEASE,RELEASE
vid2,21.03333333333333,0.1747917515782782,1.3781013792703851,1.7301320643841247,0.825350924903505,0.0491094232830176,0.746011983884813,0.0312726967776323,0.8162730653193189,0.0598885053480664,False,False,RELEASE,RELEASE
vid2,21.066666666666663,0.5232207393931692,1.4110736812051368,2.07022804250572,0.8291612289681589,0.1369280716392187,0.7428888510153856,-0.2093910220075138,0.8257089981168266,0.4229400161102523,False,False,RELEASE,RELEASE
vid2,21.1,0.4359959653762077,1.5445608577481995,2.3100862918121954,0.8362592303438994,0.0526615793905692,0.7336148935041664,-0.3950763133283739,0.8462692776894899,0.4341166415279301,False,False,RELEASE,RELEASE
vid2,21.133333333333333,0.3676511246044899,1.589092169950448,0.1271134926757936,0.8366607272529277,-0.0621954016688403,0.708352093611587,-0.2961963571924449,0.8687816390076247,0.1455939125870278,False,False,RELEASE,RELEASE
vid2,21.166666666666668,0.545499409897625,1.5941041786163297,-1.2011199970244255,0.8316143394570111,-0.1526845855673336,0.7035055368160373,-0.1081501851579881,0.8640369430502571,-0.1767723609107892,False,False,RELEASE,RELEASE
vid2,21.2,0.7179674476605971,1.4560145798475514,-1.7939322068788666,0.8217030916556972,-0.2048199128896999,0.7086632634854443,-0.0323423848483931,0.8420522347490592,-0.3344255741981635,False,False,RELEASE,RELEASE
vid2,21.233333333333334,0.4091546742980941,1.4066515951550258,-1.4723437633061682,0.8170076243568795,-0.1148058241785415,0.7126608485709667,-0.0760375043249226,0.8302957381442845,-0.1374764159192829,False,False,RELEASE,RELEASE
vid2,21.266666666666666,0.2206578046228606,1.401073658712113,-1.264448165149458,0.8137540282699919,-0.0537084530462435,0.6965111819987913,-0.1154000134072149,0.838477302952293,0.0045784218854989,False,False,RELEASE,RELEASE
vid2,21.3,0.0675061116455099,1.3408487098189907,0.2751322390634353,0.8137617938684307,-0.004099805487921,0.6955864288814784,0.0659618084126762,0.8392891134668762,-0.0641785881588335,False,False,RELEASE,RELEASE
vid2,21.333333333333332,0.0674484050383312,1.347458646522696,-0.2581038397713455,0.8148349093228048,0.0192263240265803,0.7076870050291376,0.0040489729651138,0.8307445736504193,0.0305180891844065,False,False,RELEASE,RELEASE
vid2,21.366666666666667,0.1130856746901558,1.3879369464284024,0.1277692691422021,0.8159229443223452,-0.0082581574294654,0.7055742411764733,0.1093256351137734,0.8344927059329632,-0.1089584256762641,False,False,RELEASE,RELEASE
vid2,21.4,0.3258410245185987,1.3913862159081267,0.4434984875505789,0.8156134986988263,-0.0925774250448333,0.7039783666994517,-0.0327823917227531,0.8353225383337988,-0.1354828515325207,False,False,RELEASE,RELEASE
vid2,21.433333333333337,0.6448966218106889,1.3423720772031345,-0.4536284348542637,0.8108938220999526,-0.1625934283860871,0.7080329252752651,-0.3028359571582413,0.8234740453881699,-0.0262855384744528,False,False,RELEASE,RELEASE
vid2,21.466666666666665,0.7270594328475655,1.3814231713654352,0.6850789569355756,0.8016451683548999,-0.1279369303391519,0.7008686740032156,-0.5726279192154149,0.8132955126213223,0.2678572866331719,False,False,RELEASE,RELEASE
vid2,21.5,0.9481719395087128,1.4097027966460058,0.6410764217234367,0.7994913403904779,-0.1560581876928969,0.6575263373579687,-0.774844791099893,0.8468902185733475,0.3926247965002473,False,False,RELEASE,RELEASE
vid2,21.53333333333333,0.9914588344954252,1.4126350757493795,0.3444121798393788,0.7968073082855097,-0.1914847890959295,0.6321957455178853,-0.730318083715776,0.8640026185291179,0.2915261660702762,False,False,RELEASE,RELEASE
vid2,21.566666666666663,1.12384928696359,1.4380758321979463,0.4126798686451911,0.7880795448976385,-0.2330986730234374,0.6205516705262002,-0.7724948747118212,0.8586117090448856,0.2543080333801831,False,False,RETRACT,RELEASE
vid2,21.6,1.2482252313343514,1.4490138808608355,-0.2427906853673217,0.7761121443521487,-0.3270464616279147,0.5870881836677998,-0.4964522224968212,0.8663201149520952,-0.1501186890376863,False,False,RETRACT,RELEASE
vid2,21.633333333333333,1.2391506291047942,1.4336801011999656,-0.8477406858573969,0.7680896816377659,-0.3165124453112233,0.5664285517059401,-0.5540977300561384,0.869957451341248,-0.081734701105951,False,False,RETRACT,RELEASE
vid2,21.666666666666668,1.4320208093916438,1.3768778964548916,-0.8036161968929731,0.7573054850787734,-0.3954501282338718,0.5589069318096967,-0.3647554778893698,0.8573708741360615,-0.3847842810455016,False,False,RETRACT,RELEASE
vid2,21.7,1.753455056632478,1.3483425476642168,-0.5960819126426045,0.7410294834557414,-0.4987208343530973,0.5538519671778993,-0.1569000144033305,0.8329402463709087,-0.7468574042402952,False,False,RETRACT,RETRACT
vid2,21.733333333333334,1.991510746925979,1.3522485030950906,-0.3259340070062875,0.7235834224414887,-0.5506532469043052,0.5374245790486913,-0.4978536815620892,0.8162542551375878,-0.5444816306275932,False,False,RETRACT,RETRACT
vid2,21.766666666666666,2.039553071542162,1.3521648827643358,-0.4801635766274106,0.7031450909015103,-0.567592239399568,0.5296267419496693,-0.4574299597947082,0.7868273731273464,-0.6093337630282569,False,False,RETRACT,RETRACT
vid2,21.8,2.0704468261460756,1.306535818924746,-0.5581614346168348,0.6842524758620874,-0.5505061813351254,0.5116133359830819,-0.7553006902371759,0.7689511020422485,-0.3220416848266286,False,False,RETRACT,RETRACT
vid2,21.833333333333332,2.2372961970478693,1.2923466817754707,-0.1415722298977107,0.6671664867586592,-0.575280002794094,0.4742637470249482,-0.9732516602944732,0.7709582013314217,-0.1777736703022443,False,False,RETRACT,RETRACT
vid2,21.866666666666667,2.3963799270771227,1.3013485901697337,0.3327069241289149,0.6484271514229508,-0.6201806331386874,0.4437928845438313,-1.0129866057668642,0.7641040209192224,-0.2229135752355294,False,False,RETRACT,RETRACT
vid2,21.9,2.741503458245058,1.334380672252524,0.2025506408408784,0.6257647509032047,-0.7045648790777834,0.4073141472443128,-1.1952145361417308,0.755494593637639,-0.2149290053475122,False,False,RETRACT,RETRACT
vid2,21.933333333333337,2.944815396629034,1.3295481520313572,-0.3946386690397404,0.6004123423380924,-0.7653601656511189,0.3673929802700755,-1.220160635954136,0.7450972546572852,-0.3009503578770917,False,False,RETRACT,RETRACT
vid2,21.966666666666665,3.098799269633148,1.2972686971464495,-0.2898935261060952,0.5744465963878291,-0.7885068632111276,0.3220968892723559,-1.4065429857966951,0.7382535111722606,-0.1810479621415625,False,False,RETRACT,RETRACT
vid2,22.0,3.1873900166259728,1.275429058613066,0.1949220812642209,0.5472585526760347,-0.8112099543843895,0.274078114696949,-1.445649167426946,0.731597165040058,-0.1874618581943739,False,False,RETRACT,RETRACT
vid2,22.03333333333333,3.1834104414148365,1.316074568561132,0.5314485548266972,0.5200792761988235,-0.8115552917819762,0.2253433715117586,-1.4344603338926103,0.7255742178992038,-0.1977288727802784,False,False,RETRACT,RETRACT
vid2,22.066666666666663,3.1427682952755545,1.3535663166296272,0.1259402230265116,0.4928756704764988,-0.8013216255727952,0.1740468588125694,-1.415262967909733,0.7217190680628542,-0.1961925187444141,False,False,RETRACT,RETRACT
vid2,22.1,3.091947464030221,1.33089603101548,-0.5038328474582322,0.4663734661286683,-0.7919127815905038,0.132137414470763,-1.3674569222103032,0.7110035851842362,-0.220804944671173,False,False,RETRACT,RETRACT
vid2,22.133333333333333,3.1240176877166435,1.2928944738645805,-1.1121282414817752,0.4404412487297707,-0.7865702553241534,0.0877120067940683,-1.4740072921703231,0.7034677456207481,-0.1193995134540316,False,False,RETRACT,RETRACT
vid2,22.166666666666668,3.128633301741799,1.2574446484909096,-1.1036445292189905,0.4138826076083888,-0.7585464316861241,0.0368178423355324,-1.6530364026362152,0.7004063415797865,0.0846803520162725,False,False,RETRACT,RETRACT
vid2,22.2,3.1581177140430445,1.2220892977391686,-1.0837200541068523,0.3890025057494777,-0.7494450952693614,-0.0249028168567885,-1.7567559988536603,0.7096577552324534,0.190292329502611,False,False,RETRACT,RETRACT
vid2,22.233333333333334,3.276877490859748,1.177931630846751,-1.3478568242702216,0.3655852497267123,-0.7950472478911141,-0.0857635638224073,-1.7282152151892072,0.720754907458473,0.0849886413516084,False,False,RETRACT,RETRACT
vid2,22.266666666666666,3.3873991624338764,1.1327674422105878,-0.8431096457556276,0.3385604238700226,-0.8525947368035072,-0.1425083472790458,-1.600175838656486,0.7219179501822356,-0.1273154376176478,False,False,RETRACT,RETRACT
vid2,22.3,3.5307639706434,1.1033963719033266,-0.3318853031311284,0.3071488909562794,-0.918047603226438,-0.1916370892406914,-1.4598717250288185,0.7087479395647549,-0.3641891656739379,False,False,RETRACT,RETRACT
vid2,22.333333333333332,3.3710884130394194,1.1069432907186931,0.25608477300594,0.2748509886792522,-0.8984257325398033,-0.2412856395750268,-1.2108838678221687,0.6944584946245049,-0.5443564544552124,False,False,RETRACT,RETRACT
vid2,22.366666666666667,3.0001177142437188,1.1459145689605323,0.264113583113245,0.2462944982749923,-0.8311215478012622,-0.2800965983126903,-0.7281124078764877,0.6774348400308198,-0.8419291506722085,False,False,RETRACT,RETRACT
vid2,22.4,2.8528592265037105,1.1467871820825797,-0.44634887532399,0.2199754447384684,-0.8043087353123559,-0.2919871398060901,-0.4538376495441736,0.6411366965977174,-1.0311981684090024,False,False,RETRACT,RETRACT
vid2,22.433333333333337,2.948464425107718,1.1059813921159871,-0.5080150811217169,0.1951296086753554,-0.8405852414639211,-0.2970725509651742,-0.1699498269358184,0.6015718469750855,-1.3403717673775488,False,False,RETRACT,RETRACT
vid2,22.466666666666665,3.1028853536580385,1.0810979306641104,-0.5541646651626669,0.1652744603129146,-0.8850228029933742,-0.301388985789693,-0.1517191743140092,0.5524816191848049,-1.434717467664964,False,False,RETRACT,RETRACT
vid2,22.5,3.174758433389535,1.0809183343294575,-0.2960596475947169,0.1338815210336061,-0.906078111925804,-0.3118058049129598,-0.1084548354145087,0.5059356596236171,-1.509303070806759,False,False,RETRACT,RETRACT
vid2,22.53333333333333,3.124518458268573,1.0763745095455606,-0.1041223753437489,0.1033820749985139,-0.8922549459509684,-0.3061721575571049,-0.0109078568932527,0.4471185973618724,-1.5690333306189337,False,False,RETRACT,RETRACT
vid2,22.566666666666663,2.895538804117196,1.0603392137201173,-0.4425321904139742,0.0749618584366655,-0.824992385847366,-0.3075387979419009,-0.1950873983453977,0.3980211339286942,-1.2910931499461369,False,False,RETRACT,RETRACT
vid2,22.6,2.4978652636313896,1.0524383073955228,-0.2637866303587103,0.0464185321889332,-0.7132673889165104,-0.3199674241802726,0.0268844935658824,0.3582525059901557,-1.2850099659059695,False,False,RETRACT,RETRACT
vid2,22.633333333333333,2.131423500305728,1.039872621642676,0.0277081757649553,0.0254725757978135,-0.6086179158383854,-0.3186170243722351,0.0264858187743586,0.3200325729200273,-1.0995353643927446,False,False,RETRACT,RETRACT
vid2,22.666666666666668,1.745428651436441,1.0378835263893624,0.360734955025861,0.0081287648662266,-0.484178196365665,-0.3138567447135656,0.4145060281628103,0.2852422625206635,-1.2142607926822508,False,False,RETRACT,RETRACT
vid2,22.7,1.627188975201477,1.070679802530548,0.7729146035693578,-0.0055797650608539,-0.4355693105777538,-0.2885380559584306,0.5668100714703254,0.2391408120883327,-1.2597092323745864,False,False,RETRACT,RETRACT
vid2,22.733333333333334,1.578396278003403,1.1095704382118363,0.4329420046249259,-0.0212514215083877,-0.3834292739543125,-0.2797868873226619,0.829765085819325,0.2038644489590181,-1.3944039584069747,False,False,RETRACT,RETRACT
vid2,22.766666666666666,1.784488027046327,1.1131894363677703,-0.1143698614787304,-0.031717958615423,-0.2983941266773899,-0.2397096845240173,1.4465635774288932,0.1507614878157003,-1.776276524792772,False,False,RETRACT,RETRACT
vid2,22.8,1.6196574523341174,1.0966104424508836,-0.8719392690647946,-0.039924013353384,-0.3459101886133415,-0.1773308400736572,1.0751843954119484,0.0824108639084083,-1.5398304145598192,False,False,RETRACT,RETRACT
vid2,22.833333333333332,1.2181574285987629,1.039786639093936,-0.5608782508455513,-0.052288872951728,-0.249510323928676,-0.1340323303599744,0.8488190132778205,0.0231696427488716,-1.1739379027844512,False,False,RETRACT,RETRACT
vid2,22.866666666666667,0.8844675616712261,1.0325592898235851,-0.1150453535275154,-0.0614852368042406,-0.2319971914651686,-0.1312713225632061,0.3496799221049239,0.0045179989753402,-0.7121933582108854,False,False,RETRACT,RETRACT
vid2,22.9,0.4882920364282306,1.038477447455345,0.4597508488098203,-0.0680079851533296,-0.1321825507990303,-0.1354910397411415,0.1554798535455751,-0.0033794280426936,-0.3680189659900888,False,False,RETRACT,REST
vid2,22.933333333333337,0.5394652345428087,1.081678344022019,0.9065745883037312,-0.0682799824192441,0.0395746997328302,-0.1137133515573395,0.5213612626745644,-0.0226550053770277,-0.3799310960478171,False,False,RETRACT,REST
vid2,22.966666666666665,0.3490719612015441,1.0997814826839056,0.4134440516295827,-0.0674901055605696,0.0326882816155288,-0.0972880573843521,0.3297701357659229,-0.035432891713535,-0.2267681568259432,False,False,REST,REST
vid2,23.0,0.0659949351029021,1.123563762969306,0.2291266024727564,-0.0611789585398071,0.0187114822936011,-0.0855466763900327,0.007870909020249,-0.0344010826413486,0.0263089309903692,False,False,REST,REST
vid2,23.03333333333333,0.0033336334660659,1.1102699169215222,-0.0655589855904493,-0.063680988943011,-0.0008646957765069,-0.0948380819422695,-0.0013944075364424,-0.0308087172149409,-0.0003263032779542,False,False,REST,REST
vid2,23.066666666666663,0.075394394420628,1.104323698333026,-0.1689202435554256,-0.0671707213624999,-0.017215978966314,-0.1036316428562581,0.0452747184759657,-0.0293932954671092,-0.0695286032339121,False,False,REST,REST
vid2,23.1,0.3324695225827253,1.1006603503643846,0.0677619903300336,-0.0656346007429595,0.0482201505216203,-0.0941239475981218,0.2863968727939757,-0.0348810677427868,-0.1618598131071937,False,False,REST,REST
vid2,23.133333333333333,0.3989019822182478,1.1091089676510348,0.1706412047835279,-0.0605513529412644,0.0975971436446147,-0.069004028911763,0.20571566451609,-0.0475673128302899,-0.0048804331557706,False,False,REST,REST
vid2,23.166666666666668,0.1570394122271856,1.115980028636915,-0.1107648038348586,-0.0586722289977626,0.0133457832016033,-0.0724633772956683,-0.1499242613158301,-0.0412575835055084,0.1529957981630935,False,False,REST,REST
vid2,23.2,0.1746271385681782,1.1103088284038545,0.0087279721461198,-0.0592527382010001,0.0185883621251588,-0.0883422178828981,-0.1620418823602217,-0.0285809103719673,0.172727850610388,False,False,REST,REST
vid2,23.233333333333334,0.2537756425317445,1.103537832728887,-0.2213713962062634,-0.058728840156381,-0.0367067796031735,-0.0950614033360766,-0.2188140426472739,-0.021855370966964,0.1239028121679204,False,False,REST,REST
vid2,23.266666666666666,0.0946149058318287,1.0954391493860376,-0.0573633607893059,-0.0613634737086866,-0.0268772329371193,-0.0949704914915374,0.0096770782551275,-0.0265946372600958,-0.0558987008236987,False,False,REST,REST
vid2,23.3,0.0819108364983894,1.1029506428458675,0.0942811084234308,-0.0609206444011532,-0.0232415298610516,-0.0935596426104877,0.0092469515670598,-0.0270288275045454,-0.0490957423808101,False,False,REST,REST
vid2,23.333333333333332,0.1441778883339788,1.0990935602955023,-0.0365277542599381,-0.0639880991490032,-0.0024975050318214,-0.1000259852733133,0.1439123867516276,-0.0268747904311099,-0.1286162931740225,False,False,REST,REST
vid2,23.366666666666667,0.1484144020527101,1.1085284755525422,-0.0971828290785033,-0.0605234471310706,0.0049902038208089,-0.0819880958465077,0.14738205297972,-0.0363125443606555,-0.1183644964392715,False,False,REST,REST
vid2,23.4,0.0425600018415939,1.0908871912386275,-0.0378212037189754,-0.0623692421289558,-0.0037787147715441,-0.0808720969199393,0.0404507081064563,-0.0405409750066222,-0.0415941835551431,False,False,REST,REST
vid2,23.433333333333337,0.1587886180313983,1.0954949383557695,-0.1332574071532193,-0.0613970053608805,0.0030997437780986,-0.0785396215201624,-0.1584171739407529,-0.0408339894718203,0.1421994868273431,False,False,REST,REST
vid2,23.466666666666665,0.2307696775829573,1.087580187351225,0.1625565629118815,-0.0629960806453941,-0.0254221788205795,-0.0981205794640661,-0.212907199395462,-0.0267642438928049,0.1387682024568028,False,False,REST,REST
vid2,23.5,0.2340204823747536,1.1037612500987148,0.2904498764754699,-0.0625471872730314,0.0593725945658552,-0.0996827571708752,0.1074178446165795,-0.0246219497707636,0.0123304537917021,False,False,REST,REST
vid2,23.53333333333333,0.1380929735438328,1.1069323609129067,0.1752621493059236,-0.060609423315032,0.0266781047813665,-0.0924807906657709,0.1016961546721345,-0.0274093225255349,-0.0405699699263213,False,False,REST,REST
vid2,23.566666666666663,0.311836950425554,1.1255014019721572,0.3526363615793326,-0.0584172961016058,0.0462560078930054,-0.0805622798447125,0.2664675893193229,-0.0338171459118938,-0.1481352822681834,False,False,REST,REST
vid2,23.6,0.0721414557742357,1.1269963154591416,-0.1170937144171809,-0.0566210380076507,0.0083133401085087,-0.0740989043027415,-0.0660068227608436,-0.0362174375052242,0.0716714051972529,False,False,REST,REST
vid2,23.633333333333333,0.2578274882967277,1.1233326447541916,-0.1317394563059773,-0.0588172225095628,-0.057980456147126,-0.0845275670488923,-0.1589068420736463,-0.0311025479901648,0.0345679207530685,False,False,REST,REST
vid2,23.666666666666668,0.0272422078794768,1.111769958567662,-0.2179309097807088,-0.0608984049496139,0.0077591681829359,-0.0911761378296919,0.0019675256196678,-0.0290464772168957,0.0120283877852345,False,False,REST,REST
vid2,23.7,0.235767263184111,1.101739035902055,-0.2429703279959035,-0.0601305487085596,-0.0408863674387923,-0.0896776920261034,-0.1873148568276118,-0.0289812745212781,0.089324731031117,False,False,REST,REST
vid2,23.733333333333334,0.1461317979663249,1.099052638887675,0.0951464249463202,-0.0609172279640003,-0.0131123008395226,-0.0921875732065,0.138730536465844,-0.0282068955834076,-0.1429224398821703,False,False,REST,REST
vid2,23.766666666666666,0.1098315768438649,1.1047130676168586,0.0122462467377263,-0.0612066192879551,-0.027204909974729,-0.0880946393643228,-0.054656464672626,-0.0322510941499212,-0.0009577792867191,False,False,REST,REST
vid2,23.8,0.0989077492938939,1.104971305487772,0.2060122650178854,-0.0650251446110651,-0.0278930693472194,-0.0943698368636214,-0.0155610157683623,-0.0335907017890673,-0.0359149997518333,False,False,REST,REST
vid2,23.833333333333332,0.3957721014884645,1.118258527169474,0.1534827663103385,-0.0631210911718965,0.0758187852492226,-0.0874898479506977,0.2935031158599074,-0.0361598398358046,-0.1191691163100042,False,False,REST,REST
vid2,23.866666666666667,0.1462351394978321,1.1214495869911991,-0.3067049892410341,-0.059199394296629,-0.0037347651414377,-0.0800024529597602,-0.145649137819699,-0.0356838567876145,0.1190899088688774,False,False,REST,REST
vid2,23.9,0.0966736723921238,1.1049565456065769,-0.1390647797720755,-0.0590470717292314,-0.0247362350168844,-0.0805629684298173,0.0429247714757377,-0.0349306585768966,-0.080804308497451,False,False,REST,REST
vid2,23.933333333333337,0.1156758315534032,1.087042358626705,-0.1657396229213837,-0.0636198329024455,-0.0299028989548897,-0.0894750051929558,-0.0491515493783363,-0.0353289268404269,-0.0104814730207353,False,False,REST,REST
vid2,23.966666666666665,0.0941950050774092,1.0917835650551737,0.226205373756459,-0.0661723538120818,0.0177622959530048,-0.095613620799411,0.070737934615342,-0.0345467764225857,-0.0296252088596643,False,False,REST,REST
vid2,24.0,0.2892204191971258,1.1193413948683408,0.3247039365231547,-0.059391342881979,0.0692105220158137,-0.0701350193358556,0.1578269949690269,-0.0445391347490538,-0.0137694101814551,False,False,REST,REST
vid2,24.03333333333333,0.1685505178397585,1.117298299739552,0.0623634277001582,-0.0572066564370266,0.0057935164902876,-0.0765193843085709,-0.1673250864453499,-0.0351645254224541,0.1546525481417563,False,False,REST,REST
vid2,24.066666666666663,0.2145560264832836,1.1210308345826725,-0.112205228492001,-0.0601705725815478,-0.0389285237720907,-0.0886958401749824,-0.1656839148883299,-0.029899428531672,0.0741205058369678,False,False,REST,REST
vid2,24.1,0.3423627598908374,1.107033379785721,-0.149435205804301,-0.0628723767610968,-0.0675297302838487,-0.0978013516118941,-0.2475712179065458,-0.0268209024443632,0.0941931348679791,False,False,REST,REST
vid2,24.133333333333333,0.0872002932847536,1.1047479582501676,0.0719920845950571,-0.064063724571053,-0.0113834156542628,-0.0977616371303282,-0.0775556288480028,-0.0289627347911734,0.0467935406786433,False,False,REST,REST
vid2,24.166666666666668,0.1214578634774557,1.1096604862662731,0.0345321119214473,-0.0639658855162331,0.0196966093729639,-0.102108819994988,-0.0999732651510058,-0.025037982601096,0.1211224570935938,False,False,REST,REST
vid2,24.2,0.0802810483960585,1.1194237041301074,0.081098403859366,-0.0627239993968994,0.0001027015921165,-0.1091663298592751,-0.0802802428387009,-0.0167503057927569,0.0694644729501205,False,False,REST,REST
vid2,24.233333333333334,0.1680560132765593,1.1127594054282164,0.0430062264041776,-0.0622105491239029,0.0408026781164581,-0.1069384270313951,0.0884720868486394,-0.0177646908651845,-0.0041703156427214,False,False,REST,REST
vid2,24.266666666666666,0.070978213119884,1.1153339796188944,-0.1517647759018162,-0.0615070389319821,0.0135577728341048,-0.1021487324277361,0.0527624566450744,-0.020653705987906,-0.0215501884764876,False,False,REST,REST
vid2,24.3,0.1145328309257321,1.1129012734486732,-0.1572103953432174,-0.0603742117499932,-0.0278503155836966,-0.0977419440554387,-0.0600532800204761,-0.0224527837336285,0.0025579782666222,False,False,REST,REST
vid2,24.333333333333332,0.0793261519844374,1.0979974800865329,0.09695482594165,-0.0621136472117927,0.0215376668878929,-0.1070737307766725,0.024583884532536,-0.0174764974619633,0.0168851100856044,False,False,REST,REST
vid2,24.366666666666667,0.1463499884615972,1.1046849928280889,0.0188814324517563,-0.0621612530775555,-0.0404588076536901,-0.105657471586484,-0.0366805811854819,-0.0187829630382398,-0.0399180340371881,False,False,REST,REST
vid2,24.4,0.079285642944274,1.1211212364409302,0.0303214488498521,-0.0626560290359418,-0.0217717330103902,-0.1027931448036678,0.0217631074503451,-0.0221301957992408,-0.0572971816656143,False,False,REST,REST
vid2,24.433333333333337,0.0839535189334936,1.1130672416639853,-0.0476389690733421,-0.062651582291317,-0.0239532238726458,-0.0992949377804303,-0.0035263270717493,-0.0251413228359369,-0.039331278497525,False,False,REST,REST
vid2,24.466666666666665,0.1047498110601893,1.0975110213997996,-0.2994900301306416,-0.0672964918496273,-0.022598299588696,-0.1101615154463029,-0.0686309983475199,-0.0239804338148947,0.0192517479619071,False,False,REST,REST
vid2,24.5,0.0566312720738969,1.0967580792903076,0.0157315584269598,-0.0639527385797246,0.0150639256098579,-0.1047072234132511,0.0206020978892358,-0.0227722724300196,0.0088690423757304,False,False,REST,REST
vid2,24.53333333333333,0.1920054197650882,1.0999127140702238,0.2003559868523811,-0.0646564637492636,0.0437284089834258,-0.1066327791900175,0.1158353893766499,-0.0223554229132737,-0.0226093905953697,False,False,REST,REST
vid2,24.566666666666663,0.0660100540130459,1.109608179318472,-0.1016765855659387,-0.0612232227189166,0.0014497529933403,-0.0957035394219387,-0.0658145415040344,-0.0257138967880243,0.0593634098490838,False,False,REST,REST
vid2,24.6,0.4009692948387566,1.1025375247432665,0.2894517787096725,-0.0624310502042937,-0.0996666387273926,-0.1040693425983838,-0.1973992753611732,-0.0206308225384587,-0.005957755923211,False,False,REST,REST
vid2,24.633333333333333,0.3462873686678356,1.1136145888515696,0.0955081427693238,-0.0670830597779066,-0.0893685678246585,-0.1141541060645327,-0.1482452054679407,-0.0201572086223559,-0.0301604522933026,False,False,REST,REST
vid2,24.666666666666668,0.1827592854626911,1.1164250884631457,0.1191064468195907,-0.0746978598962805,-0.0521892604080727,-0.1272595770991162,-0.0010245848504314,-0.0223180244116462,-0.0914413769917688,False,False,REST,REST
vid2,24.7,0.0481193444543477,1.1353549147008366,-0.0112139102522282,-0.0710483442942497,0.0018016156179357,-0.1071890084178903,0.0477039735812676,-0.0331829706939465,-0.0379819321946882,False,False,REST,REST
vid2,24.733333333333334,0.1434649063785773,1.1082794084061085,-0.4401815777869894,-0.0687713529668682,0.0362658390403198,-0.1096066259033469,-0.0667402192899396,-0.027068418537068,0.1217538074264336,False,False,REST,REST
vid2,24.766666666666666,0.1073361838046622,1.0990414183813,-0.1381334231531487,-0.0699634100915825,0.0300808169498336,-0.1211678817681406,0.0206195132673837,-0.0191997326365485,0.035419700312172,False,False,REST,REST
vid2,24.8,0.2495828366296808,1.0878790674240288,0.0583357893544739,-0.0706194310469954,0.0617626953643232,-0.1235334589476065,0.1245562529215601,-0.0183187481860915,0.0017680237472802,False,False,REST,REST
vid2,24.833333333333332,0.4080238340190675,1.1114040984559457,0.0916437635027042,-0.0635418110681607,0.0999958916945914,-0.0989261835034191,0.209445481996243,-0.0270344246256287,-0.0038557950743477,False,False,REST,REST
vid2,24.866666666666667,0.2372292824039706,1.1075925797978394,0.2001766121600462,-0.0609577926099141,0.062324411795337,-0.0978726629298293,0.0929821194882033,-0.0233723577124539,0.0300105766545138,False,False,REST,REST
vid2,24.9,0.1329775250879149,1.110914756846424,0.1703910634177476,-0.0596823308175333,-0.0249218965231256,-0.1034736416691879,-0.1003329598654177,-0.0162822871270912,0.0425003436345866,False,False,REST,REST
vid2,24.933333333333337,0.1608340013320427,1.1173822774794122,0.0760399063572456,-0.0634434702363372,-0.0456941133562461,-0.1090449382125957,-0.0162429029475259,-0.0181278507741788,-0.0668175264132388,False,False,REST,REST
vid2,24.966666666666665,0.1061554406922222,1.133841785125221,0.0654941842292848,-0.0646391116981137,-0.0108890172144136,-0.1014845128986494,0.0990706374917977,-0.0267677402124836,-0.1047623751241222,False,False,REST,REST
vid2,25.0,0.0353115533485562,1.1155543611942005,-0.1855135063841298,-0.0652024665637604,0.0061131318253439,-0.1019837614764201,0.0280828656069138,-0.0273334878773629,-0.0134213827550694,False,False,REST,REST
vid2,25.03333333333333,0.1825053002101713,1.1110289499092787,-0.1811681973101775,-0.06230670610613,0.0501646811794316,-0.0975813462402762,0.0494912238329452,-0.0260100678715517,0.0460325113794069,False,False,REST,REST
vid2,25.066666666666663,0.2243026005466074,1.1082887313346736,-0.1549816988346342,-0.0606044048011059,-0.042930926625675,-0.0976237727038751,-0.166465831968088,-0.022961990867132,0.0677148437300213,False,False,REST,REST
vid2,25.1,0.1106592132649571,1.1024171013962132,-6.988374812887086e-05,-0.0646861034189071,-0.0097583765408344,-0.1074773840926992,-0.1052508580056347,-0.0216789531740754,0.0735696287941354,False,False,REST,REST
vid2,25.133333333333333,0.1365058042964503,1.0996715950586002,-0.0044601171294858,-0.064860661646289,-0.0284106024255766,-0.1127637662396349,-0.09346612519058,-0.0174255464486363,0.030402476830389,False,False,REST,REST
vid2,25.166666666666668,0.0433384838786848,1.1044192143050753,0.3072861875043355,-0.0655963533537595,-0.0115839675336895,-0.1143098625161592,0.015255331896935,-0.0173927254408629,-0.0336581907663472,False,False,REST,REST
vid2,25.2,0.165652168683465,1.1234627471454324,0.2263178582289908,-0.0635546869603863,0.0349466354521149,-0.1061332925368405,0.1116454845817631,-0.0208373833996013,-0.0345288829693592,False,False,REST,REST
vid2,25.233333333333334,0.0469170383520654,1.12544165076602,0.1843804650783397,-0.0658201868208871,0.0039367500880939,-0.107655918234716,0.0448459866627985,-0.0235311305922485,-0.0317382884698672,False,False,REST,REST
vid2,25.266666666666666,0.0516134832011813,1.135675742855137,-0.0024810311329251,-0.0620263374085812,0.0052841415817758,-0.101594857755999,-0.0481824983124237,-0.0220503732123644,0.0509299898247298,False,False,REST,REST
vid2,25.3,0.2434018626770478,1.1237012220274452,-0.1443116340817999,-0.0628686510966983,-0.0496160661389975,-0.1071050111111532,-0.1704609447438422,-0.0187851446049554,0.0593363017920055,False,False,REST,REST
vid2,25.333333333333332,0.1125525686063905,1.1254941992296028,-0.1613883507046428,-0.0673142129138147,-0.0278573642989377,-0.1182801425937887,-0.0561417193482383,-0.0170053131672422,-0.000830213888788,False,False,REST,REST
vid2,25.366666666666667,0.0687911874218845,1.108731799156336,-0.1315802793206618,-0.0684782539730827,-0.0042470057408512,-0.1206740262730189,0.0671643211497048,-0.0169986147352318,-0.0654767758685478,False,False,REST,REST
vid2,25.4,0.2770561376705153,1.1128732950158573,0.104480539435078,-0.0654216949210287,0.0554162997496254,-0.1073943895470658,0.1977423503355966,-0.0230518793267256,-0.0726195489355312,False,False,REST,REST
vid2,25.433333333333337,0.1043040886669673,1.1165309231091511,0.1147113779480499,-0.0622660981575463,0.0273686065887792,-0.0971721554847757,0.0411600380596283,-0.0262913666355262,0.0128949413777146,False,False,REST,REST
vid2,25.466666666666665,0.2052139165217937,1.1286156410460058,0.194498869849456,-0.0637352630000435,-0.0335824812358873,-0.1046288608646121,-0.1681760572105128,-0.0224551742407825,0.0857286902824858,False,False,REST,REST
vid2,25.5,0.1717618283257921,1.1297487731096088,-0.0446412296199872,-0.0653426552542446,-0.0318459770875826,-0.1161285449186288,-0.1306361316715743,-0.0153743756922291,0.0564032647121132,False,False,REST,REST
vid2,25.53333333333333,0.0883572842956381,1.1256356975900377,-0.0780326138513237,-0.0673306858962084,-0.022317642101167,-0.1188793665489591,-0.0412223619924898,-0.0165173174779065,-0.0039057275369047,False,False,REST,REST
vid2,25.566666666666663,0.0780904371061784,1.1219116399560642,-0.1741654801272579,-0.0663505742803276,-0.0196765068061677,-0.1137008137718327,0.0367486513686778,-0.019252598971099,-0.0665233135704488,False,False,REST,REST
vid2,25.6,0.0644416325430979,1.1122517067997046,-0.0921354630475591,-0.067366352643149,-0.0095206519820972,-0.1113544423607467,-0.0551471340338988,-0.023074511435641,0.0307500766425016,False,False,REST,REST
vid2,25.633333333333333,0.0965593221066291,1.112984156933744,0.018994011275412,-0.0681095119136192,-0.0120791021812696,-0.1193166902218872,-0.0868016700377577,-0.0175176871041298,0.0535422754984214,False,False,REST,REST
vid2,25.666666666666668,0.0796613394252824,1.1139884070044273,0.0630180279482774,-0.0690082092075603,0.0203342938793813,-0.1222967914164105,-0.0357147224026851,-0.0165356687242538,0.0667946814569427,False,False,REST,REST
vid2,25.7,0.1244766090166046,1.1217361608201748,0.1168275026376738,-0.0661114556538544,0.0352095046027235,-0.1212177901413755,0.0170983554870001,-0.0123423467678103,0.0475314246640918,False,False,REST,REST
vid2,25.733333333333334,0.1013335009654291,1.1241433857314402,-0.1462139841731984,-0.0656683083721875,0.0284748589253338,-0.1167481459113138,0.0180481946038953,-0.0154157506527304,0.0347977523554966,False,False,REST,REST
vid2,25.766666666666666,0.0215055868991219,1.112829624889036,-0.0343623335442916,-0.0640534303560027,0.0060140012110341,-0.1205385790373224,0.0043558643374524,-0.0092877565669103,0.0068799294060497,False,False,REST,REST
vid2,25.8,0.0918277141586244,1.1092623662197547,0.0808483506272771,-0.0654819707756303,-0.0129503123740306,-0.1182984961656228,-0.0798483517413253,-0.0137481390345568,0.0460002628613595,False,False,REST,REST
vid2,25.833333333333332,0.1778741473821133,1.1192988032304936,0.1184407872808985,-0.065484049707279,0.0105277896585805,-0.1213798148679549,-0.1740117630300403,-0.011092602705255,0.1687984118229036,False,False,REST,REST
vid2,25.866666666666667,0.2938288849767684,1.1308967578799007,0.2415111603308465,-0.0658086676556973,0.0242040282406623,-0.1287247699319694,-0.2813388470573478,-0.0053280871896967,0.2856169412046629,False,False,REST,REST
vid2,25.9,0.4707469446048279,1.13185365745851,-0.0939211493331549,-0.0637261575627466,0.0871836322618805,-0.144994716206935,-0.3583221330076356,0.012397138939974,0.4634687204694087,False,False,REST,REST
vid2,25.933333333333337,0.5751184615584227,1.1354367593306172,-0.8858339727025434,-0.0608026452818487,0.1518731504629661,-0.1554172975994233,-0.218903051837595,0.0265637988567545,0.4575876564930748,False,False,REST,REST
vid2,25.966666666666665,0.7496002107175244,1.091222324714573,-1.4214984376496271,-0.0539704372521652,0.2066578530305948,-0.1603480013210021,-0.1954363995190755,0.0429055969119406,0.5342527434654494,False,False,REST,REST
vid2,26.0,1.2868800051273404,1.0123144263651689,-1.6000555015074656,-0.0471966293835008,0.367483542295282,-0.1665092650412947,0.0081337265156791,0.0602060696128193,0.6430786294674562,False,False,REST,REST
vid2,26.03333333333333,2.081735401989452,0.9522537308959954,-1.0235180476881622,-0.0338586773184902,0.5943701324043653,-0.161634647626399,-0.0392140390603869,0.0795947716106778,1.085314872932282,False,False,REST,REACH
vid2,26.066666666666663,2.9770516189587246,0.9410698105420764,0.5083740549903927,-0.0094869882131327,0.838637938461398,-0.1574221307097228,-0.4882366471484625,0.1190741477282289,1.9049495072879827,False,False,REACH,REACH
vid2,26.1,3.887435634290117,0.986766865446266,1.0602807506047287,0.0258882613926247,1.0759791408560182,-0.1790408461767954,-0.9567387327206476,0.2003120691739414,2.7291416244600692,False,False,REACH,REACH
vid2,26.133333333333333,4.342542723064392,1.0489453579818102,0.8557677023615148,0.0641186544956428,1.1829824755984264,-0.235749136789849,-1.3026111758186862,0.3168836065341832,3.216928235524383,False,False,REACH,REACH
vid2,26.166666666666668,4.540295159771045,1.071824453772558,0.3427479021057587,0.1054461408373029,1.2617918896397025,-0.2867755556903325,-1.0443879609456928,0.4340305465067968,3.1334966693210555,False,False,REACH,REACH
vid2,26.2,4.646775911183204,1.0475612136509906,-0.4783229398108403,0.1493379605203324,1.3137413533395987,-0.3070304720255083,-0.6544347320775588,0.529157763401227,2.8888638653817376,False,False,REACH,REACH
vid2,26.233333333333334,4.747171422373275,1.0254466203917885,-0.2674013830773869,0.1934478837458492,1.3492209405978728,-0.3195191230941066,-0.4613172267636348,0.6179684394418318,2.784966496218394,False,False,REACH,REACH
vid2,26.266666666666666,4.807628721079296,1.0227644649735577,0.1910083937284071,0.2391862724314872,1.370808923634694,-0.3359962450139794,-0.2653506219704699,0.7131020553592409,2.6540353266498427,False,False,REACH,REACH
vid2,26.3,4.753694988918899,1.0298469491153048,0.7990309391771079,0.28572905493101,1.3574996448621526,-0.347323707074092,0.0032882445524147,0.805214470476262,2.398652014316608,False,False,REACH,REACH
vid2,26.333333333333332,4.701572390271289,1.080175921761273,1.2501809889611069,0.3309687770844887,1.3370600714588503,-0.3375366411014054,0.4272575533454137,0.876799617237891,1.996602839669333,False,False,REACH,REACH
vid2,26.366666666666667,4.664191659725216,1.134131287923096,0.9426731877440486,0.374139602810165,1.313945029971318,-0.3135566629387331,0.7641199902439705,0.9324761258777824,1.6649948672499235,False,False,REACH,REACH
vid2,26.4,4.556332422362476,1.1624577869602124,0.4316826540638656,0.4181329395997115,1.271007636419854,-0.2845765644830581,0.9748855148777468,0.9852925385006502,1.407143198790776,False,False,REACH,REACH
vid2,26.433333333333337,4.344815527222476,1.147587435265471,0.1485390509977837,0.4611983049341071,1.1868665015738442,-0.2499617895500342,1.2663603980629463,1.0316045280728303,1.00674677798386,False,False,REACH,REACH
vid2,26.466666666666665,4.0734213788401386,1.150527457580054,0.1652970080702343,0.4987808219996167,1.0746649427040025,-0.2027630390124175,1.5590425360223064,1.0573569463778738,0.5556680844548674,False,False,REACH,REACH
vid2,26.5,3.8026824337288394,1.1682102542585238,0.3190006346052974,0.5316412619445955,0.9465301053690374,-0.144695640670957,1.8638895188292832,1.0653759864021024,0.0659041619027825,False,False,REACH,REACH
vid2,26.53333333333333,3.669668739650406,1.184612093342514,0.1025590225617119,0.5612197254135752,0.8707682976700908,-0.0752239443939113,2.0416899064760217,1.0577469912325104,-0.2215663600879012,False,False,REACH,REACH
vid2,26.566666666666663,3.5276649935422,1.1692796099188023,0.0191408568739439,0.5894727894802919,0.7939615192921998,-0.0061977917640127,2.171261821960161,1.048157802686341,-0.4692637559247874,False,False,REACH,REACH
vid2,26.6,3.3422265076107625,1.1735692888172242,0.1180811176513268,0.6143876700654015,0.7050724143837682,0.0693951187279837,2.252643210261519,1.0269959993840505,-0.6967464480882422,False,False,REACH,REACH
vid2,26.633333333333333,3.1477901880647186,1.179458775706417,0.2711264388983919,0.636890704142581,0.6276090021625691,0.1453337379712373,2.2535362250082343,1.0012691593301528,-0.8345540684484273,False,False,REACH,REACH
vid2,26.666666666666668,2.972071946561737,1.199219159582695,0.348871054505868,0.6556222570391865,0.543119909350705,0.2224192190831561,2.283855488750727,0.9678806112294784,-1.0101856922260104,False,False,REACH,REACH
vid2,26.7,2.7879452352457372,1.202843469790073,0.1378353177318752,0.6726896775647825,0.4868660779033874,0.2964171156533849,2.205884550819668,0.9342127451173198,-1.0424119112983194,False,False,REACH,REACH
vid2,26.733333333333334,2.601646030251758,1.211153520669383,0.045341361823809,0.6879904267163608,0.4253503568564705,0.370908011814181,2.133066927728302,0.8969940780129134,-1.0883940667505692,False,False,REACH,REACH
vid2,26.766666666666666,2.4475748708350684,1.2021523279862536,0.0805387292781916,0.7011701989219187,0.3727292641972154,0.4402844189819961,2.070510479213412,0.8604371525411681,-1.1274966603395156,False,False,REACH,REACH
vid2,26.8,2.321839811546955,1.2038404759945331,0.4822573315075534,0.7124801110197173,0.328712121768083,0.5060953550334277,2.0164187554879622,0.8236493873403017,-1.1586835601707202,False,False,REACH,REACH
vid2,26.833333333333332,2.2376287964996835,1.2338540356845369,0.5141625391771562,0.7222663165743092,0.3140126524279886,0.5741969575075737,1.9488049551209268,0.7821892314900524,-1.1263362108604802,False,False,REACH,REACH
vid2,26.866666666666667,2.018551192368959,1.2584526909164653,0.645753570471291,0.7334205992362128,0.2658431387734286,0.6408017629588758,1.7910663288500088,0.7444410308803036,-1.0754203896115997,False,False,REACH,REACH
vid2,26.9,1.6957619802768422,1.276557685986936,0.225290018325567,0.7420859262179816,0.1878788100922687,0.6963558661795595,1.5629323559366226,0.7118266191900882,-1.0164611896568063,False,False,REACH,REACH
vid2,26.933333333333337,1.488418204276251,1.2788082064913129,-0.6075457641846725,0.7466079131868835,0.1026656921321313,0.7412381792682059,1.444346852271298,0.681092296075828,-1.06486709735207,False,False,REACH,REACH
vid2,26.966666666666665,1.5506937454692633,1.260869433304164,-1.6882087553461274,0.7470301843312408,0.0296425304583309,0.7854394469175092,1.5472156234827217,0.6436931055753321,-1.2828259461955158,False,False,REACH,REACH
vid2,27.0,1.6436000199387066,1.1600038539556328,-2.4996804177781566,0.7479199568909691,-0.001989590952714,0.8418395797121665,1.6435852531391288,0.5965931869304725,-1.4219529857879751,False,False,REACH,REACH
vid2,27.03333333333333,1.6483636469996688,1.059373146846815,-2.859640947914435,0.7472275974694689,-0.0230385833579035,0.9019117815954196,1.646388170791378,0.5435253532433777,-1.4616087349873068,False,False,REACH,REACH
vid2,27.066666666666663,1.4009926405298516,0.9626888086559698,-2.567980875119346,0.7459533729673445,-0.0486158969327925,0.9580464057639771,1.3906105241823463,0.4928263445773784,-1.2861172770010505,False,False,GRASP,REACH
vid2,27.1,1.3952563290300235,0.8853330985556763,-1.5934984365434437,0.7434878283520994,-0.0458210984950851,0.9920946222368752,1.3859992694517045,0.4590806547294472,-1.2771935616515568,False,False,GRASP,REACH
vid2,27.133333333333333,1.4375118521377988,0.8387586406227603,-1.2862021222388038,0.7417921500682542,0.0108991776195328,1.0385922411509017,1.4370050883703829,0.415952919903263,-1.2208709638809798,False,False,GRASP,REACH
vid2,27.166666666666668,1.465325114525939,0.8273489197892474,-1.007663740072353,0.743407207794335,0.0255888933601986,1.0910029697742714,1.4625827285834954,0.373578972135336,-1.2169578700758048,False,False,GRASP,GRASP
vid2,27.2,1.3279296730801786,0.7974353523817491,-1.5279583280100055,0.7465682275715534,-0.0107690198689981,1.1488686920088285,1.3273941011084691,0.3292321910240118,-1.164607605704198,False,False,GRASP,GRASP
vid2,27.233333333333334,0.9008068487592492,0.7116622855255398,-1.7699658909835805,0.7450025531165186,-0.0818479875865429,1.1813217247561925,0.8539933273901605,0.2984550820461203,-0.881799715178515,False,False,GRASP,GRASP
vid2,27.266666666666666,0.7757849805315025,0.6503198674643274,-1.2430006070549575,0.7387968521781131,-0.1431262344158449,1.2042764255185647,0.592149711701559,0.2676666884892067,-0.7642301240200746,False,False,GRASP,GRASP
vid2,27.3,0.4970841350612082,0.6238546371350627,-0.7123369578584886,0.733007540892914,-0.1050003516201543,1.2164473714687822,0.3345092530772782,0.2469214171019267,-0.4744366604425032,False,False,GRASP,GRASP
vid2,27.333333333333332,0.238537877837674,0.6265332418989762,-0.4085077465422652,0.7307440030354408,-0.0201518532936015,1.2249383048685183,0.2278607186174431,0.2355893222046465,-0.2322961758243993,False,False,GRASP,GRASP
vid2,27.366666666666667,0.3641766007635882,0.609918671312753,-0.9180587282544296,0.7317375111131963,0.0441363044605822,1.2280171864271707,0.3297527337732215,0.2346897805860359,-0.206500971207836,False,False,GRASP,GRASP
vid2,27.4,0.3767036377168617,0.560864732216985,-0.8438410967081289,0.7353509875672338,0.0711377754987634,1.2423991200684184,0.2825768324989333,0.2286704376733822,-0.11802056375544,False,False,GRASP,GRASP
vid2,27.433333333333337,0.3181240361311455,0.5300293939276117,-0.6332263451936505,0.7380707393193198,0.043381417256229,1.2548074027106686,0.2795090571743028,0.2227733316354779,-0.1644755268087557,False,False,GRASP,GRASP
vid2,27.466666666666665,0.1603893480925167,0.5206248861541363,-0.368689151310769,0.7385758185239828,0.003446729908212,1.2636934910361006,0.1599345610131107,0.2159980457524492,-0.1319279459326078,False,False,GRASP,GRASP
vid2,27.5,0.090583422898657,0.5232242575980665,-0.0433413143574625,0.7376299079074141,-0.0253071107955919,1.2603046009229146,0.0187554990246633,0.2172493308448315,-0.0609558536768156,False,False,GRASP,GRASP
vid2,27.53333333333333,0.1396665343504885,0.5093953768811463,-0.1106334205479473,0.7361587196990801,-0.0204212299889611,1.263890618151244,0.1199704348111226,0.2115519450593046,-0.1396621411466894,False,False,GRASP,GRASP
vid2,27.566666666666663,0.1249204246194573,0.5117051183333612,0.1460673925519694,0.7359462632331277,-0.0213745938492666,1.2667999651850268,0.1000132650268808,0.2086652976459235,-0.1241254221479244,False,False,GRASP,GRASP
vid2,27.6,0.1705343149899685,0.525514809111702,0.2135460148854666,0.7354588107749503,-0.0287757457261743,1.2726942942891977,0.1375789822316537,0.2027160931160296,-0.1696381106862,False,False,GRASP,GRASP
vid2,27.633333333333333,0.1383948600075704,0.5316474053120144,0.12890644812285,0.7343640444770687,-0.0394962380754538,1.2783782021334007,0.004903254735992,0.1958741137816846,-0.0741025333911811,False,False,GRASP,GRASP
vid2,27.666666666666668,0.1717184786112127,0.5338158130758969,0.0132122897127592,0.7321342854077109,-0.0490365999670538,1.2735082102080073,0.0008401397195092,0.1961324101651696,-0.0874734303934942,False,False,GRASP,GRASP
vid2,27.7,0.1938377268327543,0.5283211128684856,0.0377809423315113,0.730835385459872,-0.0395669727033463,1.2752073527894168,-0.1355558565175834,0.1923682064534015,0.0469901887026157,False,False,GRASP,GRASP
vid2,27.733333333333334,0.2004705170505764,0.5355373133358222,-0.0570818715273381,0.7295776217639406,-0.0301648674964982,1.2673504993039937,-0.1703832216107454,0.1969237113288276,0.0936794412963782,False,False,GRASP,GRASP
vid2,27.766666666666666,0.1813520965414805,0.5304849085063901,-0.0691705015396708,0.7287867160081138,-0.0216262567389671,1.263079307807471,-0.1647829514453491,0.1992106447588873,0.1039516038521839,False,False,GRASP,GRASP
vid2,27.8,0.217136751186328,0.5268722599217017,-0.0519185917333604,0.7280171089802732,-0.0067647862169161,1.2516885240551154,-0.2158406889619982,0.2076795481518468,0.1743057681996619,False,False,GRASP,GRASP
vid2,27.833333333333332,0.1046697356210158,0.5205087754203965,-0.0156084799053701,0.7283298152925535,-0.0006925711971785,1.251060223140093,-0.1046416348006211,0.208774973456042,0.0890817587869548,False,False,GRASP,GRASP
vid2,27.866666666666667,0.0777428714147012,0.530476052672566,0.127213497029129,0.7283339004029857,0.0056077875007814,1.2440001773448843,-0.075221860328946,0.2148751023128144,0.0748378224456642,False,False,GRASP,GRASP
vid2,27.9,0.032201067185069,0.5309747259626986,0.1214821017037672,0.7286849325798765,0.0091108319386887,1.244236695776422,-0.0043615325574478,0.2152919789219596,0.0198816048064795,False,False,GRASP,GRASP
vid2,27.933333333333337,0.0686158203267129,0.535603509800027,0.2187938016286304,0.728696803823242,0.0122075476231926,1.2450988393693116,0.053672196733398,0.2145689397872735,-0.0247239257539465,False,False,GRASP,GRASP
vid2,27.966666666666665,0.1847422422009339,0.5451271680268764,0.1852877689429823,0.7291725235252213,0.0518907633498569,1.2499451717968746,0.0333280524294557,0.2112280719447496,0.0630350494012473,False,False,GRASP,GRASP
vid2,28.0,0.4319437502825369,0.553290647580708,0.2473404123038904,0.7307816256825822,0.1191682441926285,1.2498135768002132,-0.1115042346163247,0.2141882281362405,0.3070444850089412,False,False,GRASP,GRASP
vid2,28.03333333333333,0.7930706511100215,0.5590376946587655,0.2095611469879707,0.7362521032701558,0.2077692809106058,1.245843602480815,-0.3156069345967952,0.2272919311677282,0.6399274960698111,False,False,GRASP,GRASP
vid2,28.066666666666663,1.1195639427634243,0.5658846000434232,0.1556527826633214,0.7452961671522474,0.2919786224070677,1.2277416808363644,-0.4560890315272753,0.2589135361481766,0.910136037954958,False,False,GRASP,GRASP
vid2,28.1,1.3891194641946198,0.5753721780152224,0.0562591418117271,0.7563887663694858,0.356910011005482,1.2111832043341588,-0.6062863319279502,0.2928270989948602,1.1546251795913114,False,False,GRASP,GRASP
vid2,28.133333333333333,1.6981864786539007,0.5669998183047407,0.1666243098287254,0.7689774669990511,0.4156023498156644,1.1916368007834008,-0.8750850871610953,0.331965961604645,1.490431549309268,False,False,GRASP,GRASP
vid2,28.166666666666668,2.179889328355988,0.570252736583923,0.5742634526728183,0.7836049489259728,0.5014999797993511,1.1617065855167783,-1.2914500984124653,0.3836728888020196,2.001716945294618,False,False,GRASP,GRASP
vid2,28.2,2.853250179816764,0.598767730186939,1.1880033576869715,0.801295171462762,0.6242446318879078,1.1059092308565313,-1.8337190265509744,0.463121612464393,2.6868432556224104,False,False,GRASP,GRASP
vid2,28.233333333333334,3.4343802800694743,0.6628104652339084,1.3838540722120256,0.8245114775301636,0.7446016971944022,1.0353051032296516,-2.2352153225020484,0.5651246930102652,3.2462573689689007,False,False,GRASP,GRASP
vid2,28.266666666666666,3.903726801477967,0.7113746404586029,1.052106763083598,0.8523144335636629,0.8408744448545923,0.9539842446313778,-2.5629202695951236,0.6844904679216752,3.699382233457928,False,False,GRASP,GRASP
vid2,28.3,4.219907212084521,0.7379068519798009,0.5509868357245216,0.8823437134609757,0.8809982536237879,0.8650675118526897,-2.879217572650622,0.8143500576036146,4.04333167806748,False,False,GRASP,GRASP
vid2,28.333333333333332,4.381713194370083,0.7367722787696435,0.2246066613039817,0.9120134525911748,0.8687024223268259,0.7625483430004585,-3.1536495669803073,0.9553126617407084,4.258417712008893,False,False,GRASP,GRASP
vid2,28.366666666666667,4.426714390431294,0.7419647575314344,0.4155405593972721,0.9410887610466144,0.8361536966181896,0.6506425326565836,-3.3199937716232832,1.103324467445124,4.344394261174644,False,False,GRASP,GRASP
vid2,28.4,4.324896751655004,0.7570919920854217,0.7445325899415751,0.9685171232222848,0.7601154743643596,0.5369704683442427,-3.408767375092725,1.2499470345213497,4.286491218464387,False,False,GRASP,GRASP
vid2,28.433333333333337,3.9747503946878866,0.7996181851086653,0.6493167207694288,0.9931540273182295,0.6381271718806455,0.4221904843309182,-3.287130695348861,1.3925875099316898,3.965713480194362,False,False,GRASP,GRASP
vid2,28.466666666666665,3.4542106801658514,0.8171727757105386,0.6079357179659357,1.012918838674465,0.450080727729603,0.3122383968096978,-3.0736788350158086,1.522442460389534,3.448837765651165,False,False,GRASP,GRASP
vid2,28.5,2.777459874154701,0.8365286416558725,-0.0485052256636288,1.024420087905586,0.2334321647935622,0.2118311621578756,-2.6544465705027247,1.6294414058237698,2.7037724711640516,False,False,GRASP,GRASP
vid2,28.53333333333333,2.0296405698479165,0.8220299362891194,-0.7338396144559041,1.0278565047416093,0.0285105025566031,0.1314662505068342,-2.027183562061732,1.7048764703300976,1.799919729490791,False,False,GRASP,GRASP
vid2,28.566666666666663,1.3632644791777735,0.7918831383235366,-1.056342597447922,1.0243101159707244,-0.1047245015970778,0.071931275435036,-1.3130130491650212,1.7499820977041476,0.947882344978048,False,False,GRASP,GRASP
vid2,28.6,0.8833351129235578,0.7234378608581329,-1.0617148360288435,1.018552295797712,-0.1641835413634661,0.0448609655910668,-0.6706169414016815,1.7631581983988565,0.2883007562326587,False,False,HOLD,HOLD
vid2,28.633333333333333,0.6305875579256622,0.6975524517354578,0.0594019726999121,1.0118575288514222,-0.1645367155766598,0.0362635986741892,-0.256248306043091,1.7587344241542668,-0.0699290056025753,False,False,HOLD,HOLD
vid2,28.666666666666668,0.553948701572673,0.7248761561022962,0.8320316882940834,1.007148278343088,-0.150512375239228,0.036735118418326,-0.1704765938886611,1.749996579932483,-0.1191411845915587,False,False,HOLD,HOLD
vid2,28.7,0.6140414272534346,0.7841876389411132,0.962565808365586,1.002326661384391,-0.1484514544596911,0.030613859621609,-0.3268110682549854,1.7467495983952552,0.0194231744507155,False,False,HOLD,HOLD
vid2,28.733333333333334,0.5955642131364428,0.8155038473023363,0.3875815906650611,0.99731019417751,-0.1201451237107719,0.0161697733840633,-0.4215302664960822,1.7503406137032949,0.1512423700625206,False,False,HOLD,HOLD
vid2,28.766666666666666,0.5144473676877668,0.8037043548797554,-0.3290116882273357,0.9928463020941894,-0.0841993700268071,-0.0040557309220623,-0.4215683743375433,1.7598985954911923,0.21486522714401,False,False,HOLD,HOLD
vid2,28.8,0.4343888251437732,0.7757406700240339,-0.3451205596799319,0.9916432717175476,-0.0437502514563141,-0.0145763380760381,-0.4064750629921778,1.766849777113361,0.2733961869722134,False,False,HOLD,HOLD
vid2,28.833333333333332,0.2939550438771375,0.7641808227058459,0.1350670901625857,0.991512582285324,-0.0289319866605853,-0.0268438534846059,-0.2759438857391228,1.7772055897321308,0.1869605612373994,False,False,HOLD,HOLD
vid2,28.866666666666667,0.2382527252834616,0.7846288697154635,0.4255289027241941,0.9900320953687192,-0.0241512846990011,-0.0359953148830338,-0.222736995714021,1.7824843470309022,0.1494997116070456,False,False,HOLD,HOLD
vid2,28.9,0.2890039466905315,0.8090501700857,0.7307311843761501,0.9891235841478264,-0.0343732705501142,-0.041863631834693,-0.2627446275468815,1.7859415680180746,0.1659435235226632,False,False,HOLD,HOLD
vid2,28.933333333333337,0.1177446609851261,0.8316233729984328,0.7374277401024205,0.9882274878956706,-0.0236082550037694,-0.048875230649952,-0.0838405767711798,1.790407417369072,0.03059112660024,False,False,HOLD,HOLD
vid2,28.966666666666665,0.0991455741003977,0.8604682839848683,0.2726396215064862,0.9876601367652232,-0.0240555906374806,-0.0545034193874209,-0.0522859619284468,1.7942609354294183,0.0025677642408587,False,False,HOLD,HOLD
vid2,29.0,0.1699401048925969,0.8683762999531971,0.1047574116077494,0.9861130251785628,-0.0177887000374449,-0.0535410437551343,0.1581116215015911,1.7906934704849773,-0.1679213443338336,False,False,HOLD,HOLD
vid2,29.03333333333333,0.2295466408343797,0.8548515888372004,-0.3094844783538921,0.9864241870199272,-0.0045655691755152,-0.0390371182843005,0.2289891990276174,1.7787268752195549,-0.2056970935857371,False,False,HOLD,HOLD
vid2,29.066666666666663,0.0872935519654788,0.8326740590233908,-0.1681455266268796,0.9864314160791416,-0.0226957495514172,-0.0330296356409304,0.0361071911025744,1.7735551360448154,-0.0713109284948934,False,False,HOLD,HOLD
vid2,29.1,0.0947785580415382,0.8429255088789934,0.1976352310326561,0.985548061597829,-0.0270521861819716,-0.0344194593257874,0.0029901851898763,1.773191868598042,-0.0504373356062019,False,False,HOLD,HOLD
vid2,29.133333333333333,0.1078984362167556,0.8522506987548591,0.0412258306424757,0.9835536170088716,-0.0274686071987939,-0.0412313417159006,-0.0488838746782932,1.775542323118666,-0.0064060865101656,False,False,HOLD,HOLD
vid2,29.166666666666668,0.0677193548740722,0.8566760209904555,0.1088460289386674,0.982952033726484,-0.0056138815227801,-0.0377698140018691,-0.0648031377343676,1.7714907510760136,0.0459946075935457,False,False,HOLD,HOLD
vid2,29.2,0.0784523020612598,0.8479417438358297,0.0776777460475738,0.983960383627792,0.000209285030688,-0.0382390118115033,-0.0784488788548381,1.773679499424498,0.0680725362466186,False,False,HOLD,HOLD
vid2,29.233333333333334,0.1472888709107424,0.8548683328776363,0.2095889819742821,0.983976893734123,-0.0180521789890921,-0.0465799912153123,-0.133033294204534,1.7809070694492302,0.0828740139615487,False,False,HOLD,HOLD
vid2,29.266666666666666,0.2086763239747547,0.8791171294100134,-0.1446929546332994,0.9825902536252734,-0.0344443497570563,-0.0513508189916467,-0.1702858881489087,1.7825713087529445,0.086024807332718,False,False,HOLD,HOLD
vid2,29.3,0.1534701950044441,0.8576813294145884,-0.3507460502131146,0.9809177006906954,-0.0432641957276118,-0.0549209840196709,-0.0244961115554429,1.78269356691478,-0.0553962560366252,False,False,HOLD,HOLD
vid2,29.333333333333332,0.182899604461229,0.8303389013656923,-0.3284886678087263,0.9799155744188792,-0.0504510313770364,-0.0550583980356942,-0.0473303265165717,1.781039341600125,-0.0484039599162431,False,False,HOLD,HOLD
vid2,29.366666666666667,0.2563419275901732,0.8162062181363015,0.3237095904945598,0.9782480551554158,-0.0720606486038586,-0.0565995671865556,-0.0451072787431532,1.779419457428839,-0.088551050060364,False,False,HOLD,HOLD
vid2,29.4,0.3170617221650688,0.8603424455151615,0.9409680988892256,0.97495622283075,-0.0849244560206859,-0.0574583719329056,0.1099462600894721,1.774337187720591,-0.2451208336399724,False,False,HOLD,HOLD
vid2,29.433333333333337,0.3712095512209358,0.8978918422748157,0.7701581752235445,0.9715756712887792,-0.0790620655665793,-0.0569770509466669,0.247275704261035,1.7679414247724057,-0.353266866113668,False,False,HOLD,HOLD
vid2,29.466666666666665,0.5973376558815232,0.9340889465469036,-0.0853877164794444,0.9693664220727868,-0.0633043098632796,-0.0416646252564677,0.5546806728195353,1.750818341785893,-0.5906846321015671,False,False,HOLD,HOLD
vid2,29.5,0.7552599458796841,0.9019246324482186,-1.1185749392006028,0.968107916314109,-0.0634200410558544,-0.0161682387231347,0.7218698750766473,1.7265882977647748,-0.7351756033509157,False,False,HOLD,HOLD
vid2,29.53333333333333,0.8595299211684114,0.8362021825279566,-1.2698281284791513,0.9658708802434796,-0.0863829878053338,0.00935557250941,0.8045419977859767,1.7006035132110051,-0.8471452985224173,False,False,HOLD,HOLD
vid2,29.566666666666663,0.9876140666875548,0.7800653938524864,-0.8557247469685503,0.9624444639682558,-0.117538881295401,0.0372621828115628,0.8977576520466471,1.6704582677120108,-0.982707947688688,False,False,HOLD,HOLD
vid2,29.6,1.0897916259949376,0.78059675691402,0.0020228689067257,0.9578403955869234,-0.1449922909900718,0.0676003428875964,0.9642882326616988,1.636131236476296,-1.0886911734986175,False,False,HOLD,HOLD
vid2,29.633333333333333,1.2524796759910877,0.8009403082368084,0.2133395927088761,0.9525491157934346,-0.1579517353731115,0.1020953000884914,1.123729728261096,1.5970011268041369,-1.2492170020095488,False,False,HOLD,HOLD
vid2,29.666666666666668,1.3263644676504789,0.8076096587513968,-0.0173949038469206,0.9469894705034504,-0.1691665932250855,0.1420673161636163,1.1867263480407193,1.5526694982961846,-1.3234235076162235,False,False,HOLD,HOLD
vid2,29.7,1.422711089986037,0.8005001742943365,-0.372725229346368,0.9412290738812924,-0.1692968053372731,0.182611487773288,1.293307052260842,1.507488952978867,-1.4156342538674085,False,False,HOLD,HOLD
vid2,29.733333333333334,1.454051012659695,0.7759133773540555,-0.3948952800719471,0.93571687539751,-0.1777646866098063,0.228979080941695,1.314063295568388,1.4577218026030223,-1.448527271487469,False,False,HOLD,HOLD
vid2,29.766666666666666,1.381165060448816,0.7644070180719392,-0.3079098008993773,0.929490763783289,-0.1804964781263217,0.2726410756235753,1.2280527542978532,1.4090266646735548,-1.3791318545856963,False,False,HOLD,HOLD
vid2,29.8,1.2857575434688393,0.7563261657373522,-0.0897801587768065,0.923336816100865,-0.1708131031405081,0.3142942624875635,1.1381497356449597,1.3621928132532335,-1.2844140875992471,False,False,HOLD,HOLD
vid2,29.833333333333332,1.1630765989044718,0.7586077683739129,0.3072220898690885,0.9178464091763908,-0.1777391249875249,0.3469822549187656,0.9825256259912786,1.3242698687133496,-1.16236116596944,False,False,HOLD,HOLD
vid2,29.866666666666667,1.0861548334641662,0.7719413270312797,0.3644074649073881,0.9121227260723992,-0.1639757796426521,0.378319963666721,0.921962328159178,1.2870995566863797,-1.0857462343565267,False,False,HOLD,HOLD
vid2,29.9,0.9184752028211524,0.7947085667873878,0.4797051459776085,0.9063177545859676,-0.1512436331269109,0.4096231518099215,0.7503958405542567,1.2498152328289582,-0.915158498102478,False,False,HOLD,HOLD
vid2,29.933333333333337,0.8157028438905038,0.8094077815103148,0.3232236880597193,0.9013584228295044,-0.1323235742989711,0.4307835030143275,0.6713110953749651,1.2227802779706152,-0.8134368376383219,False,False,HOLD,HOLD
vid2,29.966666666666665,0.6738301737833984,0.8123740167203798,0.0866683915201301,0.897959072500944,-0.0956413643822863,0.4501520294796252,0.5847030681927107,1.2000513797755794,-0.6738002972282021,False,False,HOLD,HOLD
vid2,30.0,0.7043104732806106,0.818071915488312,-0.1147443555584129,0.8949261441580648,-0.0770831911091611,0.4662269272227237,0.6505313465933573,1.1808131418612682,-0.6977804656238262,False,False,HOLD,HOLD
vid2,30.03333333333333,0.7207309831140702,0.8061487552562023,-0.2587248127386373,0.8929576511574141,-0.0680141665061876,0.4943307363247617,0.6802405504113745,1.1530768560964144,-0.7073762641339211,False,False,HOLD,HOLD
vid2,30.066666666666663,0.6862752083397685,0.7936084301461793,-0.3378286410291326,0.8911516238645281,-0.0695776243016808,0.5148832844954138,0.6415682331476137,1.132144807381001,-0.6767674429679631,False,False,HOLD,HOLD
vid2,30.1,0.7641039782392646,0.7790132347836687,-0.1715909275115709,0.8885962539192589,-0.0889099964711407,0.5364037910774603,0.6977958867093866,1.1090517718249453,-0.7594925705439838,False,False,HOLD,HOLD
vid2,30.133333333333333,0.8120788049634802,0.782271440503185,-0.0651044391100009,0.8852657330565105,-0.1160089847321826,0.5565332988723561,0.7031647912404518,1.085787900867144,-0.8120655641493248,False,False,HOLD,HOLD
vid2,30.166666666666668,0.9426882071862024,0.7828449990126667,-0.2972985224979008,0.8809866341256187,-0.1341782124595148,0.5854432201317422,0.817243868812146,1.053268344848972,-0.942659482111698,False,False,HOLD,HOLD
vid2,30.2,0.9815288596698512,0.7724723417391682,-0.5612398734896524,0.8758944017324924,-0.1458172162168217,0.612719873055456,0.8382500565312623,1.0207198417199663,-0.9813780907360012,False,False,HOLD,HOLD
vid2,30.233333333333334,1.0013906555057268,0.7374574257737894,-0.7666028629430924,0.8709336360022648,-0.154358160731981,0.6405381598490439,0.8429761838933072,0.9879364738178784,-1.00056618365092,False,False,HOLD,HOLD
vid2,30.266666666666666,1.0098843391906926,0.7105038510593618,-0.7585640613337488,0.8657761928975788,-0.148311321153255,0.6692957685536437,0.866103305462509,0.953994527280212,-1.0098279758981703,False,False,HOLD,HOLD
vid2,30.3,1.015858323015954,0.6902540985179209,-0.6757398983811967,0.8606292054228429,-0.1378748627524895,0.6983444674470499,0.8937909667165583,0.9198198630769272,-1.0152600956788398,False,False,HOLD,HOLD
vid2,30.333333333333332,0.9798975117051032,0.6680959578170259,-0.5481975241934413,0.8560983747905653,-0.1171687413749201,0.728486387567281,0.8898604951041077,0.8857917507307875,-0.9752378114966722,False,False,HOLD,HOLD
vid2,30.366666666666667,0.9706084810919337,0.6484173265869116,-0.5725530300959696,0.8529191400856144,-0.0891146304005655,0.7584659902610894,0.9190747021128466,0.8542947660359865,-0.9508207841460994,False,False,HOLD,HOLD
vid2,30.4,0.923428545971272,0.63007889299465,-0.247026207555992,0.8504003318399109,-0.0774402917438391,0.7898805734874385,0.8827125315877099,0.8227277062518111,-0.8987872734615893,False,False,HOLD,HOLD
vid2,30.433333333333337,0.8546635723297777,0.6289649575536977,-0.1287850628816444,0.8481866528587949,-0.0751339925695583,0.8189535617703599,0.813158008852636,0.7937212603480406,-0.8346809398623712,False,False,HOLD,HOLD
vid2,30.466666666666665,0.8493262031934066,0.6261685198855036,-0.0412164524986529,0.8458991316336457,-0.0990699964643526,0.8448978402287204,0.7752413386292883,0.7672842967108929,-0.8443024870153377,False,False,HOLD,HOLD
vid2,30.5,0.8980991382847874,0.6314989089074884,0.0109526632610927,0.842327115368706,-0.1437020762568853,0.8677681768284838,0.7438787665906301,0.7412278401033918,-0.8961927677677806,False,False,HOLD,HOLD
vid2,30.53333333333333,1.040509227446443,0.6226201774144993,-0.0244414951907549,0.8366261989315681,-0.1900275144562165,0.8931670085222867,0.7999068429439561,0.7092231238764681,-1.0264978419757187,False,False,HOLD,HOLD
vid2,30.566666666666663,1.3354329759821877,0.6228455993726322,0.4807654230965564,0.8292652885678474,-0.2465196716294445,0.9188739365412673,1.0189006038818753,0.6740158984735722,-1.3154296797014575,False,False,HOLD,HOLD
vid2,30.6,1.6211524675680284,0.6466286598376013,0.7402430289213792,0.8202983885642595,-0.2894236241125252,0.9556792037586604,1.2652845495662182,0.6263895946056472,-1.603961302979615,False,False,HOLD,HOLD
vid2,30.633333333333333,1.9002024325334264,0.6913141292283536,0.5492285619393688,0.8097437267917197,-0.3187367206734979,1.0044093670464986,1.5378467435795584,0.5656631301099011,-1.8910421063385567,False,False,HOLD,HOLD
vid2,30.666666666666668,2.0217140383432333,0.7065314928761193,0.0689373052918873,0.7980031961905876,-0.3242004040268031,1.0636017225715917,1.6728582766422817,0.4938098057027951,-2.017224187516375,False,False,HOLD,HOLD
vid2,30.7,1.7465798996293684,0.6857903861030715,-0.6344831293993435,0.7872798703809601,-0.2948401852504438,1.122618352977771,1.408738272228124,0.4239076240569147,-1.7373457307682898,False,False,HOLD,HOLD
vid2,30.733333333333334,1.33183837360059,0.6532460592689978,-0.9605035195868594,0.7777359692280272,-0.2364152944890163,1.1673935281959624,1.0432685297647415,0.3683824503548438,-1.318584298629606,False,False,HOLD,HOLD
vid2,30.766666666666666,0.7441558627322485,0.6185315367039467,-0.7511261660911954,0.7706723752748036,-0.150139573268627,1.1922688167677211,0.5266360140022964,0.3344189082240146,-0.7200980100751305,False,False,HOLD,HOLD
vid2,30.8,0.3179698439255151,0.5901777138773932,-0.5554035060327686,0.7673612881633369,-0.0692094081976222,1.196985917876067,0.2058339663176914,0.324490503809706,-0.3000722814238051,False,False,HOLD,HOLD
vid2,30.833333333333332,0.1429106779568372,0.5803580850883041,-0.0978734211894499,0.7671577008747307,-0.0067838379848465,1.199693872845176,0.1409224285922609,0.3217933501543394,-0.1336186776108172,False,False,HOLD,HOLD
vid2,30.866666666666667,0.0781625974364126,0.5909154184517015,0.1164343000367616,0.7680393798172157,0.0183098657812183,1.202947499556828,0.0447027584418624,0.3205451696766567,-0.0061878669371593,False,False,HOLD,HOLD
vid2,30.9,0.024985953659331,0.5949096084866896,0.0683486038074345,0.7689466380574915,0.0051680523482333,1.2077351484855026,-0.0172272653463136,0.3180183612399298,0.0240098937128447,False,False,HOLD,HOLD
vid2,30.933333333333337,0.1559430543726129,0.596317354156139,0.1580204649239356,0.7691167432687572,-0.0189924870313714,1.202726876046321,-0.1410494014929398,0.3226414841766643,0.0881285528388025,False,False,HOLD,HOLD
vid2,30.966666666666665,0.197515157946688,0.6013641038791272,-0.0764878290719498,0.767632766411849,-0.0376233254447487,1.1929930980009484,-0.1471541091290466,0.3284166136590831,0.0604380327580564,False,False,HOLD,HOLD
vid2,31.0,0.1978796793064888,0.5989429878764659,-0.0413790983280567,0.7657784177357304,-0.0515021980436759,1.190031626292387,-0.0814253026667143,0.3276919559342025,-0.020839167124403,False,False,HOLD,HOLD
vid2,31.03333333333333,0.1615665941797278,0.5943883721993439,-0.0906248089289286,0.764106709578247,-0.0447092496323523,1.190273527720275,-0.0398976414036479,0.3245258506247834,-0.044660933679646,False,False,HOLD,HOLD
vid2,31.066666666666663,0.1216748725390209,0.5889126044402769,-0.2984694852170624,0.7627639826830869,-0.0340783720182701,1.189160606587453,-0.0237438271386019,0.3231109585563183,-0.0397952706052067,False,False,HOLD,HOLD
vid2,31.1,0.1120804778015379,0.5818985744635948,-0.0827966096852897,0.761588637998334,-0.0294571535978536,1.1869175444098758,-0.0438346036655134,0.3229674995479852,-0.0142815118581627,False,False,HOLD,HOLD
vid2,31.133333333333333,0.0835691610019528,0.5727354529010567,-0.0719632899956914,0.7611130570505723,-0.0235664363893944,1.1859778831404222,0.0131694051057652,0.3229371099626092,-0.0530556427566713,False,False,HOLD,HOLD
vid2,31.166666666666668,0.0911168130603517,0.573851381876466,0.1435025463353829,0.7602631913231294,-0.025965179389962,1.1883665268110766,-0.0059107498759966,0.3193722244099318,-0.0408327511444857,False,False,HOLD,HOLD
vid2,31.2,0.133626835418981,0.5912383805583767,0.2523486674576549,0.7592106810997392,-0.026032355006444,1.1883945793707773,-0.0977034369698432,0.3174860675881915,0.038266573907784,False,False,HOLD,HOLD
vid2,31.233333333333334,0.1886534409593,0.5941708735759424,0.1108558095630626,0.758293025167124,-0.0187979720648188,1.1835520620424624,-0.176796375431959,0.320041834019006,0.1193227167772379,False,False,HOLD,HOLD
vid2,31.266666666666666,0.2257818872177507,0.5976717369155736,0.0626504053516045,0.7578586481463107,-0.0062384090411481,1.17305757039077,-0.2247225564565743,0.3283302667421725,0.1829021132116159,False,False,HOLD,HOLD
vid2,31.3,0.2080400398898525,0.5927308923686119,0.1979434588068567,0.7578995132360056,0.0031389009675436,1.1663508900054949,-0.2077494605868276,0.3341905028775813,0.1848430982351368,False,False,HOLD,HOLD
vid2,31.333333333333332,0.1773842059604977,0.6071415467404068,0.2750450791955287,0.7582881363237794,0.0063961379570967,1.1607388327914478,-0.1759644451793528,0.3397212689994204,0.1631744855049154,False,False,HOLD,HOLD
vid2,31.366666666666667,0.1696215012140666,0.6189510886981747,0.2955473261055191,0.7583881265119317,0.0155268128633606,1.1548181793138912,-0.1606709674612332,0.3450077501980297,0.1661286898862099,False,False,HOLD,HOLD
vid2,31.4,0.167522711548082,0.6286686788487506,0.3824087095487569,0.7587528271942884,0.0374520481057433,1.1482258935724785,-0.1042287602658302,0.3513421449806603,0.1562053242253342,False,False,HOLD,HOLD
vid2,31.433333333333337,0.2199041669424273,0.6375390851089693,0.216616761817782,0.7605084422720609,0.0613499031844416,1.1472280932837424,-0.0469435336213595,0.3553090356961511,0.1490440933979994,False,False,HOLD,HOLD
vid2,31.466666666666665,0.3076711834057399,0.6496052131269886,0.3175574385020323,0.7633790113602972,0.082766694672492,1.148221270860034,-0.1032408544035802,0.359530102781917,0.23551679436666,False,False,HOLD,HOLD
vid2,31.5,0.4008953800549206,0.6513806705672953,0.7289628191548999,0.7665197985576646,0.0818641206164056,1.1454636694507905,-0.2802433630518536,0.3674661663448079,0.3866753270854974,False,False,HOLD,HOLD
vid2,31.53333333333333,0.6207197367221309,0.6756086575294473,1.4291477671632498,0.7688994793064451,0.0837521990612826,1.1313582841421397,-0.5470628404372265,0.383849061906172,0.6202837682977539,False,False,HOLD,HOLD
vid2,31.566666666666663,0.9282223738785318,0.748154483953011,2.247794896218751,0.7720900040515295,0.0646966525655972,1.1093429130214232,-0.9001498162140266,0.4084927943123465,0.8912916715950692,False,False,HOLD,HOLD
vid2,31.6,1.1587562756812542,0.8457682120458095,2.569484044100085,0.7745129664637347,0.0037381432101708,1.0725720449222207,-1.1586823344631705,0.4445128341456835,1.006569379715613,False,False,HOLD,HOLD
vid2,31.633333333333333,1.3458999618835523,0.9408495500801104,1.784662863834885,0.7741028577416836,-0.0925745803787347,1.0271809194444792,-1.3062754219573265,0.4829604018440844,0.9635615573413236,False,False,HOLD,RELEASE
vid2,31.666666666666668,1.625288518759345,0.9850531243298032,0.8556528658116335,0.76861177369238,-0.2243915849604302,0.9806994429706342,-1.4227160170080848,0.5133604368562638,0.8308597890525644,False,False,RELEASE,RELEASE
vid2,31.7,1.9660922790547664,0.9854543816421614,0.0798775369787486,0.7589104126052606,-0.3427865601432846,0.9371285183077364,-1.5571222824992073,0.5338004253308269,0.7374068955813661,False,False,RELEASE,RELEASE
vid2,31.733333333333334,2.5043126560260554,0.9663213480926824,-0.2625114958659317,0.7458444332364488,-0.4782021143892588,0.8819572465305844,-1.862095985875212,0.5582994584967399,0.7610453766632481,False,False,RELEASE,RELEASE
vid2,31.766666666666666,3.1514146623017285,0.974603305400722,-0.6666087119828263,0.728286187482983,-0.6562335570987365,0.8122643385095909,-2.156527982894457,0.5873837729518487,0.7001964455230171,False,False,RELEASE,RELEASE
vid2,31.8,3.727477766973059,0.9401085502232306,-1.1642348531578537,0.7029203766691258,-0.8112551946393556,0.7349809465140439,-2.4132212529633734,0.609206761756776,0.6474841333519235,False,False,RELEASE,RELEASE
vid2,31.833333333333332,4.227534816929824,0.8769636870887502,-1.0525157568070709,0.6722667465534994,-0.9663008960511508,0.6501837101115943,-2.534164834948484,0.6281598496969507,0.4775756827133229,False,False,RELEASE,RELEASE
vid2,31.866666666666667,4.594388221715232,0.8337533244598437,-0.5141689186371997,0.6379984378430615,-1.0991483577643175,0.5620420045671536,-2.5087067875859397,0.6436046929702408,0.220590792719564,False,False,RETRACT,RELEASE
vid2,31.9,4.878283649832208,0.8495869871287982,0.4623128503156683,0.6000082150147039,-1.2093597984474005,0.4777324155480748,-2.421354001897244,0.649158108825358,-0.0497656428116162,False,False,RETRACT,RETRACT
vid2,31.933333333333337,5.1316417640482435,0.88210855835872,0.907983284028766,0.5562071942290241,-1.320923569354407,0.4011663248394566,-2.2220403971292138,0.6377491813006242,-0.4191379192310142,False,False,RETRACT,RETRACT
vid2,31.966666666666665,5.304739917233368,0.917025463704871,0.7507884872395768,0.5105032193308673,-1.3808852382168533,0.3316402860434975,-2.1811414394273165,0.6168981785860636,-0.5605096118261221,False,False,RETRACT,RETRACT
vid2,32.0,5.481165386038889,0.9350329475967804,1.061892578606334,0.4637904101040778,-1.4198285579045713,0.2610064310925898,-2.307122552231809,0.5952185520370832,-0.520679263216423,False,False,RETRACT,RETRACT
vid2,32.03333333333333,5.530329909817221,0.9758683254516408,0.9796113886511556,0.4159693416488313,-1.4613564804998571,0.1769808856941779,-2.0968959147221624,0.5831355408182268,-0.7755724359361841,False,False,RETRACT,RETRACT
vid2,32.06666666666666,5.490770147570799,1.0166803791966443,0.5514798785116697,0.3659292254024802,-1.465594930242376,0.1068935247245405,-1.951628461845606,0.5550980986851328,-0.9084379917524013,False,False,RETRACT,RETRACT
vid2,32.1,5.287928540385255,1.0352403862976498,0.1211278560991462,0.3165528693526596,-1.4401628075063744,0.0494669075888715,-1.5901845856026684,0.5173085140269951,-1.1753774919009687,False,False,RETRACT,RETRACT
vid2,32.13333333333333,5.066422709271814,1.0014452361731243,-0.2607652846601466,0.2690381191703921,-1.379049636436508,0.0109327130966198,-1.532277906122565,0.4665078285121545,-1.1172391502908476,False,False,RETRACT,RETRACT
vid2,32.166666666666664,4.797279096304944,0.997020952790919,-0.0778157366095859,0.2248100825348887,-1.305807505986084,-0.0521685079021339,-1.4506895835135156,0.4427231469970755,-1.058081562807278,False,False,RETRACT,RETRACT
vid2,32.2,4.486609903104248,1.0048754311711203,0.3081251875612234,0.1817927834842571,-1.2323524573034252,-0.0946797382173973,-1.2274084011930788,0.4033109225943694,-1.1208299063279088,False,False,RETRACT,RETRACT
vid2,32.233333333333334,4.116494818558376,1.0230646173585085,0.359602915527431,0.1421440129044837,-1.1428147343208126,-0.1363646136461062,-0.9644926677976904,0.3691446521117252,-1.1893322159570898,False,False,RETRACT,RETRACT
vid2,32.266666666666666,3.373267948730843,1.030321449181826,0.2010935593702632,0.1040350541866686,-0.9552429302523524,-0.1562338160040602,-0.4352446344633209,0.3188752105856423,-1.314254858114804,False,False,RETRACT,RETRACT
vid2,32.3,2.771725065986878,1.0362849426413585,0.513350659085426,0.076131529093046,-0.7915049390437261,-0.1735633701881349,-0.0133479274126281,0.2844679833895717,-1.3886953458895062,False,False,RETRACT,RETRACT
vid2,32.333333333333336,2.386472320876182,1.0474525267898422,0.8801112024446806,0.0542497415806244,-0.6795196409301199,-0.152252831000877,0.1817327322073158,0.2273666810999185,-1.3589442271552106,False,False,RETRACT,RETRACT
vid2,32.36666666666667,2.294287413240754,1.1033249468975934,0.6563924158665055,0.0347884806619434,-0.6240570068008156,-0.1501243340433803,0.6986527561329652,0.1911017471520412,-1.7069358726517283,False,False,RETRACT,RETRACT
vid2,32.4,2.214012151593964,1.1408075602324577,-0.6152523682218803,0.010210699715289,-0.5429046436446577,-0.1240733080664921,1.1346809444896937,0.1251399920945955,-1.939670407242595,False,False,RETRACT,RETRACT
vid2,32.43333333333333,1.702860893558234,1.0660544349971108,-1.085648934345005,-0.0065477283420088,-0.3056007520527511,-0.0746037511205733,1.3245782815211051,0.052800626350802,-1.6837506954944492,False,False,RETRACT,RETRACT
vid2,32.46666666666667,1.227843567330789,0.9969419460347484,-1.243358793575984,-0.0104347234155567,-0.1408911769328537,-0.0012032486442355,1.1243589365871651,-0.0174211687113559,-1.2195789716380625,False,False,RETRACT,REST
vid2,32.5,0.3443820203674157,0.986398936088781,-1.022730437476394,-0.008384802867879,-0.0981442138076294,0.0144620101281632,0.0219541916734347,-0.0273140506240213,-0.1925691114731824,False,False,REST,REST
vid2,32.53333333333333,0.644771092692363,0.9677855019308168,0.0355215935787052,-0.0136694833413329,-0.1345481333806935,-0.0105637287522031,-0.4401559400905381,-0.0150654290293306,0.1418368462169434,False,True,REST,REST
vid2,32.56666666666666,0.3645015123002135,0.9436117474306056,0.0502913286158723,-0.0229365042907981,-0.0918761202939206,-0.0455240966034596,-0.1713182218044874,-0.0012880807297287,-0.0146841644382278,False,False,REST,REST
vid2,32.6,0.4163058584521655,0.9736161026234128,0.6852520302427716,-0.0239507016267545,0.0737984426220688,-0.0361018376870237,0.3263829176439602,-0.0112137699308274,-0.1511188643819177,False,False,REST,REST
vid2,32.63333333333333,0.863868257507381,1.0321467888117268,0.7843884134050922,-0.0156425130419949,0.2023964546187834,-0.0005082370361682,0.4939015758698309,-0.0272338315106344,-0.068192632721142,False,False,REST,REST
vid2,32.666666666666664,0.6077476352374112,1.0292912043819162,-0.2178334073687548,-0.0050969066579419,0.1394505839930623,0.0129026491930317,0.3617910153124426,-0.0201518388546052,-0.06553430125078,False,False,REST,REST
vid2,32.7,0.2001164905848394,1.0095736779924065,-0.3017128620313725,-0.0032803381175562,0.0559710135588524,0.0111508833735712,0.0403839110314368,-0.015426437119423,0.0641639427653728,False,False,REST,REST
vid2,32.733333333333334,0.0364627130740235,0.9912571641112023,-0.4337545586399902,-0.005144170883963,0.0007581316984088,0.0137439457264043,-0.0363659365494687,-0.0209615005557448,0.0327254041897906,False,False,REST,REST
vid2,32.766666666666666,0.0401224476381926,0.9802328689133988,-0.1352806932599916,-0.0058442933623382,-0.0086136446846292,0.0142582316371443,-0.0264572841066168,-0.0226438895910325,0.0075949453155923,False,False,REST,REST
vid2,32.8,0.1940870663506158,0.9866798865366752,0.0216372541754151,-0.0035446078629994,0.0353524890495295,0.006167845554133,-0.1494790825625282,-0.0115935245912208,0.19154264871972,False,False,REST,REST
vid2,32.833333333333336,0.142495702947804,0.980521168281577,0.0805334438995509,-0.0032734068945622,-0.0168090751233143,0.0034543838745802,-0.1297701264582945,-0.008772006347965,0.0822569795674773,False,False,REST,REST
vid2,32.86666666666667,0.2279535956487413,0.9943955830724036,0.1075968630218358,-0.0041501630474526,-0.0616798145774088,-0.0003214939395016,-0.072876391928267,-0.0070644083827289,-0.046221727530694,False,False,REST,REST
vid2,32.9,0.1121947520209031,0.989988964661988,0.1555972629946145,-0.007832730201613,-0.0315620729205638,-0.00505480095726,-0.0192894999016512,-0.0094941682316631,-0.0391879387966111,False,False,REST,REST
vid2,32.93333333333333,0.2421934799131745,1.0018519947875568,0.1391806796487989,-0.0087379618320049,-0.0552449369198478,0.0002222512496317,-0.1457125733748749,-0.0156497293833469,0.0280203930683412,False,False,REST,REST
vid2,32.96666666666667,0.2240388051201093,1.0022081682929147,0.0092301395950533,-0.0091320880937907,-0.0590610360102416,-0.0077854891351576,-0.0861328718019078,-0.0094361863266774,-0.0301484703992727,False,False,REST,REST
vid2,33.0,0.1272934163761876,1.0081596987460268,-0.0507569588894352,-0.0118153055222649,-0.0318297642285358,-0.0148566699530098,-0.0614812701718571,-0.0080804303904955,-0.0032495079961885,False,False,REST,REST
vid2,33.03333333333333,0.2321365818388201,0.995402567770132,-0.3493201117018205,-0.0151109105207302,-0.0342362842337002,-0.0188918216501604,0.198781542765817,-0.01042814960068,-0.2321166220957306,False,False,REST,REST
vid2,33.06666666666666,0.4854213508026877,0.979653069128454,0.004957479318492,-0.0139198735686128,0.0736795984878165,0.0034431231853997,0.4111739954443952,-0.0275964598037457,-0.2245047976751865,False,False,REST,REST
vid2,33.1,0.3350453615161186,0.985971340355742,-0.0375986986387501,-0.0086694973707108,0.0737332933963176,0.0173191554714506,0.2135146329245115,-0.0302834403365528,-0.0538274673400965,False,False,REST,REST
vid2,33.13333333333333,0.2297406188970259,0.9918641928269156,0.0019524741732993,-0.0072928403375542,0.0653135024628722,0.0244516525750905,0.0216851708943816,-0.0340034884828589,0.0968285389813927,False,False,REST,REST
vid2,33.166666666666664,0.1372570016057879,0.9931522663801532,-0.1059675987649908,-0.0038173365633317,-0.0144656561560164,0.0116058977140659,-0.1275675083071038,-0.0167690989184707,0.0845017284078957,False,False,REST,REST
vid2,33.2,0.0785705324154666,0.966969667624008,0.0683470458386263,-0.008405960475292,-0.0222987470277207,0.0072170589196352,-0.0087143417948824,-0.0210990019575031,-0.031927102695343,False,False,REST,REST
vid2,33.233333333333334,0.1797414265718819,0.9908243955870498,0.2499082349282804,-0.0085462515882818,0.0466856768443303,0.0122334080161138,0.0746992362141284,-0.0256763524022194,0.0181231563385034,False,False,REST,REST
vid2,33.266666666666666,0.0784998407423789,1.0035954522007695,0.2213973184875041,-0.005771068920096,-0.0038049595488512,0.0212067724407584,-0.0773607806059795,-0.0285110235838041,0.0600320803948616,False,False,REST,REST
vid2,33.3,0.2883665228847429,1.0095221660490303,0.2532962836549792,-0.0024789163360311,-0.0113076217086336,0.0116424358451341,-0.2856349518306365,-0.0144328944597899,0.2265025131214719,False,False,REST,REST
vid2,33.333333333333336,0.2612474716543498,1.0058488958997642,-0.1769121122153953,-0.0085517087972268,-0.0599048211663203,-0.0084545822017797,-0.1557073729552865,-0.0078320290278609,0.0284024363796918,False,False,REST,REST
vid2,33.36666666666667,0.147448330696886,1.0116227611557151,-0.1713779217331022,-0.0123536050172437,-0.0017641869936961,-0.0125486112968888,0.1473188535659791,-0.0110245927281891,-0.1302588348585306,False,False,REST,REST
vid2,33.4,0.3643215428704038,0.9923438308208088,-0.1821331721573717,-0.0074962149743314,0.0784313991026342,0.0104792509953929,0.239367758613552,-0.022304923194657,-0.0678278157042964,False,False,REST,REST
vid2,33.43333333333333,0.2627237698988012,0.9826659253386076,-0.3080048501406911,-0.0024499126999301,0.0364443354945412,0.0196817848444343,0.2296447394852601,-0.0213196376626224,-0.1337141079151831,False,False,REST,REST
vid2,33.46666666666667,0.0322444806848106,0.9813142591070692,-0.0417931217509024,-0.0044431332265673,0.0088404890324987,0.0184439433407342,0.0090183910478237,-0.0237774801742358,0.0078563231527517,False,False,REST,REST
vid2,33.5,0.213903112218641,0.9814869282223696,0.0258552439510638,-0.0053997408097037,-0.0362587150295835,0.0166074451953659,-0.1721422510490596,-0.023884851011348,0.084417160572933,False,False,REST,REST
vid2,33.53333333333333,0.1458732040393835,0.9751743609981868,0.0598348441288457,-0.0059653957223136,-0.0315061765244782,0.0139760657528131,-0.0954287342333645,-0.022614613714799,0.026619994483131,False,False,REST,REST
vid2,33.56666666666666,0.1202861887491218,0.9903772412188526,0.2017891109021403,-0.0067369281943107,0.0207971346609931,0.0011296491538336,-0.095733654253029,-0.0128928883681258,0.1194105116771383,False,False,REST,REST
vid2,33.6,0.0938950867074758,0.992288392749203,0.2120843480674792,-0.0071721155467139,-0.0113914899407292,0.0042359164884915,-0.0850000984682194,-0.0163435032088901,0.0532039211651877,False,False,REST,REST
vid2,33.63333333333333,0.085732377133465,1.0001453016959574,0.3002158988428975,-0.0047080002257409,-0.0236681681089957,0.0055633817804288,0.0219258761054788,-0.0131299688830044,-0.0607925484998441,False,False,REST,REST
vid2,33.666666666666664,0.0473499847429752,1.0129626452984382,0.1629344828506867,-0.0074234230917717,-0.0134802966362035,0.0019710835883744,0.0036985065695074,-0.0148335024820966,-0.0270392234393978,False,False,REST,REST
vid2,33.7,0.0901712699352565,1.024891891379379,-0.1401147109132108,-0.0101167437204816,-0.0090210493440421,0.0019653601985659,-0.0844567037048693,-0.0195931920293075,0.0569284019054253,False,False,REST,REST
vid2,33.733333333333334,0.0260500716514039,1.002109023427359,-0.2019589799189305,-0.0071697383917391,-0.0066141060088822,0.0038050966650593,0.0119231349697608,-0.0159674953486654,-0.0219905137943596,False,False,REST,REST
vid2,33.766666666666666,0.1970111244992693,0.9975497561903012,-0.0715970543045513,-0.0080581257830464,-0.0466891374695667,0.0021718148413301,-0.1099200443934551,-0.0161295590629383,0.0122666909379179,False,False,REST,REST
vid2,33.8,0.3821353015275991,0.9973358864737226,0.0587648713098425,-0.0102823475563768,-0.0867641689302536,-0.0035229062945045,-0.2317632237566187,-0.0151497159528039,0.0465238956701459,False,False,REST,REST
vid3,0.0,0.2923320437096692,0.81591565513995,-0.4083398576305714,0.0026314426089304,-0.0757340343092,0.006057102781567,0.028350245697376,0.0002203549124933,-0.1782221944966418,False,False,REST,REST
vid3,0.0333333333333333,0.1705145827706533,0.8060799752760672,-0.1818009342023943,0.0006573239496403,-0.0427130852482079,0.0073020813005071,0.0463484654390366,-0.0048543726428218,-0.1262614588222791,False,False,REST,REST
vid3,0.0666666666666666,0.0743434659549427,0.8037955928597903,0.0447379892257948,-0.0002160964076165,-0.0096921361872153,0.0091470004775003,0.0643466851807526,-0.0081970756756561,-0.0743007231479625,False,False,REST,REST
vid3,0.1,0.0522872506527669,0.8113173701764215,0.0808351208461889,0.000181043895477,0.0066067903686314,0.0120803799694648,0.0457134156509234,-0.0098762384739139,-0.0253172897591835,False,True,REST,REST
vid3,0.1333333333333333,0.045908887953226,0.8178789311694024,0.0028191678933339,0.0010704977865024,0.0118001096992191,0.0137057685304029,0.007245554121281,-0.0094439008972552,0.017878096123821,False,True,REST,REST
vid3,0.1666666666666666,0.0985952961680466,0.8115704422813614,-0.080118286878711,0.0013817589266445,-0.0118035502132306,0.0133610184823254,-0.0875483061012034,-0.0085178676603992,0.0502159288287074,False,True,REST,REST
vid3,0.2,0.2418029906089805,0.8040316644345626,-0.0512779025340122,0.0005340721577699,-0.0387644405635157,0.0085048455816194,-0.1904996122000478,-0.0061252976133679,0.082637047961464,False,False,REST,REST
vid3,0.2333333333333333,0.2062098974282915,0.8050001858880884,0.1981835508476989,-0.0016839674091952,-0.0320252100347471,-0.0011670464533744,-0.1654845630669351,-0.0024385102058729,0.0751427024310085,False,False,REST,REST
vid3,0.2666666666666666,0.0703110466318317,0.8173661250691843,0.4447225077363039,-0.0031357094225824,-0.0050453874940413,-0.0080486042235646,-0.0675864677338489,0.00044195631072,0.0470455185635806,False,False,REST,REST
vid3,0.3,0.0846641969222513,0.8398484480396314,0.3307703038674486,-0.0020013032619609,0.0203447563008203,-0.0057206023505573,0.0325423304692357,0.0007771150890388,0.0138203045770381,False,True,REST,REST
vid3,0.3333333333333333,0.1132508516226737,0.8530205250039559,0.0382781167387267,-0.0001834984316818,0.0247887926033306,-0.0004404992052756,0.061289289467826,-0.0,-0.001511466326366,False,True,REST,REST
vid3,0.3666666666666666,0.0117163162480639,0.8437253880820033,-0.3504841489898174,3.7737063298133134e-05,0.0024390850871623,-0.0002320182259402,-0.0070332622323186,0.0002735891407337,0.0109300824007417,False,True,REST,REST
vid3,0.4,0.0498253278708027,0.8181101024767382,-0.494439880051531,-0.0007483782381241,-0.0018290164979557,-0.0027035237329404,-0.0493273643730996,0.00076918113502,0.0381087239881161,False,True,REST,REST
vid3,0.4333333333333333,0.0702306010169377,0.802752998190277,-0.3229479234869425,-0.0007038437779227,0.0142644596240804,-0.0043123372163172,-0.0439224836689716,0.0022242044699942,0.0662882632818466,False,True,REST,REST
vid3,0.4666666666666667,0.0368443841475184,0.7959668290154345,-0.1060400281975931,0.0005811615885449,0.0040900874467443,-0.0057047440212609,-0.0333257027386669,0.0060210593209414,0.0365885959995969,False,True,REST,REST
vid3,0.5,0.0970577021068303,0.7982598855540204,0.0761260310049996,0.0009736337208055,-0.0246095233811599,-0.0065961148476098,-0.0219436067311522,0.007575985900843,-0.0314908202340462,False,False,REST,REST
vid3,0.5333333333333333,0.246014729302873,0.8026588219109954,0.145107398874965,-0.0009077348143816,-0.0639308284496081,-0.0071166908328913,-0.0141287319883636,0.0041873641043954,-0.1181687324015502,False,True,REST,REST
vid3,0.5666666666666667,0.2124274377236224,0.8113241555860893,0.0763974795065316,-0.0047851891028615,-0.0552758426139494,-0.0075445190791617,0.0054285087568359,-0.0033435526153827,-0.1171344616601144,False,True,REST,REST
vid3,0.6,0.0292685233455591,0.8127783811129886,-0.0956487674160834,-0.0062956296736634,-0.0029720587920122,-0.0072269276039349,0.0269494951318386,-0.0066878485229116,-0.0289051433804478,False,False,REST,REST
vid3,0.6333333333333333,0.1956557982167497,0.8017888244683798,-0.0465827507074526,-0.0049773927974473,0.0489163759548752,-0.0058333180896177,0.0544507228538518,-0.0051860316888124,0.0534070409306732,False,False,REST,REST
vid3,0.6666666666666666,0.3288643236825137,0.7968841016145827,0.1701088441655318,-0.0016912717670034,0.0832260113192788,-0.0032663390834401,0.0769428070822463,-0.0006730680047391,0.1041802522043239,False,False,REST,REST
vid3,0.7,0.3434579536545186,0.8150552788309263,0.252595062121238,0.0009710233995587,0.0893970478981344,0.0007856848569966,-0.0030400774774124,0.00131051078726,0.1845730392420464,False,True,REST,REST
vid3,0.7333333333333333,0.4023538933652135,0.8316237909820627,0.1001435364848443,0.003997514107236,0.0991251867884639,0.0001003256509777,-0.1298705044690671,0.0080530747295308,0.3119366122292882,False,True,REST,REST
vid3,0.7666666666666666,0.4875813156877872,0.8118793922106169,0.6367354221774989,0.007376909831315,0.1231629982871108,-0.0098838690559847,-0.1176833161657297,0.023399994117709,0.3505375036863787,False,True,REST,REST
vid3,0.8,0.7876655596622232,0.8417160127707746,0.927615383887521,0.0112061832119022,0.201695691588129,-0.0144227358715447,-0.1413870781915475,0.0350448470266263,0.5305167533810314,False,False,REST,REST
vid3,0.8333333333333334,1.0479081050698993,0.8951797120635091,1.5046699228216016,0.0195007831501923,0.2624235213608579,-0.0128533784077802,-0.2858207962818373,0.0506001298382681,0.7766342467867429,False,False,REST,REST
vid3,0.8666666666666667,1.6345931318631852,0.9587762962551184,1.9057784549089711,0.0294419390594055,0.3807178313235729,-0.0206371146505083,-0.7297857399900908,0.0774394020803568,1.3939643273785909,False,False,REST,REST
vid3,0.9,2.73718396222376,1.0200259346282248,0.5559349378128856,0.0417660373299207,0.6480673348395406,-0.0617679444535348,-1.1372706003992978,0.1374099976459772,2.2838045439512107,False,False,REACH,REACH
vid3,0.9333333333333332,3.926101430697968,1.0374021994576978,0.0465644452848406,0.0661688888244445,0.9709954882119208,-0.1108542898108229,-1.2242124477928995,0.2287172732177226,3.0149543914031125,False,False,REACH,REACH
vid3,0.9666666666666668,5.310189342921434,1.0062004093978008,-1.0683557665974412,0.1076121500781527,1.3635723941382545,-0.1549651971245831,-0.8692769163258911,0.3504960499630178,3.5131598121902248,False,False,REACH,REACH
vid3,1.0,6.294255561193439,0.9242404667383376,-0.7901951308603452,0.1613671992930689,1.628766688577274,-0.167656251295629,-0.6803647890922888,0.4706935009362785,3.892835897460803,False,False,REACH,REACH
vid3,1.0333333333333332,6.724939634545547,0.9391968774701076,0.0342209554119806,0.2190375139018852,1.7369473793279788,-0.1844042771099148,-0.8343289350737088,0.6023021948422127,4.243640440030088,False,False,REACH,REACH
vid3,1.0666666666666669,6.827703868689972,0.9469262113758488,0.0175666849633006,0.280476382010628,1.7593492507273958,-0.217274483111868,-0.9658300987690444,0.7552553972096729,4.400766286214614,False,False,REACH,REACH
vid3,1.1,6.7110243552055655,0.9615573669103712,0.5027726421509122,0.3380249309281308,1.733877124659245,-0.2676849565008975,-0.8163453306270742,0.9151637561889844,4.222138943962382,False,False,REACH,REACH
vid3,1.1333333333333333,6.468509306076152,0.937310969582532,1.3401617397343628,0.395325299976872,1.6825504377086833,-0.2853578164572006,-0.2414361600746385,1.046803622170699,3.6300941268456186,False,False,REACH,REACH
vid3,1.1666666666666667,6.251728472257158,1.0239621574569373,2.648701579255097,0.4506686386176434,1.622064221897086,-0.2806715988740151,0.5009362167189386,1.1554976635450442,2.8773845451637134,False,False,REACH,REACH
vid3,1.2,5.893211189052823,1.1649132585903206,2.739319085012544,0.5054783823826283,1.506198820674142,-0.2505006783648381,1.1164215534802764,1.2414930189109254,2.1195407791986742,False,False,REACH,REACH
vid3,1.2333333333333334,5.062338576473526,1.2664862845265918,1.513355257540791,0.5537025882468015,1.260023269780422,-0.2040628774967203,1.481380102131557,1.3002863234867688,1.3088711727231717,False,False,REACH,REACH
vid3,1.2666666666666666,4.418050914247358,1.2607707179610264,-0.2996530780790107,0.5914834261376374,1.04366911121401,-0.143067104009196,1.855435118965578,1.3254730355519353,0.5511977921810503,False,False,REACH,REACH
vid3,1.3,3.867421535728431,1.2149181921929932,-1.0362912682885368,0.619940060503527,0.8583633043073671,-0.0806673996637789,2.0205086713123395,1.3304868858964671,0.0339602387517194,False,False,REACH,REACH
vid3,1.3333333333333333,3.510729817288986,1.168022016499409,-0.9418270590782664,0.646035130025202,0.7241885752574736,-0.0084259369810184,2.1411922600796376,1.32234671495432,-0.3415393849833932,False,False,REACH,REACH
vid3,1.3666666666666667,3.2468606735731953,1.1451091921518153,-0.6089919757474103,0.6699630383098212,0.6279250600377412,0.068352440640318,2.1731654359066925,1.3059470813814011,-0.5646280227137102,False,False,REACH,REACH
vid3,1.4,2.8399319136862373,1.1330896013714593,-0.2375067367974744,0.6879641107821097,0.5007674576253549,0.139046614747434,2.089029393420673,1.282641300245753,-0.7521441468080332,False,False,REACH,REACH
vid3,1.4333333333333331,2.487138945112477,1.1295766058665948,0.0645471278762763,0.7019258638854572,0.3931822708775322,0.2061546402846681,1.9758999726059971,1.2541535013466245,-0.8752267280061152,False,False,REACH,REACH
vid3,1.4666666666666666,2.2344311325805553,1.1363877995786384,0.1762118635112574,0.7140571402623261,0.3176833965346111,0.271547785586718,1.8716650360607303,1.223393520300632,-0.940530856165904,False,False,REACH,REACH
vid3,1.5,1.916440529258868,1.1500335341165124,0.269438665787939,0.723165245488668,0.2365006905812124,0.333230555739976,1.687369757101523,1.1896255511467264,-0.9495107000433604,False,False,REACH,REACH
vid3,1.5333333333333332,1.6703799086894973,1.1581666554896175,0.1005975276665116,0.7292853008108259,0.1823086437831799,0.3848472451961663,1.5164502240727984,1.158311072146764,-0.9148861930707916,False,False,REACH,REACH
vid3,1.5666666666666669,1.497455794542359,1.1572868868329111,-0.1324700815600483,0.7342397457390614,0.1519991214039966,0.4317823153067078,1.378904686962931,1.1285939021719131,-0.8599444749043622,False,False,REACH,REACH
vid3,1.6,1.3327275663818343,1.1497548183923632,-0.2478435318575656,0.7392150891710905,0.1207342338002537,0.4756610914115511,1.249407684035339,1.101511178261625,-0.8137732808436768,False,False,REACH,REACH
vid3,1.6333333333333333,1.214674456257848,1.135748283620842,-0.3147046449583722,0.7429906330170762,0.1016794547772695,0.5169622986062113,1.1501484832789788,1.0741718135561351,-0.768387969417793,False,False,REACH,REACH
vid3,1.6666666666666667,1.1104543928365929,1.1231039905018392,-0.0855054526996042,0.7452627675885237,0.0918625899738944,0.5512123696068594,1.052881208863593,1.0497515425112407,-0.7058853329596043,False,False,REACH,REACH
vid3,1.7,0.8775705598282603,1.1283439749449262,-0.0254693697722477,0.7481657135419311,0.0880852599526808,0.5874075349476018,0.8096988448482686,1.0249659359191312,-0.5073435847178778,False,False,REACH,REACH
vid3,1.7333333333333334,0.5921996830781643,1.1305662552484537,0.0049667980345923,0.7519209345818704,0.0883423045137062,0.6128814930959069,0.4852970888467331,1.011007551767599,-0.2317102505929568,False,False,REACH,REACH
vid3,1.7666666666666666,0.3723927445237845,1.130090327563405,-0.0168987445221194,0.7546580081570995,0.068537825002841,0.6193780665891792,0.2633350807777544,1.011070255979929,-0.0837926384983711,False,False,REACH,REACH
vid3,1.8,0.1403848561259731,1.122555355899247,-0.0785397350805841,0.7563358843698355,0.032887655869732,0.6199139768461238,0.0611902162345287,1.014031602956877,0.0150602534122339,False,False,REACH,REACH
vid3,1.8333333333333333,0.0492680666250698,1.1264564134596682,0.0479288504864891,0.7569924442823828,0.0128211955200516,0.6248542421826456,0.0010760621730367,1.0111786211578004,0.0251888861728229,False,False,REACH,REACH
vid3,1.8666666666666667,0.0710244084628864,1.1259565313325783,0.1239627947748782,0.7570133554877607,-0.0147175669576314,0.6238873272266562,-0.0429824933053807,1.0120411878828597,0.0064893679998667,False,False,REACH,REACH
vid3,1.9,0.2295028392174204,1.1320701794264918,0.2125570321399645,0.7560881290515319,-0.0470239798118558,0.6167790801127067,-0.1415447133798891,1.0161857817436606,0.024305869922383,False,False,REACH,REACH
vid3,1.9333333333333331,0.2116415654518783,1.142122690149177,0.2567438963099979,0.7539488665443898,-0.0543560582692731,0.6110794310395065,0.0344165957849271,1.0166642693136678,-0.1398454091790942,False,False,REACH,REACH
vid3,1.9666666666666663,0.3522044944295022,1.1522227080846468,0.3099315803165923,0.7515516458447523,-0.0674719117094743,0.6158885776847726,0.2384465199933889,1.0077055835997064,-0.3395750090077462,False,False,REACH,REACH
vid3,2.0,0.4565344775150975,1.1605378631202214,0.2948420059708043,0.7491212673957376,-0.0400605839747303,0.6271298132039848,0.429810662438238,0.9932246397733736,-0.4460579403202457,False,False,REACH,REACH
vid3,2.033333333333333,0.7497694955127735,1.1705271946927345,0.4135434094869878,0.7484877884457319,-0.0119936095757561,0.6459152941626176,0.7483523336508443,0.976003907918543,-0.659059450628244,False,False,REACH,REACH
vid3,2.0666666666666664,1.0097586282714632,1.1887532451249418,0.4031315504855255,0.7484294491874007,0.0030782212264363,0.6723329756086653,1.009689376042626,0.9534815336294824,-0.850003944445695,False,False,REACH,REACH
vid3,2.1,1.218766189983804,1.192455657643674,1.0215304599710957,0.7495300511628069,0.0173039381482549,0.7153336401100222,1.2169518040198708,0.9192552801671612,-0.9968127949681874,False,False,REACH,REACH
vid3,2.1333333333333333,1.4447950299652712,1.2535356850276334,0.4525218544776677,0.7501143784518581,-0.0272518171449317,0.759734673365057,1.4409966997182808,0.8827904048886794,-1.277521647363966,False,False,REACH,REACH
vid3,2.1666666666666665,1.832579538834191,1.2771113233258051,-0.9305315840406468,0.7493240292055907,-0.1041545020376536,0.8045300294545961,1.7883613002594347,0.8431925504073169,-1.7286642230493126,False,False,REACH,REACH
vid3,2.2,2.445751422397742,1.221214959602926,-2.710113850390565,0.7439079610349466,-0.1811925014310333,0.8682006791229848,2.344598133081969,0.7781703790190573,-2.357217098362245,False,False,REACH,REACH
vid3,2.2333333333333334,2.8603593753334464,1.0487941215708871,-4.137377838226627,0.7357220962176213,-0.2575086015773229,0.9664669641734048,2.683832009353269,0.6781704944544039,-2.800270213219439,False,False,REACH,GRASP
vid3,2.2666666666666666,2.5318760621904155,0.8979343741258535,-3.1982775378800103,0.7258619563793179,-0.2724209057674633,1.0706003674767384,2.3054413232206397,0.5697864835525986,-2.509733203219246,False,False,GRASP,GRASP
vid3,2.3,1.8439851264920275,0.8012658209697883,-1.52416939570722,0.7159905355700604,-0.2045598182604169,1.1369307701961386,1.6681369669964323,0.4934384734232596,-1.8311131279765012,False,False,GRASP,GRASP
vid3,2.3333333333333335,1.0561397434967694,0.7974444813032114,0.2677762020202163,0.7094862657112327,-0.1106763486109969,1.1709784517496955,0.966767975901269,0.4513227979307208,-1.0451863390567144,False,False,GRASP,GRASP
vid3,2.3666666666666667,0.5833901106541554,0.8438595793730493,1.6409767884209296,0.7090621989934416,0.0052892596632902,1.1916314251732545,0.583036113904047,0.4329446548857065,-0.4836779145097814,False,False,GRASP,GRASP
vid3,2.4,0.5806611017683928,0.934056932654193,1.163544945751443,0.7120135780690262,0.0600509578186497,1.209603460667933,0.5328634162387069,0.4237118375356942,-0.3296446847160351,False,False,GRASP,GRASP
vid3,2.433333333333333,0.4711135389449422,0.967781508785452,0.1107885101315462,0.7144059128963072,0.0544983811562215,1.2206500820957589,0.422032768574244,0.4192140371006325,-0.2469583262598563,False,False,GRASP,GRASP
vid3,2.466666666666667,0.5485827330814492,0.9312477847487792,-0.3707924191760711,0.7164927539366129,0.0126315104844189,1.2354210485478572,0.5464321445384875,0.4109358673126211,-0.4376884050012094,False,False,GRASP,GRASP
vid3,2.5,0.4870118312290484,0.8797088826791946,-0.2532961794481216,0.715635854066014,-0.0226622370114255,1.259386898653878,0.4791664316840081,0.3888670640550264,-0.4524946438763102,False,False,GRASP,GRASP
vid3,2.533333333333333,0.4744509191487653,0.9134413820593756,0.690897790340668,0.7138944506737471,-0.0358368450980155,1.2718685715497111,0.4540358625865766,0.3747367813363141,-0.4580035002824068,False,False,GRASP,GRASP
vid3,2.5666666666666664,0.3917020784858336,0.957607075808366,1.0697223601792325,0.7123488255387337,-0.0408023334449563,1.2872284166664063,0.358968981124756,0.3585642208276584,-0.3874904618945237,False,False,GRASP,GRASP
vid3,2.6,0.2538433238053498,0.9901274873438056,0.7035686795247187,0.7117257822839302,-0.0208312337228342,1.2949014547944293,0.2408978269882324,0.350788679943289,-0.2467025575377621,False,False,GRASP,GRASP
vid3,2.6333333333333333,0.2274150718719677,1.0080209036572485,0.2270669465064079,0.7107708002655589,-0.0187661414513359,1.3067139039131992,0.2156846046041287,0.3388269347680461,-0.2211162726285732,False,False,GRASP,GRASP
vid3,2.6666666666666665,0.1442819837259486,1.011685342179663,-0.1584125627558042,0.7103351559816566,-0.0160991992425009,1.306116016037587,0.1303529988061117,0.3384470891793529,-0.1433211341166724,False,False,GRASP,GRASP
vid3,2.7,0.0969662659095623,0.982889780215381,-0.1266994239800952,0.7100628963455923,-0.0045739025412215,1.313805225731875,0.0953608033821663,0.3313719607270502,-0.0901826325045113,False,False,GRASP,GRASP
vid3,2.7333333333333334,0.1166131127048084,0.9890927820403768,-0.2477510866637362,0.7099110110104949,-0.011947111615668,1.3147093682578113,0.10720059210072,0.3302959906892407,-0.1152338171038755,False,False,GRASP,GRASP
vid3,2.7666666666666666,0.1988761392818991,0.9894764697546464,-0.4808349686813614,0.7095182808100863,-0.0168164471745751,1.3179431928004663,0.1880900950384836,0.3267540126811307,-0.1937454565409032,False,False,GRASP,GRASP
vid3,2.8,0.1068767831773197,0.9593467192433234,-0.2424783606484644,0.7088627434916774,-0.0150320807349191,1.3257754562456685,0.0899309548137611,0.3187772886575423,-0.1068686341860596,False,False,GRASP,GRASP
vid3,2.8333333333333335,0.084945075099842,0.9356815885717192,-0.2132642415100018,0.707873366987306,-0.0086796492784355,1.332284792360775,0.0781265125620671,0.3112428465379118,-0.0839255287042662,False,False,GRASP,GRASP
vid3,2.8666666666666667,0.0659744265934397,0.9628714584472152,-0.1843763048526907,0.708154988826518,0.0052744716480671,1.3276026981654707,0.0627855040987205,0.3157868398060562,-0.0425076740953042,False,False,GRASP,GRASP
vid3,2.9,0.0335283064227797,0.9568662230282252,-0.2757296631667511,0.7087533830321447,0.0069155893191196,1.3291015837411313,0.020451812089694,0.3157339181336319,-0.0032654444481859,False,False,GRASP,GRASP
vid3,2.933333333333333,0.1469952991731124,0.9169373835949916,-0.5311050294850238,0.7089262167782852,0.0026208219380557,1.3347030149255048,0.1466500611178571,0.3113354605389104,-0.1190316158428583,False,False,GRASP,GRASP
vid3,2.966666666666667,0.0457109712878624,0.9000649750504955,-0.1102736208056942,0.708694381748111,-0.0050148484703405,1.3406497309802596,0.0414525601802354,0.3058203564857936,-0.0453632382561336,False,False,GRASP,GRASP
vid3,3.0,0.0098828813749848,0.925849460753826,0.2103515196388268,0.7084271354523143,0.0001945971980751,1.3361999735990635,0.0098545642607654,0.3090499276202955,-0.0079610358203292,False,False,GRASP,GRASP
vid3,3.033333333333333,0.0168325285288396,0.923934218001349,0.3611494238717526,0.7086270110345843,0.0022424987982948,1.340566322188834,-0.0144607144680218,0.3057539380169718,0.0168287479952938,False,False,GRASP,GRASP
vid3,3.0666666666666664,0.0358629478636786,0.9382063167754812,0.4023513604550406,0.7088648111126233,-0.0059511316007644,1.3353845790167735,-0.0276303261473556,0.3106324478161368,0.0113166554874805,False,False,GRASP,GRASP
vid3,3.1,0.0359932437090391,0.9545944541821806,0.3580450431451211,0.7084702249065553,-0.0049314651520596,1.3387160550713986,-0.0306035323787331,0.3070038776381573,0.0159139347117537,False,False,GRASP,GRASP
vid3,3.1333333333333333,0.0749048450478692,0.9847889458285118,-0.2524548305499671,0.7079778056481981,-0.007732940915065,1.3331547951042344,-0.0687615560683551,0.3107176543447417,0.0425707236251278,False,False,GRASP,GRASP
vid3,3.1666666666666665,0.0281959165764499,0.9459380875270644,-0.9033042767520107,0.7079603458414193,-0.0072120032802517,1.3339769459385329,-0.0052280567481707,0.3099848817104463,-0.0102485552223569,False,False,GRASP,GRASP
vid3,3.2,0.0386394646753334,0.899396458400893,-0.9943027488489256,0.7080276040456405,-0.0099924786786816,1.3304721713233942,0.0043925101054314,0.3130940425971719,-0.0240678141897799,False,False,GRASP,GRASP
vid3,3.2333333333333334,0.1125150134877692,0.8586703407279429,-0.7603745939055371,0.707233965616375,-0.0220430254089378,1.3353347912353075,0.0740819944760216,0.3073545883096988,-0.1077007790730669,False,False,GRASP,GRASP
vid3,3.2666666666666666,0.0705707523931335,0.8597954472343405,-0.2327268559962953,0.7062214588533747,-0.0175436361734371,1.3374494287251022,0.020919258728874,0.3034999970227745,-0.0534560596514584,False,False,GRASP,GRASP
vid3,3.3,0.0088268604884282,0.8477497758661227,-0.0543863009983853,0.7055765345086955,0.0022389415743403,1.3380348138985625,-0.0019816654794507,0.3016906193546111,0.0062386051226118,False,False,GRASP,GRASP
vid3,3.3333333333333335,0.1762221467093354,0.8528716333483193,0.0554311757646901,0.7060133763658843,0.0303682313757938,1.336759621164708,-0.1320710100952017,0.3036613755181677,0.1738270559883055,False,False,GRASP,GRASP
vid3,3.3666666666666667,0.354949715168577,0.8597798697174724,-0.0923307092681375,0.7075053209296337,0.0743167569402961,1.3311221186035829,-0.2108880888241301,0.3114795863447592,0.3301387503225426,False,False,GRASP,GRASP
vid3,3.4,0.5774688360821343,0.8527909472675679,0.029230523806889,0.7105853393728456,0.1228739135989637,1.32250314776723,-0.3326166641077779,0.3250592493195896,0.5322239599338423,False,False,GRASP,GRASP
vid3,3.433333333333333,1.030436705977024,0.8612693172688106,-1.0737181385966803,0.7147526355467549,0.2295121497451752,1.3091835299295522,-0.5332350879271924,0.3448387970302943,0.9194536900464038,False,False,GRASP,GRASP
vid3,3.466666666666667,1.7686078393207367,0.8032339274960664,-1.1314781869574682,0.7237410033587556,0.386643004659929,1.2938821915473373,-0.9599787833809014,0.3761137079448737,1.601242834583016,False,False,GRASP,GRASP
vid3,3.5,2.6643936828771424,0.7524144946204444,-1.150990779920927,0.7396972561238812,0.5504360615470357,1.2545712919799763,-1.620867868036444,0.4419352609128413,2.49516273302408,False,False,GRASP,GRASP
vid3,3.533333333333333,3.5724454509959216,0.7067244638547016,-1.3052032923762498,0.7620627220291555,0.7114174518349702,1.1866215153902178,-2.300532337612995,0.5450920169349359,3.399281159355397,False,False,GRASP,GRASP
vid3,3.5666666666666664,4.284359226509292,0.6966532110477207,-0.2943302020327743,0.7879997608424026,0.8133084341748956,1.094780040909024,-2.9313594179858415,0.6757812341036004,4.141686363060337,False,False,GRASP,GRASP
vid3,3.6,4.673546755724592,0.6628157599755898,-0.2650410795107883,0.8174685682225188,0.8481833330142287,0.9889911972602028,-3.3502168862661987,0.8254885558802796,4.567898368947149,False,False,GRASP,GRASP
vid3,3.6333333333333337,4.8517727257624355,0.6706870858826339,0.459865394935967,0.8475207545827628,0.80986536261801,0.8695242337962263,-3.7228105219875096,0.9879833003314014,4.805869815142012,False,False,GRASP,GRASP
vid3,3.6666666666666665,4.696298041024559,0.7125103357358817,0.9692479625232552,0.8737990680629385,0.6828709524731331,0.7363138704790224,-3.8952213850576736,1.1544503165231763,4.693547688338166,False,False,GRASP,GRASP
vid3,3.7,4.27270929617383,0.7391171301550535,1.005277149596219,0.8938709666001046,0.5175938651560348,0.601625481713322,-3.781794377532143,1.3095357313775355,4.260883720208966,False,False,GRASP,GRASP
vid3,3.7333333333333334,3.55887851503111,0.7882513215166337,0.442475521196823,0.9083372184593042,0.3481927049143585,0.4737518280149972,-3.297911723740217,1.447429886980838,3.5056577427193827,False,False,GRASP,GRASP
vid3,3.7666666666666666,2.711094727769966,0.7919317846806132,-0.2544643638620271,0.9166989323089768,0.196113464774975,0.374011124811458,-2.604300937378553,1.549038151216794,2.607835128943491,False,False,GRASP,GRASP
vid3,3.8,1.9297811847138835,0.7524461140231276,-0.1026529213063651,0.9202172210300692,0.0968008542558661,0.3009250852175184,-1.8936088492428256,1.6181815694144197,1.802949186920585,False,False,GRASP,GRASP
vid3,3.8333333333333335,1.3344432979646013,0.7412962572292852,0.0126918884905548,0.9210719009877848,0.0538245081352557,0.2534150168202617,-1.318324685786189,1.660212609882215,1.2275860151945963,False,False,GRASP,GRASP
vid3,3.8666666666666663,0.9556198929910786,0.7730806750644833,0.8429234023614962,0.9225541624564844,0.0518573772821652,0.2170724725986803,-0.9346222557943936,1.6940506255987438,0.8981811365066263,False,False,GRASP,GRASP
vid3,3.9,0.5856285569001912,0.8197518631551574,0.6178518598634238,0.9250990723014016,0.0337222580825909,0.1929658413563509,-0.5711187520422374,1.719675276686764,0.5529911681856258,False,False,GRASP,HOLD
vid3,3.933333333333333,0.2926888282450247,0.819993188599604,-0.0728475663215196,0.9261727957753664,-0.0105965462663801,0.1787137613788005,-0.2898438749590287,1.733947693690027,0.2242306160195562,False,False,HOLD,HOLD
vid3,3.966666666666667,0.2096275369447828,0.813617628527877,-0.1356619697353111,0.9243210592021548,-0.0517816294376321,0.1761689241485574,-0.066098052418759,1.732336078583787,-0.0493625776761508,False,False,HOLD,HOLD
vid3,4.0,0.2624655335135432,0.7888854861883166,-0.2186052843845807,0.9212867950902992,-0.0681957841053028,0.179171453075008,-0.0157301178879654,1.723612605641175,-0.1254932863904052,False,False,HOLD,HOLD
vid3,4.033333333333333,0.1594595036565922,0.7967038753805877,0.1497143040936082,0.9189091241593248,-0.0380144191265691,0.1789982535472745,-0.064020912450993,1.7189190154956708,-0.0230967580806933,False,False,HOLD,HOLD
vid3,4.066666666666666,0.2324511914027616,0.8081142858631997,0.3137981772787708,0.918223173670398,0.0108608492596512,0.1759977592105975,-0.2286756963996601,1.7200671342657046,0.2160397858608957,False,False,HOLD,HOLD
vid3,4.1,0.341011396675401,0.8205622329891883,0.2056842969297496,0.9199894822283212,0.0174639862026121,0.1643277099336551,-0.3343460949901787,1.7335598187832493,0.319096630613384,False,False,HOLD,HOLD
vid3,4.133333333333333,0.2902629113944516,0.8255944165293749,0.0137217195491943,0.921328193180398,0.0068284661589526,0.1495854127362251,-0.2890750079503097,1.7487874288479857,0.259052490191023,False,False,HOLD,HOLD
vid3,4.166666666666667,0.2222976413237844,0.8244823361901031,-0.2303871974954575,0.9205474771829836,-0.0156261252237438,0.1395248334389156,-0.2140382423720629,1.755729953290846,0.1497041463889002,False,False,HOLD,HOLD
vid3,4.2,0.1342207974339516,0.8040899353537587,-0.1903524451340534,0.9188165198752488,-0.0258788215295979,0.1382165834632809,-0.0901703851400018,1.7533155289893747,0.0237850948080291,False,False,HOLD,HOLD
vid3,4.233333333333333,0.155683850287864,0.8002280516519982,-0.0416851169936349,0.9187196818256136,-0.0054188567501007,0.1379945077037465,-0.1542856701664773,1.7533067177985908,0.1198107695641941,False,False,HOLD,HOLD
vid3,4.266666666666667,0.2138951102596176,0.8047298864737269,0.1287422294637636,0.9189109944484388,-0.0044783006437262,0.1291793741618034,-0.2132020570571195,1.7611718976262978,0.17168980528074,False,False,HOLD,HOLD
vid3,4.3,0.1743883477270201,0.8182539611118791,0.1613186381270786,0.9186694304583922,-0.0083525577271339,0.1197244902265462,-0.1714106402759424,1.7686983679560708,0.1283612193053795,False,False,HOLD,HOLD
vid3,4.333333333333333,0.104687138750092,0.8155647700501661,-0.0357194298819496,0.9181805902129828,-0.0083099991491689,0.1141936004936728,-0.0997004270458001,1.772393675249243,0.0676337635586841,False,False,HOLD,HOLD
vid3,4.366666666666666,0.0231202545339853,0.8118396399451759,0.1358831590097776,0.9178406707027852,-0.0059705760363355,0.115893808798286,0.0028997739576285,1.7702597980739838,-0.0146140875565066,False,False,HOLD,HOLD
vid3,4.4,0.0417579078334105,0.8203787101816226,-0.0132615622988719,0.9179908070173056,-0.0064845179632699,0.1169190335735365,-0.0335128036415405,1.769696000772769,0.0152194408341372,False,False,HOLD,HOLD
vid3,4.433333333333334,0.0848903509622633,0.8237360641055361,-0.1394731532853193,0.9177889760421024,-0.0163845539396052,0.1142467369808966,-0.0569576606469262,1.7715513628684718,0.0149473982543621,False,False,HOLD,HOLD
vid3,4.466666666666667,0.0923096737993534,0.8112939899310745,-0.171209637523424,0.9168339727481064,-0.0217835868812836,0.1111959494217456,-0.0389539183702816,1.7721943941347356,-0.0113121124985623,False,False,HOLD,HOLD
vid3,4.5,0.0760900028436335,0.7961081232485149,-0.2449444493803859,0.9158324598407164,-0.0188836892329597,0.1102899377860305,-0.0229478228339793,1.7709238562223253,-0.0189825137123984,False,False,HOLD,HOLD
vid3,4.533333333333333,0.025641765203089,0.7968259361599963,0.1210753171794857,0.9152521613791834,0.0021544813293808,0.1113100456658933,0.0242691243079531,1.7688773760935166,-0.0161954133285397,False,False,HOLD,HOLD
vid3,4.566666666666666,0.0955411346194652,0.807197238625974,0.2150169909777145,0.9158199730787228,0.024054164760679,0.1119600546420221,0.0242552168474029,1.7694820871887138,0.0283998497594919,False,False,HOLD,HOLD
vid3,4.6,0.1107804160809282,0.8120038535826085,0.2997837741113012,0.9172139383969818,0.0285136577737326,0.1127208880698956,0.0165087368385025,1.7716747002769366,0.0440479340476641,False,False,HOLD,HOLD
vid3,4.633333333333333,0.1037513708565215,0.8291536141520424,0.3023989570454946,0.9184380850056748,0.0268072221191727,0.1140265184611557,0.0125653648226022,1.7730595787460643,0.0439181554780397,False,False,HOLD,HOLD
vid3,4.666666666666667,0.1662602695241574,0.8385808790011446,-0.0439559474154562,0.9191549331356932,-0.0019594801578872,0.1109978559385184,0.1660897583698366,1.7770874090486213,-0.1448421174823789,False,False,HOLD,HOLD
vid3,4.7,0.3320044349093283,0.8362544996376583,-0.4423157547365943,0.9185977921554268,-0.0283120135129137,0.1194452942398364,0.3136818507315873,1.7687892995249743,-0.3236567063365527,False,False,HOLD,HOLD
vid3,4.733333333333333,0.4722400376290695,0.7992954780897594,-0.4674793743938167,0.917224886364604,-0.0519926522183738,0.135750624984067,0.4279166865611737,1.7521665394057058,-0.4687431028240977,False,False,HOLD,HOLD
vid3,4.766666666666667,0.6145549491688491,0.7751897153931759,0.2978657572291054,0.9146707192028278,-0.071783251676752,0.1529613710626267,0.5492043036829277,1.7323711217203008,-0.6118912766388185,False,False,HOLD,HOLD
vid3,4.8,0.7004872418087551,0.8134588030536413,0.7129189340359179,0.9125556574771778,-0.0936497604012615,0.1672295966760491,0.6010315427097386,1.7159650515055038,-0.7003594792403858,False,False,HOLD,HOLD
vid3,4.833333333333333,0.8612467691158355,0.8594077456260092,0.9955363580160956,0.9088840135121204,-0.1176418803758999,0.1920077624430488,0.733132003777414,1.6874770930979726,-0.8612309964773275,False,False,HOLD,HOLD
vid3,4.866666666666666,1.0241786712221757,0.8893886070145093,0.4268117120297634,0.9042938919748796,-0.1286855451439904,0.219231989334849,0.8969547490988301,1.6550449034600103,-1.022644187355708,False,False,HOLD,HOLD
vid3,4.9,1.136760662395914,0.881943530725204,-0.2278806894142628,0.8995508884170523,-0.1366453450497199,0.2496583212003497,1.0082852989243651,1.6195859196513134,-1.1332630433622026,False,False,HOLD,HOLD
vid3,4.933333333333334,1.275255029111666,0.8746963176197178,-0.2990750562238485,0.895652099973305,-0.1428088268520963,0.2854925789090722,1.1512029335065883,1.5812593821768122,-1.267012484825141,False,False,HOLD,HOLD
vid3,4.966666666666667,1.510797665177951,0.8495007692703435,-0.568195167759039,0.8906376829577407,-0.1629533706952489,0.3274221390925826,1.3749884199834386,1.5354925007600937,-1.4978048960682473,False,False,HOLD,HOLD
vid3,5.0,1.7139304001795188,0.8386837767224632,-0.621039021294855,0.8846855224705532,-0.1944112802857371,0.3748785112524525,1.5426332559423104,1.483129524997764,-1.7040188308251156,False,False,HOLD,HOLD
vid3,5.033333333333333,2.0271177199789823,0.8183442665759798,-0.959960816112245,0.8780329177704472,-0.2455493595827672,0.4301713520592303,1.7942407133037308,1.4226948373287218,-2.021502533110639,False,False,HOLD,HOLD
vid3,5.066666666666666,2.2562773508349094,0.7732789917757913,-1.1430795965546157,0.8691312546636188,-0.2952400626459379,0.495787251230304,1.950452533662569,1.3489270012895531,-2.2551390576931314,False,False,HOLD,HOLD
vid3,5.1,2.457407180012626,0.7211891268621153,-0.6570748198988083,0.8574894669211687,-0.3223238761978219,0.5618550710184685,2.1226076464533348,1.2691975549877748,-2.4562731451152104,False,False,HOLD,HOLD
vid3,5.133333333333333,2.6863304019180747,0.7130852760620917,-0.1322296336809866,0.84605162593888,-0.3267151475551508,0.6347832624351291,2.3750617941460668,1.1840653422589646,-2.679307535356749,False,False,HOLD,HOLD
vid3,5.166666666666667,2.8411835684991575,0.7328567619684527,0.2262052882495712,0.8361361536263023,-0.3282129508866348,0.7176715197120741,2.5460544666313707,1.093585705528019,-2.8273677026217237,False,False,HOLD,HOLD
vid3,5.2,2.996834378011771,0.7473165780004738,0.0793019479824251,0.8253015058787797,-0.342844701578731,0.8106077241636199,2.691870609228616,0.992713610850794,-2.9808149718046963,False,False,HOLD,HOLD
vid3,5.233333333333333,3.044397344803036,0.7309176698120066,-0.1518995304836911,0.8130656363590877,-0.3798665672461822,0.9010992312720242,2.6718165663767124,0.8910621370375302,-3.039177342583735,False,False,HOLD,HOLD
vid3,5.266666666666667,3.1270738074601976,0.7294004199810172,-0.1953614788709855,0.8001504106268962,-0.4278363910642945,0.9872136321013572,2.6602600089471435,0.7917396472140491,-3.1270339353803434,False,False,HOLD,HOLD
vid3,5.3,3.361971327352523,0.7220533308077277,-0.1679017059463999,0.7857045254264403,-0.4965863262743185,1.0755758239236777,2.768253809572949,0.6873947873258014,-3.3585798659847987,False,False,HOLD,HOLD
vid3,5.333333333333333,3.283002780935949,0.7089677203752243,0.5291166249454502,0.767002582694004,-0.5488095829573852,1.1751798435976213,2.516488508748784,0.5648517560275347,-3.2513857520858345,False,False,HOLD,HOLD
vid3,5.366666666666666,2.837677699835361,0.7463004146494182,0.1738294620024935,0.7467499121945433,-0.5384318418923932,1.261107347805332,1.9425635322858,0.4507501632233004,-2.743539622670484,False,False,HOLD,HOLD
vid3,5.4,1.94631424764798,0.7642870123845305,-0.0733093582522459,0.7281897012648513,-0.4214961332349154,1.313923458113858,1.0798197513308256,0.3681743200138098,-1.7738285334559458,False,False,HOLD,HOLD
vid3,5.433333333333334,0.9754065547340588,0.7443275323111127,-0.5192049348293815,0.716602033086155,-0.2401249953781895,1.3248895637518885,0.3168509509881713,0.3352842516038875,-0.7575540436337809,False,False,HOLD,HOLD
vid3,5.466666666666667,0.2334231307351351,0.685582394256283,-0.6200145028492107,0.712117011822594,-0.0567301246639081,1.325056336089253,-0.0835840173224025,0.3260121943473369,-0.0446077117546903,False,False,HOLD,HOLD
vid3,5.5,0.4133004873917639,0.7020988040173575,-0.0405118250419638,0.7147429211079153,0.0678520096969283,1.314949434114724,-0.3207286447824763,0.3399292251604457,0.4101284572964545,False,False,HOLD,HOLD
vid3,5.533333333333333,0.5249024409259857,0.7050412256626221,-0.0537626365636987,0.7192875517795438,0.099152867290913,1.3016387054490914,-0.3611360675009922,0.3604694135555876,0.5081185324263215,False,False,HOLD,HOLD
vid3,5.566666666666666,0.4837593066278772,0.6994962694062673,0.0516586727238713,0.7232484028527176,0.0780959053494546,1.286116779627318,-0.379481649590598,0.3816963544253036,0.4808087145458857,False,False,HOLD,HOLD
vid3,5.6,0.5662661128914265,0.6859492622887746,0.4253549021628944,0.7241019258481288,0.0657521899756925,1.27865989763975,-0.5068012774848416,0.3897577949778515,0.5636531811340703,False,False,HOLD,HOLD
vid3,5.633333333333333,0.8086867481807678,0.7068610187877407,2.154477050365126,0.7261691129896548,0.0659751588940985,1.2616748764500874,-0.7679394396565148,0.4083703898835275,0.7855662323104153,False,False,HOLD,HOLD
vid3,5.666666666666667,1.3031093230612762,0.8176552111312466,3.147904763354075,0.7290000990924866,0.0676239661800279,1.230667186797182,-1.2769492783985488,0.440429902913762,1.2205904519820965,False,False,HOLD,HOLD
vid3,5.7,1.9641634220849729,0.9577203814298776,3.764687223607083,0.731443671244144,0.0841631020542165,1.179115845028475,-1.9373670972547552,0.4891228328696901,1.814330532147426,False,False,RELEASE,RELEASE
vid3,5.733333333333333,2.4042402893889188,1.1017601057782536,3.2025924493273084,0.7315083389593302,0.2149448721464555,1.1014752507271337,-2.2579793974462308,0.5550978607320309,2.3524729972878435,False,False,RELEASE,RELEASE
vid3,5.766666666666667,2.516153566452235,1.1668112322311466,2.4405531471168023,0.7421394918107567,0.3355095265690132,1.0092814380752346,-2.1609303661419657,0.6549260916754454,2.515616264531371,False,False,RELEASE,RELEASE
vid3,5.8,2.5410313608237645,1.2368517676785389,3.1591418627079286,0.7572561999023586,0.4768067139535951,0.9420075006770912,-1.7610748889476422,0.7427526478763502,2.4641708471151893,False,False,RELEASE,RELEASE
vid3,5.833333333333333,1.9777411131209268,1.3501980045128297,3.3104094092123666,0.7778987555630646,0.4310328575732347,0.8973816480256385,-1.0813570811755395,0.8226219607600895,1.79454717543023,False,False,RELEASE,RELEASE
vid3,5.866666666666666,1.2431733505330953,1.5027843629397033,3.2128266335071283,0.7889134696549504,0.2831959968019844,0.8704378344090995,-0.6014829685292133,0.8678955578311832,1.086621347974944,False,False,RELEASE,RELEASE
vid3,5.9,0.9229545369476788,1.6027167660810542,1.9852792863123945,0.7967138527532089,0.2188111353892013,0.8588384263399272,-0.3810420495760103,0.8936125294789838,0.7686006819338005,False,False,RELEASE,RELEASE
vid3,5.933333333333334,0.4060689814902257,1.622952673419323,0.3644104525219035,0.7996568874555086,0.1007700427317756,0.8559307996253994,-0.1225432897728453,0.902069795048864,0.3090713469618842,False,False,RELEASE,RELEASE
vid3,5.966666666666667,0.235866897546127,1.6107217550136992,-0.1940985111737526,0.8053063488437173,0.0502099151019615,0.849803025782439,-0.1357364585103598,0.9187676726090231,0.2173293365646158,False,False,RELEASE,RELEASE
vid3,6.0,0.0968834381819758,1.5899981249446289,-0.3682489216492915,0.8044474820836365,-0.0241997858665145,0.8444871503529807,-0.0272561357557316,0.9215273347167318,-0.0261513660701983,False,False,RELEASE,RELEASE
vid3,6.033333333333333,0.4058496588976228,1.575498367738071,-0.0418276455168912,0.8009720142545198,-0.0937493727600129,0.8477831318452788,0.1870694217293105,0.9116567938941292,-0.3495002486029205,False,False,RELEASE,RELEASE
vid3,6.066666666666666,0.5042299160453783,1.5914889868974678,0.0404176425462638,0.7974429578668358,-0.1053832114452802,0.8551245158208506,0.3005598608181096,0.8982464395566678,-0.4694304300376544,False,False,RELEASE,RELEASE
vid3,6.1,0.5494979945523019,1.587994109452444,0.1845050911042801,0.7942104945704035,-0.0779202032692677,0.8706016606098235,0.4607991859331983,0.8785403303368275,-0.54941264008973,False,False,RELEASE,RELEASE
vid3,6.133333333333333,0.5064754821105674,1.5955257462589432,0.3437075597557965,0.7907443277100116,-0.0637760546761174,0.8884869751574671,0.4432668679681988,0.856316189634824,-0.5057495786744591,False,False,RELEASE,RELEASE
vid3,6.166666666666667,0.3219272645658804,1.6073393028789893,0.2537052667999848,0.7899379135086957,-0.0175964025549881,0.9037402376966666,0.3147493939915737,0.8417389056208161,-0.3027471536907075,False,False,RELEASE,RELEASE
vid3,6.2,0.151476009210808,1.6310914556823135,0.2108453761518688,0.790162379622515,0.021099959245733,0.9126340715483904,0.1279609450664225,0.8346534278438369,-0.0655623392806396,False,False,RELEASE,RELEASE
vid3,6.233333333333333,0.2976742174348301,1.6176550793886428,0.1503021057076032,0.790665148349874,0.0760452922355013,0.910882029901448,-0.0570822586055825,0.8371627915960166,0.2032221385635015,False,False,RELEASE,RELEASE
vid3,6.266666666666667,0.3044305582134703,1.62808730300342,-0.1732487548162542,0.7952768401699541,0.0744089574867055,0.9051618506145696,-0.1046903135461482,0.8514023114624361,0.2402650585107125,False,False,RELEASE,RELEASE
vid3,6.3,0.223852765405054,1.6237738333930527,-0.2968786413377625,0.7987142547316904,0.0372053873825308,0.9021498430900612,-0.172277644863066,0.8609545581664267,0.2218435442940133,False,False,RELEASE,RELEASE
vid3,6.333333333333333,0.256302700101934,1.6088772784846137,-0.4380584489467515,0.7991876652015611,-0.0599351955791368,0.8951990953647434,-0.1125707977824385,0.8678129350921859,-0.02655026841049,False,False,RELEASE,RELEASE
vid3,6.366666666666666,0.6322093189619097,1.5749541205315607,-0.6164252435197707,0.7937461289063962,-0.1598672311671112,0.8924593983878494,-0.1499215345707706,0.8590584419086211,-0.1983169094198836,False,False,RELEASE,RELEASE
vid3,6.4,0.8719785985876769,1.5700403962028255,-0.1903245691184484,0.7878663314127063,-0.2120690906809115,0.8884177971669507,-0.3107582857127134,0.8505158191494692,-0.1681915090758886,False,False,RELEASE,RELEASE
vid3,6.433333333333334,1.1463988372106142,1.5638419879516905,-0.1552097501106201,0.7789528097388946,-0.2515890102641411,0.8804812642803754,-0.6164480980849221,0.8391002381782596,0.0105949828814453,False,False,RELEASE,RELEASE
vid3,6.466666666666667,1.4381000896124854,1.5639429912212597,-0.1926626685159426,0.7711279291307696,-0.3056669215197812,0.8457062977766273,-0.8301408269497085,0.8526613446520293,0.0817258055338691,False,False,RELEASE,RELEASE
vid3,6.5,1.7630406010513535,1.561373743999983,-0.6310100927462103,0.7596307880366342,-0.3628299350480307,0.8162810772718568,-1.079495848446404,0.854209576814105,0.1768194956067582,False,False,RELEASE,RELEASE
vid3,6.533333333333333,2.213994535368384,1.5312302839994527,-1.2432135313535,0.7475909676854443,-0.4821730253591405,0.7781669758843265,-1.212584818046188,0.8620216559997879,0.046726889277309,False,False,RETRACT,RELEASE
vid3,6.566666666666666,2.781716780127925,1.4959219502302534,-3.26467151499865,0.7290033059639336,-0.6355481610234696,0.7379822827876718,-1.3327926523755689,0.8582595843589927,-0.1635721916877526,False,False,RETRACT,RETRACT
vid3,6.6,3.308541949993098,1.3437209920056503,-4.728587713100289,0.7056741650678164,-0.766433916183528,0.6822625928953898,-1.50880999663385,0.858019297484365,-0.2807578462874778,False,False,RETRACT,RETRACT
vid3,6.633333333333333,3.823011437607336,1.1238953268029117,-4.569685713149997,0.6761058542598193,-0.9192039542616915,0.6371748799505689,-1.4644878899661016,0.8360607967574265,-0.6293552578705226,False,False,RETRACT,RETRACT
vid3,6.666666666666667,4.137344762697894,0.9477448959617628,-3.024636772880907,0.6442832986469219,-0.9970133184809894,0.5862508265557359,-1.5640711132794534,0.8144626237482344,-0.7033079928090068,False,False,RETRACT,RETRACT
vid3,6.7,4.438447986117039,0.9401595465888616,-0.8805805203427032,0.6089425933245276,-1.0741329756278315,0.5342287841022673,-1.634339767219749,0.7866333400282799,-0.8007169420497862,False,False,RETRACT,RETRACT
vid3,6.733333333333333,4.543115517422883,0.9473532461894882,-0.0355910859059538,0.5713343458789788,-1.1021544654796929,0.4751208566758454,-1.6465353839681207,0.7601969938839548,-0.8474206750957605,False,False,RETRACT,RETRACT
vid3,6.766666666666667,4.606815921839516,0.9439992110419528,-0.0547461586427871,0.5346515908650291,-1.109208925625461,0.4228990445303943,-1.750339354728032,0.7298049750697895,-0.7737508553127733,False,False,RETRACT,RETRACT
vid3,6.8,4.772321678892551,0.9287279994952462,0.2784417336031078,0.4979683720609045,-1.13966631048014,0.3646826181907713,-1.8986970797683145,0.7044957655650818,-0.7099408424824525,False,False,RETRACT,RETRACT
vid3,6.833333333333333,4.969909572325674,0.9627221660581128,0.6142551502730034,0.4597523821677869,-1.16754350881804,0.2990918591707873,-2.1402566723373617,0.6823199627226036,-0.5618379058106467,False,False,RETRACT,RETRACT
vid3,6.866666666666666,5.123578052430614,0.985915641523292,0.4967924439124759,0.4191116307135334,-1.1859019990304864,0.2180074406108026,-2.343941564175011,0.6683472720285853,-0.426476514770877,False,False,RETRACT,RETRACT
vid3,6.8999999999999995,5.074058534862959,1.0106419524080552,-0.0300973130233999,0.3792890116973436,-1.1737777068233384,0.1387779414497032,-2.326227933343394,0.6544670679650233,-0.4168159355163008,False,False,RETRACT,RETRACT
vid3,6.933333333333334,4.921787025025031,0.9812728450981998,-0.4819849168888337,0.3408138479777688,-1.1286952276398154,0.0602508568054269,-2.3283664560680357,0.6427343340509644,-0.3232232506899094,False,False,RETRACT,RETRACT
vid3,6.966666666666667,4.659815403257238,0.9596412098405452,-0.3474116725364981,0.303711558433446,-1.0789723460398206,-0.0163475590935721,-2.1286939858877068,0.6321608889683372,-0.3913301319426263,False,False,RETRACT,RETRACT
vid3,7.0,4.279264702226863,0.9401447973602528,0.25090883275339,0.2680974577194302,-1.0048348618908212,-0.0876195686002266,-1.846539533348548,0.6201000275095084,-0.4796827944213866,False,False,RETRACT,RETRACT
vid3,7.033333333333333,3.804692683645423,0.9783986653364242,0.8336385979503804,0.2362012579137631,-0.9133028549657262,-0.1439259536909998,-1.4712577286398174,0.6029164345242418,-0.6116005894645598,False,False,RETRACT,RETRACT
vid3,7.066666666666666,3.4534165407916944,1.0131248124993133,0.9625606770464584,0.2076721395658076,-0.8516896867375143,-0.1821115926880572,-1.1045491488969787,0.5772201983266179,-0.7971567304121641,False,False,RETRACT,RETRACT
vid3,7.1,3.231612144900696,1.0560352632401966,0.6233574989452554,0.1809484959588584,-0.8142081846813908,-0.2148315387223273,-0.8116884549667803,0.5505643552990321,-0.9692132627712808,False,False,RETRACT,RETRACT
vid3,7.133333333333333,3.1344424514572977,1.0561455299678109,0.1942538489312451,0.153712300780771,-0.7906432007490961,-0.2346064716702735,-0.7735783538279462,0.5118869940587066,-0.9535589724188652,False,False,RETRACT,RETRACT
vid3,7.166666666666667,2.8613838878398807,1.061022853108568,0.0365604112026377,0.1268464764248147,-0.7264460131392656,-0.2606702359160946,-0.631399673604413,0.4792969006532014,-0.9434411905468438,False,False,RETRACT,RETRACT
vid3,7.2,2.738568508461952,1.052266582083866,-0.1366067421563041,0.1047020954494616,-0.689764803620907,-0.2786252110965851,-0.6911063467010299,0.4494420549184397,-0.8181309753904032,False,False,RETRACT,RETRACT
vid3,7.233333333333333,2.517971949511532,1.0572950979444509,-0.1380186617237048,0.0827263603179758,-0.6330445591301882,-0.3067181509098091,-0.6522630978631541,0.4285280754109748,-0.7356008128242968,False,False,RETRACT,RETRACT
vid3,7.266666666666667,2.226978147719458,1.0411933709432055,-0.1970691607682035,0.0616892819366031,-0.570170926016085,-0.3240937375258951,-0.4015563953416184,0.4004361285191422,-0.820215097030284,False,False,RETRACT,RETRACT
vid3,7.3,1.9026927020960596,1.028723751628133,0.4951297208851513,0.0425521975585113,-0.494501413555159,-0.3426499793836244,-0.1054283813713835,0.3772134563122916,-0.917299177300938,False,False,RETRACT,RETRACT
vid3,7.333333333333333,1.650307963881928,1.0641982038396147,0.613109332617567,0.0299686642706086,-0.4139517887773388,-0.332888876233294,0.4409247456466182,0.3433179080374069,-1.216652584822411,False,False,RETRACT,RETRACT
vid3,7.366666666666666,1.8635743715199429,1.095962000376881,1.0960621124924832,0.0167831134791221,-0.3793720798265018,-0.315878096898879,1.1613350786388812,0.3020486567666288,-1.7572015639932574,False,False,RETRACT,RETRACT
vid3,7.4,2.319083518724759,1.147987978582535,0.2071614714855785,0.0051546121648592,-0.411705023781443,-0.2599403389521657,1.6960029559483631,0.2309370933421699,-2.276452068987001,False,False,RETRACT,RETRACT
vid3,7.433333333333334,2.3149349964268975,1.1250278463324388,-0.6769566123188947,-0.0107211419374027,-0.3602753672815847,-0.1880034576024177,1.8555826371806765,0.1376108421421842,-2.3070834609907225,False,False,RETRACT,RETRACT
vid3,7.466666666666667,1.7046194729099562,1.09086838478177,-0.6469896012337436,-0.022572290064889,-0.2371173913532964,-0.1140171251245807,1.4407945816859458,0.0507398567455167,-1.7045954704183506,False,False,RETRACT,RETRACT
vid3,7.5,0.756308468002382,1.0372127596898542,-0.5798294701736352,-0.0285734938587919,-0.1120739036129228,-0.0848534463744366,0.6217853285787556,0.0137902209191352,-0.7554677490345464,False,False,RETRACT,RETRACT
vid3,7.533333333333333,0.1323726912679773,1.0624578761276322,0.1600549958866767,-0.0263515004912983,0.0089029257143834,-0.0793711450898525,0.127877573301497,0.0136644797379775,-0.0903224083842929,False,False,REST,RETRACT
vid3,7.566666666666666,0.0516453181436907,1.0694440364797662,0.3287523525284802,-0.025987438634032,0.0132451846077467,-0.0917352428801119,-0.0088281537284747,0.0248910547137908,0.0344513498360489,False,False,REST,REST
vid3,7.6,0.0770721398508109,1.0779102325616916,0.3286354084360899,-0.0251232374748045,-0.0196931864584112,-0.0859909058673454,0.014701229448853,0.0217788940570395,-0.0525589018392473,False,False,REST,REST
vid3,7.633333333333333,0.2753525354966012,1.0928069041166073,-0.0349014999387969,-0.026333771934016,-0.055800833564218,-0.0805248365401141,-0.1728073832293643,0.0146789636725183,0.0329503299742918,False,False,REST,REST
vid3,7.666666666666667,0.1507441484200919,1.089299727996745,0.1809857308158227,-0.0297858037361745,-0.038197352163821,-0.095499569271166,-0.0344872834643047,0.0203506769963647,-0.0485152711057082,False,False,REST,REST
vid3,7.7,0.0665415965469219,1.0867733097051315,-0.0997244278432004,-0.0316779530293172,0.0005137641906728,-0.1010244195181616,-0.0665123168361285,0.0211839999452714,0.0574519258253237,False,False,REST,REST
vid3,7.733333333333333,0.1862508970515326,1.084526922396528,-0.0935457956447557,-0.0289680395278874,0.0382757287539337,-0.0940513543352806,0.1143088276449546,0.0207873211227872,-0.0190181087097391,False,False,REST,REST
vid3,7.766666666666667,0.3470597306642766,1.0864458468095193,0.4318783570152485,-0.0268025871846945,0.0632209905959456,-0.0831449262769435,0.2479091900356474,0.015946523836578,-0.0815346921345856,False,False,REST,REST
vid3,7.8,0.1649596498635923,1.0954419480168185,0.1990429438265952,-0.0252746553987792,0.0236139794031354,-0.0823593376759512,-0.1377736755242585,0.0183908727193378,0.164912886376629,False,False,REST,REST
vid3,7.833333333333333,0.1112320061796223,1.121650005509967,0.1456291072748944,-0.0251713315108299,0.0205653976683999,-0.086073742495182,-0.0782963058311847,0.0217512339050604,0.1082665796820347,False,False,REST,REST
vid3,7.866666666666666,0.2118518225874689,1.1198613899609615,-0.1740726162034079,-0.023819212448795,0.0131705301328197,-0.0927420048711133,-0.2057206803182486,0.0301589268391183,0.2012747624939859,False,False,REST,REST
vid3,7.9,0.116892198769012,1.0882029870645404,-0.4844457245280197,-0.0244043489955423,-0.0183628754879636,-0.1061301862775225,-0.093204127911491,0.0403215973465581,0.0416588659245794,False,False,REST,REST
vid3,7.933333333333334,0.1283144911210219,1.076968233777408,-0.0769152623098375,-0.0249765652794293,0.0121184170150323,-0.0985246744996802,0.1195705287927732,0.0327067961831084,-0.0767314794003337,False,False,REST,REST
vid3,7.966666666666667,0.0157523321743993,1.0867758799873342,0.0476761926885843,-0.0248856418668215,-0.0029568295171579,-0.0943759483514307,-0.0109131781655532,0.0293735567599578,0.0032354327163383,False,False,REST,REST
vid3,8.0,0.0740760389175558,1.093060253636547,-0.0828303738322752,-0.0241619047186417,0.0110553889825883,-0.0910832896606982,-0.0606906063067511,0.0280545932313484,0.0739754885429374,False,False,REST,REST
vid3,8.033333333333333,0.2088257809246244,1.0882155482927094,-0.4484717091802469,-0.0230869728946704,-0.0264267144740423,-0.1034313458113996,-0.1824848270758082,0.0407147561451077,0.1009572767851387,False,False,REST,REST
vid3,8.066666666666666,0.1319946766041238,1.0508874536578752,-0.2203727043606444,-0.0263935938508438,-0.0307668027714372,-0.1108302159334212,-0.0587491740360099,0.040257760754562,-0.0128127459988306,False,False,REST,REST
vid3,8.1,0.113121109882767,1.0536526670766386,-0.007155287812892,-0.0270979356155194,0.0073294743781163,-0.1075094437753455,0.1095604692506237,0.0360076663677118,-0.0779917632791228,False,False,REST,REST
vid3,8.133333333333333,0.0157760732601313,1.06458751339666,0.214336387170538,-0.0258744539573608,-0.00152742313105,-0.0973094256020712,0.0146441334358958,0.0298482745175208,-0.0155285430018914,False,False,REST,REST
vid3,8.166666666666666,0.0944702416623891,1.0841953708582712,0.1856901390332123,-0.0245498977018958,0.0230183392406199,-0.1017106900279315,0.0332337573219446,0.0362773194465618,0.0186768291584772,False,False,REST,REST
vid3,8.2,0.1004207290212455,1.0669851728201822,-0.0467500038437495,-0.0258627124091993,0.0171596316118274,-0.1046273453688643,0.0757521824509253,0.0360781654174764,-0.0293082516579774,False,False,REST,REST
vid3,8.233333333333333,0.0572660705617138,1.0731926650523549,0.2780270041847542,-0.024615076526809,0.0114255248464661,-0.0970343663691867,-0.0367788074726696,0.0321788555126043,0.0544505282303778,False,False,REST,REST
vid3,8.266666666666666,0.1698027760457793,1.0914890029258897,-0.122394066585678,-0.0229598755648888,0.0348015633453528,-0.0954224269524825,0.1046767996554976,0.0341815098318353,-0.0179223544844308,False,False,REST,REST
vid3,8.3,0.0831478332092251,1.0823267978652569,-0.013614007892829,-0.0222988163691407,-0.0096039014589739,-0.0983905455644692,-0.074513328257417,0.0380444203095605,0.0436396246651724,False,False,REST,REST
vid3,8.333333333333334,0.1742073152276324,1.071180608550909,-0.2025395379099291,-0.0239375526165945,-0.0284945701055869,-0.1009812066358115,-0.1355156334692372,0.0369052932422575,0.0569151388672013,False,False,REST,REST
vid3,8.366666666666667,0.1392515798378741,1.0629180913795602,-0.2248935066733771,-0.0241887334348447,-0.0362449797827229,-0.1015423653364563,0.0012984953840546,0.036869830857657,-0.0748888777814761,False,False,REST,REST
vid3,8.4,0.0487984401809602,1.0718292330515955,0.0761285783644679,-0.0273308116971354,-0.0075536923535632,-0.1099354614476803,-0.039231947458211,0.0375909690053717,0.0178929509360386,False,False,REST,REST
vid3,8.433333333333334,0.0577213847652043,1.0589893882923525,-0.1555095555256384,-0.025338551642723,-0.008431830176695,-0.1020469045615992,-0.0477748067285249,0.0349569023033757,0.0233500358436231,False,False,REST,REST
vid3,8.466666666666667,0.0858503349212367,1.0595744145768606,0.0622607527480783,-0.0260363042323569,-0.0058606760231563,-0.1058082115747115,0.082845237764171,0.0367262041528779,-0.0821883823243523,False,False,REST,REST
vid3,8.5,0.0413724622443771,1.065296400460268,0.1596670274443444,-0.0259172040410389,0.0104923164409307,-0.1051329657789189,0.0093190464629675,0.0363960242751983,0.0134572526184265,False,False,REST,REST
vid3,8.533333333333333,0.2038879469866735,1.0715419085394122,0.0926795315251446,-0.0266598632175455,-0.0441284196842762,-0.1017048415603575,-0.1132659957804484,0.0319768828484414,0.0062187983791169,False,False,REST,REST
vid3,8.566666666666666,0.1075791348459766,1.0782610614283783,-0.0878288934080896,-0.0271136581935711,0.0140139302198819,-0.1057305647548847,0.0931379676475262,0.0344670737127022,-0.0504563597841167,False,False,REST,REST
vid3,8.6,0.1261231773502925,1.0655429106492915,-0.1212820635813646,-0.0278912258395063,0.025545025627924,-0.1111391014513073,0.0792204314421615,0.0374708266142496,-0.0151784914651625,False,False,REST,REST
vid3,8.633333333333333,0.1787743260300578,1.059243963931055,-0.1381387351160014,-0.0256247842990725,0.0172146884106448,-0.0973274218360188,0.1660915330331112,0.0303718148404319,-0.1058087684419545,False,False,REST,REST
vid3,8.666666666666666,0.1376251579037285,1.0544592611810908,0.1775686549061629,-0.0233402068698014,0.0293115087817493,-0.0841924173653361,0.0791200808631479,0.0238835809051225,-0.0074255663572942,False,False,REST,REST
vid3,8.7,0.2002235337746655,1.074083263275242,0.210562695156436,-0.0245911682313902,-0.0328978528798725,-0.0958224442822675,-0.1552929406644779,0.0311997533654476,0.0647231314507272,False,False,REST,REST
vid3,8.733333333333333,0.0539603375201616,1.07673084804548,0.1146691867648498,-0.027385877048125,0.00626988849284,-0.1053114939700914,-0.0482856751431534,0.033557494966922,0.053713101079888,False,False,REST,REST
vid3,8.766666666666666,0.0630947460536199,1.0837777363694658,0.0034090967440291,-0.0244204477226171,-0.0040153697421119,-0.0990759884924831,-0.0611798934665353,0.0343064864305294,0.0437093154169075,False,False,REST,REST
vid3,8.8,0.0224724670876924,1.0697747899376848,-0.0832830002296642,-0.0254652460759772,0.0013424954816579,-0.0996621828619592,-0.0218726110775552,0.0326766056736614,0.021282202205222,False,False,REST,REST
vid3,8.833333333333334,0.0731600417650015,1.079158544276714,-0.1775073704631712,-0.0250770700812426,0.0073846723703955,-0.1044269712684311,-0.0674352669489079,0.037507651459996,0.0722224610315516,False,False,REST,REST
vid3,8.866666666666667,0.0898965655078704,1.0635708341117702,-0.2001265843369485,-0.0265144281059141,-0.0232048469865141,-0.1109009105029509,-0.0115762081667523,0.040071718639856,-0.0374232825928889,False,False,REST,REST
vid3,8.9,0.0394841599746903,1.0574524058684858,-0.0830109453262612,-0.0243434395367,-0.0102567614781427,-0.0999171763007473,-0.0025099488749623,0.0351766322809707,-0.0187521878028631,False,False,REST,REST
vid3,8.933333333333334,0.0869665237832034,1.0483385922104154,0.1674077776926631,-0.0275747296912253,-0.0223382008278402,-0.1063374157460228,-0.0140832871476319,0.0340430644953516,-0.033532823569001,False,False,REST,REST
vid3,8.966666666666667,0.160520185326265,1.0731845439949783,0.5275452733060279,-0.0277857039954942,-0.0209635825204466,-0.1054311730815176,-0.1388539475101183,0.0328450198525505,0.0750778243504073,False,False,REST,REST
vid3,9.0,0.193819291797252,1.093782043122848,0.2614985046449902,-0.0279925087362803,-0.0043147668488395,-0.1144378482635132,-0.1931091406441059,0.0400621482120675,0.1549828601655284,False,False,REST,REST
vid3,9.033333333333331,0.144202469298968,1.1013873267227217,0.1220940483459419,-0.0276880669809918,0.0335974441662438,-0.1179926906201178,-0.0642976577148652,0.0436966285053529,0.1229256730497287,False,False,REST,REST
vid3,9.066666666666666,0.3618155043045498,1.0911891421416644,-0.0736615220883803,-0.0281753453631148,0.0870491034589566,-0.125123953716095,-0.1380974923131699,0.0487523176641817,0.2943289961083084,False,False,REST,REST
vid3,9.1,0.6505172685834891,1.0868471120823873,0.0500406991034804,-0.022322452107192,0.1662580956610333,-0.1204744415885333,-0.1232834917054137,0.0567246276947763,0.4430199349138998,False,False,REST,REST
vid3,9.133333333333333,1.3104734240874305,1.109755682794929,-0.5996220713155168,-0.0167489784251591,0.3221715367305686,-0.1261853096086161,-0.4305843354268598,0.0729142507204381,1.0210367357539043,False,False,REST,REST
vid3,9.166666666666666,2.124833669650889,1.0831442979916963,-1.9044813720677427,-0.004400805081674,0.5153831495570252,-0.148004405529359,-0.7710686063577827,0.116556475083115,1.7031266348325005,False,False,REACH,REST
vid3,9.2,3.246175523698969,0.9562077142748944,-1.1636611300419513,0.0150430272852958,0.8126108542712888,-0.1826391035052514,-0.8896795775222778,0.1855123883759141,2.4088125104032128,False,True,REACH,REACH
vid3,9.233333333333333,4.612318812001129,0.9048368277968262,0.219664185273174,0.0491856770763273,1.1750867397905882,-0.2148472356038853,-0.9451825619953558,0.2823343591308232,3.193811961967405,False,False,REACH,REACH
vid3,9.266666666666666,5.547593190204414,0.9915599060647048,1.7807394151689375,0.0937919018025104,1.4311143700635949,-0.2461366625301508,-0.7398441868297218,0.3996790091826134,3.5408961763754485,False,False,REACH,REACH
vid3,9.3,6.15425827614287,1.117097961560233,2.003475066682669,0.1494144534174373,1.5950639035555272,-0.2667420940881079,-0.5690082040403002,0.5303901448702468,3.7297872834306416,False,False,REACH,REACH
vid3,9.333333333333334,6.26863801763785,1.1347560115447046,0.2195543332165696,0.2042144701845762,1.6276316412517329,-0.2840809002745055,-0.4422880578601624,0.6566564875602918,3.688623360197168,False,False,REACH,REACH
vid3,9.366666666666667,6.237974273104181,1.1172597458573754,-0.746931769901246,0.257904690856824,1.6234719009449752,-0.2944388917196798,-0.1082619905015279,0.7747433983204822,3.3968829706020967,False,False,REACH,REACH
vid3,9.4,6.114676162673037,1.0629744199890925,-0.5151034315899143,0.3120513234493199,1.5909569893763609,-0.2987503386927949,0.1768096626112839,0.8886316812632047,3.0889329644733956,False,False,REACH,REACH
vid3,9.433333333333334,5.884044385443183,1.040480982243123,0.4572594336942633,0.3663099666882978,1.5219889310854138,-0.2846102268840754,0.6578096505604019,0.987100087115064,2.5406137785911653,False,False,REACH,REACH
vid3,9.466666666666669,5.569021948284667,1.0933682009531418,1.287240344187462,0.414975633752505,1.4221685228125618,-0.2523624902154984,1.078108146182685,1.058826053766548,1.980963359676993,False,False,REACH,REACH
vid3,9.5,5.2683824805548864,1.1719840193044135,1.5321347361911046,0.4597033136971902,1.325379631190897,-0.2104462215883946,1.3524596396240502,1.114335617183364,1.5512553799974973,False,False,REACH,REACH
vid3,9.533333333333331,5.031270200938407,1.2114123618211468,0.7737798361379294,0.5027497881146976,1.2398125504456878,-0.159362743483731,1.6206751431781092,1.1586482912248064,1.1495964583484803,False,False,REACH,REACH
vid3,9.566666666666666,4.7923908771823935,1.217154119655265,-0.0297471232066734,0.5436573236282067,1.1500095502256,-0.1033311563699089,1.8567353931485584,1.194410243214239,0.7665834088487915,False,False,REACH,REACH
vid3,9.6,4.4660189733790805,1.2070587810133475,-0.4322316039624403,0.5798684986483206,1.0241017650862896,-0.0369312411733393,2.1132830806519207,1.2118184276777193,0.2926936414871078,False,False,REACH,REACH
vid3,9.633333333333333,4.258572998690629,1.1773387097150876,-0.5569618394679334,0.6115849530408025,0.9161287928190466,0.0384432276872242,2.3975097867138837,1.2124653391746143,-0.1681576457512837,False,False,REACH,REACH
vid3,9.666666666666666,3.976149554043869,1.1590975560334185,-0.514352356243093,0.6406957121583051,0.7943024447284499,0.1243570134719026,2.5490899377381875,1.1988696606191405,-0.5447203204145294,False,False,REACH,REACH
vid3,9.7,3.5778895408737563,1.1497044928506008,-0.5125890573098324,0.6655524244502192,0.6533942512842423,0.2135832971124194,2.5495448154437668,1.1738044000437002,-0.8319675814942721,False,False,REACH,REACH
vid3,9.733333333333333,3.1926199186910433,1.1354507414684707,-0.7808749767945241,0.6846460770984455,0.5317456072830186,0.2993029682718749,2.4534812174478775,1.1399804730528755,-0.9981533394970844,False,False,REACH,REACH
vid3,9.766666666666666,2.9165972253514703,1.0945021201903125,-0.9024190409309248,0.6991244423997695,0.4246038111382086,0.3744334980655164,2.4177681103985367,1.105740882724628,-1.1859864393775368,False,False,REACH,REACH
vid3,9.8,2.8874134626443344,1.0563651869570496,-0.4472893600997664,0.7119704655382817,0.3666615480657761,0.4539708521390579,2.5204962577759833,1.06444094055243,-1.3910645093853742,False,False,REACH,REACH
vid3,9.833333333333334,2.868175623912222,1.0552119335837926,-0.1313026322996769,0.7238212594445029,0.3111505882332628,0.5425328889197059,2.607203682514854,1.0134614927933716,-1.577606492136128,False,False,REACH,REACH
vid3,9.866666666666667,2.8409897996201914,1.0708101724401773,0.0113449398487658,0.7329731917436098,0.2417341408483704,0.6330290658755532,2.684912569448436,0.9553474367500034,-1.7848260842794872,False,False,REACH,REACH
vid3,9.9,2.760209828363831,1.0625196295569994,0.147792962651097,0.7399213279750299,0.181288203718755,0.7207204650302612,2.670896231106754,0.8951254848904828,-1.8959955759113312,False,False,REACH,REACH
vid3,9.933333333333334,2.794069141051698,1.058355188320749,0.1824692194604878,0.744716640475007,0.1171857737437983,0.8084320282425871,2.75756046580139,0.8305037051084481,-2.099991482708161,False,False,REACH,REACH
vid3,9.966666666666669,2.894517572209904,1.083842650810426,0.175826962875124,0.7479403184984232,0.0524740518349597,0.9035496687079932,2.887488833396042,0.7564016354939841,-2.3419180875669254,False,False,REACH,REACH
vid3,10.0,2.8508014303691183,1.1103134895304716,-1.1944109343250755,0.7487644228364926,-0.0286832455726257,1.0034163606971724,2.848670895202974,0.673387053824811,-2.474218771338674,False,False,REACH,GRASP
vid3,10.033333333333331,2.7593630537435305,1.020369756389654,-2.067256453109939,0.7463403770580567,-0.1209309490999033,1.1003210905055734,2.7199705163055827,0.5862717766800752,-2.5528722334992504,False,False,REACH,GRASP
vid3,10.066666666666666,2.4071010478238275,0.9114748737608134,-2.0133424843194243,0.7397284096399726,-0.1483776455165996,1.1882765219141578,2.3386310192296347,0.4982201945729802,-2.285352043172573,False,False,REACH,GRASP
vid3,10.1,1.8799881068476143,0.8485334122913173,-1.2902956234672354,0.7333600862311758,-0.1091162738391794,1.2602942998129183,1.8326552634596605,0.4241806066776276,-1.7763290693478475,False,False,GRASP,GRASP
vid3,10.133333333333333,1.2567177888401535,0.8535598709941761,0.3422872245220237,0.7313084805313583,-0.0560861638109425,1.3145149920197623,1.238108147820446,0.3740218917358833,-1.164162388383447,False,False,GRASP,GRASP
vid3,10.166666666666666,0.7454623721356515,0.8688964387984026,0.7015175424924941,0.7318395051026884,-0.0054912842883965,1.340442838917108,0.745163802328821,0.3531147527409283,-0.6431179439903901,False,False,GRASP,GRASP
vid3,10.2,0.4750869148978191,0.9166059744546404,0.5259747897293051,0.7314802626596063,0.0027164462002512,1.3555396685805796,0.4749722796102191,0.3395804863435837,-0.3972717471774418,False,False,GRASP,GRASP
vid3,10.233333333333333,0.3556852532041102,0.9302419430353368,0.8123989813989894,0.7312500046113333,0.0062134646624207,1.3667445042196256,0.3548833380278371,0.3296094260465912,-0.2883106559380099,False,False,GRASP,GRASP
vid3,10.266666666666666,0.2899406579361179,0.94448716715915,0.1818992996690298,0.7323715627566674,0.0205848418675336,1.381001913943886,0.2789471777869047,0.3198016528050384,-0.1946554192078191,False,False,GRASP,GRASP
vid3,10.3,0.1888704813973902,0.9482627062497974,0.2020925767729021,0.7332393086786801,0.0047243159299659,1.386190619365102,0.1879963903416512,0.3171679139024733,-0.1498132126581967,False,False,GRASP,GRASP
vid3,10.333333333333334,0.1437754002042362,0.969178561137712,0.2519463607615611,0.7327915657421831,-0.0037347447189377,1.3905907486502134,0.1430576730269755,0.3125248519233059,-0.1289237682545236,False,False,GRASP,GRASP
vid3,10.366666666666667,0.111441087890459,0.9508377515801256,-0.237730458681803,0.7323548528414179,-0.0040814330639596,1.394637465081771,0.1103324687582122,0.308203957942141,-0.1018768341353841,False,False,GRASP,GRASP
vid3,10.4,0.0817316094340647,0.961403458540822,-0.1710217662677376,0.7322153071241152,0.0027169847719427,1.4002637206391904,0.0810623370102246,0.3031485045088428,-0.0632139487298684,False,False,GRASP,GRASP
vid3,10.433333333333334,0.0632783331191966,0.9452195880879608,-0.7403866024415465,0.7329349893970403,0.0095479249333955,1.3996704038140513,0.0515620417292789,0.3051168011506792,-0.0242896632477981,False,False,GRASP,GRASP
vid3,10.466666666666669,0.0772428413590744,0.906499646117584,-0.5493781738041691,0.7331006879201155,-0.0009463726644038,1.400741656204055,0.0771572275817589,0.3045456515805505,-0.0673600857197908,False,False,GRASP,GRASP
vid3,10.5,0.1447353144104329,0.8850742117427296,-0.3143121586769571,0.733022563404045,-0.0124592777939358,1.4040862037813548,0.1365912390007254,0.3015502501086902,-0.1412013279020519,False,False,GRASP,GRASP
vid3,10.533333333333331,0.1802038942968859,0.8965187565876229,-0.5138989542896211,0.7321821380402153,-0.0204684290179568,1.4115791549326149,0.1621416761439765,0.293484885190117,-0.1791745295010108,False,False,GRASP,GRASP
vid3,10.566666666666666,0.1023567535071926,0.8798265654114982,-0.3669814215354237,0.7312184803107317,-0.0135048239904098,1.416986188976891,0.0882331772789627,0.2869376125814306,-0.102319632234206,False,False,GRASP,GRASP
vid3,10.6,0.0584868740370154,0.8367490412563732,-0.0216802594754317,0.7309390451540603,-0.0044398970182951,1.419961486482218,-0.0559443322960996,0.2838455258625378,0.0384050250509326,False,False,GRASP,GRASP
vid3,10.633333333333333,0.0939558073938132,0.8557487520274819,0.2371561315770235,0.7311313576022654,0.0121912948432015,1.4123184066918704,-0.08144966700111,0.2907187768631551,0.0938927644275649,False,False,GRASP,GRASP
vid3,10.666666666666666,0.1471408972687821,0.8949241029014532,0.8260922172342893,0.731756488791621,0.0228996381899603,1.4091404504475713,-0.1179438241154705,0.2946864984890782,0.1466418527756724,False,False,GRASP,GRASP
vid3,10.7,0.0857127635353472,0.9183130727220494,0.1983313288575214,0.7327265061879749,0.0222554540668325,1.4046922957851644,-0.006025131298497,0.3004335371272822,0.0504173818252229,False,False,GRASP,GRASP
vid3,10.733333333333333,0.1072069126141505,0.9032003090136288,-0.3965206351099209,0.7336826756306494,0.0241071752070963,1.4092559449505715,0.0539985913928749,0.2985098923446514,0.0032837960302213,False,False,GRASP,GRASP
vid3,10.766666666666666,0.1314290021358248,0.890847750124925,-0.1415893536341664,0.7342838380134648,0.0138600303070771,1.407565899653709,0.1201595104850818,0.3011669900986221,-0.0736853836218628,False,False,GRASP,GRASP
vid3,10.8,0.1542702129445684,0.8712966847939243,-0.2308690235374614,0.7347815102685682,-0.0080884917992889,1.4181231507702527,0.1511082007675749,0.2932270397291993,-0.1446144232627882,False,False,GRASP,GRASP
vid3,10.833333333333334,0.0522004969886623,0.883475586325368,0.0450212614166041,0.7340742857663832,-0.0124443315113047,1.4214929517067725,0.0209580744872945,0.2889294976263215,-0.0431077913377463,False,False,GRASP,GRASP
vid3,10.866666666666667,0.0955606774974788,0.8887218448599143,-0.0264913100615335,0.7329800965135577,-0.0077643000424246,1.420520499168705,0.0907859357192263,0.2875266342542862,-0.0927979248347839,False,False,GRASP,GRASP
vid3,10.9,0.0337063121102614,0.8755100795953507,-0.1689751646405864,0.7331312959786938,-0.0040616523786957,1.4205966022985232,-0.029876921526506,0.2877699072445585,0.017068498391051,False,False,GRASP,GRASP
vid3,10.933333333333334,0.0794847487132214,0.8707487981663237,-0.0979192135579115,0.7337791742183357,0.0012350220842457,1.4221188545779655,0.0793430095662274,0.2877979091646555,-0.064772853041023,False,False,GRASP,GRASP
vid3,10.966666666666669,0.0484530317614503,0.8741308591023995,-0.2170017489743181,0.733215645649193,-0.0045517219313322,1.428342954687009,-0.045187496603532,0.2813723054763318,0.0290549993538007,False,False,GRASP,GRASP
vid3,11.0,0.1055142176862783,0.8606134987152336,-0.0564349405120559,0.732727327193225,-0.0049491247645474,1.4189666624068318,-0.1037869809637683,0.2883297820857931,0.0779414622644361,False,False,GRASP,GRASP
vid3,11.033333333333331,0.1030480912057392,0.8596909525807678,-0.2160436573515455,0.7329739103782171,0.0112437886254356,1.418881212478165,-0.093557431402669,0.2889042432945183,0.102231859104033,False,False,GRASP,GRASP
vid3,11.066666666666666,0.1087342384691512,0.8542998278079689,-0.297235754638659,0.7336614524295728,0.0141894640572278,1.410730201994087,-0.0940822888717991,0.2972164372288857,0.1086737849050961,False,False,GRASP,GRASP
vid3,11.1,0.0784200944667012,0.8466614737565071,-0.2780929673206429,0.7339623944843601,0.0202610795789296,1.4140900534093448,0.0095308431949526,0.2949797626235146,0.033164927269701,False,False,GRASP,GRASP
vid3,11.133333333333333,0.0991166892563566,0.8241000357538278,-0.5924733349816526,0.7349321084185787,0.0224439310831476,1.4097289017950188,0.0488814680945471,0.3006524002335457,0.0042373508354078,False,False,GRASP,GRASP
vid3,11.166666666666666,0.0855516356803597,0.8089569834603907,-0.3102822889587577,0.7356580891444567,0.0177371029646327,1.4181680747660117,0.0517274065493955,0.2949734847873381,-0.0077583379406141,False,False,GRASP,GRASP
vid3,11.2,0.1188065083662644,0.7966596603765821,-0.0591452881472191,0.7364113354566445,0.0131444172563828,1.415956475599022,0.1075403738890769,0.2983825012329558,-0.0644405288732761,False,False,GRASP,GRASP
vid3,11.233333333333333,0.0612607713187221,0.8005958646025926,0.0983579496830781,0.7364417514106038,-0.0027253672573157,1.4231036823767726,0.0603593843255958,0.2923832085017417,-0.0567363008729929,False,False,GRASP,GRASP
vid3,11.266666666666666,0.0112849021051096,0.8121748789111785,0.5370194840530158,0.7361679373041885,-0.0018481584422844,1.4215480958051558,0.0087713003568252,0.2931449972003576,-0.0112010207191154,False,False,GRASP,GRASP
vid3,11.3,0.0360719245777494,0.8372517775085557,0.2554725553702275,0.7359828290295529,-0.0022086721205202,1.426666772177861,-0.0350597244320402,0.2884272416183863,0.0252360975919433,False,False,GRASP,GRASP
vid3,11.333333333333334,0.0347242317220306,0.8431771773103587,-0.0216054190789442,0.735932597148842,0.0062204922755823,1.4151542863569797,-0.0251925950550643,0.2980881831338829,0.0340283728602428,False,False,GRASP,GRASP
vid3,11.366666666666667,0.0887265279608907,0.8400844147836395,-0.4383028326668247,0.7364905423896488,0.0125204308114757,1.4205966861757622,0.0745567298563411,0.2946086042652905,-0.0377389486630265,False,False,GRASP,GRASP
vid3,11.4,0.0683274601657935,0.7999213137514396,-0.6321640447997116,0.7367907210065432,0.0169798226661573,1.4249658358846151,-0.0203301127941454,0.2915144365083087,0.0518086184448653,False,False,GRASP,GRASP
vid3,11.433333333333334,0.2018967509505526,0.7859197481106984,-0.2470691802514176,0.7374039241185958,0.0364480485665532,1.427773925823545,-0.1454479597777497,0.2903813875397687,0.1975487426032539,False,False,GRASP,GRASP
vid3,11.466666666666669,0.5162392072041235,0.7808288474152569,-0.0419991269157309,0.7386181861194311,0.0659128318903008,1.4126555440707271,-0.4498677247659234,0.3056745837196051,0.5156975184812211,False,False,GRASP,GRASP
vid3,11.5,0.9136406411506734,0.8046352129340968,-0.5087280910520043,0.7409953317786738,0.1462925931086243,1.397334275498663,-0.7203242246212932,0.3235072422802417,0.9086965576774788,False,False,GRASP,GRASP
vid3,11.533333333333331,1.2887490114269078,0.7744602958581549,-1.5017901092255457,0.7468851588499736,0.2551788742700067,1.3665361218880134,-0.8365413240097235,0.3616162590119564,1.2289260295666642,False,False,GRASP,GRASP
vid3,11.566666666666666,1.879707715601058,0.6887012455637488,-1.7826857974900765,0.7574153800304099,0.3867641776275239,1.3375376314039706,-1.1513051224141393,0.4076459992407557,1.7637444887929017,False,False,GRASP,GRASP
vid3,11.6,2.5444645678266165,0.6097529279057171,-1.600797155900789,0.7729834981633492,0.5320543400325827,1.2959577442540962,-1.515321968952946,0.4746016089118742,2.368232577868189,False,False,GRASP,GRASP
vid3,11.633333333333333,3.143051705167621,0.5795722850327959,-0.4843443238041077,0.7928966122982384,0.6477724249866377,1.2427464111225317,-1.9197975840602688,0.5602668683244538,2.946828905629992,False,False,GRASP,GRASP
vid3,11.666666666666666,3.6846980603563737,0.5860229473582806,0.3726137541855097,0.8173227488034697,0.7254677035858252,1.1621533887305255,-2.410209961747142,0.6783408950740475,3.520897213769069,False,False,GRASP,GRASP
vid3,11.7,3.9195891543461703,0.6049834888871524,0.8161266422609947,0.8433151220308891,0.7491786926658909,1.0791684663895764,-2.6606815823955725,0.8016319323167016,3.781581478667335,False,False,GRASP,GRASP
vid3,11.733333333333333,4.000046958320408,0.6508973103130318,1.2699054666983365,0.8684949664381589,0.7162831643510135,0.9840129780697408,-2.9030894482129947,0.9335901108937692,3.9201874588846977,False,False,GRASP,GRASP
vid3,11.766666666666666,3.906481670976506,0.7002792686579564,0.9590472896408794,0.8917611256367343,0.6530334209585178,0.8830138457378837,-2.9944017393027966,1.0666081236765124,3.868861069099136,False,False,GRASP,GRASP
vid3,11.8,3.764979310276948,0.7267446431057839,0.7383419570757878,0.912423984930696,0.5896220271237372,0.7794642488288879,-3.007312015663151,1.196489257812623,3.750716488349989,False,False,GRASP,GRASP
vid3,11.833333333333334,3.4054456778678226,0.7438002034680103,0.2796376923940342,0.9309975664167714,0.4996780377474156,0.6794945865435166,-2.812823683171205,1.3190810552318906,3.402671622276942,False,False,GRASP,GRASP
vid3,11.866666666666667,2.963304072426129,0.7407323106531036,0.0570894760471317,0.9463498061636672,0.4126399494202792,0.5877206808525125,-2.503612120099066,1.4281643914238091,2.9632511657287073,False,False,GRASP,GRASP
vid3,11.9,2.4049678118450246,0.7480049127359868,-0.0230714165347174,0.9587009849568222,0.3143294702260029,0.5087596225470042,-2.079808505848587,1.5202721749853478,2.4037021387751447,False,False,GRASP,GRASP
vid3,11.933333333333334,1.7710371680260844,0.7346618463424164,-0.0899388736482797,0.9668774568612792,0.2233383674421532,0.447674056717425,-1.5493148999641062,1.588721698679232,1.7685751096208688,False,False,GRASP,GRASP
vid3,11.966666666666669,1.1406652032368303,0.7396684620640286,-0.0400851606759795,0.973109775385244,0.1591131587734206,0.4034975951848835,-0.9630446903914788,1.6388734817080783,1.140636658241041,False,False,GRASP,GRASP
vid3,12.0,0.56220395134943,0.732411384278524,0.0548712175088693,0.9774347118943604,0.0664635826062406,0.3839748767362513,-0.5008745188456986,1.664234515413794,0.5600752289265907,False,False,GRASP,GRASP
vid3,12.033333333333331,0.1447276628162607,0.738072179027844,0.4297090799526868,0.9784468269617802,-0.0051933034880398,0.3772541186780425,-0.1433458447743213,1.6719945459138938,0.1109923947395074,False,False,HOLD,GRASP
vid3,12.066666666666666,0.2301330987184476,0.758231538412906,0.3653629113041701,0.9760083513887736,-0.0569914003020602,0.3781471274770568,0.0708705437401269,1.6662729677253325,-0.1761253475450994,False,False,HOLD,HOLD
vid3,12.1,0.2893339262592677,0.7754963176143409,0.74438451243474,0.9727319375280546,-0.0742818816235466,0.3833120084712948,0.0476979636040535,1.655222735072292,-0.1916737955898818,False,False,HOLD,HOLD
vid3,12.133333333333333,0.2141172612461949,0.8055796016487375,0.2802729163220635,0.9707508866456316,-0.0394266938395768,0.386210849433556,0.1513385104498313,1.6487313310486509,-0.2086081834007491,False,False,HOLD,HOLD
vid3,12.166666666666666,0.1135793273286163,0.8041483924106462,0.0884959842987748,0.9700452816642764,-0.0292902987767908,0.3916086310445867,0.0154243878211967,1.6427172498821718,-0.0727100209610391,False,False,HOLD,HOLD
vid3,12.2,0.1037005597543348,0.8039336271513816,0.3524034385575328,0.9693303523764676,-0.0192223669633305,0.3898846234553184,-0.0728027540339734,1.6427238444474497,0.0226076531766653,False,False,HOLD,HOLD
vid3,12.233333333333333,0.1054085984755005,0.8084088196607685,0.0415321156008305,0.9689545823905968,-0.0121591622805287,0.387880016510207,-0.0944927271063815,1.6436588642276986,0.0553812127447318,False,False,HOLD,HOLD
vid3,12.266666666666666,0.214313256169918,0.8295752521293985,0.4079818143684286,0.9681581326157382,-0.0156306398440132,0.3784404094976077,-0.2057285028970955,1.6500427400654587,0.1426478519334226,False,False,HOLD,HOLD
vid3,12.3,0.1166499474451718,0.8371728695842227,-0.0207765939045759,0.9681550320296238,-0.0056784819911037,0.3751819330556482,-0.114591854736428,1.6527997902014762,0.0856197446400523,False,False,HOLD,HOLD
vid3,12.333333333333334,0.0763424272826362,0.8207137102718561,-0.138831969438949,0.9678367811103974,-0.0081675846470468,0.3696660281107501,-0.0695958280584854,1.65682967606981,0.0423933813378663,False,False,HOLD,HOLD
vid3,12.366666666666667,0.0514755573880208,0.8291591244559012,-0.2250341386542355,0.9676576768222624,-0.0131811078297037,0.3687398356765714,-0.0092424333282352,1.6572505155243602,-0.0189960776177634,False,False,HOLD,HOLD
vid3,12.4,0.1302312031855711,0.8049943176047092,-0.1767927418716234,0.967375410102612,-0.0338926909294095,0.3718555297301156,0.0024299836321124,1.6540336005146317,-0.0710596406725985,False,False,HOLD,HOLD
vid3,12.433333333333334,0.1484323648671955,0.8122214039773206,-0.2201343678784925,0.9655273258351345,-0.037168145796403,0.370558982431409,0.0405286751894683,1.6513708041535549,-0.1100375540270862,False,False,HOLD,HOLD
vid3,12.466666666666669,0.1650305807074084,0.7936205736097337,-0.1543278108656665,0.9640115092568808,-0.0429566974951672,0.3717371737427615,-0.0001396279084567,1.6472857290516447,-0.0873330158120797,False,False,HOLD,HOLD
vid3,12.5,0.1376120440215227,0.8000924521336841,0.0858719454395649,0.9625597292224,-0.0302430771240133,0.3712893944827581,0.0737396920871561,1.644709929837877,-0.1241041885492353,False,False,HOLD,HOLD
vid3,12.533333333333331,0.1547305863979973,0.7922271957909406,0.0834306320348077,0.9623281535388648,-0.0219996456502593,0.3761223827551455,0.1296081271101483,1.640139854497781,-0.154701597006047,False,False,HOLD,HOLD
vid3,12.566666666666666,0.1706782416135974,0.8138652470699704,0.3568525505514488,0.961156419533395,-0.0291537725691303,0.3793151647653497,0.1287884979682212,1.6350467834878637,-0.1685709097073252,False,False,HOLD,HOLD
vid3,12.6,0.2307026137815911,0.8224191217808795,-0.0999468183900055,0.9606437067491648,-0.0344333453070008,0.3870912877586862,0.1890085007483402,1.6274084323655582,-0.230388869971775,False,False,HOLD,HOLD
vid3,12.633333333333333,0.2678367732004124,0.8166429502921831,-0.3450245184783463,0.959023500093542,-0.0542019212706408,0.3909774701786536,0.1684513339964164,1.620814318185793,-0.2532002440964555,False,False,HOLD,HOLD
vid3,12.666666666666666,0.4154191575197236,0.7924076952062806,-0.7123383798037365,0.9571870016296136,-0.0720126057394656,0.3962984588273097,0.3098933571381677,1.6125630837899554,-0.4094097129287489,False,False,HOLD,HOLD
vid3,12.7,0.606373188447364,0.7541781584633578,-0.332636148796597,0.9541729664056244,-0.0939478540221874,0.4080561400047391,0.487257238731405,1.5964559554714322,-0.604479643811579,False,False,HOLD,HOLD
vid3,12.733333333333333,0.7951538016852553,0.7613866819240038,-0.1887414989408296,0.9507372330719754,-0.1030153519076442,0.4285551065146109,0.6896673904511529,1.572077254801591,-0.7945939304428007,False,False,HOLD,HOLD
vid3,12.766666666666666,0.988199450484364,0.760275859103934,-0.1128013249569202,0.947127958612746,-0.1198512789372099,0.4565140295223832,0.8743741860551723,1.5410188162171647,-0.985509825258467,False,False,HOLD,HOLD
vid3,12.8,1.086315133145774,0.7569936997074223,0.1266134866248025,0.9431329631799028,-0.1365796226777006,0.4876917826743618,0.9511887521531284,1.5064453850903476,-1.0847083196552665,False,False,HOLD,HOLD
vid3,12.833333333333334,1.2338359566460555,0.748081278282931,0.0254525816534297,0.938182228226882,-0.1580881728956426,0.5207299289997998,1.074005490752462,1.468348542451435,-1.2326506817518772,False,False,HOLD,HOLD
vid3,12.866666666666667,1.4164847722705491,0.7765181299300956,-0.0755680817572987,0.9323492337512808,-0.1824331346436188,0.5573468963277783,1.2309391436821522,1.4254205604728,-1.415300390829018,False,False,HOLD,HOLD
vid3,12.9,1.6311071785463265,0.7690193678167498,-0.8341864272276965,0.9262757780195596,-0.2149495585653061,0.6007371623736442,1.406620234091701,1.3762589268203278,-1.6304844272130683,False,False,HOLD,HOLD
vid3,12.933333333333334,1.846303687145876,0.7079864270126691,-1.0920920439309003,0.9184461379765186,-0.2445555446534881,0.6527918635245585,1.589377133823692,1.3161741412262011,-1.845744046656422,False,False,HOLD,HOLD
vid3,12.966666666666669,2.137241082308386,0.6559869958940839,-0.5779401360340193,0.9093882215506874,-0.2657252233792916,0.7058708407422625,1.8776699385971152,1.252720184445443,-2.1333290883466915,False,False,HOLD,HOLD
vid3,13.0,2.3598651121916503,0.6647240106099536,0.0202616161385223,0.9002347082868677,-0.2869994872518427,0.7737264310420898,2.086445799170176,1.1765402529030025,-2.353692422789442,False,False,HOLD,HOLD
vid3,13.033333333333331,2.536985829149985,0.6897911037664727,0.3320336694798035,0.8911440572668436,-0.3204263430441849,0.8505339989830843,2.2183127241592944,1.0928965406929636,-2.533573164307357,False,False,HOLD,HOLD
vid3,13.066666666666666,2.619806153043424,0.6897653424383094,0.3156141471705132,0.8796086455779819,-0.3692109309688466,0.92924811062887,2.202598543435308,1.0026589232542498,-2.619562570393084,False,False,HOLD,HOLD
vid3,13.1,2.6666328887053843,0.6981370484384227,-0.0239829757738509,0.8660961557447098,-0.4225089255244867,0.9957278048077448,2.1156999319393996,0.9187718021522148,-2.6543721838926073,False,False,HOLD,HOLD
vid3,13.133333333333333,2.7284365800020725,0.7005441120761775,0.2009061598308683,0.8508052187565593,-0.4401960421167843,1.0666991355075126,2.1411240549148935,0.8274549627239358,-2.7119407074434863,False,False,HOLD,HOLD
vid3,13.166666666666666,2.673907904015949,0.706170552339175,0.0743256917259535,0.8361170526083147,-0.4514085290903438,1.1405268439629912,2.0352589308850506,0.7349428856114399,-2.6449878481624887,False,False,HOLD,HOLD
vid3,13.2,2.7073142737827633,0.6996249334572416,0.0528809478278421,0.8210495388031682,-0.4724970421415148,1.2072153363468423,2.008601048354797,0.6477129680367056,-2.665312622518291,False,False,HOLD,HOLD
vid3,13.233333333333333,2.444802059916485,0.7080638368202133,0.7976063911264452,0.8047353500492495,-0.4495398793031543,1.2724111435321788,1.7304336827339064,0.5592109411844737,-2.382675527080108,False,False,HOLD,HOLD
vid3,13.266666666666666,1.909849349848206,0.7269832665999303,1.6694751024373986,0.7884545273187137,-0.3781728400427235,1.3302437395578224,1.239646238461089,0.4770212379548368,-1.821172199016238,False,False,HOLD,HOLD
vid3,13.3,1.172441431416069,0.8225582988159477,2.2301841456832734,0.7774760188278973,-0.2529658824461088,1.3662650403682268,0.6558532244526958,0.424123153694992,-1.0711876377459022,False,False,HOLD,HOLD
vid3,13.333333333333334,0.4378000573135811,0.9231284301428284,1.8660891753811035,0.7722415971781897,-0.1098729252685512,1.3666462141059534,0.1161607659378779,0.4131436400839495,-0.3221903123860503,False,False,HOLD,HOLD
vid3,13.366666666666667,0.0716870792195405,0.9672212832552612,0.9762589045645932,0.7709149765867774,-0.001237818511882,1.3610788365014264,-0.0715291769384046,0.4151643342468984,0.0581406120224339,False,False,HOLD,HOLD
vid3,13.4,0.1149715123978964,0.9653514068402768,-0.0181718464866535,0.7733032305108551,0.0289720480115531,1.3583325548111005,-0.0288056404811365,0.4223553455341687,0.083410142731722,False,False,HOLD,HOLD
vid3,13.433333333333334,0.0681037498453734,0.953668812225086,0.0380788393767622,0.7756358363413105,0.0140036759351898,1.360850352434442,-0.0417584945923053,0.4249688473557413,0.0639221802458388,False,False,HOLD,HOLD
vid3,13.466666666666669,0.1940696336778492,0.958783295238522,0.0667839329841184,0.7751855105967503,-0.0461927370140465,1.3574176849429194,-0.0785494310307372,0.4269631579368175,-0.0274252515711579,False,False,HOLD,HOLD
vid3,13.5,0.3551500975292325,0.9650470779630612,-0.183952192257758,0.771425198623281,-0.0898861194269944,1.354228318461678,-0.0829658702971751,0.4220126521820546,-0.1126310488738506,False,False,HOLD,HOLD
vid3,13.533333333333331,0.2870237572162748,0.9635275024572704,-0.4574452721460894,0.7679863856002226,-0.0747092011831376,1.3485408819378892,0.0019830285867823,0.4198351523807789,-0.1537750243304506,False,False,HOLD,HOLD
vid3,13.566666666666666,0.1399218043006195,0.92328543959466,-0.6823311206783998,0.7653619378009899,-0.03582383277606,1.3544333078457982,0.0252341795131638,0.4094951980089449,-0.0943302454000922,False,False,HOLD,HOLD
vid3,13.6,0.0595807959233478,0.8998959155201419,-0.540333137042695,0.7655946335189556,0.0035763123898024,1.356127116216909,-0.0579749877375103,0.4085324808403537,0.056446562747745,False,False,HOLD,HOLD
vid3,13.633333333333333,0.1725916502396188,0.8917827503151242,-0.3180959835199726,0.7667410490163458,0.0139546405190672,1.3528072851016475,-0.1640541469618618,0.4136817527607631,0.1675356086814116,False,False,HOLD,HOLD
vid3,13.666666666666666,0.1740300550883245,0.8932034215047429,-0.580871129762086,0.7671705295662263,0.0163392322062934,1.3390185669108867,-0.162314980959163,0.4262496616938805,0.1709152647958543,False,False,HOLD,HOLD
vid3,13.7,0.3293256885430738,0.8617063401432495,-1.060255601016281,0.767108891050193,0.017119218336423,1.3413684034724431,-0.3226916885719066,0.4241313906407098,0.3085111906724478,False,False,HOLD,HOLD
vid3,13.733333333333333,0.6199176666453213,0.8078934473350436,-0.7718291407817216,0.767695055741244,0.0534040787895948,1.3300778300149978,-0.5849823553439818,0.4348997174533759,0.6048165798014076,False,False,HOLD,HOLD
vid3,13.766666666666666,0.8837243520495619,0.7767237239284344,-0.0608392280731628,0.7700182548340577,0.1142646840053684,1.301752835251206,-0.7669841526049023,0.4636504067591421,0.8830641187161572,False,False,HOLD,HOLD
vid3,13.8,1.406053390758478,0.7763534037420243,2.876686159883315,0.7753479979070609,0.1375689740081443,1.2701357133778943,-1.3029437623116182,0.5013137309955751,1.3850295097029914,False,False,RELEASE,HOLD
vid3,13.833333333333334,1.6017860059212845,0.9534961545892308,3.813542566211654,0.781332099421746,0.1307953070726009,1.2277062114750394,-1.520928791361793,0.5494786775667213,1.5561026146058523,False,False,RELEASE,HOLD
vid3,13.866666666666667,1.8563764818152817,1.121054614388601,3.975547299130806,0.7853304709352256,0.0759297807539016,1.1654339541243983,-1.833314262447961,0.6104287845741656,1.709326731749935,False,False,RELEASE,RELEASE
vid3,13.9,2.125712321064497,1.2598889182744837,3.1937416291419543,0.7862917178866715,-0.0076252278812448,1.0930875152549753,-2.125510457208816,0.6737393452681922,1.787023092311439,False,False,RELEASE,RELEASE
vid3,13.933333333333334,1.9448832646694432,1.2883921938901022,1.1140899439229537,0.7846466934118851,-0.0391152312474325,1.0269804198157233,-1.939069135455456,0.7264527505120699,1.5648033955099017,False,False,RELEASE,RELEASE
vid3,13.966666666666669,1.5883727093503148,1.350387186947715,1.0036880901612515,0.7821628493483934,-0.060967015255577,0.9534736137494744,-1.5710085161757137,0.7837338336947963,1.2081823474066429,False,False,RELEASE,RELEASE
vid3,14.0,0.931626380698565,1.3480985025126755,0.0668363547303348,0.7793093263899122,-0.0059612133583496,0.906534116047706,-0.9313448472771688,0.817731824399363,0.777694385650467,False,False,RELEASE,RELEASE
vid3,14.033333333333331,0.4290168259229282,1.3333751569011534,-0.0162280959387979,0.7801522476642241,0.0984104576834717,0.8953713243586352,-0.2027730707600955,0.8289144915831861,0.3723068395297234,False,False,RELEASE,RELEASE
vid3,14.066666666666666,0.7340970863728833,1.339401231077903,0.2392778249222129,0.7853504153914432,0.1762193123051259,0.902923959406006,0.283854343834083,0.8330919050660657,0.1180243593817198,False,False,RELEASE,RELEASE
vid3,14.1,0.955691373578468,1.353590189761711,0.2090037213662837,0.794458180907478,0.227547347059432,0.9187902970865496,0.3861867502932717,0.8381780298390402,0.1357348366257471,False,False,RELEASE,RELEASE
vid3,14.133333333333333,0.6036215786241598,1.3616851064803182,0.4015853936842244,0.8030781497576717,0.1438432361352283,0.9381197570162972,0.2428486005241925,0.839334183168063,0.0868880693708497,False,False,RELEASE,RELEASE
vid3,14.166666666666666,0.3240778675568164,1.3730528324203362,0.2066624660127419,0.8055165792077112,0.0753007918858998,0.9399434438857842,0.1460751499273418,0.842751764213224,0.0294181320208215,False,False,RELEASE,RELEASE
vid3,14.2,0.1239411338371424,1.3757743477170508,0.471726831012191,0.806065020250631,0.0132186342577989,0.9367513250112028,0.1130595963480873,0.846575370380403,-0.0689700334604471,False,False,RELEASE,RELEASE
vid3,14.233333333333333,0.1582211894832191,1.405278180593782,0.3440496832941956,0.804808604731896,-0.001665513096795,0.9438618482876732,0.1580917562167306,0.8379874502267708,-0.1374609244389936,False,False,RELEASE,RELEASE
vid3,14.266666666666666,0.2520948664195347,1.409487958152102,0.0002951095169861,0.8062786242700516,0.0263493639356033,0.9559264437718148,0.2308778430718382,0.8307486999448758,-0.1421546135035512,False,False,RELEASE,RELEASE
vid3,14.3,0.1285491807704432,1.4080442940312252,0.0016614901152359,0.8064698137892622,-0.000669268049138,0.9588845192006796,0.1285234643159649,0.8286293181879756,-0.1103572713533583,False,False,RELEASE,RELEASE
vid3,14.333333333333334,0.1091857979228262,1.3924669236547396,-0.3525041360604085,0.8070788855203112,-0.0023575824252891,0.9611385550109212,0.1088094812538396,0.8279577260745101,-0.0970758367918691,False,False,RELEASE,RELEASE
vid3,14.366666666666667,0.1596422260506276,1.3911230384600393,-0.1568745220453262,0.8062503452428811,-0.0350908593351797,0.9675907938652536,0.0855070884100131,0.8207991365621505,-0.1439527057586341,False,False,RELEASE,RELEASE
vid3,14.4,0.2348131018823711,1.3828333901088017,-0.1606069668905673,0.8046504418825988,-0.0610953409712137,0.9694105410370216,-0.006774993554477,0.8159988035440003,-0.1186325984663137,False,False,RELEASE,RELEASE
vid3,14.433333333333334,0.3045254086825261,1.3719054036409677,-0.0761655254169212,0.8023150986950477,-0.0761650445213424,0.9668700398983904,-0.0843513056155006,0.813398982794594,-0.0835227028735131,False,False,RELEASE,RELEASE
vid3,14.466666666666669,0.4366468660947324,1.3791402201870482,0.115724261903978,0.7992743310976386,-0.1048205264098226,0.9618735821780532,-0.1688034930773036,0.8114458385798684,-0.0702396825561836,False,False,RELEASE,RELEASE
vid3,14.5,0.5482939412905105,1.3854926217333532,0.0691291761990163,0.7956080595459899,-0.1270506528873052,0.9568443325413808,-0.2497659140237151,0.8082471000497132,-0.0468354049991397,False,False,RELEASE,RELEASE
vid3,14.533333333333331,0.7399516947876126,1.3862627924074074,0.0726215933387933,0.7910595622570166,-0.1596424876446598,0.9476766670022176,-0.4139760725092282,0.806761920659356,0.0260729971534662,False,False,RELEASE,RELEASE
vid3,14.566666666666666,0.9252172187675224,1.384380563756232,0.0987297090678861,0.7848370435647656,-0.1906599428498587,0.92972767641994,-0.5652496615529554,0.8093157947249666,0.0912156250262582,False,False,RELEASE,RELEASE
vid3,14.6,1.063367959219406,1.3903151890517682,0.2239078500854899,0.7779649987674406,-0.2020237974019246,0.908142869692222,-0.7268903818568058,0.8136307273543444,0.2051610186873406,False,False,RELEASE,RELEASE
vid3,14.633333333333333,1.1724311994789438,1.4035621762141075,0.2697542526772375,0.7709525844151293,-0.2158278488195771,0.8810701160637772,-0.8289032596255107,0.8223139675741484,0.2635710491429936,False,False,RELEASE,RELEASE
vid3,14.666666666666666,1.274403730262271,1.4140628406378553,0.0527655919690243,0.7639124469563823,-0.2248560563623935,0.8527949568950475,-0.936946789426012,0.8319604731919945,0.3368180784126272,False,False,RELEASE,RELEASE
vid3,14.7,1.4437241653440889,1.41095305179567,-0.1546704772859925,0.7562171136911444,-0.2446495443112251,0.818953890119372,-1.0958755058491174,0.8449933157734817,0.4313024641369983,False,False,RELEASE,RETRACT
vid3,14.733333333333333,1.4864040374950194,1.3997487915180642,-0.3836005453582451,0.7472356785240895,-0.2472762021342005,0.7800812751787973,-1.1432102961289423,0.8596749286118596,0.4660975371016735,False,False,RELEASE,RETRACT
vid3,14.766666666666666,1.4373171794138362,1.3798332157649995,-0.3075411535579572,0.7392807377000756,-0.2583324377464688,0.7365409633905475,-1.0396667352115263,0.8804047396137591,0.3557787272227162,False,False,RELEASE,RETRACT
vid3,14.8,1.5956558825528189,1.3709868334163613,0.0291662275363862,0.7312147253810407,-0.3066900140009246,0.7081818658032104,-1.076045040943473,0.8880339490899576,0.2881829166687585,False,False,RELEASE,RETRACT
vid3,14.833333333333334,1.8829252265496197,1.3817703566903217,0.0436571934373227,0.7209595819908143,-0.4063385550961689,0.6746214867988687,-1.052843114725374,0.8956174810703287,0.0656415176941966,False,False,RETRACT,RETRACT
vid3,14.866666666666667,2.347072943782802,1.3908675172960936,0.0472292574001021,0.704842594440428,-0.5405615128945057,0.6363151336763577,-1.093606083085816,0.8952922856590283,-0.1730409739259457,False,False,RETRACT,RETRACT
vid3,14.9,2.7849539096618305,1.3794591175219295,0.1908767973395451,0.6842837925734305,-0.6604480735936669,0.594517521315732,-1.1480721746728513,0.8888852003261575,-0.3709163857695145,False,False,RETRACT,RETRACT
vid3,14.933333333333334,3.221587480437098,1.3916962417050391,-0.1921630151421843,0.6604644539110736,-0.787466774654546,0.5651291226544719,-1.1073864418146648,0.8653166232958945,-0.6640052762530726,False,False,RETRACT,RETRACT
vid3,14.966666666666669,3.5690788934185114,1.3934150920447077,-0.3858938686018087,0.6319927375312008,-0.86739964809719,0.5248041994403703,-1.2781488071622362,0.8415514737182427,-0.6819173404149,False,False,RETRACT,RETRACT
vid3,15.0,3.920213783811483,1.3629167083848448,-0.4481237794314954,0.6011729555135805,-0.9460794455540232,0.4794914090832683,-1.468840694050738,0.8172361002570092,-0.6803770868272134,False,False,RETRACT,RETRACT
vid3,15.033333333333331,4.159896681716216,1.3340987614998558,-0.7562473099593361,0.5682618607966311,-0.9922638115031516,0.4268437847141155,-1.6651980722698534,0.7948835550848551,-0.6078778556503109,False,False,RETRACT,RETRACT
vid3,15.066666666666666,4.2202128695020535,1.3282623357363768,-0.3993247956714581,0.5350546105571837,-1.0030342014040898,0.3674146254745367,-1.720802357520521,0.7776791995606657,-0.582648853060488,False,False,RETRACT,RETRACT
vid3,15.1,4.36939430698221,1.3145432551616285,-0.5553702304010952,0.5008234424630994,-1.0558904766788415,0.3052303041365238,-1.6236857110774805,0.7607268725425919,-0.77261399448653,False,False,RETRACT,RETRACT
vid3,15.133333333333333,4.4751673417593585,1.2827018525357974,-0.7617042595440039,0.4658566968526973,-1.09791543386174,0.255403889888479,-1.495309634770945,0.7317968874324231,-0.96703836102913,False,False,RETRACT,RETRACT
vid3,15.166666666666666,4.581431492419749,1.26334345883757,-0.4874787847952103,0.4276963868043894,-1.133403938293041,0.2117706848162762,-1.4246428546412726,0.6911132575726399,-1.099215219121433,False,False,RETRACT,RETRACT
vid3,15.2,4.693528008465696,1.2457660468387064,-0.5216623083509145,0.3884749739544417,-1.1556427401198823,0.1652380502691449,-1.522486228470766,0.6507283013977592,-1.0615126518511158,False,False,RETRACT,RETRACT
vid3,15.233333333333333,4.731952107151145,1.2334162472224854,-0.3688320665466735,0.3507477898995138,-1.1673085553516382,0.1073067607317322,-1.5100214931781526,0.6230519717278199,-1.0958327304750584,False,False,RETRACT,RETRACT
vid3,15.266666666666666,4.662860342468644,1.221128695814068,-0.2620521827631296,0.3116119326615463,-1.1632423496784543,0.0570643134313613,-1.3307620228841854,0.5859873096891594,-1.2395763512490794,False,False,RETRACT,RETRACT
vid3,15.3,4.5803194750810965,1.216914269390184,-0.6250770095795263,0.2717525278820226,-1.1506083314092532,0.0180665877895667,-1.1997710309296563,0.5379135210236584,-1.3249433310747107,False,False,RETRACT,RETRACT
vid3,15.333333333333334,4.513443592707011,1.1981015051739323,-1.0248492244803356,0.2340921989988783,-1.1361030375999746,-0.0145473463340346,-1.1492848491061547,0.488902823751831,-1.3382283748985362,False,False,RETRACT,RETRACT
vid3,15.366666666666667,4.101627791404062,1.1415264085275068,-1.0826362356580297,0.1962779648544208,-1.0241084403979632,-0.0575966882425321,-1.1592189833975333,0.4484285894969836,-1.101804619573493,False,False,RETRACT,RETRACT
vid3,15.4,3.625294886005303,1.0941302660368983,-0.8478145223135257,0.1627848969894209,-0.9140397476021008,-0.101058503204166,-0.901000353749338,0.4171012031738486,-1.0967095162631972,False,False,RETRACT,RETRACT
vid3,15.433333333333334,2.987113283017183,1.0868140589131472,-0.2545085431360782,0.1347759443861238,-0.7691275566102664,-0.1262816127822185,-0.4380128225990854,0.3814710042870636,-1.194334852697429,False,False,RETRACT,RETRACT
vid3,15.466666666666669,2.503880431427153,1.096858449091305,-0.1260660215196675,0.1138827691392747,-0.6491687136155493,-0.131174639359641,0.2225718245546065,0.3430861373902008,-1.5103332453483855,False,False,RETRACT,RETRACT
vid3,15.5,2.3580325617568914,1.0866316596246712,-0.5079550011516977,0.0921482970120783,-0.586463668211739,-0.1101424353701008,0.6956992695949,0.2810025724293679,-1.7839154283305745,False,False,RETRACT,RETRACT
vid3,15.533333333333331,2.2904312048274975,1.0577144104734937,-0.3609199122474546,0.0750538328400778,-0.5538057136284241,-0.0756305749892633,0.8481602964077416,0.2169336857670409,-1.8467253313268317,False,False,RETRACT,RETRACT
vid3,15.566666666666666,2.2523000919299765,1.0520617486256318,-0.769143793375984,0.0563152966606247,-0.5148061609753134,-0.0456876361855241,1.0776165527541195,0.1533924802027887,-1.961921055166593,False,False,RETRACT,RETRACT
vid3,15.6,1.7821317180632923,1.0239983121019414,-0.7173855184382332,0.0387936863958423,-0.3837521760192464,-0.0108919066243856,1.00122388155696,0.088213271455838,-1.630335722823056,False,False,RETRACT,RETRACT
vid3,15.633333333333333,1.2745720157883658,0.994980942476978,-0.5681345740455466,0.0266357104966423,-0.2260166209436186,0.0271351599135996,0.933046178573838,0.0312130257940126,-1.251398668845756,False,False,RETRACT,RETRACT
vid3,15.666666666666666,0.7681550006672306,0.9688555142474954,-0.835427210899339,0.0263405053472638,-0.1353626379200086,0.0637114228793643,0.5653549101199267,-0.0004065816079799,-0.7550230401609795,False,False,RETRACT,RETRACT
vid3,15.7,0.766306420862787,0.9677629305052368,-0.830621183565886,0.0247677139004028,-0.1982218168797777,0.0678881312280045,-0.0854599590400716,-0.0071505492318499,-0.3310662025702383,False,False,REST,REST
vid3,15.733333333333333,0.9936569278256916,0.9165691595899385,-1.1390539455860125,0.0135009651085547,-0.2443861525092111,0.0532767280099202,-0.3253595998148593,-0.0176961929066021,-0.221600025810223,False,True,REST,REST
vid3,15.766666666666666,0.8394444899933282,0.8631017637541404,-0.9750785018228348,0.0013552244418268,-0.1972175709001015,0.030981888226568,-0.3613947000581753,-0.0235153267813452,-0.0950143338766735,False,False,REST,REST
vid3,15.8,0.3678715809476894,0.8434281984099522,-0.3989576107266301,-0.0011653331282282,-0.0864039530837573,0.0244800159513254,-0.1585609554511051,-0.0231327531374798,-0.0414333639203298,False,True,REST,REST
vid3,15.833333333333334,0.1470261154159177,0.8487233546928148,0.0458340628215676,0.0006044485544813,-0.0377558280907446,0.0269421961948095,-0.0240251879793088,-0.0216178846002454,-0.0564888311177443,False,False,REST,REST
vid3,15.866666666666667,0.1779024388092099,0.8543036964439057,0.0231431328319929,-0.0023926224877567,-0.046301556463223,0.0251243620312274,-0.0027771936049835,-0.026177713986177,-0.0919056971505753,False,True,REST,REST
vid3,15.9,0.0858862335113893,0.8553393504254962,-0.1057265519501876,-0.005580336430474,-0.0191097711574668,0.0240215478191493,0.0445710876734282,-0.0317320301671192,-0.0767024200318936,False,False,REST,REST
vid3,15.933333333333334,0.332190093160745,0.8366160149077212,0.5358250681056826,-0.0048224689586213,0.0690330520669421,0.0262970944310089,0.2000343233692675,-0.0321189455880273,-0.0291020248189371,False,True,REST,REST
vid3,15.966666666666669,0.6824281339820758,0.863016181046402,1.209492622226674,-0.0002009191447829,0.1618134727087478,0.0375572500631,0.2815237990795139,-0.0322595890848677,0.0906733163809121,False,False,REST,REST
vid3,16.0,0.7969558803948632,0.9381922206184428,1.28737743692344,0.0067900825478374,0.1772347002235815,0.0473070705516687,0.4141453980731188,-0.0262956473622362,0.0095977070182911,False,False,REST,REST
vid3,16.03333333333333,0.7536601074147733,0.9945726694544949,0.950828566112602,0.0141044032137681,0.1367527145127973,0.06304646261031,0.5403561266086945,-0.0247529685769668,-0.1798491408919207,False,False,REST,REST
vid3,16.066666666666666,0.2021250566858861,0.9930075605499096,-0.1512867947522831,0.0182490566736163,0.0138685879469422,0.0884001023196532,0.1949763104400936,-0.0378165080769353,-0.137116610340768,False,False,REST,REST
vid3,16.1,0.6347924055773793,0.9712322062923942,-0.7707601770581846,0.015624490158533,-0.1313110167551922,0.0970436224935428,-0.3853210962548535,-0.0504897792277539,0.0594493736250784,False,False,REST,REST
vid3,16.133333333333333,1.1013270845984853,0.9394765704772008,-0.6973839970749989,0.0076180163167648,-0.1880376510521893,0.0609107726905914,-0.8312992631352711,-0.0361468033601193,0.3221783912795992,False,True,REST,REST
vid3,16.166666666666668,1.081382069366439,0.9040149925446582,-0.5005307005181597,-0.0006554544780377,-0.1722482776303324,0.0137359151765717,-0.8552692921217151,-0.012983167838136,0.3746503317162259,False,False,REST,REST
vid3,16.2,0.119136954203305,0.900543331131381,-0.0606208251770682,-0.0060677952460672,-0.0216747581269456,-0.0097007514539279,-0.0852041681352236,-0.0041260872722044,0.0281321273228735,False,True,REST,REST
vid3,16.233333333333334,0.3281871964807253,0.9173592693399214,0.036169215557053,-0.0023813980575978,0.0558033866283984,0.0126964410142488,0.2484874310915802,-0.0156153214372477,-0.0971258612353876,False,False,REST,REST
vid3,16.266666666666666,0.109613541982689,0.9158620305132346,-0.3176118424628032,0.0023672461943762,0.0273963915102474,0.0321728530534478,-0.0306158301372095,-0.0224650504657754,0.0817375521718711,False,False,REST,REST
vid3,16.3,0.3871221003619384,0.8827592458779296,0.1443067064213478,0.0019576245786315,0.0332120176754342,0.0132933142968288,0.365490645707773,-0.0072881011421396,-0.2423424510155478,False,True,REST,REST
vid3,16.333333333333332,0.6346459815461982,0.8939794143353189,0.6531990693620975,-0.0011031040755247,0.033588419694349,0.0149470655719824,0.6213890145174229,-0.0149216151167317,-0.4585916752309252,False,False,REST,REST
vid3,16.366666666666667,0.9483575138435868,0.9480643788122808,0.740451598256244,0.0021981990928585,0.1772277505987042,0.0716746268443809,0.660148519181706,-0.0563088144452099,-0.1990402467478266,False,False,REST,REST
vid3,16.4,1.0310652101217128,0.9834964035562512,0.5380206885115191,0.0130960285666692,0.2452621857958236,0.1063496995416952,0.4186517119518829,-0.0635292832367998,0.1442667567121727,False,False,REST,REST
vid3,16.433333333333334,0.8498640405890839,0.9672423655146318,-0.2304482821100367,0.0215574710420376,0.2175220960960273,0.0774515563886979,-0.1546552665053157,-0.0217962714127682,0.5739883485161613,False,False,REST,REST
vid3,16.466666666666665,0.6258341570067746,0.9469693866803096,0.0550704980562821,0.0289737776216002,0.1522737829075698,0.0691342147924321,-0.2223492822341313,0.0003554276916463,0.498563700951635,False,False,REST,REST
vid3,16.5,0.2131150349380781,0.9720177565764864,-0.0722513034451024,0.0315525644968821,0.0350145402214671,0.0771878725608918,0.1652961222272762,-0.0012245995896337,-0.0688972033910074,False,False,REST,REST
vid3,16.53333333333333,0.1721358864880763,0.9632614028611434,-0.1874415135872413,0.0308380484807057,0.035999464381606,0.0816450722060469,0.1024852924107965,-0.0064591580588869,-0.0136251470822641,False,False,REST,REST
vid3,16.566666666666666,0.2240855443419663,0.9519615836286028,-0.2090256671766205,0.0315710263568646,-0.0322117311242707,0.0826060283321028,-0.1868157123486324,-0.0057819007738133,0.0928529376210223,False,False,REST,REST
vid3,16.6,0.1219063232239697,0.9294494771287972,-0.3139872357558421,0.0303125085780631,-0.0314229137414763,0.0764259437142124,0.016964435559231,-0.0031029542931121,-0.0783576504514238,False,False,REST,REST
vid3,16.633333333333333,0.0450793372064353,0.9405537092077936,0.2679582418457838,0.0289918212513013,-0.0015955569153225,0.0697765947280686,-0.0446606348112561,-0.0001526115572078,0.0346263657037511,False,False,REST,REST
vid3,16.666666666666668,0.030286988299945,0.946096628604732,0.2447206123244856,0.0271769268309232,-0.0027411002288464,0.0743361295950068,0.0283972793656037,-0.0077141108112202,-0.0296627554275971,False,False,REST,REST
vid3,16.7,0.1075470873719025,0.9624786263243832,0.1315459202148854,0.0312334049810757,0.0198930435112672,0.0863774132861676,-0.0756678111618245,-0.0096675679856106,0.1046686941440316,False,False,REST,REST
vid3,16.733333333333334,0.3553533962511326,0.9636259982268504,0.1390254445594895,0.0304739579796745,-0.0006769298264536,0.0683824426762468,-0.3553438799226792,0.0040470442227532,0.2999725213033071,False,False,REST,REST
vid3,16.766666666666666,0.3564189724664964,0.9653105409542098,-0.334053292115566,0.029716964463666,-0.0655054318138605,0.0521889238994864,-0.2523940305103463,0.0162389237308787,0.080687401593731,False,False,REST,REST
vid3,16.8,0.2828255299709231,0.9431899966807348,-0.1625920247876394,0.0260215378701076,-0.0495917432983292,0.0464984664858166,-0.2090264194393125,0.0135415708058685,0.0763065024910011,False,False,REST,REST
vid3,16.833333333333332,0.1623236481254521,0.9470639400426758,-0.3244928026155619,0.0251345192519616,-0.0094084780827734,0.047979428934753,-0.1582481545810021,0.0104798391494468,0.1150490802015466,False,False,REST,REST
vid3,16.866666666666667,0.1426519593106556,0.928557814372697,-0.6011607289196246,0.0242075641955634,0.0190345588468257,0.0369268330091096,-0.122482903467191,0.0179659326580183,0.1426226898753186,False,False,REST,REST
vid3,16.9,0.1334781213480686,0.9117099099804103,-0.2955797219211538,0.0285796907839976,0.033060221057973,0.0294127869472644,-0.0410460454013923,0.0332390395865251,0.1021133809601204,False,False,REST,REST
vid3,16.933333333333334,0.0759625738184196,0.8825297094145419,-0.2406643764243963,0.0281817343163532,-0.0197335395273121,0.0375326327988194,-0.0047793391527393,0.025542814492463,-0.0361204885766236,False,False,REST,REST
vid3,16.966666666666665,0.304670151079374,0.9008594742458532,0.127536902999204,0.0270370475859707,-0.0783191295856061,0.0400262138647547,-0.0478730109135555,0.0210977662421868,-0.1188435435965187,False,False,REST,REST
vid3,17.0,0.4164058680157269,0.9097434212156676,0.2619974251950675,0.0219090717214621,-0.0970065984940947,0.0305555093955224,-0.1857535328195164,0.0186898751218959,-0.0399575144410955,False,False,REST,REST
vid3,17.03333333333333,0.3734151622684682,0.9106012087050738,0.2287502102334235,0.0193943191462388,-0.0813099686644009,0.0216475221028066,-0.2045979794373334,0.0211247808396472,0.0079788501736409,False,False,REST,REST
vid3,17.066666666666666,0.2812947601501538,0.9199034668609454,0.1933411781392504,0.0162778643385918,-0.0677205177720041,0.0188540824368454,-0.1069552378887059,0.0171492751278245,-0.0471619556672392,False,False,REST,REST
vid3,17.1,0.0595189167976518,0.9369786230672652,0.1061266865771532,0.0150054929270277,-0.0020447400505922,0.0141147505687275,-0.0589982477889293,0.0185781829246041,0.04587097950403,False,False,REST,REST
vid3,17.133333333333333,0.0915471853323269,0.9303765455615,-0.1944180353820674,0.0152949700987182,-0.0035658058094356,0.0119615026004855,0.0905164218901677,0.0209935712406259,-0.0840220502469012,False,False,REST,REST
vid3,17.166666666666668,0.2955046880853723,0.9122347109609829,-0.1125759943672808,0.0159007600999163,0.0635282456901092,0.0199211802540665,0.1666035349899735,0.015476608683049,-0.0119576362932384,False,False,REST,REST
vid3,17.2,0.2241255991249834,0.9137043708935496,-0.0208669683606317,0.0192205047290022,0.0561291290301096,0.0300823242565451,0.0611008110376638,0.0136177652949771,0.0624511638653278,False,False,REST,REST
vid3,17.233333333333334,0.0171783212990683,0.9218826508079428,0.0350468352348795,0.0212364755077283,-0.001271067531734,0.0278126858588154,0.0164696495081924,0.0196466619607714,-0.0165547884590454,False,False,REST,REST
vid3,17.266666666666666,0.107738212695137,0.9242015320584044,-0.1393717046181103,0.0210985396494954,-0.0223403248809344,0.0230605982341595,-0.0651251452077824,0.0233958760533477,0.0097490781974081,False,False,REST,REST
vid3,17.3,0.16426724648742,0.903836853857948,-0.1093306081076045,0.0164842951079893,-0.0421544178889397,0.0225482012753964,-0.0275039185006221,0.0144367173897564,-0.0624933494026193,False,False,REST,REST
vid3,17.333333333333332,0.0784352469935044,0.9069757198828976,0.0365673480291629,0.0162131300698168,0.0204162950957429,0.0259367923869385,0.0001638147736566,0.0110109719277111,0.0414246568344065,False,False,REST,REST
vid3,17.366666666666667,0.2228235958659385,0.9140597157244112,0.0847045077894532,0.0194197616862306,0.0528592164805592,0.0215109156726997,-0.0917133917343648,0.0212924264309082,0.1853888801260831,False,False,REST,REST
vid3,17.4,0.0452038645406286,0.9250457774311056,-0.168815065904617,0.0220484011202744,0.0116202249303067,0.0178119044184854,-0.0071022488235231,0.0297807811961383,0.0296795903226855,False,False,REST,REST
vid3,17.433333333333334,0.1259405006949046,0.9001137436145107,-0.311502349734064,0.0206607726097071,-0.0267518538366354,0.0181428081980075,0.0727895567859034,0.0266752170578562,-0.116190975749609,False,False,REST,REST
vid3,17.466666666666665,0.2891347901311063,0.8869838011444053,-0.0128340870595444,0.017970897654335,-0.0166180164862668,0.0219336535703199,0.281998247543096,0.0179843185129953,-0.2729806270794521,False,False,REST,REST
vid3,17.5,0.2973972778996069,0.8943974835508609,0.1320443207104881,0.0176846981214457,0.0397228497308318,0.0387145295040345,0.2552573532248021,0.0031705918646294,-0.1356039428511146,False,False,REST,REST
vid3,17.53333333333333,0.2992719711790345,0.9151889486511132,0.2683035733000384,0.0219634384617227,0.0562049917454102,0.046241226334821,0.2072171784224512,0.0054982281517303,-0.0613088899706801,False,False,REST,REST
vid3,17.566666666666666,0.2909320604748824,0.9105400906679464,0.364606988913461,0.0235176797125855,0.070473477887872,0.0520468137145896,0.1064850490981961,0.0037389104653879,0.0531651888434557,False,False,REST,REST
vid3,17.6,0.0717085415827774,0.9246629275638992,0.3172961424595883,0.0258903147203221,0.0173847298760874,0.0483117692547049,0.0261039941994191,0.011736648414882,0.0132543237232887,False,False,REST,REST
vid3,17.633333333333333,0.0281288448106115,0.9448314754098948,0.4144921207576659,0.0251296351798044,-0.0046005183496525,0.0556729706505467,0.0218827330336915,0.0039453612231491,-0.0279234829986275,False,False,REST,REST
vid3,17.666666666666668,0.2361111792381091,0.9649452015847674,-0.0370318320019425,0.0258020583588289,-0.0193215184448065,0.0541183777292799,-0.2241395064691309,0.00663266114959,0.1507474614104069,False,False,REST,REST
vid3,17.7,0.4236775287094126,0.9426732804175882,-0.5539639359948503,0.023058288023739,-0.0690438452725936,0.0427970056943533,-0.3303696795133868,0.0106480108923588,0.1396114057633289,False,False,REST,REST
vid3,17.733333333333334,0.1649864369198495,0.9146786416605284,-0.3105936134527203,0.0213882805222754,-0.0338112445600828,0.0200575766824724,-0.1017233965872453,0.0265324546672995,0.017433805903229,False,False,REST,REST
vid3,17.766666666666666,0.0483435248909404,0.9016236736634602,-0.1602471536150972,0.018856425715887,-0.0055721034610065,0.0264065879527774,0.0433456296467269,0.0159937926941368,-0.048103124509972,False,False,REST,REST
vid3,17.8,0.0379719943983354,0.9228920004473712,-0.1993826866578001,0.021247614642427,-0.0048630880737763,0.0413517087255595,-0.033057822443304,0.0081875234497255,0.0181345063165518,False,False,REST,REST
vid3,17.833333333333332,0.062213151184854,0.904502993016833,-0.0095559077528327,0.0213221572140489,0.0092237242644477,0.0334071554437703,-0.0511350659115692,0.0150766836808258,0.062142968315265,False,False,REST,REST
vid3,17.866666666666667,0.292721027106591,0.8893385457463031,0.1745766802144333,0.0204221254149917,0.0021904837633152,0.0190692647544722,-0.2926000362092436,0.0254036933651571,0.2525998783945336,False,False,REST,REST
vid3,17.9,0.1644746338246017,0.9062693497848568,0.8560465699484505,0.0198237065368564,0.0083319225434146,0.0164847719918662,-0.1613297815042889,0.0263772177740913,0.1537784478374963,False,False,REST,REST
vid3,17.933333333333334,0.7519979466733079,0.9630876019169806,1.6990986002351542,0.0212154896239809,0.1421929416236504,0.0218405240149876,-0.5168020885161693,0.0246686515106201,0.7277528116702349,False,False,REST,REST
vid3,17.966666666666665,1.2274533633438116,1.0281230173231208,1.120568925178446,0.0261822040719891,0.2475531776590038,-0.0154740622953141,-0.775984360563522,0.0664246751323596,1.1620460596580375,False,False,REST,REST
vid3,18.0,2.0478502562298546,1.072933333006812,0.2435972295507241,0.0362620511489396,0.4957677044743814,-0.045420361994589,-0.7523686278350215,0.1123413347567046,1.6473348461048376,False,False,REACH,REST
vid3,18.03333333333333,3.3974962272883986,1.0514743859328244,-0.7443257932956634,0.0563489495908169,0.8629153347656175,-0.0722999843708813,-0.743533838033254,0.1760296857677475,2.3872831814897335,False,False,REACH,REACH
vid3,18.066666666666663,4.627388801204463,0.9883850297417616,-1.401859620990962,0.0905696012904403,1.1984075236185243,-0.0834651381305227,-0.4643893074390818,0.2551648818958417,2.8335501149777156,False,False,REACH,REACH
vid3,18.1,5.660874636596049,0.9347440031049398,-0.4757430433987939,0.1412133014501308,1.466060226962003,-0.1069697560379173,-0.5681400693150717,0.3781987156871655,3.466424824408044,False,False,REACH,REACH
vid3,18.133333333333333,6.033277048998157,0.9434821361731552,0.0794034153878648,0.1944520311529918,1.567559594248096,-0.1246705639728742,-0.3649102635538405,0.5015935803676618,3.5007079224136253,False,False,REACH,REACH
vid3,18.166666666666668,6.260497587704445,0.9618186928655956,0.6061235145639353,0.2455467320830328,1.6288979365077858,-0.131870416520183,-0.1810046837907425,0.611718250262416,3.4696190119143036,False,False,REACH,REACH
vid3,18.2,6.564905514284284,0.9877558046754004,1.4697658058716945,0.3006257641018007,1.708661362053027,-0.1354709866174188,-0.088082020827541,0.7269018543126037,3.553198344682008,False,False,REACH,REACH
vid3,18.233333333333334,6.700771099379758,1.038926961530474,1.2647343569332787,0.3613425918594115,1.7441142565952998,-0.1348247859866569,0.0583446126125281,0.8499614182017747,3.5011958807268213,False,False,REACH,REACH
vid3,18.266666666666666,6.435536978723879,1.109582258419292,1.406903010040182,0.4213083031463199,1.6741094314251643,-0.1353461360513217,0.2258315043025169,0.9724820014236418,3.216641916219652,False,False,REACH,REACH
vid3,18.3,5.938774963547991,1.1468705610096877,0.8498231205827163,0.4744510039869037,1.538311458282512,-0.1251133607837165,0.5852584177952366,1.0719921973819606,2.635370575223418,False,False,REACH,REACH
vid3,18.333333333333332,5.4679190671260605,1.1487291613682529,-0.0852464558523045,0.5226873743422424,1.4045544675742885,-0.0966369327101013,0.8839223445573934,1.14604247138498,2.109784537990975,False,False,REACH,REACH
vid3,18.366666666666667,4.996880573987744,1.1544964261930533,-0.622447919807341,0.5679488069768933,1.2769370529223472,-0.0577933480142394,0.950112375321218,1.2052444511367977,1.793847774950104,False,False,REACH,REACH
vid3,18.4,4.34691906745383,1.108263252977372,-1.1550403572518986,0.6094269451643379,1.1052985504042856,-0.026223468823703,0.9297578011231844,1.262912875284337,1.4616871480888471,False,False,REACH,REACH
vid3,18.433333333333337,3.688329972278635,1.050484009433787,-1.1748098479139937,0.642755980977668,0.9198438787315252,-0.0032178449485919,1.056274947264331,1.311254268724518,0.9768444300234304,False,False,REACH,REACH
vid3,18.466666666666665,3.2074958226757095,1.0166761324472249,-0.7648666950809218,0.6694229971016751,0.7561830281447031,0.0339421165325752,1.3595784311974994,1.3340294586806034,0.3864453948096065,False,False,REACH,REACH
vid3,18.5,2.9563074317053344,1.007209008332998,-0.198767625610966,0.6915688627003971,0.6281721889668009,0.0904844858100199,1.7075467332911738,1.331163152539601,-0.1692553502889056,False,False,REACH,REACH
vid3,18.53333333333333,2.8334039108464752,1.0048440655529682,0.080454015929297,0.7111254655676947,0.5444555913451194,0.1543327066855322,1.9112928356864305,1.3168298613466685,-0.5124735497872301,False,False,REACH,REACH
vid3,18.566666666666663,2.669641953851473,1.0126751385919224,0.3715525530747723,0.7274599345520532,0.4534898568552571,0.2177370976452272,2.022791638666859,1.2963133277788106,-0.7922189286836215,False,False,REACH,REACH
vid3,18.6,2.5431861310028285,1.0311981144390183,0.7040591967141426,0.7413471254814104,0.3648370047097156,0.288463678914357,2.1220836779004424,1.264605006066894,-1.0569037432398758,False,False,REACH,REACH
vid3,18.633333333333333,2.3309619160032233,1.0591797410438322,0.8819419428381791,0.7523376042063441,0.2672040483692591,0.3633575244925561,2.092748537715126,1.2234654822639623,-1.2307875636064165,False,False,REACH,REACH
vid3,18.666666666666668,2.02273790604445,1.0981283476555648,0.7656319161039484,0.7592107982116714,0.1690379999293847,0.4338132470805971,1.9156559439659024,1.1777077383860353,-1.2804504308013556,False,False,REACH,REACH
vid3,18.7,1.6267186993510814,1.1254010886675347,0.2715082397418628,0.762855134650079,0.0932738833726011,0.493638245569935,1.5867599886358683,1.134392095204477,-1.1557699788840323,False,False,REACH,REACH
vid3,18.733333333333334,1.3301327093316675,1.1190592251915998,-0.2197025279819803,0.7643713838445405,0.0551450709076828,0.5395830517861732,1.313152771241199,1.0985152284615307,-1.001359221805299,False,False,REACH,REACH
vid3,18.766666666666666,1.0629075671927373,1.0945441862762906,-0.3677695785131679,0.765557135505308,0.052092552679138,0.5786187536040783,1.043897056214451,1.067824823537373,-0.7792303022772642,False,False,REACH,REACH
vid3,18.8,0.8185062294834274,1.0802144041222097,-0.0616906320587385,0.7672893401982785,0.0648485104255255,0.6094444464353508,0.7796695364407018,1.0452094168074455,-0.5291825985571194,False,False,REACH,REACH
vid3,18.833333333333332,0.5751595886725661,1.0901922036255804,0.3430821988860252,0.7702102421304942,0.0649055777987146,0.6327311090860601,0.5182966351232661,1.0314074658452983,-0.3074082191011594,False,False,REACH,REACH
vid3,18.866666666666667,0.3232039347453406,1.1132517421483394,0.3302159669435489,0.772455030619145,0.0516083373111565,0.6425054949967341,0.2552459006646752,1.0276882137174237,-0.1113977042217723,False,False,REACH,REACH
vid3,18.9,0.1834330792157557,1.124376355404056,0.141444708548312,0.7737747925686871,0.0254979532933879,0.6460552572793146,0.1550870009902561,1.0273646024197158,-0.079613230691244,False,False,REACH,REACH
vid3,18.933333333333337,0.2048635276675364,1.1194666324769953,-0.0730792226055548,0.7738644868047259,0.0041933309179848,0.6478685054490481,0.2042291273901333,1.0260094708868566,-0.1646604235323761,False,False,REACH,REACH
vid3,18.966666666666665,0.4184046741569961,1.110589982306304,-0.1583808755806669,0.7739125857540081,-0.0057055230276631,0.6554867423462833,0.4178301219937471,1.0196467185355809,-0.3659576217489251,False,False,REACH,REACH
vid3,19.0,0.7621981472482842,1.112477811857137,-0.2753780510323889,0.773347155956938,-0.0159479428448429,0.6725610286733267,0.7597316451096005,1.00401570601753,-0.676759963951586,False,False,REACH,REACH
vid3,19.03333333333333,1.2297524417541827,1.0939787177043363,-0.0603220707152144,0.7727906654604942,-0.017852220911573,0.7028607338217076,1.2278384428222595,0.977187029562404,-1.0776163053834182,False,False,REACH,REACH
vid3,19.066666666666663,1.732078884216402,1.1055743820930806,-0.8083563971520408,0.7720041136116242,-0.0193026490056815,0.7520829443581349,1.730490695551987,0.933842696470338,-1.506845090838306,False,False,REACH,REACH
vid3,19.1,2.188547119870189,1.0643064413405428,-1.0369140751980948,0.7717125949710386,-0.0354535926462271,0.8202472959800832,2.1843046133107547,0.8754422052149845,-1.9245837279896607,False,False,REACH,REACH
vid3,19.133333333333333,2.450385545973145,1.0197906325723174,-1.1676205604790264,0.7704008380908891,-0.0626822713309032,0.9032453276080976,2.4385239199062685,0.8023849544897617,-2.195607558520785,False,False,REACH,REACH
vid3,19.166666666666668,2.744618379769544,0.9648198932861274,-1.6758832434303352,0.7678714289773165,-0.1105299550486214,0.9860563305335404,2.711570977527613,0.7270074125049503,-2.5245745873188516,False,False,REACH,GRASP
vid3,19.2,2.8577032578913344,0.9408681348603856,-1.6478828985497196,0.7625746454891474,-0.1253275009619224,1.0813850555196338,2.816849889927297,0.6353803400851,-2.6439816435287717,False,False,REACH,GRASP
vid3,19.233333333333334,2.7064616800386765,0.8347592358560211,-0.8911796698547221,0.7579505545336741,-0.1056623367908529,1.1815619052748365,2.6758463711430416,0.541011268852864,-2.4843686921702064,False,False,GRASP,GRASP
vid3,19.266666666666666,2.205941582367412,0.8121522268891973,0.6481772234291042,0.7546501068443188,-0.0624942753571889,1.2752133632048683,2.1928372433113044,0.4548707575387016,-1.9868693917010185,False,False,GRASP,GRASP
vid3,19.3,1.4529157176216394,0.9087841005301124,1.0546046856836833,0.7541744110931786,-0.003360287584048,1.3325342999409835,1.452858364399392,0.4052911135870549,-1.2389424958546236,False,False,GRASP,GRASP
vid3,19.333333333333332,0.8095408613918017,0.9720097676200102,1.2038026711968255,0.7542848357224458,0.0475544805246479,1.3678330034616335,0.7886565950842626,0.3755807277639103,-0.5720113647561675,False,False,GRASP,GRASP
vid3,19.366666666666667,0.5355645727708663,0.9647866707340388,-0.4217418998071217,0.7569310362936443,0.1110122938853122,1.3803813649083252,0.3239434640376727,0.3703261924259317,-0.0487220848315771,False,False,GRASP,GRASP
vid3,19.4,0.6882051225167082,0.9225497299015027,-0.9830927778064136,0.7616098430253787,0.178914275511342,1.3848489940441602,0.0342826766399179,0.3760625386153327,0.3351609006133167,False,False,GRASP,GRASP
vid3,19.433333333333337,0.949572426651852,0.9155003841517262,-1.300674411061016,0.76913740779492,0.2345199523535019,1.3808043327837811,-0.2998836173405479,0.3948172761414218,0.7317540666324064,False,False,GRASP,GRASP
vid3,19.466666666666665,1.0912283897777266,0.8339257525674258,-2.273425904843952,0.7781742269508755,0.2489416771267495,1.3680117668098557,-0.5254660173531774,0.424063251309064,0.9524198172322887,False,False,GRASP,GRASP
vid3,19.5,1.2494672972919112,0.7486119613904253,-1.7407522993945446,0.7870923350391068,0.2383135637620654,1.3439748263621352,-0.8502566737202952,0.4626033850076604,1.2062229087962706,False,False,GRASP,GRASP
vid3,19.53333333333333,1.3065886123293475,0.682174083033163,-1.397970780702297,0.7942456979371288,0.2101569953000705,1.3091894610279375,-1.027284569991874,0.5066660821799303,1.299030772244419,False,False,GRASP,GRASP
vid3,19.566666666666663,1.2103959958012471,0.669553591991936,-0.7215914761419387,0.8008093896647963,0.1727780499285549,1.2713999966175404,-1.0121556491177892,0.55207596098105,1.2101044218658952,False,False,GRASP,GRASP
vid3,19.6,1.0078255163979948,0.6608426724312625,-0.614925082803156,0.8063174104271571,0.1361946624305635,1.2345262931871022,-0.8613603092999894,0.5945600860379449,1.0077452913780276,False,False,GRASP,GRASP
vid3,19.633333333333333,0.7034598025615827,0.6141079701298647,-0.2379707601258897,0.8100392930911458,0.0973716826284982,1.2121046835089684,-0.5957506476307936,0.6211518349845105,0.7034581028571116,False,False,GRASP,GRASP
vid3,19.666666666666668,0.4905240041847871,0.6202002015320202,0.3539148366655327,0.8121427861845761,0.0663688914577017,1.1978894874261534,-0.419048258777871,0.6374893818499896,0.4904894107646766,False,False,GRASP,GRASP
vid3,19.7,0.37975520715377,0.6568002262001917,0.644271604440269,0.8140869702858101,0.0559302388719497,1.1872572682308469,-0.3131197710667959,0.6504640507323666,0.3794053335483749,False,False,GRASP,GRASP
vid3,19.733333333333334,0.3572558797891502,0.6930494933670535,0.4969394398651598,0.8157225009915801,0.0530783671752875,1.1775873551770943,-0.2933429697971969,0.6619942746345574,0.3568276956394427,False,False,GRASP,GRASP
vid3,19.766666666666666,0.3309761014172457,0.6830950310412505,-0.0865591866130455,0.8174396961704484,0.0540371383814698,1.16839310617348,-0.2577745938471482,0.6732873628606209,0.3286156807461444,False,False,GRASP,GRASP
vid3,19.8,0.3094765284060992,0.6783356079017169,-0.2968716214366236,0.8192550489605223,0.0590742312706494,1.1599443719075455,-0.2104022714186957,0.684148044393714,0.2986959524875285,False,False,GRASP,GRASP
vid3,19.833333333333332,0.2867748394153427,0.6668327107555558,-0.5217903157888187,0.8214768729907177,0.0579582374835511,1.1534807502756814,-0.1807232209685544,0.6941527401092784,0.2712545852335611,False,False,GRASP,GRASP
vid3,19.866666666666667,0.2567558576046415,0.6418277273457627,-0.4579051394572043,0.8234440981393631,0.0478441244308377,1.1497055973050698,-0.1792723200406424,0.7013591571032193,0.2494337891995872,False,False,GRASP,GRASP
vid3,19.9,0.2841521791928131,0.6212804954450676,-0.2845663352410912,0.8247714762754604,0.0422249682209353,1.1436307026934385,-0.2332966694561706,0.7092132747508111,0.2838098251800266,False,False,GRASP,GRASP
vid3,19.933333333333337,0.3521636455841931,0.6202244555327273,0.1387574287557995,0.8258287880436848,0.037302445867948,1.1342998592986089,-0.3216862225068937,0.7192788088688604,0.3487476022508334,False,False,GRASP,GRASP
vid3,19.966666666666665,0.3779163611729933,0.6379845978490541,0.4081393235283221,0.8272576410819723,0.0337849505910844,1.121323661292184,-0.3549283504027071,0.7331921839920403,0.3697777729977258,False,False,GRASP,GRASP
vid3,20.0,0.3497729163401251,0.6531548729508891,0.360945412390553,0.8284532505592943,0.0299196397791068,1.1084852618825165,-0.3303464249784336,0.7465138602991814,0.3410619691060075,False,False,GRASP,GRASP
vid3,20.03333333333333,0.2721153160814589,0.6683083538502388,0.151652501822621,0.8291168478921267,0.0220792265037165,1.097573177882045,-0.258556926406832,0.7571188455084824,0.2642190874697999,False,False,GRASP,GRASP
vid3,20.066666666666663,0.2334325864951646,0.6648449138929079,-0.0389963357263946,0.8297281261349185,0.0176729831843517,1.0921625641583887,-0.2233403804391732,0.7629517782166935,0.2253833237963979,False,False,GRASP,GRASP
vid3,20.1,0.1703503036825543,0.6582720242577472,-0.09025012145607,0.8303254261190904,0.022335560371952,1.0840876591563913,-0.1471602177235151,0.7710157154465019,0.1702705653490613,False,False,GRASP,GRASP
vid3,20.133333333333333,0.2023550659504641,0.6469611787035041,0.4485150063468378,0.8312045914906349,0.0129923092972632,1.0814849479913384,-0.196102512918288,0.7750127623449351,0.1927552193157644,False,False,GRASP,GRASP
vid3,20.166666666666668,0.2889533917367238,0.6852046924183636,0.4181918576017587,0.8312274698211497,0.0277302963820824,1.0745616273459484,-0.2685974440831201,0.7809306843913355,0.284238455668906,False,False,GRASP,GRASP
vid3,20.2,0.5314351409414935,0.7083413223802588,-0.0950436634616306,0.8319442804204177,0.0695112002925386,1.067047411680942,-0.4594660532046659,0.7887624272907606,0.5311629881444918,False,False,GRASP,GRASP
vid3,20.233333333333334,0.8928207082400543,0.6939184175589435,-0.7696632070300202,0.8346110478377456,0.1389341913040558,1.044428409987623,-0.7157050172287573,0.8133735671112048,0.8897989569828776,False,False,GRASP,GRASP
vid3,20.266666666666666,1.2863065119075927,0.6331068536757599,-1.728158791654056,0.8409221412435737,0.248908729818343,1.0182026737032224,-0.8603264927799464,0.8484625451647347,1.236332338195653,False,False,GRASP,GRASP
vid3,20.3,1.8679641840133727,0.5685865753501577,-1.275951918469474,0.8505683272147523,0.3651580284216983,0.987086356420828,-1.233399710173488,0.8944885931587151,1.7893791999558757,False,False,GRASP,GRASP
vid3,20.333333333333332,2.682971891024096,0.523401412191527,-0.547908467390658,0.8648138762981321,0.4979639912791241,0.9481320394430276,-1.8810883839992751,0.9565250871741802,2.609020785883902,False,False,GRASP,GRASP
vid3,20.366666666666667,3.5754047804041615,0.526186099081283,0.0159527115751491,0.8842241648401827,0.6086566037285753,0.871828610789799,-2.7047613712504477,1.0607500243280663,3.5328880302412897,False,False,GRASP,GRASP
vid3,20.4,4.286149301895932,0.5507113189033193,0.835051419011102,0.9068226498611508,0.6771558292439332,0.7594679390574498,-3.4063661532886154,1.20204397632932,4.267337430153719,False,False,GRASP,GRASP
vid3,20.433333333333337,4.627977422069421,0.5769419836940809,0.9741971048896974,0.9310288098828494,0.6818344799932708,0.6324456909025215,-3.815309442954302,1.3590446410163692,4.6236680317630805,False,False,GRASP,GRASP
vid3,20.466666666666665,4.601360936200867,0.6131466757110277,1.1818413664999403,0.9536077194461164,0.6474851124715612,0.5016676761007522,-3.871028778108279,1.5159176333051958,4.600992419743127,False,False,GRASP,GRASP
vid3,20.5,4.414833123579964,0.6680610642688699,1.4555836401097073,0.974495053275644,0.5971962571391052,0.3685423915441658,-3.771860647066481,1.6713375188197583,4.41451427409627,False,False,GRASP,GRASP
vid3,20.53333333333333,4.016791303179296,0.7116062610515028,1.1293588673289925,0.9933834575241012,0.5274743681366607,0.2427055336335132,-3.4681600921904177,1.8165069993160692,4.015019839637113,False,False,GRASP,GRASP
vid3,20.566666666666663,3.4270120715919017,0.7522110943162738,0.8039878939108452,1.010792994201945,0.4264718311616548,0.1347076485390768,-3.009985086489712,1.9435373917371137,3.420841531470849,False,False,GRASP,GRASP
vid3,20.6,2.8548291973376276,0.7670600353632441,0.5369587904655397,1.0232216168062929,0.2928079125395924,0.043079300918752,-2.62385907727774,2.0465453746662243,2.8212724464229746,False,False,GRASP,GRASP
vid3,20.633333333333333,2.315262927306331,0.7731657986060039,0.4674048853861574,1.0300021634289722,0.1707732898721775,-0.0378221489696625,-2.2203622065969117,2.1289579973814523,2.2306469119050036,False,False,GRASP,GRASP
vid3,20.666666666666668,1.840340928341559,0.7989020475824384,0.154859021857621,1.0327563768951398,0.0923256748042749,-0.1069713859097352,-1.8058365705636727,2.1932072886857146,1.7194030101695597,False,False,GRASP,GRASP
vid3,20.7,1.37513796070719,0.8070236619944361,-0.3394391259065551,1.0350911171592063,0.0471926173714502,-0.1606629564880408,-1.3631336180301186,2.243493686735126,1.2520851551513728,False,False,GRASP,GRASP
vid3,20.733333333333334,0.9630657658195804,0.7721119850423906,-0.686222991489407,1.0361189110816231,0.0213105604944384,-0.1952662752623618,-0.9595795252702384,2.2749315392725467,0.8571588962756372,False,False,GRASP,GRASP
vid3,20.766666666666666,0.6979658027665668,0.739410086729242,-1.215797123775517,1.0364654894578176,-0.0189250354519539,-0.2204112381556285,-0.6941686418835101,2.296961378573654,0.550164472407059,False,False,GRASP,GRASP
vid3,20.8,0.5609880051202172,0.6922113350762236,-0.4295759626424421,1.03468288855719,-0.0414543511194675,-0.2388555674653457,-0.5379072116975433,2.3089741299296898,0.3717811441994466,False,False,GRASP,GRASP
vid3,20.833333333333332,0.4528145932341797,0.6952002900869039,-0.3891149430057238,1.0331244744459578,-0.0470838691501756,-0.2552300206353428,-0.4151159164323194,2.319687916020027,0.2561869607793179,False,False,GRASP,HOLD
vid3,20.866666666666667,0.3856747758188611,0.6753183745703306,0.1552065515832537,1.03093816726445,-0.0406665759628171,-0.2660438238511979,-0.3526137862709482,2.324407706116523,0.2162461638987567,False,False,HOLD,HOLD
vid3,20.9,0.2784744665143763,0.7160446777734845,0.1401670471155517,1.0305361910489583,-0.0302511308622263,-0.2777767533940563,-0.2530638362457609,2.3335395130849403,0.1530262887394103,False,False,HOLD,HOLD
vid3,20.933333333333337,0.2770178371844207,0.6788368121119835,0.5199512098532703,1.0292809345946388,-0.0296028831126308,-0.2830159213611616,-0.2525961686216457,2.3354271513333336,0.1539493871081089,False,False,HOLD,HOLD
vid3,20.966666666666665,0.3463526369882452,0.7386021306595952,0.7227517683602989,1.0284783097690384,-0.0221823712098956,-0.2910875078477444,-0.3357047908141231,2.3406383013934344,0.2395366540446261,False,False,HOLD,HOLD
vid3,21.0,0.4151435947325592,0.7509475751435695,0.1593040083480116,1.027426731869863,-0.0189907808790634,-0.3026049705139327,-0.4086823385543708,2.3482649190500524,0.3079229713724075,False,False,HOLD,HOLD
vid3,21.03333333333333,0.4401220920034541,0.7747641476578876,0.0382075817174716,1.0273702694526334,-0.0033120215174849,-0.3230456461851411,-0.4399381246824281,2.3654847589849917,0.3663484350135503,False,False,HOLD,HOLD
vid3,21.066666666666663,0.3283121353813978,0.7184644649867543,-0.612997391744376,1.0271184649555118,0.0101651730347119,-0.3361777213925349,-0.3259812345013399,2.3761088365428047,0.2971438265341872,False,False,HOLD,HOLD
vid3,21.1,0.3184665564556792,0.7220910034250859,-0.0283279103092945,1.0279750779705277,0.014127385798037,-0.3426171976652946,-0.3138076399631889,2.3833137533020667,0.2948862568080351,False,False,HOLD,HOLD
vid3,21.133333333333333,0.2792697863541492,0.7268803462851491,-0.0651711410293331,1.0285346018855015,0.0211356859769158,-0.3526238089342354,-0.267204724309394,2.392938976092843,0.2696320188480879,False,False,HOLD,HOLD
vid3,21.166666666666668,0.2928457762197604,0.7233370689218278,0.3939331281820038,1.0293001573637095,0.023913697427827,-0.3638652783363033,-0.2780616891446104,2.404030864568578,0.2844947933254166,False,False,HOLD,HOLD
vid3,21.2,0.1585907028460197,0.7392941642823783,0.2044238876559518,1.0299836394313635,0.0148280550001792,-0.3742343940381042,-0.148006277674871,2.4142158650444623,0.1557042580282565,False,False,HOLD,HOLD
vid3,21.233333333333334,0.0302706855931603,0.755483245421973,0.0456860534952677,1.0309502937456814,0.0062571118353469,-0.3733022172927491,-0.0183974205697116,2.415393248272029,0.0283402516707193,False,False,HOLD,HOLD
vid3,21.266666666666666,0.0896581192499175,0.7526017426749353,0.056435972998632,1.0306049597635318,-0.0191066287544172,-0.3737455800395061,0.0514828861387864,2.4150662112053514,-0.0825575975330586,False,False,HOLD,HOLD
vid3,21.3,0.1808854482467517,0.7322881377592176,-0.1839461114473303,1.0293754363076095,-0.0325867630767753,-0.3690074960365394,0.1305628221705524,2.408544993436186,-0.1770645282408393,False,False,HOLD,HOLD
vid3,21.333333333333332,0.1904322945271423,0.7436219132400894,0.0712260686846378,1.0279758275671944,-0.0327507154166356,-0.3657323462373139,0.1429456488417159,2.4029181617791293,-0.1878996025015282,False,False,HOLD,HOLD
vid3,21.366666666666667,0.2042652263738686,0.7511188000481972,0.0424060214201191,1.026981703181672,-0.0285238462689088,-0.3578290567239071,0.1723831298955261,2.394191906856897,-0.2042590828633738,False,False,HOLD,HOLD
vid3,21.4,0.1876255393048506,0.7414102276414001,-0.0946490716614174,1.0262914057293606,-0.025193754189548,-0.3534834728172746,0.1607333840632894,2.3891013087598476,-0.1876000595986571,False,False,HOLD,HOLD
vid3,21.433333333333337,0.1822658227511677,0.7375714021266401,0.0381353778220416,1.0253999929257225,-0.0235904431489128,-0.3479482952500664,0.1581364207693351,2.3825924401169547,-0.1821336683645295,False,False,HOLD,HOLD
vid3,21.466666666666665,0.2219281694273397,0.7477363973554964,-0.0992601719547528,1.024472424004499,-0.0178729409819301,-0.3438310655823164,0.2110387660751436,2.37721246036227,-0.2153579717242779,False,False,HOLD,HOLD
vid3,21.5,0.241830697482997,0.7396895142360893,-0.0233084547057795,1.024050240683796,-0.0085553770394682,-0.3344949009146266,0.2395866951442783,2.3684354107191745,-0.2205994062715304,False,False,HOLD,HOLD
vid3,21.53333333333333,0.1978729809918108,0.7350507202112055,-0.0374859473343046,1.0242469580159306,-0.0143168570541449,-0.3254105908495356,0.1900748812011946,2.3611319078365103,-0.1903399851604699,False,False,HOLD,HOLD
vid3,21.566666666666663,0.1753277045882605,0.734793798638477,-0.0787701540894919,1.023488755942261,-0.011971320443589,-0.319518703663776,0.16918808079901,2.354591721327798,-0.1678518077371517,False,False,HOLD,HOLD
vid3,21.6,0.103907216098225,0.7432134671880364,-0.0335194738154952,1.022974003765682,-0.0208213229196138,-0.3165358368555643,0.066318416518769,2.351014156043638,-0.0986297025506299,False,False,HOLD,HOLD
vid3,21.633333333333333,0.1269325126289895,0.7292473405816734,-0.2618214247805716,1.022163085836276,-0.0231805872842271,-0.3152998552071926,0.0904493642869809,2.348315107316711,-0.1238970374937033,False,False,HOLD,HOLD
vid3,21.666666666666668,0.1992316479394133,0.7187407155902048,-0.1789976976423091,1.0217379637696606,-0.0222502194533213,-0.3126011967270969,0.1799619748644043,2.3451610352570937,-0.1979144726025977,False,False,HOLD,HOLD
vid3,21.7,0.2626141124900684,0.7132000012613436,0.1131588501584103,1.0204482728153963,-0.0355762915842709,-0.3057112354894731,0.2242447056620763,2.336692421237124,-0.2625978714637633,False,False,HOLD,HOLD
vid3,21.733333333333334,0.3570313074225517,0.7284809149997333,0.0174844180797883,1.0194846131351398,-0.0360149695878598,-0.2944285583031452,0.3291311987193007,2.3251622849776705,-0.3524402906239153,False,False,HOLD,HOLD
vid3,21.766666666666666,0.3776989316174425,0.7292464474085196,-0.0838426664513125,1.0180044777437822,-0.0415093158419716,-0.2833253060512381,0.342382543044189,2.312732867207514,-0.3748635529499808,False,False,HOLD,HOLD
vid3,21.8,0.3871948136321388,0.7169775435747692,-0.0428627724812207,1.0166699663880028,-0.0498843936937142,-0.2721486793407414,0.3364400653199249,2.3005376860035467,-0.3868740331365085,False,False,HOLD,HOLD
vid3,21.833333333333332,0.504203890653059,0.7098705002030617,-0.0540976370348269,1.0149344561381013,-0.0587608144194827,-0.2607459693346576,0.4508436998903895,2.2873344188146407,-0.5019650899595943,False,False,HOLD,HOLD
vid3,21.866666666666667,0.6141797883710582,0.7246516794044795,0.1340699677741285,1.0127904702048516,-0.0717030210700881,-0.245699252038941,0.5489392529237165,2.270209261985799,-0.6115031656063251,False,False,HOLD,HOLD
vid3,21.9,0.8042471798731834,0.7315564565661673,-0.2881772239830161,1.0100944296779353,-0.0883325605708219,-0.2247675743646779,0.7291445223534283,2.246969468869221,-0.798181360823998,False,False,HOLD,HOLD
vid3,21.933333333333337,1.0419089832546011,0.7050230740142284,-0.4887024576743262,1.007068260633755,-0.103285896761643,-0.1968410532033484,0.9633909366559806,2.2171255972716564,-1.0272769157782826,False,False,HOLD,HOLD
vid3,21.966666666666665,1.2016284718132737,0.6800567038750894,-0.2234696601862673,1.003289732294102,-0.1263380294072107,-0.16187429627547,1.0992419450419135,2.1797795728951237,-1.189415467553526,False,False,HOLD,HOLD
vid3,22.0,1.4453558643012974,0.6766747046903465,0.2109081429045364,0.9986704226934052,-0.145698352922689,-0.1215565750359507,1.332569801042944,2.136183978480293,-1.4267037995017708,False,False,HOLD,HOLD
vid3,22.03333333333333,1.6808875377641077,0.7120397465514899,0.2690345178782368,0.993445279630015,-0.1641551068741019,-0.0749006756731411,1.5580964727463131,2.0859799116363926,-1.6555368191037276,False,False,HOLD,HOLD
vid3,22.066666666666663,1.957291571386928,0.7174685421674751,-0.1244812328334425,0.987904857201303,-0.1983165647442108,-0.0201239561364891,1.802918091311644,2.028247107818108,-1.9327046888900168,False,False,HOLD,HOLD
vid3,22.1,2.309830975848998,0.6963569943664762,-0.4750984109826536,0.9811685214716044,-0.2546543637486223,0.0471166755207815,2.0924132827198076,1.957509594420041,-2.2929048278357,False,False,HOLD,HOLD
vid3,22.133333333333333,2.628744000740834,0.669503412810194,-0.6896706099589599,0.9717515018688564,-0.3393224031893576,0.1203385114701769,2.2827417243709065,1.8762423521928375,-2.626681082605037,False,False,HOLD,HOLD
vid3,22.166666666666668,2.9474747387422013,0.6578907369026098,-0.7486560150231631,0.958342579816462,-0.4068857358514233,0.1997642259976467,2.4988219088740076,1.7815871570671524,-2.947474357880709,False,False,HOLD,HOLD
vid3,22.2,3.144518468884402,0.6207790052166214,-0.5640833298289052,0.9432237778928592,-0.4440872755413608,0.2872109751825141,2.6414496541445622,1.6766487147720763,-3.144165368164044,False,False,HOLD,HOLD
vid3,22.233333333333334,3.344706722528376,0.6008469967177704,-0.391247332115671,0.9279474787492616,-0.4607268579418373,0.3769142520639238,2.8379764603426927,1.569475982774698,-3.344705544997201,False,False,HOLD,HOLD
vid3,22.266666666666666,3.4488426861387844,0.6024088813366993,-0.3732668713462244,0.9127315964615712,-0.4524006175228265,0.4753888965832058,2.978888589083046,1.454987658722472,-3.447255972007897,False,False,HOLD,HOLD
vid3,22.3,3.460257581018744,0.5953424138247135,-0.1964760537495301,0.8972970438056961,-0.4494374938937863,0.578042653751388,2.9986804808585674,1.336510053531392,-3.458008215218317,False,False,HOLD,HOLD
vid3,22.333333333333332,3.3877587932947097,0.5730759690784429,-0.3701162203310673,0.8824882428012775,-0.4359209516617046,0.6815136409228341,2.944866121247106,1.218613301460578,-3.384853725422014,False,False,HOLD,HOLD
vid3,22.366666666666667,3.186638604546447,0.5594736394545883,0.2271375982875087,0.8683714487932865,-0.4105324091659557,0.775003293062918,2.7689661840261333,1.110590046200593,-3.1839950666057337,False,False,HOLD,HOLD
vid3,22.4,2.9093430099677295,0.5818472315106843,1.093310391730816,0.8546355534397707,-0.3785788838388352,0.8663308981847603,2.5197102695098987,1.0051757575657905,-2.907561595133836,False,False,HOLD,HOLD
vid3,22.433333333333337,2.5612276203602047,0.6266628453349558,1.8769414054656235,0.8427472326461802,-0.3415812578966759,0.9477902152579118,2.199500148693025,0.9118916052217456,-2.560686359777908,False,False,HOLD,HOLD
vid3,22.466666666666665,2.1232844679082357,0.7160469303103129,2.622268296441077,0.8322137616169467,-0.3017528102904154,1.0155269386670027,1.778884284601943,0.8330031552638126,-2.122898684504183,False,False,HOLD,HOLD
vid3,22.5,1.7438111541495618,0.8145852404000496,2.716376927869237,0.82290322461563,-0.2788830891974622,1.0648823853524148,1.375848331204719,0.7721926655066873,-1.7345443615449645,False,False,HOLD,HOLD
vid3,22.53333333333333,1.4881046925734671,0.9121688188994024,2.439688343619438,0.8137891995942205,-0.2594260459256876,1.104313138974235,1.105045120920846,0.7201989062765389,-1.465278022073159,False,False,HOLD,HOLD
vid3,22.566666666666663,1.3319022243428689,0.9892805571332108,1.5161818195393846,0.8056280703908388,-0.2402706437507663,1.13443327580582,0.9601601011177648,0.6780409574855998,-1.3034111258679124,False,False,HOLD,HOLD
vid3,22.6,1.3595299892712671,1.0307060386470344,-0.0076063621943371,0.7979264574385324,-0.240201358058103,1.1640185592584955,0.9983771892986724,0.6372720781112813,-1.3356802088130912,False,False,HOLD,HOLD
vid3,22.633333333333333,1.4542941486932297,0.9931320428335928,-1.0434308862942283,0.7904017251692533,-0.2508592379633422,1.197738787109402,1.0891103164020373,0.5933566391523104,-1.4343241113276006,False,False,HOLD,HOLD
vid3,22.666666666666668,1.5367556883526652,0.9117093505984356,-0.6944265481858685,0.7810679364389751,-0.2428240063040571,1.2373503317538068,1.2212108983217178,0.5407621635696277,-1.5299943121672712,False,False,HOLD,HOLD
vid3,22.7,1.2902292677618816,0.8995885042839977,0.2062392977516123,0.7723312282912804,-0.1925393135366241,1.2839485112693196,1.0571388558606925,0.4834581870865677,-1.2884826520195864,False,False,HOLD,HOLD
vid3,22.733333333333334,0.8727832490713773,0.9562053242224132,1.2128300939298613,0.7672459157314465,-0.1292902401064155,1.3179016379235282,0.7176587380921475,0.4443114185202833,-0.8718226198524166,False,False,HOLD,HOLD
vid3,22.766666666666666,0.3892168309269241,1.0182154036016058,0.9725400925958312,0.7646934155060611,-0.0453014565325214,1.3333014682416506,0.3481383505992454,0.4260551478239032,-0.3874648418129963,False,False,HOLD,HOLD
vid3,22.8,0.0850465572055077,1.0189443975996395,0.6238532089775721,0.764582543057403,-0.0198827837162178,1.333091546250298,0.0373922679204157,0.4260074582982671,-0.0721880991379862,False,False,HOLD,HOLD
vid3,22.833333333333332,0.1268679476318915,1.043212559136207,0.4020030307301537,0.764693542204943,-0.0330049658031062,1.3325198321141076,0.0042099043460525,0.4267182750047991,-0.0707618740543737,False,False,HOLD,HOLD
vid3,22.866666666666667,0.1854831960745232,1.0530111868793242,0.1691997538854029,0.7636851903601369,-0.0473582154305824,1.3306859376668978,0.0360800823324019,0.4262207086121315,-0.1270098964927932,False,False,HOLD,HOLD
vid3,22.9,0.2952170457928376,1.0657522397774253,-0.0422272241028235,0.760314901812924,-0.0727873766817713,1.3327179845573975,0.0946473333559298,0.4176361763713127,-0.2284468529885533,False,False,HOLD,HOLD
vid3,22.933333333333337,0.2266416302426838,1.0373050427142891,-0.3000853575858361,0.7577632849708273,-0.0410493272157052,1.3387026669973128,0.1627766949645498,0.4073662530982116,-0.2216117396500907,False,False,HOLD,HOLD
vid3,22.966666666666665,0.0875828984172754,1.0336708241075063,0.0528034490039626,0.7572407306289972,-0.0041235070367865,1.3462459502328012,0.0861382989851962,0.3999053270605434,-0.0814445383669846,False,False,HOLD,HOLD
vid3,23.0,0.1356435374674568,1.043179411738348,-0.0163047389518428,0.7577741668911012,0.0284694606038962,1.348060412077357,-0.0802282888738291,0.3994525381734267,0.1259961296399508,False,False,HOLD,HOLD
vid3,23.03333333333333,0.2085690262921774,1.0518767222922216,-0.1584303095699868,0.759858134714671,0.0306942000275067,1.3408347909877183,-0.1720342093346963,0.4098228019367247,0.2083815949906396,False,False,HOLD,HOLD
vid3,23.066666666666663,0.2573879312641927,1.025726603817241,-0.0415313190771304,0.7606559460935787,0.0145636210094651,1.33126890182584,-0.2512331710669986,0.4195593754401113,0.2427078495053962,False,False,HOLD,HOLD
vid3,23.1,0.1636089827421435,1.0282246183130543,-0.1898367524994829,0.7608396231901551,-0.0025951177217018,1.3228768521112464,-0.163304931000242,0.4270502131141222,0.1332081651444289,False,False,HOLD,HOLD
vid3,23.133333333333333,0.1013348429940866,1.0392689888643536,-0.5105544103127486,0.7599896123754117,-0.0229792262041303,1.3193960682574462,-0.049750980442402,0.4282716483757547,-0.0045897139407536,False,False,HOLD,HOLD
vid3,23.166666666666668,0.0196792200241554,1.0078651920260802,-0.518830563505741,0.7591309030566759,-0.0048343917003898,1.318716881100304,0.0065058613080605,0.4270994713265076,-0.0153591936124076,False,False,HOLD,HOLD
vid3,23.2,0.0119019737203763,0.9611746185105176,-0.4550607118680337,0.7589899993030341,0.0019242061552362,1.3238172699092643,0.0093278893341396,0.4224872163289566,-0.0039932420273375,False,False,HOLD,HOLD
vid3,23.233333333333334,0.0526719300316031,0.9737970701994636,-0.069432265753998,0.7597429745783039,0.0027320115866586,1.3219533186335473,-0.0516156003956299,0.4256008569885767,0.0493346309392946,False,False,HOLD,HOLD
vid3,23.266666666666666,0.0465707115275789,1.0001958057314233,-0.4936671907417762,0.7598785748365011,0.0118236650955881,1.316812719536837,-0.0102708395690675,0.4302364155824168,0.0327808891215662,False,False,HOLD,HOLD
vid3,23.3,0.0558155160951666,0.9450418549712396,-0.6376385117657558,0.7595574836823366,0.0143464882270872,1.3180197548024617,-0.0088079606062588,0.4285591063720315,0.0366762635878355,False,False,HOLD,HOLD
vid3,23.333333333333332,0.1038232713516131,0.9135692482862904,-0.8318613637307132,0.7606080988108691,0.0266157777850977,1.321109522980527,0.0179934615327658,0.4280776644358454,0.0389250959218568,False,False,HOLD,HOLD
vid3,23.366666666666667,0.1060238683058911,0.9002398547412118,-0.6650322594847001,0.7623300758709669,0.025692096966888,1.3208235865221172,-0.0387125612478101,0.4318257620818607,0.0851344031658137,False,False,HOLD,HOLD
vid3,23.4,0.0266486407639508,0.8938571477953565,-0.4191208918251865,0.7627755222672893,-0.0006736302947564,1.3146775805575042,-0.0265226807965622,0.4379447455679282,0.0211212726206183,False,False,HOLD,HOLD
vid3,23.433333333333337,0.107983794689846,0.848449291342309,-0.6834036763300682,0.7618992781389414,-0.0047747817237907,1.316220091411621,0.1064143253110529,0.4348527523238467,-0.0999655610613963,False,False,HOLD,HOLD
vid3,23.466666666666665,0.0757925566545414,0.8418681257362743,-0.1051524690751101,0.7616453761944857,-0.0042952513820053,1.323819041811594,0.0739744142318714,0.4278915412479733,-0.0714785513055605,False,False,HOLD,HOLD
vid3,23.5,0.0875345116953623,0.8517300335929611,-0.0893787642081743,0.7617622781429139,0.0066762334030263,1.326936305817315,0.083692510527509,0.4254859241096703,-0.0573842213347941,False,False,HOLD,HOLD
vid3,23.53333333333333,0.1788380144446362,0.8420881876033683,0.2411283729128722,0.7624493015436893,0.0115701296932466,1.329024678133929,-0.1732259630846946,0.4251135178416191,0.1704594020678468,False,False,HOLD,HOLD
vid3,23.566666666666663,0.23785618012731,0.8540164959722152,0.3234211383929935,0.7623891132843414,0.0092804368523817,1.3165602146568738,-0.235168859516293,0.4355615180938905,0.2183289251996202,False,False,HOLD,HOLD
vid3,23.6,0.3346352915072199,0.8707415229932608,0.3065520877243023,0.7627952435348169,0.0312560568921688,1.30973359035233,-0.3123488082367953,0.4421776623620839,0.328519711047495,False,False,HOLD,HOLD
vid3,23.633333333333333,0.4112901609858411,0.8944812570763112,0.1173680085030101,0.7641611955464089,0.0371854671679661,1.2941113835888916,-0.3856825047272617,0.4582069402711735,0.402781727072775,False,False,HOLD,HOLD
vid3,23.666666666666668,0.4726826027969795,0.8668439175917796,0.1099889739432919,0.7661621443015302,0.0294892698891673,1.2885169366406588,-0.4589050819901413,0.4670248705359851,0.4492104381472493,False,False,HOLD,HOLD
vid3,23.7,0.6096134374859532,0.8717389441052804,0.9036733095316322,0.7670993327086051,-0.0031383689753747,1.2639415886510703,-0.6094941945315955,0.4897740123461592,0.5104945745799373,False,False,RELEASE,HOLD
vid3,23.733333333333334,0.5809149173639104,0.9266095840195896,1.2861007189025724,0.7659854188549428,-0.0541088745022829,1.2430131766590748,-0.542448338724909,0.5052547146318898,0.3498701302203763,False,False,RELEASE,HOLD
vid3,23.766666666666666,0.7695870044698615,0.9875413121866338,1.981804000863687,0.7633469213716325,-0.0902633936160647,1.2256275527615403,-0.6870318565424446,0.5146271892580562,0.3988811632458243,False,False,RELEASE,HOLD
vid3,23.8,0.9296501587735228,1.0534776518908524,1.6023800576366962,0.7593821845755538,-0.1037816981555468,1.2082273489809576,-0.8398106494350218,0.5213120647625028,0.5009251299655565,False,False,RELEASE,RELEASE
vid3,23.833333333333332,1.2278919459379134,1.096995306667922,1.6721447133071463,0.7558570693047001,-0.1218448474284163,1.1716551097264074,-1.1351647850552653,0.5451508352568694,0.7146281995692128,False,False,RELEASE,RELEASE
vid3,23.866666666666667,1.650306568880788,1.1615623157788575,2.132266767728089,0.7523627595787361,-0.166689407546695,1.1273669313205896,-1.5209925612078814,0.5755958489454887,0.950536045601136,False,False,RELEASE,RELEASE
vid3,23.9,2.017037031785494,1.23147493974737,1.5739528440041068,0.7463315107563657,-0.2453165466633672,1.0745511229949438,-1.783316732901446,0.6081080375395623,1.0129315104700949,False,False,RELEASE,RELEASE
vid3,23.933333333333337,2.508480987557945,1.306846162673554,1.0222722761642262,0.7364485710060319,-0.3706896885846768,1.0083788464652366,-2.0650385575351553,0.6441059368249832,0.9966115109970944,False,False,RELEASE,RELEASE
vid3,23.966666666666665,2.9969169312452575,1.30692996004219,0.0847172007721281,0.7220860659877802,-0.4968318026271658,0.9310927630404102,-2.3104739384016697,0.6804094207933398,0.9479531894859096,False,False,RELEASE,RELEASE
vid3,24.0,3.3643172706056244,1.278160148588839,-0.5074843640433767,0.7033453455653963,-0.6226693437610441,0.8535185434788817,-2.3656255360426197,0.7080440700483285,0.7385440921256253,False,False,RELEASE,RELEASE
vid3,24.03333333333333,3.8662604146880297,1.2616374151468583,-0.1420998428112431,0.6804148554765918,-0.7707210376004318,0.7727539731106027,-2.4861141959265733,0.7298547565085277,0.5393206517965007,False,False,RELEASE,RELEASE
vid3,24.066666666666663,4.3380578889519485,1.2685353103792385,0.1394511580387875,0.6526661422030567,-0.9047189028718396,0.6885373644003452,-2.5957639586007444,0.7447839968521199,0.3595160909134888,False,False,RELEASE,RETRACT
vid3,24.1,4.73706676996604,1.2821361559720303,-0.2896468451404217,0.6196053682148076,-1.0327194351835574,0.5987997203751488,-2.5882102294389635,0.7535810546380193,0.0925260955906414,False,False,RETRACT,RETRACT
vid3,24.133333333333333,4.925336802476197,1.2701144663573385,-0.5835373315528855,0.5822048523551452,-1.109666418102015,0.5094350518704392,-2.466758005825588,0.7532269442434301,-0.1671208822563668,False,False,RETRACT,RETRACT
vid3,24.166666666666668,4.846763404350902,1.2244000631326477,-0.7242327919463973,0.5439289857617439,-1.1187410209522477,0.4310155042364474,-2.2402245355289745,0.7418087431308,-0.377707497742405,False,False,RETRACT,RETRACT
vid3,24.2,4.650591175739151,1.1966294619350075,-0.4475086113779951,0.5062240568042697,-1.0896132604772033,0.3628548792028977,-2.026048938940495,0.7228527441627134,-0.50004144129529,False,False,RETRACT,RETRACT
vid3,24.233333333333334,4.458705975218273,1.2052855918917065,0.0129918927914474,0.4711460199939872,-1.052449511458032,0.2978284795286485,-1.8793303483375945,0.7065865926598877,-0.5488085357097258,False,False,RETRACT,RETRACT
vid3,24.266666666666666,4.340609315430947,1.209607787809624,0.1071655955639599,0.4369901562018915,-1.0371383216440682,0.2364498495639335,-1.7218954907421646,0.6891043010786678,-0.651151130876627,False,False,RETRACT,RETRACT
vid3,24.3,4.142000755722541,1.2071843392345636,0.1873407217626788,0.4022218553327811,-1.0094602213510853,0.1806986744354415,-1.454737700347572,0.6656028247670521,-0.8213680332295202,False,False,RETRACT,RETRACT
vid3,24.333333333333332,3.9043766814100618,1.2157914292199818,0.4483169108419652,0.3683986362537946,-0.9750176250668682,0.1361877524539412,-1.101388985983598,0.6344930140668964,-1.0509082598058723,False,False,RETRACT,RETRACT
vid3,24.366666666666667,3.5249300111873727,1.2425311334352525,0.4469201987432355,0.3365660060266299,-0.89514468714349,0.1067658737746145,-0.7737653922366047,0.5946393367802383,-1.1661449249998492,False,False,RETRACT,RETRACT
vid3,24.4,3.1103899598754357,1.2593987288776158,0.2478369094471714,0.30825181599306,-0.7967426473796811,0.0894053077107263,-0.5525551806484965,0.5517198767561419,-1.1534157254919035,False,False,RETRACT,RETRACT
vid3,24.433333333333337,2.813187959795745,1.2582173487041255,0.0312562013855631,0.283346463717439,-0.7236513067152627,0.073866935277716,-0.4301022151352398,0.514194825490402,-1.1084627277186003,False,False,RETRACT,RETRACT
vid3,24.466666666666665,2.5296326555833364,1.2523893816703942,-0.2420763627323318,0.2612262507350751,-0.6502903850543174,0.060520418112068,-0.397051215856336,0.4804809621504082,-0.9871432662233984,False,False,RETRACT,RETRACT
vid3,24.5,2.2964147524392664,1.2475296366800397,-0.3513276122481572,0.2400181924043026,-0.5894364430532948,0.0486322940109953,-0.3815843601430122,0.4473872718058307,-0.8763732728573234,False,False,RETRACT,RETRACT
vid3,24.53333333333333,2.184403374614779,1.229595519209108,-0.4395940107423212,0.2215936115532689,-0.5580233935905491,0.0373801512985124,-0.419174617127212,0.4194208505346433,-0.7805439042792562,False,False,RETRACT,RETRACT
vid3,24.566666666666663,2.044840756546385,1.2158830996727714,-0.9876115463507052,0.2043350071298464,-0.5317993193381966,0.0152685397859135,-0.0853154680424234,0.4030375394695891,-1.0102872391412536,False,False,RETRACT,RETRACT
vid3,24.6,2.2672948021235975,1.1687247607426734,-0.6405607390082034,0.1874599004977372,-0.5842292269718176,0.0176784000144777,0.3208017374359264,0.3666394351234571,-1.4614333823647596,False,False,RETRACT,RETRACT
vid3,24.633333333333333,2.58157383604554,1.1584733586152345,-1.2013408052131187,0.1655574260446743,-0.5861699833283726,0.0333743708245526,1.2622544404626836,0.3087392614894116,-2.263786633978076,False,False,RETRACT,RETRACT
vid3,24.666666666666668,2.987831075423818,1.1044231836838423,-1.174655159443826,0.1461136788169374,-0.5836754737251442,0.099330472709312,1.974580433836525,0.2132212955907593,-2.862798846220044,False,False,RETRACT,RETRACT
vid3,24.7,2.6290846855613226,1.0706688109533469,-0.6652945362463653,0.1255610759787949,-0.5001564495755058,0.1833739219019134,1.7944200233145926,0.1001068786868711,-2.539984795972112,False,False,RETRACT,RETRACT
vid3,24.733333333333334,1.760962650742809,1.0345159236423034,-1.0145820984862155,0.1112082987595986,-0.3310864817773661,0.2552123469825431,1.2178246672742692,0.0099646064957485,-1.7068077306540923,False,False,RETRACT,RETRACT
vid3,24.766666666666666,0.7018921630982473,1.0426972265193062,-0.7745272504010334,0.1009364367312671,-0.1619401656641677,0.2604447579240685,0.3249533995669735,-0.015384258343634,-0.6052563440548957,False,False,RETRACT,RETRACT
vid3,24.8,0.1315881054542738,0.9883045533174378,-1.2266209643946755,0.1018801597013637,0.017340994448349,0.2506585144175647,0.1134775252237846,-0.005163765130102,-0.0609321410662114,False,False,RETRACT,REST
vid3,24.833333333333332,0.5104630583996108,0.9311927367769606,-1.3077823138324816,0.1052961160243717,0.0725456253436595,0.2562869495865525,0.427663546072949,-0.0029827607912322,-0.214992870181214,False,False,REST,REST
vid3,24.866666666666667,0.4182772255127219,0.895965882032271,-0.6643482363333926,0.1093254812556662,0.050982405719238,0.2868069244162089,0.369585296342976,-0.0206623330932321,-0.2096379021040219,False,False,REST,REST
vid3,24.9,0.2846472444904608,0.8936908623998089,-0.5378170142164126,0.109930183651567,-0.0438228955396629,0.2966734728531791,0.2295202527895172,-0.0277986382273335,-0.2838602890841359,False,False,REST,REST
vid3,24.933333333333337,0.1222148333893337,0.8710151256039093,-0.3975908105428933,0.105527282723932,-0.0310407546883011,0.2959342082896914,0.0267474641218233,-0.0361351467973103,-0.0858761809495881,False,False,REST,REST
vid3,24.966666666666665,0.2578698726172833,0.8583248735218075,-0.0135767180457071,0.1045993844919833,-0.0594006067334569,0.2885570754005213,-0.1200814809565294,-0.0317679626692201,-0.0190924890744999,False,False,REST,REST
vid3,25.0,0.1791460276463926,0.8508905324275892,0.5988427972662067,0.1035174074736071,-0.0466308893825275,0.2940059581587588,-0.000119696789892,-0.0385916001382248,-0.0948298539623467,False,False,REST,REST
vid3,25.03333333333333,0.3161840010040274,0.9059714855743864,1.110607364468018,0.1025185338326696,-0.0143059978157272,0.2906075935825536,-0.3113706053560754,-0.0377431164083855,0.2349347176201816,False,False,REST,REST
vid3,25.066666666666663,0.1132805475809651,0.9504073337244412,0.9540699237963872,0.0989144569444018,0.0077002076336607,0.2714248863000541,-0.1093496882785165,-0.0288123496094911,0.1084105004027719,False,False,REST,REST
vid3,25.1,0.1264706460630132,0.9874230767214002,-0.0012929350798755,0.1038964434533269,0.0329197000103316,0.2700987861165763,0.0001882752622284,-0.0175453963621749,0.0668583980187166,False,False,REST,REST
vid3,25.133333333333333,0.0993975399406032,0.953069246227982,-0.7585045010404967,0.1055253227034248,-0.0240606947252281,0.2781501594248736,-0.0365436844829732,-0.0210573122887987,-0.0179918656098954,False,False,REST,REST
vid3,25.166666666666668,0.1693429947990589,0.9101294228450864,-0.7198948521367566,0.1017766959807371,-0.0440426357558591,0.2832730501544906,0.0068974880580906,-0.0330332679072578,-0.095511624312134,False,False,REST,REST
vid3,25.2,0.1373107019182547,0.8771431003823622,-0.3032390256093034,0.0969002969733074,0.0266464721251941,0.2651538208919916,-0.0915127999400092,-0.0275945861460062,0.1318547509350617,False,False,REST,REST
vid3,25.233333333333334,0.4796832988147912,0.90343174098795,0.211723272310501,0.1025584866343817,0.1233813515199348,0.2687838490581322,0.0735889954499966,-0.0191540775905454,0.1887728765016559,False,False,REST,REST
vid3,25.266666666666666,0.4827276438790765,0.9080676456198196,0.3919946108538018,0.1104455656007503,0.1206325574672786,0.2811782325952369,0.1350740019687313,-0.0136086288627938,0.1310342954283072,False,False,REST,REST
vid3,25.3,0.2043344892001841,0.9260383122342214,0.078701062323719,0.1134153804762987,0.0435274294222195,0.2819312021866912,0.1174265757388266,-0.0082012255791185,-0.0109706912736217,False,False,REST,REST
vid3,25.333333333333332,0.0363628067435237,0.9213892661448784,-0.2022224380113061,0.1105088692272654,-0.0080181982861617,0.2814611737719786,0.0193223680857951,-0.013719704323,-0.0327098839392983,False,False,REST,REST
vid3,25.366666666666667,0.2403368047043729,0.9123097787492932,-0.0943812561106036,0.1107969904383509,-0.0051793746087617,0.2824981222257007,0.239511684372021,-0.0140125336904582,-0.2136629129947392,False,False,REST,REST
vid3,25.4,0.3291532160029123,0.8947385015003416,-0.1871037743962177,0.111104159225553,0.0328653024236242,0.2965833296071309,0.3039734654291953,-0.0253322074584048,-0.1908784359011023,False,False,REST,REST
vid3,25.433333333333337,0.3141490534920539,0.9087715760444598,-0.0293847340718924,0.1130360368966298,0.0322300983147346,0.3064311512560176,0.2887177473456832,-0.0297507621957984,-0.1792339221510794,False,False,REST,REST
vid3,25.466666666666665,0.1826761193441007,0.9007468619566134,0.2157091435503953,0.113129356608772,0.0406570640986917,0.3226572802158011,0.0947281957547403,-0.0433214068405079,0.0024352471625547,False,False,REST,REST
vid3,25.5,0.171560998932567,0.9053662500905324,0.3180436297969204,0.1162503246705627,0.0292907598140305,0.3140449022696909,-0.1295006790605438,-0.0296639695813252,0.1694537565857063,False,False,REST,REST
vid3,25.53333333333333,0.1893410693507497,0.9246474412643656,0.5896517956542678,0.1160082628928397,-0.0121791688136998,0.307821548348708,-0.1834686804010946,-0.0248790229601886,0.1307968511793515,False,False,REST,REST
vid3,25.566666666666663,0.1119040092393336,0.9645245599626584,0.3138465763611274,0.1153042592166902,-0.0118748272418562,0.2956299553426282,-0.1021825379890107,-0.0159731136315053,0.0624814341929747,False,False,REST,REST
vid3,25.6,0.1306256160767571,0.9512872956462392,0.0448406526576819,0.1132757083436719,-0.0171409543117575,0.300808624356621,0.1128121330302997,-0.0244946344768355,-0.130566351065337,False,False,REST,REST
vid3,25.633333333333333,0.0748642055973996,0.946803878539112,0.1653612013977108,0.1143794463002589,0.0127389551224109,0.3062826177827919,0.0566523614452852,-0.0268898792787223,-0.022110213802106,False,False,REST,REST
vid3,25.666666666666668,0.1066487527997976,0.956955458256714,-0.060060992532413,0.115128979858046,0.0124218704132757,0.3102843728196129,0.0953758296951263,-0.0287576779986288,-0.0555953086424328,False,False,REST,REST
vid3,25.7,0.1674588659430634,0.9678287502809306,0.1326398584145444,0.115163162711036,0.0101981564009487,0.306508556855694,0.1628111349609442,-0.0254859944907546,-0.1173111011588026,False,False,REST,REST
vid3,25.733333333333334,0.0829751647175697,0.952153394839999,0.0103205077140817,0.1154173845558629,0.0019325901831957,0.3181651200537372,0.0826423211835831,-0.0348538376910467,-0.0661507336691785,False,False,REST,REST
vid3,25.766666666666666,0.0088061399445166,0.9583219998274678,0.3597957915340198,0.1154740794952462,0.0014691061798009,0.319429830549698,-0.0067596914259401,-0.0358109600433363,0.0087233925317994,False,False,REST,REST
vid3,25.8,0.0962392803543551,0.9761397809422676,0.709271075353972,0.1155153249678496,0.0010056221764096,0.3177144739586754,-0.0961617040353944,-0.0342722781889274,0.0835975187327261,False,False,REST,REST
vid4,0.0,1.7747627525632053,0.8293095038496204,4.866459398144557,-0.0156201322454019,0.270253368385083,-0.0632528796197036,1.3526878637602509,0.0202662331913446,-0.5724243120010065,False,False,REST,REST
vid4,0.0333333333333333,1.3341546170445755,0.95635268038225,2.756131193813212,-0.0076180807616027,0.2098697206428671,-0.0241759238116174,0.991929484724932,0.0041545264096056,-0.3942780949033375,False,False,REST,REST
vid4,0.0666666666666666,0.8956811638094695,1.0130515834371676,0.6458029894818827,-0.0016288175358773,0.1494860729006522,0.0028757526952905,0.6311711056896602,-0.0060189731355433,-0.216131877805707,False,False,REST,REST
vid4,0.1,0.0610057022118943,0.9657393501373608,-0.3241257681595151,0.002126690022154,0.0143268148475293,0.0137752693344029,-0.0034656375416235,-0.0071925084010552,0.0341995432641036,False,False,REST,REST
vid4,0.1333333333333333,0.0296832915436637,0.9429632307383315,-0.0564408686956155,-0.0002081569880315,-0.0024714508249528,0.0121476144917709,-0.0277615697913518,-0.0108835862107991,0.0184497556927526,False,False,REST,REST
vid4,0.1666666666666666,0.1730052554236782,0.9765597780798552,0.3127401866801382,0.0006033712349898,-0.0194206527647697,-0.0042961004703894,-0.1520337343465511,0.0050036179122506,0.0882104924541285,False,False,REST,REST
vid4,0.2,0.098591981933614,0.9943758774904098,-0.0825924663888777,-0.0031659464450233,-0.022951131386725,-0.0080362137688801,-0.0141485597339874,-0.0,-0.0378719041825826,False,False,REST,REST
vid4,0.2333333333333333,0.2907919910303089,0.9693328631172444,-0.5108017259056756,-0.0004571586143096,0.0583245261859008,0.0070440777263122,0.1519180264986294,-0.0070443712501898,-0.0033237979216464,False,False,REST,REST
vid4,0.2666666666666666,0.1432985349531715,0.9361406211019698,-0.4733045661735581,0.0004996991423911,0.0155991489139261,0.0075368625047621,-0.1270300312205173,-0.0053820938331884,0.143064719655468,False,False,REST,REST
vid4,0.3,0.0627815270165608,0.9242816492025948,0.2668315646081631,0.0031944892403308,0.0108425153269641,-0.0050710336344495,-0.0426241607394498,0.0113160735948621,0.0602273009271044,False,False,REST,REST
vid4,0.3333333333333333,0.1163310840057083,0.9597215887542668,0.4272453114246537,0.000940434031366,-0.0272398336425848,-0.005656525975834,-0.0110620686990394,0.0069062744467822,-0.0498687865993176,False,False,REST,REST
vid4,0.3666666666666666,0.4514962926521393,0.9836313515070324,0.012382184574004,4.110047079959747e-05,-0.0937502019861816,0.0031594928848629,-0.2121338013117058,-0.0026231622588323,-0.0221819504606005,False,False,REST,REST
vid4,0.4,0.9338449514894372,0.9726539542311168,-0.6219565720537582,-0.0026607186373676,-0.1699911013420665,-0.0017676286910183,-0.5914409174169437,-0.0042811031140351,0.1373307960199193,False,False,REST,REST
vid4,0.4333333333333333,1.125826490166849,0.9186886514770408,-1.0366338454396065,-0.0114523014527432,-0.1797017079330692,-0.046194447802407,-0.8269517377026745,0.0147032804446819,0.31837675262007,False,False,REST,REST
vid4,0.4666666666666667,0.7873743267691928,0.8871472342078887,-0.6954732105622551,-0.0203993438884894,-0.1337971919255879,-0.0802986706938277,-0.5444405650741343,0.0244858853166257,0.1758575838382794,False,False,REST,REST
vid4,0.5,0.1451828776490483,0.8636926613878709,0.2320837366250543,-0.0216860073685419,0.0020367831713362,-0.0884660776561066,0.1449244323314654,0.0286942488241786,-0.1199929694765333,False,True,REST,REST
vid4,0.5333333333333333,0.9636227378999171,0.8973662356979873,0.6577412273826939,-0.0181279680393113,0.1420344799058071,-0.0659576026183434,0.7509737136373127,0.0171229119870995,-0.3352343053904513,False,False,REST,REST
vid4,0.5666666666666667,1.07597245405663,0.9334578287185024,0.8093396278741405,-0.0117646072287933,0.1665558807604523,-0.0295911242598646,0.8101527512134814,-0.0002329548583591,-0.3326032614492509,False,False,REST,REST
vid4,0.6,0.8794094273174669,0.967824943228854,0.4991464690212093,-0.0046718727398203,0.1648579151542735,0.0058221055028484,0.5311893072292598,-0.0151807619674644,-0.0967861326452631,False,False,REST,REST
vid4,0.6333333333333333,0.4318251552986977,0.9615379104680608,-0.3334972589163543,0.0012767282747761,0.0909946241970872,0.0096825453561571,0.1918998462440836,-0.0055309124045798,0.0335492768776387,False,False,REST,REST
vid4,0.6666666666666666,0.1193755999583874,0.9437920641962608,-0.1584859498784622,0.001124320680282,0.0182554394687599,0.0052343403998143,-0.0907050306733621,-0.0020438469224981,0.1176652532373192,False,False,REST,REST
vid4,0.7,0.2668129425406772,0.9281253350688172,-0.1220900302105307,0.0012610873926419,-0.0331316516888908,0.0030716455257362,-0.2266052893262646,0.0001111105979695,0.1223557042741821,False,False,REST,REST
vid4,0.7333333333333333,0.2226039267682774,0.9343489924752908,0.2931740168828193,-0.001747542037134,-0.0341142531118696,-0.0053743051356829,-0.1688760146120781,0.0008057679117973,0.0706479289600572,False,False,REST,REST
vid4,0.7666666666666666,0.2444349671998976,0.9577690300821616,0.7747351596542534,-0.002379351929386,0.0142649043943411,-0.0175492463706254,-0.2367926522844766,0.009882187698197,0.2343989164044477,False,False,REST,REST
vid4,0.8,0.6916169428363433,0.9845061583563254,0.542869979984336,-0.0020711755883118,0.0640635854583312,-0.0142283018408522,-0.6357346453523708,0.0077024700881013,0.6854616043345243,False,False,REST,REST
vid4,0.8333333333333334,1.4639943762257133,1.004961273017165,0.7224154601659436,0.0010626530663787,0.2589810164389818,-0.040626167269571,-0.964925599791409,0.0371975323817021,1.392908854164321,False,False,REST,REST
vid4,0.8666666666666667,3.080348075917495,1.0376196342381545,-0.1089817438164687,0.0086188916411421,0.6440043883779188,-0.091390580751912,-1.41166179275606,0.0972519124169698,2.615598398592783,False,False,REST,REST
vid4,0.9,4.9491520883677635,1.025001674987441,-1.5107514066094407,0.0373388585003248,1.1311390009942233,-0.1539730017363851,-1.1703621948105778,0.2135775831743802,3.470083104059597,False,False,REACH,REACH
vid4,0.9333333333333332,6.670176327936753,0.941605730779295,-2.012161119285935,0.0880328519063143,1.5688255702707348,-0.1834137989820853,-0.094709352448738,0.3493382271670223,3.5004257139856048,False,False,REACH,REACH
vid4,0.9666666666666668,7.990079593522456,0.8353731539177082,-2.5362565920070774,0.1489950697741328,1.8673687116324087,-0.1745766235069613,0.9047331563853188,0.4746120820476788,3.2929523596170056,False,False,REACH,REACH
vid4,1.0,8.787256534189215,0.7501510763344502,-0.7214993025700405,0.2131542591127234,2.014594909402124,-0.1118482245573455,1.9656211368623735,0.5605824955188584,2.7029408910013144,False,False,REACH,REACH
vid4,1.0333333333333332,9.566597677072895,0.7606077756167144,1.412474892665798,0.2838550554185271,2.148915913782355,-0.0334444635881435,2.8390377767388255,0.6473508811650034,2.2457664353934335,False,False,REACH,REACH
vid4,1.0666666666666669,10.236891740540292,0.8626278987753405,1.5737747548354502,0.3588412264225805,2.2356650376412244,0.0661013740084382,3.802625154003223,0.7253062773521604,1.607493032997743,False,False,REACH,REACH
vid4,1.1,10.695837700714009,0.9519090748766016,1.855179540287797,0.4346497007562806,2.2159932300456058,0.2106140420961331,5.0645501999111,0.7664453387041721,0.4811328068220439,False,False,REACH,REACH
vid4,1.1333333333333333,11.09261598279784,0.9579154115986036,1.4711250358650985,0.5084365728459262,2.166235664397709,0.4091716072966124,6.183504047028551,0.7567756220649339,-0.5880416072482357,False,False,REACH,REACH
vid4,1.1666666666666667,10.971740291429962,1.020208841247321,-0.2273292111895082,0.5806600461659209,2.0037953874970955,0.6363066022274384,6.91456405470735,0.7191620766080927,-1.5697522397003392,False,False,REACH,REACH
vid4,1.2,9.721267813976286,1.024120983012771,-0.4210059548021617,0.6468114556427507,1.6505467293672256,0.8879079314520646,6.727989505315801,0.6473082708621457,-2.1794319112535927,False,False,REACH,REACH
vid4,1.2333333333333334,7.850941312849931,0.9506193081106004,-1.1698134053191438,0.6961808884975937,1.2556728343835102,1.1142051130894928,5.7568073378315665,0.5606058305107212,-2.206166706825264,False,False,REACH,GRASP
vid4,1.2666666666666666,5.613267202900018,0.8682452384314201,-0.7328501309573144,0.7267006105593714,0.9030232346558748,1.2921084980051898,4.095225156810591,0.4743730682807196,-1.548100964321344,False,False,GRASP,GRASP
vid4,1.3,3.880819412219564,0.9393763727242932,0.0968860949689341,0.7487409738799321,0.7641785013726203,1.3895970158424826,2.1228540590975538,0.438704448504105,-0.1572245436466482,False,False,GRASP,GRASP
vid4,1.3333333333333333,3.6215414746349497,0.913907391469462,0.0849334511955557,0.7733857522306005,0.8461865271758466,1.4299148458834232,0.417731364443846,0.457798592807056,1.4855206122997051,False,False,GRASP,GRASP
vid4,1.3666666666666667,4.443837291093068,0.9297466544872176,-1.009921711598672,0.8024507149416484,0.9986432444779624,1.411549129978434,-1.3127782758921729,0.5369117385904917,3.3035992940688637,False,False,GRASP,GRASP
vid4,1.4,5.708135075209973,0.8846193505161696,-3.247150486421726,0.8398055758698313,1.1461322271838974,1.3452133636462682,-2.973442215108142,0.6752789700347578,5.050881826569161,False,False,GRASP,GRASP
vid4,1.4333333333333331,6.962580820409216,0.7291484774389188,-2.7276098315913924,0.8811446880288147,1.27112108364652,1.212028102588827,-4.390398552421141,0.8797264015819791,6.539880380425076,False,False,GRASP,GRASP
vid4,1.4666666666666666,7.603135583730552,0.5687966567640783,-2.2568914209450255,0.926194812863587,1.2766967703375456,1.033167253628991,-5.324377146863841,1.1314786438344917,7.353944992945584,False,False,GRASP,GRASP
vid4,1.5,7.487493174983774,0.5746621725087232,-0.552993610401804,0.9694116621455204,1.1848026205521902,0.8358952253760947,-5.540037129614217,1.3950432506918968,7.338835709643347,False,False,GRASP,GRASP
vid4,1.5333333333333332,6.508409547821836,0.6048418020350556,2.3271343993285805,1.0094400388078053,0.948421121780736,0.6502695180615655,-5.10905111855398,1.6416593626490656,6.453620291880992,False,False,GRASP,GRASP
vid4,1.5666666666666669,5.226838280777576,0.6764704439741204,2.300833544233696,1.0357018020952666,0.6106511085896295,0.4863298812110792,-4.536562002428865,1.8396527956413309,5.225943704195607,False,False,GRASP,GRASP
vid4,1.6,3.991007561218716,0.7984913191171931,2.7934302197942262,1.0499855495526895,0.2939980365088226,0.3487633345804981,-3.790247673944685,1.9888973608110136,3.895043388149212,False,False,GRASP,GRASP
vid4,1.6333333333333333,2.2910021984611646,0.9291594221690692,2.4807682634515267,1.0534385911390105,-0.0557476110014111,0.2225678610874908,-2.2787107987713777,2.104774227012617,1.835001722800717,False,False,HOLD,GRASP
vid4,1.6666666666666667,1.490043590772603,0.935240187198675,0.6567095453029379,1.047203496004803,-0.3270478781988419,0.1665178064222863,-0.5358197195254132,2.1393099324134734,-0.252716032553696,False,False,HOLD,GRASP
vid4,1.7,2.623955300485233,0.974390402662534,-0.0831951486606362,1.02958253043199,-0.533032713752427,0.1916910916748637,1.3229066552495123,2.079292935351645,-2.2975409717508777,False,False,HOLD,HOLD
vid4,1.7333333333333334,3.9635903926768874,0.9433438032920508,-1.2045418800920793,1.007092567020943,-0.6649197433497582,0.2806634219910502,2.778400166582901,1.9538866283335548,-3.83466142019799,False,False,HOLD,HOLD
vid4,1.7666666666666666,4.529316012845741,0.8705928277546242,-1.3275017326087817,0.9843132610535928,-0.6899859660425087,0.3839859986664476,3.451137457981218,1.8155286216256743,-4.466902353845899,False,False,HOLD,HOLD
vid4,1.8,4.9460977483939095,0.8106092950475595,-0.7681568185475587,0.9607114562344192,-0.6940381744588349,0.5190361804650816,3.96965585538336,1.6481367711720818,-4.920933050315529,False,False,HOLD,HOLD
vid4,1.8333333333333333,5.058863009207346,0.8177806507377641,0.2782809592766664,0.9367280468538224,-0.6895667037228237,0.659688660120673,4.1228866900443295,1.4751031229539229,-5.0427517136043845,False,False,HOLD,HOLD
vid4,1.8666666666666667,4.979190713317131,0.8526418082899462,0.8523359940648174,0.9146932489379042,-0.6527391615070379,0.7982146785333012,4.1342318305024826,1.3081420680212523,-4.972230459351864,False,False,HOLD,HOLD
vid4,1.9,4.900388818114086,0.8835060901861068,0.8660775368915403,0.8933230807159809,-0.624718153239552,0.9330989026836886,4.118287148885104,1.1457563515311815,-4.897471211688216,False,False,HOLD,HOLD
vid4,1.9333333333333331,4.839927079974935,0.9141927769334282,0.6242606568848079,0.8734699685961238,-0.635878552425518,1.0738702300076004,4.014611248832871,0.9816222568301612,-4.832778250118255,False,False,HOLD,HOLD
vid4,1.9666666666666663,4.775916458555623,0.9313545074117918,0.4314244838700141,0.8522765506859407,-0.6505541433175889,1.20637249976719,3.893633060788941,0.8216668943339274,-4.76089059542132,False,False,HOLD,HOLD
vid4,2.0,4.382153116136622,0.9401903295499452,0.0720580535629962,0.8296655361616433,-0.6630933764098763,1.3374040652825416,3.355079781210184,0.6598847577456419,-4.325817465226277,False,False,HOLD,HOLD
vid4,2.033333333333333,3.788193421769479,0.9538163624618268,-1.467697354048821,0.8060854557031791,-0.617854154798837,1.4398282589094382,2.7296584786652747,0.5205528886763572,-3.690236822614662,False,False,HOLD,HOLD
vid4,2.0666666666666664,2.549834483255015,0.8650347344225807,-1.7061251184017197,0.7860421108802537,-0.4586454085220012,1.5263931606623409,1.643116953364136,0.4025457730315409,-2.4103529943893585,False,False,HOLD,HOLD
vid4,2.1,1.2493599330605456,0.7719714768163279,-1.4973864450280754,0.7732233332828969,-0.277029437208374,1.5568816001285652,0.4169632263552207,0.3484311096573625,-0.96176384550435,False,False,HOLD,HOLD
vid4,2.1333333333333333,0.4906831179368385,0.7236208489501849,-0.0760009479047072,0.7686149230674939,-0.0917144386100538,1.5480246096859855,-0.2979019429757382,0.3459921128778698,0.0558952309529432,False,False,HOLD,HOLD
vid4,2.1666666666666665,1.2403760081347857,0.8051697049951236,1.208755247867045,0.7698591487534673,-0.0076256513171571,1.5183546124493423,-1.2399522847200708,0.3741784110366045,1.0480021845057412,False,False,HOLD,HOLD
vid4,2.2,2.22827549500262,0.824969233640357,1.7635753601286697,0.7732489694512893,-0.1864237391462957,1.480790728547487,-2.0825693802073233,0.4138185143725578,1.3817985503171673,False,False,HOLD,RELEASE
vid4,2.2333333333333334,3.529160036348406,0.9139470518386006,1.6118134494553285,0.7648476745910124,-0.4546308129485852,1.3903216886057423,-2.9528651527232777,0.4731852907693096,1.5445012859671698,False,False,HOLD,RELEASE
vid4,2.2666666666666666,4.98211662377268,0.9681361927696818,0.4285882377034394,0.7422924703075999,-0.7957393180701551,1.2603685683818178,-3.65751906882183,0.5356059324229918,1.4061022772663183,False,False,HOLD,RELEASE
vid4,2.3,6.277968384681902,0.974811996409498,-0.1922952781577423,0.708874411818373,-1.1448587954382892,1.1358809345796477,-3.9653709868184697,0.5696593406516494,0.9095503748240408,False,False,RETRACT,RELEASE
vid4,2.3333333333333335,7.197692736257184,0.9016616611575684,-1.1555789808051442,0.6681969424052877,-1.408018073202976,1.0034497291468578,-3.9970202189930215,0.5947118840612622,0.3631933732657977,False,False,RETRACT,RETRACT
vid4,2.3666666666666667,8.280442663733309,0.8766465888590924,-0.6718086497665753,0.6139854357702287,-1.6942317322585254,0.8609144256667411,-4.085059811554157,0.5989436278402933,-0.1849917954772877,False,False,RETRACT,RETRACT
vid4,2.4,8.93955604601246,0.8979828594179887,-2.086762241747224,0.5518260517711496,-1.8856284149641536,0.723031327636859,-3.956550701530685,0.5818593392568967,-0.7124607080154903,False,False,RETRACT,RETRACT
vid4,2.433333333333333,9.344259633002768,0.7667021666692639,-1.887539151360724,0.4875083968728776,-2.061771421649116,0.5938162555418858,-3.2384133752569837,0.5526289445182689,-1.7129397573711864,False,False,RETRACT,RETRACT
vid4,2.466666666666667,9.65044135782682,0.6685950477849972,-0.744080547547747,0.4152485575202615,-2.1681389238654005,0.4961596710205785,-2.8585864803829657,0.4789932223095352,-2.2708766911888905,False,False,RETRACT,RETRACT
vid4,2.5,9.73541804661223,0.6657956553519505,1.440521054197151,0.339445411015313,-2.206194980779544,0.4183950828262191,-2.609636062150698,0.3805559493579653,-2.56756483952281,False,False,RETRACT,RETRACT
vid4,2.533333333333333,9.55845262041624,0.844599269591807,3.3508126009276715,0.2642796347232582,-2.1619040649539487,0.3391853800988024,-2.62534639755824,0.284748538724542,-2.4575480617551704,False,False,RETRACT,RETRACT
vid4,2.5666666666666664,8.650477822331213,0.9370480932063188,2.393057384498704,0.19427397923273,-1.9498505586736012,0.2292763795011487,-2.473364316915035,0.2265455091603644,-2.1258889445060016,False,False,RETRACT,RETRACT
vid4,2.6,7.121898981345987,1.013349474952682,1.4396871476137385,0.1294377181608896,-1.6190740678064808,0.1546946862423665,-1.8286744045246868,0.1492767058597157,-1.9585225698020428,False,False,RETRACT,RETRACT
vid4,2.6333333333333333,4.961772042258659,1.0244148875063288,0.2725330136906054,0.0808703953992071,-1.1471525432689529,0.1062382664543073,-0.9140268443574284,0.0850334005008975,-1.7153291353094968,False,False,RETRACT,RETRACT
vid4,2.6666666666666665,2.608190697434651,1.0332315258570113,-0.7923195774239902,0.0525906618963209,-0.6135078616607709,0.0965621972787115,0.0032502142073301,0.0317082320006601,-1.3398735459651032,False,False,REST,RETRACT
vid4,2.7,1.2099904281168277,0.9709102405963844,-1.3254554584491594,0.0440676008145322,-0.2769147791857365,0.1113793406167346,0.2796119399234354,0.0004110368567408,-0.8435843056622084,False,False,REST,REST
vid4,2.7333333333333334,0.7398869831103443,0.910341481400176,-1.0579656748605215,0.0421500997990182,-0.1555086756286914,0.137512973508384,0.3322149629904442,-0.0262062835369671,-0.6241559692401604,False,True,REST,REST
vid4,2.7666666666666666,0.5782912932973812,0.8806758810997477,-0.8217062829240653,0.0380611048344992,-0.1360273416729244,0.1406473138744553,-0.0015552747345322,-0.0378090059988227,-0.2951234921331186,False,True,REST,REST
vid4,2.8,0.719696537628284,0.8882677401778103,-0.485798632352261,0.0304298019832945,-0.1579888971234626,0.1283577914641417,-0.2585427535065193,-0.0438889461957882,-0.1223374972140751,False,False,REST,REST
vid4,2.8333333333333335,0.1351962817762623,0.8515072197935014,-0.375144974653808,0.0248795672765754,0.0054756565711744,0.1141438823882324,0.1331771220598632,-0.043781117176235,-0.1024120402084065,False,False,REST,REST
vid4,2.8666666666666667,0.4816840571451679,0.8342028192082227,-0.1316887729585069,0.0292103261014595,0.1051694915451638,0.1300501660274798,0.179213448788,-0.0479997504642459,0.0753345984468676,False,False,REST,REST
vid4,2.9,0.2671987936778522,0.84689884582625,0.4825998417230822,0.0371679365761271,0.0609818738799772,0.1451471517841706,0.0646866508024716,-0.0436191381040387,0.0773643993113567,False,False,REST,REST
vid4,2.933333333333333,0.3513813781083635,0.8798477591527266,0.9200734811407444,0.0398458682799507,-0.0694380952329243,0.1450866390096391,-0.190593035621758,-0.0377308806060737,0.0123091326847953,False,True,REST,REST
vid4,2.966666666666667,0.3060292195445746,0.908214735428013,0.6963172513400362,0.0274105540153357,-0.066399167296108,0.1109979713072066,-0.118200560218294,-0.0355639930980756,-0.0432239030075467,False,True,REST,REST
vid4,3.0,0.0428382296615213,0.9402552102112398,0.4913833654022042,0.0265342036064942,0.0085157594123401,0.126404828199037,-0.0229013236234976,-0.0507022259800966,0.0382223495499669,False,False,REST,REST
vid4,3.033333333333333,0.5472780562930276,0.9535552515460654,-0.4711838853928763,0.0323364228087675,0.1231810621125567,0.1295244398046099,0.1589859545861658,-0.0407353276007238,0.1319564321106269,False,False,REST,REST
vid4,3.0666666666666664,0.7774219974453058,0.907485061383624,-0.7565635003676875,0.0397612762087113,0.1783376817186205,0.1365660536649904,0.171975022609376,-0.030599476518848,0.2410127193311838,False,False,REST,REST
vid4,3.1,0.2299891629395813,0.8691967420743285,-0.5488650647038745,0.041622965051811,0.0540226368268962,0.1288203221284905,0.012208316684818,-0.0198916240620338,0.107255230159371,False,False,REST,REST
vid4,3.1333333333333333,0.3188614764465782,0.8450223953224345,0.7600725391876552,0.0455715426455897,0.0532365215077626,0.1475796224735759,0.2246120562733402,-0.0273927823406264,-0.0768276362100714,False,False,REST,REST
vid4,3.1666666666666665,0.432748968707015,0.9273806102499969,1.393402876883818,0.0439910792018267,0.090058753340486,0.1482784001103844,-0.2017093075463679,-0.0314372240301435,0.3694619917654579,False,False,REST,REST
vid4,3.2,0.744585397909346,0.9822216401958956,1.1737965681433646,0.0461551289713415,0.1692078121935583,0.1344803611176465,-0.1922115848924808,-0.0148739001742396,0.5338052179391981,False,False,REST,REST
vid4,3.2333333333333334,1.9171211756154072,1.0326352069060925,-0.0623749790917726,0.0541568351150531,0.4482912077462152,0.117747195491372,0.2079671714647027,0.0169321452078693,0.798448325378235,False,False,REST,REST
vid4,3.2666666666666666,3.53561885806701,0.967367922374917,-1.032544838510955,0.0725300077692799,0.8161135763146306,0.1347132153357301,0.6804610796569155,0.042407749214452,1.1944000075879582,False,False,REST,REST
vid4,3.3,5.22162299307988,0.9377927454964222,-1.39082351672317,0.1048296992031929,1.2097194865639949,0.1828704886462549,0.9035918297599064,0.0714541227339202,1.8606474187313955,False,False,REACH,REACH
vid4,3.3333333333333335,6.8632071313587515,0.8640868663395015,-1.2487576503459288,0.1563280652698721,1.6018227801814695,0.2110576834174718,0.8546658864377764,0.1594884952430751,2.757207575540849,False,False,REACH,REACH
vid4,3.3666666666666667,7.817408714310229,0.8542089789791523,-0.8394953216417823,0.2158041633338661,1.8302863209298248,0.2267142749303513,0.7531424512970941,0.2756683486083263,3.3422903642479596,False,False,REACH,REACH
vid4,3.4,8.327910367930478,0.802893310063357,-0.5263691769955426,0.2810447053716171,1.940770331285108,0.2507699164836165,1.1310811340894424,0.3971998531333541,3.258582205800439,False,False,REACH,REACH
vid4,3.433333333333333,8.683761062236828,0.8034028453882773,1.082243528622307,0.3471612590681028,2.0039838504665117,0.3005298432161107,1.6811204991605304,0.4985708739059977,2.9240869958338696,False,False,REACH,REACH
vid4,3.466666666666667,8.974760318135102,0.8561854341567519,1.5683067370996433,0.4147329647548149,2.047115134708499,0.3612840836174459,2.192452771232765,0.5936735573139319,2.5790583006107006,False,False,REACH,REACH
vid4,3.5,9.069694092783864,0.9407733425769064,3.2152290958062277,0.4839084961306685,2.0307716548333636,0.4470009192915717,2.7792817102648875,0.6708387735565043,2.0395885784293992,False,False,REACH,REACH
vid4,3.533333333333333,8.64327889708944,1.066496587730435,3.343134346643412,0.5541710369511387,1.89357427883954,0.5487865817672196,3.1467725081042106,0.736576349217439,1.4250525810598031,False,False,REACH,REACH
vid4,3.5666666666666664,7.483499725451412,1.1942750053312294,2.061210778166223,0.6159135820757575,1.5734847103741625,0.6649223747639729,3.3549789994289942,0.7714243871127795,0.5486815008507813,False,False,REACH,REACH
vid4,3.6,5.980237547508518,1.2686686371880989,0.7354983145071317,0.6618239957627006,1.183614394248832,0.7801040860203889,3.231649837059567,0.7725869510334225,-0.1951140589849032,False,False,REACH,REACH
vid4,3.6333333333333337,4.615796885231071,1.207930612639155,-0.997534676971168,0.6925191970146117,0.8237937760262806,0.8847597856636306,3.0067220389157896,0.7496270059187508,-0.78618664755856,False,False,REACH,REACH
vid4,3.6666666666666665,3.5241475015748693,1.163614337965183,-2.1967949318659503,0.7142387660491253,0.5167503411199085,0.9796833993875216,2.755627440369616,0.7154614687084265,-1.239769524716672,False,False,REACH,REACH
vid4,3.7,2.8104113366995733,1.095265298053856,-2.9515137682200265,0.7270677458567321,0.2808305372232477,1.066389911555582,2.5442181208812453,0.6689749188365661,-1.572418844445628,False,False,REACH,REACH
vid4,3.7333333333333334,2.378436159596093,0.960320230564576,-3.4525222350469886,0.7307312594610326,0.1304271234045852,1.1503523424644886,2.3129006069173945,0.6048691588743732,-1.701600050082874,False,False,GRASP,GRASP
vid4,3.7666666666666666,1.8801695492189625,0.8116136624259046,-3.467498403312062,0.7305907324516067,0.1140443763303029,1.226111644796814,1.816583021542177,0.5395160453012828,-1.3111670160833468,False,False,GRASP,GRASP
vid4,3.8,1.4209253167113798,0.7110598058534358,-1.4369219247281342,0.7346418324754618,0.2503171650560365,1.2834286863489464,0.9415831511126806,0.4991326936820528,-0.262899375620912,False,False,GRASP,GRASP
vid4,3.8333333333333335,1.834369326945409,0.71050369205617,-0.5979932049209441,0.7459254737165516,0.4314870767984962,1.2965139390606657,0.0013334053324249,0.5124893501737808,0.9392408052845692,False,False,GRASP,GRASP
vid4,3.8666666666666663,3.0454627839802293,0.7129784674856735,-0.0992293928806433,0.7634898410156883,0.6403459713291072,1.2817181978613792,-1.3652872201313246,0.5634728494481587,2.5678080676670243,False,False,GRASP,GRASP
vid4,3.9,4.409501972168461,0.7255528699153235,-0.1086327097294438,0.7887684034029264,0.8115843389013588,1.2161375871933382,-2.7457922047586,0.6748725436684305,4.126306010033161,False,False,GRASP,GRASP
vid4,3.933333333333333,5.8304030294898,0.6800627617824875,-0.3088097669677857,0.8187097418707159,0.9663394719173336,1.1019192368669202,-4.137212150463706,0.8381946278040884,5.658251859483281,False,False,GRASP,GRASP
vid4,3.966666666666667,7.0741461082344,0.6969384156039463,0.4518702616608223,0.8545050603042493,1.060965025563398,0.9275404694634416,-5.449713541399951,1.065928576456206,6.991391544610774,False,False,GRASP,GRASP
vid4,4.0,7.572905074939995,0.7218187032990874,0.1049469817478709,0.8913510997511799,1.0747040576973463,0.7285662924525805,-6.039405451302008,1.317070062973017,7.527643260335265,False,False,GRASP,GRASP
vid4,4.033333333333333,7.717607787544589,0.718367649237634,0.8952872126183133,0.9287150047548164,1.026015303968001,0.5103050030891741,-6.366754328444313,1.5859000810038493,7.70259204431038,False,False,GRASP,GRASP
vid4,4.066666666666666,7.145430774363178,0.7410905932645523,1.2701678463985828,0.9616652285625852,0.8673393822924411,0.292945327398326,-6.1205419003907995,1.8443367698658155,7.145375034612855,False,False,GRASP,GRASP
vid4,4.1,6.0249359344282025,0.8098839952826423,1.541176529462038,0.988841301914279,0.6567640357797354,0.0892163150045772,-5.338925804203318,2.0784859671675395,6.0153511285659915,False,False,GRASP,GRASP
vid4,4.133333333333333,4.567803638819361,0.8983850972760915,1.2758060928665194,1.007335359946137,0.3480178533891401,-0.0772440609616836,-4.321557026210622,2.2617147178213157,4.468956105533054,False,False,GRASP,GRASP
vid4,4.166666666666667,2.8666221988484257,0.9143399455296876,-1.20142616945405,1.012235293267213,0.1122017138846453,-0.2021559677547273,-2.8266577167736724,2.3796428801622773,2.6714981252814605,False,False,HOLD,GRASP
vid4,4.2,1.2922694329889868,0.8072914773138046,-0.971618688884012,1.0098528349421811,-0.0112973583542877,-0.2719290841935528,-1.2913766240370923,2.434357651345929,1.0841529203738296,False,False,HOLD,HOLD
vid4,4.233333333333333,0.281242678923051,0.7341017088116341,1.3605282112122403,1.0073912782016856,-0.060682308607433,-0.285134458707155,-0.1120058855685794,2.4403310380773884,-0.036083285394413,False,False,HOLD,HOLD
vid4,4.266666666666667,1.0010989361392877,0.8671903975250878,2.3467301048588984,1.008661208044976,-0.1292274359132792,-0.2584374602135639,0.836886878264411,2.4201767196217676,-1.0001891835936474,False,False,HOLD,HOLD
vid4,4.3,2.020811037187343,1.0660845513680597,1.6929470808086169,1.002668083477345,-0.3067556797041707,-0.2256117339111295,1.5436955071092462,2.378931135915933,-1.993960421139251,False,False,HOLD,HOLD
vid4,4.333333333333333,3.3949830718342824,1.0322659706624246,-0.8839569060438419,0.9885224215643448,-0.5323026466003188,-0.1698375577267128,2.5307918664914597,2.3002143485810276,-3.33303868434505,False,False,HOLD,HOLD
vid4,4.366666666666666,4.755746325942086,0.8902014232503019,-2.620693695216819,0.9658495010991062,-0.7109382824347148,-0.0628843014049756,3.671821140018468,2.158970901823949,-4.702044715316096,False,False,HOLD,HOLD
vid4,4.4,5.755660079517467,0.814113069422716,-1.1954832454527011,0.9388397835207188,-0.7817799767744885,0.0840163910739673,4.699103892521822,1.973976990168454,-5.738461318564949,False,False,HOLD,HOLD
vid4,4.433333333333334,6.390593736663023,0.8224466746922938,-0.1713023823301024,0.9107141314809932,-0.8025561096537001,0.2585939863153779,5.403585365168879,1.7627876476386932,-6.38860792011175,False,False,HOLD,HOLD
vid4,4.466666666666667,6.55134623165991,0.8209897079438442,0.1023221281217109,0.8852668223804656,-0.7941315773033856,0.4520606938354365,5.614471865651729,1.5412173330124623,-6.551314342950791,False,False,HOLD,HOLD
vid4,4.5,6.40225463575149,0.8413859431805868,0.4537369826627799,0.8591872478228096,-0.799114519331535,0.6498969834776834,5.4265584235281965,1.3145173369633727,-6.4008319373466405,False,False,HOLD,HOLD
vid4,4.533333333333333,6.059328636144176,0.8481504369805206,-0.1404430866635408,0.831413147081228,-0.8016759984182857,0.8230337359620445,5.009992791446485,1.1053312734584777,-6.048751677988405,False,False,HOLD,HOLD
vid4,4.566666666666666,5.589375430532852,0.8508024828361709,-0.3455373031032698,0.8042736066915217,-0.773274432042119,0.9777411720147956,4.520411523159517,0.9133515642710678,-5.5664992218192575,False,False,HOLD,HOLD
vid4,4.6,4.833997825021006,0.8090807134356529,0.038683159984132,0.7789059181598128,-0.6710141508541606,1.1261503649960485,3.902543492587057,0.7306411043484722,-4.813131751603615,False,False,HOLD,HOLD
vid4,4.633333333333333,3.717339089777328,0.8225631180686835,-0.1337833250620916,0.7579591458539477,-0.5498143759271312,1.2547490845354925,2.8905229202726908,0.5745748664833021,-3.680068518875253,False,False,HOLD,HOLD
vid4,4.666666666666667,2.373717932351711,0.8427114591722376,-0.1885286393127032,0.7419226142751081,-0.4077493292222045,1.3291944983021178,1.6216278049123944,0.4757060031462448,-2.2809791994484807,False,False,HOLD,HOLD
vid4,4.7,1.1920116720548743,0.8206303866916737,-0.0769794935619336,0.7312965613925236,-0.2545854782892995,1.3541678394454897,0.4994921625220269,0.4311054348415503,-0.9837085872044776,False,False,HOLD,HOLD
vid4,4.733333333333333,0.541545351861207,0.7937068190537558,-0.806245185657478,0.7246339680384604,-0.1249378336262824,1.3471890773693014,-0.1056252215493494,0.422576893658912,-0.1816006138592767,False,False,HOLD,HOLD
vid4,4.766666666666667,0.2990593924897482,0.7922510395200525,-0.4445212024519644,0.7234684561919353,-0.0041344244827175,1.3357873012085582,-0.2985424336621197,0.4298263214031976,0.2473175924830053,False,False,HOLD,HOLD
vid4,4.8,0.4640568344313277,0.7677699978030754,-0.2270174166205804,0.7261965046791435,0.0397000146565837,1.324326272650602,-0.4322771776874067,0.445612273215242,0.457675140872732,False,False,HOLD,HOLD
vid4,4.833333333333333,0.870703530812836,0.7109664796865987,2.009237838017565,0.7286357592540317,0.0217731642789022,1.315926772639599,-0.8657693753212291,0.458140200927998,0.790801142139275,False,False,HOLD,HOLD
vid4,4.866666666666666,1.6886653317009053,0.8680237852135877,3.421451663385846,0.7294382518434155,-0.0966959309886576,1.2805003812897204,-1.6378654624621842,0.490306216414401,1.1955296410418057,False,False,HOLD,HOLD
vid4,4.9,2.8662434478262706,1.0468230763131323,3.27901413672896,0.7246929244927465,-0.2996419084048573,1.2102653607691227,-2.5676125586989875,0.5402679261946273,1.5515076599272717,False,False,HOLD,RELEASE
vid4,4.933333333333334,4.018930226055764,1.173574532448853,0.6069531009932841,0.7115589425221353,-0.5364900324606515,1.1018223622719028,-3.309065037037314,0.6047526740885197,1.6719295878357467,False,False,HOLD,RELEASE
vid4,4.966666666666667,4.818127453647275,1.060975903010894,-2.5094744583053292,0.6875481452816726,-0.7505790280604515,0.9786698666055148,-3.6100430339619143,0.6581619789726986,1.4637620312357955,False,False,RETRACT,RELEASE
vid4,5.0,5.585538064091985,0.9378011254644524,-2.2836547960450058,0.6606996393831195,-1.032527854208012,0.848153298637012,-3.4539873699774053,0.711709547491776,0.7152917653645096,False,False,RETRACT,RELEASE
vid4,5.033333333333333,6.524409044023282,0.8412407561389765,-1.563344524021203,0.6233531963875895,-1.3558542200525387,0.7387445500729984,-3.0566336191945886,0.7242546964908864,-0.330535226641981,False,False,RETRACT,RETRACT
vid4,5.066666666666666,7.506657111403148,0.8800119499761496,-1.5988286276148476,0.5708804868069007,-1.6459190224774527,0.6473268134921049,-2.7181621789038037,0.6883865025924198,-1.2533154741376509,False,False,RETRACT,RETRACT
vid4,5.1,8.227428155936542,0.8254301030473334,-3.368584399581128,0.5073614992487571,-1.88964682984077,0.555893953571615,-1.7762381112212522,0.6284569654528787,-2.5932322994345265,False,False,RETRACT,RETRACT
vid4,5.133333333333333,8.323485729416179,0.5665259243737849,0.0385471463723829,0.4422447669509318,-1.92480033595857,0.514481346135091,-1.5236110127916715,0.5220979632067403,-2.886751403500928,False,False,RETRACT,RETRACT
vid4,5.166666666666667,8.138027477652939,0.5735591425512117,5.94329751531786,0.3772685351120037,-1.9068454318727124,0.4728762987152105,-0.7154394919674562,0.4162103972937654,-3.541515491743873,False,False,RETRACT,RETRACT
vid4,5.2,8.653658565577889,1.076009530086219,7.211767929664644,0.3155295000650186,-2.019429111423647,0.4774707831564556,-1.086803929534574,0.2777111346879621,-3.468028004866666,False,False,RETRACT,RETRACT
vid4,5.233333333333333,9.587127284990924,1.4761790223443931,2.664180073134351,0.2491424393803801,-2.1823598751735056,0.4272001906212605,-2.4156456684559173,0.1761890263328295,-2.6821783840235947,False,True,RETRACT,RETRACT
vid4,5.266666666666667,8.511078927621044,1.2479664686942882,-4.03448575299391,0.1641719463570334,-1.9259417314472849,0.3253837669651405,-2.32379090441326,0.0784232580854244,-2.2022054516883087,False,True,RETRACT,RETRACT
vid4,5.3,6.161889625668518,0.8778351815330899,-5.4549639742209965,0.0976342129509394,-1.3694269678735866,0.1975366234414988,-2.018775795885226,0.0431799083318218,-1.2512192688512818,False,False,REST,REST
vid4,5.333333333333333,2.7380965486989317,0.8152094441600413,-2.038949024415458,0.0703310641978316,-0.6347096365658388,0.1729592713029309,-0.4649997051337129,0.0047773388882089,-0.9840419968483894,False,True,REST,REST
vid4,5.366666666666666,0.7347584261654904,0.8706328793763172,-0.3346558368935804,0.0716794541800207,-0.1134919085654334,0.2072211146538662,0.5541463861463789,-0.0217011499654329,-0.7231344208326421,False,False,REST,REST
vid4,5.4,0.6690317839219813,0.8186815880701244,-0.3760157439735404,0.0673429205266461,0.0840266502607085,0.2243214055206318,0.565683045049256,-0.0458345085304803,-0.3025665856707485,False,True,REST,REST
vid4,5.433333333333334,0.609306591407143,0.7904321063732752,-0.1045879507312411,0.0762284437930932,0.1265630769896575,0.2472233890930911,0.2859237171455767,-0.0461329591298508,0.0303386026945465,False,False,REST,REST
vid4,5.466666666666667,0.1703966786274036,0.8209078618481491,0.5593558083382855,0.084392709904867,0.0196154924567153,0.2555211934784231,-0.1485967840770334,-0.0354641910162119,0.1703351528928025,False,False,REST,REST
vid4,5.5,0.5987734472588897,0.864805555036677,0.8053441617527416,0.0822729865599475,-0.0930386457894456,0.2371065089502376,-0.4495371243682358,-0.0242731029511981,0.1832030343276874,False,True,REST,REST
vid4,5.533333333333333,1.0230559681875817,0.8671352439610569,0.3538968863920881,0.0695384495652753,-0.2040204977491065,0.2076706790968267,-0.5425434623771813,-0.0267532644740625,0.0211836166170374,False,False,REST,REST
vid4,5.566666666666666,0.1444615356782678,0.8763647039386079,0.6879754427264637,0.063678361737654,0.0070027648003583,0.1891597544813279,0.1413606851298643,-0.0236313188048498,-0.1061102485233559,False,True,REST,REST
vid4,5.6,0.8559276589657877,0.916840644344047,0.2994733128531837,0.0694953104825233,0.1737546580196634,0.2139100246435916,0.4323962985025873,-0.0322043768319058,0.0074270464643593,False,False,REST,REST
vid4,5.633333333333333,1.1248126129425664,0.9214465144088148,0.0021079745572576,0.0794664058171093,0.2096281406353609,0.2357540479944248,0.6862875240421948,-0.0292285613913524,-0.1323807669655066,False,False,REST,REST
vid4,5.666666666666667,0.918464249169386,0.9004904889793486,0.1907217045064342,0.0885896045973586,0.1689914532432921,0.2662472601399412,0.5722210446033504,-0.0355268404205599,-0.1230072751584503,False,False,REST,REST
vid4,5.7,0.1465898147248287,0.9057739216232596,-0.2016399842914446,0.090963923607477,-0.0264151477216943,0.2752810378555154,-0.0942217550327015,-0.0381086254959765,0.0233293482577958,False,False,REST,REST
vid4,5.733333333333333,0.9396771065203874,0.932054841071226,-0.5332980496616494,0.0880223821811432,-0.1825925928859624,0.2756894880869698,-0.5295543892205943,-0.0448701343836457,0.0567313250907723,False,False,REST,REST
vid4,5.766666666666667,0.6965357340651123,0.8728417176083669,-0.2174564800140799,0.0759133843263667,-0.1451542473761356,0.2206544559425193,-0.3230507155427589,-0.0240075468866171,-0.0389791198009121,False,True,REST,REST
vid4,5.8,0.0886511991782096,0.8442491433465018,0.2003914916758848,0.0694072318256343,-0.0204254244621797,0.2184180294307297,0.0178573841107744,-0.0362669036365785,-0.059847628372317,False,False,REST,REST
vid4,5.833333333333333,0.6940988917487636,0.8982785492650598,1.2356358510411918,0.0751412749007031,0.1509180151146575,0.2460880577149845,0.264822675989677,-0.0475275477037758,0.1015352381430421,False,False,REST,REST
vid4,5.866666666666666,1.6121679915112743,0.9951273680559498,0.4362013230184625,0.0842881923812351,0.3783207077794764,0.2670707219200434,0.1109716439508931,-0.0456083887413634,0.7292344211423255,False,False,REST,REST
vid4,5.9,2.7504381262852076,0.9534224651819824,-1.155625966958942,0.0941682980895395,0.6332598834269073,0.2377884023930562,-0.5631918302663015,0.0010661413573906,1.863686441945368,False,False,REST,REST
vid4,5.933333333333334,4.265078873435133,0.8760999510237237,-1.5681380527401676,0.1213993334446234,0.995561437773614,0.2217742605115036,-0.5269429248825479,0.0741633555583024,2.6221654744168865,False,False,REST,REST
vid4,5.966666666666667,5.558162913068702,0.8019644480234777,-1.4039832329901138,0.1656164120021072,1.3009337055332866,0.2034861431395149,-0.5526180016439065,0.1862324924876186,3.309740317898559,False,True,REACH,REACH
vid4,6.0,6.538242112845388,0.8012271033016634,-0.6867046216613385,0.2123568341154196,1.5344795537789748,0.1824896629377423,-0.4389676766247969,0.3061264174785608,3.7211515816432903,False,True,REACH,REACH
vid4,6.033333333333333,7.211401370340746,0.7694016322342563,-0.3176417409782108,0.2652977101318737,1.6962903810307826,0.1657164223976997,-0.0119530703222554,0.435907582321399,3.707168882364425,False,False,REACH,REACH
vid4,6.066666666666666,7.959852161540111,0.7588241977180584,0.1393132514718676,0.3261306928558851,1.8686784532333536,0.1732762634295097,0.497975157846841,0.5619964991666287,3.645048759182109,False,False,REACH,REACH
vid4,6.1,8.44919319879279,0.7592164228489374,1.8909113443329555,0.3938277049817637,1.9671349171981796,0.2011773543114392,1.204998062125752,0.6855799518627621,3.252576363459236,False,False,REACH,REACH
vid4,6.133333333333333,8.20057609154878,0.8706643589506725,3.2650992264763556,0.4600300247817497,1.8727263744032392,0.2514332440238481,1.9658235786288976,0.7867120585912777,2.3935778918456223,False,False,REACH,REACH
vid4,6.166666666666667,7.827895531770296,1.015210675509873,3.5294172648897533,0.5223938224973458,1.7332223106502571,0.3273950938910017,2.6424690429378086,0.8574073587629993,1.5085748505742849,False,False,REACH,REACH
vid4,6.2,7.274696517925739,1.1669911690117016,2.512743301763791,0.5766389972960263,1.5094711559234424,0.4330963902511377,3.426530445172184,0.8848746269010229,0.3477359678280982,False,False,REACH,REACH
vid4,6.233333333333333,6.561650280410441,1.1884912195415815,0.7998158157150261,0.6229481264054588,1.2635047601349354,0.5613432972663026,3.768583151596931,0.8756883919829883,-0.4820108041001698,False,False,REACH,REACH
vid4,6.266666666666667,5.685673332928478,1.1879599780418575,0.0151994284447125,0.6622233362889007,0.994919350019108,0.6958279789317157,3.799572493799188,0.8458166429965773,-1.093974959327043,False,False,REACH,REACH
vid4,6.3,4.671767984952017,1.1805664907896352,-1.1941721073094986,0.6903109369431922,0.6945501445913118,0.8245565646373757,3.620338682596853,0.796504724902537,-1.5947115662495797,False,False,REACH,REACH
vid4,6.333333333333333,3.5784673610981423,1.1385106190063514,-1.7330343669291233,0.7088129240221792,0.350751540105052,0.935876611838031,3.252987820727866,0.7412488106674139,-2.0285814012450607,False,False,REACH,REACH
vid4,6.366666666666666,3.0431150331302272,1.0272221707985032,-1.418569866148397,0.7133572308476078,0.0956900714305598,1.040477681612507,3.015801585271065,0.661342345903256,-2.3808161565003925,False,False,REACH,REACH
vid4,6.4,2.6011189184919004,0.9936208550474024,-1.3159055922399348,0.7105531413018598,-0.0360730628980912,1.139038735123426,2.5965942009140353,0.5706066904677286,-2.308050596733799,False,False,REACH,GRASP
vid4,6.433333333333334,1.7483823490048924,0.9922521740651552,-0.7870063949309224,0.7051211631429448,0.0087840635714527,1.2246833347595265,1.7479834969670254,0.4852338501062794,-1.4816725364409054,False,False,REACH,GRASP
vid4,6.466666666666667,1.1890466300224127,0.970730689201488,-1.5775240614069146,0.707996906754446,0.2081145552182613,1.2683709552247615,0.7943844161868118,0.4539911242429195,-0.2284913494026922,False,False,REACH,GRASP
vid4,6.5,2.00001788463744,0.8590720966737092,-2.043190659705062,0.7171807364777406,0.4640750731384691,1.2726905759523637,-0.3281776080583257,0.4702975995653585,1.2931810603106535,False,False,GRASP,GRASP
vid4,6.533333333333333,3.369460572599109,0.8057688956665895,-1.1332457755857617,0.7388670787734424,0.7027647329125617,1.245636600055162,-1.5579629405252209,0.5407894631634362,2.8692750591638125,False,False,GRASP,GRASP
vid4,6.566666666666666,4.719494571081033,0.7952051134869228,-2.067196343837482,0.7666412625135494,0.877628860129246,1.1821673872410252,-2.890151949420498,0.6558152866311793,4.394190964951569,False,False,GRASP,GRASP
vid4,6.6,6.083717092850738,0.7344438771552118,-2.5103287596391155,0.7991995943432234,1.0257281218893362,1.0528618585108909,-4.242210934210963,0.8377946963402387,5.877835691597307,False,False,GRASP,GRASP
vid4,6.633333333333333,7.111495492009026,0.589770732849021,-2.8977489806471906,0.834315899577879,1.112027091516089,0.8842574498363636,-5.312610822100167,1.059090941698505,6.984960300284559,False,False,GRASP,GRASP
vid4,6.666666666666667,7.942350374273824,0.4579004011282844,-1.410733886966732,0.8749862890678366,1.171361413182476,0.6930918996601024,-6.187306602602618,1.311862763057874,7.86528666753188,False,False,GRASP,GRASP
vid4,6.7,8.188334027869642,0.4883189514641477,1.1234212029500068,0.916325252879062,1.081802491135084,0.4740819332013428,-6.7747825138464846,1.5899988626832444,8.174507514416037,False,False,GRASP,GRASP
vid4,6.733333333333333,7.882808951818888,0.5617499168534992,3.05824852562932,0.9507075419805302,0.9114211832630916,0.2250357101635129,-6.864793024448652,1.8787626360930287,7.880460332724663,False,False,GRASP,GRASP
vid4,6.766666666666667,6.732432712812676,0.7175006341741235,3.2780348755411968,0.9778053882716654,0.6548093501888987,-0.0125183707296239,-6.129947859235591,2.1417835089819173,6.690261683029945,False,False,GRASP,GRASP
vid4,6.8,4.971614355905783,0.8379966902189602,1.7185340483011853,0.9951689684634274,0.3752136941717238,-0.2010842496450366,-4.708767605991452,2.341528247980709,4.860685442639824,False,False,GRASP,GRASP
vid4,6.833333333333333,3.3587399710179633,0.8813973745312321,-0.6248866283149844,1.0027628965781887,0.1685383505008983,-0.3267781569717711,-3.281426304831974,2.465999144363059,3.1847423238891395,False,False,GRASP,GRASP
vid4,6.866666666666666,2.177582392604063,0.7459035766966701,-1.334438031205277,1.0023324129496958,0.0209267945658444,-0.4076623364604589,-2.1757642836202455,2.5345080072537782,1.9137166503182677,False,False,HOLD,GRASP
vid4,6.8999999999999995,0.8053281782249972,0.6764318502118484,0.8153988163635159,1.0025740392031677,-0.0997228646248439,-0.4709182404623314,-0.6847048400966546,2.5893460540186,0.3705501303823229,False,False,HOLD,HOLD
vid4,6.933333333333334,1.0534884427032098,0.7799750639196366,2.717006385860715,0.9984308581564912,-0.2030888518498743,-0.4731391458631019,0.6036577431961231,2.5822232458003063,-0.9609129590661888,False,False,HOLD,HOLD
vid4,6.966666666666667,2.1565439736442493,0.9770201661330068,2.8896558747352112,0.988697927997404,-0.3411805940941204,-0.415223842911564,1.5958923941321876,2.511285225041983,-2.1138024833674844,False,False,HOLD,HOLD
vid4,7.0,3.0711085296070726,1.0408669813548526,0.3829969321641754,0.9737937573532536,-0.4520076726383712,-0.3377153482506205,2.395648622241298,2.412254278628367,-3.0420094790068872,False,False,HOLD,HOLD
vid4,7.033333333333333,3.6124699679336447,0.9720078055389324,-1.8622029038929773,0.9585302855208035,-0.5086586473161312,-0.269607645771357,2.8937459904567473,2.3205117780717743,-3.593140787794665,False,False,HOLD,HOLD
vid4,7.066666666666666,4.5859421522015555,0.8597741526004957,-1.847382140429088,0.9397174965941713,-0.591842129365271,-0.1588593264156842,3.834083726633508,2.1844226897466164,-4.581804272239137,False,False,HOLD,HOLD
vid4,7.1,5.421172955631159,0.8085209785448759,-1.1664876922835032,0.9190423456295832,-0.6480577230632832,-0.003908678385602,4.66890866624822,2.006322690259221,-5.421100606798382,False,False,HOLD,HOLD
vid4,7.133333333333333,5.903178542990913,0.8005608263983492,-0.4227883208877876,0.8960401310874835,-0.7037981404859553,0.1650452940504178,5.088735635927373,1.8111278357762732,-5.903044568967773,False,False,HOLD,HOLD
vid4,7.166666666666667,6.117819750360599,0.8010793140633012,0.2088849560548741,0.8715611650168049,-0.7296833014334783,0.339606534720101,5.273026217810719,1.6079001457390578,-6.117690529971578,False,False,HOLD,HOLD
vid4,7.2,6.142520995329756,0.806680013772233,-0.4017813146827884,0.8465447961857636,-0.7233810813398309,0.5187055444956004,5.317250990700826,1.399605113493721,-6.141926769749623,False,False,HOLD,HOLD
vid4,7.233333333333333,5.928279332237654,0.8030321279247675,-0.778061447032926,0.8222324583174496,-0.6865023722867843,0.700338380612256,5.1601168457601565,1.190668910459093,-5.9266378853450865,False,False,HOLD,HOLD
vid4,7.266666666666667,5.471918849983461,0.7533414531422669,-0.8936707834525094,0.8002961204618286,-0.631518537047603,0.8704923657219563,4.7680159424273665,0.996766704897264,-5.470148391217176,False,False,HOLD,HOLD
vid4,7.3,4.801283834869906,0.6884492541622559,-0.0487543999940587,0.7801568074913974,-0.563086604625192,1.0229523649259171,4.161956783346314,0.8219729822856731,-4.800645721571352,False,False,HOLD,HOLD
vid4,7.333333333333333,3.818428641819434,0.7261830346550258,1.6755726069029844,0.7622168472941073,-0.4779756682501465,1.1539263376357494,3.23285556202445,0.670420420170434,-3.8174291894468286,False,False,HOLD,HOLD
vid4,7.366666666666666,2.8291360322644423,0.8458730895798744,1.5810711387310643,0.7478086869382712,-0.3998599843676357,1.2467115097140502,2.2614828902341193,0.55935394440629,-2.8131639370798087,False,False,HOLD,HOLD
vid4,7.4,1.8164795417005155,0.9009490275788344,0.6754847273410062,0.7360544429362536,-0.2996949595249428,1.300763296608879,1.2947223736966165,0.4873278698227343,-1.7648042025905104,False,False,HOLD,HOLD
vid4,7.433333333333334,0.937885398398696,0.8664258287651129,-0.1627831180873146,0.7272617937412275,-0.1951340361883975,1.3256178706765922,0.4375457042574854,0.4468250063879692,-0.8009525816879787,False,False,HOLD,HOLD
vid4,7.466666666666667,0.4261600210294238,0.8298937315679134,-0.1537683914478475,0.7223574442270759,-0.0909723746933412,1.329887598530606,-0.1789919627731675,0.4324704526958654,-0.0445834797760167,False,False,HOLD,HOLD
vid4,7.5,1.0573877584774698,0.8622147012294565,0.9263790805915249,0.7237406818981515,-0.1044135832769039,1.312728894890322,-0.9597031186811522,0.4502175324480481,0.5964403478993691,False,False,HOLD,HOLD
vid4,7.533333333333333,1.9542680210538048,0.910028069907288,1.0194014052275,0.7215370343206343,-0.2745481239975969,1.266776309426204,-1.5674365651329858,0.4848697249520793,0.7474472775486436,False,False,HOLD,HOLD
vid4,7.566666666666666,2.9503576626162675,0.9694972142944333,-1.1449021990393835,0.7077519425349532,-0.4642209993132239,1.2047670309669969,-2.1931235900833417,0.5080675024354082,0.871287158586939,False,False,HOLD,RELEASE
vid4,7.6,4.028420041229537,0.8859034957916253,-2.619287572321858,0.6867036663789101,-0.6839683312367277,1.1192056493011993,-2.788053724663941,0.5356576581293707,0.9031747485941384,False,False,RETRACT,RELEASE
vid4,7.633333333333333,4.932445510918186,0.7031269142843728,-1.833197696654816,0.6627997128320194,-0.8752021878458065,1.0200589994392075,-3.238092598359376,0.5686884277857691,0.8728013204855739,False,False,RETRACT,RELEASE
vid4,7.666666666666667,6.088563924920002,0.6354690653211543,0.7676602568865825,0.6322347694295897,-1.134478586337576,0.898554824754651,-3.716114264585923,0.6063983385896475,0.7181615388825914,False,False,RETRACT,RELEASE
vid4,7.7,7.359451286820744,0.8210144707531282,2.509269770612106,0.5875860678911156,-1.4510231171487884,0.7699614424515167,-4.013569702406799,0.6195008031385316,0.2836772754100423,False,False,RETRACT,RELEASE
vid4,7.733333333333333,8.328140282570738,0.916417583039814,3.4116000733952783,0.5335182894749069,-1.6941909217761102,0.6286061423642427,-4.181196330898567,0.6230326395782163,-0.1023601501093377,False,False,RETRACT,RETRACT
vid4,7.766666666666667,8.94082010487392,0.995917586645752,2.4408891991344746,0.4721365615920842,-1.860442789909424,0.4846686038682107,-4.169179856916771,0.6128415151380311,-0.4750078539936681,False,False,RETRACT,RETRACT
vid4,7.8,8.99024964115145,1.0700336717231187,1.824244533626872,0.4068599339973349,-1.8948290645693568,0.3452510226705423,-3.991814351497345,0.5902809915849001,-0.7022353334866035,False,False,RETRACT,RETRACT
vid4,7.833333333333333,8.586466394894913,1.1957089577271511,0.6606369271411392,0.3423065410949385,-1.844956653605789,0.2143562999585666,-3.4940363859195616,0.5619789739979675,-1.0209346628188456,False,False,RETRACT,RETRACT
vid4,7.866666666666666,7.812202707934752,1.1210860104637148,-1.987597785262673,0.2821094629004032,-1.722102973895795,0.1013929501330491,-2.7260958725775923,0.5277752805238002,-1.412539399853292,False,False,RETRACT,RETRACT
vid4,7.9,7.053882608243686,1.0171259661425476,-2.622111372574542,0.2278878633608776,-1.5983643698069407,0.0264716263329178,-1.893179593311318,0.4739317441185705,-1.8580036435051308,False,False,RETRACT,RETRACT
vid4,7.933333333333334,6.298042247570963,0.8870793140681542,-1.8759866905404183,0.1761295912790473,-1.4812608368521545,-0.0308717402720478,-0.1003691938204466,0.4103643857326479,-3.142092368874548,False,True,RETRACT,RETRACT
vid4,7.966666666666667,5.542618150895853,0.8828292109822568,-0.8817892956220884,0.1271178591794414,-1.2533934441264296,-0.0061608744213276,1.5256247956673148,0.2823311862238386,-4.041553263408681,False,False,RETRACT,RETRACT
vid4,8.0,4.450599451977312,0.8697247071933049,-0.3629184743807562,0.0875547856995329,-0.932962140255383,0.0986818464830664,2.019032698916122,0.1060893363428092,-3.766842699105831,False,False,RETRACT,RETRACT
vid4,8.033333333333333,2.983515407205404,0.862464943664927,0.1033675184177755,0.064190137032754,-0.6021313504213418,0.1999877653903981,1.5325355186892138,-0.0318128699539459,-2.6281220740115225,False,False,RETRACT,RETRACT
vid4,8.066666666666666,0.9453069419435044,0.849244353134322,0.0669581817069409,0.050022566051387,-0.1976617617158368,0.1994997779527531,0.4329870759577773,-0.0622707783587356,-0.802547489786406,False,True,REST,REST
vid4,8.1,0.181101412418431,0.8914296790969828,0.3984770199943883,0.0498479866904284,0.0413389457699438,0.1851886574679875,0.0437274093756991,-0.0503637464609364,0.0525500575963812,False,False,REST,REST
vid4,8.133333333333333,0.8422931192301885,0.8967800009060568,-0.1579099756459211,0.0575149760298778,0.1744711441172862,0.1966597555893928,0.3991275836121201,-0.0435033327712,0.0375530403812151,False,False,REST,REST
vid4,8.166666666666666,0.92153451760866,0.8689024283522825,-0.3235098476645139,0.0682722915654923,0.1956377395179512,0.2249344499574659,0.3968446357418803,-0.0443353906419301,0.0856437886989954,False,False,REST,REST
vid4,8.2,0.2895313959424811,0.8564694914377202,-0.3792185928877741,0.0704417766182227,0.0600429092262845,0.228975177487478,0.1366433737517658,-0.0430765651075763,0.0135360558819748,False,False,REST,REST
vid4,8.233333333333333,0.2842131522228647,0.848605830593901,0.02832346237935,0.0713731227585666,0.0461335795109688,0.2282087316303866,0.2056977314825918,-0.0403887139220533,-0.076068015864392,False,False,REST,REST
vid4,8.266666666666666,0.1898508640815047,0.856950380728602,0.3267134087729952,0.0715102733557306,0.0446573797133546,0.2348173764130098,-0.0002789796599627,-0.0457639817013834,0.0975661075391027,False,False,REST,REST
vid4,8.3,0.1133612233494141,0.8679884022942728,0.3211394302347948,0.0743563397506472,0.021306274695786,0.2417618770283446,-0.0681634383287367,-0.0455237866736305,0.1049600780895824,False,False,REST,REST
vid4,8.333333333333334,0.0298623723319009,0.892051166741268,0.459338865629891,0.0754715003625416,0.0062817358179196,0.2282739829654988,-0.0133635582664546,-0.0315127085580226,0.0251643902437387,False,False,REST,REST
vid4,8.366666666666667,0.1319668470232403,0.8993456398136686,0.1553615840689127,0.0729379475620158,0.0301777577437413,0.2218026341837235,0.0309182248778506,-0.0314780570899398,0.0392232445714269,False,False,REST,REST
vid4,8.4,0.1411849393523693,0.9025288218366826,-0.1057833037333675,0.0746817427248723,0.0245161237751375,0.2402303215422511,0.0952386361943812,-0.0434996096286203,-0.0283411860362193,False,False,REST,REST
vid4,8.433333333333334,0.2560412099406732,0.8945800022091555,-0.2546647953062433,0.0792165958801533,-0.0396839541893691,0.2466903868004684,-0.1926005098870459,-0.0391629264196277,0.0788791110028788,False,False,REST,REST
vid4,8.466666666666667,1.0487048009931017,0.87851217866171,-0.3414639500080266,0.0764353067265924,-0.1926009568263709,0.2238525068636122,-0.6552479911231351,-0.0256159086745925,0.1428394125474312,False,False,REST,REST
vid4,8.5,0.7264610938924428,0.8592988535218354,0.2564064457824086,0.0610417439466405,-0.1560333173390438,0.1861890662107894,-0.2961852620953729,-0.0268269508380061,-0.0857556805363506,False,True,REST,REST
vid4,8.533333333333333,0.1759640986814494,0.8868182653934533,0.5123666773413813,0.0564716177626426,0.0120379331241225,0.1857408188405974,0.168357735932346,-0.0364022480959913,-0.1183162069694152,False,False,REST,REST
vid4,8.566666666666666,0.7341187096334065,0.9186799755617224,0.4135343937825269,0.0646521549562459,0.1514830395375497,0.2116638902677221,0.3524201753475517,-0.040831052291914,0.0275555457457897,False,False,REST,REST
vid4,8.6,0.6778156534765591,0.9325817770042456,0.0614273244953064,0.0759358291655506,0.1512138439271514,0.2342483481505123,0.2148870823391855,-0.0356303303666954,0.145054611464543,False,False,REST,REST
vid4,8.633333333333333,0.0491279325411038,0.9029760645676734,-0.2769965532544794,0.0749982251302493,0.00924323430251,0.2161742488689158,0.0294858835681153,-0.0221553500913109,-0.0051717817174361,False,False,REST,REST
vid4,8.666666666666666,0.1743735737211128,0.9006479084406261,-0.0365652715995883,0.0723098288005496,0.0169583824130146,0.2180311841439567,0.1587718440417755,-0.029608820512925,-0.0993621131202528,False,False,REST,REST
vid4,8.7,0.3341301189808735,0.9072065113221148,0.03709457919077,0.0740030735758816,0.0459299029378539,0.2346033774006801,0.2711388446509747,-0.0401474178266698,-0.1326995728828983,False,False,REST,REST
vid4,8.733333333333333,0.2829135702853746,0.9145460535022548,-0.1138034177473084,0.0782506069497521,0.0383720648834691,0.2486933914526594,0.231146417011515,-0.0429879862520464,-0.1148337215015988,False,False,REST,REST
vid4,8.766666666666666,0.1937876744317403,0.8965737940348484,-0.1525517285780651,0.0784443711273744,0.0231905498437415,0.2422689444296294,0.1668346686123834,-0.0370496726989136,-0.0927024197047242,False,False,REST,REST
vid4,8.8,0.1174441152563232,0.8929323012428824,-0.1579117509546961,0.0772057532197147,-0.021194993924127,0.2567452354701388,-0.0753265334360439,-0.0521784509117924,0.0184827693768522,False,False,REST,REST
vid4,8.833333333333334,0.0599873358513313,0.8902510654234969,-0.0450525072932858,0.0767805423292499,-0.0036614355037733,0.2499413090802015,-0.0579326130575041,-0.047263314999489,0.041761117912484,False,False,REST,REST
vid4,8.866666666666667,0.2763663443849215,0.8936295636740841,0.1140030082211291,0.0778309145175212,0.0072519050968597,0.2456036778779627,-0.2746413634711663,-0.0412498421434722,0.25161160038833,False,False,REST,REST
vid4,8.9,0.3170711226370622,0.8875293566406459,0.3303256488172171,0.0771589824636066,-0.0316144786336861,0.2248709419187923,-0.2871763720826556,-0.0249131523378568,0.1776685014379384,False,False,REST,REST
vid4,8.933333333333334,0.1130463391968975,0.9201112655776856,0.1377536676003116,0.0762673163769702,-0.0263693594538778,0.2286112875827312,-0.0145712640270235,-0.0300679114491209,-0.0449586786518186,False,False,REST,REST
vid4,8.966666666666667,0.091261748145116,0.9187244799434005,0.0039259708572407,0.0740168147477923,-0.0037702285605434,0.2182075917087969,0.0898432042607717,-0.0260400678662891,-0.0853561297774639,False,False,REST,REST
vid4,9.0,0.0915159761149259,0.908063398569272,-0.0985901713811635,0.0751899661583174,-0.0033748489146601,0.2391118368713307,0.0903843238442435,-0.0414316546353247,-0.0849590415149967,False,False,REST,REST
vid4,9.033333333333331,0.1038177305106813,0.8945529677071283,-0.221401925108975,0.0760466731850367,0.0068419238025223,0.2367520943748663,-0.0996597948639027,-0.0375384697806523,0.1004791150022391,False,False,REST,REST
vid4,9.066666666666666,0.204944779581345,0.9073336911580924,0.1740980152071272,0.0760840268465832,-0.0386827816044329,0.2280502728187854,-0.1223038231046461,-0.0299856871931927,0.020704420053898,False,False,REST,REST
vid4,9.1,0.2775956347348207,0.9083415987139511,-0.2041640590515885,0.0723647893392758,-0.0413397374613793,0.2156329148165001,-0.2148779145649541,-0.0274298879355776,0.0943978399882276,False,False,REST,REST
vid4,9.133333333333333,0.0782971113323965,0.8975220837713009,-0.3618283951349462,0.0722393766817088,-0.0184116368483464,0.22047802305236,0.0019480927177875,-0.0318632173232324,-0.041799067974906,False,False,REST,REST
vid4,9.166666666666666,0.161276785216385,0.8787494862720807,-0.2367993035703483,0.0710038410050312,0.0180828984761882,0.2156642124464387,0.1417758342628817,-0.0304228194553949,-0.0823185816360257,False,False,REST,REST
vid4,9.2,0.1085908442439927,0.8654584777443469,-0.0213234970320153,0.0741388891168738,0.0251156496345896,0.2254796358970297,0.0197838614385243,-0.0320177868240135,0.0377508055151158,False,False,REST,REST
vid4,9.233333333333333,0.1814446266398979,0.8839684366400411,0.1580413262687766,0.0736010041672958,0.0176075734459013,0.2265595039764257,0.1652844345879708,-0.0341172301530746,-0.10353896467915,False,False,REST,REST
vid4,9.266666666666666,0.1050189995996219,0.889749189768943,0.2874026533669234,0.075286423659042,-0.0006984599598959,0.2356500707721032,-0.1049770130946285,-0.0382491662356154,0.0886109122523677,False,False,REST,REST
vid4,9.3,0.5225986061519643,0.8984039053623019,0.2318802822345952,0.0744012718828498,-0.0524106466116418,0.2260217879226689,-0.4727199578714841,-0.0319114392568279,0.2916527064749178,False,False,REST,REST
vid4,9.333333333333334,0.949905714303521,0.9052078752512498,0.1763579111022752,0.0717923805515994,-0.1041228332633838,0.204135406914006,-0.8404629026482898,-0.0188056524706221,0.4946945006974337,False,False,REST,REST
vid5,0.0,0.1025784029137313,0.928295848022941,-0.1358772042699502,-0.0002608157320662,-0.0109061645836315,-0.0050335057744739,0.0929007471542235,0.0039132251252349,-0.1023699993970674,False,False,REST,REST
vid5,0.0333333333333333,0.0770978079427984,0.9233561347187932,-0.1605055939789123,-0.0003773812087768,0.0039122359809954,-0.0022267835449514,0.0755025866171306,0.0012287521873082,-0.0586983768785412,False,False,REST,REST
vid5,0.0666666666666666,0.094636625160662,0.9175954750910128,-0.1851339836878623,0.0,0.0187306365456264,0.0,0.0581044260800888,-0.0,-0.0150267543600518,False,False,REST,REST
vid5,0.1,0.0997301018332212,0.9115603177336706,-0.2440728141898815,0.0014954926613782,-0.0120361670582986,0.0035276699819203,-0.0874184458996478,-0.0002251958859942,0.053567152529256,False,True,REST,REST
vid5,0.1333333333333333,0.3981427383872571,0.9024780194913702,-0.3181587523627462,0.0010304225162523,-0.0668589123640468,-0.001048452664219,-0.295671516823719,0.0028953012762721,0.1310314886306066,False,True,REST,REST
vid5,0.1666666666666666,0.4139568428502551,0.8886202483086768,-0.2723312553137277,-0.0036771616840978,-0.0723444066849048,-0.0191856980944417,-0.2968491725418323,0.0097704435145441,0.1215446584534936,False,True,REST,REST
vid5,0.2,0.1741247817686794,0.8786029350061315,-0.1510016552324027,-0.0075032588830383,-0.0288490776770325,-0.0334997033362662,-0.1306997123027367,0.014983769605469,0.0592745157963919,False,False,REST,REST
vid5,0.2333333333333333,0.5188119776650548,0.8644470709193601,0.9577759710165152,-0.0063329685650757,0.0659237038398024,-0.0337820702698702,0.4472638094701376,0.0174755869167056,-0.2657412579620929,False,False,REST,REST
vid5,0.2666666666666666,0.6462570263699959,0.932289130919406,0.9635449775204546,-0.0006850441599973,0.090733902318814,0.0008389497935048,0.5354532155871303,-0.0020492850943768,-0.2954879369487631,False,False,REST,REST
vid5,0.3,0.2139934488617748,0.9882053961490604,0.0999245077679915,0.0023094136735323,0.0357535700036895,0.0249419795211871,0.1595678133738917,-0.0174404568711867,-0.0713455300188267,False,False,REST,REST
vid5,0.3333333333333333,0.2234440764868502,0.9550432710945695,0.1595268670894127,0.0013757984049222,0.0256995643490793,0.014191266193233,0.1985514822536897,-0.0098045873327617,-0.1248067921771195,False,False,REST,REST
vid5,0.3666666666666666,0.0789158603526722,0.9186373754643729,-0.4889659395068022,0.0013411470353649,-0.0069038556170318,0.009069337512646,-0.0739570277550342,-0.0053801229208181,0.0516062716555748,False,False,REST,REST
vid5,0.4,0.1384111766437904,0.9472232879305948,-0.2262353911216082,0.002559403965439,-0.0229262165720889,0.0235756727997503,-0.1039131471459922,-0.0157630767871337,0.047146144722404,False,False,REST,REST
vid5,0.4333333333333333,0.3008188788461681,0.9509547904420536,-0.2563237842058163,0.0014935737030217,-0.0480994240745902,0.0207014710396252,-0.2317229344073531,-0.0152868895470902,0.1109358977980504,False,False,REST,REST
vid5,0.4666666666666667,0.6323918228686684,0.8880590688533059,-0.8649016789594556,-0.0028579785377877,-0.0845984577356852,-0.0126996280045232,-0.5348745776655204,0.0056543756372098,0.3067463807737109,False,False,REST,REST
vid5,0.5,0.2597812730579923,0.8750260241922658,-0.2045415278978971,-0.0054103868351994,-0.0335424861509682,-0.0238158417622543,-0.2226924224070629,0.0105063960569558,0.1309334212218822,False,True,REST,REST
vid5,0.5333333333333333,0.0932637826783169,0.8881262687918183,0.275962787060022,-0.0055013385522124,0.0228579102409727,-0.0222286140106212,0.0197018045752367,0.0089402965396047,0.0265594933952764,False,True,REST,REST
vid5,0.5666666666666667,0.6988230672034974,0.8925786719586194,0.8254758545123708,-0.0042449671974984,0.1052786094481863,-0.0266701226987151,0.5586341869698503,0.0152439309165769,-0.2879210115717291,False,True,REST,REST
vid5,0.6,0.9823064332733492,0.9340599766539762,1.0780218942214344,0.0014533219951859,0.1584903843290287,0.006418178611893,0.7519385648030525,-0.0028404677241477,-0.3553676310580061,False,False,REST,REST
vid5,0.6333333333333333,0.6596427016239501,0.9896319633522328,0.6680812455538723,0.0089187942858475,0.1090586536717961,0.0472736646677222,0.4959444341960445,-0.0243462607447143,-0.2257056454307466,False,False,REST,REST
vid5,0.6666666666666666,0.0699419550226706,1.0104998802925598,-0.1559616567020389,0.0125327843542948,0.0094830647308344,0.0624913942864855,-0.0588352579841446,-0.0307587264211209,0.0697722846624134,False,False,REST,REST
vid5,0.7,0.4134645764037676,0.9532854648114932,-0.27631330668118,0.0082068582851436,-0.0747947420889853,0.0211568198427876,-0.2863176924328706,-0.0028122357866339,0.1076116921675499,False,True,REST,REST
vid5,0.7333333333333333,0.2813647145561335,0.9399852712644028,0.4626239661537084,0.0028281408104106,-0.0390169282308247,0.0126015428965472,0.2344226759527926,-0.0056255935636088,-0.2803639670114085,False,False,REST,REST
vid5,0.7666666666666666,0.2996121368959908,1.0064237672560572,0.285377630443807,0.0038076881611299,0.0464089732568224,0.0486232850947719,0.2356096826463839,-0.0353310550859057,-0.1175855411451165,False,False,REST,REST
vid5,0.8,0.437354917813171,1.021504366548928,0.1836001364512892,0.0083869525064015,0.1000571169921764,0.0631206283335409,0.1790257154570852,-0.0392608016913439,0.0349071174196798,False,False,REST,REST
vid5,0.8333333333333334,0.4315962564096662,0.9841235257026842,-0.5334829743924411,0.0123597081227732,0.0966817809292893,0.0454567111562074,-0.1939275891659173,-0.0161545956243817,0.3554403160898632,False,False,REST,REST
vid5,0.8666666666666667,0.418014466838112,0.9572850209772334,-0.8451185942544559,0.0153473271224397,0.0027065340980397,0.0336799704047823,-0.4178750855011214,-9.944717906445592e-05,0.3715837374307146,False,False,REST,REST
vid5,0.9,0.5816283724671335,0.9635867687093872,-0.7082546566041812,0.0147904860703012,-0.0998999088333189,0.0366838695132694,-0.4237480498846584,-0.0038011109644188,0.1799672552889847,False,False,REST,REST
vid5,0.9333333333333332,0.5047542039340657,0.8914474340587204,-0.1167842587998535,0.0072544665852586,-0.1033958157362118,-1.5503351817527294e-05,-0.2911084140214474,0.0139253093151168,0.0569646133190521,False,False,REST,REST
vid5,0.9666666666666668,0.3494338441308023,0.9080754254304588,0.3001110692884916,0.0008515715394756,0.0232812887613857,-0.0049294442272924,-0.3368728999450724,0.0059551821046601,0.3400166152177716,False,False,REST,REST
vid5,1.0,1.1789234604642371,0.9432171010868218,1.4784181855504237,0.0056734653355484,0.2699416967703074,0.0002909636195622,-0.4805266040545363,0.0106247505878441,0.938987118969798,False,False,REST,REST
vid5,1.0333333333333332,2.715262049315525,1.0359302024628207,0.9794410475172642,0.0190845835694057,0.6527589547534172,-0.017753687002662,-0.7718358433247464,0.052164505100283,1.928526924359455,False,False,REST,REST
vid5,1.0666666666666669,4.195304101381467,1.0281097428124466,-0.4285830314182922,0.0462420597823781,0.969939459981236,-0.0684979267159519,-1.6240925160731512,0.1487363666583712,3.2840362336110074,False,False,REACH,REST
vid5,1.1,5.230227360913259,1.011677843509957,-0.774016242790615,0.0866086610622923,1.212313676277932,-0.1199684668840044,-1.9949972783600185,0.2712758707044214,4.074041268690845,False,False,REACH,REACH
vid5,1.1333333333333333,6.1312570083354805,0.933205843976542,-1.5357355836110784,0.132277616484689,1.4610391412245354,-0.2040548792811001,-1.90827050820597,0.4325812158216434,4.474973947849863,False,False,REACH,REACH
vid5,1.1666666666666667,6.60281378634657,0.9086065481254824,-0.9885152872446468,0.1807385211229935,1.6139128356459027,-0.2812546545195209,-1.4730397652051124,0.5932024012803159,4.386525204082169,False,False,REACH,REACH
vid5,1.2,6.920608878694554,0.8624454781241867,-0.1200508625508337,0.2403625186226409,1.7312111670435082,-0.3105017957737969,-0.4763011367292292,0.7331858420684925,3.7375235130989903,False,True,REACH,REACH
vid5,1.2333333333333334,6.550412169677917,0.8725258610008902,0.7665354108903216,0.3048769460038086,1.6404421047198814,-0.2984351522192424,0.3277954131676974,0.8463235559774726,2.858424843817089,False,False,REACH,REACH
vid5,1.2666666666666666,5.375948698445656,0.9460235873608588,0.3331098695308593,0.3562071268282816,1.346666638605107,-0.2756266809443596,0.239596861175493,0.9247597074597992,2.372391322236904,False,False,REACH,REACH
vid5,1.3,3.997695028008661,0.9528783953843836,0.1601888454698969,0.3941187086218077,1.0022625682467508,-0.2656260966819147,0.0691019366107624,0.9886933085118323,1.8614261239898495,False,False,REACH,REACH
vid5,1.3333333333333333,2.722440407318641,0.9025898693274328,0.0921243943503289,0.4213282841431375,0.6796531988538508,-0.2743888316949818,-0.2546183468196064,1.048555635339436,1.5266043164694183,False,False,REACH,REACH
vid5,1.3666666666666667,1.5835000373142305,0.9025194395057784,1.2627680714581735,0.4402658844906416,0.3878589317492242,-0.2941599063774384,-0.3388956476046006,1.1022071227018997,1.040931933786995,False,False,REACH,REACH
vid5,1.4,0.6590598006225787,1.0249196966273535,2.12059183992977,0.4460935932053059,0.1579836864163548,-0.2980487579909664,-0.1933802711897228,1.116792530174822,0.4725176154933632,False,False,REACH,REACH
vid5,1.4333333333333331,0.2045303797135794,1.0945329563656627,1.6489986057266453,0.4467762537828271,-0.0066617257009419,-0.3049205267931193,-0.2027975502639281,1.1241268288028974,0.165038155707986,False,False,REACH,REACH
vid5,1.4666666666666666,0.0069440952764585,1.141056430821458,0.1584970126464921,0.4429446023171834,-0.0006286823777862,-0.311887097425704,-0.006475665697131,1.1228872622690895,0.0044722640290174,False,False,REACH,REACH
vid5,1.5,0.0813604438534938,1.0914371640993257,-0.0911136470442095,0.4445150710893702,0.0165829246062904,-0.3109136558623779,0.0473901260562433,1.125045397454804,-0.0097510560214165,False,False,REACH,REACH
vid5,1.5333333333333332,0.0719438538423775,1.0826070324716113,1.0793369533537565,0.4453045666556041,0.0125118284809799,-0.3009538690458733,-0.0518275733241881,1.117826638546581,0.0694361239109813,False,False,REACH,REACH
vid5,1.5666666666666669,0.2459421807992426,1.142517293592523,1.472851928054828,0.4474812390516679,0.0162164955523841,-0.303595492214054,-0.2372867719982549,1.1243169698395876,0.2391513696502855,False,False,REACH,REACH
vid5,1.6,0.5506129702132897,1.2583977679219929,1.4830007177678408,0.4452245002627133,-0.0606820104628677,-0.323435055838118,-0.4945791390639684,1.137384634396648,0.3172792769189797,False,False,REACH,REACH
vid5,1.6333333333333333,0.5650873409194057,1.2689048541458696,0.1112112131530758,0.4436152091119638,-0.0515775155674279,-0.3432633696836127,-0.5263205117176006,1.151684029883072,0.3625696292952504,False,False,REACH,REACH
vid5,1.6666666666666667,0.4700537134400337,1.2184276142974515,-0.2704190016804601,0.4411973971337653,-0.0750077200790888,-0.3588718106755595,-0.3625850573894011,1.1607329537905506,0.1740746058123603,False,False,REACH,REACH
vid5,1.7,0.3291280774876255,1.2219001267215694,-0.1501711313456369,0.4382096269791201,-0.0612865513441432,-0.3709261090647578,-0.2204233146888259,1.1655726052238522,0.075739738263198,False,False,REACH,REACH
vid5,1.7333333333333334,0.2679600611517566,1.2366955542081497,-0.0068943135745912,0.4369892825781609,-0.050157391730099,-0.3720143610335784,-0.1782975830796223,1.164186561047616,0.0601459570899486,False,False,REACH,REACH
vid5,1.7666666666666666,0.2260501366020913,1.2271541684538565,0.2117358831011611,0.4351136498292499,-0.0539802300500449,-0.3789096326033385,0.0689521668494022,1.1666354894031423,-0.1639739479299911,False,False,REACH,REACH
vid5,1.8,0.1007865208672197,1.231069398323316,-0.5912061106607908,0.43338991845651,-0.015401917648282,-0.3739308888769509,0.0799062931946501,1.1589645615068993,-0.0995978407226092,False,False,REACH,REACH
vid5,1.8333333333333333,0.177521442805067,1.2167933643100934,-0.488005069916943,0.432882941373212,-0.0079929197816708,-0.3693542591315273,0.1746360798205196,1.1539795481467163,-0.168448998405733,False,False,REACH,REACH
vid5,1.8666666666666667,0.1976747887923207,1.179884186219123,-0.1089264898362325,0.4337008662960783,0.0232511947700264,-0.3563509555218749,0.1745764405293961,1.1441467475849585,-0.108480620166518,False,False,REACH,REACH
vid5,1.9,0.2003149584393947,1.1658194017273416,0.3072877465507676,0.4350463167532621,0.0339142673750881,-0.3621164004004588,0.1477592987335414,1.1517820359880748,-0.0645189936028454,False,False,REACH,REACH
vid5,1.9333333333333331,0.6923787370282896,1.2415657827048283,0.3004284918144574,0.4342136236401884,0.1174665772261502,-0.3534196761008394,0.509831767439389,1.142559899946061,-0.2217584067773867,False,False,REACH,REACH
vid5,1.9666666666666663,1.23596482706122,1.2361026163249202,-0.515193209753473,0.4400293287275461,0.2448512343779302,-0.3330682603953848,0.7576847536115473,1.1358683867455532,-0.1947937743430603,False,False,REACH,REACH
vid5,2.0,1.7643791511506235,1.1868119275276685,-1.965121645206204,0.4508957930318967,0.3794044592496213,-0.2933217125858405,0.9075145453072436,1.1218569129125304,-0.0681352727972974,False,False,REACH,REACH
vid5,2.033333333333333,2.4362902628498393,1.0838232338375997,-2.229371865238342,0.4663393663267305,0.5666708078169687,-0.2649497845526867,0.9100810570157836,1.1265961339656,0.2887305751070643,False,False,REACH,REACH
vid5,2.0666666666666664,3.1623774122001067,1.0146091487120543,-1.1976353480665751,0.4858242974301405,0.7449817126998198,-0.2414715607868834,1.083299172006008,1.1433761766238202,0.4787952105041134,False,False,REACH,REACH
vid5,2.1,4.059015802092683,0.9746824462627184,-0.4424328367877317,0.5156500929672058,0.9478768803345788,-0.2035034093495754,1.4784012192271592,1.1672818564630856,0.5214563406547587,False,False,REACH,REACH
vid5,2.1333333333333333,4.8604033656184376,1.0064843795633915,0.9341584540114392,0.5519167284604277,1.1030084195750454,-0.1423606888403919,2.0672150734080272,1.1832194842188797,0.302675516511608,False,False,REACH,REACH
vid5,2.1666666666666665,5.304007581351805,1.0541282187571757,1.031362856386772,0.5908966497642624,1.1643471164911012,-0.0644151018300691,2.563274524883538,1.1896275371015317,-0.0146423886760272,False,False,REACH,REACH
vid5,2.2,5.546592356895847,1.0884207976226938,0.8995025381433571,0.6310348282923292,1.1559286706112342,0.0277452737403387,3.084353373660345,1.1857932047200497,-0.4876689314382897,False,False,REACH,REACH
vid5,2.2333333333333334,5.585250012108604,1.1183301781067758,0.698350463772268,0.6705248363000287,1.0754729464458817,0.1410941209263003,3.577559067082489,1.1621378086340228,-1.0744004056987118,False,False,REACH,REACH
vid5,2.2666666666666666,5.403498543808115,1.126962196016779,0.401360147130515,0.7043072427508669,0.952211769887241,0.271028331291929,3.844067539462319,1.1129950118914218,-1.5444504128758814,False,False,REACH,REACH
vid5,2.3,5.170698265851929,1.1526649744910191,-0.1171146657439077,0.7335060608352573,0.8153680610109286,0.4054149908659456,4.020230338047565,1.051158464131306,-1.9613320972887665,False,False,REACH,REACH
vid5,2.3333333333333335,4.920941508810006,1.1407977014180215,-1.1682863180785652,0.7584354980137267,0.6809123160128043,0.5382420637778277,4.103847886634241,0.982502075224408,-2.2924906311847946,False,False,REACH,REACH
vid5,2.3666666666666667,4.811841862141381,1.0681023781077033,-1.3980016092217935,0.780008180910955,0.5191193525845623,0.6739402151623358,4.343700652710732,0.904891153653831,-2.813060356554627,False,False,REACH,REACH
vid5,2.4,4.748773120102389,1.003936874296467,-1.5106509889340436,0.7940712373068417,0.3331871869995584,0.8268759382795151,4.559079108326591,0.7977652741589137,-3.3584621378908843,False,False,REACH,REACH
vid5,2.433333333333333,4.324541511502089,0.96922098777164,-0.8894356616191412,0.8010661350079628,0.2062502150025704,0.989672130180211,4.24559598093196,0.6684392835107996,-3.327023652095619,False,False,GRASP,REACH
vid5,2.466666666666667,3.3866201689338964,0.9656268572978068,-0.8190106190675853,0.8059190856746056,0.0477471510096786,1.133331215872646,3.3812625895238844,0.5517851751213954,-2.8731323892473775,False,False,GRASP,REACH
vid5,2.5,2.252537048358552,0.9190330767743878,-1.1850785503414154,0.8059412378435802,-0.0566194603552997,1.2240676125884893,2.2411908283815554,0.4722698513226332,-2.0736571510430934,False,False,GRASP,GRASP
vid5,2.533333333333333,1.2746727634136472,0.8679626093678404,-0.1536906037168987,0.8008185755249541,-0.1070392538701881,1.271785174380606,1.2010677248629786,0.420607417585259,-1.2583645269905737,False,False,GRASP,GRASP
vid5,2.5666666666666664,0.7174375430307665,0.876416317175542,0.1977612711554412,0.7937402904353156,-0.0729352598016225,1.293701986641837,0.6558281373514878,0.3878168678092903,-0.7148972558964356,False,False,GRASP,GRASP
vid5,2.6,0.4395103280922303,0.925264446436568,0.3157834275075135,0.7943730847998043,0.062731416956843,1.3078212353130327,0.3613592616038507,0.3766505845804466,-0.1965417972903444,False,False,GRASP,GRASP
vid5,2.6333333333333333,0.5757530998562389,0.9311527103264784,0.1001584026661582,0.7995578141410845,0.1385201417142585,1.314087581388469,0.1622166138435709,0.3810988738965687,0.12340497883282,False,False,GRASP,GRASP
vid5,2.6666666666666665,0.4666250296815263,0.8926567905785027,-0.509557723483338,0.8065990984753112,0.1166068747158614,1.3198830653809086,0.0384655761853555,0.389520286593451,0.1898875237962184,False,False,GRASP,GRASP
vid5,2.7,0.1724587028973024,0.8917176248555796,-0.3351177558542831,0.8097660411217168,0.0255228695156671,1.3162698680602551,-0.1392170594130575,0.398761512938065,0.1710103125033948,False,False,GRASP,GRASP
vid5,2.7333333333333334,0.2877296818441726,0.8914499734502657,-0.3958735061430595,0.8080830493615629,-0.0627725456259141,1.3080221860719057,-0.1418360321321073,0.4027656597008792,0.0039846392646298,False,False,GRASP,GRASP
vid5,2.7666666666666666,0.4518920418347877,0.8608821120882296,-0.6597034615137192,0.8035878774849936,-0.1125959465248833,1.3012478218874357,-0.0506811667508816,0.4000851491531602,-0.1714852157913819,False,False,GRASP,GRASP
vid5,2.8,0.4608577797035784,0.8345057602085286,-0.5631952747106521,0.799612686570566,-0.115325714015489,1.3040931889391554,0.0292669707146279,0.3899671992551539,-0.2468186682959426,False,False,GRASP,GRASP
vid5,2.8333333333333335,0.4231435200741453,0.8242878842844877,-0.5263476793678205,0.7958559027595364,-0.1057872220181658,1.3092224583883303,0.0325811121687153,0.378265554461633,-0.2314327758289501,False,False,GRASP,GRASP
vid5,2.8666666666666667,0.3007300152224748,0.8076514493344796,-0.3930762861742109,0.7920945172750594,-0.0744561465212248,1.3080762496344824,-0.0476147457257571,0.3720574335563544,-0.1010340817692591,False,False,GRASP,GRASP
vid5,2.9,0.1827074901055262,0.7899721869306252,-0.2444239901527524,0.7901212277985088,-0.0401910169949971,1.302822201380494,-0.0876973198551623,0.3728800609679506,-0.0001802084106408,False,False,GRASP,GRASP
vid5,2.933333333333333,0.115770707387932,0.7876030547045938,-0.2630848990316106,0.7895642686698296,0.0135974710299909,1.3013324067682286,-0.1022849466676202,0.3731182479337275,0.1157591327573712,False,False,GRASP,GRASP
vid5,2.966666666666667,0.3215974005924448,0.7852650006506218,-0.0500706725711828,0.7908313275074922,0.0748823925743098,1.2981687326237752,-0.119336057084132,0.3783219702549483,0.2482341900478297,False,False,GRASP,GRASP
vid5,3.0,0.6428658372995816,0.7758008514046973,0.1185765823174831,0.7939012401959515,0.1389498903981403,1.2956280395620994,-0.3258873482630781,0.386436751292129,0.5521993607275454,False,False,GRASP,GRASP
vid5,3.033333333333333,1.1188692735483767,0.791018489383312,-0.277507144132226,0.8000706520253902,0.2264603213325532,1.282234799390967,-0.6604585251967409,0.4100108963005127,1.0133685017981442,False,False,GRASP,GRASP
vid5,3.0666666666666664,1.861257174886203,0.7862574255370426,-0.4824704652319245,0.8084626330858029,0.3328942296089506,1.25845535113685,-1.3045067986022607,0.4469538511636067,1.7821767077298596,False,False,GRASP,GRASP
vid5,3.1,2.7861649741331367,0.7455475073689355,-0.563800907416641,0.8214010544614642,0.4462396037489314,1.2024536216824224,-2.1437369790474055,0.5208679481605426,2.735374645078158,False,False,GRASP,GRASP
vid5,3.1333333333333333,3.862378714610432,0.7223346311762838,-0.8836883050018115,0.8379973570524252,0.6049581791626927,1.1174195379711285,-3.016163529626387,0.6272522863142296,3.804690303932344,False,False,GRASP,GRASP
vid5,3.1666666666666665,5.029115961264718,0.7130468220190469,-0.6866852273719707,0.8609866904460642,0.7558023733855881,0.9992624216074242,-4.0257457633386355,0.7749387089135942,4.979163753772931,False,False,GRASP,GRASP
vid5,3.2,5.950111882944982,0.6759090886534431,-0.6651335665014539,0.8891386177992369,0.8705538381162573,0.8510107698474147,-4.832204812606396,0.958912246046917,5.906324341769414,False,False,GRASP,GRASP
vid5,3.2333333333333334,6.55170233359889,0.6363321465742358,-0.2527336231092441,0.9215783396582858,0.936334491302531,0.6688163329621462,-5.383378620720348,1.1808694668123974,6.515740312835068,False,False,GRASP,GRASP
vid5,3.2666666666666666,6.641497528425986,0.644567520078046,1.48563411034703,0.953476720447929,0.8924645354688155,0.476991755762234,-5.607270087505449,1.4102322918597203,6.627920317884006,False,False,GRASP,GRASP
vid5,3.3,6.128864581103927,0.7348979176556528,2.1039084107116586,0.9837315102584172,0.7581955921000189,0.2876015396138869,-5.331038788662148,1.6343087907408391,6.128235992884322,False,False,GRASP,GRASP
vid5,3.3333333333333335,5.273656093390144,0.8188732014582252,3.0311361246932176,1.0063410507882855,0.5853342495791165,0.1120306868644785,-4.728871744793513,1.831607341191927,5.268763018138117,False,False,GRASP,GRASP
vid5,3.3666666666666667,4.087614070226478,0.9528404825554624,1.985679856977434,1.0228492162597849,0.332089413438451,-0.038750215750811,-3.867112689566203,1.9954695672579377,4.027529899782959,False,False,GRASP,GRASP
vid5,3.4,2.8784667294930437,0.9724940005183972,1.466313598019562,1.029349654640183,0.1053444641276159,-0.147469981937209,-2.8476426358460545,2.10326095043437,2.6988337439105936,False,False,GRASP,HOLD
vid5,3.433333333333333,1.8168257412281776,1.031884988780645,0.9722533904893604,1.028080295860939,-0.0233568547815442,-0.2265655690601131,-1.8144362928657944,2.1701778573720656,1.546109499742674,False,False,GRASP,HOLD
vid5,3.466666666666667,0.927148137782002,1.0338270011363688,-0.7036164414000625,1.0225317744498672,-0.0698904939128731,-0.269057446794446,-0.8842590661120895,2.1967945315543136,0.641292316096255,False,False,HOLD,HOLD
vid5,3.5,0.3756457914321704,1.0222902877844935,-0.4335967387210091,1.0222918138435488,-0.0449850672107804,-0.278131674160821,-0.3300364191354747,2.2042906606151353,0.2031096312510607,False,False,HOLD,HOLD
vid5,3.533333333333333,0.1460597623595991,0.9355586246372548,-0.3775559790013355,1.0216402819474375,-0.03250532516912,-0.2760918469673116,0.067294643837476,2.2012527101333705,-0.1213387211609679,False,False,HOLD,HOLD
vid5,3.5666666666666664,0.3962520225865331,0.9694519388634965,0.0557154134886229,1.020083536629159,-0.0501664185979819,-0.2754149957482478,0.3420361028857354,2.197673912975422,-0.3961006854140638,False,False,HOLD,HOLD
vid5,3.6,0.7698804044013027,1.0176177441052543,0.0365974638757882,1.017425213340342,-0.0601633117768333,-0.2621006870968205,0.731537192918033,2.1809021052197695,-0.7567866085189332,False,False,HOLD,HOLD
vid5,3.6333333333333337,1.2164920237367929,0.9880827895326764,-1.0920609490985014,1.0167889135612893,-0.0772354316218134,-0.2238884217436987,1.1768500845106555,2.146177318665522,-1.1799763922013244,False,False,HOLD,HOLD
vid5,3.6666666666666665,1.5455269930580944,0.8991570271054422,-1.6644084810032085,1.0135674487294457,-0.1376173764773415,-0.1774432828819271,1.4447979561472295,2.0992764278604006,-1.5307064776200952,False,False,HOLD,HOLD
vid5,3.7,1.9333845487630532,0.8572615359629089,-0.7558515621886776,1.0079390031031468,-0.1934846720735377,-0.1283237743005925,1.7727269900783198,2.045414836666425,-1.9253704990751568,False,False,HOLD,HOLD
vid5,3.7333333333333334,2.443390356238277,0.8471720248349509,-0.34995134417967,0.9997159215379724,-0.2531516108421043,-0.0666130097921327,2.2250594517683666,1.97553754309407,-2.4363981110001385,False,False,HOLD,HOLD
vid5,3.7666666666666666,3.0778950342826414,0.8545246781333381,-0.0799943266147324,0.9911380425247024,-0.301889235143462,0.0166304269529181,2.8326535240226067,1.8860999846916535,-3.0626004453797524,False,False,HOLD,HOLD
vid5,3.8,3.773036977970773,0.8536173100291355,-0.3784624718521951,0.9806487644705528,-0.3860625287946339,0.1235194758819023,3.444604169602604,1.7722644752365655,-3.760576759748144,False,False,HOLD,HOLD
vid5,3.8333333333333335,4.589842806325833,0.831825622849079,-1.0561759499173793,0.9664055433797452,-0.4993848742886553,0.2455012108144674,4.135244841554586,1.637996830560891,-4.583447038669751,False,False,HOLD,HOLD
vid5,3.8666666666666663,5.2880361266205895,0.7855072437103967,-1.228348822110101,0.947336080738592,-0.6074061640259015,0.3970285068182679,4.700574040405912,1.4685684277561486,-5.286278328872714,False,False,HOLD,HOLD
vid5,3.9,5.690945270142048,0.7326468120935796,-1.4169449548273874,0.9244660863720296,-0.6688522958020997,0.5677904938562384,5.02709265214857,1.27498683169467,-5.690404089962023,False,False,HOLD,HOLD
vid5,3.933333333333333,5.774304911206966,0.6810263048535794,-0.9220357336860994,0.9014045829384636,-0.7138807118656179,0.7454844708557722,5.023657479543637,1.0749600044346226,-5.773742035270448,False,False,HOLD,HOLD
vid5,3.966666666666667,5.317857640030579,0.6601821524970333,0.0971587673424681,0.8766350884359285,-0.6843913697510899,0.9096239994174604,4.563985656896315,0.8835423638982391,-5.314150111715189,False,False,HOLD,HOLD
vid5,4.0,4.737230917025616,0.6895522029845521,-0.0225491486959467,0.8536754618568904,-0.6205642826094567,1.0559941830460302,4.039361549267766,0.7111756509709,-4.731759263192703,False,False,HOLD,HOLD
vid5,4.033333333333333,3.756452494323974,0.7016621952982404,0.0596885146628358,0.8338600942955395,-0.5342067608117391,1.1838740553239715,3.0938796227754417,0.561050939737239,-3.7371535953593353,False,False,HOLD,HOLD
vid5,4.066666666666666,2.637322591008222,0.6894536500896109,-0.6200693121342289,0.8194590240357821,-0.4437288270713769,1.2732457129214068,1.9554801836713724,0.4550731546994647,-2.5654959573567195,False,False,HOLD,HOLD
vid5,4.1,1.678310491120164,0.6431760667892283,-1.1355223433712087,0.8045884553269277,-0.3591130722033328,1.3163178183513264,0.8749949329118558,0.3887905384003059,-1.4558593231629688,False,False,HOLD,HOLD
vid5,4.133333333333333,0.9818743115368588,0.6125069535735416,-0.3543303116454059,0.7936894508830326,-0.2436502707839231,1.31514624819569,0.1410147811851984,0.3689170143347714,-0.5908842245960679,False,False,HOLD,HOLD
vid5,4.166666666666667,0.4931283516056137,0.588795881643896,0.2018627116482589,0.7877685333007285,-0.1219393764454211,1.3105261393711731,-0.0817597614196874,0.3616135313354929,-0.1621531294886349,False,False,HOLD,HOLD
vid5,4.2,0.2342374729290534,0.6340714963675035,0.6576162598858947,0.7874475624957767,-0.03166625658194,1.3077675876185475,-0.1972782021480894,0.3634167155335496,0.1122481962552835,False,False,HOLD,HOLD
vid5,4.233333333333333,0.1068062270481812,0.6758050709905441,0.4537655437924722,0.7874542670717032,-0.015283565697921,1.2989264705525947,-0.0877064653642088,0.3711814770269503,0.0475922302087712,False,False,HOLD,HOLD
vid5,4.266666666666667,0.1854332476274875,0.6697662643038199,-0.3501379054904976,0.787508671231876,-0.0410297248236782,1.294523949048419,-0.0872401515345257,0.3751459438270957,-0.0021894240735919,False,False,HOLD,HOLD
vid5,4.3,0.2561960639430083,0.6335634080814847,-0.7836549409783461,0.7850044326556297,-0.0641031820719126,1.294718504883944,0.0167448070188041,0.3701730389478032,-0.1376110004038187,False,False,HOLD,HOLD
vid5,4.333333333333333,0.239056953858889,0.6062428834681437,-0.5348275416366622,0.7820979699746942,-0.0581668274599797,1.3007474080252113,0.0577620800066956,0.3593132343896298,-0.1621910006077444,False,False,HOLD,HOLD
vid5,4.366666666666666,0.1510735319022122,0.590979282042625,-0.2732151089087825,0.7800049259488478,-0.0339255859097261,1.2976989619328252,-0.0672140417781651,0.3579723362045413,-0.0061249100089322,False,False,HOLD,HOLD
vid5,4.4,0.0160255259634818,0.5899295077395044,0.1709856741963578,0.7802586043850964,0.0017900446357683,1.2962769962207763,-0.0143476329079136,0.3597055908380652,0.0160127508918887,False,False,HOLD,HOLD
vid5,4.433333333333334,0.1014088608319861,0.6070324393739223,0.2082044807657221,0.7809578057553469,-0.0060072573910627,1.2951618783776662,-0.0985383201056586,0.362024169420942,0.0748785693416973,False,False,HOLD,HOLD
vid5,4.466666666666667,0.0343689642324393,0.6154574655295638,0.0368225986155781,0.7803890927150362,-0.0051503445253075,1.2909513964962325,-0.0275560492281528,0.3646253187440546,0.0142844922759551,False,False,HOLD,HOLD
vid5,4.5,0.0421262925667617,0.6135509113835725,-0.1892189853561769,0.779855541931201,-0.0076669491771482,1.2913645226179362,-0.0289777582972943,0.3632399116648152,0.0107050166879861,False,False,HOLD,HOLD
vid5,4.533333333333333,0.0538700608833089,0.5924299344928028,-0.2895586934719331,0.7796235730660264,-0.0026407303721011,1.289618002317387,-0.0528306015027626,0.3643264220928255,0.0412578830886957,False,False,HOLD,HOLD
vid5,4.566666666666666,0.0643748551681819,0.586111914511472,-0.0209894505513764,0.7801713052057522,0.0132451386511437,1.2908225716415975,-0.0367953120520574,0.3643206266994265,0.0576620666481371,False,False,HOLD,HOLD
vid5,4.6,0.0375080830853604,0.5940772914749758,-0.0615118642421173,0.7803163316148162,0.0065405260521049,1.2839658516089796,-0.0269532144057374,0.3706107224406466,0.0361752269318567,False,False,HOLD,HOLD
vid5,4.633333333333333,0.0605193805621047,0.5934289674858986,0.016875113169905,0.7810143005202441,-0.0070377328537481,1.287832787250377,-0.0536175231086865,0.3685586658212829,0.033515831274063,False,False,HOLD,HOLD
vid5,4.666666666666667,0.0671808562959557,0.5868308596036539,0.0603725013761512,0.780341402248012,-0.0152195442226641,1.2849306071218645,-0.0287955033937832,0.3698129007549874,-0.0039382144021532,False,False,HOLD,HOLD
vid5,4.7,0.0773626257797378,0.5900366601765357,0.0909505593253916,0.7791152415297237,-0.0147947123445675,1.2826249212281928,0.0500368958916868,0.3694831506012443,-0.0722438867719323,False,False,HOLD,HOLD
vid5,4.733333333333333,0.0784827436305116,0.6009395358956797,0.4732990417332001,0.7787790951545709,-0.0060407738885123,1.2854862128338702,-0.0746937886600371,0.3663297461514405,0.053907375743779,False,False,HOLD,HOLD
vid5,4.766666666666667,0.0252381237557843,0.6165945493089758,0.5178031642750218,0.7794574355546838,0.0018210529827297,1.2861125864096532,0.0241706238763404,0.3670813779475494,-0.0177006486627967,False,False,HOLD,HOLD
vid5,4.8,0.013050847461858,0.6416437661292002,0.2902407197566108,0.7791828876818636,-0.0017869165028938,1.281948120243434,-0.0109334198023801,0.3702062940857683,0.0061597116028627,False,False,HOLD,HOLD
vid5,4.833333333333333,0.1161748216679095,0.6482875839099422,0.3952136980139171,0.7788750348569942,-0.0035150203498208,1.2823903548516318,-0.1153259740845876,0.369228180186578,0.0943773117280199,False,False,HOLD,HOLD
vid5,4.866666666666666,0.1717391272356028,0.647081433530395,0.4842767739127261,0.7789781486252076,-0.0044106742884189,1.2847609325575615,-0.170835933847804,0.3673473930009098,0.1413309511046767,False,False,HOLD,HOLD
vid5,4.9,0.4079172023777735,0.6705129732615772,0.8552030634238774,0.7787026993009711,0.0134675399458117,1.2704148080060742,-0.404365834367385,0.3793978733135497,0.3803749283019359,False,False,HOLD,HOLD
vid5,4.933333333333334,0.6067149751318979,0.7191563201764279,1.2518939675534488,0.7792913145772284,0.0150450357043236,1.2531907038285857,-0.6037408171762878,0.3956287662300727,0.5582123285650457,False,False,HOLD,HOLD
vid5,4.966666666666667,0.7126830915619697,0.7544560047581105,1.4412094686031032,0.7807848564959164,-0.0222797973390257,1.2329288275970571,-0.7071225114263695,0.4162585381378236,0.577280614387497,False,False,HOLD,HOLD
vid5,5.0,1.1622395527554237,0.8252128035795062,0.388237164514899,0.7804499909317739,-0.1214876162427403,1.2086485154000897,-1.05643689798798,0.436905387519243,0.6933115297223045,False,False,HOLD,HOLD
vid5,5.033333333333333,1.972475321690591,0.8098744517599382,0.4048947062740213,0.7730705948885565,-0.2117964105607805,1.1718159025556798,-1.7824726145145855,0.4550489858106686,1.1567176997908784,False,False,HOLD,HOLD
vid5,5.066666666666666,2.8689096939887224,0.8115069967055638,-0.0716596712307436,0.7643954975193522,-0.3270733423702204,1.101091665031082,-2.555230349579695,0.5004240746210609,1.613209007322965,False,False,RELEASE,HOLD
vid5,5.1,4.066123414955244,0.794447639606736,-0.200207358729572,0.7553157914526538,-0.627401874494177,0.9919198965547644,-3.2051096918849806,0.5787341060738462,1.607091361856896,False,False,RELEASE,RELEASE
vid5,5.133333333333333,5.9216334424953185,0.8243733578113425,0.6231403844888175,0.7317756591856888,-1.0600997882592014,0.8810646655457669,-4.146301275394334,0.6307897886631889,1.6025551357450305,False,False,RELEASE,RETRACT
vid5,5.166666666666667,7.875586995233553,0.8086221697525549,0.3038568824385349,0.6843591465363867,-1.5406776744272035,0.7352682448626512,-4.92666111889878,0.6676947971794451,1.3651831357148945,False,False,RELEASE,RETRACT
vid5,5.2,9.240388246776812,0.854041075283895,0.5438925559163156,0.6214669077505326,-1.863993130897454,0.5440031293199625,-5.488554811787895,0.7147893959069191,1.2378380734801633,False,False,RELEASE,RETRACT
vid5,5.233333333333333,9.441820659011071,0.8452169796303165,1.9979708743117648,0.555761113385246,-1.969842858937635,0.3316735681828791,-5.237664243335524,0.7749578433264079,0.8148713828852358,False,False,RETRACT,RETRACT
vid5,5.266666666666667,9.573319020851535,0.944344023704356,1.987463501138816,0.4904632083430584,-2.1518073676783858,0.1775824917589096,-4.243244924802559,0.7848449022661104,-0.4059858789716138,False,False,RETRACT,RETRACT
vid5,5.3,10.111924451066471,1.0499845560975425,1.0874320613499924,0.4168419826291836,-2.3736362344236555,0.0595476046124459,-3.555468074213453,0.7471564103501529,-1.4344254991854206,False,False,RETRACT,RETRACT
vid5,5.333333333333333,9.649510325914685,1.0717285549417277,0.6550236074494035,0.3282824563641546,-2.318417152549967,-0.0480459035650398,-2.761188005374228,0.6716660827846217,-2.024959113456751,False,False,RETRACT,RETRACT
vid5,5.366666666666666,8.901706090741703,1.008727177030396,-1.170079836955923,0.2486902141472705,-2.190371284456616,-0.1442963578568757,-1.7128312387937832,0.6034264938650977,-2.69860937050539,False,False,RETRACT,RETRACT
vid5,5.4,7.644172094641156,0.996998910478136,-0.8480879681638144,0.184178345852736,-1.9166676344363616,-0.1833900499213043,-0.0740677536393621,0.5139910428585845,-3.6106046738759834,False,False,RETRACT,RETRACT
vid5,5.433333333333334,6.441596603899178,0.9804790152824644,-1.0092165003434754,0.1262333661566418,-1.5925598377982837,-0.1380187781963698,1.0750932707470693,0.3630897530729446,-3.996657009526671,False,False,RETRACT,RETRACT
vid5,5.466666666666667,5.705905128481856,0.9081840093855628,-1.7412369261328975,0.0711709153554058,-1.3906263813246176,-0.0733441497219835,1.341680805432418,0.2007910083201762,-3.843158418398667,False,False,RETRACT,RETRACT
vid5,5.5,3.447948342967571,0.8423518973455236,-0.1513221259962519,0.0301988945395486,-0.8136580861638358,-0.0320363075540982,1.1656686186951402,0.0860011741755462,-2.5823924654645714,False,True,RETRACT,RETRACT
vid5,5.533333333333333,1.5515776912238668,0.8662597799513013,0.3251124793897542,0.0145251853995808,-0.3514924839325014,-0.0081693821721316,0.6651399939366898,0.0350175245745117,-1.2572443890538336,False,False,REST,REST
vid5,5.566666666666666,0.5881471854925404,0.9203031580284898,0.1668847040361031,0.0132563935811852,-0.0956561494227646,0.0166795402987933,0.4476462737619588,0.0107968217166413,-0.5759343985428385,False,False,REST,REST
vid5,5.6,0.2106428344817021,0.9234697553391708,-0.152505052488885,0.0188598847916877,0.0163383696970229,0.0263035513443607,0.2003116472082846,0.0131041550651854,-0.1443018450247606,False,True,REST,REST
vid5,5.633333333333333,0.3797678080061961,0.8512971446678486,-0.8410846280006118,0.0141172939620401,-0.0950123224718888,0.0201303461823765,-0.025418270761579,0.0094220780421882,-0.1599160670974894,False,True,REST,REST
vid5,5.666666666666667,0.2559391416538131,0.846340131217773,-0.0765215937154585,0.0104440630736099,-0.0630502592082778,0.020264373018712,0.0477302829603365,0.0022604966581967,-0.1627599458996262,False,True,REST,REST
vid5,5.7,0.1294767410228076,0.8697922508431983,0.3861628330289845,0.0086676564137667,-0.0138292074442859,0.0237468656409541,0.1171430467097451,-0.0041995302260566,-0.1292311318067936,False,False,REST,REST
vid5,5.733333333333333,0.1631528673942756,0.8805719773999752,0.2547112478211621,0.0096666266776045,0.0252760906334184,0.0289063169933689,0.1282872835451772,-0.0068076434390153,-0.0640111260073593,False,True,REST,REST
vid5,5.766666666666667,0.2059757491168572,0.8856935886055084,0.1362336062409947,0.0119743653661049,0.042765414897138,0.0340637779932609,0.1154908689303039,-0.0069042178023993,-0.0192523549118042,False,False,REST,REST
vid5,5.8,0.402481881643664,0.8828487147318583,0.4973234207817132,0.0127040794776507,0.048090307661026,0.0330475972435173,0.3538490249551264,-0.0046138738572091,-0.2180337137658142,False,True,REST,REST
vid5,5.833333333333333,0.3985960530922647,0.910504644121508,0.4644129406504879,0.0143813395632835,0.0433634832380453,0.0517722851746767,0.3591262684471248,-0.0178152661479842,-0.2317253259475062,False,False,REST,REST
vid5,5.866666666666666,0.2279925983033939,0.9372399187869764,0.130898150691001,0.0164180202474045,0.0349095985325351,0.0714060209419047,0.1805487129629479,-0.0311244606718895,-0.0913600770392842,False,False,REST,REST
vid5,5.9,0.312694674783626,0.929798780411487,0.0172704416549119,0.0172006530124814,0.0391325527049507,0.0689729054236757,0.2709651877028409,-0.0274902654347808,-0.162539115897049,False,True,REST,REST
vid5,5.933333333333334,0.2745484122285059,0.900983474060062,0.2264383725652804,0.0172931318685773,0.059805256375187,0.068070788535053,0.1359810739786704,-0.0265219435597192,-0.0045413026211921,False,False,REST,REST
vid5,5.966666666666667,0.2690234966348948,0.9382014663302908,0.3929969992462546,0.0210705760511369,0.0583716074967652,0.0864059082407946,0.134841795913345,-0.0353542893736896,-0.00629165590401,False,False,REST,REST
vid5,6.0,0.1196548656778699,0.9740014691810648,-0.0740801439608139,0.0241720424648736,0.0157746334912595,0.0957612423610119,-0.1017819572227465,-0.0376094524350042,0.119493202928392,False,False,REST,REST
vid5,6.033333333333333,0.2233566011081599,0.9379109103850194,-0.3043334588907029,0.021947788288348,0.0208981090614478,0.0670870999087075,-0.2072247083646088,-0.0167333213653997,0.2217707261149896,False,True,REST,REST
vid5,6.066666666666666,0.1554149090140599,0.9004661277749924,-0.2451879955483873,0.0213787407358595,0.0299681506293176,0.0619926990755677,0.099347405740797,-0.0133577921070528,-0.0296387485839034,False,False,REST,REST
vid5,6.1,0.4875355793626871,0.9210681652299784,0.3784422019039437,0.0247283693430071,0.0847421770849874,0.0794295540372842,0.3513904599953952,-0.0222229497196268,-0.1455916326622144,False,False,REST,REST
vid5,6.133333333333333,0.5551578195821071,0.960703197636961,0.5014915630865316,0.0296307119988569,0.0971788270353744,0.1016460317656522,0.3974924434517707,-0.0323012851617908,-0.1621644544861551,False,False,REST,REST
vid5,6.166666666666667,0.2761742833148717,0.9574248585302249,-0.0002202755010733,0.0306618118554593,0.0690948278428697,0.1067935329994478,0.0184797512703719,-0.0348373063467034,0.1162984154595528,False,False,REST,REST
vid5,6.2,0.2540812446803684,0.9494877137486392,-0.1041340583471119,0.0340698664514178,0.0400106009243063,0.1030295414455407,-0.1977276106917996,-0.0250014888172371,0.2500952226791559,False,False,REST,REST
vid5,6.233333333333333,0.1726325892678269,0.9448839587366428,-0.0648240201610152,0.0347170189103659,0.0009770169752389,0.0890946002411496,-0.1725886114903427,-0.0115422834284222,0.1531995472615211,False,False,REST,REST
vid5,6.266666666666667,0.0900454832532039,0.9481829327799054,-0.0364117102660142,0.033510159317043,-0.0036582683866257,0.0787349259398208,0.088855709429821,-0.0047732715411623,-0.0849241883645756,False,False,REST,REST
vid5,6.3,0.1015847373327167,0.9474871490110762,-0.1879919129512005,0.0322954116174488,-0.0129113018019429,0.0972331658455251,0.0875677553776049,-0.0233220475925662,-0.1015392278379162,False,False,REST,REST
vid5,6.333333333333333,0.2206124698529301,0.9326705212167512,-0.027370881315598,0.0331467872693863,0.04089387023896,0.1019972959373154,0.1485672624321732,-0.0258665811844114,-0.0518428009365206,False,False,REST,REST
vid5,6.366666666666666,0.1733680830860474,0.9362546397494405,-0.1086071190744241,0.0360665847267732,-0.0069502385907776,0.1030296400714559,-0.1711379586226379,-0.0211725167174443,0.1367257055314092,False,False,REST,REST
vid5,6.4,0.257338926268177,0.9351897905578128,-0.0024282989212075,0.034523478169376,-0.0469793403198297,0.0843389038858345,-0.1764104227565139,-0.0077436303745004,0.0645857648695898,False,False,REST,REST
vid5,6.433333333333334,0.0747899506034218,0.9372840754009764,0.0793955763520068,0.0311487849683675,-0.0187355799332301,0.0893197663412259,0.0032595248991925,-0.0185824257344173,-0.0387867268355249,False,False,REST,REST
vid5,6.466666666666667,0.2965440301168335,0.9336734357218058,-0.2094699132852512,0.0305412474388774,-0.0553426264675519,0.0856852834416248,-0.1980536043568035,-0.016560765943883,0.067524465405074,False,False,REST,REST
vid5,6.5,0.0821279178796343,0.9312572940863048,0.1138091519229376,0.0307244366710768,0.0048225246191278,0.0848078321527,-0.0798442388752504,-0.0154401177976434,0.0792555840418344,False,False,REST,REST
vid5,6.533333333333333,0.1310037269736793,0.9328640460347948,-0.0380095006374334,0.0301277810068304,0.0002698941973104,0.0705772583218165,-0.1309993050901943,-0.0041069221914434,0.1153779506501996,False,False,REST,REST
vid5,6.566666666666666,0.073490194644117,0.9308418508620596,0.0548896522900336,0.0288219120014982,0.0031247231631358,0.0725952658800594,-0.0724259381722416,-0.0083805477095965,0.069495374221033,False,False,REST,REST
vid5,6.6,0.3084049960178423,0.9341298376249926,0.65147033948378,0.0316869192489159,0.075052354780578,0.0763768633683484,-0.0743272746727345,-0.0062021024450425,0.2090963566639011,False,False,REST,REST
vid5,6.633333333333333,0.5301049238485196,0.9616288992823706,0.4807604970577027,0.0330024507681392,0.100142410616163,0.070432427806386,-0.3485836022060894,0.0015327504221624,0.4976792992902161,False,False,REST,REST
vid5,6.666666666666667,1.1918107394539248,0.9908117176645176,0.7383916463115611,0.0360187043938971,0.2794118240827192,0.0494946731384856,-0.4227464508238802,0.0256752011135669,0.906486031861544,False,False,REST,REST
vid5,6.7,2.68478690395087,1.0183067782649202,0.1224570546346018,0.0462452169738228,0.6109618243112537,0.0465552350396607,-1.1274972261092926,0.0478636417294021,2.1602179905777072,False,False,REST,REST
vid5,6.733333333333333,4.5330912189910455,1.003258524646069,-0.8771146594804025,0.0732282403751107,0.9813089586986028,0.003487658097241,-2.2876131441115293,0.1373700502579932,3.887615098390922,False,False,REACH,REST
vid5,6.766666666666667,6.151093300191923,0.9710245736712324,-1.4350646917117,0.1162116919733245,1.2778770812341116,-0.0985296530456325,-3.444414539403632,0.3092473074061385,5.470621792726985,False,True,REACH,REACH
vid5,6.8,7.064683266872171,0.8842176824817537,-1.8426789747697576,0.1628136934792713,1.5122187030987275,-0.2657992155653074,-3.679498468942645,0.5452770394313227,6.126135011310657,False,True,REACH,REACH
vid5,6.833333333333333,7.254521497928322,0.8239256542995546,-1.360556691341649,0.2144751210979395,1.692868135870882,-0.3845791189927035,-2.6548529222735757,0.7484933075838649,5.574151376136121,False,False,REACH,REACH
vid5,6.866666666666666,6.882698647221428,0.7697662432948434,0.7457034761661598,0.2779328344725758,1.7023696210967156,-0.4510474335905697,-1.1307603003116575,0.9284641518968478,4.256045520215155,False,True,REACH,REACH
vid5,6.8999999999999995,5.999113316927517,0.8475389305099712,1.9871368391913664,0.3396402343960662,1.504227747791711,-0.4470758976962726,0.0411376592648923,1.0433166989747624,2.8485517853840414,False,False,REACH,REACH
vid5,6.933333333333334,4.37470111285555,0.9580869549067011,2.577338860665891,0.3835353608008889,1.0916303398186666,-0.4290243213139246,0.4301403721697303,1.111665677913673,1.7162455235433938,False,False,REACH,REACH
vid5,6.966666666666667,2.935433041511209,1.0630290069196455,2.5847085375994583,0.4086441832669903,0.7191661719524585,-0.403300431271833,0.6251695420631634,1.137261518215657,0.8309780945934716,False,False,REACH,REACH
vid5,7.0,2.0704697895348323,1.102375946444584,1.3217663466166454,0.4272396442681636,0.51049642067888,-0.389268480217173,0.3767831535922859,1.160618351107105,0.6486026816249595,False,False,REACH,REACH
vid5,7.033333333333333,1.5608098590779256,1.1651921702864905,0.9701242148200304,0.440658170231684,0.378648838747831,-0.3764611634347337,0.3946980121134798,1.1751212613962447,0.3800539733786267,False,False,REACH,REACH
vid5,7.066666666666666,1.1605756839994028,1.1808045128577676,-0.0339383279079315,0.4520066359363597,0.2789639502488517,-0.3645302801000787,0.3304771222918592,1.1864229250743392,0.2451996316526861,False,False,REACH,REACH
vid5,7.1,0.8156053265687424,1.1444831310174464,-0.3828144234253279,0.4589209682916256,0.1981324045514613,-0.3551211955800241,0.2021101275912904,1.1914324748237772,0.2027432895744961,False,False,REACH,REACH
vid5,7.133333333333333,0.5779739331033849,1.130129648345074,-0.3827871311339772,0.4643290109066471,0.141970673803265,-0.3461236642918244,0.1161171085244947,1.1939142994667964,0.1704420944108576,False,False,REACH,REACH
vid5,7.166666666666667,0.3851227440246178,1.1257055740996338,-0.2686257927070557,0.4678020168337432,0.0964875638146647,-0.3491967119565964,-0.0157735225895239,1.203268851994659,0.1988621261728244,False,False,REACH,REACH
vid5,7.2,0.2391563433904785,1.126845382565302,-0.3065960004515518,0.4710945976843083,0.0570223867702533,-0.3511082682296897,-0.0740315117267896,1.2112590103562693,0.1742613956156149,False,False,REACH,REACH
vid5,7.233333333333333,0.1673447579951746,1.0925563788742632,-0.1471089759420228,0.4713028447634404,0.0410758091138238,-0.3548767243503639,0.0341971166743818,1.2149625485695172,0.0487860088441908,False,False,REACH,REACH
vid5,7.266666666666667,0.1753222985776425,1.1024359846624057,0.0812490113202195,0.4726061130568523,0.029483548221646,-0.351740539743195,0.1300470834073432,1.2147119835853712,-0.0574855809411044,False,False,REACH,REACH
vid5,7.3,0.2036537394652574,1.1127847931305257,0.292403900282446,0.4738164398021375,0.0083864486379076,-0.3455558493252105,0.2008885892419771,1.211610252507122,-0.1600569162485236,False,False,REACH,REACH
vid5,7.333333333333333,0.2091957494623713,1.1288835649255462,0.4975194977747734,0.4745286775176862,-0.0204613305315837,-0.3335017972566111,0.1926242140377136,1.2024070832622615,-0.2081313918013689,False,False,REACH,REACH
vid5,7.366666666666666,0.2551881723520857,1.132573842987655,0.3922506501083862,0.4718394905746623,-0.0623186923202028,-0.3306110787144807,0.0579055639345173,1.1947155079730898,-0.1702787388301594,False,False,REACH,REACH
vid5,7.4,0.2670610993355315,1.1610750342251557,0.6792961299080098,0.4693917991023847,-0.0669648628554775,-0.3306942271445259,0.000357888896373,1.19009453361753,-0.1287307031412252,False,False,REACH,REACH
vid5,7.433333333333334,0.3064088108613325,1.1863995732395938,0.3578762612750226,0.4672864104873124,-0.0743376820940361,-0.3330081933596625,-0.0774295200549854,1.188085969487252,-0.0746652679361178,False,False,REACH,REACH
vid5,7.466666666666667,0.1857762773179481,1.193637522140209,-0.0643446799400662,0.4645302403792263,-0.0463833205570248,-0.336387134816361,0.0171806403234538,1.1857631891915013,-0.1040121877730179,False,False,REACH,REACH
vid5,7.5,0.1173219889628848,1.17421659238428,0.0408410955311437,0.4630699729865909,-0.0283001200538633,-0.3334000723095133,-0.0320374072005513,1.180343808815456,-0.0261800138526523,False,False,REACH,REACH
vid5,7.533333333333333,0.0793168008634244,1.1740195013895824,0.0712450727489444,0.4628228175148554,0.0009788614263231,-0.3342361156748426,-0.0792206757189418,1.1806028887538906,0.071337942573446,False,False,REACH,REACH
vid5,7.566666666666666,0.1403678065497076,1.1893507669483447,0.3812053512962137,0.4638152668306246,0.0350923548204348,-0.3389617850872879,-0.0108101780163809,1.1866495587254435,0.0767741439492492,False,False,REACH,REACH
vid5,7.6,0.1100531043026342,1.2130202927631888,0.2697624928092118,0.4649024825639051,0.0269569035704206,-0.3423769709581336,-0.0235396664525883,1.191728926101406,0.0723342188662043,False,False,REACH,REACH
vid5,7.633333333333333,0.1845252416346766,1.20702072586949,-0.177964217994337,0.4664064297466299,0.0325596074371234,-0.3374920243879609,0.1311049434945383,1.1903298811627996,-0.0525142294866199,False,False,REACH,REACH
vid5,7.666666666666667,0.2297067772470563,1.1962458434226344,0.0960810818235922,0.4670458813006373,0.0360796074379897,-0.3314288343313597,0.1790569758797422,1.1862399281647462,-0.0878084218816607,False,False,REACH,REACH
vid5,7.7,0.3123232636678361,1.2008106209517782,-0.1413790080539711,0.4674930064478935,0.0690974023623929,-0.3268814824005896,0.1470014588545027,1.1831102445170454,0.0036153326024884,False,False,REACH,REACH
vid5,7.733333333333333,0.6392206986102588,1.198945112380774,0.1999403655534213,0.4707053875020975,0.1398887142251725,-0.3214167161505836,0.3120346664138854,1.184479035353589,-0.0053312287834413,False,False,REACH,REACH
vid5,7.766666666666667,0.872334861028517,1.212268417763008,0.0990894491153165,0.4769563515800283,0.1962883805466994,-0.3099075380051942,0.3849317094010537,1.1863750945829037,0.0389088205570115,False,False,REACH,REACH
vid5,7.8,1.343372324740942,1.2052968541619296,-0.1668375529193026,0.4841025113977367,0.292985051719298,-0.2962870540601259,0.6628594673290334,1.188136653141927,-0.0193457626274066,False,False,REACH,REACH
vid5,7.833333333333333,1.7508822120259533,1.2099613276206171,-0.0275632922487069,0.4948909769964911,0.3879412097642001,-0.2663873352782986,0.8197262909964937,1.182609317067528,0.0252083171183541,False,False,REACH,REACH
vid5,7.866666666666666,2.299968673371956,1.1951439599511928,-0.5124197129087806,0.5095146924930329,0.5129150344860588,-0.24015793346043,1.0514790996217989,1.1876548866536387,0.0616664132977238,False,False,REACH,REACH
vid5,7.9,2.9066607557468833,1.1766991041924957,-0.1271072545254439,0.5296934352454463,0.6446232913571814,-0.1985262867794416,1.3563314005900844,1.189848487622062,0.0469452268107292,False,False,REACH,REACH
vid5,7.933333333333334,3.37440370862981,1.1734970778607487,0.0346058204064081,0.5523941851572789,0.7452882796391047,-0.153043583564623,1.59757323139532,1.1935018690503287,0.0284668640341693,False,False,REACH,REACH
vid5,7.966666666666667,4.074117489297699,1.1748491125427274,0.6115292085460786,0.5795416583117778,0.8714074291084044,-0.09085793988009,2.126301045520989,1.1910374621341735,-0.1932667944125125,False,False,REACH,REACH
vid5,8.0,4.545624915520875,1.2236046690238496,0.7187072506167788,0.610526941864606,0.9589628353327664,-0.0157774549404569,2.456940024853613,1.18462651629322,-0.3152686368723618,False,False,REACH,REACH
vid5,8.033333333333333,4.881200732979512,1.2348108069647037,0.7841068356161364,0.6451101051235839,0.9965432239184492,0.076795396956108,2.8339285190233388,1.169777804998719,-0.5737456897014658,False,False,REACH,REACH
vid5,8.066666666666666,5.007466250902423,1.273569017968697,0.5169176640785871,0.6791283527543336,0.994349695813556,0.1789634347507797,3.057647096273701,1.1454326956644072,-0.7741089393445739,False,False,REACH,REACH
vid5,8.1,4.920515817704484,1.27841965630802,-0.2244477579134317,0.7116580135590928,0.9397267158955314,0.2803791112856225,3.188450992660382,1.1188926306503475,-0.9935471595537894,False,False,REACH,REACH
vid5,8.133333333333333,4.845433418460468,1.276304702769564,-0.7661829325768493,0.7421270917936523,0.8795779099238569,0.3912389740874946,3.3426648672756594,1.0801203597988684,-1.244108026303485,False,False,REACH,REACH
vid5,8.166666666666666,4.544866576004892,1.2161600421403056,-1.8432339681079204,0.7709869639910711,0.8079492686722305,0.5082287772435587,3.205227796676082,1.0328874126546284,-1.260963524315228,False,False,REACH,REACH
vid5,8.2,4.061215553561597,1.142986934589404,-1.809515520345744,0.796168228924288,0.7113244683432153,0.6157906518779742,2.906192134869161,0.9868665103313456,-1.1840636753532818,False,False,REACH,REACH
vid5,8.233333333333333,3.3887809440272174,1.0590621621562637,-0.5021920627933538,0.8195010606657136,0.561808889279609,0.7027822293071432,2.542407546243101,0.9553369786465188,-1.151819246561428,False,False,REACH,REACH
vid5,8.266666666666666,2.6970731874208465,1.0907399460804903,-0.3814837053109127,0.8359748510454399,0.3629568445906881,0.7773989310324129,2.275730793622871,0.9215043374390234,-1.2993304620652435,False,False,REACH,REACH
vid5,8.3,2.487826460359686,1.1171706876923255,-1.0086185478438885,0.8440032485717595,0.1683879940925819,0.8493383971239132,2.3954768506390915,0.8738235737329771,-1.7774439801266058,False,False,REACH,REACH
vid5,8.333333333333334,2.297458819222898,1.034162390395233,-0.8115482191353705,0.84527105503758,-0.0285558868160142,0.9346056928240672,2.2946345433754187,0.8014923269131983,-2.0666998385241504,False,False,GRASP,REACH
vid5,8.366666666666667,1.997172804510506,0.9502737216158716,-0.3900354526291329,0.8412987196475629,-0.1212096934440501,1.0152593142165605,1.937790015670805,0.7231574625246139,-1.931498012909552,False,False,GRASP,REACH
vid5,8.4,1.431860284504294,1.0284283461697918,0.3913002680764259,0.8346825314153168,-0.1509394474985493,1.076739686161345,1.299180793475857,0.6565636781530786,-1.4285765527405765,False,False,GRASP,REACH
vid5,8.433333333333334,0.7172649456953498,1.0795323564903487,-0.0471994225949015,0.8285147204139063,-0.1184289630382506,1.098568276157012,0.5398132864452551,0.6255964760313977,-0.7004174457048479,False,False,GRASP,REACH
vid5,8.466666666666667,0.3041752983787373,1.0100434649728482,-1.555750537034219,0.826683627596654,-0.0367623808955781,1.1031125370031614,0.2665104009992027,0.6181006188979248,-0.3041750397981285,False,False,GRASP,REACH
vid5,8.5,0.1315887544489378,0.9133858952159176,-1.3096103280167857,0.8264962978431067,0.0154360826158283,1.1058959696508397,0.1163010588890132,0.6153008633488232,-0.0723715333367754,False,False,GRASP,REACH
vid5,8.533333333333333,0.1791137578376437,0.9049540269058912,-0.1761304873056861,0.8284694944726017,0.0362051433685382,1.1120688889228374,0.1059887279345017,0.613672390442957,-0.0235013386831319,False,False,GRASP,REACH
vid5,8.566666666666666,0.1114237184476277,0.9266533220436612,0.0782128767517232,0.8301386169367075,0.0274930504987795,1.1167956590924384,0.0198334403250366,0.6127287874634956,0.0353327718819911,False,False,GRASP,REACH
vid5,8.6,0.0748966425693429,0.941377699588989,-0.0256683915258603,0.8305052952629012,0.0186434875290051,1.110085710657279,0.0090191012412547,0.6193152502010678,0.0278442062079013,False,False,GRASP,REACH
vid5,8.633333333333333,0.0403560609793715,0.9129475849094344,-0.2985257081709807,0.8305074726072248,0.0077171326519473,1.113776469516036,-0.0261039982803892,0.6160833629118555,0.0376869831545459,False,False,GRASP,REACH
vid5,8.666666666666666,0.0575476540761389,0.9038993613947458,-0.2970476715398641,0.8312909230680475,-0.0001279315840005,1.1116140821142413,0.057545392386617,0.6194817514185577,-0.0507012149770548,False,False,GRASP,REACH
vid5,8.7,0.0984363622453292,0.9029978118393582,-0.0930952575505325,0.8308308996891205,0.0143428257931541,1.1162941934362542,0.0801114722030808,0.6144960472503476,-0.0427369634411314,False,False,GRASP,REACH
vid5,8.733333333333333,0.1169237258760475,0.900999855200642,-0.0493944454492209,0.8313067283544254,0.0014511363355811,1.118110873942421,-0.1167804158609493,0.6138156643210523,0.1051760475297871,False,False,GRASP,REACH
vid5,8.766666666666666,0.0952862036984251,0.894342726321336,-0.2109597346112822,0.8312850074149956,0.0238710776150007,1.113943332361962,0.0040608003323963,0.6174281171115004,0.0422164753276825,False,False,GRASP,REACH
vid5,8.8,0.2017371286212756,0.8935297171333197,-0.1702710632224691,0.8327358224798487,0.0441699218864687,1.108728284874012,-0.0983260477075134,0.6247828714547594,0.1709160175177822,False,False,GRASP,REACH
vid5,8.833333333333334,0.2325060598823431,0.8800925896660186,-0.116184888776856,0.8336250122808968,0.0578046710991569,1.1074457742353374,0.0302538368647364,0.627612556524679,0.0843240182722163,False,False,GRASP,REACH
vid5,8.866666666666667,0.4527645072357515,0.8674130516644062,0.6257776241085571,0.8373659074464094,0.0695053757988818,1.1119148484216703,0.3579943485241889,0.6308678903991757,-0.180601178792408,False,False,GRASP,REACH
vid5,8.9,0.418255916227356,0.9157952217760236,0.7870135513372128,0.839986879813831,-0.012794125726575,1.1236488908776217,0.4151319915698344,0.6256056405458321,-0.388523320341237,False,False,GRASP,REACH
vid5,8.933333333333334,0.9828292833944076,0.9634979163396412,0.2522928484529615,0.8376816462322579,-0.0391369705239077,1.142600259830773,0.970356673629239,0.6045683617596304,-0.9258621676986498,False,False,GRASP,REACH
vid5,8.966666666666667,1.707746667198062,0.9514767419106144,-0.2716506841545391,0.8338768376076775,-0.0375097261626157,1.176879963151358,1.7011822472043012,0.5672154781632401,-1.5635305651518157,False,False,GRASP,REACH
vid5,9.0,2.0992175811696763,0.895054141038003,-0.3183961416736198,0.8338745609874696,-0.0342512203167272,1.2497447655998957,2.0947686917477824,0.5033231476843834,-1.9023789733791323,False,False,GRASP,REACH
vid5,9.033333333333331,2.053281219696399,0.9111101193022566,0.1327087076253709,0.8347662967601237,0.0053750447695627,1.3476799648909856,2.053169321240734,0.4191634828734997,-1.7899142501330476,False,False,GRASP,REACH
vid5,9.066666666666666,1.262753519216026,0.9526809920104504,-0.4422890630510234,0.8323554812022561,0.0582084782546766,1.4097170194420112,1.2412322863809473,0.3601461403372342,-0.9766892745470216,False,False,GRASP,GRASP
vid5,9.1,0.7316366885690446,0.9045255756838576,-0.7494322730297095,0.8346073662354827,0.1658281334779683,1.4249583045940528,0.3129350335450505,0.3511009450951906,0.0436227279404715,False,False,GRASP,GRASP
vid5,9.133333333333333,1.5381226980343117,0.8554520143940972,-1.65219491884892,0.843655622387153,0.3698002471345455,1.4231073102938128,-0.4368216679612067,0.3700755226153857,1.0921629059132076,False,False,GRASP,GRASP
vid5,9.166666666666666,2.865956495854973,0.8117741683946063,-2.4008967356190176,0.8578745076087573,0.6332729122866454,1.402306605962056,-1.354753378928263,0.4155808243341233,2.4022619519483857,False,False,GRASP,GRASP
vid5,9.2,4.706252083176005,0.7205363390603963,-2.025039883393584,0.8829813115948035,0.8755723630231991,1.3534922124698223,-3.1552825128546327,0.506528069152152,4.445620337203971,False,False,GRASP,GRASP
vid5,9.233333333333333,6.783627690324125,0.6004329860026147,-1.5560585234149265,0.9196330449628758,1.076012176925303,1.2154169141748217,-5.253861817549855,0.6978788381834693,6.670036327269694,False,False,GRASP,GRASP
vid5,9.266666666666666,6.846056492963828,0.5959037503387665,-0.0855322555910308,0.9625861226071288,0.9422330107188368,0.9714811880542848,-5.7226055881410955,0.994132120390398,6.824486459470527,False,True,GRASP,GRASP
vid5,9.3,5.399816072366268,0.6508299118112907,0.769181779751726,0.991256014879448,0.6124770242117299,0.7488420244375623,-4.815776096579152,1.2443220248622828,5.397011925634924,False,False,GRASP,GRASP
vid5,9.333333333333334,,,,,,,,,,True,False,GRASP,GRASP
vid5,9.366666666666667,,,,,,,,,,True,False,GRASP,GRASP
vid5,9.4,,,,,,,,,,True,False,GRASP,GRASP
vid5,9.433333333333334,,,,,,,,,,True,False,GRASP,GRASP
vid5,9.466666666666669,,,,,,,,,,True,False,GRASP,GRASP
vid5,9.5,,,,,,,,,,True,False,GRASP,GRASP
vid5,9.533333333333331,,,,,,,,,,True,False,GRASP,GRASP
vid5,9.566666666666666,,,,,,,,,,True,False,GRASP,GRASP
vid5,9.6,,,,,,,,,,True,False,GRASP,GRASP
vid5,9.633333333333333,,,,,,,,,,True,False,HOLD,GRASP
vid5,9.666666666666666,,,,,,,,,,True,False,HOLD,GRASP
vid5,9.7,,,,,,,,,,True,False,HOLD,GRASP
vid5,9.733333333333333,,,,,,,,,,True,False,HOLD,GRASP
vid5,9.766666666666666,,,,,,,,,,True,False,HOLD,GRASP
vid5,9.8,,,,,,,,,,True,False,HOLD,GRASP
vid5,9.833333333333334,,,,,,,,,,True,False,HOLD,GRASP
vid5,9.866666666666667,2.5851393165997125,0.700485518136013,-0.2039703105983243,1.0427893986659444,-0.3285582031963809,-0.2469476236885224,2.2284570867505935,2.21625616488264,-2.5839825693914737,False,False,HOLD,HOLD
vid5,9.9,5.200121125179264,0.6856228674103859,-0.2217877696498907,1.0253520896451855,-0.5956731627037595,-0.1076046543000532,4.625779605313552,2.060640939069471,-5.198198365288598,False,False,HOLD,HOLD
vid5,9.933333333333334,6.930703101739881,0.6741384525647155,-0.2680570166381368,0.997249181376672,-0.7736727031033578,0.1233277984193024,6.206009605640916,1.8042667582389385,-6.92509175977282,False,False,HOLD,HOLD
vid5,9.966666666666669,6.876268810894244,0.6596439660299988,0.1397743245540986,0.971069917206276,-0.7811395383808811,0.3311086519274621,6.130117129204994,1.571880859220308,-6.872868096445507,False,False,HOLD,HOLD
vid5,10.0,6.606642347030824,0.6813979698458934,0.6023166978875748,0.9443312341874018,-0.7708903698681658,0.5353355009407217,5.847733174611645,1.3415383324463823,-6.605618850998767,False,False,HOLD,HOLD
vid5,10.033333333333331,6.0731696384742975,0.7045458744961137,0.7721873996119654,0.9186179306846184,-0.6855172344765881,0.7278700031901822,5.423026301958476,1.123414017920744,-6.069517241171831,False,False,HOLD,HOLD
vid5,10.066666666666666,5.258927603129419,0.7472719857888404,0.6381177459958164,0.8963103865684954,-0.559797986082478,0.901835498359485,4.761532485137317,0.92810217858198,-5.248429724884237,False,False,HOLD,HOLD
vid5,10.1,4.310796470988554,0.7558833068104941,0.1553476361427157,0.8808612569141502,-0.4308756603452512,1.0490575717690718,3.9535035889857792,0.7693912266297894,-4.292717573802989,False,False,HOLD,HOLD
vid5,10.133333333333333,3.377769611866744,0.7483272916234023,0.2419613503450997,0.8704646304575346,-0.3747239541629063,1.1691875731169965,3.0291938523427433,0.6441237065931776,-3.3746006783365954,False,False,HOLD,HOLD
vid5,10.166666666666666,2.621104150214205,0.7549836863173601,0.0608497255301075,0.8578759025457238,-0.3376558348552413,1.2498270904935609,2.2487473244646727,0.5492777600859422,-2.6192193885507127,False,False,HOLD,HOLD
vid5,10.2,1.8941724866587824,0.7635446595987277,0.4901855698852201,0.8458360676784887,-0.3000740097806744,1.312088645874555,1.4682495171942491,0.4715982363391015,-1.862808015734945,False,False,HOLD,HOLD
vid5,10.233333333333333,1.1002310723825872,0.7867248552021122,0.4265388895661177,0.8361677067270443,-0.1911510492448379,1.348833367134574,0.7933281723618691,0.4208396282717072,-1.062157060311922,False,False,HOLD,HOLD
vid5,10.266666666666666,0.4220183630070724,0.8007202513057087,-0.2931367493384604,0.8332190094996672,-0.0739426502901486,1.3647886426609908,0.3018941818820052,0.4011953738101491,-0.4064992979681736,False,False,HOLD,HOLD
vid5,10.3,0.1293716525765801,0.792324319147404,-0.7705907436492256,0.8324688053095618,-0.0215062416921066,1.3581086386803607,-0.096854478710722,0.4056137624886171,0.0436801456303381,False,False,HOLD,HOLD
vid5,10.333333333333334,0.09084309175936,0.7267023335314416,-1.1445196458441875,0.8336850102516667,0.010472063878073,1.3518660517744472,-0.0806739623536765,0.4134195587012868,0.0908170722443524,False,False,HOLD,HOLD
vid5,10.366666666666667,0.1208043863803435,0.683177191585635,-0.7048817757229685,0.8335753033311634,-0.0194417879337759,1.3500853714637555,-0.0926389622900241,0.4147704794642446,0.0439429279879753,False,False,HOLD,HOLD
vid5,10.4,0.1868801105784761,0.6807730248287269,0.1220906634498737,0.8327158638845689,-0.03401501060354,1.3489648158324887,-0.1285381686465756,0.4141048579300904,0.0474726859500974,False,False,HOLD,HOLD
vid5,10.433333333333334,0.2450627536665461,0.707968524357874,0.1989761915038684,0.8310222484772972,-0.0476565757276194,1.3436986438519605,-0.1547052689775855,0.4154744396735638,0.04425593645845,False,False,HOLD,HOLD
vid5,10.466666666666669,0.2077238326018506,0.7140333723640089,-0.1681249634577354,0.8287494738834826,-0.0367727796189257,1.3337740869928316,-0.1471129172551936,0.4198178604156783,0.0584705452585414,False,False,HOLD,HOLD
vid5,10.5,0.0849284722726376,0.6972712743172592,-0.5024216274018596,0.8282104396117825,-0.0193991916846829,1.3312293962458894,-0.0350347975518117,0.4210153559118718,-0.0064828015514785,False,False,HOLD,HOLD
vid5,10.533333333333331,0.0450041806815778,0.6651406133626699,-0.8199079792568935,0.8278055016925255,-0.0004484798169586,1.333641859813118,0.0449686256509558,0.418123564650026,-0.0402885952599132,False,False,HOLD,HOLD
vid5,10.566666666666666,0.0532099275695575,0.6387583103003612,-0.4422023019002106,0.8284685154368312,0.0006431246202606,1.3365426075348732,0.0531480765860694,0.4168516303313661,-0.0453670061704609,False,False,HOLD,HOLD
vid5,10.6,0.0736286798479169,0.6300117561852646,-0.327049096436128,0.8282240611430058,-0.0130466363116013,1.3371502319916986,0.0520957003787642,0.4158500802095534,-0.0706968062058448,False,False,HOLD,HOLD
vid5,10.633333333333333,0.0923248067555891,0.6220901776789566,-0.099032953581103,0.8278847371669769,-0.0227873096119101,1.339592082171658,0.0162834946038513,0.4130583490025515,-0.0579760668749877,False,False,HOLD,HOLD
vid5,10.666666666666666,0.1328563853910335,0.6273252140571479,0.0321513373292221,0.8262424991949165,-0.0322167849712663,1.3391765371571347,0.0338076015526903,0.4102734192451309,-0.0914239072369686,False,False,HOLD,HOLD
vid5,10.7,0.0993510584204064,0.6202770339822937,0.0891428452617511,0.8253736888585298,-0.0248323688884172,1.341110561829666,-0.0079392141978952,0.4069115669325212,-0.0406593215516047,False,False,HOLD,HOLD
vid5,10.733333333333333,0.1110192459803324,0.6337793436320284,0.2694084828006599,0.8247079151912412,-0.0259769517744575,1.339430517475544,-0.039908941856199,0.4071078941268917,-0.0148231569391063,False,False,HOLD,HOLD
vid5,10.766666666666666,0.1111082516319146,0.6392746635652341,0.3816064767569229,0.8239797749422613,-0.0236465985466991,1.3390804297626508,-0.0587513787869065,0.4060185145132821,0.006166781432392,False,False,HOLD,HOLD
vid5,10.8,0.1592073359536012,0.6589213192623783,0.5008496201801199,0.8228959640283681,-0.0258573627634117,1.3343998400742534,-0.121297225863613,0.4080440642509713,0.0567675417033219,False,False,HOLD,HOLD
vid5,10.833333333333334,0.1356424829647825,0.6770004805999521,0.3037158579855399,0.8220000883881994,-0.0169319574040829,1.3314520421987288,-0.1176398532634785,0.4089106985601675,0.0706767871142143,False,False,HOLD,HOLD
vid5,10.866666666666667,0.179133935917728,0.6916421679399116,-0.0607725939104787,0.8215480278091313,0.0076188184517796,1.3264380158113052,-0.1765382516722403,0.4124400984907494,0.1693994203335487,False,False,HOLD,HOLD
vid5,10.9,0.2526470230141518,0.673932529651942,-0.4715221728769057,0.8217478066424159,0.0581602113394266,1.3187890342143749,-0.100154828934095,0.4195298477287342,0.1993483368886141,False,False,HOLD,HOLD
vid5,10.933333333333334,0.5947419170549687,0.6364532838863348,0.1636878475983768,0.824508052966667,0.1299273184862977,1.3198981157269405,-0.2919389453054966,0.4238506613832201,0.5051309827077052,False,False,HOLD,HOLD
vid5,10.966666666666669,0.9044483967547776,0.6591637056868249,0.6161713629242908,0.8309836545027836,0.1642405275450824,1.310434614781018,-0.6236965430819085,0.4445663779594814,0.8618181415647144,False,False,HOLD,HOLD
vid5,11.0,1.1915961176752612,0.708994744833634,0.8691622800426221,0.8378781355596286,0.1518767241941727,1.2828007475886625,-1.0261744707041345,0.4820171732364344,1.191001605216176,False,False,HOLD,HOLD
vid5,11.033333333333331,1.4160685362834982,0.7497941330762218,0.2452970338234234,0.8429664214981561,0.0464963514823376,1.2330133742574927,-1.4038751640808247,0.5354284979820095,1.3200847177487005,False,False,HOLD,HOLD
vid5,11.066666666666666,1.6926830399845727,0.7055980353877404,0.1952410959066546,0.8429791643537179,-0.1387196738746663,1.1866999931817142,-1.599724554180017,0.5760605744697577,1.1366214339250291,False,False,HOLD,HOLD
vid5,11.1,2.249939268220696,0.7312149547040777,0.1067560652707339,0.8346194596136864,-0.2811753667568757,1.1315621163625436,-1.9505908593767225,0.6083743404201097,1.171077666832652,False,False,HOLD,HOLD
vid5,11.133333333333333,3.006006842255168,0.7235507252823318,1.2767689380878553,0.821402201069739,-0.4312118570001236,1.06222216078254,-2.465500327394772,0.6438252956562828,1.3348296706283846,False,False,RELEASE,RELEASE
vid5,11.166666666666666,4.304296479338815,0.803313775029351,1.8729750556589635,0.8083395581781828,-0.7404754059331327,0.9698399330389184,-3.131507546082181,0.6997762513207789,1.3257185039412676,False,False,RELEASE,RELEASE
vid5,11.2,5.790540843067798,0.8655008788209786,1.2420496185986665,0.7807508599426619,-1.115639414202939,0.8533635485337777,-3.7060100478772378,0.7489967319551496,1.110000143897462,False,False,RELEASE,RELEASE
vid5,11.233333333333333,7.206367128991224,0.9359823984669414,1.2800670396229767,0.732055016340485,-1.4999490497714083,0.7151036980982178,-4.018519362301246,0.7768403225532379,0.6470274271587914,False,False,RELEASE,RELEASE
vid5,11.266666666666666,8.018197715603025,0.9203412017737116,-0.0450545596133049,0.6724747028321325,-1.7575588053495477,0.571853892473007,-3.893783906185142,0.7881862271648457,0.0436471704555238,False,False,RELEASE,RETRACT
vid5,11.3,8.057544165436736,0.926554211088593,-0.3775234226799964,0.6133396926738126,-1.81237267014042,0.4466215448794988,-3.5611528565883916,0.7845883459107714,-0.3531194462681691,False,False,RETRACT,RETRACT
vid5,11.333333333333334,7.8730238338657665,0.9049572424731164,-0.3191432193763369,0.550487620595173,-1.8196842797674575,0.3358246426948709,-3.052855524685511,0.7612053249735757,-0.8128165832236668,False,False,RETRACT,RETRACT
vid5,11.366666666666667,7.475343773630623,0.8790879134781792,-0.3551050260340898,0.4884188864913703,-1.7550581204274525,0.2427908550942964,-2.6249817960066464,0.7237497677385654,-1.064044860029317,False,False,RETRACT,RETRACT
vid5,11.4,6.926481673471612,0.867049675429777,0.6977897820642043,0.4323800787589268,-1.6448567074277112,0.1605331296217153,-2.2237418020073845,0.6884091882326772,-1.2045220726337351,False,False,RETRACT,RETRACT
vid5,11.433333333333334,6.379507803389409,0.9249887742719348,1.3161932829211784,0.3800890241024128,-1.5298098634625916,0.0977567664737459,-1.8643958482580072,0.643174297798596,-1.2989745635436525,False,False,RETRACT,RETRACT
vid5,11.466666666666669,5.778286269755256,0.9765967751758876,1.496340928313015,0.3299011205014383,-1.4080421410415114,0.0348637104556695,-1.3624002386185337,0.6020748859984125,-1.5056140131655018,False,False,RETRACT,RETRACT
vid5,11.5,5.145335389759766,1.0410732881195122,1.4169317547557223,0.2845189564225058,-1.2657011892382088,0.0015262480840405,-0.9975440117631906,0.5442769377509517,-1.5525566659158792,False,False,RETRACT,RETRACT
vid5,11.533333333333331,4.595385365714928,1.0695040614133184,0.4792106255706235,0.2462718184836735,-1.1435623812129494,-0.0253520266713127,-0.5642565727644141,0.49449823230337,-1.698241069756316,False,False,RETRACT,RETRACT
vid5,11.566666666666666,4.142552217124124,1.0893491096695855,-0.1416856199165911,0.2103201521664085,-1.038068358429736,-0.0342296310469935,-0.1483821713693903,0.4333384835881056,-1.860577000939232,False,False,RETRACT,RETRACT
vid5,11.6,3.7398635256738313,1.0462852361314898,-0.247675531867785,0.1762522434199415,-0.9348433318354932,-0.0431666142347076,0.2948200916688134,0.3758432348525105,-2.0512252402944187,False,False,RETRACT,RETRACT
vid5,11.633333333333333,3.5417688297036767,1.0369279435870444,-0.1908435573350778,0.1464500842377591,-0.8148028472278668,-0.0228507925716313,1.408869193569812,0.300879409581323,-2.797826363621747,False,False,RETRACT,RETRACT
vid5,11.666666666666666,3.083815381777979,1.05424794496038,-0.3101530505669114,0.1221394759185773,-0.6406516314258027,0.0482440754544166,1.726865352250388,0.1919234575843407,-2.742680262919659,False,False,RETRACT,RETRACT
vid5,11.7,2.5073448124667856,1.0520306142970806,-0.8374756676568808,0.103332506165096,-0.4980455462670886,0.1299004737031427,1.5302345723126554,0.0842613357457426,-2.296801852422119,False,False,RETRACT,RETRACT
vid5,11.733333333333333,1.5384660149948723,0.9828936819207148,-1.7143200014096562,0.0888718469461016,-0.3211665011785654,0.1718136271898343,0.8522540819445753,0.0197809637564377,-1.3631508861218131,False,True,REST,RETRACT
vid5,11.766666666666666,0.6167226622717744,0.9171477884269188,-1.7707340330298722,0.0816157689706205,-0.1519586959667768,0.1648580722469388,0.114382938275244,0.0119647983587959,-0.3916986600490841,False,False,REST,RETRACT
vid5,11.8,0.33757361089015,0.847825018167474,-0.666661979209138,0.0793046044868657,-0.0207820421617547,0.1643910376457866,0.3272411853580523,0.0079422304754985,-0.326778768826419,False,True,REST,REST
vid5,11.833333333333334,0.3716665931293516,0.8506107588232003,0.106181339214072,0.0827986719620983,0.0413739760438302,0.1836529770697084,0.3330318788393354,-0.0022461769047293,-0.2126609572827828,False,False,REST,REST
vid5,11.866666666666667,0.1296738938804434,0.8864447847693177,0.3585768473558912,0.084714633782587,0.010666032647799,0.2005486493111824,0.1224986862511101,-0.0133861330099149,-0.0869530320203731,False,False,REST,REST
vid5,11.9,0.1694363830767947,0.9100669182540916,0.2840568421965986,0.0842994734496358,-0.0312631500553374,0.1994434109026207,-0.1147329192692415,-0.013213201344869,0.0406453999724037,False,True,REST,REST
vid5,11.933333333333334,0.4462578436864858,0.8827923062956888,-0.2691255758544492,0.0813043972039296,-0.0708473444717101,0.1791462984640697,-0.3454195664201058,-0.0011602492912943,0.1670021305500907,False,False,REST,REST
vid5,11.966666666666669,0.1401696824121035,0.8708013935695494,0.5757715002382368,0.0776673957667299,0.0192905402757231,0.1658964470336681,0.1171707734637567,0.0034826495822723,-0.0657424996629855,False,True,REST,REST
vid5,12.0,0.3645347246551411,0.916889911365572,0.798826094762654,0.0806294337014828,0.0580619674730281,0.1837268468873228,0.2815450925628751,-0.0064708420664185,-0.1355151087859052,False,False,REST,REST
vid5,12.033333333333331,0.198461845665911,0.9607096810628968,0.3590408273905512,0.0853253370765101,0.041247972327459,0.2030413702770763,0.1110263891088711,-0.0144006233677474,-0.0182478556081538,False,False,REST,REST
vid5,12.066666666666666,0.3239903702373141,0.957314607070303,0.1717049735344191,0.0860040978292989,0.0450122209467538,0.1974869408800705,0.2697131252606125,-0.0082288484442126,-0.1501660074662485,False,True,REST,REST
vid5,12.1,0.0903119842524887,0.9330277289870904,-0.429790367397023,0.0842377148525452,-0.021290857221647,0.1973913190121653,0.0307673078725222,-0.0115323571687337,-0.0678057846650465,False,False,REST,REST
vid5,12.133333333333333,0.1118663016025419,0.9354475731602068,-0.4389974077314623,0.0854644149370397,-0.0235461636684003,0.213334728575642,-0.0607958520712501,-0.0231591486146311,0.0081519801273351,False,False,REST,REST
vid5,12.166666666666666,0.2696286139025319,0.9161996951191628,0.0173558901527924,0.0845246734851389,-0.0010965815116654,0.2041088712298181,0.2695931455556623,-0.016872023051184,-0.2384825497106684,False,True,REST,REST
vid5,12.2,0.1295652918995469,0.9026227522609732,0.1083161623741773,0.0816273765969309,0.0283366974573589,0.2034223370640269,-0.0633732004467103,-0.0218261454009399,0.1099063168751786,False,False,REST,REST
vid5,12.233333333333333,0.5589023227380183,0.9320427158113272,0.4232350839435607,0.0849794074398558,0.1166168912700972,0.2122088113491418,0.3099602128556198,-0.0231020299575807,-0.0481401596117051,False,False,REST,REST
vid5,12.266666666666666,0.6091601228210958,0.957531277017914,0.7147878966385423,0.0926645484032723,0.126276990575768,0.2332443097770747,0.3427258949080664,-0.0268083757013999,-0.0583442173262001,False,False,REST,REST
vid5,12.3,0.300622651344623,0.9667360044956887,0.2140524653951035,0.0962278639297576,0.0748560398294463,0.2269072535379404,-0.0353969680539846,-0.0144187511679741,0.174585738798599,False,False,REST,REST
vid5,12.333333333333334,0.2280382249684073,0.9793063669588616,-0.0908193502060538,0.0963053494536083,0.0319705630894982,0.237711348632414,0.1890632977369157,-0.0237432053211139,-0.1044617948665399,False,False,REST,REST
vid5,12.366666666666667,0.1277663488778165,0.9686802255179676,-0.0411507550394547,0.0961989332285013,0.0277627071241921,0.2321589121965291,0.0637603194974279,-0.0190788928198892,-0.0026652655820533,False,False,REST,REST
vid5,12.4,0.1863817582805622,0.952490741301064,-0.25303427531728,0.0987842609994549,0.0379972142237786,0.241098096621874,0.1085130658547093,-0.0219589618757547,-0.0222780706959218,False,False,REST,REST
vid5,12.433333333333334,0.1713805408023117,0.9555787227166348,-0.1030979568220694,0.0999006920447879,0.0184772043039809,0.2456750386329171,0.1547297632928021,-0.0238310783384525,-0.1002339913339319,False,False,REST,REST
vid5,12.466666666666669,0.0048693321702932,0.9570841938898365,0.0940683221737106,0.099731148160843,-0.0010608381852006,0.2494874809720787,0.0024107175502901,-0.0274989635461668,-0.0041480645039729,False,False,REST,REST
vid5,12.5,0.0840311033227995,0.9508511258809476,-0.0916686788755897,0.0992043757648307,-0.018835073438975,0.2464557141056718,-0.037667779782324,-0.0258508846968476,-0.0030924029247288,False,False,REST,REST
vid5,12.533333333333331,0.0786141910687442,0.9497473963369354,0.3645215949156308,0.0983741122418608,0.0076413756835143,0.2470772283003221,-0.072467258065885,-0.0279880056191218,0.0781930793851858,False,False,REST,REST
vid5,12.566666666666666,0.1655122765326174,0.974007067563015,0.3848055533225898,0.0993160366182804,-0.0104650001117016,0.239905268679825,-0.1601639372273608,-0.0198933152987438,0.1203634940593472,False,False,REST,REST
vid5,12.6,0.0396346049324164,0.989700500753452,0.0505021074773161,0.0985061326981273,0.0090046253750786,0.2357967955270812,-0.0167718102415254,-0.0178441333219133,0.0319735009273217,False,False,REST,REST
vid5,12.633333333333333,0.0863871881831959,0.9889126460812626,-0.130336777991502,0.0992084747134977,0.0212097679976651,0.2348196999084482,-0.0175479968669178,-0.0156405500864537,0.0560595707147455,False,False,REST,REST
vid5,12.666666666666666,0.1002325802180813,0.959765465937596,-0.2834280047381456,0.1000190428851901,-0.0250165720465558,0.2390048620805574,0.0096398060348342,-0.0177556992877044,-0.0564258739964394,False,False,REST,REST
vid5,12.7,0.0876637156444341,0.957813321599848,0.1262042183254799,0.0993465378191348,0.0115189581388808,0.237694580119386,0.0746631413467737,-0.0178964889381244,-0.0433751220593191,False,False,REST,REST
vid5,12.733333333333333,0.0342562478927654,0.9788675875026353,0.1736559114157275,0.0981912090324619,-0.0026378478601086,0.2391087682667094,-0.0326009434654517,-0.0213519973656545,0.0235260172518515,False,False,REST,REST
vid5,12.766666666666666,0.0321898278515249,0.9828780731232716,0.1602514941624737,0.0991154306800826,0.0039339156805331,0.2401520664896528,-0.0281077957571112,-0.0204944051560436,0.0321889315705457,False,False,REST,REST
vid5,12.8,0.0921663600111843,0.98101828334958,0.0483374972202848,0.1008761966616741,0.0199682482965245,0.2383224408819457,-0.0463996423705541,-0.0155136082239503,0.0789759029664489,False,False,REST,REST
vid5,12.833333333333334,0.2497886117942967,0.9823708268387982,-0.1244385048970811,0.0997067596535917,-0.0390952629712971,0.2330193236020132,-0.195153579298563,-0.0131064284892588,0.0961388971189324,False,False,REST,REST
vid5,12.866666666666667,0.0880196052912305,0.9819807098879286,0.0433435828800576,0.0975365776714949,0.0002735469055542,0.2253695867387291,0.0880128445019986,-0.0105608338427422,-0.0766452156251508,False,False,REST,REST
vid5,12.9,0.0379068419984847,0.9740457395993598,0.0858997163203107,0.0987995434796581,-0.0055077896902523,0.2331684393192036,0.0308941185347614,-0.0149769199865871,-0.0376501637353986,False,False,REST,REST
vid5,12.933333333333334,0.0585599455487957,0.985738643044638,0.0040738595191647,0.0983443204058108,0.0121535441868542,0.2361798529796598,0.0328633545513882,-0.0184903021910277,-0.0055080778726842,False,False,REST,REST
vid5,12.966666666666669,0.1404664401380665,0.9945966689803708,-0.1864632767526083,0.1000138055093901,0.0078286134892133,0.2378537942897804,0.1369527806325177,-0.016756484965762,-0.105067653398748,False,False,REST,REST
vid5,13.0,0.123076917834957,0.9652280488609748,0.0308911228839853,0.0984131112843097,-0.0259766919218832,0.2349704857835871,-0.0664499291522287,-0.0172980086644229,0.0084485175990055,False,False,REST,REST
vid5,13.033333333333331,0.1229577117591713,0.9698008168545758,0.0123503669238503,0.0984677586189852,0.0153946013552955,0.240977299518237,0.1065329779093574,-0.022459995796503,-0.0638864133556982,False,False,REST,REST
vid5,13.066666666666666,0.0735657166551181,0.9887560024437498,0.1311638639733034,0.0979522220015791,0.0150965904275418,0.2432867337798867,-0.0422742579253411,-0.0254735432748179,0.0660164988574034,False,False,REST,REST
vid5,13.1,0.1254827458850403,0.9981443464039929,-0.1671471583004884,0.1010867560115498,-0.023088355375531,0.2353683453298163,-0.0852499067964246,-0.0125196683545167,0.0304712587856662,False,False,REST,REST
vid5,13.133333333333333,0.0361728762347018,0.9580118989917892,-0.3937094359285154,0.0983481360171092,-0.0063676184387293,0.2368862259238063,-0.0257603278605658,-0.0191023339088676,0.0103756642880002,False,False,REST,REST
vid5,13.166666666666666,0.1605353692075639,0.9612788268224174,-0.3371169620445135,0.0971870176282904,-0.0355178483896554,0.2329460372030343,-0.0755479892060595,-0.017874219499246,-0.0018711362265716,False,False,REST,REST
vid5,13.2,0.0789922152481407,0.944923521205652,-0.0206736102596724,0.0956459977004447,0.0123219678523845,0.2329444790892689,0.0618460954857812,-0.0208280301657254,-0.0305972052263547,False,False,REST,REST
vid5,13.233333333333333,0.1970578925655171,0.9568986868243804,-0.0554250849502691,0.0995370807619005,0.0486900540474555,0.234023934849697,0.0335575779464669,-0.0143126622173058,0.06394841156251,False,False,REST,REST
vid5,13.266666666666666,0.0470598916220522,0.9404237600429626,0.0908654161603107,0.0991828339411893,-0.011800138795198,0.2393234867553945,-7.47852697060409e-05,-0.0196386476297126,-0.0225632703021047,False,False,REST,REST
vid5,13.3,0.1045634182278857,0.9656060841946604,0.158392328899237,0.1001367181438033,-0.016752833624657,0.2359330795790156,0.0804346038003148,-0.014836692916098,-0.1026516832802961,False,False,REST,REST
vid5,13.333333333333334,0.1524273561402571,0.9545640210422226,-0.0321472855558525,0.0965615275402382,-0.0365149364861388,0.2382574562118952,-0.0450296158039314,-0.0237307666898355,-0.0305417822110716,False,False,REST,REST
vid5,13.366666666666667,0.0852859940552394,0.9662440794886458,0.0387675163243591,0.0963399703941673,-0.0213396292712615,0.2379319888905982,0.0055681921198792,-0.0238702712757039,-0.0458046923445263,False,False,REST,REST
vid5,13.4,0.1049174483817367,0.946095581539793,0.0962486731832063,0.0958167890529071,0.0210216272070574,0.2386931325335276,0.0630811156865361,-0.0255409353927908,-0.0149969453913852,False,False,REST,REST
vid5,13.433333333333334,0.141587304895529,0.9709634474186808,0.2390757710183915,0.09785076249632,0.0199377730182511,0.2377220486553145,-0.1171520221889577,-0.0207889857232121,0.1409532506864932,False,False,REST,REST
vid5,13.466666666666669,0.0913205123787047,0.9766693510858308,-0.0236213976388621,0.0982331769503185,-0.0198631166335594,0.2383851236403194,-0.0454348606704193,-0.0206370238398882,0.0017463311944875,False,False,REST,REST
vid5,13.5,0.1676905708195328,0.9769670905903431,-0.214188422939654,0.0969359938282254,0.0126591685418539,0.2318155036476497,-0.1599103528577991,-0.0173643483344036,0.1644858125380325,False,False,REST,REST
vid5,13.533333333333331,0.3625778175510909,0.9424446447938594,-0.0851158062813953,0.0956935636657892,0.0374511585914052,0.225954849291472,-0.3303859241274069,-0.0146082964963025,0.3615020436959992,False,False,REST,REST
vid5,13.566666666666666,0.6089730672600249,0.9579952955762238,0.2178763658334561,0.0997155411224067,0.0805016443494142,0.2185826465836672,-0.5174720359718957,-0.0004314890917768,0.6080962986985866,False,False,REST,REST
vid5,13.6,0.8573434438271613,0.9702118088070634,0.6720910519606471,0.1030685745494933,0.1689676129780028,0.1877697213557188,-0.530053440875886,0.0330153600138862,0.7887767514400771,False,False,REST,REST
vid5,13.633333333333333,1.9132204046556736,1.013938231438695,0.2368915455327221,0.1049548703811932,0.4497451627450555,0.1716460165934961,-0.6658450727876318,0.0507699518899045,1.4462794004069843,False,False,REST,REST
vid5,13.666666666666666,3.565837035692616,1.0098137264776308,-0.9611350601941324,0.1241469050337644,0.8659087901793534,0.1563119902263959,-0.8887364916630628,0.1010189513849834,2.439777891504789,False,False,REST,REST
vid5,13.7,5.201879603977172,0.9650471985088408,-1.9113672978351135,0.1654684813895052,1.2671125048555896,0.1243603287489221,-1.234226935355654,0.2082756069507206,3.512083121090794,False,True,REACH,REACH
vid5,13.733333333333333,6.542328686786291,0.8409680266249207,-2.058175163642161,0.2156160339356092,1.6089809927885288,0.0566890220291144,-1.2757600170325347,0.3637766614622027,4.204092357901044,False,True,REACH,REACH
vid5,13.766666666666666,7.286036892132439,0.7782643760400607,-0.7384444225276873,0.27080412822518,1.8192506026644817,0.0169200597251483,-0.6684727279879242,0.5044790254222435,4.074850950098011,False,False,REACH,REACH
vid5,13.8,7.714763449724616,0.7928327900687719,0.4249599197980295,0.3380882881487277,1.9344581417398543,0.0106944634006034,0.0022673687416666,0.6389668512641178,3.7076757833138214,False,True,REACH,REACH
vid5,13.833333333333334,7.729989710046606,0.8455886276530069,1.240821167508543,0.4082321311158117,1.9357464033893732,0.0324638542085178,0.3948069867531903,0.7543925770509714,3.365966944239654,False,False,REACH,REACH
vid5,13.866666666666667,7.131381306541511,0.8625813267080421,2.606508543482734,0.4695968577384503,1.7842987339150451,0.0449820696312766,0.4693993358934912,0.8610942467592356,3.010136713763654,False,False,REACH,REACH
vid5,13.9,6.733304150506739,0.9855068615388856,2.947465457573549,0.5243137768859165,1.676531177269674,0.056872604783873,0.7956347659454059,0.9555979270596529,2.517429765288973,False,False,REACH,REACH
vid5,13.933333333333334,6.35899905591207,1.1252236432923626,2.933903748608638,0.5809393765847699,1.5632445472715826,0.086582396472386,1.2529676269533303,1.0381378880890595,1.8991926047451,False,False,REACH,REACH
vid5,13.966666666666669,5.915135938546602,1.219769281965532,2.238005378112312,0.6319238050866571,1.39936472163819,0.1408449580971251,1.960569160016425,1.088332006543314,0.9644981554251992,False,False,REACH,REACH
vid5,14.0,5.249592352932174,1.2363998198954196,0.3943501366605066,0.6760400014184507,1.160299584962687,0.2198030957289469,2.4790620612216476,1.1037019645594903,0.0514333680360803,False,False,REACH,REACH
vid5,14.033333333333331,4.471036540658098,1.2778179369964766,-1.3053609036656852,0.709100319201772,0.8837989429950437,0.311570307661168,2.75081221812365,1.0866393154429237,-0.7170761900486806,False,False,REACH,REACH
vid5,14.066666666666666,4.247973678816711,1.1656974409089995,-1.833543835660352,0.7351038313777848,0.6517512631764543,0.4052286542144626,3.3599509558424727,1.0543858504887391,-1.6961621704983325,False,False,REACH,REACH
vid5,14.1,4.447122010288295,1.0458943143393409,-0.7459942965259169,0.7514987078264469,0.4195554408615803,0.5176046763561266,4.120343985817276,0.987294450929916,-2.80815222346908,False,False,REACH,REACH
vid5,14.133333333333333,4.715133120155401,1.0772150206112177,0.2704100700582233,0.7632606893962274,0.1569833481556415,0.6792416229601281,4.673385027142821,0.8681266102323424,-3.7965875940752065,False,False,REACH,REACH
vid5,14.166666666666666,5.004445892324669,1.200206772868065,-0.6448089729785969,0.7649086794050508,-0.1634549109928038,0.8569829535692175,4.961808513786658,0.7154430640693872,-4.663974462782015,False,False,REACH,REACH
vid5,14.2,4.806988508379883,1.1089761433085517,-3.627790728501874,0.7506745566525355,-0.2970766119698061,1.0182891655011663,4.658698703854794,0.5467131084867219,-4.654450460672352,False,False,REACH,REACH
vid5,14.233333333333333,4.244403515709495,0.8724550262254765,-5.308334977230379,0.7349600038371904,-0.3079490664670257,1.1661104097505672,4.062840523083391,0.3869678070645425,-4.152850986279539,False,False,GRASP,REACH
vid5,14.266666666666666,3.4275186359256495,0.6639550508975977,-4.240957653294167,0.7279299623510886,-0.2046788544557662,1.30318651012883,3.328900707357811,0.2532979417389388,-3.3112926896063097,False,False,GRASP,REACH
vid5,14.3,2.4384743291864828,0.5902324831982284,-2.636810913905831,0.7259842107709504,-0.0678380597516945,1.3943618858093745,2.4234197764233416,0.1696239188943562,-2.2549493954918707,False,False,GRASP,REACH
vid5,14.333333333333334,1.6957881319646084,0.5294677951173842,-1.7415128253745595,0.7221285659631581,-0.053546629246342,1.4537037796061865,1.682288519789601,0.1101989829482631,-1.5777181005334877,False,False,GRASP,REACH
vid5,14.366666666666667,1.0243044538924586,0.4788216889255252,-1.3020878862735554,0.7218413547196895,0.0119857715348787,1.5007294882373934,1.023188526119399,0.068415995203941,-0.8741483608175596,False,False,GRASP,REACH
vid5,14.4,0.5243225885943803,0.4260303909950775,-0.8291062318249051,0.7245527017761879,0.0592470045630217,1.5288946425247631,0.4680654289244686,0.0489202319883842,-0.2967838936175559,False,False,GRASP,REACH
vid5,14.433333333333334,0.2383573952676137,0.4276587875698476,-0.0236954988414854,0.726197335216898,0.0587954683769527,1.5284647175502954,-0.0428140909055403,0.0524510647931863,0.15029011159943,False,False,GRASP,REACH
vid5,14.466666666666669,0.3917247143688713,0.4345338364943904,0.1761892889648451,0.7287108299492514,0.0591868183219018,1.5141819116170463,-0.3126222817410067,0.0697943181360911,0.3876088077234994,False,False,GRASP,REACH
vid5,14.5,0.3578471440394275,0.4494059711335614,0.3176252743597118,0.7305444051875386,0.0401758220008117,1.5034564821937642,-0.319973114359913,0.0827145933382688,0.3575970983989843,False,False,GRASP,REACH
vid5,14.533333333333331,0.2727477885252711,0.4547602188746429,0.2309919283990053,0.731599045319712,0.0266386304196376,1.4922625709323134,-0.251207264235651,0.0945518889930237,0.2713431546419694,False,False,GRASP,REACH
vid5,14.566666666666666,0.2100445987033052,0.4627640557437379,0.2870047675207293,0.7318961396411776,0.0121654702613801,1.4848340941329925,-0.2043645111974188,0.1016349188733489,0.2025165298528649,False,False,GRASP,REACH
vid5,14.6,0.2195064777527067,0.4726559951531197,0.4152010720173459,0.7319560081299208,0.026657411247182,1.4804046481289723,-0.1920440248652167,0.1056334719254503,0.2195047559389947,False,False,GRASP,REACH
vid5,14.633333333333333,0.2520542419030787,0.4918558947156513,0.2956602560967961,0.73344648926309,0.0263064258349729,1.475358091114482,-0.229182931829356,0.1129165602412016,0.2513951272511179,False,False,GRASP,REACH
vid5,14.666666666666666,0.3172055449417861,0.5035660323526874,0.0178529333559208,0.7342906080055105,0.0356359929268989,1.4643199289053506,-0.2835869345729008,0.1242135830987538,0.316987722152573,False,False,GRASP,REACH
vid5,14.7,0.3278520319639225,0.4937410619764316,-0.1296223664192977,0.7358097675042197,0.030412946774454,1.4544154362451682,-0.304591381947457,0.1358111122585052,0.3253883422434337,False,False,GRASP,REACH
vid5,14.733333333333333,0.3367899311793112,0.4792971601247289,-0.1807452930971305,0.7362737709900307,0.0171992337956365,1.444871479453685,-0.3297311317928232,0.1450690757566603,0.3220912921136988,False,False,GRASP,REACH
vid5,14.766666666666666,0.2906697311475718,0.4811162575642926,-0.0805713095307042,0.7371329948455414,0.0299084175471897,1.4324389220032925,-0.2650695960779912,0.157617673099589,0.2897680594131432,False,False,GRASP,REACH
vid5,14.8,0.0304225645359272,0.4834140062957382,-0.0303409862950694,0.7379547398395183,0.0003096038747393,1.4205491018418206,-0.0303974981091927,0.1696185252883597,0.0272462904079024,False,False,GRASP,REACH
vid5,14.833333333333334,0.3150676514085769,0.4758181421168783,-0.0607787309734604,0.73803911892118,-0.0057850722448922,1.4244022538660088,0.3142218008534269,0.1664018877288169,-0.2866040253469274,False,False,GRASP,REACH
vid5,14.866666666666667,0.4284667040500399,0.4731483443054414,0.0592640234179892,0.7376052590373551,-0.0438699365897112,1.448360794438352,0.3911187974869325,0.1445630018872483,-0.4270618513679545,False,False,GRASP,REACH
vid5,14.9,0.3278274061370531,0.4695916481241997,1.0178714796396209,0.7350936516781476,-0.0819459746682757,1.4680001471419053,0.0258499978430708,0.1225267399231565,-0.1798111388298785,False,False,GRASP,REACH
vid5,14.933333333333334,0.5374954539767792,0.5237861040347971,1.5864218950045763,0.7317577721857342,-0.0629510095981636,1.457068528831902,-0.4752616086413831,0.1257144629338121,0.2959904331498011,False,False,GRASP,REACH
vid5,14.966666666666669,1.211244794595556,0.5838620243805707,3.0760674403022867,0.7283353720254758,-0.001934913120875,1.430147107950162,-1.211220214025865,0.1427561494703203,1.058289107236929,False,False,GRASP,REACH
vid5,15.0,1.3254518739302936,0.7271335630181254,3.527787249181334,0.7303428382227685,0.0965332425746855,1.3736096254231744,-1.2683105750795698,0.1961779659050036,1.2971760307849631,False,False,GRASP,REACH
vid5,15.033333333333331,1.3065856475087945,0.8398764284242024,3.8329182400669017,0.7367474634724408,0.139066261992612,1.328576991503081,-1.1830374315173364,0.2479446404386987,1.3039729621654252,False,False,GRASP,REACH
vid5,15.066666666666666,1.5126350417886625,0.9929114008634476,4.241040318967015,0.7412649782894306,0.1985704851057225,1.293566605389855,-1.2887735157249034,0.2873049272795215,1.510792330815049,False,False,GRASP,REACH
vid5,15.1,1.371118057049742,1.1283779284520827,2.3007752497446696,0.7476905685379939,0.2332533169244543,1.259972838662753,-1.0072903765058336,0.3290821905115228,1.3304979371084358,False,False,GRASP,REACH
vid5,15.133333333333333,1.407151214903177,1.2008775988373024,1.7799135092263976,0.757785449704638,0.2139863410007249,1.2125229230653587,-1.118836064996016,0.3900450560787631,1.3913535428839887,False,False,GRASP,REACH
vid5,15.166666666666666,1.1558487687972612,1.1954159128246191,1.1220426508123522,0.7663687955390919,0.1812200941405266,1.179765306584893,-0.9020328659359144,0.4352270575089349,1.1384251400220855,False,False,GRASP,REACH
vid5,15.2,0.6945767004268093,1.22216756467245,1.142146915874937,0.7683105328184806,0.1249856627529958,1.159315037802943,-0.4837171352109891,0.4568815057336691,0.6638058840167645,False,False,GRASP,REACH
vid5,15.233333333333333,0.7108467343524054,1.3250120886759833,1.236168118694022,0.7709257356335482,0.1547089592133854,1.141413655437722,-0.3530231880227588,0.4775925752919834,0.6062128913993267,False,False,GRASP,REACH
vid5,15.266666666666666,1.1250015211171402,1.338880864489134,-0.0709993250023391,0.7778226641979201,0.275884043512771,1.133453635055495,0.2347060338067719,0.4977980066260841,0.3232655981776858,False,False,GRASP,REACH
vid5,15.3,1.4242048319047818,1.3137678363557166,-2.202099755483391,0.7897465649997949,0.3295743726020516,1.154939905027922,0.5484509333383305,0.5018249914512806,0.1511342661533967,False,False,GRASP,REACH
vid5,15.333333333333334,1.3050097058149075,1.190011863949551,-2.763755089566843,0.8028042146131851,0.3022038242997608,1.1824792461156968,0.5005156571615406,0.5027187975336818,0.1406761442916023,False,False,GRASP,REACH
vid5,15.366666666666667,1.0203299210834642,1.0721625403992188,-2.143867659784483,0.8125350988659836,0.2382209326435192,1.203038760214402,0.3721448526714649,0.5033528682058253,0.1305334009457622,False,False,GRASP,REACH
vid5,15.4,0.6194926746431184,1.0123777440174482,-1.6627453854525949,0.8172016644110218,0.1536568149343436,1.19787681774505,0.0908497810183904,0.5168278272835449,0.2150067554402304,False,False,GRASP,REACH
vid5,15.433333333333334,0.5238244970170599,1.0200914275834885,-0.8779427383602864,0.8214035611879057,0.1238863265555112,1.2008381798685486,0.1740374053147336,0.5222891769791356,0.0849775766050299,False,False,GRASP,REACH
vid5,15.466666666666669,0.5666751254871328,0.9709977107667132,-1.5922306825611527,0.8253741260381238,0.1266571827779045,1.2113248280827709,0.2568583749634201,0.5207087252286261,0.0176736343610716,False,False,GRASP,REACH
vid5,15.5,0.2914144629106629,0.887075656660189,-1.4466624374710746,0.8304114455126241,0.0476771531398865,1.2218013598819013,0.2208373961603499,0.5211828332315023,-0.1022012208537574,False,False,GRASP,REACH
vid5,15.533333333333331,0.2797459547083094,0.853296890483744,-0.8671041227113636,0.8303001082285327,0.0181541209977142,1.22559473360651,0.2702148055713507,0.5176432888082262,-0.2021110132827019,False,False,GRASP,REACH
vid5,15.566666666666666,0.1733884362972411,0.8410112261059042,-0.5020074817311305,0.8294340682358021,-0.0090154470108367,1.2367896204792532,0.1696196923190656,0.5061668116838293,-0.1660114984105553,False,False,GRASP,REACH
vid5,15.6,0.3928369181498853,0.8444148059309405,-0.6429806150414201,0.8270989920133937,0.044330580478456,1.239336143692872,0.3508059969104212,0.499456096964201,-0.2225755206751482,False,False,GRASP,REACH
vid5,15.633333333333333,0.3827405861660397,0.8025018770000267,-1.2073480411237243,0.8331535468019363,0.071266096981315,1.2573317923715184,0.2563444429452017,0.4952881600385069,-0.0880979012533803,False,False,GRASP,REACH
vid5,15.666666666666666,0.4752195566763093,0.7482792498442739,-0.914812723807554,0.8337769905157949,0.108491591672321,1.2613951058232349,0.1965403132443425,0.4929210039036866,0.0357248817053753,False,False,GRASP,REACH
vid5,15.7,0.6606571495165817,0.7195726459773366,-0.7053597013328771,0.8385650600287673,0.1512459787497244,1.2715153282091685,0.2695208426656339,0.4932295438660568,0.053724506457928,False,False,GRASP,REACH
vid5,15.733333333333333,0.4416874762538097,0.7171584088003692,-0.3813182380937062,0.843768775602032,0.1042155944450097,1.2710570956537692,0.1494931956699367,0.5036103629365491,0.0687758857953614,False,False,GRASP,REACH
vid5,15.766666666666666,0.4739843251308949,0.7067256615996514,-0.1806495994714108,0.8504889041577041,0.0734357008143196,1.2851064379309007,0.3726795345913373,0.5041789079903634,-0.1859400815953935,False,False,GRASP,REACH
vid5,15.8,0.572346759692158,0.6887495883888438,-0.173307073508234,0.8492424394563445,-0.1191258085791077,1.2960310795891563,0.3191823007043268,0.4922098509558748,-0.5083042007519021,False,False,GRASP,REACH
vid5,15.833333333333334,0.7601476873544509,0.7037406928972295,-0.4342771787353828,0.8409873920571119,-0.1558926742234335,1.3058805390572374,0.4373776417452044,0.4677433248866007,-0.6824449807722315,False,False,GRASP,REACH
vid5,15.866666666666667,0.7946661145671903,0.6804913399738639,-0.3892935688400503,0.8348268350974132,-0.1506009778524229,1.323228401925882,0.5203502351973381,0.4407187417215523,-0.745047712511613,False,False,GRASP,REACH
vid5,15.9,0.8303733975580022,0.653915507828123,-0.5449075242243373,0.8306555410495944,-0.1428530970096848,1.3409336545143673,0.6041124696096944,0.4171955603349157,-0.8036326367518078,False,False,GRASP,REACH
vid5,15.933333333333334,0.9466346499390136,0.6430064151079248,-1.0035250213412654,0.828501102079019,-0.1157544158412705,1.3637757555578194,0.8264431186938263,0.3930360571945697,-0.946605984309528,False,False,GRASP,REACH
vid5,15.966666666666669,1.009833081341175,0.6182485489057123,-0.9283840362137808,0.822094216238488,-0.1751068206588395,1.3948019751150549,0.7294418671089632,0.3535458920448044,-0.9753738240689264,False,False,GRASP,REACH
vid5,16.0,0.9756167528641494,0.5522620912818321,-0.9661234897863862,0.8163552754715435,-0.1845248403893663,1.4228158555521069,0.6405318094154191,0.3179778524025414,-0.9154780660404732,False,False,GRASP,REACH
vid5,16.03333333333333,0.7396789033291808,0.525573152366782,-0.4345131759573108,0.8099038905656812,-0.1728164465108065,1.4418241275084442,0.2685545470588821,0.2889397063847811,-0.5668749568081686,False,False,GRASP,REACH
vid5,16.066666666666666,0.4745348554664922,0.5451925782272139,0.1678438577129878,0.8031306512267402,-0.1189864568360467,1.4373786675162354,-0.0027563795266107,0.2798486141184672,-0.2257606666666354,False,False,GRASP,GRASP
vid5,16.1,0.136080264944459,0.5518310904749187,0.1696792245625765,0.8003274205471009,-0.031694018172246,1.4345642415917963,0.0504118803297741,0.2769406188584854,-0.1049800656872993,False,False,GRASP,GRASP
vid5,16.133333333333333,0.0687105873461761,0.5501822581101568,0.0844633661468202,0.802216582068883,0.0171113817560308,1.4354133679207477,-0.0080154425675162,0.2798189032372135,0.0398420366078794,False,False,GRASP,GRASP
vid5,16.166666666666668,0.1690132237603636,0.5591627066561038,-0.1206499189044284,0.804003970552482,0.0307035313302307,1.440771444608934,0.1164987752407349,0.2785485656838599,-0.043266872412963,False,False,GRASP,GRASP
vid5,16.2,0.0977489430496774,0.5506994934851985,-0.1351915279821995,0.8042510765758568,0.0048799814589155,1.4418348690705831,0.0957919461881415,0.2780900228438569,-0.0746322946216141,False,False,GRASP,GRASP
vid5,16.233333333333334,0.1141152597374785,0.5392342148803149,-0.1925966922000888,0.8035972422793677,-0.0064486804328311,1.4434916958372506,0.1111795230904412,0.2753834724350607,-0.1098488466336897,False,False,GRASP,GRASP
vid5,16.266666666666666,0.130955857875619,0.5327300205681678,-0.1843812957055532,0.8039234211513425,0.0023180038874979,1.4530663923212013,0.130629163268445,0.2676138700175237,-0.1100906598971956,False,False,GRASP,GRASP
vid5,16.3,0.0536473604058667,0.53500055356572,0.0712596367758093,0.8038068655630414,-0.0131888232785415,1.4552791706900532,0.0105588206476832,0.2654501868823952,-0.0345498782287728,False,False,GRASP,GRASP
vid5,16.333333333333332,0.0585243771028589,0.5335927995949783,-0.0493373177202005,0.8032024535270086,-0.0042278424512196,1.4529045072643016,-0.0560429394566261,0.2663732288113183,0.0410308990422157,False,False,GRASP,GRASP
vid5,16.366666666666667,0.081776929890464,0.535454507478277,-0.1040909009024456,0.8030862937837475,-0.0149270775221077,1.4479021611480318,-0.0560679056032772,0.2705365364107907,0.0205351238337094,False,False,GRASP,GRASP
vid5,16.4,0.0379918939182843,0.5271107419101054,0.1509392245760215,0.802421961997788,-0.0084172279563049,1.4480056020292318,-0.0177915056035131,0.2691718662205538,-0.0005418974828822,False,False,GRASP,GRASP
vid5,16.433333333333334,0.030135611192109,0.5344476945371602,0.0108717031699633,0.8023983282298831,0.0039365858669086,1.4491873159649005,-0.0257232186523826,0.2680904158168944,0.0301032514524811,False,False,GRASP,GRASP
vid5,16.466666666666665,0.0402751217828046,0.5410479817262988,0.0451585031343337,0.8021549552588786,0.0099719238989846,1.4468575526531242,0.0063663148724251,0.2696664451853481,0.013540924304002,False,False,GRASP,GRASP
vid5,16.5,0.0235113488313221,0.5405513289694548,0.1055072317577329,0.8037833609756677,0.0040037136326569,1.446295390703746,0.0172578962454591,0.2732821040463328,-0.0074539232407052,False,False,GRASP,GRASP
vid5,16.53333333333333,0.0900276082263424,0.5337853002300437,-0.1103715879633845,0.8030230348167872,0.0061347512830023,1.448499658368542,0.0866394406411925,0.2698913397814063,-0.0642011225704766,False,False,GRASP,GRASP
vid5,16.566666666666666,0.1056639967416482,0.5424748960256035,0.0184400189855085,0.8028415009022609,0.0217729538527511,1.454585299511985,0.0602084377617704,0.2642073175661082,-0.0110373761891378,False,False,GRASP,GRASP
vid5,16.6,0.2546995039214929,0.5370509742861023,0.0376571752279573,0.803579540883641,0.0611424454820961,1.4551130686943683,-0.0735770797193413,0.2651598902876332,0.1817638863920493,False,False,GRASP,GRASP
vid5,16.633333333333333,0.6434026751909486,0.5310224467287948,0.260851723102541,0.8070891637772886,0.137601236806545,1.453161073675563,-0.3358944746728383,0.2736017217020043,0.5583873431737578,False,False,GRASP,GRASP
vid5,16.666666666666668,1.3144931575550511,0.5493881720214113,0.7495639159331934,0.8116593525604268,0.224625426405236,1.4400068198886775,-0.961973775496862,0.2938995315592442,1.2742187775257554,False,False,GRASP,GRASP
vid5,16.7,2.67097851199337,0.5981953583466738,0.2763698266960321,0.8192586712984304,0.4690435391808922,1.4021493957338225,-1.906581909102504,0.3416660066912334,2.571167293246716,False,False,GRASP,GRASP
vid5,16.733333333333334,4.278274282980379,0.6083460111736161,-0.98294660783068,0.8385513391240902,0.7643554346925002,1.3185388511084244,-3.001909224221024,0.4519729384144046,4.097864388439005,False,False,GRASP,GRASP
vid5,16.766666666666666,6.042466753858757,0.5306256414359146,-1.664034805907236,0.8715918361763464,1.0198289986137707,1.201682789539746,-4.468742878963936,0.6177934688931597,5.873901772438736,False,False,GRASP,GRASP
vid5,16.8,7.496344878627757,0.4349176126656388,-1.4923753637045958,0.9125874434466366,1.1655850552690976,1.03068217089848,-5.881087667915242,0.8463433490685602,7.391760616984397,False,False,GRASP,GRASP
vid5,16.833333333333332,8.408408513501747,0.4099487775387628,-0.3599336753118735,0.951711205777406,1.166808347992713,0.8040083486879879,-7.003424873015462,1.1201179830416126,8.378173388177908,False,True,GRASP,GRASP
vid5,16.866666666666667,8.442460761069393,0.4313959520455592,1.0404733306591232,0.9909963019523008,1.1118505975797366,0.531252210898713,-7.184254990725336,1.4346070443010572,8.431334343011109,False,True,GRASP,GRASP
vid5,16.9,7.524648524303167,0.4697704952503829,2.1999208683146994,1.0289574003135848,0.9419280474352384,0.2948435681047109,-6.519907935575396,1.7146875703977105,7.522977495428958,False,False,GRASP,GRASP
vid5,16.933333333333334,6.336688548947407,0.5800752889670142,2.4935422151145756,1.057595283214938,0.7156816535137469,0.0957569864188877,-5.65749161323925,1.9441651532105677,6.332942347102189,False,False,GRASP,GRASP
vid5,16.966666666666665,5.3034931041695454,0.6910467863783096,2.081576701170711,1.0755963850366963,0.4779860328381654,-0.0691103045803206,-4.949067925528247,2.1232413131825916,5.255972258004744,False,False,GRASP,GRASP
vid5,17.0,4.176668207088184,0.7433663490291863,0.6329915212670506,1.0868212849695191,0.283221816910826,-0.2400526711481183,-4.0210403081242925,2.29464954898268,4.0687816457850765,False,False,GRASP,GRASP
vid5,17.03333333333333,2.680057983987797,0.7106779188359886,-0.4768913693226538,1.0946301149703082,0.142273266298259,-0.3603891806079489,-2.6193075698077273,2.4151355806574375,2.5694467012755378,False,False,GRASP,GRASP
vid5,17.066666666666666,1.3286340153779506,0.6839907869658158,-0.4490234298106633,1.0960634659457795,0.0113258333579029,-0.416804138777023,-1.3278660227951835,2.467349000615286,1.1859941361845157,False,False,GRASP,GRASP
vid5,17.1,,,,,,,,,,True,False,GRASP,GRASP
vid5,17.133333333333333,,,,,,,,,,True,False,HOLD,GRASP
vid5,17.166666666666668,,,,,,,,,,True,False,HOLD,GRASP
vid5,17.2,,,,,,,,,,True,False,HOLD,GRASP
vid5,17.233333333333334,,,,,,,,,,True,False,HOLD,GRASP
vid5,17.266666666666666,,,,,,,,,,True,False,HOLD,GRASP
vid5,17.3,0.4216498397647945,0.702667952012009,0.6557011596909814,1.0736781565205855,-0.0657878920096632,-0.4594501593902371,0.3300789879795117,2.4618133243887415,-0.4155735932394479,False,False,HOLD,HOLD
vid5,17.333333333333332,0.5516977161286445,0.7320979907881389,1.0680149985521987,1.0718644324490056,-0.0326532074087324,-0.4382810905914673,0.5361084127113406,2.4397741191121516,-0.5326789051050511,False,False,HOLD,HOLD
vid5,17.366666666666667,0.520558696041791,0.7884359206487074,0.797030975140462,1.0725755064608542,-0.0656353563220117,-0.4116307250179194,0.4499597148990324,2.4177706493712043,-0.5203926747719627,False,False,HOLD,HOLD
vid5,17.4,0.4215453247180408,0.812044578497045,0.1682579199424941,1.069371687363962,-0.0666211386185044,-0.4110912423647883,0.3272754984967475,2.4111537434316936,-0.4147133865528232,False,False,HOLD,HOLD
vid5,17.433333333333334,0.5295062625864648,0.784173277780799,0.3023959997899863,1.066300563176548,-0.0995655658649594,-0.3970032153910774,0.3502976067388426,2.3929119199798357,-0.4980759396603892,False,False,HOLD,HOLD
vid5,17.466666666666665,0.5985797697001494,0.7746083526538481,1.4566216172874658,1.0610729857453742,-0.0306459826392003,-0.3894018108622809,0.5859696140055641,2.3762221980335236,-0.5725480722217834,False,False,HOLD,HOLD
vid5,17.5,0.7308164924152771,0.8886354072394111,1.7123683490851809,1.063544038142071,0.0350193370216982,-0.3586084025112019,0.7173478285720433,2.353961170550918,-0.5618158787126202,False,False,HOLD,HOLD
vid5,17.53333333333333,0.5706180054504963,0.9715066956307796,1.3264659097742315,1.065241857605398,0.0203421142627087,-0.3345889478457758,0.5648216549848805,2.3361567453180023,-0.4562268648920784,False,False,HOLD,HOLD
vid5,17.566666666666666,0.6827964466202738,0.9760988877262574,0.2071400528980607,1.0673816985404192,0.0352030115766784,-0.3151292013562475,0.6682073097818099,2.3231979327756473,-0.5183771721634148,False,False,HOLD,HOLD
vid5,17.6,0.6485418284069648,0.9219569146331724,0.3624309904404033,1.0657807887186928,-0.0370569642198678,-0.3036352984394886,0.6314790743050428,2.3100500357668245,-0.6247450182007003,False,False,HOLD,HOLD
vid5,17.633333333333333,0.9543308682436652,0.9799851996449184,1.556769751393036,1.0642231035987548,0.0312078244842263,-0.2753969016894028,0.9461803906049364,2.2823034332054624,-0.7697658474447112,False,False,HOLD,HOLD
vid5,17.666666666666668,1.1328126783198855,1.0712808657056505,0.6627360974916,1.0664210070792806,0.063322125854703,-0.2349293163829396,1.1043058768856062,2.2510362622100653,-0.8468256808323086,False,False,HOLD,HOLD
vid5,17.7,1.1779651242676528,1.09741948799134,-1.003556749368795,1.0703911256653866,0.013634432338226,-0.2000548794687437,1.1767094709706551,2.228071706102134,-1.0055941511894315,False,False,HOLD,HOLD
vid5,17.733333333333334,1.630285694735205,0.9761256959739284,-2.296089215868813,1.0724299843131373,-0.1060730925903351,-0.162115338532794,1.5744457031571264,2.1987161316364756,-1.583890096644648,False,False,HOLD,HOLD
vid5,17.766666666666666,2.4795863976064947,0.859257224631865,-1.9956146131344823,1.0643666943559904,-0.3453154643683764,-0.1064488736416339,2.0619950769672304,2.134444917271397,-2.470163433742976,False,False,HOLD,HOLD
vid5,17.8,3.418871681561873,0.8347689513874816,-0.7790805509079529,1.0486296248690516,-0.5348752614423972,-0.0231526151041062,2.671792005955556,2.0312320373967463,-3.36834852720883,False,False,HOLD,HOLD
vid5,17.833333333333332,4.128279510828017,0.8595859791831553,-1.0097734484018244,1.02690326837659,-0.6570528891312941,0.0776472633634938,3.1900348167000954,1.9011864466078856,-4.057041672446738,False,False,HOLD,HOLD
vid5,17.866666666666667,4.412052852891113,0.7988839457332056,-1.744836711199457,1.001974537364224,-0.6912589405457586,0.1905377051085623,3.4447507218522873,1.7543987158349488,-4.345973069634424,False,False,HOLD,HOLD
vid5,17.9,4.556778037033302,0.7172561521152044,-2.626053702172999,0.9788914067620504,-0.6663228544169221,0.3121247976686593,3.701721596400426,1.603525012473764,-4.523466173664256,False,False,HOLD,HOLD
vid5,17.933333333333334,4.463787433466209,0.6036909347739629,-2.49463097119707,0.9576003450528868,-0.6232969655360961,0.4411496322284115,3.70761672298546,1.4495664935008552,-4.446125317756801,False,False,HOLD,HOLD
vid5,17.966666666666665,3.9501871772898536,0.5320144653572227,-1.0673069087759013,0.9375476142060196,-0.5690077207220245,0.5689486515699603,3.2333427186056176,1.299057488380062,-3.9261720035745418,False,False,HOLD,HOLD
vid5,18.0,3.4277431778662324,0.5168271972755819,-0.9374164741499048,0.9190909732407252,-0.5331972699420111,0.6709385391478347,2.688441365794552,1.1742387506378094,-3.3797288661964884,False,False,HOLD,HOLD
vid5,18.03333333333333,2.6767922254264356,0.5176554972176118,-0.1379319070035747,0.9016309497827656,-0.4279711696114876,0.7421263485848951,2.0620658578348143,1.0783385091696749,-2.6287323509116387,False,False,HOLD,HOLD
vid5,18.066666666666663,1.9765808286901352,0.5004444402240856,0.0914675246074532,0.8889398957593428,-0.3227550867741467,0.80039647039263,1.500020588593684,1.002909852878589,-1.9341598927123425,False,False,HOLD,HOLD
vid5,18.1,1.4513934186523858,0.4978612785148835,-0.1339834533147522,0.880250970389938,-0.2139188883003681,0.8475247606825045,1.174189728564942,0.9449251564389586,-1.439758363109957,False,False,HOLD,HOLD
vid5,18.133333333333333,0.8236475010187982,0.5245375497352278,0.5211439880724001,0.8763537551720733,-0.1234039098710624,0.8767572074293922,0.660446445376274,0.9118205088403344,-0.8157291105280239,False,False,HOLD,HOLD
vid5,18.166666666666668,0.4498565193199429,0.5237818018864351,0.557038229231751,0.8725955385806363,-0.0958781459680375,0.8896110251812729,0.2369909152128574,0.8933432212627691,-0.3916571915171275,False,False,HOLD,HOLD
vid5,18.2,0.293127465422066,0.5476833632168161,0.3399579173086472,0.8706000530593496,-0.0639927705771637,0.8899681292281029,0.1441964677093693,0.8892034173633045,-0.2491490682181046,False,False,HOLD,HOLD
vid5,18.233333333333334,0.3520343178788768,0.5787852921614705,0.2601566133688021,0.8685694451554552,-0.0598909869523615,0.88561531047518,0.2586096948746502,0.889125927270436,-0.3416008603121676,False,False,HOLD,HOLD
vid5,18.266666666666666,0.6490450038014485,0.5676967189013735,-0.2722004208443375,0.8669730653098998,-0.0647367615143866,0.900806236997423,0.5954872569442465,0.872745161618833,-0.6462682214548406,False,False,HOLD,HOLD
vid5,18.3,1.022349656576328,0.5370881378995184,-0.4436984041600253,0.8646417862001793,-0.0747150039322333,0.9300381865686208,0.9779638519836984,0.8426439079266888,-1.0007592910279757,False,False,HOLD,HOLD
vid5,18.333333333333332,1.1349733235407942,0.5289772281548397,0.1522357215818404,0.8621810512110575,-0.1144746487277284,0.9697198242806754,1.0391061921238731,0.803132098065402,-1.130615097502086,False,False,HOLD,HOLD
vid5,18.366666666666667,1.3114930313913953,0.5399622956711614,0.8184855631246643,0.857840169843259,-0.1615699109856257,1.0037195253727085,1.1422886648975843,0.7649967070335846,-1.311399090390883,False,False,HOLD,HOLD
vid5,18.4,1.541881722670652,0.589314277148487,1.020193546361151,0.8515478777883714,-0.2112728752817275,1.0422867821326776,1.2913062150048773,0.719114303251799,-1.5373720731145315,False,False,HOLD,HOLD
vid5,18.433333333333337,1.7022769667811013,0.6313608536327238,1.0606135175363354,0.8429417219659813,-0.2526723548363311,1.08582145779095,1.3719823672340907,0.6644392185106883,-1.687499826057153,False,False,HOLD,HOLD
vid5,18.466666666666665,1.947114050232602,0.6609105110491116,0.7109780325215758,0.834267106607394,-0.2642855765288059,1.138643147020477,1.637179595005499,0.6014899835715888,-1.9422955364039065,False,False,HOLD,HOLD
vid5,18.5,2.044389008483315,0.6761861900067346,0.0748032284334352,0.8251910391835885,-0.2822077694846605,1.1932486702264198,1.7067084119705649,0.5362068254476487,-2.0376274621836656,False,False,HOLD,HOLD
vid5,18.53333333333333,1.9622476195843763,0.6796912272097817,-0.3449243222408653,0.8155180173093466,-0.2825017580833906,1.255633561125336,1.6065809754503424,0.4629579412463679,-1.9503993552174592,False,False,HOLD,HOLD
vid5,18.566666666666663,1.5200053918371956,0.6438612503322619,-0.7048665498818816,0.8053860557893714,-0.2485395862312545,1.314783970894302,1.152367171517374,0.3916649572876823,-1.4870155924757429,False,False,HOLD,HOLD
vid5,18.6,0.8800426455929273,0.6079102952122645,-0.3444144804944861,0.7973237331839489,-0.1803365837020617,1.3406740766650656,0.5071810013340259,0.3535035529313909,-0.7905241647197758,False,False,HOLD,HOLD
vid5,18.633333333333333,0.4413834118164135,0.6127101753176496,0.1292514261101565,0.7933086529833631,-0.1089696078963168,1.3415230456293663,-0.077204188331863,0.3450595530532701,-0.1412756496302353,False,False,HOLD,HOLD
vid5,18.666666666666668,0.1764421991088628,0.6362860336470689,0.2194329459198148,0.7910269359974533,-0.0323575360291899,1.3235272684073134,-0.1203304939482552,0.3564626829269653,0.0434546839443003,False,False,HOLD,HOLD
vid5,18.7,0.0972557899891423,0.6397325083629556,0.2332262521739876,0.7911829086032081,-0.0051231328808428,1.3241092310194371,-0.0950854622600372,0.3562515221748226,0.0735465628578204,False,False,HOLD,HOLD
vid5,18.733333333333334,0.0799847989140933,0.6362059637849479,0.1113000971697477,0.791561649986196,0.0183531269094011,1.3220886202795057,0.0322530555946,0.3587494998412879,0.0069158237009033,False,False,HOLD,HOLD
vid5,18.766666666666666,0.0548768465357934,0.6467486981001689,0.135402025631856,0.7931885864506583,0.013610552775641,1.3304995779987303,0.0080722340610596,0.3544946967891203,0.0190228828947674,False,False,HOLD,HOLD
vid5,18.8,0.1799677318193343,0.6569888637242112,0.1910159697296533,0.7927185820242443,-0.018305678441206,1.3220398136161544,-0.1644954127061619,0.36101091431635,0.1091254579473798,False,False,HOLD,HOLD
vid5,18.833333333333332,0.0889652539326871,0.6535867310287993,0.0461190761874701,0.7920999603115749,-0.0222468484351912,1.3184948551173008,0.0065732398595306,0.3629328231109466,-0.0484256720166568,False,False,HOLD,HOLD
vid5,18.866666666666667,0.1907663015153139,0.6579228337688044,-0.0623039127964943,0.790490549884145,-0.0435515653696825,1.3140237207580223,0.0788964354395936,0.3637667925759293,-0.1526942978418932,False,False,HOLD,HOLD
vid5,18.9,0.2882328761763278,0.6588019642669066,-0.2356299494026913,0.7893948624242313,-0.0435631957320003,1.3267474988743289,0.2299890048189891,0.35050939196756,-0.2851947854763902,False,False,HOLD,HOLD
vid5,18.933333333333337,0.2515393253811546,0.6394474677576161,-0.2567504141095035,0.7875432108917462,-0.0347722966573052,1.3371701164746008,0.2098604606569704,0.3378199581374997,-0.2506879531520617,False,False,HOLD,HOLD
vid5,18.966666666666665,0.1376071907831617,0.6288331296907255,-0.2781828597033451,0.7861209700628388,-0.01622052667535,1.3402112458714512,0.1214541689631775,0.3324260944596932,-0.1375969053923997,False,False,HOLD,HOLD
vid5,19.0,0.0924923866554778,0.6228951607921409,0.0529799816179012,0.7861872404784044,0.0231915523994057,1.3432257396299507,0.0007130708106006,0.3299100671329804,0.0438486602870239,False,False,HOLD,HOLD
vid5,19.03333333333333,0.308699766631988,0.6292443073483698,0.4925454092064858,0.7878872027017171,0.0583190459163211,1.3451986528783018,-0.2029821788731517,0.3314401905673218,0.2898120999677432,False,False,HOLD,HOLD
vid5,19.066666666666663,0.5278254189484709,0.6501670336186505,0.6496596796668309,0.7901636790678795,0.0893342558609943,1.3326409384763425,-0.3894485510655752,0.3468163567332898,0.5127832076077997,False,False,HOLD,HOLD
vid5,19.1,0.7456317343616278,0.6811178004387307,1.2653896557240958,0.794175251485011,0.0938233030589888,1.3143368089741971,-0.6449498137472727,0.3705583399413591,0.7454156237283099,False,False,HOLD,HOLD
vid5,19.133333333333333,0.878456513536634,0.7305159091441127,1.3111404867490777,0.7979240088817272,0.0499497977328204,1.2908888908117182,-0.8555722100776941,0.3983064104820825,0.8459544817464495,False,False,HOLD,HOLD
vid5,19.166666666666668,1.167505374454436,0.7815147734476301,1.05005336855423,0.7988066813105029,-0.005492493639874,1.2622958680824172,-1.1672998729611264,0.4250694940271731,1.0129574018458956,False,False,HOLD,HOLD
vid5,19.2,1.5785516953633578,0.8274655662854314,0.1171171670383517,0.7966260824372148,-0.0674304441109608,1.2136283275105482,-1.5554770207241468,0.4635595823425469,1.2345347722676558,False,False,HOLD,HOLD
vid5,19.233333333333334,1.9539462668733945,0.7789555219153996,0.1560648779198718,0.7942511333672624,-0.1547543253972407,1.156395229769896,-1.8539161297315272,0.5091872629351378,1.3287477114409725,False,False,HOLD,RELEASE
vid5,19.266666666666666,2.4926946151586247,0.7852750438020124,0.4334308232729997,0.7885571878404777,-0.2579212729425988,1.0899379058485543,-2.2705702964371466,0.5565379988295248,1.496229918151563,False,False,RELEASE,RELEASE
vid5,19.3,3.0922176909392785,0.8138585547130543,1.2491098325770078,0.7770400442324664,-0.3667796454771315,1.0110261542844083,-2.724369406799368,0.6036417881828181,1.6853665567239748,False,False,RELEASE,RELEASE
vid5,19.333333333333332,4.01768714581499,0.90901540867337,1.0295945584224782,0.7644490141364467,-0.6254764186230471,0.9081028797740008,-3.149531154993296,0.6697395494746843,1.562052420332781,False,False,RELEASE,RELEASE
vid5,19.366666666666667,4.830793394457562,0.906145814144568,-0.4599075264076224,0.7404569694745109,-0.8478768797688077,0.7928191660830614,-3.4500326104992203,0.7248115105919269,1.399040522043291,False,False,RELEASE,RELEASE
vid5,19.4,5.550014342524677,0.875350518686528,-0.9775897562205652,0.7059918453359315,-1.0850896083918231,0.6733369568647934,-3.4750699684758115,0.7634807462652199,0.9660961739859498,False,False,RELEASE,RELEASE
vid5,19.433333333333337,6.020446566651883,0.7931939631378068,-1.0224407136058316,0.6634860104077148,-1.2853368388550093,0.5545986045528808,-3.157484096877109,0.7860782895828414,0.3036271264593734,False,False,RELEASE,RELEASE
vid5,19.466666666666665,6.13524574693001,0.7769665143527498,0.6980745839538205,0.621593447699019,-1.3623463521348025,0.4540325363182212,-2.849955133747749,0.7939184051910458,-0.1136940052288693,False,False,RETRACT,RETRACT
vid5,19.5,6.410925544828805,0.8310766420517551,2.246298325086673,0.5723110121570444,-1.5012814530015255,0.367464154562593,-2.2919721551361936,0.7753139476995817,-0.8693667903513761,False,False,RETRACT,RETRACT
vid5,19.53333333333333,6.333553686081524,0.9472283361248108,3.4714351952142035,0.5192536443023782,-1.518547210009377,0.3009274836825803,-1.8541319250666743,0.7319065601739199,-1.2863758668789127,False,False,RETRACT,RETRACT
vid5,19.566666666666663,6.048086821187576,1.1003794475388653,2.96735600233943,0.4676867568877213,-1.457658111448444,0.2457550185667769,-1.6689784895446529,0.6813932789856305,-1.3319531094772668,False,False,RETRACT,RETRACT
vid5,19.6,5.653934500315631,1.189067269017466,1.555357813385312,0.4208234311213474,-1.3627626675216291,0.201433246152164,-1.5588249488761812,0.630386001627935,-1.2465571853266704,False,False,RETRACT,RETRACT
vid5,19.633333333333333,5.379711542309521,1.2011087874019968,0.3092782301415151,0.3785246862999581,-1.273920417331635,0.1450935402914839,-1.7691588021796611,0.5986694527853367,-0.891765512402041,False,False,RETRACT,RETRACT
vid5,19.666666666666668,5.429216295130751,1.170459034854877,-0.7028797957546651,0.3373067259184066,-1.2731319302838298,0.0825580639338374,-1.9227474967486275,0.574457958822427,-0.7555866592078467,False,False,RETRACT,RETRACT
vid5,19.7,5.422294666138598,1.1575744083417685,-1.1572263548609494,0.2944583349374467,-1.2557284260305432,0.0165691391546287,-2.0789015688144734,0.550147815937776,-0.5852962607295952,False,False,RETRACT,RETRACT
vid5,19.733333333333334,5.506616242811116,1.1043608054867349,-1.4769801072803783,0.2526949952575203,-1.2589341693796885,-0.0552661753303419,-2.2616721397775463,0.5330445728044472,-0.4311903354020258,False,False,RETRACT,RETRACT
vid5,19.766666666666666,5.393245842922972,1.040628248701986,-2.039258116274747,0.2103254983424572,-1.234784665339465,-0.1367027089420968,-2.1993761466104194,0.523197279412543,-0.4395006301134328,False,False,RETRACT,RETRACT
vid5,19.8,4.796336966117928,0.9491939477656728,-0.8709403464070028,0.1696498194811214,-1.1422479969132038,-0.2194539451468413,-1.501150171324411,0.5177509132754355,-0.8742508381029861,False,False,RETRACT,RETRACT
vid5,19.833333333333332,4.182200231279788,0.948255400808126,0.2929190954799062,0.1317266808627231,-1.0483164053267446,-0.2631358250007075,-0.1095997386016578,0.4833269588918381,-1.9142339272019964,False,False,RETRACT,RETRACT
vid5,19.866666666666667,4.245860842207923,0.9949862564955936,0.4455635001262166,0.1013276524451341,-0.999536153802268,-0.2340884185129475,1.461967046257757,0.3995626655934708,-3.198641253450084,False,False,RETRACT,RETRACT
vid5,19.9,4.468011368929991,1.0404245031074997,0.4091569916044617,0.0680972816062251,-0.925560549911524,-0.1450424290199048,2.5175654341944016,0.2577619303281791,-3.982330218802374,False,False,RETRACT,RETRACT
vid5,19.933333333333337,3.5648165229144,0.9976810281513968,-0.4159096786858281,0.0336378182983457,-0.6694289721476668,-0.034854980500756,2.36229649793501,0.09506733202718,-3.355012828358811,False,False,RETRACT,RETRACT
vid5,19.966666666666665,2.0558031228799303,0.9809984857313212,-0.242080476536603,0.0154424120954123,-0.3633442057889541,0.0403127677676669,1.4582862182611491,-0.0057327513803136,-1.9754039127093408,False,False,RETRACT,RETRACT
vid5,20.0,0.7051187349899237,0.9914018541164332,0.1967398222995724,0.0147815445595037,-0.048365726297181,0.0610848787152278,0.6782236916585908,-0.0252130982072761,-0.6874173074469128,False,False,REST,RETRACT
vid5,20.03333333333333,0.2960101818260951,1.004764781885396,0.0583257925806655,0.0193766718476714,0.0658435206196159,0.0608662449670399,0.1366349760139805,-0.0162094348245403,0.0064647891231353,False,False,REST,RETRACT
vid5,20.066666666666663,0.1660499194240068,0.9986244295475276,-0.1021085272288644,0.019754854473532,0.0394621588608413,0.0664067972481808,0.0529597208268963,-0.0203421673963783,0.0292404720121155,False,False,REST,REST
vid5,20.1,0.2899688568086071,0.9963824251295408,-0.378547416520552,0.0220177381813146,0.0665045465505955,0.0679875916165144,0.1172074776870434,-0.0173887325771846,0.0247664814010341,False,False,REST,REST
vid5,20.133333333333333,0.1355496567397958,0.9771750526048144,-0.7669827134211787,0.0249742235085427,-0.0045479529207994,0.0685468041193224,-0.1343307031872865,-0.0122094701634989,0.1090598558906265,False,False,REST,REST
vid5,20.166666666666668,0.1664527042006563,0.940028216169615,-0.3975049890310915,0.0237617173723412,-0.0389587026916854,0.0635359248352264,-0.0597210298256236,-0.0101411177584864,-0.0223466806806085,False,False,REST,REST
vid5,20.2,0.1574260876291799,0.925201536273992,-0.2363366282862417,0.0200872431737649,-0.0393569973453057,0.0604597941102551,-0.0121226904429244,-0.0144904125943212,-0.0648447738817111,False,False,REST,REST
vid5,20.233333333333334,0.0810725711630024,0.9340789127935152,0.2930607136151741,0.0178899439220958,-0.0029004196720332,0.0582997099881912,-0.0802431569201019,-0.0168101555828845,0.064795251589236,False,False,REST,REST
vid5,20.266666666666666,0.1317228656303468,0.9650506864042454,0.06689597033871,0.0223388941481215,0.0040736044972633,0.0659719959601398,-0.1307171988501298,-0.0150055823097837,0.1224248831749691,False,False,REST,REST
vid5,20.3,0.1951041631069559,0.9417539672113614,-0.1351030930875855,0.0211134755481216,-0.0120414365824593,0.0496762824192565,-0.1891018455221933,-0.0030674327526306,0.1427131998241471,False,False,REST,REST
vid5,20.333333333333332,0.2130714321432016,0.9423508577414972,-0.221835131700772,0.0187630632189176,-0.0174576789264481,0.0418484722506213,-0.201375617723493,-0.0007113265717001,0.143088263551225,False,False,REST,REST
vid5,20.366666666666667,0.2212277592542285,0.9252159608136888,-0.2635009114424387,0.0186743463195066,-0.0486247706419426,0.0387439062850171,-0.1064756449450936,0.0018406311152985,0.0001114479468483,False,False,REST,REST
vid5,20.4,0.1451161858157733,0.9287500344162326,0.2014981283161785,0.0185938016203277,0.0018607193023356,0.0380432184232228,0.1449263288301187,0.0023005366197317,-0.1235033590773944,False,False,REST,REST
vid5,20.433333333333337,0.0981437222164971,0.9228962554593948,0.3566518870639079,0.0168798729567337,-0.0236104315371989,0.0428306292501316,-0.0276776922761228,-0.0051838318928674,-0.0210093154466095,False,False,REST,REST
vid5,20.466666666666665,0.2507163068051833,0.9614308317213072,0.481853270125161,0.0155537246319057,0.0265212150443264,0.0435007882411722,0.2273140424247467,-0.0083145509917489,-0.1484501869660262,False,False,REST,REST
vid5,20.5,0.2934220801089425,0.9762528228784528,0.3015256150254188,0.0197634309901467,0.0585268303010831,0.0540263546809525,0.1778105423891643,-0.0094705303852362,-0.0436690482118003,False,False,REST,REST
vid5,20.53333333333333,0.2983818665692051,0.9780101392617953,-0.1539734547727916,0.020601500116598,0.0466283350959859,0.0540220592204172,0.2333487328129683,-0.0078596191279364,-0.1151824721271591,False,False,REST,REST
vid5,20.566666666666663,0.3072998823343258,0.9558252889988678,-0.2217955855240025,0.0229738045526655,0.0446133167917785,0.0751038219429758,0.2505538939926341,-0.0217948281996922,-0.1341321345484878,False,False,REST,REST
vid5,20.6,0.1171722448082516,0.9611173904651202,-0.2985448221134987,0.0231418006648775,0.0067382085415158,0.074712087793019,-0.1140491337577344,-0.0211291930271419,0.1129201465213131,False,False,REST,REST
vid5,20.633333333333333,0.1186453949421137,0.94558403955849,-0.6303793335923128,0.0245176057744076,-0.0139546146857111,0.0697381510196961,-0.1047834906300035,-0.0141296896946151,0.0651138881425851,False,False,REST,REST
vid5,20.666666666666668,0.2317659016483806,0.92061758893793,-0.5705579605852635,0.0219529995784832,-0.0344483500293903,0.0551350821734781,-0.186658668389414,-0.0062437812832717,0.0976018199870586,False,False,REST,REST
vid5,20.7,0.2351192815763631,0.8853615362704064,-0.4768093578502844,0.0208209656120839,-0.0422232687644607,0.0579913724934564,-0.1640915580012768,-0.0109190550750265,0.0629051702948408,False,False,REST,REST
vid5,20.733333333333334,0.151688749905345,0.8849705078751862,0.0746976760715065,0.0193396401987707,-0.0311234208666161,0.0529856500451,-0.0871956242016648,-0.009370732448253,0.0167686149474902,False,False,REST,REST
vid5,20.766666666666666,0.178479819190465,0.8967437343626548,0.6114877019567605,0.0191219896718953,-0.0184369530978114,0.0410540618462501,0.1626305248926025,0.0006735182445524,-0.1779507817007788,False,False,REST,REST
vid5,20.8,0.3593012247217461,0.921656494557714,1.0614578414693858,0.0169238419966664,0.0269465996365648,0.0542301994421666,0.3428536626556939,-0.0150946732312309,-0.248939744069608,False,False,REST,REST
vid5,20.833333333333332,0.2279788481674919,0.9766404624301556,0.8129940406978204,0.0203549505682254,0.0382139064337254,0.0850654191272076,0.1695541929485859,-0.0355512843344665,-0.075383474189116,False,False,REST,REST
vid5,20.866666666666667,0.204518927371228,1.0104270195745648,0.0598157615542117,0.0217546550379034,0.0507239620399457,0.0785323423789493,0.0301059490787802,-0.0271388935788013,0.0708751811694197,False,False,REST,REST
vid5,20.9,0.2571855838741934,0.9772990223785069,-0.2652655959409044,0.0240857441921726,0.0291233967322486,0.0648955707792284,-0.2294656126755498,-0.0107118788647627,0.2570450195123026,False,False,REST,REST
vid5,20.933333333333337,0.1321871366159105,0.9495784698471792,-0.5091759487561214,0.0228140309673473,-0.0130526068654693,0.0601666546006228,-0.1215061323634332,-0.0090042921290596,0.0815060833976966,False,False,REST,REST
vid5,20.966666666666665,0.0771950433334463,0.9531139402573215,-0.3370507072804554,0.0239798425616238,-0.0133165013215105,0.0672270606189441,0.0560241032376001,-0.0129592175516934,-0.0746587491742066,False,False,REST,REST
vid5,21.0,0.1495786764009324,0.9460013410385448,0.0018640210384688,0.0214575460606893,-0.0369569671604578,0.0575538015429133,-0.0255110227578707,-0.0093146372261626,-0.0485033845386308,False,False,REST,REST
vid5,21.03333333333333,0.2652606107621415,0.926069856173035,0.0373050198328662,0.0203471689403543,0.0045553723691172,0.0618338422685574,0.2646377633032598,-0.0151967266298959,-0.2232990474383884,False,False,REST,REST
vid5,21.066666666666663,0.249750224576959,0.944593039648065,0.6162790417383596,0.0206783679319641,0.0452252663678821,0.0783894723371535,0.1727565369383908,-0.0290775947951241,-0.0647457778718303,False,False,REST,REST
vid5,21.1,0.1852532660899532,0.997768022291648,-0.0554771229621335,0.0249893212104932,0.0288112039940536,0.087921897416947,-0.1453151081225917,-0.029168627619148,0.1826630503505144,False,False,REST,REST
vid5,21.133333333333333,0.2527625165390393,0.963560637512495,-0.3208910976995615,0.0249990900385706,0.016316374124572,0.0691668939594471,-0.2442430465531865,-0.0127054798902168,0.2454421760212651,False,False,REST,REST
vid5,21.166666666666668,0.3149384986857069,0.9334903291481886,-0.3534226406456598,0.0244007181006285,-0.0300990360500907,0.0509755512581716,-0.2911654671773701,0.0020972323597655,0.1975741077412339,False,False,REST,REST
vid5,21.2,0.113672241128006,0.9208847292629332,-0.1609599961534941,0.0219610307609574,-0.0271024304037304,0.0501836766043376,-0.0351949517523612,-0.0018869804805626,-0.0211146935883593,False,False,REST,REST
vid5,21.233333333333334,0.3060122586470085,0.9599060427044588,0.26933981039567,0.0228087080740451,0.0164583608732799,0.0556811548562025,0.2988900542426347,-0.0050816070201048,-0.2305054313559367,False,False,REST,REST
vid5,21.266666666666666,0.0675535862888307,0.9358933886061926,0.0846105808014365,0.0227571139242221,-0.0118008348514824,0.0672032492981789,0.0484623352416196,-0.0152831370276085,-0.0651220229010186,False,False,REST,REST
vid5,21.3,0.0696890373100111,0.9500623678669003,-0.1110618825110966,0.023603787753549,-0.0043277664408862,0.0725438114156796,-0.0675179468009546,-0.0183421036291955,0.0509005803250649,False,False,REST,REST
vid5,21.333333333333332,0.2305111261791467,0.9434910630350964,0.0356169208296134,0.0222481830911423,-0.0391750412540152,0.0618208142731186,-0.1694893351750696,-0.0115397745854877,0.0734834616889457,False,False,REST,REST
vid5,21.366666666666667,0.3145575622955269,0.9501601029510164,-0.0014832937051024,0.0203090122603168,-0.0520945890081911,0.0450950215774926,-0.2361851971287127,-0.000593276473412,0.1071869846072421,False,False,REST,REST
vid5,21.4,0.3101386986110497,0.9320611236185476,-0.068124246440742,0.018147878601241,0.00208312748755,0.0447313315445635,0.3100274101369611,-0.0044187465230793,-0.2678377202349409,False,False,REST,REST
vid5,21.433333333333337,0.2827412192187193,0.9436643081943092,0.8205393057315242,0.0186766463597138,0.0491679950436033,0.0680541112997707,0.2036983665318716,-0.0238541884974806,-0.084314743138762,False,False,REST,REST
vid5,21.466666666666665,0.1112753355716822,0.9858367506137684,0.1177244167561824,0.0235985855515126,0.0018776887869476,0.0775896563482053,-0.1110230819723017,-0.0227762839352492,0.1009459981796035,False,False,REST,REST
vid5,21.5,0.1538851555651952,0.9944640840101822,-0.1338189115289154,0.022386773492864,0.0103384631487735,0.0620194604297314,-0.1482588343165012,-0.0114481763467617,0.1498193832790741,False,False,REST,REST
vid5,21.53333333333333,0.398158818285034,0.964859078325798,-0.5917381315269524,0.0205980412029363,-0.0547828900376072,0.042255268511684,-0.3328628863658573,0.0024508869870985,0.1867988328265548,False,False,REST,REST
vid5,21.566666666666663,0.2371370457929638,0.9125080697414818,-0.5597461083683346,0.0180142465762563,-0.05081713849433,0.0436854594181781,0.123133571644791,-0.0037579872407742,-0.2054144978399208,False,False,REST,REST
vid5,21.6,0.3418993239027671,0.9305904601648388,0.4905335891649031,0.0186439194665637,0.0256363009787361,0.0553001446181677,0.3262548650523076,-0.0127342515548486,-0.2368986224098865,False,False,REST,REST
vid5,21.633333333333333,0.0812770805918753,0.9531181464215558,0.6507233948308156,0.0171739577935047,0.0184027555427186,0.0667064548033302,0.0349233851703048,-0.025554231016591,0.0046696464844888,False,False,REST,REST
vid5,21.666666666666668,0.1525153376605448,0.9990878750880864,-0.0820308411848831,0.021592761560083,0.0301774128400209,0.069604533368862,0.0936849037729026,-0.0196214368922932,-0.024272561526394,False,False,REST,REST
vid5,21.7,0.1835206743557227,0.9663383562955484,-0.2843399101020538,0.0212999536742328,0.045145305046555,0.0621058834761132,-0.0355586040422619,-0.0136081204055646,0.1177519005196776,False,False,REST,REST
vid5,21.733333333333334,0.3345020673618352,0.9403933253195154,-0.6387489900480395,0.0231745766997918,-0.0619945813463109,0.0637060757421941,-0.225309801389892,-0.0114162518560687,0.0786664448100373,False,False,REST,REST
vid5,21.766666666666666,0.2050648966408125,0.9126827923849058,-0.260318185875403,0.0182325353684805,-0.0193119944421884,0.05604176837505,0.190052335034949,-0.0141734097252343,-0.2036723104009922,False,False,REST,REST
vid5,21.8,0.0498457535940057,0.9350322788031622,0.6456573238199481,0.0191913757837485,-0.0026901530069081,0.0625824761542227,-0.0486774874498784,-0.0180695666248,0.037521650055518,False,False,REST,REST
vid5,21.833333333333332,0.1931574504922817,0.9487384360193948,0.2564679059654495,0.0171230226912005,0.0184783232419327,0.0603537595529677,0.1785473407467375,-0.0200818556103057,-0.1211151320919901,False,False,REST,REST
vid5,21.866666666666667,0.3214994328677865,0.9764725147389854,0.4945819188178235,0.0233121672204818,0.0726173034293015,0.0798965964785378,0.1396132661958369,-0.0253482699327544,0.0168433402117222,False,False,REST,REST
vid5,21.9,0.2327799210292838,0.984462770721681,-0.2004134510974644,0.022281652867704,-0.0239348307286111,0.0673528209619796,-0.2123088482560076,-0.0163260619033735,0.1402534578637282,False,False,REST,REST
vid5,21.933333333333337,0.1031445877282292,0.9564343165301328,-0.3673029865150481,0.0223488060668188,-0.0092100001663217,0.0677742340923619,0.0963830942037668,-0.0165667794748558,-0.1021706326739692,False,False,REST,REST
vid5,21.966666666666665,0.0364873781214654,0.9468005568711538,-0.0460399219533513,0.0191566654189823,-0.0091171682186757,0.0601193380070722,0.0030468191295507,-0.0159764467494755,-0.0201552294802282,False,False,REST,REST
vid5,22.0,0.2518424240994379,0.9468731782529536,-0.1716479624824365,0.0206204228465277,0.0407813667211025,0.0746165597487779,0.192283958957704,-0.0258806194512014,-0.0903894092584619,False,False,REST,REST
vid5,22.03333333333333,0.2039765628447601,0.954946459555339,0.1844983853836581,0.0238432475670939,0.0497381274614648,0.0830274134076086,0.0475395001338254,-0.0270749347677647,0.053698907031624,False,False,REST,REST
vid5,22.066666666666663,0.2335318778808333,0.951322415548589,0.0211915275972882,0.0256369198183661,0.0085899107648261,0.0766998659954643,-0.2310055886261768,-0.0180872499007778,0.2190187008698305,False,False,REST,REST
vid5,22.1,0.2409298943973512,0.9509457392531137,0.0438189608356425,0.0240433279432285,-0.029192103600903,0.0636832857729762,-0.2109348992926974,-0.0097302862294669,0.1289670317730414,False,False,REST,REST
vid5,22.133333333333333,0.2403415247991353,0.9691565150137982,-0.2148056922703765,0.0223886667541735,-0.0407009969781099,0.0560364863458073,-0.1772476190550893,-0.0061986653151028,0.0773596477057372,False,False,REST,REST
vid5,22.166666666666668,0.2366859095614646,0.9405163036755242,-0.3247301690360756,0.0211819828910118,-0.0436270081472401,0.0545678637482636,-0.1604633296256379,-0.0072250034868763,0.0570320171572859,False,False,REST,REST
vid5,22.2,0.0533374208360479,0.9242630523365422,-0.1028829465390046,0.0194457362559488,0.0030245855634337,0.0482440615892057,0.0519555776100956,-0.0050098429455281,-0.0397545510072721,False,False,REST,REST
vid5,22.233333333333334,0.0999779543399796,0.9236266828083626,0.328894004225531,0.0200927040168125,0.0108129873948128,0.04915485191338,0.0901997689532607,-0.0045677507228062,-0.0583514828223374,False,False,REST,REST
vid5,22.266666666666666,0.1733934776352564,0.9649338005152198,0.5351844145582411,0.0213507685917301,0.0373618641292039,0.0601991440417501,0.0886776916607334,-0.0118388419548751,-0.0061047813652705,False,False,REST,REST
vid5,22.3,0.0378303494815138,0.9781416060820036,-0.1395786229829854,0.0239290394805632,0.0074763091341096,0.0658881024955315,0.0232838326293143,-0.0118826409692925,-0.0060781602108361,False,False,REST,REST
vid5,22.333333333333332,0.0643590143762525,0.960558381272632,-0.5558391860979213,0.0217535630624147,-0.0139697870661564,0.0532589616137866,-0.0322210239652254,-0.0049812506569174,0.001461916229218,False,False,REST,REST
vid5,22.366666666666667,0.1161118383716423,0.9168069904981764,-0.5719404854176688,0.0215384851745195,0.0098185851038672,0.0548857810274194,0.1093099670572278,-0.0068200979711893,-0.0770142736247546,False,False,REST,REST
vid5,22.4,0.1929318021449111,0.9040408375017268,-0.1217972796707035,0.0225593880493561,-0.0482783752078219,0.0692258364132992,0.0123244899909988,-0.0174357184998742,-0.1033884087949504,False,False,REST,REST
vid5,22.433333333333337,0.0803643541893252,0.918342232955462,0.3521068267145451,0.0209431952689279,-0.0200250890365935,0.0654122202338386,-0.0089756815333734,-0.0171912682854182,-0.0305317406264672,False,False,REST,REST
vid5,22.466666666666665,0.0186185921937131,0.9357907415505818,0.6663212610232234,0.0177422422949301,0.001193912243877,0.0549299916119275,0.0179994705814667,-0.0141388254695924,-0.0134924251866582,False,False,REST,REST
vid5,22.5,0.1047678916531538,0.9648295065908844,0.2724856606772771,0.0194298218088258,0.0045745955031158,0.0629521447577589,-0.1031672131991726,-0.0179364303906722,0.0992297541191578,False,False,REST,REST
vid5,22.53333333333333,0.072197745008908,0.9721373309556888,0.0021785893523913,0.0229676051914136,0.017634774948759,0.0655619016701644,-0.0163209952776058,-0.0134403470059798,0.0481280558195033,False,False,REST,REST
vid5,22.566666666666663,0.2009165287945334,0.9572618105798508,-0.1305230775935526,0.0206855006239598,-0.0435865305710269,0.0534081481643855,-0.1007564325567137,-0.0071602552709437,0.0047585459270193,False,False,REST,REST
vid5,22.6,0.1624811232335264,0.940200039588369,-0.1299070912837853,0.0168495704305877,-0.0387729891649477,0.0457580226136093,0.0498980171385583,-0.0078086850724538,-0.1181046819746941,False,False,REST,REST
vid5,22.633333333333333,0.2654507357265,0.9518470935790392,0.5035436672522733,0.0167591391306027,0.064961211834162,0.0672636711001557,0.0578511058329401,-0.0268382868403379,0.0738506186499826,False,False,REST,REST
vid5,22.666666666666668,0.4801076154818993,0.976604778116667,0.6305573791008674,0.0217748734493659,0.0690642190465665,0.0660726809625801,-0.3932427343869928,-0.0161754719841018,0.4772385913627997,False,False,REST,REST
vid5,22.7,0.9693669100487868,1.0053896257046,0.3434254360684581,0.0242307258260275,0.1123136140224262,0.0420347812709745,-0.8596768630591654,0.00961052238219,0.9691470368304936,False,False,REST,REST
vid5,22.733333333333334,1.1485259086382469,1.0091401973144505,0.391142320917884,0.0271076312517309,0.159666408701945,-0.0063379318213994,-0.955848586431384,0.0575407597939363,1.1442778581835509,False,False,REST,REST
vid5,22.766666666666666,1.506736542614388,1.0134326466501595,0.0796042169764209,0.0304089602367513,0.3442711114404477,-0.035175116212417,-0.6206320537892747,0.0891561240990254,1.2043715102549977,False,False,REACH,REST
vid5,22.8,3.01126526794223,1.036200256071221,-1.1751548049667528,0.0460021803366217,0.7499013122993698,-0.0466483463138205,-0.3516499348514682,0.1291186117752794,1.746394870106913,False,False,REACH,REST
vid5,22.833333333333332,4.7072244099974165,0.9701512488420848,-1.508800485508528,0.0761915516664285,1.178259874679441,-0.046508493022735,-0.2783384857507029,0.1868894189398666,2.5035681893922166,False,False,REACH,REACH
vid5,22.866666666666667,6.267748377349286,0.8709697655666074,-1.5803588108930542,0.1272031430911141,1.570821776678498,-0.0639946866168131,-0.2000755118471014,0.3000450399038055,3.1877536105577913,False,False,REACH,REACH
vid5,22.9,7.2144822974479155,0.8300294634875856,-1.0302381092557624,0.1870473422056112,1.8087067667604109,-0.0735943205125045,0.132945059351566,0.4232237930287313,3.351947009382124,False,False,REACH,REACH
vid5,22.933333333333337,7.64948395265979,0.8520637921424145,-0.1425512067272276,0.2504246815910873,1.9097608979541931,-0.0627592020295084,0.7120788576944622,0.5352607436305096,3.0379507285084544,False,False,REACH,REACH
vid5,22.966666666666665,7.8599702796563955,0.8310994802421153,-0.8255226655773863,0.3153137808579482,1.9420992779215285,-0.0222457703449516,1.3380746574649005,0.6241747716308057,2.551091234571295,False,False,REACH,REACH
vid5,23.0,8.034891860364654,0.7897066908391175,-0.999509815378148,0.3813494318197603,1.9748152599526256,0.0321571823870547,1.5914378199128665,0.7031091619829116,2.3916806968605973,False,False,REACH,REACH
vid5,23.03333333333333,8.086871599562258,0.7453970468029972,-0.1092000372344262,0.4465769379058902,1.9853891493990736,0.0935040005728508,1.644588779490658,0.7744054010398865,2.3653551515499793,False,False,REACH,REACH
vid5,23.066666666666663,8.002911944724406,0.7388487158006277,1.6644119559646209,0.5139861329102324,1.9473005287082457,0.140848872082964,1.932915366304248,0.8621623396115159,2.039508350198559,False,False,REACH,REACH
vid5,23.1,7.705094085422562,0.8483951433504394,3.435663725692583,0.5800744454496719,1.821371330396134,0.2021001211812181,2.57025295832827,0.9351931215989931,1.2391984310077684,False,False,REACH,REACH
vid5,23.133333333333333,7.198664559253272,1.021415489998797,3.91248299933884,0.6387169540011206,1.5987903385139688,0.3047095792952854,3.3415842022176045,0.9576823267427308,0.1360558650730095,False,False,REACH,REACH
vid5,23.166666666666668,6.369457228128647,1.1714002377689303,2.1754805061548983,0.6881420115726633,1.2449446302126086,0.4405487809228803,3.9899168815233073,0.9333595606133462,-1.110964567820887,False,False,REACH,REACH
vid5,23.2,5.615792800436073,1.1977057601028724,-0.4742694381256989,0.7233975864198023,0.9366086719978792,0.57948125211163,4.193438112703333,0.8791521352806558,-1.8807007243792968,False,False,REACH,REACH
vid5,23.233333333333334,5.25614170735765,1.1225125007087051,-2.713461081350288,0.7478777234193835,0.6648593569889405,0.7167289354711369,4.538339747787449,0.8057581365718691,-2.704238099479805,False,False,REACH,REACH
vid5,23.266666666666666,5.1927794332159305,0.9797015418316656,-4.120884947359051,0.7647549294638496,0.4344665545872272,0.8757492300681745,4.895177323719389,0.6986939230063508,-3.458932536093323,False,False,REACH,REACH
vid5,23.3,4.453995295364896,0.8165269859127682,-3.4611022396553386,0.7784770308333464,0.2359342776089374,1.0599623532496394,4.353474143610602,0.5634901324419225,-3.3646869695213155,False,False,GRASP,REACH
vid5,23.333333333333332,3.296991535037263,0.7021124728929835,-2.174642091714799,0.7808413468682648,0.0365040181734382,1.2052842540591806,3.293775862055628,0.4406056706105803,-2.817984584700444,False,False,GRASP,REACH
vid5,23.366666666666667,1.907370229158716,0.673706299615592,-0.9495082769536212,0.7770716716458003,-0.0506171444994118,1.2803971629747355,1.8966580441685488,0.3675175474976381,-1.760059808601076,False,False,GRASP,REACH
vid5,23.4,0.8576663765397904,0.687269330621724,-0.3755501670303043,0.7734976158468816,-0.0491423944145039,1.3074619254813764,0.8349742930762053,0.3369332436296812,-0.8263458602817356,False,False,GRASP,REACH
vid5,23.433333333333337,0.5311797678779253,0.6567649202371272,-0.4173591212733739,0.7739284746152744,0.0021112529435155,1.3285612655728227,0.5311130314717262,0.3192595590695304,-0.4616319787476821,False,False,GRASP,REACH
vid5,23.466666666666665,0.3357156944347227,0.6375471546625429,-0.3084245599878475,0.775008425097806,0.0093152672545712,1.3357047107927242,0.3336538723224144,0.3150671709670005,-0.2746845362564863,False,False,GRASP,REACH
vid5,23.5,0.2697540875294309,0.6423579870963884,-0.2167676167525632,0.7749993435549025,-0.0045429548799766,1.3451093439170134,0.2691449772420178,0.3068037595225066,-0.2446986223354159,False,False,GRASP,REACH
vid5,23.53333333333333,0.3681655913041465,0.6428283155858688,-0.2935822459022438,0.7746692782014606,-0.0272946765963556,1.3549744197633184,0.3517056764894123,0.2975210883030192,-0.3607183924916696,False,False,GRASP,REACH
vid5,23.566666666666663,0.3795251232823391,0.6192769158549797,-0.7796982561176571,0.7733215672548046,-0.0454186446922867,1.3675259560662172,0.3335118863048389,0.283931410192655,-0.3795219481914476,False,False,GRASP,REACH
vid5,23.6,0.3262620017477758,0.586473189121191,-0.958056576928536,0.7713200510445236,-0.0469231453565216,1.378820861718144,0.267260425303088,0.2701897610461446,-0.3243177156321545,False,False,GRASP,REACH
vid5,23.633333333333333,0.4043383187713507,0.5527532553792361,-0.9633171461062816,0.7690274903562622,-0.0144479784569581,1.3859919565809988,0.4002117640904144,0.2595057462014602,-0.3786127967806681,False,False,GRASP,GRASP
vid5,23.666666666666668,0.6389656194019807,0.516094917439773,-0.9078006453775324,0.7696698861434238,0.022180495823904,1.3952392999650554,0.6328130363364347,0.2526295690243861,-0.5123163867826712,False,False,GRASP,GRASP
vid5,23.7,0.8182726152074193,0.4952683958210327,-0.9986918831496856,0.7720821792745722,0.0090890987937379,1.426705012129816,0.81746936033803,0.229666383351898,-0.6993283769435483,False,False,GRASP,GRASP
vid5,23.733333333333334,0.9410885120543642,0.4689412639769841,-1.794978352603135,0.7723437055781888,-0.0273928264583941,1.4621025959815286,0.9347262690045012,0.19913125309564,-0.8720999147629372,False,False,GRASP,GRASP
vid5,23.766666666666666,0.6557523784374414,0.3744319126468627,-1.3741809878675706,0.769405273370765,-0.074924942148532,1.4942539432664603,0.5837174039628635,0.1653059443650848,-0.6554860260292575,False,False,GRASP,GRASP
vid5,23.8,0.4103466772517208,0.331157985733745,-1.5803727062580522,0.7661103491477758,-0.0978905895121168,1.5063551106096111,0.1263968769907592,0.1483770263829005,-0.2985473926558487,False,False,GRASP,GRASP
vid5,23.833333333333332,0.4548097219044558,0.2900712732413061,-1.103524631117097,0.7628566509078437,-0.0708429741154297,1.4956979264190038,0.3564131672061437,0.1514817221686784,-0.4483574491259257,False,False,GRASP,GRASP
vid5,23.866666666666667,0.7308345199256324,0.263064604156294,0.2926991078449319,0.7607927565419894,-0.0726239604299958,1.5023956105138063,0.6709945576869704,0.1416513024757098,-0.7275982239714075,False,False,GRASP,GRASP
vid5,23.9,0.964083898439345,0.249485726949161,1.0996817052680892,0.7582375990059341,-0.0407238308667485,1.5487367973296748,0.9503056678439196,0.0961193184384273,-0.9113245005754064,False,False,GRASP,GRASP
vid5,23.933333333333337,0.8462624252166804,0.3544909951188204,3.010812743919746,0.7576424077326516,-0.0054896905611159,1.594932843368619,0.8459791817645289,0.0544731741704795,-0.7522832232256157,False,False,GRASP,GRASP
vid5,23.966666666666665,0.3391538100662089,0.496992082699802,2.8647213555784847,0.758030764151363,-0.0243057234802046,1.603308461938344,0.3250066054427351,0.0478741613951376,-0.3315767647583317,False,False,GRASP,GRASP
vid5,24.0,0.0818849079078392,0.5832530124758383,1.5502743174460234,0.757838845194853,-0.0045894892613473,1.6057429706475492,0.0798130947927901,0.0453715422582152,-0.0787813905686848,False,False,GRASP,GRASP
vid5,24.03333333333333,0.1026014464197693,0.6120679674834476,-0.0093398897560067,0.7558881818740889,0.0202585665744472,1.6080649499403223,0.063242398385839,0.0395948873432137,-0.0166016613045726,False,False,GRASP,GRASP
vid5,24.066666666666663,0.2803523806584251,0.5605285474538514,-1.254683712648864,0.7571854643194668,0.0702703757512406,1.609227514248658,-0.0078130042968997,0.0410633165880518,0.1416062616723325,False,False,GRASP,GRASP
vid5,24.1,0.3827685694241622,0.5001471160123998,-1.1607810344529157,0.7627268559938332,0.0959697150271832,1.6060840575218658,0.0051166305081246,0.054446097444773,0.1795525434285119,False,False,GRASP,GRASP
vid5,24.133333333333333,0.1824999860780783,0.4622269880627143,-0.9515808755533072,0.7661709314049349,0.0451017826947163,1.6084259013179267,0.030875417486424,0.0589973859178081,0.059418992148487,False,False,GRASP,GRASP
vid5,24.166666666666668,0.0819447004850579,0.4493836104200394,-0.5650180851575293,0.7657423010572642,-0.0192212384503023,1.6097081007924523,-0.0289626131556244,0.0570511774550265,-0.0114656450187174,False,False,GRASP,GRASP
vid5,24.2,0.2669296533232549,0.4359273123849097,-0.5419952433698293,0.7636541273203573,-0.0660466881228125,1.6092820699747128,-0.0432706424981604,0.0534202813826418,-0.0887163818383183,False,False,GRASP,GRASP
vid5,24.233333333333334,0.3927364364531004,0.4081248624650508,-0.6532461934280785,0.7611968487203076,-0.093481035851015,1.6042944385575564,-0.1235115805899169,0.0530811798322066,-0.0709711990165024,False,False,GRASP,GRASP
vid5,24.266666666666666,0.430542168648296,0.3920291796500285,-0.6348798505722505,0.7574876305404302,-0.1032535536205279,1.600271750407829,-0.1257037580304017,0.0494952002250968,-0.0877896167510989,False,False,GRASP,GRASP
vid5,24.3,0.3440898458772908,0.3708460599516247,-0.810147541526729,0.7529284550407583,-0.0749089898927092,1.5974118563964934,-0.1707356530772223,0.0432597383344272,0.006050101857146,False,False,GRASP,GRASP
vid5,24.333333333333332,0.2033966245917369,0.3406447354960028,-0.9346937128321244,0.7512477299283573,-0.0347752891442835,1.588476832442317,-0.1487825847715675,0.0478708942274199,0.0637650515660407,False,False,GRASP,GRASP
vid5,24.366666666666667,0.1477495164451567,0.298391407017345,-0.7360867021106129,0.7518508948446906,-0.0105053185512571,1.5844740289274963,-0.1416850218255567,0.0525372330069896,0.1040838364842103,False,False,REST,GRASP
vid5,24.4,0.1656241982912603,0.2829730003379862,-0.6768094254831046,0.7522457604816649,-0.0308181409970741,1.5802255360082536,-0.1110212859015614,0.0570195420991322,0.0382444176021881,False,False,REST,GRASP
vid5,24.433333333333337,0.2847882984445266,0.2678211534320484,-0.5767688034600945,0.7498664004166794,-0.0675821148101565,1.5789750399661973,-0.0919890946476106,0.0535531373209438,-0.0489444230062187,False,False,REST,GRASP
vid5,24.466666666666665,0.3416275157635783,0.2477373707737478,-0.5785073144784231,0.7469024605714143,-0.0785844166517977,1.572954063156697,-0.1359760375914808,0.0531484624374759,-0.0314754569337637,False,False,REST,GRASP
vid5,24.5,0.3192318190034597,0.2159290781526056,-0.5479267553959573,0.7439932637371577,-0.0730205549158,1.570441333560501,-0.1307855829893168,0.0497727306544492,-0.0253567713430735,False,False,REST,GRASP
vid5,24.53333333333333,0.2751017218577367,0.2116026860276864,-0.2880362888173662,0.7420074135523289,-0.0546601634302203,1.5647381976748351,-0.16781489679293,0.0509650313860966,0.0423198656160078,False,False,REST,GRASP
vid5,24.566666666666663,0.278907356629291,0.2047547354471517,-0.3149606652452507,0.7404662393743576,-0.0498414314103205,1.5592452289435128,-0.1956508830435178,0.0528258017263311,0.075967265212548,False,False,REST,GRASP
vid5,24.6,0.2768918267155842,0.194575737470734,-0.3928316788163105,0.7390198069743763,-0.0473728502666605,1.5511478881284706,-0.2024249947964995,0.0571517733209043,0.0866407548801422,False,False,REST,GRASP
vid5,24.633333333333333,0.2645809456905658,0.1704755987158826,-0.1826354581312441,0.7372353120798372,-0.0399234316228393,1.5451286288261534,-0.211312155088399,0.0590073857171134,0.108718600760958,False,False,REST,GRASP
vid5,24.666666666666668,0.2479027915046847,0.1742827107856303,-0.1162263321093776,0.7358561747306345,-0.0291762673867543,1.5376791672629475,-0.2188990933090027,0.0628943459413803,0.1359804173851644,False,False,REST,GRASP
vid5,24.7,0.2014055844341662,0.1753571311747744,0.0118825918438104,0.7353439010008913,-0.0132970037259003,1.530368417236157,-0.1942989650716449,0.0683220471863837,0.1448622709073356,False,False,REST,GRASP
vid5,24.733333333333334,0.1401887220211882,0.178581500465071,-5.2713951380388744e-05,0.7354030163024176,-0.0114663381864288,1.5224147532762309,-0.1325208359551261,0.0754091952938987,0.0942057407751143,False,False,HOLD,GRASP
vid5,24.766666666666666,0.0904604535011381,0.166029230694109,-0.0543579162531479,0.7349421116589152,-0.0216121039979249,1.5203618182398229,-0.0274638001295888,0.0763253459759722,-0.0173647117696549,False,False,HOLD,GRASP
vid5,24.8,0.1130122169663846,0.1757846236062482,0.1673689414608855,0.733954609908073,-0.0282639153499214,1.5225258638523786,-0.0081411676305044,0.0725341993003609,-0.0470628425394967,False,False,HOLD,GRASP
vid5,24.833333333333332,0.1269214356617549,0.1786495989834007,0.2167720695479751,0.7326284163275345,-0.0273144488041256,1.52375800444529,-0.0651372248100784,0.0689106471306157,0.004732152351523,False,False,HOLD,GRASP
vid5,24.866666666666667,0.1175332022027606,0.1910577046532558,0.2830861454442073,0.7318600208518492,-0.0154130418666325,1.5180903996947055,-0.1001783135280488,0.0724064777026807,0.0582792714681469,False,False,HOLD,GRASP
vid5,24.9,0.0866226477729985,0.1985075607712481,0.2765123826003516,0.7315005556285307,0.0063419376696725,1.5126927351621282,-0.0828480041383156,0.0764498200012855,0.084803031623322,False,False,HOLD,GRASP
vid5,24.933333333333337,0.0986911604738483,0.2137501243959247,0.0573099734642312,0.7321642331436277,0.0218347982107634,1.51094531532479,0.0464459636860869,0.0792546786494731,0.0011481785139803,False,False,HOLD,GRASP
vid5,24.966666666666665,0.1433792605642178,0.2062198022254242,-0.0124330104473028,0.7334744455436835,0.019069645632709,1.5167475201613485,0.1215476548142865,0.0766798598006483,-0.0700037599306362,False,False,HOLD,GRASP
vid5,25.0,0.0495950515233113,0.2044849052868768,-0.1118446357843455,0.7342211499981826,0.0064247109967218,1.522858820812681,0.0424637572216538,0.0727533996688987,-0.0249117703975742,False,False,HOLD,GRASP
vid5,25.03333333333333,0.0425061581552402,0.194186362340587,0.0616618012140836,0.7336895841984519,-0.0104666653916836,1.5227250175190508,0.0080244746556867,0.0718513476519482,-0.0271075433239949,False,False,HOLD,GRASP
vid5,25.066666666666663,0.0657198387592486,0.208554135238692,0.2907085571338438,0.7329046668288649,-0.0103763924821378,1.518864077967902,-0.0510552807546886,0.0737314079138229,0.0248667862481653,False,False,HOLD,GRASP
vid5,25.1,0.041637528487948,0.2187448336523443,0.0581303211938087,0.7326817635056788,0.0073771781257881,1.5175880613021455,-0.0294636061865028,0.0744227648428695,0.0399807696360957,False,False,HOLD,GRASP
vid5,25.133333333333333,0.0893869432958993,0.2265561639970129,-0.166172989780024,0.7334466983767705,0.0119031202867291,1.518380531522151,0.0757401769734988,0.0751948229926314,-0.0435827699577098,False,False,HOLD,GRASP
vid5,25.166666666666668,0.0543525068091123,0.1998130786783885,-0.2580555285545817,0.7341330438892094,0.0083643034597115,1.5212645374552125,0.0429124052322136,0.0739823106687718,-0.021585635845319,False,False,HOLD,GRASP
vid5,25.2,0.0267729216696786,0.1901093142124015,-0.0783074327349692,0.7341789574274671,0.0007981784564706,1.5242752941725124,0.0265830134401564,0.0714305220915944,-0.0217773771957011,False,False,HOLD,GRASP
vid5,25.233333333333334,0.0615827783396551,0.2032213363465922,-0.1360821191990502,0.7338336140916779,-0.0154328713423492,1.5244122888093954,-0.0020859541135915,0.070648148392381,-0.0277662783024539,False,False,HOLD,GRASP
vid5,25.266666666666666,0.0875417650138219,0.1957780564813811,0.1810587876410825,0.7332699090845246,-0.0127990871932039,1.5212255561919987,-0.0711203206243023,0.0723612766579246,0.0378138990277074,False,False,HOLD,GRASP
vid5,25.3,0.0833038327680775,0.1954361610313811,0.0059071952606352,0.7326200339691707,-0.0060934896076761,1.5206008124490642,-0.0796804608645691,0.0716628030134227,0.0581786055125634,False,False,HOLD,GRASP
vid5,25.333333333333332,0.0831779978889976,0.2017268018885825,0.0428645323138118,0.7326119523111234,-0.0072661205863271,1.516485364508763,-0.0779670744835478,0.0752557357460945,0.0544275796419051,False,False,HOLD,GRASP
vid5,25.366666666666667,0.0591837998638432,0.2126479027026778,0.1971837713175026,0.7328389092478783,-0.0066999080843357,1.5125969938596784,-0.0528088824907303,0.0791002946356999,0.0334546524340633,False,False,HOLD,GRASP
vid5,25.4,0.0256488173573293,0.2004475051560608,-0.0550682706065823,0.7321044054541851,-0.0056245675284433,1.5121833446940809,0.0124379806120122,0.078054442579652,-0.0216917372374801,False,False,HOLD,GRASP
vid5,25.433333333333337,0.0886893152070069,0.2095100522989066,0.1222555526122503,0.7317351131371644,-0.003726810429429,1.5146215177690237,0.0874350723806097,0.0752084658974965,-0.0838100131613082,False,False,HOLD,GRASP
vid5,25.466666666666665,0.1121757396608596,0.2175111616743446,-0.0722411909034733,0.7320961078917362,0.0084286704354459,1.5180435707086468,0.1070209533584595,0.0729002758594164,-0.077672668991785,False,False,HOLD,GRASP
vid5,25.5,0.0916837881324167,0.2053209574343848,-0.097981961914415,0.7326000754946738,0.0138065046888826,1.5232783286777616,0.0733086807533699,0.0692768790075452,-0.0378007560858796,False,False,HOLD,GRASP
vid5,25.53333333333333,0.0684816392465415,0.1998329078446054,-0.0675639829949693,0.7330032642754573,0.0005120103651656,1.524548337967528,0.0684511900076264,0.068936518437014,-0.0590362329048746,False,False,GRASP,GRASP
vid5,25.566666666666663,0.0272131546173242,0.2025887419890514,-0.1334767599903233,0.7329954268849851,-0.0022460422422001,1.5257144576487465,0.0256967130443076,0.0678990334310945,-0.0268380964795146,False,False,GRASP,GRASP
vid5,25.6,0.0333879722381753,0.2030419564871462,-0.1279843633297664,0.7325809778661886,-0.0070636254520855,1.5262393468398043,0.0179218553761843,0.0666440309182597,-0.0292596533404325,False,False,GRASP,GRASP
vid5,25.633333333333333,0.0291057544102723,0.1872349598522368,-0.2868766017349491,0.7321494514297358,-0.0064168288723873,1.528203289311464,0.0138656531435892,0.0640945154452736,-0.0244628230969199,False,False,GRASP,GRASP
vid5,25.666666666666668,0.0532035908315083,0.1787271578972202,-0.3243093183360113,0.7323917611917325,-0.0027763489242723,1.526780981531557,-0.052038702468593,0.0658062685714269,0.0403034724317843,False,False,GRASP,GRASP
vid5,25.7,0.1833406803162971,0.1632794656056407,0.3013352543153152,0.7317693144752854,0.0189745667447827,1.5266351204292807,-0.1669956757827481,0.0647405087121559,0.1828091210941027,False,False,GRASP,GRASP
vid5,25.733333333333334,0.4192846749952594,0.1806350236089964,0.7549937698485082,0.7326232227779674,0.0519095826186473,1.5190132183625302,-0.3646130223029448,0.0730609229171361,0.4192389848472617,False,False,GRASP,GRASP
vid5,25.766666666666666,0.5754815818909378,0.2297730196741237,0.6727413614607977,0.7354110704897281,0.0740578188192374,1.5016176009178706,-0.4939114831982201,0.0936596140210099,0.575081202678538,False,False,GRASP,GRASP
vid5,25.8,0.6204742117107225,0.2657802190975958,0.0779251341587944,0.7392453449375364,0.0618478699741751,1.4808841900868732,-0.5693418091452124,0.1191915945797865,0.6178038970651201,False,False,GRASP,GRASP
vid5,25.833333333333332,0.7090601491340991,0.2331571005605148,-1.028974878950444,0.7399841194264928,0.0489055947660082,1.4644718171085949,-0.6817081660375593,0.1349987171092239,0.6915077924132171,False,False,GRASP,GRASP
vid5,25.866666666666667,0.9919781802026724,0.1715840679543578,-1.2232280147729409,0.7405271711850571,0.0770822336262155,1.443000508120896,-0.943143676224446,0.1548661893133523,0.9747684897330524,False,False,GRASP,GRASP
vid5,25.9,1.0849545492875212,0.117706412259443,0.0567172777377209,0.7439505203555928,0.1161688899825346,1.400016893672987,-0.9810650232092976,0.1991191592197246,1.0829735219377776,False,False,GRASP,GRASP
vid5,25.933333333333337,0.8848401461306922,0.1423381031983427,1.783141247428871,0.7503381833979894,0.1199266681515986,1.360514653020606,-0.7444418648962041,0.2460042488840462,0.882708193660703,False,False,GRASP,GRASP
vid5,25.966666666666665,0.431092767496773,0.2582995799822751,2.853660923691882,0.7544362893005248,0.0423830702780029,1.345265765962817,-0.3965739545835419,0.2672333342597278,0.4289936132998611,False,False,GRASP,GRASP
vid5,26.0,0.2152340703203378,0.3887254526012813,2.848550093671174,0.753609974714868,-0.0460880998844602,1.3464628724018604,-0.1119921658373269,0.2645991060032707,0.0098128539339581,False,False,GRASP,GRASP
vid5,26.03333333333333,0.3977680792884965,0.4575932204919253,2.2251595155398136,0.7495973532171303,-0.0904348817370913,1.3424118613706248,-0.16775892621051,0.2604561307001535,-0.0263335256626108,False,False,GRASP,GRASP
vid5,26.066666666666663,0.4094212526215363,0.5136516961002443,1.706695452663649,0.7457141716180293,-0.0802562258172958,1.3349101258314733,-0.2553083673925769,0.2595869794374277,0.0699493150293259,False,False,GRASP,GRASP
vid5,26.1,0.3015283535104412,0.5751561571756022,1.424179590376374,0.7438356602658711,-0.0418275621135062,1.3257267348450146,-0.2511837853196816,0.2640366139939836,0.1400265988719797,False,False,GRASP,GRASP
vid5,26.133333333333333,0.2511479289791035,0.6233172478945226,0.8839521072986282,0.7433070328211351,-0.0148817692939753,1.3152841291926394,-0.2440346424666173,0.272178969676467,0.1854315183287538,False,False,GRASP,GRASP
vid5,26.166666666666668,0.1615640372301388,0.6308068515182301,0.2445332518009517,0.7432462461111455,0.0016874046256232,1.308059658698498,-0.1614238272967779,0.2783968266922552,0.1447725415561588,False,False,GRASP,GRASP
vid5,26.2,0.0870967383771023,0.6281069877812099,0.0175731377449226,0.7437431256672745,-0.0060317181652789,1.305254006370038,-0.0837090296225901,0.281809680695221,0.0618293180613181,False,False,GRASP,GRASP
vid5,26.233333333333334,0.0856660206278833,0.6235404242104007,0.0130702281998816,0.7434375402123135,-0.0196592740442244,1.3030274386027498,-0.0345208886363626,0.283175924677311,-0.0074321513158965,False,False,GRASP,GRASP
vid5,26.266666666666666,0.0942524838236694,0.6284668611613882,0.1398949536859763,0.7422348324007544,-0.0228267087646298,1.3036619881854583,-0.0244178152738766,0.2803131468604472,-0.0223646540422127,False,False,GRASP,GRASP
vid5,26.3,0.1047836218429101,0.6350029090882545,0.1530841421806394,0.7409938895421754,-0.018068441106473,1.3032752648765549,-0.0760737172325804,0.2782725001695106,0.0320521312063034,False,False,GRASP,GRASP
vid5,26.333333333333332,0.0627065795272013,0.641274927982969,0.1168396298162786,0.7410733343527077,-0.0018173266293123,1.298919369181288,-0.0622863301095896,0.2822441052451171,0.0511277012083006,False,False,GRASP,GRASP
vid5,26.366666666666667,0.0388878048714548,0.6444144389373905,-0.0281184581452436,0.741389266246015,0.0027269088542304,1.2953124070788609,-0.0373362187309684,0.2860125498446591,0.0379657783050346,False,False,GRASP,GRASP
vid5,26.4,0.0078932921063987,0.6393419737225025,-0.0686024059166217,0.7413521243376917,-0.0008862246971848,1.296368622779337,0.0070578021460996,0.2850152322402289,-0.0078877829467927,False,False,GRASP,GRASP
vid5,26.433333333333337,0.0075740253111425,0.6340343164635426,0.01598170677439,0.7411992854446982,-0.0014286433433172,1.2995303249953176,-0.0049903850090088,0.2819499516770958,0.001635901875229,False,False,GRASP,GRASP
vid5,26.466666666666665,0.0768070831235372,0.6362365077282549,0.1618601022540667,0.7410217077211844,0.0122516409749045,1.2966994976552206,-0.0592619929407657,0.2840914886760292,0.0754556785153501,False,False,GRASP,GRASP
vid5,26.5,0.2323779422741909,0.6485735882931923,0.3092631034423816,0.7413599604976073,0.0482550946107356,1.2941539455177111,-0.1302477042079357,0.2869720916963896,0.2067390097215574,False,False,GRASP,GRASP
vid5,26.53333333333333,0.4532016543257944,0.6615400228378141,0.2240509407804708,0.7435760788006626,0.0963175560314655,1.2898664730964136,-0.2405043594910706,0.2949811504723045,0.3955804306672076,False,False,GRASP,GRASP
vid5,26.566666666666663,0.7557704852980878,0.666862390916316,0.0965651443418094,0.7478831254265512,0.15187918098477,1.2818019968642609,-0.4520065198314633,0.3103116145930736,0.687575022955958,False,False,GRASP,GRASP
vid5,26.6,1.2019093884682752,0.6647825461071168,0.0927441083089715,0.7539803858771499,0.1986667021547245,1.2638924003281062,-0.903797924564537,0.3377073444620525,1.1734296862368725,False,False,GRASP,GRASP
vid5,26.633333333333333,1.8919825976972104,0.6688176899141238,-0.0254558503718885,0.7607282744863395,0.2723979034926586,1.2291507860522437,-1.5490180015864328,0.3811091059009949,1.8805521373485328,False,False,GRASP,GRASP
vid5,26.666666666666668,2.89764050211375,0.667963760962428,0.0678390485370786,0.7706850497541359,0.3793605769192056,1.1674235059319806,-2.471315218782447,0.4543255430688515,2.8943434216910537,False,False,GRASP,GRASP
vid5,26.7,4.050860878027992,0.672876061548121,-0.1307817998939376,0.7850126427660542,0.5200886056428816,1.06794143640092,-3.4795641929150967,0.5690272464308427,4.048248340515823,False,False,GRASP,GRASP
vid5,26.733333333333334,5.151422538540943,0.6651904357606507,-0.5038687172661677,0.8051113675702696,0.691867661954461,0.932147160176198,-4.350156378112569,0.726634705908793,5.141001394986866,False,False,GRASP,GRASP
vid5,26.766666666666666,5.955486492458141,0.6410043615089822,-0.4157603201880521,0.8310964760847123,0.8289885818608334,0.7682055124037828,-4.953557555668221,0.9202099980121228,5.933017911776105,False,False,GRASP,GRASP
vid5,26.8,6.253293725559897,0.6068479916474359,0.2843497600459312,0.8622751702987468,0.9132889865617304,0.5911630567490334,-5.083069135482924,1.1352317117872883,6.208234710100323,False,False,GRASP,GRASP
vid5,26.833333333333332,6.055937959024737,0.6425521480514685,1.0613903120088295,0.8949156332951591,0.9041975197657935,0.4176020295309806,-4.865295242740634,1.3500041028594834,5.9998557574787945,False,False,GRASP,GRASP
vid5,26.866666666666667,5.479436564910063,0.7095624824247392,1.5374881960029554,0.9248561333042312,0.8003768979921644,0.2606546763294643,-4.453717480107006,1.5450319463823563,5.439889469794295,False,False,GRASP,GRASP
vid5,26.9,4.650108949813774,0.7694926645240344,1.1284688575076272,0.9500060447234128,0.6354573917931994,0.1211062934429291,-3.898856640277398,1.7156175510242726,4.6371245118377775,False,False,GRASP,GRASP
vid5,26.933333333333337,3.654089935511309,0.7846502546733402,0.2984435403501388,0.9681951053278716,0.438239896268819,-0.0034783897684684,-3.2090187645556125,1.8597343059908795,3.654074415981389,False,False,GRASP,GRASP
vid5,26.966666666666665,2.674783772046162,0.7842227589302881,0.1319787023949596,0.9787724267458868,0.2643553150611533,-0.0992017542744589,-2.458248517673592,1.9639485657598612,2.662343696713318,False,False,GRASP,GRASP
vid5,27.0,1.885050368713212,0.7712546193263344,0.3614792182608952,0.984093850653702,0.1287697563655289,-0.1626969153108503,-1.8137497325817713,2.0298259817547373,1.8372370631590624,False,False,GRASP,GRASP
vid5,27.03333333333333,1.318263081271307,0.7958760328565353,0.8811129443780176,0.9861479859271778,0.0442027000896501,-0.2109397161344386,-1.3064232173570087,2.076064505383808,1.2302402291970602,False,False,GRASP,GRASP
vid5,27.066666666666663,0.9563277619242893,0.8480158128716926,0.958851622250106,0.9862263031135482,0.0053590340630697,-0.2500593289873519,-0.9560889164426803,2.1105148257570385,0.8485770417589618,False,False,GRASP,GRASP
vid5,27.1,0.6178183919022973,0.8836056685806267,0.4988725615131615,0.9852382969350582,-0.0046049355087753,-0.2756151987934616,-0.6175453817731673,2.1310275738686575,0.5326339140459396,False,False,GRASP,HOLD
vid5,27.133333333333333,0.2860501879280656,0.8806047229724149,-0.1330891741811587,0.9851431013222028,0.0183807295777449,-0.2878372257014094,-0.2764982367094424,2.1415613104847018,0.2776823383799007,False,False,GRASP,HOLD
vid5,27.166666666666668,0.2003393312400928,0.858537145987878,-0.2780084095803262,0.9865886373366244,0.0317281839596028,-0.29159401478953,-0.1553219344512598,2.147627338236203,0.1970308724828538,False,False,HOLD,HOLD
vid5,27.2,0.177159131370282,0.8496895660272242,-0.0693314316864092,0.9880236118978084,0.034217898394351,-0.2933446347000761,-0.1129737300556678,2.151914100493196,0.1646743707805274,False,False,HOLD,HOLD
vid5,27.233333333333334,0.1476968567092532,0.8560340201764657,0.1281099087675961,0.9890546361702056,0.0268308732283275,-0.2974142570721795,-0.1018067193810573,2.157459521732361,0.1407171992420851,False,False,HOLD,HOLD
vid5,27.266666666666666,0.091929234580465,0.8686379758265932,0.0658987616474643,0.989614450666716,0.0104525101172925,-0.3036451908784336,-0.0819348066511081,2.1639963563322837,0.091885084579956,False,False,HOLD,HOLD
vid5,27.3,0.0672354671991332,0.8623940763352104,0.0570544118163231,0.9900750788455058,-0.000735197486054,-0.304563571873256,0.0671715065678928,2.1656849296939766,-0.0603059450812198,False,False,HOLD,HOLD
vid5,27.333333333333332,0.2648439576054352,0.8600522435672003,0.2354256366698998,0.9897030184493764,-0.0238782570059953,-0.3002984872787984,0.2471313396613287,2.161231806058338,-0.2624758764004446,False,False,HOLD,HOLD
vid5,27.366666666666667,0.4510886989607067,0.8701806847697633,0.7107301256755324,0.98843120883143,-0.04415993854971,-0.2886884358237286,0.4152892752609032,2.148613177381626,-0.4488106911780288,False,False,HOLD,HOLD
vid5,27.4,0.7299223078299536,0.9205207795154728,0.4349904426850602,0.9868189504507098,-0.0721227116813576,-0.2724209392585058,0.6708614835850879,2.131258023667402,-0.7265203117454406,False,False,HOLD,HOLD
vid5,27.433333333333337,0.8897988087685184,0.9273649928377042,-0.0122822955993149,0.9839712102914516,-0.1052951503080392,-0.2445933723480375,0.7844775320870666,2.1013977298093955,-0.8897530152409988,False,False,HOLD,HOLD
vid5,27.466666666666665,0.9785000737792818,0.906530754013522,-0.2316349881035644,0.9798139185397816,-0.1343005220485824,-0.2147090770073873,0.818898356064495,2.0672227979078563,-0.9755561469379525,False,False,HOLD,HOLD
vid5,27.5,1.0047537156573834,0.8809222259182966,-0.2291649702414823,0.9742784961849458,-0.1423395126459852,-0.1866859054163174,0.8290304578559555,2.032036894128412,-0.9998561672787156,False,False,HOLD,HOLD
vid5,27.53333333333333,0.9372704510981892,0.9067395029170664,-0.1231915679008064,0.9695983385801203,-0.1347644070744848,-0.1634357377263277,0.7678690440228758,2.0026760877292435,-0.9317031531428612,False,False,HOLD,HOLD
vid5,27.566666666666663,0.9091368613584144,0.8989581289843112,-0.7244511683398407,0.9656392389904837,-0.1367718481889913,-0.1340428635625814,0.7273288396268768,1.9693121029682423,-0.9000070645294057,False,False,HOLD,HOLD
vid5,27.6,0.8967543368095758,0.8500358741219112,-0.9575301325574604,0.9610400708262608,-0.1292665529608651,-0.1121157769955364,0.7337592842858526,1.94126668752091,-0.8912525637451651,False,False,HOLD,HOLD
vid5,27.633333333333333,0.8993785102617725,0.8018997028825696,-0.6827414985194448,0.9562332447861054,-0.1261178312625684,-0.0901541404135234,0.7455907708243465,1.912792758059954,-0.8955882005229081,False,False,HOLD,HOLD
vid5,27.666666666666668,0.8816882538709819,0.8039368381643296,-0.3383517377761623,0.952444015597482,-0.11929237157216,-0.0633878336549407,0.7423200801874488,1.8820575077953896,-0.8796314344624119,False,False,HOLD,HOLD
vid5,27.7,0.9609362080344804,0.8051645816026388,-0.1489302293724874,0.949022599845097,-0.1081048872467691,-0.0363609750322379,0.858792772225774,1.8517991522510977,-0.9603008906706296,False,False,HOLD,HOLD
vid5,27.733333333333334,0.9418325360644754,0.7910729987717501,-0.273352773766403,0.9449547074836702,-0.1052664197354859,-0.0097672004320225,0.8430941945189394,1.8206807927746855,-0.9410930941035582,False,False,HOLD,HOLD
vid5,27.766666666666666,0.9961388653823288,0.7755714192613886,-0.3148002818720247,0.9415852942946984,-0.0972293766512168,0.0193925114427703,0.9175709112042628,1.788652072464078,-0.9909819434385024,False,False,HOLD,HOLD
vid5,27.8,1.1024515495098524,0.7768883075849384,-0.1364115360437594,0.9389329400641704,-0.0924734142585221,0.0530458539241581,1.0389382653108443,1.7540584170132023,-1.08827662126207,False,False,HOLD,HOLD
vid5,27.833333333333332,1.2224533176778545,0.7691207961705818,-0.2544661020273,0.9359524467730628,-0.1081483416947017,0.0854477242616966,1.143839710875463,1.7199327897783538,-1.21031379219934,False,False,HOLD,HOLD
vid5,27.866666666666667,1.4755074030290525,0.752669493349187,0.1373057216787273,0.932169983073199,-0.1481800957896908,0.1277461640350881,1.3519971692009267,1.6755919167332385,-1.469594485364467,False,False,HOLD,HOLD
vid5,27.9,1.7793410056985266,0.768572648303109,0.2139749115879994,0.92657801430568,-0.1910121725630712,0.1751837767806673,1.6080297609348249,1.6232749650459153,-1.7762222764603266,False,False,HOLD,HOLD
vid5,27.933333333333337,2.062270909081462,0.78334006260138,0.3200748546765806,0.9192911762739032,-0.2408272505704897,0.233961900781851,1.8249717958660865,1.5577644266198318,-2.0619665439371655,False,False,HOLD,HOLD
vid5,27.966666666666665,2.2630358827959873,0.7965318162300968,0.3042715784543179,0.9102152299449844,-0.2779199389960053,0.2995280305316112,1.9730325696589095,1.482871224973314,-2.2629182012935813,False,False,HOLD,HOLD
vid5,28.0,2.3523708669825387,0.7909772573044569,0.0893233940109532,0.9004230132372106,-0.2972507625359543,0.3696015785679752,2.0318310978297123,1.4026523379591227,-2.3515430912324984,False,False,HOLD,HOLD
vid5,28.03333333333333,2.363275486928675,0.8069340343036743,0.1952248597559372,0.8898363232666293,-0.3038754551557114,0.4355182628521685,2.0288969610624155,1.3245546528698229,-2.3616744494305384,False,False,HOLD,HOLD
vid5,28.066666666666663,2.4230185102162944,0.8102167403261314,-0.061368275748036,0.8800442168413136,-0.3102264197165009,0.5032968938848235,2.0833482329596795,1.2463481639050022,-2.421596495616407,False,False,HOLD,HOLD
vid5,28.1,2.541318113725004,0.8035829305098977,-0.2531368054637499,0.8697805008588116,-0.3302607926744578,0.57284320797584,2.173369075666276,1.1656873735701196,-2.5389463360904823,False,False,HOLD,HOLD
vid5,28.133333333333333,2.7121316279479157,0.7879738349690768,-0.341196543155693,0.8586314586552074,-0.3698813354978129,0.6481816566180083,2.275894493025412,1.0782502624606607,-2.704820132295835,False,False,HOLD,HOLD
vid5,28.166666666666668,2.9550597425028418,0.7749096128759305,-0.2197148455598697,0.8456386686558987,-0.4447510315920167,0.7253656340570827,2.363549358314396,0.9856592782521802,-2.925251859610769,False,False,HOLD,HOLD
vid5,28.2,3.17407580383668,0.7668952588888245,0.2725844115715649,0.8295219067715895,-0.5042892798544473,0.8056848646455635,2.4556180973446757,0.8843285338377156,-3.120152929360218,False,False,HOLD,HOLD
vid5,28.233333333333334,3.4719941795093674,0.7884125093343488,0.5333171327184933,0.8112026991562825,-0.5673970793190847,0.8871316946658091,2.6333213003330167,0.7777855314381703,-3.3969836639550346,False,False,HOLD,HOLD
vid5,28.266666666666666,3.640180704879999,0.8250552690372974,0.0719489298755614,0.7909765651125603,-0.5952488801833424,0.9796862337121092,2.759624841957858,0.6578464067135599,-3.5611375208876725,False,False,HOLD,HOLD
vid5,28.3,3.1992546697326976,0.8187067976887313,-0.4814246620061746,0.77022666165409,-0.5407242765080741,1.0820267286032828,2.3632518985527113,0.5283225216858167,-3.10903662813492,False,False,HOLD,HOLD
vid5,28.333333333333332,2.415314162844987,0.773580822626594,-1.1855934801414338,0.7519116690577213,-0.4343951786123544,1.1580307210323983,1.6830126677357329,0.4265598902349523,-2.308697130503765,False,False,HOLD,HOLD
vid5,28.366666666666667,1.347920363664292,0.7209343360299845,-1.1908906628035838,0.7399618741543073,-0.2611542773519,1.193292667864673,0.85566431677572,0.3727263299652645,-1.251056987853726,False,False,HOLD,HOLD
vid5,28.4,0.5073842235841779,0.6893264289011299,-0.5565183156615838,0.735245858071778,-0.1134209587128003,1.201528302584728,0.2298591079593185,0.3564615229506086,-0.4190454422954642,False,False,HOLD,HOLD
vid5,28.433333333333337,0.1799908677420806,0.67656932790302,-0.3368762783685703,0.7344839975671529,-0.0451246405264378,1.205044930385187,0.00331018689128,0.3519171370339773,-0.0894368136520741,False,False,HOLD,HOLD
vid5,28.466666666666665,0.1860016041578244,0.6820901239301872,-0.1219538801039868,0.7345599584733996,-0.0270938374873625,1.1979662775575055,-0.151397852940864,0.358269378520048,0.0807886574448577,False,False,HOLD,HOLD
vid5,28.5,0.2677958618281427,0.6777547228011264,-0.1561200976775925,0.7331495400551684,-0.0557413308823533,1.189734544454842,-0.1493220563441131,0.3627822486136153,0.0240319874414945,False,False,HOLD,HOLD
vid5,28.53333333333333,0.2696867705566628,0.6643130961417797,-0.3970947040582469,0.7305422485112053,-0.0676159905246172,1.1853569009518068,-0.0039661305693836,0.3616206325620759,-0.1261880484491731,False,False,HOLD,HOLD
vid5,28.566666666666663,0.2234575001016968,0.6492724900920103,-0.0910239924218327,0.7279908667195296,-0.0544432051778034,1.189581751284519,0.0528262780302625,0.3530235542021713,-0.1507225814411059,False,False,HOLD,HOLD
vid5,28.6,0.1229509453491379,0.6522120248108104,-0.028480720115067,0.7261961358053679,-0.0307804328832572,1.1944695983768885,-0.0069446966035922,0.3452961704950995,-0.0529377751748288,False,False,HOLD,HOLD
vid5,28.633333333333333,0.0568446253124218,0.6553233278904776,-0.0682490824101056,0.7261033187373054,-0.0010064218020433,1.1917743443940174,-0.0567027491301694,0.3474813800461787,0.0477870619611996,False,False,HOLD,HOLD
vid5,28.666666666666668,0.1204899893691998,0.6573989273582396,-0.1291758506868305,0.7265021118716531,0.0202687737465316,1.1848100199853575,-0.0893521257653245,0.354352465801509,0.1172130132384896,False,False,HOLD,HOLD
vid5,28.7,0.1124228872484177,0.6375664507609795,-0.2884659270976018,0.7275458082815917,0.0271384400882554,1.1839984987481067,-0.0304162246581817,0.3570654802847711,0.0787117233030965,False,False,HOLD,HOLD
vid5,28.733333333333334,0.0763505288840708,0.6319100126893119,-0.0877442571038599,0.7287848909054712,0.0184648995344458,1.1859571597848506,0.0201653878291047,0.3577242823646127,0.0177286520336655,False,False,HOLD,HOLD
vid5,28.766666666666666,0.0380944088951951,0.6319252979436514,0.0959025073845162,0.7293532198090404,0.0023352675542458,1.1861227119939484,-0.0369384339889041,0.3586689966056846,0.0368659589711373,False,False,HOLD,HOLD
vid5,28.8,0.098147632059594,0.6434377180850298,0.0364297126437301,0.7287576586710407,-0.0188871918992352,1.1837068730842195,-0.0629231583166411,0.3596451144129008,0.0189516033533666,False,False,HOLD,HOLD
vid5,28.833333333333332,0.1041906082973616,0.6425830182772623,-0.1279741238873045,0.7274756646674722,-0.0097312455466592,1.1815059338052338,-0.0966930693729304,0.3591164521279445,0.0661192483694441,False,False,HOLD,HOLD
vid5,28.866666666666667,0.1393819413363984,0.6296572215439508,-0.0494320020939766,0.7276168209292206,-0.0075969039740698,1.1771911681698906,-0.1360493154189057,0.363170336871835,0.1047198375466069,False,False,HOLD,HOLD
vid5,28.9,0.1151445816461162,0.6264201390690107,-0.005419867051003,0.7276967054137709,-0.0075300471793774,1.1722988604202786,-0.1111595719085791,0.3676131119683768,0.0830246839379975,False,False,HOLD,HOLD
vid5,28.933333333333337,0.1041363449965103,0.635749462952792,0.2537582766158989,0.7276138873442672,-0.020879534771028,1.1672118596738863,-0.062535020320223,0.3719145833957655,0.0147906154251009,False,False,HOLD,HOLD
vid5,28.966666666666665,0.1080861974732206,0.6517429556674623,0.0601425753958161,0.7257219038106055,-0.0239788413295714,1.1668109660785675,0.0503750238275091,0.3686378762006537,-0.0901525409276091,False,False,HOLD,HOLD
vid5,29.0,0.1255115134825395,0.6432342487978808,-0.1304040857576447,0.7253998356705255,-0.0124489895448374,1.1716961334328282,0.1152747415005951,0.3637369320463429,-0.1249461884411916,False,False,HOLD,HOLD
vid5,29.03333333333333,0.0399035264236718,0.6346655727979386,0.0004966921238579,0.7250004572449266,0.0045650294483446,1.1782291313902198,0.0355083755267657,0.3572429115512555,-0.0223795481636813,False,False,HOLD,HOLD
vid5,29.066666666666663,0.1615106300707234,0.6285829049686306,0.3492097668273816,0.7256804224856263,0.0332731830622601,1.177950853424321,-0.0920731955312768,0.3587908590512478,0.1445370938883505,False,False,HOLD,HOLD
vid5,29.1,0.3738207473178156,0.6589439385928791,0.8266229668295185,0.7264063683768655,0.0754110574397626,1.1703360177971691,-0.2220235319699987,0.3668596869553832,0.3392845251195442,False,False,HOLD,HOLD
vid5,29.133333333333333,0.7439694670667705,0.6974150960414748,0.7753359570517644,0.7300270373247658,0.1477903690353299,1.162369807829333,-0.4539817072830782,0.3807877411210236,0.6814658539267613,False,False,HOLD,HOLD
vid5,29.166666666666668,1.1084096118015008,0.7170363321285647,1.0068031747332318,0.7361089561595394,0.2172920610411485,1.1462087480010854,-0.6910979015505896,0.4066209312165039,1.0226513994255664,False,False,HOLD,HOLD
vid5,29.2,1.3483612877755686,0.7237427738457014,2.683640627572931,0.7466797646767778,0.1654735229539814,1.1191981634767656,-1.175832807297086,0.4505752360251668,1.348296505897037,False,False,HOLD,HOLD
vid5,29.233333333333334,1.8922612483744683,0.8703857131929968,2.9921084166679974,0.7529776130785335,-0.0338663966866117,1.0729786836097917,-1.887435023014754,0.5031777754184635,1.58996099686005,False,False,RELEASE,HOLD
vid5,29.266666666666666,2.91928200357258,1.0235283531197583,2.232450965398036,0.7478679840517505,-0.3156736779317393,1.00056588786933,-2.633875914766658,0.5568708073445349,1.704026415251408,False,False,RELEASE,HOLD
vid5,29.3,4.0709825922658505,1.0742463457909308,0.1156479939782333,0.7293952708922004,-0.5816319715866682,0.8927006205839797,-3.3455035516640494,0.6160225530448189,1.8179607432154483,False,False,RELEASE,RELEASE
vid5,29.333333333333332,4.976699873166059,0.9697491977282464,-1.9576313271050945,0.7073952519495438,-0.8409866368989697,0.7664167812869447,-3.676789382572019,0.6845595000499176,1.6110744421748242,False,False,RELEASE,RELEASE
vid5,29.366666666666667,6.188220835981956,0.8961921938725973,-1.161674439822126,0.6763634076281124,-1.1091493631873537,0.6474031169253958,-4.3275712274787335,0.7294018329774832,1.6674317039128688,False,False,RELEASE,RELEASE
vid5,29.4,7.616776073494971,0.8665670251706522,-0.2906126621234411,0.6342095340501986,-1.4008358892402168,0.4986970379889397,-5.17733091670186,0.7789500703521439,1.853142004076817,False,False,RELEASE,RELEASE
vid5,29.433333333333337,8.92684254150851,0.8939571781167357,0.5401720001583104,0.5800169878579778,-1.6528579188258457,0.3040733169179704,-6.01977899576051,0.8456726903698759,2.108505123965636,False,False,RETRACT,RETRACT
vid5,29.466666666666665,9.180346264572112,0.9120894967180698,1.939221105251129,0.5223464701038654,-1.8195731090296,0.0605445526925347,-5.623221036493921,0.9486057009356448,1.4410968217066744,False,True,RETRACT,RETRACT
vid5,29.5,8.608850764859158,0.998515141609564,2.061190034149286,0.4578079019997785,-1.9245888711333965,-0.1204911704613686,-3.898780458833234,0.9835740274473596,-0.2722813816206975,False,False,RETRACT,RETRACT
vid5,29.53333333333333,7.773378984778452,1.0997052213658862,1.7057779398614374,0.3908157613586487,-1.9049834616523915,-0.2135393970828137,-1.6455185951726428,0.9366896321578289,-2.210347835802293,False,False,RETRACT,RETRACT
vid5,29.566666666666663,7.222830570898007,1.153048167203525,1.0169814417223029,0.326543984264649,-1.804686909375804,-0.2125405032348663,0.6076368552080975,0.8125613606852211,-3.9935815243824897,False,False,RETRACT,RETRACT
vid5,29.6,6.8855040839984545,1.1309259462361003,-0.6876675712675238,0.2701607911833861,-1.645201650541041,-0.1642059018718729,2.088299715929101,0.6620568197658933,-4.985987830041462,False,False,RETRACT,RETRACT
vid5,29.633333333333333,6.938918356798665,1.113878291425784,-1.3939995809402692,0.2186436431934185,-1.5382886581905306,-0.0612886123834387,3.2423290568666916,0.4730255961344464,-5.792817960966603,False,False,RETRACT,RETRACT
vid5,29.666666666666668,5.946918831162891,1.0445907251887496,-1.881673015962208,0.1657144497347639,-1.2561244105138658,0.0776104670872196,3.204773962034153,0.2497376411582068,-5.218790013244861,False,True,RETRACT,RETRACT
vid5,29.7,4.1074106775610435,0.9502513020058148,-1.9761614488058497,0.1263066071740948,-0.8453480508829574,0.1892879428034082,2.3462917093084306,0.0762471970614979,-3.678335589310386,False,False,RETRACT,RETRACT
vid5,29.733333333333334,2.1200058333402927,0.8879172902390747,-0.7182397553454922,0.1073045869886321,-0.3756529576890695,0.2380281160615833,1.5000084467496566,-0.0029279743967671,-2.03559022051436,False,True,REST,REST
vid5,29.766666666666666,0.8496309247981183,0.8964679429954671,0.4983948991704016,0.1086158064343127,-0.0328326670393062,0.2589736061475126,0.839480586413311,-0.0187785165682054,-0.7990202132191516,False,False,REST,REST
vid5,29.8,0.8182976640326687,0.950255643858089,0.3864547956376423,0.1108575329533814,0.0738636458425551,0.289552281268457,0.7634378760369397,-0.041291038358219,-0.5277369032649735,False,False,REST,REST
vid5,29.833333333333332,0.3931786873018961,0.968429656122642,0.0189322070965663,0.1158299473041498,0.0611521057374143,0.322899391495392,0.3084030475003094,-0.0609943537451795,-0.1531383189303172,False,False,REST,REST
vid5,29.866666666666667,0.2639180559592143,0.9281535720014584,-0.357740993791405,0.1157545743287952,0.0634973280002483,0.3130939784919753,-0.0743388041893594,-0.0525414943171572,0.1869476690365899,False,False,REST,REST
vid5,29.9,0.3146156923927998,0.905712226727316,-0.1497845311523583,0.1183787201940523,0.0740047502679323,0.3011101424775786,-0.1089839757826343,-0.0370017881253254,0.2374744365952833,False,False,REST,REST
vid5,29.933333333333337,0.3177049615430869,0.9335659359651032,0.4263265246665618,0.1203115731164394,0.0755921076195727,0.2963505545337983,-0.1002702258567054,-0.0291219889755543,0.2328782449843429,False,False,REST,REST
vid5,29.966666666666665,0.2745942996536473,0.9535876674874236,0.2561373722783506,0.1259936103086928,0.0436145203745788,0.3050297503734264,0.2124796866206118,-0.0258356145430482,-0.1026639820510428,False,False,REST,REST
vid5,30.0,0.1297461732447127,0.9484969287379892,0.0993272665782332,0.1242279069240733,-0.0243194046011984,0.3087619016527938,0.0861828034076221,-0.032494017087356,-0.1222019440805382,False,False,REST,REST
vid5,30.03333333333333,0.0966611641878838,0.950050204606942,0.0776016070839588,0.1221485563233866,-0.0227252017257686,0.3123769834091052,0.0336098291310723,-0.0396512466204315,-0.0730487193652341,False,False,REST,REST
vid5,30.066666666666663,0.0782975171021679,0.9553855158803024,0.0679245101454956,0.1202796422631379,0.0069672567856807,0.3141025969165236,0.0732013851334696,-0.0447482385591521,-0.0508221402120058,False,False,REST,REST
vid5,30.1,0.2042224669649924,0.9590300514030382,0.2305447506849203,0.1238087836485185,0.0493278745955855,0.31193578725758,-0.0548341501684303,-0.036080627214402,0.1426735403190532,False,False,REST,REST
vid5,30.133333333333333,0.0956229049575919,0.9691978215529627,-0.2451934129231926,0.1255203370222173,0.0216331546162726,0.3118752356771779,0.0412362451288123,-0.0327453307935016,0.0053293802471515,False,False,REST,REST
vid5,30.166666666666668,0.1151325435470111,0.955491035909904,-0.344545854064095,0.1251678660210373,0.0218754746385464,0.3140375770122508,0.0751299321202295,-0.0353171999728624,-0.0239239624802754,False,False,REST,REST
vid5,30.2,0.02755286369708,0.9358760293552006,-0.4238286645435573,0.1252621773179662,0.0040886794335546,0.3161866160402183,0.0222098183312707,-0.0370206220111037,-0.0116328388494302,False,False,REST,REST
vid5,30.233333333333334,0.059454164350863,0.9093641072185624,-0.2161807470802337,0.1262609011473912,0.0149078492831673,0.3202745359896943,-0.0002560379313281,-0.0386896875143774,0.0288129181648622,False,False,REST,REST
vid5,30.266666666666666,0.2051473455469464,0.9227464776785276,0.4666278180063906,0.1276047305152284,-0.0354944494057837,0.3163653252297147,-0.1484848640510465,-0.0326850566075721,0.0621248932825903,False,False,REST,REST
vid5,30.3,0.356514384038894,0.9472583888077116,0.326537840297725,0.1242048605639717,-0.0775997218324459,0.3081670523280366,-0.1769990903478586,-0.0320166477851309,0.0063819408825448,False,False,REST,REST
vid5,30.333333333333332,0.1238249708590656,0.9649926587379962,0.1450174270337399,0.1201302521672096,-0.0247952019574929,0.3008386865117252,-0.0745275659183713,-0.0334049044349316,0.0177967161182775,False,False,REST,REST
vid5,30.366666666666667,0.2742265294563923,0.9593761669829866,-0.4820069323343224,0.1207948301313887,0.0646698798082227,0.3011496487508127,0.0931853002635784,-0.0324031114126425,0.0423108652190768,False,False,REST,REST
vid5,30.4,0.66777693764987,0.9328588632490415,-1.109031291702372,0.1244415774877582,0.1541349615739419,0.3070510398626319,0.2608981664455732,-0.0305841800869938,0.0668250143198435,False,False,REST,REST
