t,speed,aperture,aperture_slope,p,dp,q,dq,ydev,dy,missing,interpolated
0.0,0.07521365677639189,0.7505405396218996,1.011853271643417,0.00018436390115577595,0.012192507975055281,-0.0011028958805689069,-0.06192065937825879,0.0012779616881819632,0.07500745479384609,False,False
0.03333333333333333,0.044377501473755,0.7791732282546232,0.7061080463199988,0.00028156365518407944,-0.006360522733356823,-0.0027746254213000393,-0.03838311306561032,0.0028926354172175393,0.021872968948289915,False,False
0.06666666666666667,0.08849639332701467,0.7976144093765661,0.400362820996589,-0.00023967094773466992,-0.024913553441769844,-0.003661770084944371,-0.014845566752921886,0.002736159618069219,-0.03126151689730238,False,False
0.1,0.06131980788175451,0.8046691543763325,0.22318887814659225,-0.0017141365726924265,-0.017436062892029782,-0.0037711948759958946,0.005664380272703778,0.00022218558130998774,-0.03573375847580863,False,True
0.13333333333333333,0.027869604171955914,0.8056611831754423,0.1356912975646117,-0.0025122594397093715,0.004612596584354219,-0.0030203148071650944,0.0227115595160674,-0.0018377549318859359,-0.011440410252460984,False,True
0.16666666666666666,0.12603062291614361,0.8116706645321013,0.18902481999333218,-0.0015224918356554237,0.03502695773028845,-0.0020982290033451346,0.028963250818924972,-0.0008825736928309683,0.036968946026873485,False,True
0.2,0.09769803192700499,0.8221027417458597,0.05817320312670692,0.001055091978618794,0.024074209465106973,-0.0011742544772330053,0.04937503029431655,0.0028799097432365113,-2.2658495601160387e-05,False,True
0.23333333333333334,0.10863289661902438,0.8223958403119738,-0.19291279421201415,0.0015507418916518316,-0.02272941125074667,0.0006325635595018501,0.07393186491001931,0.002197435976306632,-0.10401361364299634,False,True
0.26666666666666666,0.11140708529712345,0.8085035590395107,-0.39594250616838783,-0.0011479575343199917,-0.02206620419692516,0.004020103455736901,0.08025372363110995,-0.005500194846763432,-0.1082962027319241,False,True
0.3,0.09365012811667042,0.7878639092228508,-0.4908302663251149,-0.002903889413852684,0.018009629681544174,0.00729412695251231,0.06923155480864028,-0.01143205324682798,-0.027887638817247363,False,False
0.3333333333333333,0.2288757570321363,0.7702167805194507,-0.19618477292822264,-3.644784901169514e-05,0.06432472410230818,0.008887611600371362,0.04056440496864064,-0.00773459094035504,0.07878633716845006,False,False
0.36666666666666664,0.26047943466077184,0.7680742241165742,0.18558255052991385,0.004132921959201224,0.07416261535344681,0.009363843691665328,0.02010039909071693,-0.0007697456003018546,0.1138507717298749,False,False
0.4,0.04207730481083396,0.7881699825042141,0.17922726591802282,0.005952152411463311,0.011965859988250685,0.010172428144247635,0.0038362393889309924,0.0017507529761354368,0.017857529772526855,False,True
0.43333333333333335,0.17657882930951146,0.8015134283411958,-0.10919371646376204,0.004923963535881945,-0.05014318858116106,0.010093439194199751,-0.0186471518183255,-0.0,-0.07261328463780492,False,True
0.4666666666666667,0.2481778112116405,0.7795301396031865,-0.30494600099503244,0.001984728560287233,-0.06960928091449368,0.009003056627500533,-0.04662972049647149,-0.004258651686424641,-0.08290056387465215,False,True
0.5,0.24670976650593057,0.7561683425817287,-0.1714156751575184,-0.001332103336521575,-0.06746942885990076,0.006721174001678597,-0.07102663577312604,-0.008157014130428013,-0.05806022745391103,False,False
0.5333333333333333,0.050004057843726156,0.7661150063284087,0.10123416251266787,-0.003243007589402178,-0.01424538100658202,0.0028553839502773347,0.003455902747795977,-0.008201284404839927,-0.028183328862236116,False,False
0.5666666666666667,0.19620260207676724,0.7826180589365833,0.11519639291506537,-0.002620307001445425,0.04346748020946878,0.003448254381622886,0.12379909202548348,-0.007611347723042674,-0.029943756124137657,False,False
0.6,0.26597029118870913,0.7756388759651274,0.00037750850783570543,0.00020647062152220108,0.06244284459469279,0.012437895753485362,0.15141644229283063,-0.01036879185329387,-0.020209413234288955,False,True
0.6333333333333333,0.21955714020958492,0.7678477273835559,0.07974954567844066,0.00335704377765575,0.05760296902457028,0.02057770466390902,0.08669914461137843,-0.01182000893679347,0.027080371506054246,False,True
0.6666666666666666,0.06479408518462892,0.782120082406143,0.07729508565359029,0.004722885422869744,0.005550175851759616,0.01941028723437441,-0.06181043964138242,-0.008396266789431893,0.06316169146521626,False,True
0.7,0.22771672237215848,0.7909141056042196,-0.16015741626168487,0.003710879655577316,-0.04633615798984751,0.012614780254349551,-0.15977044154413475,-0.004321957378971623,0.055912606262250475,False,False
0.7333333333333333,0.20116526483882305,0.7712149127308598,-0.38164931679503733,0.0009018911666381927,-0.04698829784787112,0.006730310246615744,-0.1157274481764901,-0.004212842511979303,0.01674931752816981,False,False
0.7666666666666666,0.0931534592273963,0.7469149147012758,-0.35774733599933595,-0.0013558506973675884,-0.02228960673174914,0.0033266659108861798,-0.05084462401673371,-0.005269524312104576,0.004447993181396015,False,False
0.8,0.04080377872925025,0.7429202463927668,-0.027633353996919126,-0.0003834250946364759,-0.0115429572975735,0.003613433263456778,-0.005574915617018694,-0.0037967347527083093,-0.015608894275096185,False,True
0.8333333333333334,0.116470808604626,0.7519742038595826,0.2118982730554121,0.000340095769053381,-0.033155692870550375,0.0052762642776592586,0.00922826305389649,-0.003951830080685415,-0.06661830100966469,False,True
0.8666666666666667,0.10827151608899716,0.7594951295325112,0.2849737623804146,-0.0029358562773153444,-0.030918797162223396,0.004580638588702767,-8.811095471908413e-05,-0.009146832158048734,-0.05462097260802095,False,True
0.9,0.05545633920773149,0.7704012993908945,0.36369801201622515,-0.005094985150216109,0.015634832385938317,0.00386682894663322,0.008822409482383919,-0.012350421072445415,0.020045015975694903,False,False
0.9333333333333333,0.2542131367487391,0.7854221083753486,0.3247911320624241,-0.002023054677454036,0.07125490107818835,0.004727564705262285,0.048619346011326926,-0.007658836041329692,0.08409468427575825,False,False
0.9666666666666667,0.3153455148631456,0.7971453461976628,0.2186924829762164,0.0026891304475484636,0.08671700856493177,0.007343678057034454,0.0850289522699142,-0.0015804637915664934,0.08002606721964872,False,False
1.0,0.12467336186738792,0.7998341186824899,0.1253004205409453,0.004773491044066241,0.03200557532363783,0.011362129110159014,0.054609129995167024,-0.0013610881553653461,0.009491264600345458,False,True
1.0333333333333332,0.06314683675674375,0.799921183360324,0.10511336331906414,0.0044603347113209455,-0.01794803547148663,0.013292877805732203,-0.006110950235491916,-0.0035813372345495646,-0.026477217554480837,False,True
1.0666666666666667,0.09742413720186051,0.8072929971207649,0.05235145664504212,0.0029901826817823793,-0.02773284624903982,0.009877941465368068,0.007756034353521226,-0.003234985169652461,-0.05575444339252916,False,True
1.1,0.11780368904466916,0.8102319104161394,-0.0895628227239638,0.0014457286924574747,-0.021877711068657085,0.008661676220223753,0.08948968326787365,-0.004917556128760682,-0.11593348942655644,False,False
1.1333333333333333,0.11552867366626149,0.8020344339500436,-0.28133751952100244,0.0015765855100297527,-0.01916675885265778,0.016946653096566806,0.09403203991497162,-0.01183609531128281,-0.11505777620364957,False,False
1.1666666666666667,0.11776590415083134,0.7865097302290337,-0.40572884675987014,0.0014517808025728207,-0.03354940636731518,0.023023156231361423,-0.008152944392182962,-0.01730097480438525,-0.052314616068264666,False,False
1.2,0.2892056660228185,0.7692309568379413,-0.13314495218644185,-0.0002902024897112511,-0.07317211884272776,0.016762106929321032,-0.134104235532687,-0.014979278081743838,-0.013711886247306938,False,True
1.2333333333333334,0.4146459812454587,0.7674897743090686,0.2725740306733851,-0.003750095854528132,-0.10854580418107762,0.006892585046779498,-0.16568298596666828,-0.012582502545536129,-0.049037005290126306,False,True
1.2666666666666666,0.23695852745374282,0.791873585666465,0.371188029834427,-0.008640678170575357,-0.06658194947548332,0.0034830301570883226,-0.04227616547866562,-0.018291719686000223,-0.08130222079393788,False,True
1.3,0.07363219619225485,0.8140656119468623,0.18108360192125303,-0.010809923435469512,0.010026188228236154,0.0053632451880568114,0.06472254659486767,-0.02375187866706886,-0.03811944887038939,False,False
1.3333333333333333,0.22016714878848703,0.8059616297743646,-0.1501271045790618,-0.007621506483210112,0.06208118621482888,0.009753571608196236,0.03482190786680311,-0.02190030080877249,0.07977324025215653,False,False
1.3666666666666667,0.24005312771789739,0.7876149351738144,-0.2640327230735828,-0.0031151586815714757,0.067241206600391,0.01160494910520642,-0.04670738198881106,-0.015526089858322961,0.1592623240498302,False,False
1.4,0.13081979555000536,0.783121955240912,-0.015316956879782245,-0.0024130105083295258,0.022191414597055835,0.006317874377033541,-0.10523776401523562,-0.009721144700589808,0.13007922565600244,False,True
1.4333333333333333,0.10090058988664949,0.7892306579383503,0.1987901107596733,-0.0032802977263475426,-0.0012734396711711132,-0.00020832240858569521,-0.10080200093648148,-0.005623238247904911,0.08474052232444727,False,True
1.4666666666666666,0.03639491967883696,0.802689863259797,-0.025166074401102887,-0.0030075682817330145,0.010345423349132426,-0.0017358080314117852,-0.003485691232594848,-0.0038225272531708125,0.021309802039089887,False,True
1.5,0.10107262591531514,0.801879047045666,-0.45478671943579585,-0.002281095064710329,0.01811505593657255,0.0008020085534065554,0.07868694527876,-0.004727522488441404,-0.03586124664874719,False,False
1.5333333333333332,0.06122348164087464,0.7686005159512911,-0.5774701012469425,-0.0016528558865188472,0.01561619942559026,0.0053769315782814815,0.027529703308971684,-0.0075643456947361905,0.003867439944230458,False,True
1.5666666666666667,0.08809765307631096,0.7370714594966638,-0.34218851010566365,-0.0011609839009625502,0.012005012801199833,0.006525179957611831,-0.07742031281837813,-0.007685149503120687,0.08805214791938397,False,False
1.6,0.19637432984337738,0.7405146422450856,0.18546561774740114,-0.0008795693896899796,0.010462835172787722,0.0005094629519410979,-0.19292609482386525,-0.0019956779929287175,0.1850067933578346,False,True
1.6333333333333333,0.2656750937807033,0.7648034946168087,0.5259948112426717,-0.0006231514333005352,0.011108406742712308,-0.00985248180555475,-0.2628118902602005,0.007400418640491214,0.24646110281186975,False,False
1.6666666666666667,0.1874159956231829,0.7838961537985176,0.3223512611859139,-0.0002509052496465206,0.01916619711329196,-0.01938738308435603,-0.1749861981966741,0.01628767343815625,0.18492116767986885,False,True
1.7,0.11279833629234666,0.7914368391058958,0.030163812530955725,0.000528028652695754,0.02922463089422246,-0.024041535592173605,-0.04743653764980563,0.0216822373990744,0.09263822892396656,False,False
1.7333333333333334,0.5420126212863661,0.7754272073580655,0.4897794090405705,0.0007640198732330128,0.1041352142691264,-0.027262510722655554,0.40099896648919164,0.024879457749227857,-0.16184600806305072,False,True
1.7666666666666666,0.6451959121164457,0.7915424760683843,1.3181405644774766,0.006398517597171595,0.12066426908705735,-5.099874455490115e-05,0.4875815698182678,0.01136333392332723,-0.20732702112791562,False,False
1.8,0.6716882069076197,0.879243330524215,1.168283233591733,0.011390375632960041,0.1501321754977665,0.022757905444957826,0.4180548169237187,0.0005098479640305997,-0.09519431067943711,False,False
1.8333333333333333,0.49870096215869014,0.9203775532801176,1.4121356536931262,0.01718948698612764,0.13338458473599657,0.035403639674444175,0.1747370657416684,-0.0001446289874073589,0.08516436591707123,False,False
1.8666666666666667,0.7692816666879949,0.9300072611328691,1.7217656540146677,0.01904215679623101,0.10565568228710943,0.03060616300288533,-0.6744666338014489,0.00727312191352126,0.7689831704115764,False,False
1.9,0.9046239629748403,1.0038243395412187,1.6076890091411236,0.023817432182441794,0.17119678053969165,-0.0017693461134518436,-0.6774568301646582,0.043661283584755836,0.8875094690545733,False,False
1.9333333333333333,1.1183938655988888,1.111169490122631,1.5122187661339714,0.027996065299089806,0.27253246006519194,-0.03962425435216146,-0.5831057777827443,0.08372273853980162,0.9853516692354602,False,False
1.9666666666666666,1.5951966444799073,1.1304684987642755,-0.4130044531650111,0.04011731391524753,0.4311483917596767,-0.051324059774681685,-0.514945180812965,0.11526294748472125,1.2071283823450472,False,False
2.0,2.3083083860416873,1.054917337211489,-1.5500386536615391,0.05658985306299793,0.6492410146245644,-0.0446182662689239,-0.3992824570418307,0.13861657606874825,1.4931276668233882,False,False
2.033333333333333,3.165557731044508,0.9947453699900694,-1.494973906716145,0.08222898545062654,0.8694800376811158,-0.07504282496385252,-0.8661848637926519,0.21023032872678055,2.2856845683481244,False,False
2.0666666666666664,3.834089117889605,0.9403524944439752,-1.2201853718042868,0.11476981925191806,1.0609423934676026,-0.11714589784668569,-0.9473431643060704,0.30413225630704066,2.6944323250245636,False,False
2.1,4.430699630539907,0.9154906858063234,-0.08119404950355603,0.15513764561823243,1.2489167516475008,-0.1446321676656105,-0.7099035418172581,0.3992660823015789,2.8220558934994258,False,False
2.1333333333333333,4.613597275825978,0.9260992678307091,0.12216185831074475,0.19911419906286548,1.3078457131493773,-0.1629102015849682,-0.5572866297811564,0.49283712513162936,2.794594212853252,False,False
2.1666666666666665,4.730907508991127,0.9486655622538965,0.3672297118848257,0.2448581287041219,1.3467739936614571,-0.17789703446004904,-0.37357575394729226,0.5866944064250894,2.7049157985844894,False,False
2.2,4.715337586906869,0.9606968827943101,0.4713506915683298,0.2897346172104077,1.3451935305142741,-0.19098800486647927,-0.21131375832135543,0.6773809862652579,2.562085874748294,False,False
2.2333333333333334,4.603587087372321,0.9549793839938282,0.5610872195157361,0.3338351529394147,1.314419372775268,-0.1934251707878318,-0.08319394955264857,0.7575005061024418,2.397075843148308,False,False
2.2666666666666666,4.498284660026934,0.9986953752866116,0.9593818367011572,0.378556086726494,1.2845631074891461,-0.19038181930726975,-0.0007388026730055243,0.8339877928337229,2.2730987497978705,False,False
2.3,4.13897636963051,1.0350214893369967,1.1603325120679793,0.4210004402226025,1.1819157647220615,-0.19220576466241607,0.03432774876463852,0.910648220797922,2.0612472414461838,False,False
2.3333333333333335,3.626202855487086,1.0772176525968562,0.8928977362172222,0.45878132579071745,1.0352833063802485,-0.19255039993339435,0.07835084698321783,0.9777820615368724,1.7638540957962563,False,False
2.3666666666666667,3.1841489054842467,1.0988646505468063,0.6030002759758893,0.49024291962594024,0.9060619141560156,-0.18776738732706735,0.26802151612038055,1.0293115155984152,1.3715665047616934,False,False
2.4,2.7979468130710288,1.1177110401945651,0.5880959681383977,0.5173997598938903,0.7914091100099556,-0.17446806344621926,0.38481787810699,1.0658759530984403,1.0679429079984255,False,False
2.433333333333333,2.5192034101488967,1.125739978685034,0.4130810489353465,0.5424186635702696,0.7082839197750568,-0.1598762891245664,0.4411906782441691,1.09754286605692,0.8722395945975362,False,False
2.466666666666667,2.280516976652106,1.1500273137877148,0.46665861468046566,0.5651685306219534,0.6334962764957038,-0.14349021545406643,0.5287312224405217,1.1236472299955436,0.6643877221438961,False,False
2.5,2.029931424909195,1.16201505894982,0.4052125019618795,0.5842315773747496,0.5560554926930302,-0.1273616480640529,0.57362896798335,1.1434516416702751,0.48864353543160194,False,False
2.533333333333333,1.8705144088055532,1.1724176699912938,0.23038515693452125,0.6015537617202286,0.5015286623375089,-0.1046272787177735,0.6437369325232682,1.1544754898807177,0.3316786497068188,False,False
2.5666666666666664,1.7153309832177597,1.1795926747823458,0.11794702137138026,0.6175867808779356,0.4475456608419809,-0.0821367645420491,0.697276586969928,1.1634291854731016,0.18997447180404653,False,False
2.6,1.5537892390027546,1.1848321853070984,-0.1200621925471612,0.6318221229706799,0.3897205038678113,-0.05953254559588521,0.742825801661372,1.169104565205077,0.04836915737119014,False,False
2.6333333333333333,1.42265496636708,1.172161652027529,-0.44032374146751474,0.6434573269834388,0.3398381338587177,-0.03356215747560124,0.7795759611268267,1.1672751176136404,-0.07159125261799053,False,False
2.6666666666666665,1.3623114875992601,1.1500557027166343,-0.37482095610832583,0.6536136180433244,0.3067636487401842,-0.005554506534166803,0.8378141690997951,1.1610712119120905,-0.18036204830734556,False,False
2.7,1.364183620598536,1.1376100172377777,-0.4366845655233345,0.6633399576740516,0.2987156715186731,0.021834419484872036,0.8756661600818587,1.1546406658748307,-0.22726606325031096,False,False
2.7333333333333334,1.4025633004826419,1.125244683535295,-0.1315241116959783,0.6733383015894497,0.3007974830173995,0.05133559023566594,0.9261066062467852,1.1468684181287176,-0.267113921715712,False,False
2.7666666666666666,1.479179831801591,1.1282287768293917,-0.11591546583220307,0.6834318278441485,0.2945495474133082,0.08339266567762334,1.060224373053219,1.1370587774192147,-0.39391205653134787,False,False
2.8,1.4706400514305138,1.1190003977663994,-0.07866770811451847,0.6934630792588788,0.2781385563774099,0.12154934322756597,1.1018772987711,1.1218749412278475,-0.45889094336461805,False,False
2.8333333333333335,1.4997885820847734,1.1248062969301917,0.05387340334113406,0.7021373489391514,0.2659579810822552,0.15913651917739943,1.1755792407642494,1.104782017980278,-0.5440446732660442,False,False
2.8666666666666667,1.5238784967564014,1.1192269603023537,-0.021400394806104398,0.7105631663822605,0.25691734328160276,0.19962255725706,1.2299566447359551,1.0847478174607843,-0.6069663827550952,False,False
2.9,1.5217886063236454,1.12667110887764,0.1220327409469219,0.7191826522109876,0.2517085223583584,0.23990172345993782,1.2405305628444898,1.0652347595695997,-0.6253064818013608,False,False
2.933333333333333,1.5887845552036592,1.126919316295881,0.04143066614096864,0.7276729017534682,0.2571192135118611,0.2843565879880464,1.3090269527115082,1.041889399261784,-0.6748478638522274,False,False
2.966666666666667,1.5280807441074784,1.1296474474394704,0.10965355194113564,0.736066123360748,0.24268159195153433,0.3273417187386498,1.2699732936053787,1.019640788759574,-0.6666850276231753,False,False
3.0,1.5048295734399983,1.1324989352978836,0.1497092418058896,0.744232167624954,0.22990041329496544,0.3695955344647837,1.271369940466204,0.9976214227492778,-0.6905009419491567,False,False
3.033333333333333,1.4161857533322444,1.1392794222650027,0.18602841632136077,0.7516916614389852,0.21636072113240923,0.4127265411357559,1.1964719763034681,0.97359510498821,-0.6498155659670262,False,False
3.0666666666666664,1.3196332791102472,1.146515891865354,0.28077016838555013,0.7583407850838315,0.1881733816315903,0.45049054094676416,1.1433382985564495,0.9527669885365979,-0.6538254987928962,False,False
3.1,1.1908898674716955,1.1549663473403007,0.40350864172598055,0.7645010831335708,0.17140887901329402,0.48889864230963115,1.0285576513665815,0.9305182461725409,-0.5844257639552904,False,False
3.1333333333333333,1.1169554583767694,1.1721802123539884,0.4727381730053862,0.769523248518096,0.16878839470303528,0.5195082517797889,0.9477518422309187,0.9129862756678571,-0.5193251833185188,False,False
3.1666666666666665,1.039911890997277,1.1928348581134762,0.46742219252750133,0.7749917275926382,0.16041251432640422,0.55137825995077,0.875141748382809,0.8951561192433506,-0.4714792056790298,False,False
3.2,0.9337389536979145,1.2091606035564733,0.17127512021931107,0.7808728217065138,0.15116464205587504,0.5774344409044091,0.7691934586076302,0.8830733018642499,-0.39640457562979475,False,False
3.2333333333333334,0.9349676366938975,1.2041839050806646,0.0817275549160921,0.7856834074453343,0.13740975245382842,0.6027458171893506,0.8016412652144451,0.8697394727915114,-0.44874055088731474,False,False
3.2666666666666666,0.7978438918768261,1.2024290022468394,0.17978789499380637,0.7895583019615312,0.10243777484962635,0.6281885890930038,0.7126550289923064,0.8546369597175127,-0.43381169584372253,False,False
3.3,0.7883539734812326,1.2124107680945073,0.2652450266810532,0.7924807657336768,0.10442793840226015,0.653093707863199,0.698409497760953,0.8383135464260146,-0.4179969295603428,False,False
3.3333333333333335,0.8277518839723571,1.228067478427721,0.6239918313288954,0.7957672000477218,0.11615282153974697,0.6743814010918776,0.7209247042092343,0.8257558971208235,-0.41668586777620886,False,False
3.3666666666666667,0.8216226352951572,1.2521044069522722,0.3846647042238586,0.7999995183666627,0.10927175320674225,0.6962672996934884,0.7270792929865858,0.8143553092090952,-0.43417032944761,False,False
3.4,0.8441677965717506,1.2665304128681505,0.07942863597591988,0.8047500104691085,0.08398437595994349,0.7249340587515272,0.7912815343597479,0.7980194366959987,-0.5343123434882989,False,False
3.433333333333333,0.8141128047093121,1.2689536870516325,-0.5760035326071652,0.8061335104925235,0.04523695523350745,0.7517027964105765,0.7985522337011823,0.7773651889541456,-0.609133311134318,False,False
3.466666666666667,0.8103601288130863,1.218967444118444,-0.8919739428268989,0.8063952050007999,0.019143404873618902,0.7760629026592161,0.8075826024349964,0.7568050840555678,-0.663087517493915,False,False
3.5,0.9333851304272324,1.1930148498058497,-1.097893043245837,0.8070445474564567,0.008848271555891254,0.8029976760382429,0.9328706975968696,0.7347087813635068,-0.7894252526359509,False,False
3.533333333333333,1.0666077974353207,1.155094172523574,-1.3711378210177112,0.8082144741773933,-0.03356292783617216,0.8371523189809604,1.0601126016017723,0.7073025883487886,-0.9742641940810388,False,False
3.5666666666666664,1.3624063005143918,1.1143496702454234,-1.6399917522426986,0.8060681218378339,-0.11187205695291245,0.8733527750000901,1.3048677963007846,0.6722641588908692,-1.3240238459357427,False,False
3.6,1.5118337309694971,1.0360206059104116,-2.269786265717191,0.8001053321375531,-0.14696247378766958,0.9227300655913906,1.42154624664842,0.6191024843741323,-1.486795545675755,False,False
3.6333333333333333,1.5345659751816085,0.952039017901937,-1.7232068350012686,0.7940629736473068,-0.1723613960829427,0.9741678456048198,1.4108825400825182,0.5640218219275123,-1.5225247003943154,False,False
3.6666666666666665,1.417163490253268,0.895741527124835,-1.1082206904219103,0.7888751019896691,-0.16222199596162942,1.0233160939459225,1.2983257562259496,0.5124286852033815,-1.4074497361723077,False,False
3.6999999999999997,1.1649586297167274,0.8789496562846536,-0.2491060692385744,0.7838749435445881,-0.15499986414454775,1.0593288354478236,1.030786051913989,0.4725037192382218,-1.163783503695849,False,False
3.7333333333333334,1.0677732369527049,0.897136284808593,0.380647536765817,0.7776468809280251,-0.15306790597616068,1.0912755678907515,0.9234876011572769,0.43391553818379913,-1.0677659482126725,False,False
3.7666666666666666,0.8806367261062943,0.9113783463233193,0.19874365292994703,0.7731856874985471,-0.1127330075833424,1.119192323537559,0.7871968069352359,0.40193096075111273,-0.8787907967218956,False,False
3.8,0.7705511257983788,0.9262622315575395,-0.20767972811566238,0.7697437732587035,-0.06277731870255632,1.1429297077155511,0.7385270387137607,0.37535638941744587,-0.748413919972659,False,False
3.8333333333333335,0.7439157943055494,0.9071844267612318,-0.9286507324647912,0.7687652581421235,-0.012914664277214946,1.166866259137163,0.7425398614143951,0.352967819826732,-0.6636673181760367,False,False
3.8666666666666667,0.628596939650862,0.858743158824551,-1.6428216440046959,0.7694704493142883,0.021804319655802276,1.192531503295241,0.62394240065179,0.33206593507756926,-0.4998965747678342,False,False
3.9,0.5952779847334941,0.785801319449662,-1.7095438652346766,0.771000059952534,0.03821818010083222,1.2128252579748393,0.5800385759760488,0.31725815088919884,-0.43297005967443347,False,False
3.933333333333333,0.4718378530680768,0.7225123208484997,-1.143518806504496,0.7722492934726134,0.03394471504179552,1.2289622187558906,0.45661958239869144,0.30554172625596543,-0.3340180143294336,False,False
3.966666666666667,0.33291477554136417,0.6992054220558421,-0.5775166473628054,0.7730808914438524,0.053126613643203015,1.242801049675793,0.27608295582462916,0.29506979484104834,-0.1442789852806243,False,False
4.0,0.26566835894054475,0.6990240780874005,0.22583175047345852,0.77527321177375,0.05690576619865471,1.252005834167327,0.17569882289705346,0.2910042906430651,-0.0509607808184051,False,False
4.033333333333333,0.15656620675098143,0.7151846763791934,0.5314548176258486,0.7777973303570345,0.044588486650901836,1.2513343180280025,0.011544385091062289,0.2960491183138402,0.06891648921971298,False,False
4.066666666666666,0.11228643588862998,0.7401744736880832,0.4433601401513948,0.7793319743072696,0.01851867420627223,1.2501410661701058,-0.09166726697545857,0.29979377622200115,0.11187045294480742,False,False
4.1,0.11816620946431174,0.7636144974876574,0.3169623834910089,0.7786417608812721,-0.030078310294350527,1.246290954521016,-0.053565009218815594,0.3018954429613768,-0.006982917654267931,False,False
4.133333333333333,0.12306815881322622,0.7596002777480645,-0.25516653352423746,0.7768587605479391,-0.034469389478509194,1.2425385537628337,-0.02400181454362211,0.3019795853067456,-0.0402643553537738,False,False
4.166666666666667,0.11945127073205315,0.7372953790736537,-0.2102125487131355,0.775471452580617,-0.029461180148762513,1.2431646475904583,0.06020910147491754,0.29898503668056836,-0.10407956919989732,False,False
4.2,0.16500369338089166,0.7351884681026515,-0.19211495554029423,0.7747248978374869,-0.018547032949288406,1.2492834990611297,0.15168379378348032,0.2923837008597744,-0.1637155855151287,False,False
4.233333333333333,0.0771430198880612,0.7277244118527461,0.0694265495762832,0.7747835955337534,-0.0041772977344267945,1.2547718306956612,0.07574341687021129,0.28775104586054717,-0.07275731858515892,False,False
4.266666666666667,0.09988632555233473,0.7457490001882318,-0.09205559583150434,0.7743698284960897,-0.006884135163932812,1.2557409581280399,0.09693367178364895,0.28618270143344887,-0.09583329720714795,False,False
4.3,0.1352415147563033,0.730016417367145,-0.39314384604820934,0.7741808298957761,0.006836168755165533,1.2575125965977052,0.13310595854196353,0.2843194080392036,-0.10277844885464844,False,False
4.333333333333333,0.1600472486991208,0.7164260041942457,-0.3912503261415499,0.7744451148057239,0.030854027322502878,1.2638406947810787,0.1180740076708625,0.2793257195154718,-0.047316817236175486,False,False
4.366666666666666,0.07056298780974031,0.6827553070305941,-0.056323167734934704,0.7764498448382243,0.01952268383107683,1.272451648886274,0.017476343152644704,0.2754408405697818,0.019454388118517425,False,False
4.4,0.09673653352434533,0.7068950265991248,0.4510193722468445,0.777210141224313,0.008921619708361144,1.266357637040334,-0.09155277549789381,0.2820450492086816,0.09479394042131081,False,False
4.433333333333334,0.04488626187401606,0.7370376589043922,0.1551527215266154,0.7764178649406823,0.009526583283591048,1.2577118796185462,-0.03003120918499295,0.28810485964830473,0.04277032236757328,False,False
4.466666666666667,0.05258746722013689,0.7342827392802989,0.19249121243367587,0.7761975582030868,0.014347144748707373,1.2616168831949939,-0.015533797558958283,0.28434506144371463,0.038786718842863756,False,False
4.5,0.15509579338093085,0.7192362070687283,-0.0026686847360501997,0.7781488684469954,0.044045099066414906,1.2662548497500512,-0.01629716330622872,0.2837944147352031,0.09198278921565124,False,False
4.533333333333333,0.2102471143207051,0.7335828264602372,0.004605136009884881,0.7797652578636629,0.04722230912550543,1.2613440975387393,-0.1298417567924636,0.2908919310405949,0.19559375641264623,False,False
4.566666666666666,0.3025115905301291,0.7460805734883367,0.009603053235994261,0.7807233229140272,0.060088580668599394,1.2517557025311221,-0.21734170620104487,0.30086169660197176,0.2938683615625285,False,False
4.6,0.3255028592312172,0.7231145248817255,-0.29643578449743574,0.7833999250692072,0.07550907226128599,1.2479384308696244,-0.18982982018940575,0.30889109970419426,0.2974049603712587,False,False
4.633333333333333,0.32263442020800226,0.7134120957665485,-0.3361582611430865,0.786302715203266,0.08939975846974953,1.2384437195499347,-0.07801469900038191,0.3222203383071067,0.22548057351528206,False,False
4.666666666666667,0.3921685912290982,0.7043789395520682,0.1970400573772975,0.7894401285701471,0.10609611066450808,1.2394038994021956,-0.12555290452069062,0.326941944680559,0.29604334485872524,False,False
4.7,0.4377616236274245,0.7212176524900479,0.08406718155746108,0.7928890551821489,0.10992240106166198,1.2377688926806143,-0.2084871960796793,0.334454311081366,0.3743855215471565,False,False
4.733333333333333,0.5996446696309445,0.722934865989345,0.14401342843705095,0.7972272637436763,0.12455525315611067,1.2303309128198971,-0.4114990151746795,0.3485478987057662,0.5754733968690511,False,False
4.766666666666667,1.030719532354371,0.730960171170311,0.298930196324634,0.800829766711084,0.1666559662079555,1.2086654523662252,-0.8495871909928773,0.3736184657248006,1.0280270387090793,False,False
4.8,1.4204710664790352,0.7334089301356052,-0.22206194602916574,0.8063931687863505,0.24139274098488442,1.1782842070037927,-1.1415735175345842,0.40967979291436135,1.4122280228713164,False,False
4.833333333333333,1.8481452310831579,0.7403993125196707,-0.41163191994577414,0.8166244928568077,0.31596607029426876,1.1303952496964353,-1.4803406379278798,0.46910828504507984,1.8365122353384813,False,False
4.866666666666666,2.2197851449209485,0.7026925401494383,-0.7665784888544038,0.8289645949439672,0.39939649264635463,1.0744178692429192,-1.7237587560402603,0.5392477225442477,2.194177817355356,False,False
4.9,2.4187864256102087,0.6633521838950737,-0.7784400567692498,0.8429623756326317,0.4476928266262103,1.015478651169355,-1.8419409461533736,0.614875783053556,2.3816092390569974,False,False
4.933333333333334,2.6192241934752762,0.6480010771099759,-0.2069715173510012,0.8589324043658667,0.47691725063966267,0.9514882674015211,-2.017722382412123,0.6983520713783696,2.5850102502805674,False,False
4.966666666666667,2.7774858189948626,0.6516118638212497,0.23559418870234017,0.8762597595726246,0.5028729205245895,0.880783530865002,-2.147892894768515,0.7900241081143247,2.743265899153647,False,False
5.0,2.88588033246966,0.6587128491547356,0.9118459904774037,0.8926678869080547,0.48075870752898286,0.8085454944930708,-2.343941331507908,0.8813932370448025,2.873336761578188,False,False
5.033333333333333,2.97843224938431,0.7125791957328945,1.1121688350406913,0.9083492106222361,0.47480388410541136,0.725450677648758,-2.471151781644447,0.9808461398193418,2.9725864649853606,False,False
5.066666666666666,2.999802659638088,0.7597051838857566,0.8120068004827993,0.9244687913777643,0.4474114329752762,0.6408312352222104,-2.558148419997886,1.0823901125522655,2.999206863370353,False,False
5.1,2.997708136775978,0.7767431529054178,0.6681850888914755,0.939076504004259,0.39015921810212695,0.5532777463025689,-2.6682555467230156,1.183791625767335,2.992948357085725,False,False
5.133333333333333,2.9345168321507673,0.7763163936498961,0.3329549589541656,0.9514940760423349,0.32113664705722744,0.4660695116967981,-2.7104909690945553,1.2810207040990573,2.9072933838273363,False,False
5.166666666666667,2.8807709534145927,0.7986065995638423,0.6507497631809005,0.9601823909265562,0.23608308737419065,0.37048979082884503,-2.7595981387060355,1.378877216694298,2.799209128573311,False,False
5.2,2.679553864709353,0.8332773990939776,0.4352016775932577,0.9669052778664929,0.16807202576278485,0.27653096588461573,-2.614117851375835,1.4718579295212364,2.553342717349149,False,False
5.233333333333333,2.259307546099371,0.8337931608827662,0.10488769969934417,0.971276974542679,0.11105463342998657,0.19029964400450067,-2.2255862568685774,1.5540103349414893,2.117168577568677,False,False
5.266666666666667,1.8029760775434545,0.8297519934516961,0.18371609997351246,0.9738402725043522,0.06727820324301682,0.12393510093376468,-1.7875172120695013,1.6158183234517862,1.6616670123765032,False,False
5.3,1.3288851627975204,0.8314408137222751,0.2442791851052594,0.9752940990767478,0.03408303524702867,0.07342939502516065,-1.323514591126496,1.6619772355504816,1.2025032890497882,False,False
5.333333333333333,0.989868794243992,0.8570675611838106,0.4195445658038685,0.9761317776592985,0.0072674564668267026,0.03893740255838889,-0.9895415952191021,1.6932261267961595,0.8668424886989741,False,False
5.366666666666666,0.7801997724159322,0.8709236611667545,0.13722378850340028,0.9758409376767383,-0.019414894664808977,0.009865163469886758,-0.7772319081084715,1.7178012975262682,0.6364142333612052,False,False
5.4,0.663503534631944,0.8642018702049675,-0.07367603260279817,0.9746006031988766,-0.03978588721859562,-0.009627925261932721,-0.6487112196455113,1.7324298427092448,0.4894619960537661,False,False
5.433333333333334,0.5917375408056,0.8564203718927506,-0.08147347178890149,0.9727948280310084,-0.045634415371571015,-0.03177450697607435,-0.5697512004825337,1.748348088403468,0.41097221567438996,False,False
5.466666666666667,0.5178743467575552,0.8505967427787078,0.346531595918851,0.9710957333087246,-0.03378111537707817,-0.04838902489701939,-0.5041826963158565,1.7596808217957318,0.37535495440943284,False,False
5.5,0.5196307840430391,0.875906728050507,0.619880236013389,0.9703212820059407,-0.024401793045695723,-0.06433110318622451,-0.5125567386490941,1.7720689758112753,0.3991743760023349,False,False
5.533333333333333,0.4763841920577964,0.9090977975909263,0.36624475050224925,0.9699807455657974,-0.021821121727728442,-0.08002591282333424,-0.4702158193510407,1.785011352794148,0.36719901375683295,False,False
5.566666666666666,0.4161715610377965,0.9194330409339363,-0.013190223094887637,0.969156502711207,-0.021344016918144398,-0.0991407230664945,-0.40940484411307937,1.8000495276554986,0.3155624550839137,False,False
5.6,0.3296760630609313,0.8898913092234498,-0.11842522678415462,0.9681334389439243,-0.024727266750478646,-0.1099859088374491,-0.3181013727494607,1.8075991950207795,0.23078134092319466,False,False
5.633333333333333,0.15141717145366812,0.8856710267239539,0.2853794470415908,0.9674859237318675,-0.019610379119367406,-0.11829000981379119,-0.134949488636929,1.8136202420662408,0.08177117241366585,False,False
5.666666666666667,0.12049577549126934,0.9157259315101679,0.7691369831767434,0.9670215705183,-0.016505123073399845,-0.11908050892316392,-0.10572919408605007,1.8134809862575434,0.06204708131802451,False,False
5.7,0.06887357994754717,0.9566994519626921,0.7203268965194751,0.9663496589666051,-0.019316567034857065,-0.12370297670076187,-0.012962434773039107,1.8162815823662293,-0.022985312146075392,False,False
5.733333333333333,0.0776973695000195,0.9674681203595951,0.5833218428105457,0.9657833039461331,-0.020230831986196872,-0.12020205242898606,0.03190547173994636,1.8122583313216456,-0.06332422394418671,False,False
5.766666666666667,0.0891977432169325,0.986924575211277,0.30758326667527336,0.964920453736397,-0.013871757941194746,-0.12213794662358936,0.07481040159466817,1.81240260226826,-0.08910213646425266,False,False
5.8,0.1752803805810272,0.9944849226753268,0.07698541693365545,0.9645849807346207,-0.010306090171176492,-0.11468596673170502,0.1715247284621868,1.8053779867183566,-0.16625987360431285,False,False
5.833333333333333,0.11585684639595899,0.9972087726869265,-0.11736654479656497,0.9645074836789799,-0.010544167391450684,-0.11016397269419305,0.10981556475311698,1.8013383565314647,-0.11342531512996579,False,False
5.866666666666666,0.15215172294552354,0.9758018984850447,-0.3295156397676285,0.964102913963716,-0.003752796202322909,-0.10437491481107848,0.1515831341543064,1.795626626321674,-0.13745691540454727,False,False
5.9,0.046126711381720746,0.9700186342494096,-0.1454595312011883,0.9637420578035812,-0.0027540171589978003,-0.10165344439983111,0.04510727625372632,1.7926395915981888,-0.043800111185386584,False,False
5.933333333333334,0.03170651607993102,0.9679749055137518,-0.1881889663179656,0.9640264855865192,0.0017320728288507904,-0.09982324955068717,-0.03112096386794039,1.7915632800720667,0.029921885622156634,False,False
5.966666666666667,0.10676255384481531,0.965077704503273,-0.2546030295016353,0.9643193791625599,0.0026974860144261524,-0.1019543072219566,-0.10634385200706559,1.7939205522342698,0.09654798548986376,False,False
6.0,0.12146169622713965,0.9547068840629311,-0.6875551948494908,0.9639539877298388,0.0035603397945971386,-0.11068250398552208,-0.1208201247674924,1.8008066910268665,0.11056761285513107,False,False
6.033333333333333,0.1207044806184964,0.9137434335886392,-0.39662281694534657,0.9640922591392742,0.017232753219764765,-0.11266595797769122,-0.1045369364996278,1.8027630445677225,0.12070226491847046,False,False
6.066666666666666,0.1423214342810683,0.905629000190405,-0.15194766897070874,0.9651466268910764,0.02770345243989109,-0.11436620587048664,-0.10413484500480179,1.8060956115830706,0.13887848474918685,False,False
6.1,0.1295572897573167,0.9122107853297947,0.06747255587902379,0.9665541515401855,0.021833514091686084,-0.11841617130336057,-0.10459194890815895,1.812080765837434,0.12888873444348561,False,False
6.133333333333333,0.12956658449253064,0.9318248502004725,0.16530241918177313,0.9670898956875309,0.004011168873491496,-0.12462153901415098,-0.12880295348866205,1.8183838309146925,0.11825442825041482,False,False
6.166666666666667,0.08405087970216964,0.9158432865370346,-0.23145815563603722,0.9665502478002247,-0.0067246355892079685,-0.12666996618445706,-0.08068473345219321,1.819196981408695,0.05773562678490545,False,False
6.2,0.053351780853789436,0.9091952031822221,0.05594722695869468,0.965953262908484,-0.0008658718001767582,-0.12900487610812758,-0.05326555006603584,1.8201559376273364,0.04443701882404291,False,False
6.233333333333333,0.034457740152059914,0.9110884627502964,0.3765300396155189,0.9663914223948042,0.0038145933059784702,-0.13121210777528072,-0.0317632035497158,1.8228359320388818,0.034160236591650135,False,False
6.266666666666667,0.0034409881820750155,0.9345794275778768,0.7056178189528653,0.9668849430288993,-0.000652369580219501,-0.1312112348471717,-0.00257324756979898,1.8237082432094214,0.0010666659045783626,False,False
6.3,0.05114863793427514,0.9684830968520027,0.8381539878744497,0.9665533037243726,-0.010555020103458114,-0.13068132440489436,0.03535568742403843,1.822664236553201,-0.04918476933935394,False,False
6.333333333333333,0.08177241551689746,1.0005574112795013,0.3971230966980681,0.9656783646613986,-0.016215565583306453,-0.1293529522219694,0.05884165933965351,1.819970021614871,-0.07946724681743533,False,False
6.366666666666666,0.09164453369539168,1.0054969086115426,-0.1338477522340731,0.9654955810865621,-0.026158980106955543,-0.12557087325353963,-0.0027405623721485,1.8163826892753763,-0.043911503911386124,False,False
6.4,0.11665968338929651,0.9820921916482457,-0.2594055582787644,0.9643866369379475,-0.02619011754359778,-0.12813259336592753,0.07209912338398553,1.816631701906979,-0.10855411164480175,False,False
6.433333333333334,0.1559773978454571,0.9692635779828193,-0.4541054222536106,0.9632660463134634,-0.031983443925880935,-0.1260869504397117,0.10855885250382669,1.812883903119148,-0.15026798984745213,False,False
6.466666666666667,0.2823916436957373,0.9594098220284573,-0.07040280531682372,0.9619143763151528,-0.02325189533285033,-0.12191498677376982,0.27039832050472296,1.8068922728413117,-0.27449076458788035,False,False
6.5,0.2989016358571796,0.9592199692767955,0.27461892853938735,0.9621327116566003,-0.030918605083751004,-0.10426118813002494,0.27860297941019285,1.7920430851293045,-0.29513430263144025,False,False
6.533333333333333,0.3479921487815247,0.9734848902813543,0.09654775368634262,0.9604837279290587,-0.044308475102068354,-0.10051235342097405,0.31148687681282883,1.7858906561279146,-0.34720089008964755,False,False
6.566666666666666,0.3789295235309698,0.9893628215706667,0.21528470412074946,0.9588177507084767,-0.05201008075945678,-0.08728195022874852,0.33228997130860327,1.771525460251919,-0.3787787580991729,False,False
6.6,0.43322783016569333,0.9815030370100384,-0.02440360548294221,0.9565462280083885,-0.06775019229395962,-0.07932211186339734,0.36249121403885814,1.7606375809640016,-0.4326878867223165,False,False
6.633333333333333,0.5497517746447881,0.9746697142515175,-0.12821296277610697,0.954979243803107,-0.07348460850271428,-0.060363762503214013,0.4858076396864333,1.7415042245288999,-0.5492558944130322,False,False
6.666666666666667,0.617475987114098,0.9838398090404559,-0.09713344301142338,0.9518454585723364,-0.10256144162062178,-0.04950376691944886,0.502282821220154,1.726588086904287,-0.6149126487592769,False,False
6.7,0.7845400291337645,0.9710340542134087,-0.22674632655279076,0.9477039592905335,-0.10315690689645889,-0.02814415343349152,0.6964282792441533,1.7008279559552852,-0.7835158593132445,False,False
6.733333333333333,0.8800037398405867,0.9600893263888273,-0.31964855074554815,0.944398412584978,-0.1150153342408677,-0.00357054670077877,0.7824259031071651,1.6737729562735844,-0.8787110094129047,False,False
6.766666666666667,1.017287687042391,0.9551813436766169,-0.6283580296676398,0.9408528533868956,-0.13188436199757536,0.026570214287905427,0.9064130903076317,1.6414888423755065,-1.015555618238536,False,False
6.8,1.1508185064572756,0.9252324281473367,-0.4772642381224385,0.9362064452849063,-0.15483755790641016,0.056392586115562866,1.015081858560927,1.6075320411887588,-1.1499434727416558,False,False
6.833333333333333,1.3821796198101204,0.9058987365023033,-0.7421366521396608,0.9299124913098292,-0.19147776552717827,0.09074994724952111,1.2086469161217095,1.5667468940321865,-1.3818108767374695,False,False
6.866666666666666,1.6468952896734115,0.8848137202187007,-0.8726438428343863,0.9233443045635616,-0.19914576979807228,0.1348822434881521,1.491958687573519,1.5170407310721552,-1.639877359910831,False,False
6.8999999999999995,1.811130009993682,0.858169368643271,-0.7712222931146744,0.9167971634252894,-0.23501639758161713,0.19243109105705644,1.6133489037050543,1.4557931582408012,-1.8080956037064886,False,False
6.933333333333334,2.0697339986933,0.8104200615872409,-0.8137597846836564,0.9084468909595774,-0.27742651131933765,0.24697725667669704,1.8275670111193354,1.3939470988458094,-2.0679941051571866,False,False
6.966666666666667,2.2768375989621434,0.8001699097835819,-0.3689415965041469,0.8983054997451424,-0.31267205957082966,0.3092093313350417,1.9962839853925518,1.3222994247761708,-2.2759500953613823,False,False
7.0,2.4813292850069293,0.7985446986905079,-0.23050459511907834,0.8866411011660355,-0.3472591563227081,0.37849108589906716,2.162928553332665,1.241873512656878,-2.4809527385864634,False,False
7.033333333333333,2.621060852811868,0.7884053522803514,-0.19738542616313923,0.8750495612592225,-0.34999981615601555,0.4601607444181744,2.316849513265928,1.1508855854739677,-2.6186367013582066,False,False
7.066666666666666,2.581643626402497,0.7780823780270482,-0.08234364983377569,0.8632878882006445,-0.3659748372843079,0.5349369461144247,2.24108440051545,1.0655458174504389,-2.5815111937912776,False,False
7.1,2.5941394462877727,0.7759639006517838,0.4096330642151749,0.8508065278155889,-0.381305717550655,0.60990747928982,2.2241062741344932,0.9787651735399538,-2.593980023085392,False,False
7.133333333333333,2.511323963161768,0.804543281007953,0.6284311763811358,0.837798852674494,-0.38435682484673106,0.6833346679259583,2.1201864034662603,0.8923853749323387,-2.5096935322634604,False,False
7.166666666666667,2.431326819964134,0.8332509751822159,0.6376643554429755,0.8245142764610662,-0.3824730525357173,0.7531381503088105,2.0291639136745423,0.8086430243202545,-2.427807564784401,False,False
7.2,2.2964772986441697,0.8567671593599396,0.3196610260918799,0.8121204926955454,-0.3652157677608128,0.8187356406616487,1.9074038663922273,0.730106353713307,-2.292198156225334,False,False
7.233333333333333,2.1747145891114186,0.8527548475437741,-0.20703493157184538,0.8002889951330701,-0.34936206354245114,0.8791624718369282,1.797966792074851,0.65702673694281,-2.1697066268484098,False,False
7.266666666666667,1.915912001253688,0.8402446506768151,-0.2762324091842504,0.7887902533397765,-0.3340528568671855,0.941459924910053,1.5173390867161756,0.5829214144346759,-1.9004388264975545,False,False
7.3,1.713886797057815,0.8238148989729656,-0.3983346948294424,0.7779701132526998,-0.3196700040126812,0.98549713113649,1.2978077805511525,0.5257753813572664,-1.6855367027533763,False,False
7.333333333333333,1.39233764491543,0.8129008925627313,-0.222919641291656,0.7669537093822861,-0.2610429936327184,1.023049984096532,1.0502321329099296,0.47387821979501243,-1.368161692559755,False,False
7.366666666666666,1.088881095346232,0.8132437321309092,-0.32399359480522033,0.7591410834323932,-0.19785183696952702,1.0524608659445145,0.8400225171613088,0.43467532978419887,-1.074959784825426,False,False
7.3999999999999995,0.7652820330597976,0.792826225985431,-0.18701148213832372,0.7542559992235541,-0.138864305800806,1.0850405139769315,0.5909255709939033,0.3979167361342539,-0.7556340955691582,False,False
7.433333333333334,0.4061626069060317,0.7953152202632503,-0.379762662901212,0.7513500372620976,-0.09329442831770068,1.0942965662606048,0.2413216278092122,0.3847878519370669,-0.3733062428989877,False,False
7.466666666666667,0.28279312065025547,0.7781639858116833,-0.5927557337098901,0.7478016243984835,-0.07710723556097794,1.0955560401112512,0.08404925051040345,0.37742357827079565,-0.208942328551492,False,False
7.5,0.1255736966935961,0.7581819062163795,-0.5795574715963268,0.7458025083640707,-0.03509938195127192,1.0929408730707775,0.025722079568184196,0.3761439543329732,-0.08429114794442512,False,False
7.533333333333333,0.0941453348538932,0.7174980311524799,-0.4365785835942337,0.7456591801298901,-0.015711088799914986,1.0982488120789031,0.07639673924693444,0.3713095855542733,-0.09372503952084772,False,False
7.566666666666666,0.044152557199623056,0.7241582433472284,0.0825631851657852,0.7457884668136445,-0.012579886057314074,1.1007108436940878,0.0029743428945302837,0.36941353857085035,-0.024821387028461667,False,False
7.6,0.07744870910059205,0.7360737364486912,0.26797893678340023,0.7451582687037744,-0.017112986778402433,1.0975937496977644,0.049062652200957624,0.370988772823194,-0.07261543561825448,False,False
7.633333333333333,0.07595505212865546,0.7534808080155578,0.051944122315828574,0.7437901081965271,-0.00908302971140712,1.0993254836519344,0.06897453861757588,0.36707391672478945,-0.07559420094577517,False,False
7.666666666666667,0.08773031800798502,0.7399378458431847,-0.10392166978097521,0.7439646806465826,0.020643349411308784,1.1052230935892717,0.049708378356094915,0.36229303842960014,-0.0063797175400865675,False,False
7.7,0.20330812704974302,0.7347664278988296,-0.00980083811915212,0.7454874062791296,0.03808065430867412,1.1102737610498512,-0.15346575293998654,0.36062803680917044,0.19980946279596465,False,False
7.733333333333333,0.384283698039411,0.7336304055033389,0.13774120817120328,0.7469685578451702,0.06395679237603638,1.095075693556207,-0.3122724778245235,0.37636438347266143,0.3826378018760401,False,False
7.766666666666667,0.6271086276394394,0.7497216249768244,0.5116991731757756,0.7487831665491496,0.10862418464240846,1.0831092382918324,-0.4985740267871443,0.3899017145869582,0.6224372339413156,False,False
7.8,1.1201907174097152,0.7742813197994888,-0.03542655169354053,0.7526748531288263,0.20353414664941005,1.0679022737744588,-0.8641958547030133,0.40991010543886797,1.1058739689156505,False,False
7.833333333333333,1.7411688130273277,0.7639369291021532,-0.14602897257209962,0.7625490833999594,0.25338241471397716,1.03986709952088,-1.498124396241826,0.45157283251969244,1.7411459774846754,False,False
7.866666666666666,2.24280274648526,0.722663719147333,1.3943215351805938,0.7734133336970409,0.20448836998680744,0.9674651321560062,-2.12541690261141,0.5332760194704385,2.1960105535267007,False,False
7.8999999999999995,2.3554143308675446,0.7839751551654487,3.505252159152221,0.7784629665446876,0.15586674570642992,0.8810714247145127,-2.2913016741163754,0.6167678710406191,2.253156785380209,False,False
7.933333333333334,2.2556452108620655,0.9944951424314697,5.257169167583322,0.7792400925587684,0.175677254795964,0.802051485598297,-2.1701337509739327,0.686337780179134,2.183633305810965,False,False
7.966666666666667,2.142731932224088,1.2251557181118713,4.81567230653189,0.786696871771943,0.2562432305541623,0.7408264505817321,-1.945797982832494,0.7523671443925545,2.1325544544493202,False,False
8.0,2.169446858852862,1.3374693890659834,3.2022850130975873,0.7986696416010949,0.3833277426615808,0.6745003489179399,-1.7042973927246998,0.8307878188069996,2.148955951176693,False,False
8.033333333333333,1.6893246815943177,1.4074400598924712,1.9747323374857777,0.8139230547405664,0.3699578270709981,0.6141551331375741,-1.0841812758643952,0.9098505530465054,1.5901363920627296,False,False
8.066666666666666,0.9993747426044691,1.4564752784156183,1.33216966816213,0.8262239860750945,0.25952856740892954,0.5912189238320165,-0.41569307506871983,0.9514057783166496,0.8178679643909419,False,False
8.1,0.4655692004911715,1.5013371608425887,1.0143892125388074,0.8340546958494371,0.1321599544488828,0.6006302980823425,0.05072276805818369,0.9571365986090155,0.19002371818679636,False,False
8.133333333333333,0.309639970510566,1.5232595285065567,0.011454345825112885,0.8326160239454924,0.014951062483486082,0.6085440191361919,0.3051815810989022,0.9477618769061684,-0.2369260402594431,False,False
8.166666666666666,0.15403089857611468,1.5083379443964207,-0.252331412276327,0.8320765016624423,-0.017595508952984604,0.6167553604299908,0.14117007286589395,0.939720949445145,-0.1529588243493506,False,False
8.2,0.1907537747483531,1.4836177993761983,-0.36403439906141033,0.8314071753241512,-0.010134548908131475,0.6220878692000803,0.18742337372635537,0.9339348577674481,-0.17967712466495986,False,False
8.233333333333333,0.19578057420235442,1.4630138406815139,0.2155055024544665,0.831623288100178,-9.354001935989632e-05,0.6299138087260835,0.19578030018467155,0.927563295557117,-0.16912616570916364,False,False
8.266666666666666,0.06418911089100175,1.5034344639639876,0.7524785682075691,0.8308371912840338,-0.002755607870974742,0.6311251670478034,0.063459651376367,0.9251272316572712,-0.05964123957213366,False,False
8.3,0.112546580072482,1.5296158125467048,0.844271905010311,0.8316481040895654,0.015442093232290694,0.6418151172014154,-0.09870467007888034,0.9173362279951498,0.11250117707173085,False,False
8.333333333333334,0.2940435823267748,1.569608546052425,0.5167679661457486,0.8314148033078124,0.054511132006109374,0.6273392675579487,-0.22365984385813154,0.9294163338910436,0.28945418189046496,False,False
8.366666666666667,0.21615115170500984,1.5780673783337613,-0.7241524120688735,0.8350601699485543,0.0338226813242425,0.6144482601330751,-0.18081265023684487,0.9469902734844924,0.21587757195748994,False,False
8.4,0.15920901289100706,1.5282824154816503,-0.7788101970660991,0.8365133683186079,-0.008043576686468957,0.6075852771818754,0.156697573504555,0.9554838940171205,-0.1494613575812999,False,False
8.433333333333334,0.5303153554844409,1.4809799955619585,-1.1450494048394635,0.836060525052948,-0.12522925393106207,0.630378444329058,0.2982073348830387,0.9350120201729412,-0.47889369560056255,False,False
8.466666666666667,0.6953645358673393,1.455436769092095,-1.0167502329176112,0.826836044703368,-0.18021701666614962,0.637791181712339,0.292001061301616,0.9122961397779321,-0.5708139156011963,False,False
8.5,0.5582651443430882,1.442414316334912,-0.9013906384024905,0.8206809331199271,-0.15124458914017505,0.6491873764850026,0.17650395059726282,0.8915723673349338,-0.41988477758314896,False,False
8.533333333333333,0.4520411628006778,1.377629179656799,-1.2730093484154144,0.8157138824048119,-0.124831825085261,0.648351417941839,-0.11512222953001902,0.8835068297469612,-0.12148237531874968,False,False
8.566666666666666,0.15803449026180338,1.3371855949595064,-0.33299553236653656,0.8142873074021124,-0.03861786886100504,0.6440657814747589,0.08177517735595584,0.8846816963044203,-0.1388900191697981,False,False
8.6,0.11476116743404935,1.358252395525759,-0.6486026933965955,0.8114175713261916,0.016456879037410808,0.6430376729603693,-0.0992424121627386,0.880492248670236,0.11476046539001694,False,False
8.633333333333333,0.34622698938483376,1.3285465246085395,-0.023099346823566187,0.814369916819828,0.09105224349498112,0.6417654834991529,0.13494373767605244,0.8868130208539807,0.04461828725828869,False,False
8.666666666666666,0.6146573530109142,1.3253280851201807,0.1366586489213138,0.8194864174733519,0.16085618708190344,0.6590103714208223,-0.24599209364705682,0.8809818454834876,0.496857290758165,False,False
8.7,1.0469455183387517,1.3129773837002559,1.0012487081411903,0.8256232841892741,0.1879048562245004,0.6377407477644139,-0.8143241068228348,0.9101942263558243,1.03518501283089,False,False
8.733333333333333,1.0054093359204224,1.4177348845961384,1.716744846084459,0.8326580696111484,0.13018717542697075,0.60053397571858,-0.89610970411693,0.9547490190814848,1.00366126124451,False,False
8.766666666666666,0.9399120647249235,1.456571398353222,0.9144768625269777,0.8380876764660007,0.016664391757659134,0.5512928897567612,-0.9380987891824373,1.0068499183097541,0.839070428960205,False,False
8.8,0.6295274741609669,1.4939551167759333,0.4247816994733486,0.8346019334658333,-0.09919171689295544,0.5405681894291364,-0.525026710684408,1.0099389934501892,0.2776287140685752,False,False
8.833333333333334,0.8650548286988362,1.4683076718908505,-0.7939352712250011,0.8280404152041799,-0.20672587475248677,0.5289730237145567,-0.4735714874627808,1.0083380787046992,0.042988551870179526,False,False
8.866666666666667,1.0290078876664757,1.438756046042428,-0.7097330589183238,0.8199115664415368,-0.20861013709657195,0.5116794998483756,-0.7247141406177783,1.0088822218108566,0.2563942369199784,False,False
8.9,1.117083802203007,1.406471955667378,-1.1143203735669036,0.813918693164618,-0.21332675436611181,0.4812532489212028,-0.830557384500017,1.024538717332804,0.33939424468833335,False,False
8.933333333333334,1.4414990462326955,1.3658512849705862,-0.9481066516490919,0.8064203259322806,-0.2961701110620638,0.4530414873987865,-1.0011409807759433,1.0356207829089592,0.34005553394793314,False,False
8.966666666666667,1.6661902608533266,1.3483923091784393,-1.206163660540654,0.7959114512456172,-0.300025831033408,0.41767572472405556,-1.2931994785418324,1.0475510856979389,0.5852844568751371,False,False
9.0,1.6663511320834485,1.2778347364694747,-0.6475281396372897,0.7833539026489718,-0.33380756787534266,0.36838439515518023,-1.1875748605231176,1.0678751013348682,0.43436746891180417,False,False
9.033333333333333,1.8734288244161317,1.2831139338363642,-0.38750547559924664,0.7738859958969602,-0.39711671358769973,0.32362340400907463,-1.255348986725034,1.0897551243622117,0.38086005207782897,False,False
9.066666666666666,2.005922787337593,1.2720515167237945,-0.24516910327386776,0.7613128346124893,-0.45556095579430983,0.28997355658280055,-1.2160573744460934,1.0965527383249674,0.24355992666082804,False,False
9.1,2.3924678878332655,1.287703211650035,-0.10984015474604111,0.7421601704339723,-0.573749269216872,0.25493753119999785,-1.2989208227264628,1.0929071459486666,0.10599057498548821,False,False
9.133333333333333,2.733378291254973,1.2505018607712173,-0.9784693915630057,0.721012903159128,-0.6568945906838082,0.1963838469980178,-1.4764522464919838,1.1060290080899,0.11211372870816212,False,False
9.166666666666666,2.816282809395546,1.2317611118747314,-0.7805405516547514,0.699687519610861,-0.6995603903258557,0.14919135248704224,-1.3893573838012057,1.1090309334197426,-0.038528248150415896,False,False
9.2,3.12527604998069,1.1903655627012424,-1.1850233341388394,0.6745134236539834,-0.7975788170139315,0.10711488349295648,-1.4023948105435822,1.1008090898696312,-0.2006766595883032,False,False
9.233333333333333,3.3387496804739354,1.148861208369225,-1.1434832119992067,0.6462646746537759,-0.8681534194601801,0.060868274877015405,-1.380230915003648,1.0907468991468112,-0.34465462418568077,False,False
9.266666666666666,3.589905784731829,1.1092015815572212,-0.6402417221672382,0.6163348752184377,-0.9363124155263516,0.010731844293310706,-1.4618569694608814,1.0810678017276518,-0.39478731080949325,False,False
9.3,3.9976899857428125,1.0914083511960242,-0.33482528734822786,0.584465798894826,-1.0537709380764568,-0.036205634308559075,-1.5377628068912206,1.0651972863323946,-0.5370701227425179,False,False
9.333333333333334,4.312693463200292,1.098503889530094,0.08492003417705321,0.5476613118398346,-1.1532804892283246,-0.08778203371495506,-1.5130652112655671,1.0445992070813213,-0.7344221790251968,False,False
9.366666666666667,4.511502622131397,1.1086113009461702,0.216765905628331,0.505702481664053,-1.2186586211267796,-0.1437298753871552,-1.4635907981714191,1.0186554237080743,-0.8927766040273943,False,False
9.4,4.493504726439009,1.1108294330077095,-0.06683512049845615,0.4634601670425797,-1.2307162515267043,-0.1904437438442451,-1.2719540405816978,0.9842411142584547,-1.0794919627178086,False,False
9.433333333333334,4.339044222203874,1.106722457382635,0.13212361917708038,0.4239261523525553,-1.2031328854659136,-0.22570756405787848,-1.0377004531586167,0.9447364073760782,-1.2328590913087751,False,False
9.466666666666667,4.3753725937896535,1.1093447853782012,0.23915253090947192,0.384505317812151,-1.22485318795354,-0.25873194566355007,-0.8641264174741504,0.9034992605541128,-1.4210798958624442,False,False
9.5,4.287737355023949,1.1245455145996717,0.15777195597344226,0.34210532449690373,-1.2061514296689524,-0.28419681585459733,-0.7382607055544449,0.8504678750475987,-1.4966190618245776,False,False
9.533333333333333,4.2748632904364925,1.1370520064067682,0.1222279557237184,0.302378145889261,-1.2077852850693982,-0.3055844397704162,-0.6216344322405207,0.7986461311522076,-1.600159277435206,False,False
9.566666666666666,4.086378957457437,1.125090289575737,-0.04806157831190878,0.2620645039885425,-1.1575127053012115,-0.3247176803152503,-0.5182748454191601,0.7438413429712507,-1.6004249148163296,False,False
9.6,3.7976553586160504,1.126583937087349,-0.3334936816316572,0.22461395546028423,-1.0800958848970745,-0.34337489447017017,-0.3413742298638528,0.6936907044542742,-1.6161376998396422,False,False
9.633333333333333,3.597769272741825,1.1116530847017252,-0.0063312843368502686,0.18844212249985032,-1.0264411087625551,-0.34951342129474317,-0.15583643827022584,0.63499840892828,-1.6813408017872082,False,False
9.666666666666666,3.3891088180274114,1.1117861937304245,0.009312122369572648,0.15803559817997534,-0.9678116271815403,-0.3506474624059277,0.012997847022323995,0.5821863244573561,-1.7233280612598343,False,False
9.7,3.251841901784975,1.1216853279220804,-0.5282736033970193,0.1249604677944502,-0.9230919209371251,-0.3501184335113481,0.3542887653332544,0.5232180836149602,-1.9387545515431284,False,False
9.733333333333333,3.112031373557707,1.0982053890479853,-0.11678732583331138,0.09447339084576446,-0.8706046835583298,-0.33472769664965163,0.6247095847204599,0.45600242059492274,-2.0792781378331413,False,False
9.766666666666666,2.757194066075696,1.0770845893638774,-0.5219971112332665,0.06541710465180478,-0.7216498467800755,-0.30587941932308227,1.1027305626436514,0.3797038885087826,-2.2283067221122597,False,False
9.8,2.6179995710225366,1.045672459890408,1.3167973910586794,0.04610435752724011,-0.6253774281670793,-0.25961683828368465,1.434591259821394,0.30561345280360497,-2.3443953032705576,False,False
9.833333333333334,2.7303313778534446,1.168187530175838,0.9538285967287363,0.02629365485717678,-0.5505925859607832,-0.2134093105310672,1.9332024830528132,0.2306896186144187,-2.64240421544027,False,False
9.866666666666667,2.412354354459278,1.1943065136796196,-0.6097165021520702,0.008064624521933803,-0.3442360882050934,-0.13012287766286013,2.089581933590467,0.126564319074195,-2.412305778156251,False,False
9.9,1.7213061119755635,1.139936082273251,-0.8464470046227741,-0.0018443296688793393,-0.2371378148527707,-0.050040332475689814,1.5077515805897923,0.03992267378939393,-1.720716780203024,False,False
9.933333333333334,0.7895903469517896,1.027421392970162,-2.0759558404889282,-0.0017339558920591257,-0.14270394381974305,-0.00474628382830203,0.6113362412797206,0.0010286373084010317,-0.7800412686476214,False,False
9.966666666666667,0.818766233145805,1.0338620617971612,-1.2492889821501862,-0.005131163348474722,-0.19826090408556357,-0.02112034395620894,-0.4340126046797998,0.009149800150240344,0.023823761369842572,False,False
10.0,0.8339928108093039,0.9766945693161513,-0.5915503856045428,-0.01842598338179884,-0.23663273714633065,-0.06224081187961557,-0.09433153237463157,0.021117993858517144,-0.33720681037827277,False,True
10.033333333333333,0.7003964938082214,0.9231334271650381,0.04874255352970158,-0.02723767860040214,-0.041931978148902135,-0.058206909585409895,0.6848313746545144,0.002048326730232723,-0.6651974065840325,False,False
10.066666666666666,0.8936634676744752,0.9886625152481593,0.5102749269123433,-0.022763600240674097,0.08681670927318214,-0.00024541742090274294,0.84036263700008,-0.040058233769736384,-0.5716593591825982,False,False
10.1,0.48806207612594726,1.0485710157369323,-0.24810993268796247,-0.013607646972894374,0.10655269351920651,0.04765674708819021,0.31461296706071673,-0.06520098861452822,-0.08301722973328994,False,False
10.133333333333333,0.016273468592179288,0.9630150844825879,-0.7471128735255079,-0.011074950963421527,-0.004546425073597361,0.011267269834778118,0.0033701386522090628,-0.029315968911490665,-0.01095133929167704,False,True
10.166666666666666,0.25968243686487924,0.9046878979391932,-0.21320350261010415,-0.019172967193061285,0.0011791883383807373,-0.0037738683996455464,0.2596496043461018,-0.030661116536039132,-0.22199459720104703,False,False
10.2,0.6236812318620957,0.9522132801953228,0.9981872918701762,-0.01707952380428465,0.1152485998986997,0.039759631166254014,0.4755032419627301,-0.06452762188259743,-0.20648389272086504,False,False
10.233333333333333,0.8590914371438267,1.034783130327721,1.3874695533083587,-0.008825033143883767,0.2183151544314992,0.07170100827779761,0.39189738348583847,-0.07749076635449355,0.04799921333040788,False,False
10.266666666666666,0.7564952236860824,1.0524749201232795,0.28505010180255225,0.002687918169348692,0.21002066456395554,0.05173739386457603,-0.17719318199894887,-0.03989490423050656,0.5244576277014753,False,False
10.3,0.5065911956429856,1.044960781178249,-0.1197786781641059,0.005937629163561172,0.08741486391666256,0.04106568423221685,-0.4036479034098045,-0.024936180679637484,0.5029944515580717,False,False
10.333333333333334,0.6349811003492479,1.0238999260798702,0.3135771272344035,0.009740798896420242,-0.0963271971202196,0.04095407858477502,-0.5379749973540456,-0.018111852105839477,0.2938707262570184,False,False
10.366666666666667,0.591130465956135,1.0529597390865733,0.05605569830912242,-0.0002049806047790238,-0.11844489231363363,0.003968114396615604,-0.4211896137445245,-0.0037871508279744,0.15395618344651393,False,False
10.4,0.2633001632210291,1.066917808053347,-0.05397064879035971,-0.005956231050270056,-0.05991310790119118,-0.015593717810523822,-0.1590891101218479,0.00292066806777304,0.03130625541909107,False,False
10.433333333333334,0.2558054352151802,1.0490780223899085,-0.31797920486262865,-0.005982259966740777,0.0002244801424023343,-0.0024769018336684243,0.2558042274010993,-0.008445344051647123,-0.22036492202559607,False,False
10.466666666666667,0.8968986930873287,1.008595747981805,-0.4599522786794112,2.8967545083435852e-05,0.16597090925744787,0.019774015772867637,0.6831084595164,-0.01701396169306993,-0.29591913259692737,False,False
10.5,0.30331345654160224,1.0288927022990066,-0.1876648914429086,0.003572668125586077,0.07003078991600951,0.04040328078290994,0.17849197746939,-0.02854826189851416,-0.03015243373538744,False,False
10.533333333333333,0.1971211346521535,1.0073939756600057,0.2981524884335864,0.007502603814296648,0.004895083509265675,0.04816042333717447,-0.1963744050559916,-0.028290499248093313,0.17813307357227806,False,False
10.566666666666666,0.22555277281970626,1.020282261817759,0.6651109303495425,0.005974123463588229,-0.018443475763652708,0.02502553427677516,-0.2161082630483177,-0.011028783327298954,0.15387645848148673,False,False
10.6,0.36019630665322383,1.0648107542291272,0.4255821816273186,0.0005002708863408749,-0.04892501681361076,0.004184034192468135,-0.3168420588069795,-0.002725864356917042,0.18688741830122876,False,False
10.633333333333333,0.06787270484211497,1.0929389707008432,0.3587394722860405,0.0023025574922990438,-0.01667415565220767,0.012526129186820787,0.034602908262303465,-0.00673684804456344,-0.05936019167632558,False,False
10.666666666666666,0.17659127761007112,1.0666227932900674,-0.4801205603488085,0.003017604265614036,0.019847406286399433,0.018875490316871347,0.1623391422417788,-0.010951464784978807,-0.10498944995823929,False,False
10.7,0.31671225380307305,1.0413086061645176,-0.3856729070207125,0.0028672435988177907,-0.06297892611500344,0.017986773210584946,-0.227307946113794,-0.01045048762833857,0.08475631144642014,False,False
10.733333333333333,0.036075417984984356,1.0450807990705602,-0.06583947600494361,-0.0018828979534582801,-0.010160869574515695,0.00819505234805392,-0.005950098285253654,-0.010403373648523654,-0.01284011980604485,False,False
10.766666666666666,0.16040288738543046,1.0403405419244318,-0.2921996121202905,-0.0001734230358405527,0.043375935818695636,0.007170999941920984,0.051549282303621775,-0.006495451471086623,0.03224672756316909,False,False
10.8,0.06325682698340405,1.0319770705412474,-0.1453770394229026,0.0020561729597614793,0.017885895228839717,0.01131260552278509,0.008862978890095487,-0.006125430408193954,0.023992255217164606,False,False
10.833333333333334,0.20834327697385532,1.0175974687770173,0.003419158945232405,0.005464394153835498,0.020007977557646564,0.021211755069379674,0.19620897702218884,-0.008639185811224892,-0.13393545421990516,False,False
10.866666666666667,0.09901704296428798,1.030439307343152,-0.09217357901372851,0.0009000030071658784,-0.02707673950570529,0.01654236232786925,-0.02853144541603392,-0.012684098449526112,-0.023277235948374296,False,False
10.9,0.05358440883936326,1.0329489019027787,-0.06739111415428511,0.0008898705109221162,-0.0007253733653588718,0.017814743712576554,0.053524169260912066,-0.0138001033932002,-0.047475208405969554,False,False
10.933333333333334,0.2631737633135854,1.0189354149985357,-0.25721200056970295,0.0022399675020328483,0.05305237388428802,0.022182352648182694,0.18640451426145557,-0.015181006861059807,-0.06701677569147026,False,False
10.966666666666667,0.2707895484509122,1.0013679261571728,-0.2441402420360037,0.004994126988949635,0.06580405510797938,0.026911226433754522,0.14222426745386274,-0.014389824125964897,-0.006330296870937592,False,False
11.0,0.016881233394494266,1.0081215877617056,0.056088006154935824,0.007298311711142107,-0.003509000855486818,0.03851186713600171,0.011575207945958172,-0.02032508612916034,-0.01619715085621723,False,False
11.033333333333333,0.2757699064679166,1.0082061365663884,-0.010088708205846716,0.007226962553553568,-0.04884997921058377,0.034801902969493356,-0.2163019199174696,-0.01724956416475002,0.10025284833879515,False,False
11.066666666666666,0.5100694821045451,1.008631397714525,0.040072080038398024,0.002356912781440603,-0.09145582279547476,0.017949469406115685,-0.3969941308952193,-0.011321096643987139,0.18082031287362937,False,False
11.1,0.11066982641509786,1.0084728042499018,0.05642642546974354,-0.0024255847384043214,-0.030151115117465477,-0.003899641109964931,-0.03316619017711552,-0.0009255538468024031,-0.024716132661782964,False,False
11.133333333333333,0.32268488355538544,1.009942508462429,0.21954016514454258,-0.00036199434188894183,0.043315539966306486,0.007235592859657881,0.28481218539431735,-0.006884788686404233,-0.1691687289393664,False,False
11.166666666666666,0.34673650579994997,1.0205159378114563,0.4607124699346759,0.0032570400578919,0.05848885290779663,0.030156742142044883,0.27977933062404026,-0.02026374224485702,-0.1379829105928651,False,False
11.2,0.09378654509752128,1.044165487236872,0.3636484961795857,0.006312649985330263,-0.025531971710105968,0.04414562897095014,-0.028322173441623768,-0.02693077702115628,-0.020725062881326552,False,False
11.233333333333333,0.49194423549178495,1.0618501820079265,-0.04718848404404102,0.0014861422251968336,-0.07471121761830457,0.02137605936509529,-0.41660785229227604,-0.015818723745898322,0.22736929000605507,False,False
11.266666666666666,0.39074518950639525,1.045176008200482,-0.41781293843793943,-0.0019199307841457516,-0.0818491967299699,0.001239622011280758,-0.26557673165710516,-0.004466269002722437,0.08440019827689846,False,False
11.3,0.22431666097049494,1.0157643660800144,-0.6475298610765048,-0.005386957382318615,-0.018156945425433304,-0.005979821622385052,0.2151169264230718,-0.004369161056679917,-0.21776903494122835,False,False
11.333333333333334,0.4586863681888052,0.9900967468848116,-0.11231314568903875,-0.0030803588474065066,0.08831630928660615,0.020376133217549344,0.3387441945408263,-0.023034161535529247,-0.13610390473992748,False,False
11.366666666666667,0.39086072353285717,1.0086885646768533,-0.093564372673899,0.0007847748170673702,0.08740101121725338,0.03588167790294269,0.24310243035559326,-0.029577998791711795,-0.05518315533638938,False,False
11.4,0.23182000938769706,1.0050446382731932,-0.12615621144746605,0.007231641714844179,0.0026638439468820007,0.04101797006514683,-0.23163225265424767,-0.022605825067291845,0.2046138256659152,False,False
11.433333333333334,0.44121914020461367,0.999137932725378,-0.1958715430571756,0.0028538751758463558,-0.06042834349316416,0.011957485660551471,-0.38716451966678783,-0.005270791428519578,0.2272265213796668,False,False
11.466666666666667,0.5585469286820034,0.9739221286980732,-0.29382032406433584,-0.001827018957860658,-0.12548282751672435,0.00544146576108962,-0.34480186639072347,-0.00792814327979857,0.07558217874056995,False,False
11.5,0.5182487106750067,0.9827451742750101,0.20904464989416846,-0.0061594106847405305,-0.11795811661999268,-0.009612759353481068,-0.31298292605586975,-0.0026004047080242544,0.06143367902694795,False,False
11.533333333333333,0.20299070901204988,0.989835898302096,0.1522251461704729,-0.007844416021856213,-0.056489993638037264,-0.012158280274199261,-0.04553867387205044,-0.0033844553614624157,-0.06063342580137811,False,False
11.566666666666666,0.06859160368181468,0.9985382305707721,0.2990743955635502,-0.012983409367401689,-0.01667345337196018,-0.020839369803239922,-0.03599656200066226,-0.0049837289240758885,0.0015692190772241977,False,False
11.6,0.239749630450688,1.009645195510418,0.13553402031199305,-0.009686993179732388,0.0558847330242034,-0.009626220561436298,0.13850083720772535,-0.008829270492560725,-0.02066474674293585,False,False
11.633333333333333,0.3498334088079212,1.0147039385302077,-0.29369197592604834,-0.0057644117102818035,0.057894444037113434,-0.00808234526885399,0.2850999855239318,-0.003222395550328675,-0.14362623921658801,False,False
11.666666666666666,0.3434626022799207,0.9926171445847344,-0.1231563708841939,-0.004820892445545519,0.0737425417615288,0.0043251086051493805,0.22645736521739768,-0.012261037055496037,-0.06498083579794653,False,False
11.7,0.18279763771181828,0.9767021624337836,0.21068822388806965,-0.00334661054820886,0.018361625685162024,0.014188966657302599,0.17111588326804647,-0.018165578009214003,-0.11519230580546569,False,False
11.733333333333333,0.1258500419302938,1.002910660884034,0.6360444570806444,-0.0018337109739280189,0.03266115410137054,0.02091116826334256,0.052507905708518356,-0.021290515968038284,0.012464399810995543,False,False
11.766666666666666,0.20827796943799678,1.0559529443030262,0.29144078150470604,-0.001350051695207354,0.058212999068578256,0.008734634922397596,0.04271706860736897,-0.009926406059983425,0.06611659331950953,False,False
11.8,0.21452912808357202,1.0394292542006667,-0.3147007226265638,-0.0006334173768897147,0.05463301583357109,0.018900184725591164,0.09706552358970309,-0.017431629796988857,0.01288005846473489,False,False
11.833333333333334,0.09452848487791025,1.0023401961020126,-0.34662864707003627,0.005596215338681127,-0.00731937253542252,0.026054865750415396,-0.09098728999694708,-0.012585648202691183,0.06557473194252732,False,False
11.866666666666667,0.33116269102108226,0.9926127184196164,-0.042797854681228174,0.002521717978987541,-0.06749893113536698,0.019913841903761158,-0.2319460580687167,-0.012724823830420425,0.08076292456573964,False,False
11.9,0.4254696608947659,1.0210772584333934,0.3942126724115496,-0.0038990705007245566,-0.08315152571265455,-0.0030237711137870086,-0.3102234285427641,-0.004288115376696615,0.12062692981698213,False,False
11.933333333333334,0.09673554720570873,1.0276677085888155,0.43002665869682916,-0.007012990827070884,-0.0201054060344069,-0.008702357429995545,-0.0663391523333633,-0.004896121346784632,0.021683920688605186,False,False
11.966666666666667,0.26078375779157037,1.038968403634082,0.3385164902976451,-0.0021288389389441274,0.06017865246377044,-0.002689999667050193,0.15362124255015694,-0.0014445292939403603,-0.0261176591685278,False,False
12.0,0.14999670519483874,1.0549761969526692,0.4188986587954743,-0.0007461521025037699,0.028469604986937066,0.007140446410951904,0.11207113473652416,-0.00748227190723379,-0.0463544389224894,False,False
12.033333333333333,0.06450788337963816,1.0788953044444913,-0.0833116042675145,-0.0007396182691067997,0.01711967391105323,0.008195593357712413,0.02381808516791653,-0.008381317358172134,0.009730336945062167,False,False
12.066666666666666,0.02849204009643772,1.054717813571274,-0.32639692520513197,-0.0006097306574790428,-0.006224462189387674,0.006276495576406852,-0.01834923960248853,-0.006495335368600385,0.004824200298867002,False,False
12.1,0.05571674770681809,1.0372827840027528,-0.3135718542437253,-0.0006249981933010395,0.015769801451521452,0.0029368150924241857,-0.007403266683559085,-0.0036401611499992993,0.03428673176826477,False,False
12.133333333333333,0.1994946739544283,1.0264093914490535,-0.39990046828897613,0.0009652344956380262,-0.055992420466283166,0.008146864861211606,-0.03678293744658212,-0.005323287956334847,-0.06730949504598817,False,False
12.166666666666666,0.1932956545904981,1.029621100762419,-0.15879611173399466,-0.0034747954604536255,-0.040286373273262455,0.005058148499856566,-0.1321404228229084,-0.0105123411662911,0.042769971225908955,False,False
12.2,0.49250946931393125,0.9937635528567903,0.7057795710821633,-0.004383965626394989,-0.045192855565383556,0.0011890968259016467,-0.4663909206790655,-0.008781675201103699,0.322552228596264,False,False
12.233333333333333,0.25125293386790487,1.05551585289991,0.5035331601852846,-0.006496496265827506,-0.050573484778667764,-0.030382338947283496,-0.17822523113372496,0.014727662843672605,0.06434324672309444,False,False
12.266666666666666,0.25554601531239085,1.0899317462767668,0.4253850688075223,-0.005854225172638647,0.019581845022168615,-0.032614829347313384,0.24617409301844326,0.01779054023615637,-0.17780978493543928,False,False
12.3,0.3902250392086271,1.090436504325482,-0.08615577343766093,-0.007979721976731288,0.018063190945915533,-0.0086646628397754,0.38506434559249203,-0.0066388515634250925,-0.3003602776562504,False,False
12.333333333333334,0.3177871225305157,1.0342198636780051,-0.6799191915625228,-0.0036526333039351684,0.026835106002771128,0.024403950668304936,0.30357547288739184,-0.027522599355149956,-0.21451643859785238,False,False
12.366666666666667,0.20950004293806926,1.0546594583744338,-2.219294546216882e-05,-0.0032794364020045557,0.036349465033060274,0.008617578796496855,-0.16639675616368724,-0.013238570463303427,0.20790650294261367,False,False
12.4,0.10277226634592011,1.0451187662981278,-0.23386714640298684,-0.0031882928382868533,-0.0009908789439530604,-0.006234936571631268,-0.10271367384222957,-0.0002594381635799079,0.08689018350392685,False,False
12.433333333333334,0.16635520851272345,1.0346579326106984,-0.04607691011821143,-0.003519254444539673,-0.03719062440774001,0.0006400962288080906,-0.10350418240941824,-0.006778160726045183,0.02353310696737886,False,False
12.466666666666667,0.08750764499358984,1.030498574564541,0.1308192560307036,-0.004090482080149099,0.0032283216398167423,-0.0009215611897326781,0.0867743409790179,-0.006440964491263494,-0.06917619651577417,False,False
12.5,0.0823000508182295,1.0512341149146855,0.07820889364427938,-0.006034845284847081,-0.013691320629304136,3.8697512206342425e-06,-0.06689278080657843,-0.010679305191011249,0.0335085702338583,False,False
12.533333333333333,0.1281692022717228,1.0530543635651821,-0.03195399131886042,-0.004446348120994525,-0.008133529378285537,-0.00894707173499169,0.12496447467650451,-0.000144401191818251,-0.12223445337092202,False,False
12.566666666666666,0.3391850328248241,1.0379324273698733,-0.13394554854826385,-0.004756292290529079,0.03903360386999881,0.008381088825483359,0.3104237411107437,-0.015647114268610648,-0.19884677602304035,False,False
12.6,0.11491015888501481,1.033291983625061,-0.26481806328823726,-0.004222810626482591,0.016564454954888817,0.01626534621636167,0.099195337378431,-0.02150756286368521,-0.056303325290450415,False,False
12.633333333333333,0.07814822993012906,1.0346672848070015,-0.17296048173745768,-0.0024464533515396202,0.009594197226269386,0.027299912172024286,-0.07055770243333123,-0.02788805085468109,0.07786477262919647,False,False
12.666666666666666,0.23624489420024286,1.0220842850228524,-0.4141203341272053,-0.0014748993390008654,0.007664200903541863,0.004898117252496562,-0.23471545440911895,-0.006836308638785007,0.21612056495002768,False,False
12.7,0.27246631419428424,0.9960863494922771,-0.24042253511683156,-0.004021842113419457,-0.0353402702802784,-0.0003580284520296269,-0.24273996652813162,-0.006805872044444447,0.14696859266390572,False,False
12.733333333333333,0.07554798927133567,0.9958012531040938,0.23928797496654977,-0.004259739808190404,-0.01839462599884633,-0.008790190380261869,0.03947522872932546,5.0328496064605615e-05,-0.06660866569420205,False,False
12.766666666666666,0.12114557065791834,1.0185359966384686,0.1603329683865536,-0.004897965271258361,0.01629782160621337,0.0028184986870274206,0.1068600338175044,-0.011097161048495147,-0.0633897366629813,False,False
12.8,0.22549833402249944,1.0305776118961547,0.06945672743526776,-0.004504546688243326,0.05466941537807191,0.00039165761644436393,0.11916241102255762,-0.008306790215614077,-0.006125421026803964,False,False
12.833333333333334,0.2749658134622208,1.0156005071347014,-0.19920876044402247,-0.0010899634653975632,0.07613048567271309,0.015272422442881226,0.06733447463946093,-0.015108483086258943,0.07656848053116676,False,False
12.866666666666667,0.13226874724146925,1.000331192833985,-0.2155566695238662,0.0037493547791147227,0.0039845246071483235,0.005898379243697348,-0.13153073757261824,0.0015424397912635437,0.12056140267312375,False,False
12.9,0.2866919366512993,1.0073001409217688,-0.02844781191222977,0.0013351692185539163,-0.07548194183101198,0.0048687103412556635,-0.11102138981089314,-0.0018397678721908033,-0.037718852990250545,False,False
12.933333333333334,0.34810847337900813,1.0035134417506,-0.01656608318746689,-0.004818957534567999,-0.09236715193299616,-0.007414633538128751,-0.1286806135764007,-0.002126079347320833,-0.05234958026781493,False,False
12.966666666666667,0.13018500385495346,1.0014658623606738,-0.012440095803612375,-0.008530181368175058,-0.03668581451184953,-0.002588465947331028,-0.021083453485430188,-0.012856472771444272,-0.04670391004101974,False,False
13.0,0.18177124366971179,0.9982964466020023,0.3047625531418672,-0.005981885167657469,0.050404655877320015,-0.007080279457710126,0.04342849998653561,-0.00447191229342526,0.05168924108646008,False,False
13.033333333333333,0.11062900144620044,1.0215239119436683,0.2976706741772102,-0.0026187720624714895,0.01722403220440176,-0.0016156208549913133,0.09274082328970609,-0.003238448790606957,-0.04956617656460755,False,False
13.066666666666666,0.2279521360171656,1.0320068291496407,0.1879073444813413,-0.003967479267248634,0.03364360159604267,-0.001240223948673814,0.1951466765565516,-0.005948356219313994,-0.10889652495431285,False,False
13.1,0.05867451420892846,1.033906749761139,0.21919466610063568,-0.0029940895481997964,0.012451059651009769,0.01537224590956095,0.03926371883378495,-0.018563133251079052,-0.011858454982362166,False,False
13.133333333333333,0.23022449033021367,1.0318843350588482,0.04295557777300603,-0.0013639213956736789,-0.051178564783129224,0.009210581890899586,-0.1445147955010625,-0.010361690104539953,0.03418032754602929,False,False
13.166666666666666,0.023669577778708446,1.0469266274570836,0.09398132998235159,-0.004240254988732625,0.005571399069469062,-0.0019026948011342463,-0.01340192049830834,-0.005859191034191768,0.02142211839884821,False,False
13.2,0.0976833766166773,1.047815165940919,-0.25406771418332424,-0.006816916513958874,-0.00848923613015998,-0.0042822766339729494,-0.09305004487568015,-0.008363836764733106,0.06528536196961994,False,False
13.233333333333333,0.04858214992183171,1.0216941142235447,-0.23377693508287611,-0.0036006492939384795,0.01376300943118267,0.0069851210860787044,-0.006118510483809668,-0.012397983234326235,0.029627849239397458,False,False
13.266666666666666,0.18954938481957434,1.0156421496110908,-0.0217641006971458,-0.0005299496681173072,-0.00035369286524171434,0.0008908856928055752,-0.18954533824239905,-0.0017063542064974116,0.16295414164342706,False,False
13.299999999999999,0.4186855838960038,1.0246970426030617,0.16008195635156303,-0.005497034988425455,-0.0950219679003298,-0.017311167088697604,-0.2541187926903146,0.0052151893827874,0.05120852301667485,False,False
13.333333333333334,0.19628245486240914,1.0403272274041804,0.25501109959609,-0.009688019173317157,-0.05120017185400779,-0.01987854639230698,-0.07988044866077601,1.679154585550946e-05,-0.021638093639208135,False,False
13.366666666666667,0.136579970536981,1.0419661649284995,-0.20912525543421373,-0.010052204057276408,0.013704979705600324,-0.020336756486686258,0.12787042403153331,-0.0002320304114125207,-0.08610882573076782,False,False
13.4,0.23406391648498875,1.0240630744419967,0.0767697825239051,-0.007584272323913069,0.03818493622910725,-0.011313650802231474,0.19210917144477418,-0.0036531722936060983,-0.09824125756043534,False,False
13.433333333333334,0.1653769579901164,1.035245086045786,-0.1871192293131533,-0.005066727147749844,0.016869888489365825,-0.003405515540642248,0.15446579932152657,-0.006024312817159071,-0.10346205191193462,False,False
13.466666666666667,0.14188288450312503,1.024231753911695,-0.043039365581243334,-0.007014656898904452,0.02825389888983255,0.003029400668953589,0.10169425286003901,-0.015023713140453691,-0.03778066419773769,False,False
13.5,0.11459965556092062,1.0285813680130595,0.21473662640492358,-0.005822320536015271,0.03161800917964787,0.00038051463025247037,-0.02956631033438492,-0.010628386426598092,0.08145002856663174,False,False
13.533333333333333,0.15289269753880463,1.0285964644016112,-0.2942970984782162,-0.0030133051781180884,0.022350149872971545,0.0012947330577398593,-0.1313417088022024,-0.0064480685282593585,0.15288804648167556,False,False
13.566666666666666,0.21221507352546254,1.0339191781062802,-0.005337055345197141,-0.002188030625476601,0.023158958459874757,-0.006030896960798113,-0.19610798251524378,0.0013339908631429759,0.21021292387756177,False,False
13.6,0.22608700463131554,1.0099859558120015,0.023336605492668937,-0.004502777606689868,0.014473123624555348,-0.015598150997448634,-0.22033308513637498,0.005495731193104072,0.21575376221425524,False,False
13.633333333333333,0.33561974130475,1.0116362931585283,0.5087011284835469,-0.0018066735437531607,0.017945428291415114,-0.022012005822345596,-0.32968405939310674,0.015800515850750145,0.31626762519473894,False,False
13.666666666666666,0.4060720165236295,1.0616878967200423,0.9034948663711296,-0.0008389873235071924,0.05853201665491934,-0.03171234335527816,-0.3505464488721757,0.025883909486907525,0.406071966727279,False,False
13.7,0.41601162188391083,1.0921307534475322,0.7109244652046564,0.00016158325076054203,0.07784673172805014,-0.049993374506511624,-0.3142496626895042,0.04343071624189279,0.40891618453004125,False,False
13.733333333333333,0.4203474810151228,1.110233710832851,0.1403210504551528,0.0030198589827816324,0.10490339509354019,-0.06071482152289458,-0.2043168394096628,0.057739893726830735,0.36190756375552385,False,False
13.766666666666666,0.659962511911172,1.1004044670515079,-0.21774115814234174,0.009048993510337952,0.1819713839882252,-0.05749342821004798,-0.1717308793026359,0.06562565654290911,0.4701229122251778,False,False
13.799999999999999,0.8372066162941324,1.0918847408175862,-0.5389680818433235,0.013940493686774495,0.22956998860197886,-0.06392526024231214,-0.23376508070188454,0.07982972942025832,0.6078636423716309,False,False
13.833333333333334,1.330897227370132,1.0609624283510397,-0.7153824462752836,0.02212819565211077,0.3713328962530344,-0.07878297293964907,-0.2835824216392882,0.10713659390208859,0.9016427904377825,False,False
13.866666666666667,1.9333888709121168,1.0350439488918803,-0.2832132415202333,0.03733761453645411,0.5491953642302494,-0.08925740972351011,-0.19848991542313493,0.1430824345095136,1.1428552246433161,False,False
13.9,2.4835224774306885,1.0255753003972659,0.10265138565806271,0.059183365763678136,0.709004485301949,-0.0891710049617909,-0.06020055668973052,0.18165417384432064,1.3062208124261872,False,False
13.933333333333334,2.9321803720994235,1.0513009509966167,0.5625835699429776,0.08636678666981364,0.8371151388717749,-0.0901450613723796,-0.06717582013254887,0.23058372801673035,1.5388751756654568,False,False
13.966666666666667,3.1133322744658463,1.0802275054087203,0.497004477658438,0.11622912941566511,0.8885148114163867,-0.09277640429676402,-0.10960900578372212,0.28568269649798556,1.6664242934139044,False,False
14.0,3.2996718987171274,1.0864385533996306,0.3593607668529252,0.1465623740891605,0.9421993797408278,-0.09914980450168666,-0.04275470402564717,0.34484415498030313,1.7036991349880115,False,False
14.033333333333333,3.4793523186411313,1.099282913053935,0.012135698184275885,0.1783728951740349,0.9930582354391935,-0.1005884442599876,0.11374752101514102,0.4023602388364269,1.658607933027503,False,False
14.066666666666666,3.6107610983423286,1.0960629238095316,-0.2899225522255261,0.21242153123813323,1.0294429457565708,-0.09144071329962468,0.2055702585326456,0.4546995066202914,1.6437303442710118,False,False
14.1,3.6360513184748853,1.0795123956759864,-0.4372779458265263,0.24885441982799295,1.0365436623182918,-0.07960516923956175,0.21363586348760785,0.5089370310892878,1.649331181987472,False,False
14.133333333333333,3.4760712021976112,1.0492457947686022,-0.4073630076331591,0.2830123265046267,0.9913682052718255,-0.07620671745106221,0.1767556544627486,0.5664312996113614,1.6012414229169365,False,False
14.166666666666666,3.214870549903401,1.0511477303680081,-0.2711239928553652,0.31517071199022323,0.9174087770175599,-0.07242106407703203,0.12125288988934874,0.6200541482197522,1.518302755466606,False,False
14.2,3.0033475319071616,1.043401585330945,-0.17301859980975373,0.3442171017422839,0.8573598138252125,-0.06565533517442242,0.07917998081112315,0.6655998691452275,1.4483823257630029,False,False
14.233333333333333,2.879036967167056,1.0352142349928415,-0.11519919865414492,0.3716071704407298,0.8221584742931005,-0.06353355775046667,0.0028952030615563566,0.7122232535651388,1.4519439200483382,False,False
14.266666666666666,2.7882466815931815,1.0230865963629483,0.27044773586638554,0.3980664680465224,0.7962071246132353,-0.06935575892035141,-0.022106543309208616,0.7640558003317593,1.427611387616966,False,False
14.299999999999999,2.7524345890653894,1.0509413032677382,0.7335195889404446,0.42497442642728633,0.7847691664876708,-0.07101176410111751,0.15431084359371985,0.8130865762596089,1.2551267573420941,False,False
14.333333333333334,2.7517495125763425,1.0827857469218767,0.871498629877793,0.4504866747736316,0.7754670503823473,-0.06221072261278569,0.4449881366824255,0.8506237125940831,0.9878129112353405,False,False
14.366666666666667,2.7932759428390113,1.1227578407255714,0.6220729947730239,0.47598964283520984,0.7700831993902365,-0.04089420899809116,0.7282286006977142,0.8773434328132014,0.7338487570872029,False,False
14.4,2.797507836520455,1.1285730671615612,0.19278306803447504,0.5019575705552692,0.7596058745087255,-0.010021051150871057,0.8663197892055458,0.8966381959276687,0.5961394960112447,False,False
14.433333333333334,2.739097678759872,1.1267127453669072,0.14213035109154853,0.5276423529789076,0.7310911186504407,0.020660703973788174,0.9738383308345598,0.9155972425875827,0.4529056021715386,False,False
14.466666666666667,2.583511289998521,1.1265070760696807,0.07883743631605619,0.5512715843124093,0.6708749879192335,0.05269043680657912,1.0749219482398673,0.929756588403412,0.259143687773787,False,False
14.5,2.423768669206141,1.1383944611332382,0.24756060516024433,0.5726240683023054,0.6042896584774519,0.09022586205949433,1.1818485046044198,0.9351367689041771,0.049071794005822525,False,False
14.533333333333333,2.3322052347710587,1.1433056755637885,0.3725835894527256,0.591431752539908,0.545989390301491,0.13394095662961653,1.3355308482755042,0.9306819350336889,-0.18669417241907282,False,False
14.566666666666666,2.2616382289798507,1.1561725389282809,0.41626064963490106,0.6082816861427727,0.5103152495049619,0.17973418240105568,1.3862026976033137,0.9209702835767951,-0.2935340426907656,False,False
14.6,2.241512625537534,1.175035023410408,0.6685655530857919,0.6245436200931448,0.5044253933176466,0.2277270852011419,1.3799344012446084,0.9083200821451195,-0.2985439016826643,False,False
14.633333333333333,2.225805820767098,1.2084101471610154,0.26422111634874457,0.6414418903171096,0.5129929844609173,0.2750606018234987,1.314214829744168,0.8973646517524735,-0.22667061394111948,False,False
14.666666666666666,2.1799847449460126,1.2079160705330063,-0.21316232735636675,0.6589837323094715,0.516408377724067,0.31582522807535895,1.2174438538461116,0.8932167635982422,-0.13711411597755216,False,False
14.7,2.1391571116030343,1.1918911196270685,-0.7485320522804935,0.6762765651198203,0.5149346239756037,0.35425186078794746,1.1508552036295652,0.8906460805856019,-0.08225448175873405,False,False
14.733333333333333,2.0750096355320777,1.1419337223929469,-0.9184721169218878,0.6936442064596323,0.47734451711574327,0.39027073951735,1.2294443714877117,0.890285657723139,-0.21657677127690322,False,False
14.766666666666666,1.9416007159450077,1.1208045563616817,-0.5906669821959026,0.7092080254385738,0.42323541033523465,0.43413162858851573,1.2542861181374902,0.8799664295637081,-0.33373740620050435,False,False
14.799999999999999,1.7789478317907932,1.1021903188306659,-0.45947680632098875,0.7219995152678602,0.3775181049315232,0.47845104997341564,1.1903734657682972,0.8643470834376592,-0.3594564094212706,False,False
14.833333333333334,1.5671108003442293,1.0997492351352873,-0.26942550069668825,0.7335225644492476,0.3031940947652001,0.5170674062589496,1.1526384325741732,0.8514056095231588,-0.4583738018071916,False,False
14.866666666666667,1.4427361946483959,1.0802557284714747,-0.07120389970731024,0.7429872470491918,0.2626210579218332,0.5492609379742821,1.1116373602619067,0.8403657472421826,-0.4947652790547712,False,False
14.9,1.2837137313569804,1.0841542759772598,0.2744299436159589,0.7507921941096277,0.20995869209388016,0.5906276387418371,1.0523081798071945,0.8184731714599124,-0.5367260571702236,False,False
14.933333333333334,1.1401107545485802,1.0983431451286176,0.8911315426642183,0.7561185203673261,0.17051164231921262,0.62677723808641,0.9712500537636978,0.7966982018391738,-0.5365558970243228,False,False
14.966666666666667,0.9862112533778,1.143627040682182,1.3997331150653518,0.7621100805564341,0.15838193442647394,0.6544022744972654,0.8154796284954109,0.7834568642775346,-0.4235823035079187,False,False
15.0,0.9037941041901263,1.2021534164676706,1.2032166184570277,0.7663939272843115,0.1423804458717759,0.6760798784680137,0.7538260916079156,0.7723271935918439,-0.39868207322186006,False,False
15.033333333333333,0.9149635631949242,1.2499826534955363,0.7934377630930477,0.7714115715249583,0.1361116279190462,0.7043768564841326,0.7810099745027613,0.7567830529279972,-0.4332319578019583,False,False
15.066666666666666,0.8650235792927278,1.255082914520796,0.005549168639238032,0.7760740193883973,0.09184801829620112,0.7286954347488014,0.8030054080991238,0.7440439562951641,-0.5305189778244394,False,False
15.1,0.7664836883628283,1.2372889640602924,-0.47738971081357223,0.7787592595653602,0.04558539285215247,0.7579215368259075,0.749676726348928,0.7235718225975001,-0.5663367719020316,False,False
15.133333333333333,0.7290233114200695,1.2163510067081134,-0.4571313069810054,0.7785055873673441,-0.00010554633492575888,0.7805969879156668,0.7290232177290641,0.7035538834071449,-0.6293422787694362,False,False
15.166666666666666,0.6981839986195414,1.2025115759681348,-0.6263824773751603,0.7765833950201121,0.04204296216428193,0.8057516218921863,0.6824847053828754,0.6784446786049338,-0.5146160223231221,False,False
15.2,0.9545402943133597,1.1784484065293803,-0.4294245183287164,0.7813472193927521,-0.034901435349596686,0.8206387953729102,0.9466836649517596,0.6740243350770272,-0.8787415870934177,False,False
15.233333333333333,0.7633141551846879,1.1812409654973712,-1.368383389891192,0.7786506700377264,-0.03922572128095942,0.8674679320147228,0.7508532106564013,0.6288399018752564,-0.7173875092690639,False,False
15.266666666666666,0.8624898009680664,1.1082471768913367,-1.6435983122961442,0.7759512481444154,-0.07995117045769985,0.8862114771654284,0.8157841127155512,0.6078885808707193,-0.8454691447066184,False,False
15.299999999999999,0.9254690871857911,1.0416595548466638,-1.703196872006636,0.7711412087831151,-0.15392044237072405,0.9139639848414511,0.7523119964856165,0.5754286241611625,-0.9215475824500768,False,False
15.333333333333334,0.8251681716923394,0.9733160104935525,-1.9260032036581336,0.7697626521672831,-0.11698900215660382,0.9255688251200042,0.7162898711053566,0.5629747705803644,-0.8251263650274435,False,False
15.366666666666667,1.313746950391079,0.9382105978233422,-0.8267550541924559,0.7612260484510848,-0.18442643901253816,0.9691678000053927,1.1440461002883549,0.5102466348051308,-1.3135854418128985,False,False
15.4,1.2854360917604994,0.8985861669786179,-1.0932433568564817,0.755617211196695,-0.16596083600137182,0.9969247911831814,1.1465586986629843,0.47636969239024984,-1.2830871997399829,False,False
15.433333333333334,1.4171610892818196,0.8765426211696231,-0.8850047967269301,0.7514070882680678,-0.14648319464175472,1.0477280220014278,1.3210687708117947,0.4250779764703651,-1.399234438549366,False,False
15.466666666666667,1.2881890673835736,0.8586784312498665,-0.9330721589346973,0.7457684739856479,-0.12383819068170178,1.0924077706378317,1.2130016162759338,0.37654381932232783,-1.2659109918352816,False,False
15.5,1.0646286899549966,0.7997085089177367,-1.2016172165262664,0.7418661884296749,-0.10494510013773432,1.132584334684104,0.9991898189779381,0.3349676219398945,-1.0479660183238784,False,False
15.533333333333333,0.6879096468789117,0.7647066000284256,-0.47988998145684225,0.7400486629441928,-0.11777221829401532,1.1610334313010227,0.5505757339166856,0.30720041865767816,-0.6834986783062243,False,False
15.566666666666666,0.602112330419432,0.7666940004612687,-0.5975904494862251,0.7360529933769889,-0.13966731321520634,1.1711884527730725,0.35118799360650593,0.29136796223632105,-0.5501583262059434,False,False
15.6,0.5611103565380209,0.754451234358853,-0.5317234883567743,0.7290687465596585,-0.14954461973293112,1.1746331772864773,0.20151619440363103,0.27603961682975836,-0.438463299247487,False,False
15.633333333333333,0.40556176642465913,0.7216138597873024,-0.4056193055847594,0.7238132277825259,-0.10776604143049016,1.1807943084482868,0.14855391842279206,0.26142519350630783,-0.3188476860628555,False,False
15.666666666666666,0.16968084366312908,0.6982149372148643,-0.3138274856440992,0.7221568082717961,-0.038559089234797464,1.1917670406620229,0.10275941191822593,0.2490253021867587,-0.15689567465638907,False,False
15.7,0.060316570358827856,0.7205233183499052,0.11709530300407563,0.7220842702276828,-0.003693296901937053,1.1861758967055092,0.058913675995060436,0.2537222011031201,-0.05737683193647847,False,False
15.733333333333333,0.04905457842889234,0.7207036579675177,-0.00022897624688051322,0.7225142239580181,0.004535857273626057,1.1885744639891889,0.046411859278096324,0.25241282073960697,-0.03202980204700785,False,False
15.766666666666666,0.07907532883889136,0.7098557469139645,-0.15110381683201163,0.7227384129409532,0.01347192103374079,1.192655083258304,0.06346127718210277,0.2492878009502943,-0.030935272152627556,False,False
15.799999999999999,0.14224577980643818,0.7067900526810077,-0.050397184105473614,0.7234244437204824,-0.008252699393334334,1.1958197581119128,0.13927918585919538,0.24777027485415098,-0.13479903466809082,False,False
15.833333333333334,0.058233104858877865,0.7018405348773898,0.61891612164231,0.7227967047580294,-0.01656129452959163,1.1973846312339977,0.005267697296137523,0.24530926709928105,-0.03384390419556461,False,False
15.866666666666667,0.10330176450828138,0.741894408145209,0.3830740610653777,0.7218334207402662,-0.018042636174338413,1.1995814846545358,0.08172713277972718,0.24170925572578603,-0.10244986404513734,False,False
15.9,0.08056720564719788,0.7587111540166123,0.3404717422122508,0.7207977278188642,-0.020966836118378004,1.2024491208675028,0.033171220415625216,0.23740225571777998,-0.0657186107061829,False,False
15.933333333333334,0.032804520674604036,0.7650459389280012,-0.00968205493488682,0.7209346938493798,0.00014525566144471148,1.2005789058805565,-0.032800576905147934,0.23925857338753895,0.02856424648756793,False,False
15.966666666666667,0.03026104689834265,0.731498760387336,-0.08238758767828971,0.7206719231617831,0.006349854058749184,1.2019985394001236,0.0205254606841787,0.23756855759530185,-0.006480479585721343,False,False
16.0,0.06361719564613327,0.7573751072986327,0.4631824153910638,0.7211095409741349,0.015472569977630165,1.1995286099656035,-0.03333876459317661,0.24047430500155198,0.05614355129037974,False,False
16.03333333333333,0.12077248295965134,0.7768230567046912,0.007312621631129938,0.7220362739403534,0.02660276713685462,1.1992845701536234,0.07686126446267792,0.24232435462189986,-0.01927044561311375,False,False
16.066666666666666,0.17790974335383988,0.7767144439360089,-0.0690631770390894,0.7228551344300567,0.03716000776348194,1.203537412477326,0.12132127331788509,0.24010271016873308,-0.03896362725173948,False,False
16.1,0.1678415772673463,0.7480242756299273,-0.13336011896037192,0.7243431551328485,0.03684746174932459,1.2094171937838434,0.10733784473214408,0.2376607787187602,-0.02744867556054981,False,False
16.133333333333333,0.1553131670874667,0.7489934808586634,0.23594078048498596,0.7258298572986107,0.037738738442807604,1.2141198438130383,0.08159422046200825,0.23623239276288982,-0.0036549104284285534,False,False
16.166666666666668,0.17059391354541553,0.7885103143315115,0.056616125206629134,0.7268256651087694,0.04242181874587942,1.211981603443353,0.08387107044098828,0.23983935672430862,0.002664762085437485,False,False
16.2,0.133611780445513,0.7743156694627068,-0.15001218331865857,0.7281800683985616,0.0341367384405786,1.217200876264109,0.05968483350132751,0.2377310754384883,0.008881015179986516,False,False
16.233333333333334,0.17463167494983736,0.7521794589811382,-0.3792402185964482,0.7295459373638251,0.04459260734415774,1.220089083516867,0.07817935318732239,0.23765481439178177,0.011417022293644098,False,False
16.266666666666666,0.07478707941407499,0.7356283031535504,-0.1693638162290989,0.731409928038792,0.017946003007584015,1.2235713268094643,-0.04054408176440224,0.23794709736407926,0.06673746018669528,False,False
16.3,0.03405959332246759,0.7576188197351755,0.033314413786403,0.7312804989597614,-0.0062828683138828655,1.2153922095858598,-0.0259999278283754,0.24477680417462294,0.01132351012777998,False,False
16.333333333333332,0.06656365435625375,0.7373524735917456,0.20362675668949878,0.730638571591505,-0.012008644640373758,1.2191333292766158,-0.051598052021076105,0.24041257013116846,0.023285784676801098,False,False
16.366666666666667,0.06729723635334225,0.755606821775166,0.4048122976421586,0.7292625168978992,-0.009609186050863151,1.2146537939709405,-0.058280630825861705,0.24184414679481786,0.03329769949065032,False,False
16.4,0.11290210922163166,0.7771947578715283,0.23652371485897944,0.729826203658174,0.03192687204636104,1.2157513716660773,-0.01572570774639933,0.24189411657436088,0.07005182169590328,False,False
16.433333333333334,0.17435198561282872,0.7993683825265956,-0.29572551947879855,0.7314342042218424,0.04917723297047201,1.208500263129269,0.027252749075139398,0.25099654742361455,0.0634777262024204,False,False
16.466666666666665,0.2736627681602879,0.7524438586634975,-1.015030174491241,0.733855610602211,0.0499979868273746,1.2168964896657477,0.2103265333408308,0.24803410372727624,-0.09306513269627945,False,False
16.5,0.17384956488819892,0.7076058130543182,-0.9682639971440381,0.7355537901167536,0.034561240017328805,1.22645711194782,0.12480478959235418,0.24278734570344382,-0.04656730230076033,False,False
16.53333333333333,0.11911033304422841,0.6714913074713125,-0.4333879772559385,0.7357673193503516,0.02628534048558553,1.2316330891237728,0.07559628732607977,0.23869816156280768,-0.01874030035326225,False,False
16.566666666666666,0.1415694041895787,0.6826079100488855,0.021795960506649833,0.7363561008133584,0.04036053545512267,1.2270678903142058,0.008150790639028233,0.24367956756022952,0.0643657280886719,False,False
16.6,0.2817385936120678,0.6926020274391992,-0.16285238561766832,0.7380438375927861,0.07738261409259543,1.2262019032141818,0.07711855788492876,0.24741262159576974,0.07033978473092384,False,False
16.633333333333333,0.3545950568688606,0.6796073519818935,-0.07216993528573681,0.7418080434289951,0.09134440886557986,1.2345898997329776,0.1530387667471291,0.24683276488454947,0.029518921816352846,False,False
16.666666666666668,0.3902463831703593,0.6602249879116036,0.2027237944970908,0.7449722293102122,0.10387422791766608,1.2402265834065491,0.1413521741147838,0.2475658557924619,0.061770511021773986,False,False
16.7,0.3564301856264069,0.6830465987048444,0.8312148859405335,0.748614960523489,0.1016712596717488,1.245052459274718,-0.016831818375542564,0.24984525572131294,0.19438797705490213,False,False
16.733333333333334,0.3281219967899508,0.7373553701773119,1.094692730082478,0.7518146104475133,0.08110448678522887,1.2414424200526957,-0.16432087373870966,0.25862111441054175,0.28528903022355867,False,False
16.766666666666666,0.4594933863673084,0.7798304612085696,0.25687269543317987,0.7543910444299246,0.10441417821523255,1.2330961586195242,-0.27828627404468376,0.27038188576534616,0.4248785998543947,False,False
16.8,0.6332031620252802,0.7650789204362283,-0.37432512955571035,0.757025723565169,0.13415208084095567,1.2200846293731509,-0.42456885637907626,0.28627187660037723,0.60373012645389,False,False
16.833333333333332,0.9177592325094854,0.7245874313575302,-0.3723150877955926,0.7622186198280219,0.21639024361733342,1.207189782123855,-0.5177725806713598,0.3065867930547467,0.8296497588454009,False,False
16.866666666666667,1.2786362736880177,0.7179341801237239,-0.384648685143688,0.7715250612919196,0.30861162726854874,1.1866466568445884,-0.68337812935803,0.34077934535721577,1.1357138664183535,False,False
16.9,1.7626597964681847,0.7316113747231893,-0.37715148682491856,0.7826208921518412,0.40928587375051895,1.1632224833918954,-1.0260599882747137,0.3806238019047834,1.6095504688420723,False,False
16.933333333333334,2.3964166524643495,0.6939368354264098,-0.06910911851806859,0.7978831806271753,0.543250084144699,1.125412713005959,-1.4573478844457255,0.44025388419978634,2.2187468522902702,False,False
16.966666666666665,3.095234239533053,0.6814375147726576,0.28049333982104196,0.8181111150579334,0.6753343771274162,1.0683420785071036,-1.9969441205761422,0.5252908119390027,2.918088924706481,False,False
17.0,3.8231358280849155,0.7274198467088218,0.6984861961708314,0.8436357939874183,0.8183774293315872,0.9892809714933596,-2.530530839017863,0.6386760002040711,3.631631346943386,False,False
17.03333333333333,4.35443811905912,0.7683910712681873,0.7376379033875438,0.8734650526955777,0.9036862782065155,0.8991406759509741,-2.9911341150393875,0.7692376906282457,4.180053297303837,False,False
17.066666666666666,4.7273977490998496,0.762170023401081,0.2800249007498708,0.9055419753898386,0.9368011860326502,0.7895745465347962,-3.40391907000534,0.9205403411932227,4.594873591432969,False,False
17.1,4.8692786994763395,0.76883281738261,0.4795718001320343,0.9377369882375928,0.9257415225055128,0.6673764596389951,-3.6332973064228637,1.0829534265994636,4.773264552668242,False,False
17.133333333333333,4.771708567228978,0.7951668778952133,0.9994070917711404,0.9680132330653196,0.8519353482778438,0.5404209524991714,-3.7241206763492647,1.2460778175870897,4.721079095261271,False,False
17.166666666666668,4.473890066706085,0.8365117732799292,1.1743245526613848,0.9957433039602981,0.7511568793943606,0.41670638127600845,-3.618933188281079,1.401900924492749,4.452018536959353,False,False
17.2,4.045805678492117,0.8781635537477023,1.5105567831238553,1.0191221654867724,0.6175917047278368,0.29649397674769123,-3.419260780321304,1.5470040974329886,4.04341494384277,False,False
17.233333333333334,3.4830508399705704,0.940458329851252,1.2961199702203317,1.037077211094845,0.4662941046600277,0.18404093859591864,-3.076585962868626,1.6758158246855064,3.4800289858882287,False,False
17.266666666666666,2.7856673128256952,0.9860789465556596,0.44021848456328716,1.0504044268333887,0.3034846012567,0.08734242591663914,-2.574979662156883,1.7828443325475931,2.7591181239231077,False,False
17.3,2.114383789430994,0.9886494105930544,-0.4532170108616209,1.0579065253304396,0.12917696124235065,0.010902344868583106,-2.065428876947613,1.8620846316493243,2.011010257499452,False,False
17.333333333333332,1.3717844874442828,0.935104053883765,-1.3168963686512827,1.0585842019421314,-0.007329917451411077,-0.050776807414699913,-1.37154432600883,1.9165133076428642,1.1706917735140514,False,False
17.366666666666667,0.8050738288764585,0.8811865001459359,-1.4379119118998167,1.0550860397751392,-0.09658272549225413,-0.0852283195543772,-0.7305857220467296,1.9400569286499132,0.459643990514401,False,False
17.4,0.5057662527369557,0.8352951128488638,-1.1510767061748586,1.050552682754498,-0.12630477718986277,-0.09510447970314287,-0.2453065996823801,1.9405604182050389,-0.011737472996525344,False,False
17.433333333333334,0.4080732246097999,0.795457113372443,-0.5500690475442956,1.0462711350785983,-0.1154373617342606,-0.08975912365256263,0.05581074249341129,1.9283730255495581,-0.2523802185401677,False,False
17.466666666666665,0.3720536719679997,0.7899073547202891,0.006502007732810158,1.0421992541201748,-0.10100949028139744,-0.0889827374192597,0.11536692001750297,1.92049961896124,-0.2782542163712375,False,False
17.5,0.298678805495216,0.8099734376005449,0.31604109472470343,1.0393996083672894,-0.07639919346953329,-0.08265641676702454,0.1327937024657135,1.9100872065055385,-0.24975679607380266,False,False
17.53333333333333,0.22441921631343548,0.8287881134237934,0.19922821715369765,1.0374853011790932,-0.05820841004582664,-0.07637613336228602,0.09389127476397716,1.9012807362213673,-0.18400307283190254,False,False
17.566666666666666,0.20659434635615856,0.8250454722982203,-0.2681221955635013,1.0358347621862778,-0.05882854716844488,-0.07392954244760895,-0.015582142402863364,1.8962494074942982,-0.09062328959347117,False,False
17.6,0.23065753901760705,0.8047119243625296,-0.24970760325927793,1.0338041419683648,-0.05732166223485495,-0.07907252703371363,-0.1136254509382782,1.8970955870637631,-0.003345007461786091,False,False
17.633333333333333,0.2531885083590317,0.7969007971705223,-0.2795663000944673,1.031791510192616,-0.05767541833850442,-0.08341310452748503,-0.1526872923805138,1.8972811024503842,0.02974000491304642,False,False
17.666666666666668,0.21422147043723286,0.7922219398548322,-0.2602961722915053,1.0297249570601543,-0.04789229654235914,-0.08988525665455638,-0.1332832659600336,1.8992108018936915,0.030300971301089587,False,False
17.7,0.16365601011513117,0.7827800570395671,0.03962658536678501,1.0284862901436884,-0.03169014375673309,-0.09305169413187744,-0.12028456071856052,1.8997522061363064,0.04774541546992417,False,False
17.733333333333334,0.19130802268283767,0.7796564704928933,0.06304477682126017,1.0276670380307744,-0.02625028920909786,-0.09662119736198968,-0.16777624276540853,1.9013834281586726,0.09835468738228535,False,False
17.766666666666666,0.19168713499478962,0.7940259254520475,0.35614381658629685,1.0271769780158926,-0.02342798755663618,-0.10232969958292311,-0.1732436746192023,1.9054429898305343,0.10806594826524647,False,False
17.8,0.14978562702523174,0.8132360154498824,0.3360408293339059,1.0261750055300567,-0.027009335983063095,-0.1120378938906544,-0.11614692041514939,1.9120487318778774,0.05245518394830164,False,False
17.833333333333332,0.16458869953859054,0.8171008961936395,-0.002878681036865748,1.0254146012039718,-0.046867589860979456,-0.1140507970675797,0.012399335823039143,1.9124406947491448,-0.09361205638197599,False,False
17.866666666666667,0.25510121391531715,0.8155678476799563,-0.06717324744826907,1.0236817085491892,-0.06732867223727625,-0.10834886667315256,0.09740826897241037,1.9044542819324535,-0.20317251379149504,False,False
17.9,0.3386757487191506,0.801914502787643,0.06919944353633585,1.02083886499308,-0.08857374860979629,-0.10370925263372054,0.13600473278845046,1.8954210977720272,-0.2740653949505017,False,False
17.933333333333334,0.3704877327508712,0.8127712617581659,0.11265034608707271,1.0170545219313123,-0.097700541284711,-0.10121462853775381,0.1421607558163951,1.8865735018043401,-0.2955239014165714,False,False
17.966666666666665,0.34345404202488566,0.8232422615733279,0.24490218631571367,1.013935772971586,-0.07969766512321987,-0.09595519824460162,0.20017999678569345,1.8765173174863101,-0.3137471296206574,False,False
18.0,0.2886374623819596,0.8301744989590117,0.19299458098361622,1.0114722447234308,-0.06312269475287127,-0.08555022162795999,0.18561120883415205,1.8631795871649943,-0.271852082131387,False,False
18.03333333333333,0.20672439487975894,0.8282474627205917,0.08873882319938642,1.0095831254211132,-0.023057825591993306,-0.08126812733210464,0.1903034279765162,1.8561421361707562,-0.2050246159589135,False,False
18.066666666666666,0.1082287047062305,0.8429756191197624,0.026062595414441794,1.0097525512045291,-0.007536076701122595,-0.07474948172976793,0.10496203479599019,1.8508161921048711,-0.10391518797230295,False,False
18.1,0.048544814420288115,0.8327661888739918,0.019465734066894867,1.0101704892499455,-0.00983929870439596,-0.07269410978944439,0.03419698130384768,1.8497817369435792,-0.046918642799074116,False,False
18.133333333333333,0.05129172854024394,0.8323432048315301,0.07754686231798205,1.0096930487726261,-0.007184254525274902,-0.0718018427097985,0.044698153866603293,1.8481670821638325,-0.051284361711045334,False,False
18.166666666666668,0.07572129384347719,0.8381930900830604,0.11194541882462229,1.0085208965157462,-0.015140916812975061,-0.07336793583894491,-0.05406054949137186,1.8474450385270906,0.0198697910237639,False,False
18.2,0.07699232455000547,0.8489238433103724,0.332697000293356,1.008949796390742,-0.019166978349585875,-0.07288979565926627,-0.037720882171536234,1.847791144883861,-0.001353852110319095,False,False
18.233333333333334,0.1018106299448219,0.8538170140154556,0.2019869830559649,1.008348032694923,-0.02777836918445185,-0.0770456018185346,0.030051786959404598,1.8503131018850503,-0.07507647112231004,False,False
18.266666666666666,0.1639349154947772,0.8668746995103886,0.09942378171271576,1.0065258620297681,-0.045352461049950756,-0.07560778198496172,0.04064918891366004,1.8458487287470644,-0.11531166566302256,False,False
18.3,0.21151806037013177,0.868264327206348,0.027864047552682264,1.0046992939399322,-0.04799771655609894,-0.07047100402204849,0.12841153011282572,1.8381843322096765,-0.19573119146995094,False,False
18.333333333333332,0.21417605318936042,0.8600172492098423,-0.13208582279760037,1.0035379190550975,-0.03439737397599021,-0.0658224529947957,0.1770946449142816,1.8321180437460793,-0.2136855520662993,False,False
18.366666666666667,0.1788511911740551,0.854759797422818,-0.0007229559266320445,1.0022215360166649,-0.029775259812418704,-0.06160576668868596,0.14531391191287837,1.8261502418347502,-0.17808163956911524,False,False
18.4,0.22467150750651085,0.8609855318594898,0.14555453359148168,1.0016245291386356,-0.03084306726119355,-0.05345780822893899,0.19700743078049232,1.8180623211636082,-0.22458275957115237,False,False
18.433333333333334,0.20596129943478889,0.8676005139103918,0.03449108335113321,1.0007506353315163,-0.03831577099781128,-0.0475793007886888,0.15626048036549486,1.8114431354055975,-0.2026372792994236,False,False
18.466666666666665,0.22705340045279196,0.8681583998424655,0.07266173483189545,0.998961897473915,-0.0409410957487975,-0.044699784793006195,0.17606528466327184,1.8057937060542846,-0.2243733975316891,False,False
18.5,0.32691014265171836,0.8670144134067991,-0.03983599633967444,0.997206060375337,-0.030208691390382885,-0.03851147166274141,0.30932153319264266,1.797346949295278,-0.3203888982828701,False,False
18.53333333333333,0.32700372035552167,0.8648009118078539,-0.001747433591388808,0.9969609293201546,-0.02474221410823713,-0.024453046674737595,0.3153165750080993,1.784780714133311,-0.31589219745552843,False,False
18.566666666666666,0.4768800422428401,0.8738780132417838,-0.29848406296670976,0.9965207408292188,-0.029473552433495497,-0.013466787801330433,0.4655772364902229,1.774520727168251,-0.4539388970706414,False,False
18.6,0.5641276117774802,0.8531566820292599,-0.6259498430421254,0.9952214450808056,-0.05217590786169717,0.002443639276666168,0.5337200990873612,1.7584913185657602,-0.5529086708209816,False,False
18.633333333333333,0.6557248481070866,0.8244720044996888,-0.7768461345906386,0.9927164231498482,-0.06932403945116798,0.021125371964423996,0.6091331077661285,1.7379372464177123,-0.6483269452628756,False,False
18.666666666666668,0.6822189382344991,0.7813240314259973,-0.2740305345068367,0.9906902030538479,-0.0940096738940159,0.04982807072002672,0.5975348874105086,1.7095819895455515,-0.681987759118667,False,False
18.7,0.653643146449796,0.7974729481508791,0.15893178423470614,0.9866892514166123,-0.10130726832007841,0.06230101604853227,0.5489956168343714,1.6917397934660692,-0.6530076376507731,False,False
18.733333333333334,0.660486395382614,0.8083575612128022,0.6823581754399569,0.9832537728420153,-0.11438274124422639,0.0812794452929447,0.5251718638906463,1.66928364092586,-0.655578674405436,False,False
18.766666666666666,0.6987777848532807,0.8507454490660742,0.5254554801345619,0.9790599065256896,-0.12208892047707554,0.09739885187702432,0.5527273555655452,1.6479532297111532,-0.6929920310394864,False,False
18.8,0.7963282878992973,0.8551685794836328,-0.15537997658939928,0.9755316746916669,-0.11961989181032175,0.11953738309109234,0.6772547775974282,1.622605786719524,-0.7960928080291205,False,False
18.833333333333332,0.8360579414885869,0.8472748096176372,-0.19795387688884683,0.9708820789307924,-0.14976497066536446,0.1394823283626763,0.6511129457305205,1.5971676810111508,-0.8268603655784296,False,False
18.866666666666667,0.9524762513163311,0.8143951502832374,-0.5539971506989287,0.9659950440314571,-0.15654389435695024,0.16522420179270353,0.7789117823645073,1.5663067159233428,-0.949144536221538,False,False
18.9,1.0465084944882272,0.8131624780957237,-0.4268246350530413,0.9602715672640971,-0.18226856987700174,0.19073038072842935,0.8293332359334559,1.5341694473351002,-1.0381671733841054,False,False
18.933333333333334,1.1631951793341921,0.7982790697455079,-0.3068539735364354,0.9538733152080333,-0.20814326619325332,0.21893981855648087,0.9065110670785088,1.4985055209723974,-1.1505462721156734,False,False
18.966666666666665,1.3267264911664391,0.7787696927086704,-0.3047025495716959,0.9467173393483788,-0.22604662124974625,0.2515590587918778,1.0647157388878714,1.4576954294470306,-1.3187507508420921,False,False
19.0,1.4762838737920323,0.7717564657993633,0.07750463124483513,0.9383026535493129,-0.24333006777833396,0.28807600848220544,1.2055499632128894,1.4112948435736563,-1.4708676787781483,False,False
19.03333333333333,1.6265164987478267,0.7943165417191239,0.0302861694573375,0.9301816670839292,-0.2532894490910387,0.33171809623228865,1.3633933395925881,1.3592647501391277,-1.6247070389555893,False,False
19.066666666666666,1.7411446621591466,0.7874613379186856,-0.13851712402198524,0.9218763241804993,-0.2695334980640822,0.3813496250986481,1.4631222700166673,1.3017395625405044,-1.7395108674753283,False,False
19.1,1.809086780444961,0.777872523221215,-0.25459445466647546,0.9125360042049253,-0.29309953235232866,0.43129541609417293,1.4897471923185712,1.24211223300152,-1.8041780675739578,False,False
19.133333333333333,1.8202634741874333,0.7580695350536906,-0.22604234191547423,0.9021648672185425,-0.3223391031059482,0.48214474351340625,1.428020713842555,1.179881570287402,-1.8026337665127068,False,False
19.166666666666668,1.770142789237272,0.7664799617274007,0.04604775671150921,0.890845672702129,-0.3316777051911876,0.5285672098539028,1.3358122542863686,1.1197941757410417,-1.7395772765242374,False,False
19.2,1.8459743125419452,0.7665840819842138,-0.11642870428911221,0.879442110137334,-0.3266071174243247,0.5681744924040611,1.4489794018744608,1.0654391128876173,-1.8282717060038236,False,False
19.233333333333334,1.8676953970187644,0.7599187025265292,0.10440586393964202,0.8688142932551228,-0.3263760815237653,0.6184330785421095,1.4771784623101347,1.003264186280236,-1.852199109980375,False,False
19.266666666666666,1.823152624831146,0.7619033783013671,0.12936921157485542,0.8581626591267759,-0.30939686208957395,0.6739050591707431,1.4662979297309293,0.936547905277301,-1.8127719316920086,False,False
19.3,1.7326076019131984,0.7771608072502583,0.013512943722315417,0.8476616519457636,-0.29414043651740374,0.7228845348576166,1.3931924381317362,0.875701199121066,-1.7226916010550413,False,False
19.333333333333332,1.5244070900255522,0.7758198383853128,0.07121952045361934,0.8381274947689823,-0.27634231830251554,0.7611438230438307,1.1778716858746152,0.8258165497375524,-1.5053814466502249,False,False
19.366666666666667,1.4723986321264395,0.764565163544753,-0.03780596227978501,0.8300199062822347,-0.26653860635167625,0.8013207185262162,1.138765615079313,0.7768006594938491,-1.4542891570953231,False,False
19.4,1.4271918085612219,0.770378093657845,0.024653451504930077,0.8209346508736812,-0.2758374371609258,0.8387654411519487,1.0506473359837234,0.7284131210607334,-1.3946921831482406,False,False
19.433333333333334,1.3770568644749919,0.7818325809693718,0.019182062983113563,0.8114479300198781,-0.2882539501817236,0.8703194771236216,0.9366862090129695,0.6843991001493241,-1.3183078766349112,False,False
19.466666666666665,1.4022147985296511,0.769419390170228,-0.16234046058482932,0.8015173244752117,-0.2931756286632856,0.8998231077399459,0.9550973680980787,0.641369347168435,-1.34290363588066,False,False
19.5,1.3706460230784876,0.760650571880634,-0.09666767858064094,0.7917829257350119,-0.28675764572296003,0.9316375152393579,0.9329076184879366,0.5966924670956378,-1.3123998658460383,False,False
19.53333333333333,1.388704310669814,0.762628934841189,0.02928624472927879,0.7820807706781286,-0.2774907452241519,0.9630756381933847,0.9921012662907197,0.5523973657937225,-1.3470910311959918,False,False
19.566666666666666,1.350479522654495,0.7679577413073899,0.10972227449275299,0.7731667922182291,-0.2594125087848763,0.9978259677745618,0.9992919218706353,0.5066381181891461,-1.3213152794716474,False,False
19.6,1.351675993233156,0.7723465058976537,-0.08013479982380542,0.7649257279488606,-0.25097611570635564,1.0291383372038534,1.0269460677775601,0.46503629175449573,-1.3302566981308643,False,False
19.633333333333333,1.3697544148984477,0.7739388094858864,-0.7552586056825463,0.7565504046025568,-0.23041103965053475,1.0657353362118596,1.1068940082769052,0.41863625667773036,-1.3628719811740513,False,False
19.666666666666668,1.0864807832988115,0.7273798684716536,-0.8074315088699875,0.7490283697647625,-0.20875980703607896,1.1069530245747692,0.8037585630362587,0.36975802587352774,-1.062960353481655,False,False
19.7,0.7846709129276305,0.6875467628338248,-0.737185471742847,0.7425613730999684,-0.1864068654829317,1.1326397684633795,0.435445875420814,0.33614960097296465,-0.7055586426646324,False,False
19.733333333333334,0.45605647665453924,0.6726946163671871,-0.4657328268529276,0.7365501021738958,-0.12335783786055751,1.132126231397089,0.14623760188873108,0.3259585282229711,-0.3444314034128677,False,False
19.766666666666666,0.28465539195691286,0.6787932883896652,0.059387223306507135,0.7331165971411724,-0.07725922302875612,1.1281362086176467,-0.08850602837895598,0.323327909659368,-0.06029397911525512,False,False
19.8,0.10833830112908104,0.6713637326278076,-0.3154130557605549,0.732062333441936,-0.026742593731500643,1.1301641507787616,-0.0544736705118715,0.31971272273319234,-0.00029767051122352064,False,False
19.833333333333332,0.08212614049051424,0.6632643972891307,-0.30452394096740515,0.7324769386184891,0.011185194607162309,1.1265102344098217,-0.07218410533732883,0.3235995541194774,0.08208293720173811,False,False
19.866666666666667,0.08752556720177165,0.649564623258885,-0.13954398700068285,0.7328541206615118,-0.01137288614358647,1.1183714721590339,-0.07794002571706149,0.33129065641082694,0.04714390694165108,False,False
19.9,0.09230619457203018,0.6407831453460294,-0.18117221886668633,0.7326701894949984,-0.008283944484049312,1.1206350977973631,0.08762948899502696,0.3290117368996976,-0.09028001655996022,False,False
19.933333333333334,0.08520033605405983,0.6434883859848919,0.31999723976623934,0.7319027655289653,-0.021692787359629578,1.1279019013280092,0.038582302401090215,0.3213827862511452,-0.0716726844832266,False,False
19.966666666666665,0.08340321241113494,0.6638645983046276,0.17034861195665943,0.7305701895263148,-0.023620374605039466,1.1277738974687934,-0.010701118663929766,0.3191358565328036,-0.03255052121824427,False,False
20.0,0.033253251875326205,0.6660152000132052,-0.049823974984148284,0.7306088643580555,-0.008502245104862074,1.1236463092405675,-0.0148100302268791,0.32276643129442273,-0.0022596991362596403,False,False
20.03333333333333,0.026310459347830842,0.6638588981021833,-0.17656710483902363,0.729902956732342,-0.007352140434732092,1.1219257222072403,0.00542194164154976,0.32300252950657476,-0.017685530483922986,False,False
20.066666666666666,0.12558583263565012,0.6353424903059021,-0.056794864924424024,0.7302203444392258,-0.009254037656254281,1.1270409120200113,0.12133287060425504,0.31914953679054786,-0.12108257593756643,False,False
20.1,0.050199351051424805,0.648088203820687,0.580521554619323,0.7296956865427414,-0.014253479560461788,1.1328319158459117,-0.005355567536938835,0.3132236847646738,-0.020593253747737773,False,False
20.133333333333333,0.05808467889319609,0.6883718616552003,0.3308121911129496,0.7290704495656609,-0.015416289491112825,1.128536980853256,-0.021435330172579897,0.31582418608023033,-0.008773303809746377,False,False
20.166666666666668,0.03881424012202984,0.6970271203156453,0.3844550002681323,0.7280283090973009,-0.000627230636447109,1.126928717045905,-0.038752043827962976,0.3153685340710912,0.03233386226931782,False,False
20.2,0.06412138868341462,0.6949070467163696,-0.09107752527538664,0.7288274687110081,0.018231734651228758,1.1240886349025492,-0.0059588308196342745,0.31923331446499476,0.03739545883298557,False,False
20.233333333333334,0.07295851158640428,0.6802323593017021,0.0781730827716225,0.7299173166895441,0.014951172897667463,1.1297042701156257,0.05081131793733491,0.3163149552400919,-0.01740133337897528,False,False
20.266666666666666,0.08627907233199454,0.7049463155785618,0.4311990253381896,0.7305959071283177,0.0031279264450894298,1.1288847283949297,-0.0855809667256264,0.31822269227390465,0.07939084495270683,False,False
20.3,0.09420514080730479,0.7070086299752437,0.3689317160069276,0.7297223106923895,-0.00968626815357436,1.125222247764944,-0.08788676727458017,0.31983801685234364,0.05871177905996627,False,False
20.333333333333332,0.25066437001981634,0.7333774495992325,0.6928601885982482,0.7282844853146123,0.0653868484953974,1.1188253746938561,-0.10200278109251948,0.3228150027685389,0.2037024409463012,False,False
20.366666666666667,0.6056533929914866,0.7436492362799092,1.0744057511486844,0.7318753782964271,0.1480545249918284,1.1206468996912926,-0.31307801452538003,0.3275954880131601,0.5321063968880716,False,False
20.4,0.8894997746771673,0.7884627722461495,2.139785391279832,0.7400459243973706,0.1840120007400964,1.1099850957341146,-0.6131824511639904,0.3512508845420907,0.854710741467085,False,False
20.433333333333334,1.2708071121226607,0.8936626445176696,2.056182549402632,0.7480918370647174,0.14874009275635455,1.0812452367786107,-1.1591623780946867,0.39028737068744057,1.2634999024284097,False,False
20.466666666666665,1.518983471664642,0.9785388458325152,1.5431765395412531,0.7496370252219597,0.1022724429533394,1.0273047858853523,-1.4761599274449138,0.4395721314238973,1.454868725158395,False,False
20.5,1.603894185590211,0.993347465380486,1.1776044728539812,0.7515284136276741,0.12854277335330425,0.9752235709335082,-1.53943445136218,0.48786479664246946,1.5559490051267952,False,False
20.53333333333333,1.782205843257976,0.9983537282646918,1.3586941036504376,0.7568581814984734,0.20752513032005723,0.9212988130956509,-1.6273130329139256,0.5438311389406669,1.7715132816584902,False,False
20.566666666666666,1.7093776305769461,1.0829317311912547,2.282035083926142,0.7659642197602171,0.315051990976256,0.867498128320661,-1.3056847146973227,0.6063708299486877,1.6841650758502504,False,False
20.6,1.4931358690569068,1.1818496786703152,2.62744067290872,0.778357074678422,0.33242567625378383,0.8213005196054767,-0.9350681255980866,0.6681635326717051,1.3950536084172203,False,False
20.633333333333333,1.1390338660303676,1.26992493653353,1.9156855307207845,0.7913956224525971,0.27338918943129525,0.8039109563706053,-0.6171469410783993,0.7062368206364724,1.0162451914944255,False,False
20.666666666666668,0.8073299039277522,1.3131650673373547,1.7394629126871821,0.7988025194243875,0.20378234103423767,0.7961613108748692,-0.3775567948717906,0.7260280540212686,0.6863378390367139,False,False
20.7,0.6901337943658441,1.3684103470852231,1.4615888832842814,0.801852402925638,0.15122209726484975,0.7800760432749877,-0.442562707858403,0.7453052358293717,0.6494568068848154,False,False
20.733333333333334,0.5589376544549056,1.4188765758393411,0.6997413171977095,0.8075345019675501,0.11237884292932741,0.761127441721273,-0.39692156418209484,0.7717100390373469,0.5413521622948839,False,False
20.766666666666666,0.3061235884242936,1.4519659532961722,-0.31930557685824035,0.8122254756846682,0.08447164900136836,0.7512878367238678,-0.07881804402096815,0.7885003177514676,0.21745577923368023,False,False
20.8,0.1691904716597368,1.3969948722622012,-1.9976614516519422,0.8125810793673134,0.04824934472589398,0.7538979304279183,0.008835450897868127,0.7868768583846592,0.07773058573107638,False,False
20.833333333333332,0.2122984824872375,1.2823104100003977,-1.6698124688270461,0.8123437412278709,0.0589394408823926,0.7607459799360747,0.04972000092702443,0.78054704766197,0.06135809543889973,False,False
20.866666666666667,0.31645045835237146,1.2304315640154495,-0.8472002162754674,0.8168145961449161,0.08093258362467969,0.7631323650664832,-0.14078269969803672,0.7863967519489439,0.2646712048590179,False,False
20.9,0.49660594305519623,1.2438107767709352,-0.12183360613520841,0.8195057168724891,0.10845625903754141,0.7488525784500895,-0.31996141244549103,0.8034811119338305,0.4679953897652635,False,False
20.933333333333334,0.26575071506080045,1.257920461901055,1.1129718145532543,0.8235628915691696,0.06055542713538181,0.7351676041628498,-0.16017783802995236,0.8224687647903166,0.24536115137567927,False,False
20.966666666666665,0.11357321681635428,1.2931474996018877,0.3218007290714305,0.8245816356213332,0.028755122645936576,0.7316691265387489,-0.052530452923709406,0.8272902048524724,0.09620375205327228,False,False
21.0,0.23103335452851975,1.2975343903054757,1.5299258511035316,0.8250947241710306,0.05379424550543053,0.737572448696266,0.13375578553003928,0.8231032500126105,-0.020267896398394686,False,False
21.03333333333333,0.17479175157827823,1.3781013792703853,1.7301320643841247,0.825350924903505,0.04910942328301769,0.746011983884813,0.03127269677763236,0.8162730653193189,0.05988850534806645,False,False
21.066666666666666,0.5232207393931692,1.4110736812051368,2.07022804250572,0.8291612289681589,0.13692807163921872,0.7428888510153856,-0.2093910220075138,0.8257089981168266,0.42294001611025234,False,False
21.1,0.4359959653762077,1.5445608577481995,2.3100862918121954,0.8362592303438994,0.05266157939056929,0.7336148935041664,-0.3950763133283739,0.8462692776894899,0.4341166415279301,False,False
21.133333333333333,0.3676511246044899,1.589092169950448,0.12711349267579364,0.8366607272529277,-0.06219540166884036,0.708352093611587,-0.2961963571924449,0.8687816390076247,0.14559391258702786,False,False
21.166666666666668,0.545499409897625,1.5941041786163295,-1.2011199970244257,0.8316143394570111,-0.15268458556733366,0.7035055368160373,-0.10815018515798812,0.8640369430502571,-0.1767723609107892,False,False
21.2,0.7179674476605971,1.4560145798475514,-1.7939322068788666,0.8217030916556972,-0.2048199128896999,0.7086632634854443,-0.03234238484839313,0.8420522347490592,-0.3344255741981635,False,False
21.233333333333334,0.4091546742980941,1.4066515951550258,-1.4723437633061682,0.8170076243568795,-0.11480582417854154,0.7126608485709667,-0.07603750432492264,0.8302957381442845,-0.13747641591928297,False,False
21.266666666666666,0.22065780462286066,1.401073658712113,-1.264448165149458,0.8137540282699919,-0.053708453046243575,0.6965111819987913,-0.11540001340721497,0.838477302952293,0.004578421885498959,False,False
21.3,0.06750611164550993,1.3408487098189907,0.2751322390634353,0.8137617938684307,-0.004099805487921064,0.6955864288814784,0.06596180841267628,0.8392891134668762,-0.0641785881588335,False,False
21.333333333333332,0.06744840503833124,1.347458646522696,-0.25810383977134554,0.8148349093228048,0.019226324026580387,0.7076870050291376,0.004048972965113811,0.8307445736504193,0.0305180891844065,False,False
21.366666666666667,0.1130856746901558,1.3879369464284024,0.1277692691422021,0.8159229443223452,-0.008258157429465429,0.7055742411764733,0.1093256351137734,0.8344927059329632,-0.10895842567626418,False,False
21.4,0.32584102451859875,1.3913862159081267,0.44349848755057897,0.8156134986988263,-0.09257742504483339,0.7039783666994517,-0.0327823917227531,0.8353225383337988,-0.13548285153252076,False,False
21.433333333333334,0.6448966218106889,1.3423720772031345,-0.45362843485426374,0.8108938220999526,-0.16259342838608712,0.7080329252752651,-0.30283595715824135,0.8234740453881699,-0.026285538474452832,False,False
21.466666666666665,0.7270594328475655,1.3814231713654352,0.6850789569355756,0.8016451683548999,-0.1279369303391519,0.7008686740032156,-0.5726279192154149,0.8132955126213223,0.26785728663317193,False,False
21.5,0.9481719395087127,1.4097027966460058,0.6410764217234367,0.7994913403904779,-0.15605818769289698,0.6575263373579687,-0.774844791099893,0.8468902185733475,0.3926247965002473,False,False
21.53333333333333,0.9914588344954253,1.4126350757493797,0.3444121798393788,0.7968073082855097,-0.1914847890959295,0.6321957455178853,-0.730318083715776,0.8640026185291179,0.29152616607027626,False,False
21.566666666666666,1.12384928696359,1.4380758321979465,0.4126798686451911,0.7880795448976385,-0.23309867302343742,0.6205516705262002,-0.7724948747118212,0.8586117090448856,0.2543080333801831,False,False
21.6,1.2482252313343514,1.4490138808608357,-0.2427906853673217,0.7761121443521487,-0.3270464616279147,0.5870881836677998,-0.4964522224968212,0.8663201149520952,-0.15011868903768633,False,False
21.633333333333333,1.2391506291047942,1.4336801011999656,-0.8477406858573969,0.7680896816377659,-0.3165124453112233,0.5664285517059401,-0.5540977300561384,0.869957451341248,-0.08173470110595109,False,False
21.666666666666668,1.4320208093916438,1.3768778964548916,-0.8036161968929731,0.7573054850787734,-0.3954501282338718,0.5589069318096967,-0.36475547788936985,0.8573708741360615,-0.3847842810455016,False,False
21.7,1.753455056632478,1.3483425476642168,-0.5960819126426045,0.7410294834557414,-0.49872083435309733,0.5538519671778993,-0.1569000144033305,0.8329402463709087,-0.7468574042402952,False,False
21.733333333333334,1.991510746925979,1.3522485030950906,-0.3259340070062875,0.7235834224414887,-0.5506532469043052,0.5374245790486913,-0.4978536815620892,0.8162542551375878,-0.5444816306275932,False,False
21.766666666666666,2.039553071542162,1.3521648827643358,-0.4801635766274106,0.7031450909015103,-0.567592239399568,0.5296267419496693,-0.4574299597947082,0.7868273731273464,-0.6093337630282569,False,False
21.8,2.0704468261460756,1.306535818924746,-0.5581614346168348,0.6842524758620874,-0.5505061813351254,0.5116133359830819,-0.7553006902371759,0.7689511020422485,-0.32204168482662865,False,False
21.833333333333332,2.2372961970478693,1.2923466817754707,-0.1415722298977107,0.6671664867586592,-0.575280002794094,0.4742637470249482,-0.9732516602944733,0.7709582013314217,-0.1777736703022443,False,False
21.866666666666667,2.3963799270771227,1.3013485901697335,0.3327069241289149,0.6484271514229508,-0.6201806331386874,0.44379288454383137,-1.0129866057668642,0.7641040209192224,-0.2229135752355294,False,False
21.9,2.741503458245058,1.334380672252524,0.2025506408408784,0.6257647509032047,-0.7045648790777834,0.4073141472443128,-1.1952145361417308,0.755494593637639,-0.21492900534751228,False,False
21.933333333333334,2.9448153966290334,1.3295481520313572,-0.3946386690397404,0.6004123423380924,-0.7653601656511189,0.3673929802700755,-1.220160635954136,0.7450972546572852,-0.3009503578770917,False,False
21.966666666666665,3.098799269633148,1.2972686971464495,-0.2898935261060952,0.5744465963878291,-0.7885068632111276,0.32209688927235597,-1.4065429857966953,0.7382535111722606,-0.1810479621415625,False,False
22.0,3.1873900166259728,1.275429058613066,0.19492208126422092,0.5472585526760347,-0.8112099543843895,0.27407811469694904,-1.445649167426946,0.731597165040058,-0.18746185819437391,False,False
22.03333333333333,3.1834104414148365,1.316074568561132,0.5314485548266972,0.5200792761988235,-0.8115552917819762,0.2253433715117586,-1.4344603338926103,0.7255742178992038,-0.19772887278027843,False,False
22.066666666666666,3.1427682952755545,1.3535663166296272,0.12594022302651164,0.4928756704764988,-0.8013216255727952,0.17404685881256943,-1.415262967909733,0.7217190680628542,-0.19619251874441418,False,False
22.1,3.091947464030221,1.33089603101548,-0.5038328474582322,0.46637346612866837,-0.7919127815905038,0.13213741447076302,-1.3674569222103032,0.7110035851842362,-0.22080494467117306,False,False
22.133333333333333,3.1240176877166435,1.2928944738645805,-1.1121282414817752,0.44044124872977075,-0.7865702553241534,0.08771200679406833,-1.4740072921703233,0.7034677456207481,-0.11939951345403164,False,False
22.166666666666668,3.128633301741799,1.2574446484909096,-1.1036445292189905,0.41388260760838885,-0.7585464316861241,0.03681784233553245,-1.6530364026362152,0.7004063415797865,0.08468035201627258,False,False
22.2,3.1581177140430445,1.2220892977391686,-1.0837200541068523,0.3890025057494777,-0.7494450952693614,-0.02490281685678852,-1.7567559988536603,0.7096577552324534,0.19029232950261107,False,False
22.233333333333334,3.2768774908597478,1.177931630846751,-1.3478568242702216,0.3655852497267123,-0.7950472478911141,-0.0857635638224073,-1.7282152151892072,0.720754907458473,0.08498864135160843,False,False
22.266666666666666,3.3873991624338764,1.1327674422105878,-0.8431096457556276,0.3385604238700226,-0.8525947368035072,-0.14250834727904582,-1.600175838656486,0.7219179501822356,-0.12731543761764785,False,False
22.3,3.5307639706434,1.1033963719033266,-0.33188530313112846,0.30714889095627945,-0.9180476032264379,-0.19163708924069142,-1.4598717250288185,0.7087479395647549,-0.3641891656739379,False,False
22.333333333333332,3.3710884130394194,1.1069432907186931,0.25608477300594007,0.2748509886792522,-0.8984257325398033,-0.2412856395750268,-1.2108838678221687,0.6944584946245049,-0.5443564544552124,False,False
22.366666666666667,3.0001177142437188,1.1459145689605323,0.26411358311324507,0.24629449827499234,-0.8311215478012622,-0.28009659831269035,-0.7281124078764877,0.6774348400308198,-0.8419291506722085,False,False
22.4,2.8528592265037105,1.1467871820825797,-0.44634887532399,0.2199754447384684,-0.8043087353123559,-0.2919871398060901,-0.4538376495441736,0.6411366965977174,-1.0311981684090024,False,False
22.433333333333334,2.948464425107718,1.1059813921159871,-0.5080150811217169,0.19512960867535542,-0.8405852414639211,-0.29707255096517426,-0.16994982693581848,0.6015718469750855,-1.3403717673775488,False,False
22.466666666666665,3.1028853536580385,1.0810979306641104,-0.5541646651626669,0.16527446031291465,-0.8850228029933742,-0.30138898578969303,-0.15171917431400925,0.5524816191848049,-1.4347174676649639,False,False
22.5,3.174758433389535,1.0809183343294577,-0.2960596475947169,0.13388152103360612,-0.9060781119258041,-0.3118058049129598,-0.10845483541450877,0.5059356596236171,-1.509303070806759,False,False
22.53333333333333,3.1245184582685726,1.0763745095455606,-0.10412237534374895,0.10338207499851391,-0.8922549459509684,-0.3061721575571049,-0.010907856893252747,0.4471185973618724,-1.5690333306189337,False,False
22.566666666666666,2.895538804117196,1.0603392137201173,-0.4425321904139742,0.07496185843666553,-0.824992385847366,-0.3075387979419009,-0.1950873983453977,0.3980211339286942,-1.2910931499461369,False,False
22.6,2.4978652636313896,1.0524383073955228,-0.26378663035871036,0.046418532188933215,-0.7132673889165104,-0.3199674241802726,0.02688449356588244,0.35825250599015573,-1.2850099659059697,False,False
22.633333333333333,2.131423500305728,1.0398726216426761,0.02770817576495537,0.025472575797813573,-0.6086179158383854,-0.31861702437223516,0.026485818774358662,0.32003257292002735,-1.0995353643927446,False,False
22.666666666666668,1.745428651436441,1.0378835263893624,0.36073495502586106,0.008128764866226653,-0.48417819636566506,-0.3138567447135656,0.4145060281628103,0.28524226252066354,-1.2142607926822508,False,False
22.7,1.627188975201477,1.070679802530548,0.7729146035693578,-0.005579765060853989,-0.43556931057775383,-0.2885380559584306,0.5668100714703254,0.23914081208833274,-1.2597092323745864,False,False
22.733333333333334,1.578396278003403,1.1095704382118365,0.4329420046249259,-0.021251421508387765,-0.3834292739543125,-0.27978688732266194,0.829765085819325,0.20386444895901817,-1.3944039584069747,False,False
22.766666666666666,1.784488027046327,1.1131894363677703,-0.1143698614787304,-0.031717958615423064,-0.2983941266773899,-0.23970968452401736,1.4465635774288932,0.15076148781570037,-1.776276524792772,False,False
22.8,1.6196574523341174,1.0966104424508836,-0.8719392690647946,-0.03992401335338406,-0.3459101886133415,-0.17733084007365726,1.0751843954119484,0.08241086390840832,-1.5398304145598192,False,False
22.833333333333332,1.2181574285987629,1.039786639093936,-0.5608782508455513,-0.05228887295172808,-0.24951032392867603,-0.13403233035997444,0.8488190132778205,0.023169642748871674,-1.1739379027844512,False,False
22.866666666666667,0.8844675616712261,1.0325592898235851,-0.11504535352751545,-0.061485236804240624,-0.23199719146516867,-0.1312713225632061,0.3496799221049239,0.004517998975340282,-0.7121933582108854,False,False
22.9,0.4882920364282306,1.038477447455345,0.45975084880982037,-0.06800798515332969,-0.13218255079903038,-0.13549103974114157,0.15547985354557517,-0.0033794280426936167,-0.3680189659900888,False,False
22.933333333333334,0.5394652345428087,1.081678344022019,0.9065745883037312,-0.06827998241924411,0.03957469973283025,-0.11371335155733953,0.5213612626745644,-0.022655005377027738,-0.37993109604781716,False,False
22.966666666666665,0.34907196120154416,1.0997814826839056,0.4134440516295827,-0.06749010556056963,0.03268828161552883,-0.09728805738435213,0.32977013576592296,-0.03543289171353502,-0.22676815682594323,False,False
23.0,0.06599493510290215,1.123563762969306,0.22912660247275643,-0.06117895853980715,0.01871148229360113,-0.08554667639003274,0.007870909020249072,-0.0344010826413486,0.026308930990369246,False,False
23.03333333333333,0.003333633466065904,1.1102699169215222,-0.06555898559044936,-0.06368098894301101,-0.0008646957765069077,-0.09483808194226952,-0.0013944075364424964,-0.030808717214940943,-0.00032630327795421765,False,False
23.066666666666666,0.07539439442062801,1.104323698333026,-0.16892024355542565,-0.06717072136249991,-0.017215978966314018,-0.10363164285625819,0.04527471847596571,-0.029393295467109233,-0.06952860323391215,False,False
23.1,0.33246952258272533,1.1006603503643846,0.06776199033003362,-0.06563460074295953,0.048220150521620354,-0.09412394759812184,0.2863968727939757,-0.034881067742786834,-0.16185981310719375,False,False
23.133333333333333,0.39890198221824785,1.1091089676510348,0.1706412047835279,-0.060551352941264416,0.0975971436446147,-0.06900402891176306,0.20571566451609002,-0.047567312830289935,-0.004880433155770648,False,False
23.166666666666668,0.15703941222718565,1.115980028636915,-0.11076480383485861,-0.058672228997762636,0.013345783201603338,-0.07246337729566833,-0.14992426131583017,-0.04125758350550842,0.1529957981630935,False,False
23.2,0.17462713856817827,1.1103088284038545,0.008727972146119867,-0.05925273820100012,0.018588362125158863,-0.08834221788289814,-0.16204188236022177,-0.028580910371967347,0.17272785061038803,False,False
23.233333333333334,0.2537756425317445,1.103537832728887,-0.2213713962062634,-0.058728840156381024,-0.036706779603173506,-0.0950614033360766,-0.21881404264727392,-0.021855370966964053,0.12390281216792046,False,False
23.266666666666666,0.09461490583182874,1.0954391493860376,-0.05736336078930592,-0.06136347370868666,-0.026877232937119314,-0.09497049149153744,0.009677078255127576,-0.02659463726009583,-0.05589870082369879,False,False
23.3,0.08191083649838947,1.1029506428458677,0.09428110842343088,-0.06092064440115322,-0.023241529861051612,-0.09355964261048773,0.009246951567059809,-0.027028827504545456,-0.049095742380810145,False,False
23.333333333333332,0.1441778883339788,1.0990935602955023,-0.03652775425993812,-0.06398809914900322,-0.002497505031821471,-0.10002598527331333,0.1439123867516276,-0.02687479043110993,-0.12861629317402257,False,False
23.366666666666667,0.1484144020527101,1.1085284755525422,-0.09718282907850337,-0.06052344713107062,0.004990203820808946,-0.08198809584650771,0.14738205297972,-0.03631254436065556,-0.11836449643927158,False,False
23.4,0.042560001841593975,1.0908871912386275,-0.037821203718975474,-0.06236924212895587,-0.003778714771544146,-0.08087209691993938,0.04045070810645635,-0.04054097500662229,-0.04159418355514314,False,False
23.433333333333334,0.15878861803139835,1.0954949383557695,-0.13325740715321938,-0.06139700536088052,0.003099743778098613,-0.07853962152016249,-0.1584171739407529,-0.040833989471820334,0.14219948682734318,False,False
23.466666666666665,0.23076967758295733,1.087580187351225,0.16255656291188159,-0.06299608064539412,-0.025422178820579597,-0.09812057946406619,-0.21290719939546202,-0.02676424389280492,0.13876820245680285,False,False
23.5,0.23402048237475362,1.1037612500987148,0.2904498764754699,-0.06254718727303142,0.059372594565855204,-0.09968275717087521,0.10741784461657951,-0.024621949770763697,0.012330453791702164,False,False
23.53333333333333,0.13809297354383285,1.1069323609129067,0.1752621493059236,-0.06060942331503207,0.02667810478136655,-0.0924807906657709,0.10169615467213457,-0.027409322525534977,-0.040569969926321336,False,False
23.566666666666666,0.31183695042555404,1.1255014019721572,0.3526363615793326,-0.05841729610160583,0.04625600789300544,-0.08056227984471251,0.26646758931932296,-0.03381714591189387,-0.14813528226818348,False,False
23.6,0.07214145577423575,1.1269963154591416,-0.1170937144171809,-0.05662103800765079,0.008313340108508722,-0.0740989043027415,-0.06600682276084364,-0.03621743750522421,0.07167140519725297,False,False
23.633333333333333,0.2578274882967277,1.1233326447541916,-0.13173945630597736,-0.05881722250956286,-0.05798045614712603,-0.08452756704889237,-0.1589068420736463,-0.031102547990164833,0.03456792075306854,False,False
23.666666666666668,0.027242207879476805,1.111769958567662,-0.2179309097807088,-0.060898404949613974,0.00775916818293595,-0.09117613782969193,0.0019675256196678577,-0.02904647721689573,0.01202838778523456,False,False
23.7,0.23576726318411106,1.1017390359020547,-0.24297032799590354,-0.060130548708559654,-0.04088636743879238,-0.08967769202610344,-0.1873148568276118,-0.02898127452127813,0.08932473103111703,False,False
23.733333333333334,0.14613179796632494,1.099052638887675,0.09514642494632021,-0.06091722796400031,-0.013112300839522691,-0.09218757320650005,0.138730536465844,-0.028206895583407627,-0.14292243988217038,False,False
23.766666666666666,0.10983157684386496,1.1047130676168586,0.012246246737726393,-0.06120661928795513,-0.027204909974729036,-0.08809463936432281,-0.054656464672626075,-0.0322510941499212,-0.000957779286719184,False,False
23.8,0.09890774929389397,1.104971305487772,0.20601226501788542,-0.0650251446110651,-0.027893069347219458,-0.09436983686362146,-0.015561015768362317,-0.03359070178906736,-0.0359149997518333,False,False
23.833333333333332,0.39577210148846453,1.118258527169474,0.15348276631033858,-0.06312109117189656,0.07581878524922266,-0.08748984795069772,0.29350311585990746,-0.03615983983580469,-0.11916911631000425,False,False
23.866666666666667,0.14623513949783218,1.1214495869911991,-0.3067049892410341,-0.05919939429662903,-0.0037347651414377995,-0.0800024529597602,-0.14564913781969904,-0.035683856787614515,0.11908990886887745,False,False
23.9,0.09667367239212382,1.1049565456065769,-0.13906477977207557,-0.0590470717292314,-0.024736235016884475,-0.08056296842981737,0.04292477147573773,-0.034930658576896687,-0.08080430849745104,False,False
23.933333333333334,0.11567583155340325,1.087042358626705,-0.16573962292138375,-0.06361983290244551,-0.029902898954889758,-0.08947500519295588,-0.04915154937833637,-0.035328926840426954,-0.010481473020735326,False,False
23.966666666666665,0.09419500507740926,1.0917835650551735,0.22620537375645902,-0.06617235381208185,0.017762295953004804,-0.09561362079941105,0.07073793461534206,-0.03454677642258575,-0.029625208859664378,False,False
24.0,0.2892204191971258,1.1193413948683408,0.3247039365231547,-0.05939134288197908,0.06921052201581376,-0.07013501933585563,0.15782699496902697,-0.0445391347490538,-0.013769410181455156,False,False
24.03333333333333,0.1685505178397585,1.117298299739552,0.06236342770015827,-0.05720665643702663,0.005793516490287692,-0.07651938430857096,-0.16732508644534996,-0.03516452542245418,0.15465254814175633,False,False
24.066666666666666,0.21455602648328367,1.1210308345826723,-0.11220522849200106,-0.060170572581547815,-0.03892852377209071,-0.08869584017498243,-0.16568391488832998,-0.02989942853167206,0.07412050583696786,False,False
24.1,0.3423627598908374,1.107033379785721,-0.14943520580430103,-0.06287237676109682,-0.06752973028384872,-0.09780135161189416,-0.24757121790654585,-0.026820902444363207,0.09419313486797914,False,False
24.133333333333333,0.08720029328475362,1.1047479582501676,0.07199208459505717,-0.064063724571053,-0.011383415654262881,-0.09776163713032825,-0.07755562884800281,-0.028962734791173464,0.046793540678643365,False,False
24.166666666666668,0.12145786347745573,1.1096604862662731,0.034532111921447395,-0.06396588551623313,0.01969660937296394,-0.10210881999498805,-0.09997326515100587,-0.025037982601096024,0.12112245709359382,False,False
24.2,0.08028104839605854,1.1194237041301074,0.081098403859366,-0.06272399939689942,0.00010270159211652724,-0.10916632985927512,-0.08028024283870099,-0.016750305792756957,0.06946447295012058,False,False
24.233333333333334,0.16805601327655936,1.1127594054282164,0.04300622640417765,-0.06221054912390298,0.04080267811645816,-0.10693842703139518,0.08847208684863946,-0.017764690865184576,-0.00417031564272148,False,False
24.266666666666666,0.07097821311988402,1.1153339796188944,-0.1517647759018162,-0.061507038931982116,0.013557772834104854,-0.10214873242773614,0.05276245664507442,-0.020653705987906043,-0.0215501884764876,False,False
24.3,0.11453283092573212,1.1129012734486732,-0.15721039534321746,-0.06037421174999323,-0.027850315583696637,-0.09774194405543878,-0.06005328002047619,-0.02245278373362859,0.0025579782666222367,False,False
24.333333333333332,0.07932615198443743,1.0979974800865329,0.09695482594165007,-0.06211364721179272,0.021537666887892926,-0.1070737307766725,0.02458388453253606,-0.01747649746196331,0.016885110085604466,False,False
24.366666666666667,0.14634998846159725,1.1046849928280889,0.0188814324517563,-0.06216125307755555,-0.04045880765369019,-0.105657471586484,-0.036680581185481995,-0.018782963038239897,-0.03991803403718819,False,False
24.4,0.07928564294427404,1.1211212364409302,0.030321448849852134,-0.06265602903594182,-0.021771733010390208,-0.10279314480366787,0.021763107450345192,-0.02213019579924087,-0.05729718166561439,False,False
24.433333333333334,0.0839535189334936,1.1130672416639853,-0.04763896907334219,-0.06265158229131708,-0.023953223872645823,-0.09929493778043032,-0.0035263270717493787,-0.025141322835936945,-0.03933127849752504,False,False
24.466666666666665,0.10474981106018935,1.0975110213997996,-0.2994900301306416,-0.06729649184962735,-0.022598299588696077,-0.11016151544630295,-0.06863099834751991,-0.02398043381489476,0.019251747961907185,False,False
24.5,0.056631272073896934,1.0967580792903076,0.015731558426959842,-0.06395273857972465,0.015063925609857913,-0.10470722341325119,0.020602097889235844,-0.022772272430019603,0.00886904237573048,False,False
24.53333333333333,0.1920054197650882,1.0999127140702238,0.20035598685238112,-0.0646564637492636,0.04372840898342581,-0.10663277919001751,0.11583538937664993,-0.022355422913273724,-0.022609390595369705,False,False
24.566666666666666,0.06601005401304591,1.109608179318472,-0.10167658556593878,-0.061223222718916635,0.0014497529933403244,-0.09570353942193877,-0.0658145415040344,-0.02571389678802433,0.05936340984908383,False,False
24.6,0.40096929483875665,1.1025375247432665,0.28945177870967254,-0.062431050204293737,-0.09966663872739268,-0.10406934259838388,-0.19739927536117322,-0.020630822538458778,-0.0059577559232110635,False,False
24.633333333333333,0.34628736866783566,1.1136145888515696,0.09550814276932383,-0.06708305977790668,-0.0893685678246585,-0.11415410606453272,-0.14824520546794076,-0.020157208622355906,-0.03016045229330261,False,False
24.666666666666668,0.18275928546269113,1.1164250884631455,0.11910644681959073,-0.07469785989628057,-0.05218926040807274,-0.12725957709911623,-0.0010245848504314564,-0.022318024411646268,-0.09144137699176881,False,False
24.7,0.04811934445434774,1.1353549147008366,-0.011213910252228228,-0.07104834429424976,0.0018016156179357621,-0.10718900841789032,0.04770397358126762,-0.033182970693946594,-0.03798193219468827,False,False
24.733333333333334,0.1434649063785773,1.1082794084061085,-0.4401815777869894,-0.06877135296686825,0.03626583904031983,-0.10960662590334697,-0.06674021928993965,-0.027068418537068054,0.12175380742643366,False,False
24.766666666666666,0.10733618380466223,1.0990414183813,-0.1381334231531487,-0.06996341009158259,0.030080816949833635,-0.12116788176814067,0.020619513267383722,-0.019199732636548554,0.035419700312172016,False,False
24.8,0.24958283662968084,1.0878790674240288,0.05833578935447395,-0.0706194310469954,0.06176269536432329,-0.12353345894760653,0.12455625292156014,-0.01831874818609151,0.0017680237472802462,False,False
24.833333333333332,0.40802383401906756,1.1114040984559457,0.09164376350270426,-0.06354181106816074,0.09999589169459143,-0.0989261835034191,0.20944548199624308,-0.027034424625628703,-0.003855795074347706,False,False
24.866666666666667,0.23722928240397062,1.1075925797978394,0.20017661216004623,-0.060957792609914116,0.06232441179533707,-0.09787266292982932,0.09298211948820337,-0.02337235771245394,0.03001057665451385,False,False
24.9,0.13297752508791497,1.110914756846424,0.17039106341774762,-0.05968233081753339,-0.02492189652312567,-0.10347364166918793,-0.1003329598654177,-0.016282287127091257,0.042500343634586664,False,False
24.933333333333334,0.1608340013320427,1.1173822774794122,0.07603990635724561,-0.06344347023633726,-0.04569411335624611,-0.10904493821259571,-0.016242902947525978,-0.018127850774178885,-0.0668175264132388,False,False
24.966666666666665,0.1061554406922222,1.133841785125221,0.06549418422928481,-0.06463911169811377,-0.01088901721441366,-0.10148451289864945,0.09907063749179776,-0.02676774021248362,-0.1047623751241222,False,False
25.0,0.0353115533485562,1.1155543611942005,-0.18551350638412986,-0.06520246656376043,0.006113131825343979,-0.1019837614764201,0.028082865606913806,-0.027333487877362908,-0.013421382755069437,False,False
25.03333333333333,0.18250530021017133,1.1110289499092787,-0.18116819731017758,-0.06230670610613006,0.0501646811794316,-0.09758134624027628,0.04949122383294522,-0.026010067871551787,0.04603251137940692,False,False
25.066666666666666,0.22430260054660744,1.1082887313346736,-0.15498169883463428,-0.0606044048011059,-0.04293092662567504,-0.09762377270387518,-0.16646583196808806,-0.022961990867132083,0.06771484373002139,False,False
25.1,0.11065921326495712,1.1024171013962132,-6.988374812887086e-05,-0.06468610341890711,-0.009758376540834434,-0.10747738409269926,-0.10525085800563472,-0.02167895317407542,0.07356962879413542,False,False
25.133333333333333,0.13650580429645034,1.0996715950586002,-0.004460117129485866,-0.064860661646289,-0.028410602425576664,-0.11276376623963497,-0.09346612519058008,-0.017425546448636323,0.030402476830389012,False,False
25.166666666666668,0.043338483878684886,1.1044192143050753,0.3072861875043355,-0.06559635335375952,-0.011583967533689597,-0.11430986251615924,0.015255331896935025,-0.01739272544086291,-0.033658190766347254,False,False
25.2,0.165652168683465,1.1234627471454324,0.22631785822899084,-0.0635546869603863,0.03494663545211497,-0.10613329253684053,0.11164548458176313,-0.02083738339960136,-0.034528882969359236,False,False
25.233333333333334,0.046917038352065434,1.12544165076602,0.18438046507833977,-0.0658201868208871,0.003936750088093908,-0.10765591823471606,0.04484598666279857,-0.02353113059224852,-0.03173828846986727,False,False
25.266666666666666,0.05161348320118136,1.135675742855137,-0.002481031132925116,-0.062026337408581295,0.005284141581775873,-0.10159485775599907,-0.04818249831242372,-0.02205037321236443,0.05092998982472981,False,False
25.3,0.24340186267704786,1.1237012220274452,-0.1443116340817999,-0.06286865109669834,-0.049616066138997564,-0.10710501111115327,-0.17046094474384224,-0.018785144604955492,0.05933630179200557,False,False
25.333333333333332,0.11255256860639053,1.1254941992296028,-0.1613883507046428,-0.06731421291381476,-0.027857364298937714,-0.11828014259378875,-0.05614171934823836,-0.017005313167242207,-0.0008302138887880412,False,False
25.366666666666667,0.06879118742188459,1.1087317991563361,-0.13158027932066182,-0.06847825397308274,-0.004247005740851206,-0.12067402627301892,0.06716432114970483,-0.01699861473523184,-0.06547677586854782,False,False
25.4,0.27705613767051535,1.1128732950158573,0.10448053943507801,-0.0654216949210287,0.05541629974962546,-0.10739438954706589,0.19774235033559662,-0.023051879326725637,-0.07261954893553121,False,False
25.433333333333334,0.10430408866696739,1.1165309231091511,0.11471137794804992,-0.062266098157546315,0.027368606588779286,-0.09717215548477577,0.041160038059628305,-0.026291366635526215,0.012894941377714646,False,False
25.466666666666665,0.20521391652179372,1.1286156410460058,0.19449886984945602,-0.06373526300004355,-0.033582481235887376,-0.10462886086461218,-0.16817605721051285,-0.022455174240782576,0.0857286902824858,False,False
25.5,0.17176182832579215,1.1297487731096088,-0.044641229619987226,-0.06534265525424468,-0.03184597708758264,-0.11612854491862881,-0.13063613167157434,-0.01537437569222914,0.05640326471211322,False,False
25.53333333333333,0.08835728429563819,1.1256356975900375,-0.07803261385132372,-0.06733068589620843,-0.022317642101167004,-0.11887936654895911,-0.04122236199248987,-0.01651731747790654,-0.0039057275369047523,False,False
25.566666666666666,0.07809043710617845,1.1219116399560642,-0.1741654801272579,-0.06635057428032763,-0.01967650680616779,-0.11370081377183272,0.036748651368677866,-0.019252598971099075,-0.0665233135704488,False,False
25.6,0.06444163254309798,1.1122517067997046,-0.09213546304755912,-0.06736635264314904,-0.009520651982097266,-0.11135444236074671,-0.05514713403389883,-0.02307451143564104,0.030750076642501692,False,False
25.633333333333333,0.09655932210662911,1.112984156933744,0.018994011275412052,-0.06810951191361925,-0.012079102181269655,-0.11931669022188729,-0.08680167003775775,-0.017517687104129855,0.053542275498421436,False,False
25.666666666666668,0.07966133942528249,1.1139884070044273,0.06301802794827742,-0.06900820920756033,0.020334293879381318,-0.12229679141641055,-0.035714722402685126,-0.01653566872425382,0.06679468145694273,False,False
25.7,0.12447660901660466,1.1217361608201748,0.11682750263767389,-0.06611145565385444,0.03520950460272352,-0.12121779014137557,0.01709835548700014,-0.012342346767810354,0.04753142466409188,False,False
25.733333333333334,0.10133350096542912,1.1241433857314402,-0.14621398417319847,-0.0656683083721875,0.028474858925333833,-0.11674814591131388,0.01804819460389534,-0.015415750652730468,0.03479775235549664,False,False
25.766666666666666,0.021505586899121902,1.1128296248890361,-0.03436233354429162,-0.06405343035600274,0.006014001211034142,-0.12053857903732249,0.004355864337452447,-0.009287756566910327,0.006879929406049778,False,False
25.8,0.09182771415862444,1.1092623662197547,0.08084835062727719,-0.06548197077563032,-0.012950312374030685,-0.11829849616562288,-0.07984835174132532,-0.013748139034556834,0.04600026286135954,False,False
25.833333333333332,0.17787414738211338,1.1192988032304936,0.11844078728089853,-0.06548404970727906,0.01052778965858056,-0.12137981486795492,-0.17401176303004037,-0.011092602705255052,0.16879841182290364,False,False
25.866666666666667,0.29382888497676846,1.1308967578799007,0.24151116033084657,-0.06580866765569739,0.024204028240662315,-0.1287247699319694,-0.2813388470573478,-0.005328087189696771,0.2856169412046629,False,False
25.9,0.4707469446048279,1.1318536574585099,-0.09392114933315492,-0.06372615756274665,0.08718363226188053,-0.14499471620693505,-0.3583221330076356,0.012397138939974016,0.4634687204694087,False,False
25.933333333333334,0.5751184615584227,1.1354367593306172,-0.8858339727025434,-0.06080264528184875,0.15187315046296612,-0.15541729759942333,-0.21890305183759504,0.0265637988567545,0.45758765649307487,False,False
25.966666666666665,0.7496002107175244,1.091222324714573,-1.4214984376496271,-0.05397043725216522,0.20665785303059486,-0.16034800132100213,-0.19543639951907552,0.042905596911940645,0.5342527434654494,False,False
26.0,1.2868800051273404,1.0123144263651689,-1.6000555015074656,-0.04719662938350086,0.367483542295282,-0.16650926504129476,0.008133726515679193,0.06020606961281932,0.6430786294674562,False,False
26.03333333333333,2.081735401989452,0.9522537308959954,-1.0235180476881622,-0.03385867731849026,0.5943701324043653,-0.16163464762639906,-0.03921403906038698,0.07959477161067781,1.0853148729322821,False,False
26.066666666666666,2.9770516189587246,0.9410698105420765,0.5083740549903927,-0.009486988213132737,0.838637938461398,-0.15742213070972283,-0.4882366471484625,0.1190741477282289,1.9049495072879827,False,False
26.099999999999998,3.887435634290117,0.986766865446266,1.0602807506047287,0.025888261392624772,1.0759791408560182,-0.17904084617679542,-0.9567387327206477,0.20031206917394148,2.7291416244600692,False,False
26.133333333333333,4.342542723064392,1.0489453579818102,0.8557677023615148,0.06411865449564287,1.1829824755984264,-0.23574913678984907,-1.3026111758186862,0.3168836065341832,3.216928235524383,False,False
26.166666666666668,4.540295159771045,1.071824453772558,0.34274790210575873,0.10544614083730294,1.2617918896397025,-0.28677555569033253,-1.0443879609456928,0.4340305465067968,3.1334966693210555,False,False
26.2,4.646775911183204,1.0475612136509906,-0.47832293981084034,0.14933796052033246,1.3137413533395987,-0.3070304720255083,-0.6544347320775588,0.529157763401227,2.8888638653817376,False,False
26.233333333333334,4.747171422373275,1.0254466203917885,-0.2674013830773869,0.19344788374584923,1.3492209405978728,-0.3195191230941066,-0.4613172267636348,0.6179684394418318,2.7849664962183946,False,False
26.266666666666666,4.807628721079296,1.0227644649735577,0.1910083937284071,0.23918627243148727,1.3708089236346939,-0.3359962450139794,-0.2653506219704699,0.7131020553592409,2.6540353266498427,False,False
26.3,4.753694988918899,1.0298469491153048,0.7990309391771079,0.28572905493101,1.3574996448621526,-0.34732370707409205,0.0032882445524147455,0.805214470476262,2.398652014316608,False,False
26.333333333333332,4.701572390271289,1.080175921761273,1.2501809889611069,0.3309687770844887,1.3370600714588503,-0.3375366411014054,0.4272575533454137,0.876799617237891,1.996602839669333,False,False
26.366666666666667,4.664191659725216,1.134131287923096,0.9426731877440486,0.374139602810165,1.313945029971318,-0.31355666293873313,0.7641199902439705,0.9324761258777825,1.6649948672499237,False,False
26.4,4.556332422362476,1.1624577869602124,0.43168265406386563,0.41813293959971154,1.2710076364198541,-0.2845765644830581,0.9748855148777467,0.9852925385006502,1.407143198790776,False,False
26.433333333333334,4.344815527222476,1.147587435265471,0.14853905099778372,0.4611983049341071,1.1868665015738442,-0.24996178955003423,1.2663603980629465,1.0316045280728303,1.00674677798386,False,False
26.466666666666665,4.0734213788401386,1.1505274575800541,0.1652970080702343,0.49878082199961676,1.0746649427040023,-0.20276303901241757,1.5590425360223064,1.0573569463778738,0.5556680844548674,False,False
26.5,3.8026824337288394,1.1682102542585238,0.3190006346052974,0.5316412619445955,0.9465301053690374,-0.14469564067095703,1.8638895188292832,1.0653759864021024,0.06590416190278252,False,False
26.53333333333333,3.669668739650406,1.184612093342514,0.10255902256171191,0.5612197254135752,0.8707682976700908,-0.07522394439391135,2.0416899064760217,1.0577469912325104,-0.22156636008790126,False,False
26.566666666666666,3.5276649935422,1.1692796099188023,0.019140856873943943,0.5894727894802919,0.7939615192921998,-0.006197791764012725,2.171261821960161,1.048157802686341,-0.4692637559247874,False,False
26.599999999999998,3.3422265076107625,1.1735692888172242,0.11808111765132683,0.6143876700654015,0.7050724143837682,0.06939511872798373,2.252643210261519,1.0269959993840505,-0.6967464480882422,False,False
26.633333333333333,3.1477901880647186,1.179458775706417,0.2711264388983919,0.636890704142581,0.6276090021625691,0.14533373797123733,2.2535362250082343,1.0012691593301528,-0.8345540684484273,False,False
26.666666666666668,2.972071946561737,1.199219159582695,0.34887105450586803,0.6556222570391865,0.543119909350705,0.22241921908315615,2.283855488750727,0.9678806112294783,-1.0101856922260104,False,False
26.7,2.7879452352457372,1.202843469790073,0.13783531773187524,0.6726896775647825,0.4868660779033874,0.2964171156533849,2.205884550819668,0.9342127451173198,-1.0424119112983194,False,False
26.733333333333334,2.601646030251758,1.211153520669383,0.045341361823809045,0.6879904267163608,0.42535035685647055,0.370908011814181,2.133066927728302,0.8969940780129134,-1.0883940667505692,False,False
26.766666666666666,2.4475748708350684,1.2021523279862536,0.08053872927819165,0.7011701989219187,0.3727292641972154,0.44028441898199616,2.070510479213412,0.8604371525411681,-1.1274966603395156,False,False
26.8,2.321839811546955,1.2038404759945331,0.4822573315075534,0.7124801110197173,0.32871212176808307,0.5060953550334277,2.0164187554879622,0.8236493873403017,-1.1586835601707202,False,False
26.833333333333332,2.2376287964996835,1.2338540356845369,0.5141625391771562,0.7222663165743092,0.31401265242798865,0.5741969575075737,1.9488049551209268,0.7821892314900524,-1.1263362108604802,False,False
26.866666666666667,2.018551192368959,1.2584526909164653,0.645753570471291,0.7334205992362128,0.2658431387734286,0.6408017629588758,1.7910663288500088,0.7444410308803036,-1.0754203896115997,False,False
26.9,1.6957619802768422,1.276557685986936,0.225290018325567,0.7420859262179816,0.18787881009226873,0.6963558661795595,1.5629323559366226,0.7118266191900882,-1.0164611896568065,False,False
26.933333333333334,1.488418204276251,1.2788082064913129,-0.6075457641846725,0.7466079131868835,0.10266569213213135,0.7412381792682059,1.444346852271298,0.681092296075828,-1.06486709735207,False,False
26.966666666666665,1.5506937454692633,1.260869433304164,-1.6882087553461274,0.7470301843312408,0.029642530458330967,0.7854394469175092,1.5472156234827215,0.6436931055753321,-1.2828259461955158,False,False
27.0,1.6436000199387066,1.1600038539556328,-2.4996804177781566,0.7479199568909691,-0.0019895909527140754,0.8418395797121665,1.6435852531391288,0.5965931869304725,-1.4219529857879751,False,False
27.03333333333333,1.6483636469996688,1.059373146846815,-2.859640947914435,0.7472275974694689,-0.02303858335790352,0.9019117815954195,1.6463881707913781,0.5435253532433777,-1.4616087349873068,False,False
27.066666666666666,1.4009926405298516,0.9626888086559698,-2.5679808751193454,0.7459533729673445,-0.04861589693279252,0.9580464057639771,1.3906105241823465,0.4928263445773784,-1.2861172770010503,False,False
27.099999999999998,1.3952563290300237,0.8853330985556763,-1.5934984365434437,0.7434878283520994,-0.04582109849508511,0.9920946222368751,1.3859992694517045,0.4590806547294472,-1.2771935616515568,False,False
27.133333333333333,1.4375118521377988,0.8387586406227603,-1.2862021222388038,0.7417921500682542,0.010899177619532886,1.0385922411509017,1.4370050883703827,0.415952919903263,-1.2208709638809798,False,False
27.166666666666668,1.465325114525939,0.8273489197892474,-1.007663740072353,0.743407207794335,0.025588893360198667,1.0910029697742714,1.4625827285834954,0.37357897213533603,-1.2169578700758048,False,False
27.2,1.3279296730801786,0.7974353523817491,-1.5279583280100055,0.7465682275715534,-0.010769019868998121,1.1488686920088285,1.3273941011084693,0.3292321910240118,-1.164607605704198,False,False
27.233333333333334,0.9008068487592493,0.7116622855255398,-1.7699658909835803,0.7450025531165186,-0.08184798758654296,1.1813217247561925,0.8539933273901605,0.2984550820461203,-0.881799715178515,False,False
27.266666666666666,0.7757849805315025,0.6503198674643274,-1.2430006070549575,0.7387968521781131,-0.1431262344158449,1.2042764255185647,0.592149711701559,0.26766668848920677,-0.7642301240200746,False,False
27.3,0.49708413506120824,0.6238546371350627,-0.7123369578584886,0.733007540892914,-0.10500035162015432,1.2164473714687822,0.3345092530772782,0.24692141710192678,-0.47443666044250327,False,False
27.333333333333332,0.238537877837674,0.6265332418989762,-0.40850774654226524,0.7307440030354408,-0.020151853293601522,1.2249383048685183,0.22786071861744311,0.23558932220464654,-0.23229617582439932,False,False
27.366666666666667,0.3641766007635882,0.609918671312753,-0.9180587282544297,0.7317375111131963,0.0441363044605822,1.2280171864271707,0.3297527337732215,0.23468978058603593,-0.20650097120783606,False,False
27.4,0.3767036377168617,0.560864732216985,-0.8438410967081289,0.7353509875672338,0.07113777549876348,1.2423991200684184,0.2825768324989333,0.22867043767338227,-0.11802056375544005,False,False
27.433333333333334,0.31812403613114554,0.5300293939276117,-0.6332263451936505,0.7380707393193198,0.04338141725622908,1.2548074027106686,0.2795090571743028,0.2227733316354779,-0.1644755268087557,False,False
27.466666666666665,0.1603893480925167,0.5206248861541363,-0.368689151310769,0.7385758185239828,0.003446729908212064,1.2636934910361006,0.1599345610131107,0.2159980457524492,-0.1319279459326078,False,False
27.5,0.09058342289865705,0.5232242575980665,-0.04334131435746257,0.7376299079074141,-0.025307110795591923,1.2603046009229146,0.01875549902466333,0.21724933084483158,-0.06095585367681568,False,False
27.53333333333333,0.1396665343504885,0.5093953768811463,-0.11063342054794732,0.7361587196990801,-0.020421229988961186,1.2638906181512441,0.1199704348111226,0.2115519450593046,-0.13966214114668946,False,False
27.566666666666666,0.12492042461945732,0.5117051183333612,0.14606739255196946,0.7359462632331277,-0.021374593849266696,1.2667999651850268,0.10001326502688088,0.20866529764592354,-0.12412542214792449,False,False
27.599999999999998,0.17053431498996854,0.525514809111702,0.2135460148854666,0.7354588107749503,-0.028775745726174348,1.2726942942891977,0.13757898223165374,0.20271609311602967,-0.16963811068620005,False,False
27.633333333333333,0.1383948600075704,0.5316474053120144,0.12890644812285004,0.7343640444770687,-0.039496238075453875,1.2783782021334007,0.004903254735992091,0.1958741137816846,-0.07410253339118116,False,False
27.666666666666668,0.17171847861121275,0.5338158130758969,0.013212289712759272,0.7321342854077109,-0.04903659996705383,1.2735082102080073,0.0008401397195092379,0.19613241016516966,-0.08747343039349427,False,False
27.7,0.1938377268327543,0.5283211128684856,0.03778094233151134,0.730835385459872,-0.03956697270334639,1.2752073527894168,-0.13555585651758345,0.19236820645340152,0.04699018870261576,False,False
27.733333333333334,0.20047051705057647,0.5355373133358222,-0.05708187152733818,0.7295776217639406,-0.030164867496498212,1.2673504993039935,-0.17038322161074543,0.19692371132882766,0.0936794412963782,False,False
27.766666666666666,0.18135209654148055,0.5304849085063901,-0.06917050153967085,0.7287867160081138,-0.02162625673896718,1.263079307807471,-0.16478295144534919,0.19921064475888736,0.10395160385218395,False,False
27.8,0.21713675118632805,0.5268722599217017,-0.05191859173336041,0.7280171089802732,-0.006764786216916196,1.2516885240551154,-0.2158406889619982,0.2076795481518468,0.17430576819966193,False,False
27.833333333333332,0.1046697356210158,0.5205087754203965,-0.01560847990537014,0.7283298152925535,-0.0006925711971785242,1.2510602231400927,-0.10464163480062119,0.20877497345604204,0.08908175878695483,False,False
27.866666666666667,0.0777428714147012,0.530476052672566,0.12721349702912904,0.7283339004029857,0.005607787500781466,1.2440001773448843,-0.075221860328946,0.2148751023128144,0.07483782244566423,False,False
27.9,0.03220106718506905,0.5309747259626986,0.1214821017037672,0.7286849325798765,0.009110831938688767,1.244236695776422,-0.004361532557447889,0.2152919789219596,0.01988160480647958,False,False
27.933333333333334,0.06861582032671293,0.535603509800027,0.21879380162863044,0.728696803823242,0.01220754762319269,1.2450988393693116,0.05367219673339805,0.21456893978727357,-0.024723925753946507,False,False
27.966666666666665,0.1847422422009339,0.5451271680268764,0.18528776894298235,0.7291725235252213,0.051890763349856935,1.2499451717968746,0.03332805242945571,0.21122807194474968,0.06303504940124735,False,False
28.0,0.43194375028253695,0.553290647580708,0.24734041230389045,0.7307816256825822,0.11916824419262857,1.2498135768002132,-0.11150423461632473,0.2141882281362405,0.30704448500894127,False,False
28.03333333333333,0.7930706511100215,0.5590376946587655,0.20956114698797076,0.7362521032701558,0.20776928091060587,1.245843602480815,-0.31560693459679523,0.2272919311677282,0.6399274960698111,False,False
28.066666666666666,1.1195639427634245,0.5658846000434232,0.1556527826633214,0.7452961671522474,0.2919786224070677,1.2277416808363644,-0.4560890315272753,0.25891353614817664,0.910136037954958,False,False
28.099999999999998,1.3891194641946198,0.5753721780152224,0.056259141811727184,0.7563887663694858,0.356910011005482,1.2111832043341588,-0.6062863319279502,0.29282709899486026,1.1546251795913114,False,False
28.133333333333333,1.6981864786539007,0.5669998183047407,0.16662430982872542,0.7689774669990511,0.4156023498156644,1.1916368007834008,-0.8750850871610953,0.33196596160464503,1.4904315493092681,False,False
28.166666666666668,2.179889328355988,0.570252736583923,0.5742634526728183,0.7836049489259728,0.5014999797993511,1.1617065855167783,-1.2914500984124653,0.3836728888020196,2.0017169452946186,False,False
28.2,2.8532501798167638,0.598767730186939,1.1880033576869717,0.801295171462762,0.6242446318879078,1.1059092308565313,-1.8337190265509742,0.46312161246439304,2.6868432556224104,False,False
28.233333333333334,3.4343802800694743,0.6628104652339084,1.3838540722120256,0.8245114775301636,0.7446016971944022,1.0353051032296516,-2.2352153225020484,0.5651246930102652,3.2462573689689007,False,False
28.266666666666666,3.903726801477967,0.7113746404586029,1.0521067630835979,0.8523144335636629,0.8408744448545923,0.9539842446313778,-2.5629202695951236,0.6844904679216752,3.699382233457928,False,False
28.3,4.219907212084521,0.7379068519798009,0.5509868357245216,0.8823437134609757,0.8809982536237879,0.8650675118526897,-2.879217572650622,0.8143500576036146,4.04333167806748,False,False
28.333333333333332,4.381713194370083,0.7367722787696435,0.22460666130398174,0.9120134525911747,0.8687024223268259,0.7625483430004585,-3.1536495669803073,0.9553126617407083,4.258417712008893,False,False
28.366666666666667,4.426714390431294,0.7419647575314344,0.4155405593972721,0.9410887610466143,0.8361536966181896,0.6506425326565836,-3.3199937716232832,1.1033244674451241,4.344394261174644,False,False
28.4,4.324896751655004,0.7570919920854217,0.7445325899415751,0.9685171232222848,0.7601154743643596,0.5369704683442427,-3.408767375092725,1.2499470345213497,4.286491218464387,False,False
28.433333333333334,3.9747503946878866,0.7996181851086653,0.6493167207694288,0.9931540273182297,0.6381271718806455,0.4221904843309182,-3.287130695348861,1.3925875099316898,3.965713480194362,False,False
28.466666666666665,3.4542106801658514,0.8171727757105386,0.6079357179659357,1.012918838674465,0.45008072772960306,0.3122383968096978,-3.0736788350158086,1.522442460389534,3.448837765651165,False,False
28.5,2.777459874154701,0.8365286416558725,-0.04850522566362889,1.024420087905586,0.2334321647935622,0.2118311621578756,-2.6544465705027247,1.6294414058237698,2.7037724711640516,False,False
28.53333333333333,2.0296405698479165,0.8220299362891194,-0.7338396144559041,1.0278565047416093,0.028510502556603104,0.13146625050683422,-2.0271835620617322,1.7048764703300976,1.799919729490791,False,False
28.566666666666666,1.3632644791777737,0.7918831383235366,-1.0563425974479221,1.0243101159707244,-0.10472450159707787,0.07193127543503607,-1.3130130491650212,1.7499820977041476,0.9478823449780481,False,False
28.599999999999998,0.8833351129235578,0.7234378608581329,-1.0617148360288435,1.018552295797712,-0.16418354136346613,0.04486096559106687,-0.6706169414016815,1.7631581983988565,0.2883007562326587,False,False
28.633333333333333,0.6305875579256622,0.6975524517354578,0.05940197269991217,1.0118575288514222,-0.1645367155766598,0.03626359867418921,-0.25624830604309107,1.7587344241542668,-0.06992900560257531,False,False
28.666666666666668,0.553948701572673,0.7248761561022962,0.8320316882940834,1.007148278343088,-0.150512375239228,0.036735118418326045,-0.17047659388866113,1.749996579932483,-0.11914118459155879,False,False
28.7,0.6140414272534346,0.7841876389411132,0.962565808365586,1.002326661384391,-0.14845145445969118,0.03061385962160904,-0.3268110682549854,1.7467495983952552,0.019423174450715553,False,False
28.733333333333334,0.5955642131364428,0.8155038473023363,0.3875815906650611,0.99731019417751,-0.12014512371077193,0.01616977338406332,-0.4215302664960822,1.7503406137032949,0.15124237006252064,False,False
28.766666666666666,0.5144473676877668,0.8037043548797554,-0.3290116882273357,0.9928463020941894,-0.08419937002680716,-0.0040557309220623505,-0.42156837433754335,1.7598985954911923,0.21486522714401005,False,False
28.8,0.4343888251437732,0.7757406700240339,-0.34512055967993194,0.9916432717175476,-0.04375025145631419,-0.014576338076038114,-0.40647506299217784,1.766849777113361,0.2733961869722134,False,False
28.833333333333332,0.29395504387713756,0.7641808227058459,0.13506709016258572,0.991512582285324,-0.028931986660585364,-0.02684385348460599,-0.2759438857391228,1.7772055897321308,0.1869605612373994,False,False
28.866666666666667,0.23825272528346167,0.7846288697154635,0.4255289027241941,0.9900320953687192,-0.024151284699001137,-0.035995314883033834,-0.22273699571402106,1.7824843470309022,0.14949971160704564,False,False
28.9,0.2890039466905315,0.8090501700857,0.7307311843761501,0.9891235841478263,-0.03437327055011428,-0.041863631834693056,-0.2627446275468815,1.7859415680180746,0.16594352352266326,False,False
28.933333333333334,0.1177446609851261,0.8316233729984328,0.7374277401024205,0.9882274878956706,-0.023608255003769434,-0.04887523064995203,-0.08384057677117984,1.790407417369072,0.030591126600240066,False,False
28.966666666666665,0.09914557410039773,0.8604682839848683,0.2726396215064862,0.9876601367652232,-0.024055590637480695,-0.05450341938742094,-0.05228596192844683,1.7942609354294183,0.0025677642408587576,False,False
29.0,0.16994010489259695,0.8683762999531971,0.10475741160774943,0.9861130251785627,-0.017788700037444902,-0.053541043755134354,0.15811162150159114,1.7906934704849773,-0.16792134433383363,False,False
29.03333333333333,0.22954664083437976,0.8548515888372004,-0.30948447835389215,0.9864241870199273,-0.00456556917551527,-0.039037118284300516,0.2289891990276174,1.7787268752195549,-0.20569709358573718,False,False
29.066666666666666,0.08729355196547886,0.8326740590233908,-0.16814552662687965,0.9864314160791416,-0.022695749551417215,-0.03302963564093043,0.03610719110257447,1.7735551360448154,-0.07131092849489348,False,False
29.099999999999998,0.09477855804153826,0.8429255088789934,0.19763523103265615,0.985548061597829,-0.027052186181971655,-0.03441945932578745,0.002990185189876333,1.773191868598042,-0.050437335606201915,False,False
29.133333333333333,0.10789843621675566,0.8522506987548591,0.04122583064247579,0.9835536170088715,-0.027468607198793935,-0.04123134171590062,-0.04888387467829328,1.775542323118666,-0.00640608651016563,False,False
29.166666666666668,0.06771935487407224,0.8566760209904555,0.10884602893866747,0.982952033726484,-0.005613881522780183,-0.03776981400186913,-0.06480313773436765,1.7714907510760136,0.04599460759354576,False,False
29.2,0.0784523020612598,0.8479417438358297,0.07767774604757385,0.9839603836277921,0.0002092850306880121,-0.03823901181150336,-0.07844887885483813,1.773679499424498,0.06807253624661862,False,False
29.233333333333334,0.1472888709107424,0.8548683328776363,0.20958898197428216,0.983976893734123,-0.01805217898909218,-0.04657999121531235,-0.13303329420453402,1.7809070694492302,0.08287401396154877,False,False
29.266666666666666,0.20867632397475472,0.8791171294100134,-0.1446929546332994,0.9825902536252734,-0.03444434975705632,-0.05135081899164677,-0.1702858881489087,1.7825713087529445,0.08602480733271803,False,False
29.3,0.1534701950044441,0.8576813294145884,-0.3507460502131146,0.9809177006906954,-0.04326419572761184,-0.054920984019670945,-0.02449611155544293,1.78269356691478,-0.05539625603662528,False,False
29.333333333333332,0.18289960446122905,0.8303389013656923,-0.3284886678087263,0.9799155744188792,-0.05045103137703649,-0.05505839803569422,-0.04733032651657178,1.781039341600125,-0.04840395991624315,False,False
29.366666666666667,0.25634192759017327,0.8162062181363015,0.32370959049455983,0.9782480551554158,-0.07206064860385862,-0.05659956718655563,-0.04510727874315321,1.779419457428839,-0.08855105006036407,False,False
29.4,0.3170617221650688,0.8603424455151615,0.9409680988892256,0.97495622283075,-0.08492445602068595,-0.0574583719329056,0.10994626008947217,1.774337187720591,-0.24512083363997242,False,False
29.433333333333334,0.3712095512209358,0.8978918422748157,0.7701581752235445,0.9715756712887793,-0.07906206556657937,-0.05697705094666698,0.24727570426103507,1.7679414247724057,-0.353266866113668,False,False
29.466666666666665,0.5973376558815232,0.9340889465469037,-0.08538771647944442,0.9693664220727868,-0.06330430986327969,-0.04166462525646775,0.5546806728195353,1.7508183417858927,-0.5906846321015671,False,False
29.5,0.7552599458796841,0.9019246324482186,-1.1185749392006028,0.968107916314109,-0.06342004105585443,-0.016168238723134713,0.7218698750766473,1.7265882977647748,-0.7351756033509157,False,False
29.53333333333333,0.8595299211684114,0.8362021825279566,-1.2698281284791513,0.9658708802434796,-0.08638298780533385,0.009355572509410022,0.8045419977859767,1.7006035132110051,-0.8471452985224173,False,False
29.566666666666666,0.9876140666875549,0.7800653938524864,-0.8557247469685503,0.9624444639682558,-0.11753888129540105,0.037262182811562836,0.8977576520466471,1.6704582677120108,-0.9827079476886879,False,False
29.599999999999998,1.0897916259949376,0.78059675691402,0.002022868906725717,0.9578403955869234,-0.14499229099007185,0.06760034288759645,0.9642882326616988,1.636131236476296,-1.0886911734986175,False,False
29.633333333333333,1.2524796759910877,0.8009403082368084,0.21333959270887612,0.9525491157934346,-0.15795173537311152,0.10209530008849144,1.1237297282610959,1.5970011268041369,-1.2492170020095488,False,False
29.666666666666668,1.3263644676504787,0.8076096587513968,-0.0173949038469206,0.9469894705034504,-0.1691665932250855,0.14206731616361631,1.1867263480407193,1.5526694982961846,-1.3234235076162237,False,False
29.7,1.4227110899860367,0.8005001742943365,-0.37272522934636804,0.9412290738812925,-0.16929680533727315,0.18261148777328803,1.2933070522608419,1.5074889529788673,-1.4156342538674083,False,False
29.733333333333334,1.454051012659695,0.7759133773540555,-0.3948952800719471,0.9357168753975101,-0.1777646866098063,0.22897908094169503,1.314063295568388,1.4577218026030225,-1.448527271487469,False,False
29.766666666666666,1.381165060448816,0.7644070180719392,-0.30790980089937736,0.929490763783289,-0.18049647812632172,0.2726410756235753,1.2280527542978532,1.4090266646735548,-1.3791318545856965,False,False
29.8,1.2857575434688393,0.7563261657373522,-0.08978015877680656,0.923336816100865,-0.17081310314050815,0.31429426248756354,1.1381497356449595,1.3621928132532335,-1.2844140875992471,False,False
29.833333333333332,1.1630765989044718,0.7586077683739129,0.3072220898690885,0.9178464091763908,-0.1777391249875249,0.34698225491876566,0.9825256259912786,1.3242698687133496,-1.16236116596944,False,False
29.866666666666667,1.0861548334641662,0.7719413270312797,0.3644074649073881,0.9121227260723992,-0.1639757796426521,0.37831996366672105,0.921962328159178,1.2870995566863797,-1.0857462343565267,False,False
29.9,0.9184752028211524,0.7947085667873878,0.47970514597760855,0.9063177545859677,-0.15124363312691097,0.4096231518099215,0.7503958405542567,1.2498152328289582,-0.9151584981024781,False,False
29.933333333333334,0.8157028438905038,0.8094077815103148,0.32322368805971935,0.9013584228295045,-0.13232357429897118,0.4307835030143275,0.6713110953749651,1.2227802779706152,-0.8134368376383219,False,False
29.966666666666665,0.6738301737833984,0.8123740167203798,0.08666839152013014,0.897959072500944,-0.0956413643822863,0.45015202947962524,0.5847030681927107,1.2000513797755794,-0.6738002972282021,False,False
30.0,0.7043104732806106,0.818071915488312,-0.11474435555841292,0.8949261441580648,-0.07708319110916112,0.4662269272227237,0.6505313465933573,1.1808131418612682,-0.6977804656238262,False,False
30.03333333333333,0.7207309831140702,0.8061487552562023,-0.2587248127386373,0.8929576511574141,-0.06801416650618763,0.49433073632476177,0.6802405504113745,1.1530768560964144,-0.7073762641339211,False,False
30.066666666666666,0.6862752083397685,0.7936084301461793,-0.3378286410291326,0.8911516238645281,-0.06957762430168088,0.5148832844954138,0.6415682331476137,1.132144807381001,-0.6767674429679631,False,False
30.099999999999998,0.7641039782392646,0.7790132347836687,-0.17159092751157098,0.8885962539192589,-0.08890999647114077,0.5364037910774603,0.6977958867093866,1.1090517718249453,-0.7594925705439838,False,False
30.133333333333333,0.8120788049634802,0.782271440503185,-0.06510443911000091,0.8852657330565105,-0.11600898473218266,0.5565332988723561,0.7031647912404518,1.085787900867144,-0.8120655641493248,False,False
30.166666666666668,0.9426882071862025,0.7828449990126667,-0.29729852249790084,0.8809866341256187,-0.13417821245951483,0.5854432201317422,0.817243868812146,1.053268344848972,-0.942659482111698,False,False
30.2,0.9815288596698513,0.7724723417391682,-0.5612398734896524,0.8758944017324924,-0.14581721621682173,0.612719873055456,0.8382500565312623,1.0207198417199665,-0.9813780907360012,False,False
30.233333333333334,1.0013906555057268,0.7374574257737894,-0.7666028629430924,0.8709336360022648,-0.15435816073198105,0.6405381598490439,0.8429761838933072,0.9879364738178784,-1.00056618365092,False,False
30.266666666666666,1.0098843391906926,0.7105038510593618,-0.7585640613337488,0.8657761928975788,-0.14831132115325504,0.6692957685536437,0.866103305462509,0.9539945272802121,-1.0098279758981703,False,False
30.3,1.0158583230159541,0.6902540985179209,-0.6757398983811967,0.8606292054228429,-0.13787486275248956,0.6983444674470499,0.8937909667165583,0.9198198630769273,-1.0152600956788398,False,False
30.333333333333332,0.9798975117051031,0.6680959578170259,-0.5481975241934413,0.8560983747905653,-0.11716874137492016,0.728486387567281,0.8898604951041077,0.8857917507307875,-0.9752378114966722,False,False
30.366666666666667,0.9706084810919335,0.6484173265869116,-0.5725530300959696,0.8529191400856144,-0.08911463040056551,0.7584659902610894,0.9190747021128466,0.8542947660359865,-0.9508207841460994,False,False
30.4,0.9234285459712721,0.63007889299465,-0.247026207555992,0.8504003318399109,-0.07744029174383912,0.7898805734874385,0.8827125315877099,0.8227277062518111,-0.8987872734615893,False,False
30.433333333333334,0.8546635723297777,0.6289649575536977,-0.1287850628816444,0.8481866528587949,-0.07513399256955831,0.8189535617703599,0.813158008852636,0.7937212603480406,-0.8346809398623712,False,False
30.466666666666665,0.8493262031934066,0.6261685198855036,-0.041216452498652974,0.8458991316336457,-0.09906999646435266,0.8448978402287204,0.7752413386292883,0.7672842967108929,-0.8443024870153377,False,False
30.5,0.8980991382847874,0.6314989089074884,0.010952663261092737,0.842327115368706,-0.14370207625688536,0.8677681768284838,0.7438787665906301,0.7412278401033918,-0.8961927677677806,False,False
30.53333333333333,1.040509227446443,0.6226201774144993,-0.02444149519075495,0.8366261989315681,-0.1900275144562165,0.8931670085222867,0.7999068429439561,0.7092231238764681,-1.0264978419757187,False,False
30.566666666666666,1.3354329759821877,0.6228455993726322,0.4807654230965564,0.8292652885678474,-0.24651967162944452,0.9188739365412673,1.0189006038818753,0.6740158984735722,-1.3154296797014575,False,False
30.599999999999998,1.6211524675680284,0.6466286598376013,0.7402430289213792,0.8202983885642595,-0.2894236241125252,0.9556792037586603,1.2652845495662182,0.6263895946056472,-1.603961302979615,False,False
30.633333333333333,1.9002024325334266,0.6913141292283536,0.5492285619393688,0.8097437267917197,-0.31873672067349795,1.0044093670464986,1.5378467435795584,0.5656631301099011,-1.8910421063385567,False,False
30.666666666666668,2.0217140383432333,0.7065314928761193,0.06893730529188737,0.7980031961905876,-0.3242004040268031,1.0636017225715915,1.6728582766422817,0.49380980570279515,-2.0172241875163754,False,False
30.7,1.7465798996293684,0.6857903861030715,-0.6344831293993435,0.7872798703809601,-0.29484018525044386,1.122618352977771,1.4087382722281239,0.4239076240569147,-1.7373457307682898,False,False
30.733333333333334,1.33183837360059,0.6532460592689978,-0.9605035195868594,0.7777359692280272,-0.2364152944890163,1.1673935281959624,1.0432685297647415,0.3683824503548438,-1.3185842986296061,False,False
30.766666666666666,0.7441558627322485,0.6185315367039467,-0.7511261660911954,0.7706723752748036,-0.150139573268627,1.1922688167677213,0.5266360140022964,0.33441890822401465,-0.7200980100751305,False,False
30.8,0.3179698439255151,0.5901777138773932,-0.5554035060327686,0.7673612881633369,-0.06920940819762222,1.1969859178760667,0.20583396631769146,0.32449050380970607,-0.3000722814238051,False,False
30.833333333333332,0.1429106779568372,0.5803580850883041,-0.09787342118944997,0.7671577008747307,-0.006783837984846512,1.199693872845176,0.14092242859226098,0.3217933501543394,-0.13361867761081722,False,False
30.866666666666667,0.07816259743641263,0.5909154184517015,0.11643430003676161,0.7680393798172157,0.018309865781218366,1.202947499556828,0.04470275844186248,0.32054516967665675,-0.006187866937159316,False,False
30.9,0.02498595365933108,0.5949096084866896,0.06834860380743459,0.7689466380574915,0.0051680523482333755,1.2077351484855026,-0.017227265346313633,0.3180183612399298,0.02400989371284472,False,False
30.933333333333334,0.15594305437261297,0.596317354156139,0.15802046492393565,0.7691167432687572,-0.018992487031371456,1.202726876046321,-0.14104940149293985,0.3226414841766643,0.08812855283880257,False,False
30.966666666666665,0.19751515794668809,0.6013641038791272,-0.0764878290719498,0.767632766411849,-0.037623325444748716,1.1929930980009484,-0.1471541091290466,0.3284166136590831,0.060438032758056474,False,False
31.0,0.1978796793064888,0.5989429878764659,-0.04137909832805676,0.7657784177357304,-0.05150219804367591,1.1900316262923867,-0.08142530266671431,0.32769195593420253,-0.020839167124403046,False,False
31.03333333333333,0.16156659417972785,0.5943883721993439,-0.09062480892892864,0.764106709578247,-0.04470924963235238,1.190273527720275,-0.03989764140364799,0.32452585062478345,-0.04466093367964607,False,False
31.066666666666666,0.12167487253902096,0.5889126044402769,-0.2984694852170624,0.7627639826830869,-0.0340783720182701,1.189160606587453,-0.023743827138601917,0.32311095855631833,-0.039795270605206705,False,False
31.099999999999998,0.11208047780153799,0.5818985744635948,-0.08279660968528971,0.761588637998334,-0.029457153597853673,1.1869175444098758,-0.043834603665513464,0.32296749954798526,-0.014281511858162793,False,False
31.133333333333333,0.08356916100195282,0.5727354529010567,-0.07196328999569146,0.7611130570505723,-0.023566436389394478,1.1859778831404222,0.013169405105765227,0.32293710996260927,-0.05305564275667133,False,False
31.166666666666668,0.09111681306035171,0.573851381876466,0.14350254633538295,0.7602631913231294,-0.025965179389962043,1.1883665268110766,-0.005910749875996638,0.31937222440993185,-0.04083275114448574,False,False
31.2,0.13362683541898107,0.5912383805583767,0.25234866745765494,0.7592106810997392,-0.026032355006444005,1.1883945793707773,-0.09770343696984321,0.3174860675881915,0.038266573907784054,False,False
31.233333333333334,0.1886534409593,0.5941708735759424,0.11085580956306264,0.758293025167124,-0.018797972064818858,1.1835520620424624,-0.17679637543195906,0.32004183401900604,0.11932271677723792,False,False
31.266666666666666,0.2257818872177507,0.5976717369155736,0.0626504053516045,0.7578586481463107,-0.006238409041148132,1.17305757039077,-0.22472255645657438,0.3283302667421725,0.18290211321161595,False,False
31.3,0.20804003988985253,0.5927308923686119,0.19794345880685674,0.7578995132360056,0.003138900967543678,1.1663508900054949,-0.20774946058682764,0.33419050287758134,0.18484309823513687,False,False
31.333333333333332,0.17738420596049775,0.6071415467404068,0.27504507919552873,0.7582881363237794,0.006396137957096717,1.1607388327914478,-0.1759644451793528,0.3397212689994204,0.1631744855049154,False,False
31.366666666666667,0.16962150121406663,0.6189510886981747,0.2955473261055191,0.7583881265119317,0.015526812863360663,1.1548181793138912,-0.16067096746123327,0.3450077501980297,0.1661286898862099,False,False
31.4,0.16752271154808207,0.6286686788487506,0.3824087095487569,0.7587528271942884,0.03745204810574334,1.1482258935724785,-0.1042287602658302,0.3513421449806603,0.15620532422533423,False,False
31.433333333333334,0.2199041669424273,0.6375390851089693,0.216616761817782,0.7605084422720609,0.06134990318444169,1.1472280932837424,-0.04694353362135958,0.3553090356961511,0.1490440933979994,False,False
31.466666666666665,0.30767118340573996,0.6496052131269886,0.31755743850203233,0.7633790113602972,0.08276669467249205,1.1482212708600341,-0.10324085440358023,0.359530102781917,0.23551679436666,False,False
31.5,0.4008953800549206,0.6513806705672953,0.7289628191548999,0.7665197985576646,0.08186412061640562,1.1454636694507905,-0.28024336305185366,0.3674661663448079,0.3866753270854974,False,False
31.53333333333333,0.6207197367221309,0.6756086575294473,1.4291477671632498,0.7688994793064451,0.0837521990612826,1.1313582841421395,-0.5470628404372265,0.383849061906172,0.6202837682977539,False,False
31.566666666666666,0.9282223738785318,0.748154483953011,2.247794896218751,0.7720900040515295,0.06469665256559727,1.1093429130214232,-0.9001498162140266,0.40849279431234653,0.8912916715950692,False,False
31.599999999999998,1.1587562756812542,0.8457682120458095,2.5694840441000846,0.7745129664637347,0.0037381432101708492,1.0725720449222207,-1.1586823344631703,0.44451283414568354,1.006569379715613,False,False
31.633333333333333,1.3458999618835525,0.9408495500801105,1.784662863834885,0.7741028577416836,-0.09257458037873474,1.0271809194444792,-1.3062754219573265,0.48296040184408445,0.9635615573413235,False,False
31.666666666666668,1.625288518759345,0.9850531243298032,0.8556528658116335,0.76861177369238,-0.2243915849604302,0.9806994429706342,-1.4227160170080848,0.5133604368562638,0.8308597890525644,False,False
31.7,1.9660922790547666,0.9854543816421614,0.07987753697874862,0.7589104126052606,-0.3427865601432846,0.9371285183077364,-1.5571222824992073,0.5338004253308269,0.7374068955813661,False,False
31.733333333333334,2.5043126560260554,0.9663213480926823,-0.26251149586593175,0.7458444332364488,-0.4782021143892588,0.8819572465305844,-1.862095985875212,0.5582994584967399,0.7610453766632481,False,False
31.766666666666666,3.1514146623017285,0.9746033054007219,-0.6666087119828263,0.728286187482983,-0.6562335570987365,0.8122643385095909,-2.156527982894457,0.5873837729518487,0.7001964455230171,False,False
31.8,3.7274777669730588,0.9401085502232306,-1.1642348531578537,0.7029203766691258,-0.8112551946393556,0.7349809465140439,-2.4132212529633734,0.609206761756776,0.6474841333519235,False,False
31.833333333333332,4.227534816929824,0.8769636870887502,-1.0525157568070707,0.6722667465534994,-0.9663008960511507,0.6501837101115943,-2.5341648349484838,0.6281598496969507,0.47757568271332296,False,False
31.866666666666667,4.594388221715232,0.8337533244598437,-0.5141689186371997,0.6379984378430615,-1.0991483577643175,0.5620420045671536,-2.5087067875859397,0.6436046929702408,0.22059079271956405,False,False
31.9,4.878283649832208,0.8495869871287982,0.4623128503156683,0.6000082150147039,-1.2093597984474005,0.47773241554807483,-2.421354001897244,0.649158108825358,-0.0497656428116162,False,False
31.933333333333334,5.1316417640482435,0.88210855835872,0.9079832840287659,0.5562071942290241,-1.320923569354407,0.40116632483945663,-2.2220403971292138,0.6377491813006242,-0.41913791923101423,False,False
31.966666666666665,5.304739917233368,0.917025463704871,0.7507884872395768,0.5105032193308673,-1.3808852382168533,0.3316402860434975,-2.1811414394273165,0.6168981785860636,-0.5605096118261221,False,False
32.0,5.481165386038889,0.9350329475967804,1.061892578606334,0.4637904101040778,-1.4198285579045713,0.26100643109258986,-2.307122552231809,0.5952185520370832,-0.520679263216423,False,False
32.03333333333333,5.530329909817221,0.9758683254516408,0.9796113886511555,0.41596934164883137,-1.4613564804998571,0.17698088569417791,-2.0968959147221624,0.5831355408182268,-0.7755724359361841,False,False
32.06666666666666,5.490770147570799,1.0166803791966443,0.5514798785116697,0.3659292254024802,-1.4655949302423759,0.10689352472454057,-1.951628461845606,0.5550980986851328,-0.9084379917524013,False,False
32.1,5.287928540385255,1.0352403862976498,0.12112785609914622,0.3165528693526596,-1.4401628075063744,0.04946690758887155,-1.5901845856026684,0.5173085140269951,-1.1753774919009687,False,False
32.13333333333333,5.066422709271814,1.0014452361731243,-0.2607652846601466,0.26903811917039216,-1.379049636436508,0.010932713096619842,-1.532277906122565,0.4665078285121545,-1.1172391502908476,False,False
32.166666666666664,4.797279096304944,0.997020952790919,-0.07781573660958593,0.2248100825348887,-1.3058075059860839,-0.05216850790213393,-1.4506895835135156,0.44272314699707555,-1.058081562807278,False,False
32.2,4.486609903104248,1.0048754311711205,0.3081251875612234,0.18179278348425715,-1.2323524573034252,-0.0946797382173973,-1.2274084011930788,0.4033109225943694,-1.1208299063279088,False,False
32.233333333333334,4.116494818558376,1.0230646173585085,0.359602915527431,0.14214401290448375,-1.1428147343208126,-0.1363646136461062,-0.9644926677976904,0.36914465211172526,-1.1893322159570898,False,False
32.266666666666666,3.373267948730843,1.030321449181826,0.20109355937026324,0.10403505418666868,-0.9552429302523523,-0.1562338160040602,-0.43524463446332096,0.3188752105856423,-1.3142548581148041,False,False
32.3,2.771725065986878,1.0362849426413583,0.513350659085426,0.07613152909304609,-0.7915049390437261,-0.17356337018813495,-0.013347927412628111,0.28446798338957174,-1.3886953458895062,False,False
32.333333333333336,2.386472320876182,1.0474525267898422,0.8801112024446806,0.05424974158062441,-0.6795196409301199,-0.15225283100087705,0.18173273220731587,0.22736668109991853,-1.3589442271552106,False,False
32.36666666666667,2.294287413240754,1.1033249468975934,0.6563924158665055,0.034788480661943455,-0.6240570068008156,-0.1501243340433803,0.6986527561329652,0.19110174715204123,-1.7069358726517285,False,False
32.4,2.214012151593964,1.1408075602324577,-0.6152523682218803,0.010210699715289073,-0.5429046436446577,-0.12407330806649211,1.1346809444896935,0.1251399920945955,-1.939670407242595,False,False
32.43333333333333,1.7028608935582341,1.0660544349971108,-1.0856489343450053,-0.006547728342008893,-0.30560075205275117,-0.07460375112057331,1.3245782815211051,0.05280062635080207,-1.6837506954944492,False,False
32.46666666666667,1.227843567330789,0.9969419460347484,-1.243358793575984,-0.01043472341555676,-0.14089117693285377,-0.001203248644235551,1.1243589365871653,-0.017421168711355968,-1.2195789716380623,False,False
32.5,0.3443820203674157,0.986398936088781,-1.0227304374763941,-0.008384802867879099,-0.09814421380762949,0.01446201012816328,0.021954191673434778,-0.027314050624021383,-0.19256911147318248,False,False
32.53333333333333,0.644771092692363,0.9677855019308168,0.035521593578705296,-0.013669483341332988,-0.13454813338069355,-0.01056372875220311,-0.44015594009053816,-0.01506542902933065,0.1418368462169434,False,True
32.56666666666666,0.3645015123002135,0.9436117474306057,0.05029132861587239,-0.02293650429079818,-0.0918761202939206,-0.045524096603459636,-0.17131822180448744,-0.0012880807297287811,-0.014684164438227811,False,False
32.6,0.41630585845216556,0.9736161026234128,0.6852520302427716,-0.023950701626754566,0.07379844262206883,-0.036101837687023755,0.3263829176439602,-0.011213769930827474,-0.1511188643819177,False,False
32.63333333333333,0.863868257507381,1.0321467888117268,0.7843884134050922,-0.015642513041994977,0.20239645461878347,-0.0005082370361682552,0.49390157586983097,-0.02723383151063445,-0.068192632721142,False,False
32.666666666666664,0.6077476352374112,1.0292912043819162,-0.21783340736875487,-0.005096906657941977,0.1394505839930623,0.01290264919303176,0.3617910153124426,-0.02015183885460529,-0.06553430125078007,False,False
32.7,0.2001164905848394,1.0095736779924063,-0.30171286203137254,-0.0032803381175562497,0.055971013558852416,0.011150883373571202,0.0403839110314368,-0.015426437119423066,0.06416394276537281,False,False
32.733333333333334,0.03646271307402352,0.9912571641112025,-0.43375455863999024,-0.005144170883963094,0.0007581316984088695,0.013743945726404316,-0.03636593654946874,-0.020961500555744833,0.032725404189790655,False,False
32.766666666666666,0.04012244763819268,0.9802328689133988,-0.13528069325999162,-0.005844293362338279,-0.008613644684629265,0.014258231637144316,-0.026457284106616828,-0.022643889591032588,0.007594945315592384,False,False
32.8,0.19408706635061587,0.9866798865366752,0.021637254175415167,-0.0035446078629994067,0.035352489049529555,0.006167845554133098,-0.14947908256252823,-0.011593524591220839,0.19154264871972,False,False
32.833333333333336,0.14249570294780403,0.980521168281577,0.08053344389955094,-0.0032734068945622493,-0.016809075123314338,0.0034543838745802707,-0.12977012645829455,-0.008772006347965017,0.08225697956747731,False,False
32.86666666666667,0.22795359564874138,0.9943955830724036,0.10759686302183581,-0.004150163047452672,-0.061679814577408856,-0.00032149393950167476,-0.07287639192826709,-0.0070644083827289044,-0.046221727530694,False,False
32.9,0.11219475202090319,0.9899889646619879,0.1555972629946145,-0.007832730201613063,-0.03156207292056385,-0.00505480095726006,-0.019289499901651245,-0.009494168231663196,-0.03918793879661117,False,False
32.93333333333333,0.24219347991317458,1.0018519947875568,0.1391806796487989,-0.008737961832004914,-0.055244936919847845,0.0002222512496317637,-0.14571257337487495,-0.015649729383346953,0.028020393068341296,False,False
32.96666666666667,0.22403880512010935,1.0022081682929147,0.009230139595053364,-0.009132088093790744,-0.05906103601024163,-0.0077854891351576624,-0.08613287180190786,-0.009436186326677448,-0.03014847039927273,False,False
33.0,0.1272934163761876,1.0081596987460268,-0.05075695888943521,-0.011815305522264927,-0.03182976422853582,-0.01485666995300981,-0.061481270171857186,-0.008080430390495526,-0.0032495079961885618,False,False
33.03333333333333,0.23213658183882016,0.9954025677701321,-0.34932011170182053,-0.015110910520730278,-0.034236284233700225,-0.018891821650160425,0.19878154276581703,-0.01042814960068009,-0.23211662209573064,False,False
33.06666666666666,0.4854213508026877,0.979653069128454,0.004957479318492064,-0.01391987356861283,0.07367959848781656,0.0034431231853997587,0.41117399544439526,-0.027596459803745747,-0.22450479767518655,False,False
33.1,0.33504536151611863,0.9859713403557419,-0.037598698638750185,-0.00866949737071085,0.07373329339631761,0.01731915547145061,0.21351463292451156,-0.03028344033655286,-0.05382746734009651,False,False
33.13333333333333,0.2297406188970259,0.9918641928269155,0.0019524741732993268,-0.007292840337554226,0.0653135024628722,0.024451652575090507,0.02168517089438163,-0.03400348848285891,0.09682853898139271,False,False
33.166666666666664,0.13725700160578796,0.9931522663801533,-0.10596759876499087,-0.003817336563331796,-0.014465656156016483,0.011605897714065944,-0.12756750830710384,-0.016769098918470764,0.08450172840789572,False,False
33.2,0.07857053241546669,0.9669696676240079,0.06834704583862634,-0.008405960475292006,-0.022298747027720722,0.007217058919635278,-0.008714341794882494,-0.021099001957503184,-0.03192710269534306,False,False
33.233333333333334,0.17974142657188194,0.9908243955870498,0.24990823492828046,-0.00854625158828186,0.046685676844330365,0.012233408016113861,0.07469923621412843,-0.025676352402219493,0.018123156338503445,False,False
33.266666666666666,0.07849984074237891,1.0035954522007695,0.2213973184875041,-0.005771068920096067,-0.003804959548851213,0.02120677244075848,-0.07736078060597953,-0.02851102358380418,0.060032080394861694,False,False
33.3,0.28836652288474296,1.0095221660490303,0.25329628365497925,-0.0024789163360311854,-0.01130762170863369,0.011642435845134186,-0.28563495183063653,-0.014432894459789982,0.22650251312147196,False,False
33.333333333333336,0.2612474716543498,1.0058488958997642,-0.17691211221539535,-0.00855170879722683,-0.05990482116632038,-0.00845458220177976,-0.15570737295528655,-0.007832029027860924,0.028402436379691844,False,False
33.36666666666667,0.14744833069688604,1.0116227611557151,-0.1713779217331022,-0.012353605017243762,-0.0017641869936961148,-0.012548611296888897,0.14731885356597912,-0.011024592728189167,-0.1302588348585306,False,False
33.4,0.3643215428704038,0.9923438308208087,-0.1821331721573717,-0.007496214974331405,0.07843139910263423,0.010479250995392951,0.239367758613552,-0.022304923194657,-0.06782781570429648,False,False
33.43333333333333,0.2627237698988012,0.9826659253386076,-0.3080048501406911,-0.0024499126999301597,0.036444335494541215,0.01968178484443435,0.22964473948526015,-0.021319637662622494,-0.13371410791518318,False,False
33.46666666666667,0.03224448068481069,0.9813142591070693,-0.04179312175090248,-0.00444313322656735,0.008840489032498787,0.018443943340734258,0.009018391047823737,-0.02377748017423581,0.007856323152751723,False,False
33.5,0.21390311221864103,0.9814869282223697,0.025855243951063842,-0.0053997408097037,-0.03625871502958353,0.016607445195365913,-0.17214225104905967,-0.023884851011348046,0.08441716057293304,False,False
33.53333333333333,0.14587320403938359,0.9751743609981869,0.059834844128845745,-0.005965395722313628,-0.03150617652447821,0.01397606575281311,-0.09542873423336455,-0.022614613714799094,0.026619994483131005,False,False
33.56666666666666,0.12028618874912189,0.9903772412188526,0.20178911090214036,-0.006736928194310772,0.020797134660993193,0.0011296491538336454,-0.09573365425302904,-0.012892888368125867,0.11941051167713831,False,False
33.6,0.09389508670747582,0.992288392749203,0.21208434806747922,-0.00717211554671394,-0.01139148994072928,0.004235916488491599,-0.0850000984682194,-0.01634350320889013,0.053203921165187795,False,False
33.63333333333333,0.08573237713346506,1.0001453016959574,0.30021589884289757,-0.004708000225740983,-0.023668168108995722,0.005563381780428802,0.021925876105478897,-0.013129968883004411,-0.06079254849984415,False,False
33.666666666666664,0.047349984742975235,1.0129626452984382,0.1629344828506867,-0.007423423091771752,-0.01348029663620357,0.001971083588374482,0.003698506569507413,-0.014833502482096611,-0.027039223439397804,False,False
33.7,0.09017126993525659,1.024891891379379,-0.14011471091321082,-0.01011674372048166,-0.009021049344042164,0.001965360198565947,-0.08445670370486932,-0.019593192029307552,0.05692840190542535,False,False
33.733333333333334,0.026050071651403994,1.002109023427359,-0.20195897991893055,-0.0071697383917391395,-0.006614106008882291,0.0038050966650593765,0.011923134969760864,-0.015967495348665473,-0.02199051379435968,False,False
33.766666666666666,0.1970111244992693,0.9975497561903011,-0.07159705430455131,-0.00805812578304648,-0.0466891374695667,0.0021718148413301386,-0.1099200443934551,-0.016129559062938385,0.012266690937917903,False,False
33.8,0.3821353015275991,0.9973358864737226,0.058764871309842565,-0.010282347556376832,-0.0867641689302536,-0.003522906294504554,-0.23176322375661876,-0.015149715952803906,0.04652389567014593,False,False
