take,frame_idx,timestamp_ms,keypoint_id,x,y,z,world_x,world_y,world_z,detected,handedness,handedness_score
vid4,0,0,0,0.2677455246448517,0.6558679342269897,-1.5515037432578538e-07,-0.0902230367064476,-0.0125112971290946,0.016091257333755493,True,Right,0.9222539067268372
vid4,0,0,1,0.3311408758163452,0.6789796352386475,0.03246229141950607,-0.06507793813943863,-0.01053557451814413,0.031162384897470474,True,Right,0.9222539067268372
vid4,0,0,2,0.3890896737575531,0.6900937557220459,0.04265855252742767,-0.034213125705718994,-0.00045129298814572394,0.047727182507514954,True,Right,0.9222539067268372
vid4,0,0,3,0.43186038732528687,0.7029638290405273,0.04369622841477394,-0.001229403424076736,0.0033698927145451307,0.057665545493364334,True,Right,0.9222539067268372
vid4,0,0,4,0.4640157222747803,0.7237278819084167,0.042857423424720764,0.02492295578122139,0.007534815464168787,0.063118577003479,True,Right,0.9222539067268372
vid4,0,0,5,0.41636595129966736,0.6732537150382996,0.023753182962536812,0.00552806630730629,-0.0037061923649162054,0.024248789995908737,True,Right,0.9222539067268372
vid4,0,0,6,0.4821667969226837,0.6972724199295044,0.016511056572198868,0.031570374965667725,0.0022021098993718624,0.019910618662834167,True,Right,0.9222539067268372
vid4,0,0,7,0.5258354544639587,0.7092575430870056,0.012314870953559875,0.054645195603370667,0.005379802081733942,0.02107585221529007,True,Right,0.9222539067268372
vid4,0,0,8,0.5606057643890381,0.7190033197402954,0.008396241813898087,0.08168982714414597,0.0079135000705719,0.008945278823375702,True,Right,0.9222539067268372
vid4,0,0,9,0.4156636893749237,0.6798768639564514,-0.0023867739364504814,0.005181604530662298,-0.0019531873986124992,0.003543313592672348,True,Right,0.9222539067268372
vid4,0,0,10,0.4911654591560364,0.7002342939376831,-0.01531666424125433,0.03854220733046532,0.0034493033308535814,-0.003559507429599762,True,Right,0.9222539067268372
vid4,0,0,11,0.5411157011985779,0.7147829532623291,-0.022873543202877045,0.06557434052228928,0.003827578155323863,-0.009935136884450912,True,Right,0.9222539067268372
vid4,0,0,12,0.5816518664360046,0.7245610952377319,-0.027746519073843956,0.09641237556934357,0.010770369321107864,-0.014309480786323547,True,Right,0.9222539067268372
vid4,0,0,13,0.4076218008995056,0.6929965019226074,-0.02724367007613182,-0.0010400532046332955,0.0009977638255804777,-0.016639500856399536,True,Right,0.9222539067268372
vid4,0,0,14,0.4834098517894745,0.7129116654396057,-0.03832607716321945,0.026997454464435577,0.0053388080559670925,-0.023163795471191406,True,Right,0.9222539067268372
vid4,0,0,15,0.5313372611999512,0.7237101793289185,-0.04441533610224724,0.053968656808137894,0.00952810700982809,-0.03176864981651306,True,Right,0.9222539067268372
vid4,0,0,16,0.5711846351623535,0.7318790555000305,-0.04903058335185051,0.08300387859344482,0.013700687326490879,-0.032732054591178894,True,Right,0.9222539067268372
vid4,0,0,17,0.39103570580482483,0.7211247682571411,-0.04968772828578949,-0.017879987135529518,0.0049599893391132355,-0.026473581790924072,True,Right,0.9222539067268372
vid4,0,0,18,0.4448939859867096,0.7365497946739197,-0.06063569337129593,0.0024566161446273327,0.01049328874796629,-0.03499189391732216,True,Right,0.9222539067268372
vid4,0,0,19,0.48215627670288086,0.7447946071624756,-0.06626801192760468,0.02822216786444187,0.016945751383900642,-0.04141250252723694,True,Right,0.9222539067268372
vid4,0,0,20,0.514561653137207,0.7538743019104004,-0.07057147473096848,0.04735016077756882,0.02132388949394226,-0.045298051089048386,True,Right,0.9222539067268372
vid4,1,33,0,0.27834510803222656,0.6648010015487671,1.4442984763718414e-07,-0.08761037141084671,-0.008723646402359009,0.018058698624372482,True,Right,0.7518110275268555
vid4,1,33,1,0.3328319191932678,0.677381157875061,0.02034083753824234,-0.058687809854745865,-0.0034123477526009083,0.03746288642287254,True,Right,0.7518110275268555
vid4,1,33,2,0.39055365324020386,0.6952316761016846,0.023983467370271683,-0.02929563820362091,0.0033291629515588284,0.05802014470100403,True,Right,0.7518110275268555
vid4,1,33,3,0.4325125515460968,0.7154924273490906,0.021113477647304535,0.0015466499608010054,0.006023770663887262,0.07053371518850327,True,Right,0.7518110275268555
vid4,1,33,4,0.468705415725708,0.7265080809593201,0.01713324524462223,0.024846835061907768,0.0051245735958218575,0.07878994941711426,True,Right,0.7518110275268555
vid4,1,33,5,0.42349928617477417,0.6823676228523254,0.009978230111300945,0.008321763016283512,-0.0038371612317860126,0.02523530274629593,True,Right,0.7518110275268555
vid4,1,33,6,0.48776933550834656,0.7041459679603577,-0.000961918558459729,0.03362565115094185,0.0011632778914645314,0.020342037081718445,True,Right,0.7518110275268555
vid4,1,33,7,0.5302467942237854,0.7143163681030273,-0.008804453536868095,0.05347321555018425,0.005262420047074556,0.0193711519241333,True,Right,0.7518110275268555
vid4,1,33,8,0.5638350248336792,0.7228232622146606,-0.01528592687100172,0.07887306064367294,0.008905947208404541,0.003675706684589386,True,Right,0.7518110275268555
vid4,1,33,9,0.4207533597946167,0.6864050030708313,-0.012493145652115345,0.004867023788392544,-0.002767407102510333,0.004587635397911072,True,Right,0.7518110275268555
vid4,1,33,10,0.4924841821193695,0.7058090567588806,-0.026076296344399452,0.03670566529035568,0.002784295240417123,-0.006102249026298523,True,Right,0.7518110275268555
vid4,1,33,11,0.5403783321380615,0.7188047170639038,-0.03551573306322098,0.06080516055226326,0.002100543351843953,-0.014436013996601105,True,Right,0.7518110275268555
vid4,1,33,12,0.5790431499481201,0.7263455986976624,-0.042472485452890396,0.08948047459125519,0.005265727173537016,-0.018553614616394043,True,Right,0.7518110275268555
vid4,1,33,13,0.4108080565929413,0.6978486776351929,-0.03438309207558632,-0.004156582523137331,0.00017137227405328304,-0.017158612608909607,True,Right,0.7518110275268555
vid4,1,33,14,0.4816368818283081,0.7165611386299133,-0.04601762443780899,0.02274525910615921,0.0038690550718456507,-0.024493101984262466,True,Right,0.7518110275268555
vid4,1,33,15,0.5259463787078857,0.7294794321060181,-0.05166669562458992,0.04751552268862724,0.007287836167961359,-0.03321892023086548,True,Right,0.7518110275268555
vid4,1,33,16,0.5630404949188232,0.7348881959915161,-0.05699365958571434,0.07385005056858063,0.009667843580245972,-0.036681339144706726,True,Right,0.7518110275268555
vid4,1,33,17,0.395146906375885,0.7224881649017334,-0.05494695529341698,-0.019823389127850533,0.005121661815792322,-0.029051408171653748,True,Right,0.7518110275268555
vid4,1,33,18,0.4415069818496704,0.7350625395774841,-0.06640069931745529,-0.0009529756498523057,0.008274491876363754,-0.037227656692266464,True,Right,0.7518110275268555
vid4,1,33,19,0.47523683309555054,0.7411068081855774,-0.07101161032915115,0.02027173526585102,0.011845475062727928,-0.042390599846839905,True,Right,0.7518110275268555
vid4,1,33,20,0.5047997236251831,0.7461349368095398,-0.07507570087909698,0.039438702166080475,0.013100925832986832,-0.04776308685541153,True,Right,0.7518110275268555
vid4,2,67,0,0.28067120909690857,0.6580259203910828,1.2760568779413006e-07,-0.08806517720222473,-0.01145343016833067,0.014877866953611374,True,Right,0.7997751235961914
vid4,2,67,1,0.33345380425453186,0.6757602691650391,0.02087782882153988,-0.06044882908463478,-0.00441877543926239,0.0342140756547451,True,Right,0.7997751235961914
vid4,2,67,2,0.38946887850761414,0.6959483027458191,0.025136515498161316,-0.03097892552614212,0.003960227593779564,0.055950745940208435,True,Right,0.7997751235961914
vid4,2,67,3,0.42848578095436096,0.7162483334541321,0.022568777203559875,-0.0008453007321804762,0.007009321823716164,0.06961596757173538,True,Right,0.7997751235961914
vid4,2,67,4,0.46192389726638794,0.730394184589386,0.01867569051682949,0.021199030801653862,0.007709899451583624,0.07989351451396942,True,Right,0.7997751235961914
vid4,2,67,5,0.42124199867248535,0.6827901601791382,0.011209892109036446,0.006350873038172722,-0.0035846258979290724,0.025392252951860428,True,Right,0.7997751235961914
vid4,2,67,6,0.48298943042755127,0.7062073945999146,-0.00016751611838117242,0.031865302473306656,0.00273317564278841,0.021486550569534302,True,Right,0.7997751235961914
vid4,2,67,7,0.5255745053291321,0.718019962310791,-0.008367303758859634,0.05299101769924164,0.006933116819709539,0.02041555941104889,True,Right,0.7997751235961914
vid4,2,67,8,0.5587518811225891,0.7277565598487854,-0.014922377653419971,0.07911152392625809,0.010824751108884811,0.003271438181400299,True,Right,0.7997751235961914
vid4,2,67,9,0.4195975363254547,0.6854523420333862,-0.011630038730800152,0.004587957169860601,-0.003018897259607911,0.004864305257797241,True,Right,0.7997751235961914
vid4,2,67,10,0.48967283964157104,0.7048133015632629,-0.02563779056072235,0.036849331110715866,0.003151903860270977,-0.005398109555244446,True,Right,0.7997751235961914
vid4,2,67,11,0.5382729768753052,0.7191193103790283,-0.03574421629309654,0.061595261096954346,0.002706168917939067,-0.014063723385334015,True,Right,0.7997751235961914
vid4,2,67,12,0.5776718854904175,0.7282508015632629,-0.042856842279434204,0.09276743978261948,0.006860454101115465,-0.01755806803703308,True,Right,0.7997751235961914
vid4,2,67,13,0.4109370708465576,0.6963098645210266,-0.03390118107199669,-0.002868841402232647,0.0003607440448831767,-0.017408296465873718,True,Right,0.7997751235961914
vid4,2,67,14,0.48100709915161133,0.7151838541030884,-0.04636339843273163,0.02363118901848793,0.004814180079847574,-0.02454426884651184,True,Right,0.7997751235961914
vid4,2,67,15,0.5255760550498962,0.7283491492271423,-0.05312300845980644,0.04933210462331772,0.007971738465130329,-0.03450743854045868,True,Right,0.7997751235961914
vid4,2,67,16,0.5630911588668823,0.7349448800086975,-0.05870753154158592,0.0771334320306778,0.010082075372338295,-0.03739725053310394,True,Right,0.7997751235961914
vid4,2,67,17,0.39695024490356445,0.7203820943832397,-0.05478164553642273,-0.018066952005028725,0.005292179528623819,-0.029601261019706726,True,Right,0.7997751235961914
vid4,2,67,18,0.44336146116256714,0.7328099608421326,-0.06705895811319351,-2.285523441969417e-05,0.008257823064923286,-0.037906818091869354,True,Right,0.7997751235961914
vid4,2,67,19,0.476831316947937,0.7389177680015564,-0.07229980081319809,0.022275516763329506,0.012542936950922012,-0.043235525488853455,True,Right,0.7997751235961914
vid4,2,67,20,0.5061471462249756,0.7446402311325073,-0.07642801851034164,0.04181620478630066,0.013882174156606197,-0.04765116423368454,True,Right,0.7997751235961914
vid4,3,100,0,0.2810908257961273,0.6674380302429199,1.629002639447208e-07,-0.08551982790231705,-0.009606395848095417,0.01663321629166603,True,Right,0.7537559270858765
vid4,3,100,1,0.33123287558555603,0.6744334101676941,0.012753553688526154,-0.05878841131925583,-0.004840690176934004,0.03417570888996124,True,Right,0.7537559270858765
vid4,3,100,2,0.3877919316291809,0.6946094632148743,0.014658249914646149,-0.02969110757112503,0.0034916361328214407,0.05275137722492218,True,Right,0.7537559270858765
vid4,3,100,3,0.42851942777633667,0.7150459289550781,0.011332868598401546,-0.00012133872223785147,0.005436405539512634,0.06348006427288055,True,Right,0.7537559270858765
vid4,3,100,4,0.4635502099990845,0.726446807384491,0.007268751040101051,0.022358322516083717,0.005324723199009895,0.07086753845214844,True,Right,0.7537559270858765
vid4,3,100,5,0.4195709526538849,0.6828335523605347,0.00705479783937335,0.005919438786804676,-0.004351860377937555,0.02439536154270172,True,Right,0.7537559270858765
vid4,3,100,6,0.4812319874763489,0.7015888690948486,-0.005058241542428732,0.030942806974053383,0.00047218750114552677,0.020422086119651794,True,Right,0.7537559270858765
vid4,3,100,7,0.5238966345787048,0.7114726901054382,-0.014219087548553944,0.052134424448013306,0.00395639892667532,0.020654112100601196,True,Right,0.7537559270858765
vid4,3,100,8,0.5573201179504395,0.7202181220054626,-0.02128239907324314,0.07869181782007217,0.007132077589631081,0.005458034574985504,True,Right,0.7537559270858765
vid4,3,100,9,0.4192104637622833,0.6885984539985657,-0.01144974585622549,0.004508976824581623,-0.003197652520611882,0.004744218662381172,True,Right,0.7537559270858765
vid4,3,100,10,0.4876549243927002,0.7035169005393982,-0.025837238878011703,0.03587271645665169,0.0023202516604214907,-0.004041567444801331,True,Right,0.7537559270858765
vid4,3,100,11,0.5364537239074707,0.7147766351699829,-0.0372355580329895,0.060936473309993744,0.001515952288173139,-0.010804429650306702,True,Right,0.7537559270858765
vid4,3,100,12,0.5760882496833801,0.7221056818962097,-0.04506567865610123,0.09280535578727722,0.003976312931627035,-0.013001412153244019,True,Right,0.7537559270858765
vid4,3,100,13,0.4116036593914032,0.7014926671981812,-0.030033603310585022,-0.0023474902845919132,0.0006995865260250866,-0.01662733405828476,True,Right,0.7537559270858765
vid4,3,100,14,0.4789770841598511,0.7181794047355652,-0.04279371351003647,0.023176057264208794,0.005100885406136513,-0.023130949586629868,True,Right,0.7537559270858765
vid4,3,100,15,0.5235898494720459,0.729010283946991,-0.050301600247621536,0.049022361636161804,0.00785199087113142,-0.030851751565933228,True,Right,0.7537559270858765
vid4,3,100,16,0.5611609816551208,0.7331147193908691,-0.0560055635869503,0.07653556019067764,0.009530781768262386,-0.0320342555642128,True,Right,0.7537559270858765
vid4,3,100,17,0.3976376950740814,0.7255638241767883,-0.047945987433195114,-0.017089011147618294,0.006273707840591669,-0.028637558221817017,True,Right,0.7537559270858765
vid4,3,100,18,0.4437064826488495,0.7362698912620544,-0.05976424738764763,0.0006590445409528911,0.008976126089692116,-0.03531514108181,True,Right,0.7537559270858765
vid4,3,100,19,0.477350652217865,0.7402201890945435,-0.06470818817615509,0.02255396544933319,0.012331603094935417,-0.04008781909942627,True,Right,0.7537559270858765
vid4,3,100,20,0.506951630115509,0.7432462573051453,-0.06834400445222855,0.0424923412501812,0.013621834106743336,-0.0447918176651001,True,Right,0.7537559270858765
vid4,4,133,0,0.2862666845321655,0.6632886528968811,1.7685921704924112e-07,-0.08570852130651474,-0.009275013580918312,0.016695626080036163,True,Right,0.7554910182952881
vid4,4,133,1,0.33832037448883057,0.6722866892814636,0.015239599160850048,-0.059212688356637955,-0.005407495889812708,0.0356135219335556,True,Right,0.7554910182952881
vid4,4,133,2,0.3952692151069641,0.6907202005386353,0.01744556427001953,-0.028970573097467422,0.002822782378643751,0.05363571643829346,True,Right,0.7554910182952881
vid4,4,133,3,0.43535876274108887,0.7120491862297058,0.013828271999955177,0.0014361981302499771,0.004965590313076973,0.06475357711315155,True,Right,0.7554910182952881
vid4,4,133,4,0.46975937485694885,0.7250030040740967,0.009097290225327015,0.023986823856830597,0.006238320842385292,0.06888188421726227,True,Right,0.7554910182952881
vid4,4,133,5,0.42262110114097595,0.6817160844802856,0.007346739526838064,0.006127563770860434,-0.0053639281541109085,0.02496308460831642,True,Right,0.7554910182952881
vid4,4,133,6,0.4837579131126404,0.7027474641799927,-0.005670978222042322,0.030975446105003357,0.001170433941297233,0.020838171243667603,True,Right,0.7554910182952881
vid4,4,133,7,0.5269734859466553,0.7134883999824524,-0.01538839004933834,0.05252888426184654,0.0046086059883236885,0.019262127578258514,True,Right,0.7554910182952881
vid4,4,133,8,0.5612422823905945,0.7217478156089783,-0.02286376990377903,0.07943905144929886,0.008414186537265778,0.0038473010063171387,True,Right,0.7554910182952881
vid4,4,133,9,0.42121246457099915,0.6862829923629761,-0.012897690758109093,0.004432838410139084,-0.0033438648097217083,0.004755573347210884,True,Right,0.7554910182952881
vid4,4,133,10,0.4895896911621094,0.7031667828559875,-0.02773156389594078,0.03557877987623215,0.0027906985487788916,-0.004645928740501404,True,Right,0.7554910182952881
vid4,4,133,11,0.5391077995300293,0.7147338390350342,-0.039451003074645996,0.06141689047217369,0.00236941478215158,-0.011321976780891418,True,Right,0.7554910182952881
vid4,4,133,12,0.5802631378173828,0.7213732004165649,-0.047784678637981415,0.09379811584949493,0.0037071015685796738,-0.01584327220916748,True,Right,0.7554910182952881
vid4,4,133,13,0.41347140073776245,0.6984059810638428,-0.03298334404826164,-0.003084259107708931,0.0008560121641494334,-0.016785629093647003,True,Right,0.7554910182952881
vid4,4,133,14,0.48111993074417114,0.716235339641571,-0.04629971459507942,0.0227329321205616,0.005837657023221254,-0.022897280752658844,True,Right,0.7554910182952881
vid4,4,133,15,0.5258715152740479,0.7276313900947571,-0.054726697504520416,0.04934576898813248,0.008611990138888359,-0.03193692862987518,True,Right,0.7554910182952881
vid4,4,133,16,0.5642222762107849,0.7315812706947327,-0.06133098527789116,0.07724065333604813,0.009625967592000961,-0.03469006344676018,True,Right,0.7554910182952881
vid4,4,133,17,0.4006444215774536,0.7231302857398987,-0.05215952917933464,-0.017713936045765877,0.006937362719327211,-0.027445942163467407,True,Right,0.7554910182952881
vid4,4,133,18,0.4457806646823883,0.7365608811378479,-0.06486877799034119,0.0001390378747601062,0.010481372475624084,-0.03543359041213989,True,Right,0.7554910182952881
vid4,4,133,19,0.4781079888343811,0.7416628003120422,-0.07079027593135834,0.02143392153084278,0.014476999640464783,-0.04026028513908386,True,Right,0.7554910182952881
vid4,4,133,20,0.5069065093994141,0.7451841831207275,-0.07535449415445328,0.0416923351585865,0.014615600928664207,-0.044286295771598816,True,Right,0.7554910182952881
vid4,5,167,0,0.27666178345680237,0.6607397794723511,1.6708206374005385e-07,-0.08670800924301147,-0.010507337749004364,0.013097971677780151,True,Right,0.8160369396209717
vid4,5,167,1,0.32440921664237976,0.6739356517791748,0.01236817892640829,-0.06073584035038948,-0.004925964400172234,0.03326653316617012,True,Right,0.8160369396209717
vid4,5,167,2,0.3812856674194336,0.6949442625045776,0.01375589333474636,-0.030902402475476265,0.00457001943141222,0.05363243818283081,True,Right,0.8160369396209717
vid4,5,167,3,0.42039814591407776,0.7171720862388611,0.009627344086766243,-0.0016891031991690397,0.007296036463230848,0.0671054869890213,True,Right,0.8160369396209717
vid4,5,167,4,0.45399975776672363,0.735191285610199,0.004601481836289167,0.0203749667853117,0.009094602428376675,0.07655714452266693,True,Right,0.8160369396209717
vid4,5,167,5,0.411127507686615,0.6804893016815186,0.0064918771386146545,0.003619986353442073,-0.004775856621563435,0.025884117931127548,True,Right,0.8160369396209717
vid4,5,167,6,0.4725305140018463,0.7018024921417236,-0.007270210422575474,0.029474256560206413,0.0015594098949804902,0.023692861199378967,True,Right,0.8160369396209717
vid4,5,167,7,0.5163277387619019,0.7144597172737122,-0.017768366262316704,0.052575744688510895,0.004764646757394075,0.023810114711523056,True,Right,0.8160369396209717
vid4,5,167,8,0.5507229566574097,0.7243096828460693,-0.025643881410360336,0.08038078248500824,0.009201803244650364,0.010002143681049347,True,Right,0.8160369396209717
vid4,5,167,9,0.4118098020553589,0.6846495866775513,-0.012418865226209164,0.004156326409429312,-0.003784911008551717,0.00495508685708046,True,Right,0.8160369396209717
vid4,5,167,10,0.4817148745059967,0.7006897330284119,-0.028241675347089767,0.03667648509144783,0.002572777681052685,-0.0023246705532073975,True,Right,0.8160369396209717
vid4,5,167,11,0.5326695442199707,0.71306312084198,-0.041071295738220215,0.06347258388996124,0.0016517642652615905,-0.007149688899517059,True,Right,0.8160369396209717
vid4,5,167,12,0.5750910043716431,0.7207279205322266,-0.04985981062054634,0.09823249280452728,0.005162162706255913,-0.0074343085289001465,True,Right,0.8160369396209717
vid4,5,167,13,0.40625619888305664,0.6978704929351807,-0.03147704526782036,-0.0015985401114448905,0.001849606866016984,-0.017367064952850342,True,Right,0.8160369396209717
vid4,5,167,14,0.47488731145858765,0.714096188545227,-0.045274149626493454,0.0254007987678051,0.005760121624916792,-0.021877460181713104,True,Right,0.8160369396209717
vid4,5,167,15,0.5208134651184082,0.7250032424926758,-0.05457397922873497,0.05196645110845566,0.008422620594501495,-0.028261542320251465,True,Right,0.8160369396209717
vid4,5,167,16,0.5597403049468994,0.7297472357749939,-0.0613701194524765,0.08177844434976578,0.009887154214084148,-0.029439661651849747,True,Right,0.8160369396209717
vid4,5,167,17,0.3959166407585144,0.7235583662986755,-0.04994993284344673,-0.014819547533988953,0.0073347571305930614,-0.029488831758499146,True,Right,0.8160369396209717
vid4,5,167,18,0.4425145983695984,0.7357560396194458,-0.0619630329310894,0.0028942981734871864,0.009620477445423603,-0.035535771399736404,True,Right,0.8160369396209717
vid4,5,167,19,0.4756276309490204,0.7407119870185852,-0.06784139573574066,0.024610772728919983,0.014713599346578121,-0.0385412722826004,True,Right,0.8160369396209717
vid4,5,167,20,0.5048141479492188,0.7451982498168945,-0.07228701561689377,0.04580044001340866,0.0162272397428751,-0.041760094463825226,True,Right,0.8160369396209717
vid4,6,200,0,0.28228646516799927,0.6606822609901428,1.9650333626941574e-07,-0.08573000878095627,-0.010770488530397415,0.01404476910829544,True,Right,0.7690192461013794
vid4,6,200,1,0.3338187634944916,0.6655845046043396,0.01522965356707573,-0.05944306030869484,-0.008055503480136395,0.0347045361995697,True,Right,0.7690192461013794
vid4,6,200,2,0.3895941972732544,0.6847008466720581,0.017691057175397873,-0.029876625165343285,0.0008379707578569651,0.05408310890197754,True,Right,0.7690192461013794
vid4,6,200,3,0.4284796714782715,0.7073647975921631,0.014253365807235241,0.0004478050395846367,0.0036898490507155657,0.06786596029996872,True,Right,0.7690192461013794
vid4,6,200,4,0.46183788776397705,0.7237952947616577,0.009578105993568897,0.023271935060620308,0.005726075731217861,0.07578179240226746,True,Right,0.7690192461013794
vid4,6,200,5,0.41741427779197693,0.6803699135780334,0.006891955621540546,0.005564673338085413,-0.005583939608186483,0.025841761380434036,True,Right,0.7690192461013794
vid4,6,200,6,0.48041582107543945,0.7016078233718872,-0.006661344785243273,0.0317741297185421,0.0009783137356862426,0.022681310772895813,True,Right,0.7690192461013794
vid4,6,200,7,0.5262701511383057,0.7124314308166504,-0.01642708294093609,0.05522998794913292,0.003640128765255213,0.02155730128288269,True,Right,0.7690192461013794
vid4,6,200,8,0.5628464818000793,0.7205454111099243,-0.023849034681916237,0.08355604112148285,0.008301674388349056,0.007453754544258118,True,Right,0.7690192461013794
vid4,6,200,9,0.4163159728050232,0.6856525540351868,-0.01339093130081892,0.0045133326202631,-0.003200642531737685,0.0051781125366687775,True,Right,0.7690192461013794
vid4,6,200,10,0.4860517978668213,0.7029057741165161,-0.029329562559723854,0.036469556391239166,0.002865550573915243,-0.0035370439291000366,True,Right,0.7690192461013794
vid4,6,200,11,0.5368165969848633,0.7142517566680908,-0.041773829609155655,0.06321658939123154,0.0023056657519191504,-0.008439071476459503,True,Right,0.7690192461013794
vid4,6,200,12,0.5798820853233337,0.7207058072090149,-0.050334587693214417,0.09632379561662674,0.0037968894466757774,-0.011593848466873169,True,Right,0.7690192461013794
vid4,6,200,13,0.4092308580875397,0.6978921294212341,-0.03339007496833801,-0.0030778595246374607,0.001176705351099372,-0.01712319254875183,True,Right,0.7690192461013794
vid4,6,200,14,0.4767484962940216,0.7149065732955933,-0.047699276357889175,0.023704951629042625,0.005932994186878204,-0.022925958037376404,True,Right,0.7690192461013794
vid4,6,200,15,0.5228246450424194,0.7244341969490051,-0.05698215216398239,0.050791554152965546,0.007954835891723633,-0.03133019804954529,True,Right,0.7690192461013794
vid4,6,200,16,0.5630928874015808,0.726553738117218,-0.06380471587181091,0.07967375218868256,0.008085649460554123,-0.035076599568128586,True,Right,0.7690192461013794
vid4,6,200,17,0.39721250534057617,0.721811056137085,-0.05242365598678589,-0.01739157922565937,0.0067442054860293865,-0.02870754897594452,True,Right,0.7690192461013794
vid4,6,200,18,0.4435935914516449,0.7341011166572571,-0.0655059665441513,0.0013779329601675272,0.009759839624166489,-0.03584421053528786,True,Right,0.7690192461013794
vid4,6,200,19,0.47635892033576965,0.7382211685180664,-0.07165426015853882,0.022813813760876656,0.013681896030902863,-0.04026727378368378,True,Right,0.7690192461013794
vid4,6,200,20,0.5059640407562256,0.7413654327392578,-0.07619726657867432,0.04441341757774353,0.013275437988340855,-0.04508146643638611,True,Right,0.7690192461013794
vid4,7,233,0,0.2796155512332916,0.6651841998100281,1.8201797047368018e-07,-0.08658713102340698,-0.010256139561533928,0.01371534913778305,True,Right,0.7808380126953125
vid4,7,233,1,0.3289436995983124,0.6730611324310303,0.012965959496796131,-0.059829361736774445,-0.006285888142883778,0.032360922545194626,True,Right,0.7808380126953125
vid4,7,233,2,0.38343101739883423,0.6932493448257446,0.014227557927370071,-0.031085185706615448,0.0028797511477023363,0.05184614658355713,True,Right,0.7808380126953125
vid4,7,233,3,0.4221656024456024,0.7128134369850159,0.009892945177853107,-0.0018073329702019691,0.005180907901376486,0.0650489404797554,True,Right,0.7808380126953125
vid4,7,233,4,0.4564613699913025,0.724617600440979,0.004802011884748936,0.02042737416923046,0.005299367941915989,0.07400067150592804,True,Right,0.7808380126953125
vid4,7,233,5,0.41647443175315857,0.6809374094009399,0.008317744359374046,0.005162115674465895,-0.0049164388328790665,0.024989739060401917,True,Right,0.7808380126953125
vid4,7,233,6,0.4778410792350769,0.6988527178764343,-0.004716141615062952,0.031163835898041725,-0.00037258138763718307,0.022467568516731262,True,Right,0.7808380126953125
vid4,7,233,7,0.5207533836364746,0.7095725536346436,-0.014809636399149895,0.05270432308316231,0.0027601399924606085,0.022291142493486404,True,Right,0.7808380126953125
vid4,7,233,8,0.5543636083602905,0.7188624143600464,-0.02236226387321949,0.0793713703751564,0.006401784252375364,0.007780253887176514,True,Right,0.7808380126953125
vid4,7,233,9,0.4165743589401245,0.6875984072685242,-0.010999214835464954,0.004204323049634695,-0.0034540616907179356,0.005010100081562996,True,Right,0.7808380126953125
vid4,7,233,10,0.48575183749198914,0.7006707787513733,-0.026352906599640846,0.037063490599393845,0.0020705789793282747,-0.002483651041984558,True,Right,0.7808380126953125
vid4,7,233,11,0.5357289910316467,0.712425708770752,-0.03898468241095543,0.06268610060214996,0.0007950242143124342,-0.007805235683917999,True,Right,0.7808380126953125
vid4,7,233,12,0.576551616191864,0.7200047969818115,-0.047469254583120346,0.09512653946876526,0.003133483463898301,-0.008362025022506714,True,Right,0.7808380126953125
vid4,7,233,13,0.4096583127975464,0.7018121480941772,-0.030482163652777672,-0.002113141119480133,0.0016446994850412011,-0.016781531274318695,True,Right,0.7808380126953125
vid4,7,233,14,0.4773615300655365,0.717059314250946,-0.04402739554643631,0.024000655859708786,0.005781042389571667,-0.0221325121819973,True,Right,0.7808380126953125
vid4,7,233,15,0.5227758288383484,0.727584958076477,-0.0525703951716423,0.05069737508893013,0.008044457994401455,-0.028824523091316223,True,Right,0.7808380126953125
vid4,7,233,16,0.5612598657608032,0.7311682105064392,-0.058716680854558945,0.07881459593772888,0.009142530150711536,-0.028923053294420242,True,Right,0.7808380126953125
vid4,7,233,17,0.3966658115386963,0.7279913425445557,-0.04927453026175499,-0.01646549254655838,0.007933609187602997,-0.02872370183467865,True,Right,0.7808380126953125
vid4,7,233,18,0.44317424297332764,0.7375207543373108,-0.06132800504565239,0.0012561498442664742,0.00988098606467247,-0.0351281575858593,True,Right,0.7808380126953125
vid4,7,233,19,0.4765017330646515,0.741066575050354,-0.06638550758361816,0.023257683962583542,0.013528979383409023,-0.03848160803318024,True,Right,0.7808380126953125
vid4,7,233,20,0.5060306191444397,0.7433823943138123,-0.06994836777448654,0.04365239292383194,0.014333141036331654,-0.042555250227451324,True,Right,0.7808380126953125
vid4,8,267,0,0.28268542885780334,0.6625739336013794,1.9216751923067932e-07,-0.0852382704615593,-0.009068467654287815,0.015744302421808243,True,Right,0.752307116985321
vid4,8,267,1,0.33343303203582764,0.6668405532836914,0.013313759118318558,-0.05934198573231697,-0.006296953186392784,0.03505106642842293,True,Right,0.752307116985321
vid4,8,267,2,0.39071059226989746,0.6849498748779297,0.015090597793459892,-0.028886236250400543,0.0019993912428617477,0.05326978862285614,True,Right,0.752307116985321
vid4,8,267,3,0.43059784173965454,0.7067916989326477,0.011440061964094639,0.0008232327527366579,0.003930530045181513,0.06414370238780975,True,Right,0.752307116985321
vid4,8,267,4,0.4645976424217224,0.721400797367096,0.006884043104946613,0.023042339831590652,0.005399227142333984,0.06859873235225677,True,Right,0.752307116985321
vid4,8,267,5,0.41870447993278503,0.676228940486908,0.005802346859127283,0.005351669620722532,-0.006285186856985092,0.025097694247961044,True,Right,0.752307116985321
vid4,8,267,6,0.4804668724536896,0.698124349117279,-0.00791516900062561,0.03054298646748066,0.0005273454007692635,0.02185150980949402,True,Right,0.752307116985321
vid4,8,267,7,0.5248108506202698,0.7100173830986023,-0.01792178489267826,0.05331325903534889,0.0038502379320561886,0.02133672684431076,True,Right,0.752307116985321
vid4,8,267,8,0.559799075126648,0.7194696664810181,-0.025466451421380043,0.08076705038547516,0.008485505357384682,0.007741972804069519,True,Right,0.752307116985321
vid4,8,267,9,0.41780635714530945,0.6825778484344482,-0.013406260870397091,0.004225872457027435,-0.0034690960310399532,0.004900950938463211,True,Right,0.752307116985321
vid4,8,267,10,0.486770361661911,0.7001174092292786,-0.029115691781044006,0.03563498333096504,0.002597511513158679,-0.00340406596660614,True,Right,0.752307116985321
vid4,8,267,11,0.5371371507644653,0.7128878831863403,-0.04144088923931122,0.06218966469168663,0.00247679534368217,-0.007948599755764008,True,Right,0.752307116985321
vid4,8,267,12,0.5793867707252502,0.7209216952323914,-0.04998940974473953,0.09519721567630768,0.004511610604822636,-0.010184288024902344,True,Right,0.752307116985321
vid4,8,267,13,0.4108763635158539,0.6966237425804138,-0.03257812559604645,-0.0027996953576803207,0.0014964769361540675,-0.016781263053417206,True,Right,0.752307116985321
vid4,8,267,14,0.47818523645401,0.7142434120178223,-0.046697571873664856,0.02330934628844261,0.0064554219134151936,-0.02212052047252655,True,Right,0.752307116985321
vid4,8,267,15,0.5235316753387451,0.7256469130516052,-0.05581362918019295,0.04969105124473572,0.009190931916236877,-0.02970905601978302,True,Right,0.752307116985321
vid4,8,267,16,0.5625917315483093,0.729779064655304,-0.06258217245340347,0.07798365503549576,0.010039771907031536,-0.031860943883657455,True,Right,0.752307116985321
vid4,8,267,17,0.3990641236305237,0.7226687669754028,-0.050978220999240875,-0.016808679327368736,0.007731162942945957,-0.027796030044555664,True,Right,0.752307116985321
vid4,8,267,18,0.4447210729122162,0.7350308895111084,-0.06404656171798706,0.00117673899512738,0.010912373661994934,-0.03498397767543793,True,Right,0.752307116985321
vid4,8,267,19,0.4774862825870514,0.7393585443496704,-0.07040984183549881,0.02240094356238842,0.014759254641830921,-0.03894053399562836,True,Right,0.752307116985321
vid4,8,267,20,0.5068392157554626,0.7429378032684326,-0.07514763623476028,0.04343968629837036,0.014695344492793083,-0.04272960126399994,True,Right,0.752307116985321
vid4,9,300,0,0.2831912338733673,0.6599406599998474,2.0682050205778069e-07,-0.08526497334241867,-0.008774066343903542,0.018731851130723953,True,Right,0.8481377959251404
vid4,9,300,1,0.334676593542099,0.6688157320022583,0.014461260288953781,-0.05816057324409485,-0.004527153447270393,0.03537694737315178,True,Right,0.8481377959251404
vid4,9,300,2,0.3923463225364685,0.6903117895126343,0.015641896054148674,-0.028219249099493027,0.0037697330117225647,0.052900925278663635,True,Right,0.8481377959251404
vid4,9,300,3,0.43252983689308167,0.713212251663208,0.010961908847093582,0.0016582119278609753,0.005996844731271267,0.061629749834537506,True,Right,0.8481377959251404
vid4,9,300,4,0.467446506023407,0.7291481494903564,0.0054092430509626865,0.024075577035546303,0.006776472553610802,0.0657987892627716,True,Right,0.8481377959251404
vid4,9,300,5,0.4187406599521637,0.6769399642944336,0.006723145488649607,0.005871225614100695,-0.0059902905486524105,0.024082347750663757,True,Right,0.8481377959251404
vid4,9,300,6,0.4806540906429291,0.6997604370117188,-0.006360906641930342,0.031228434294462204,0.0008709914400242269,0.020172327756881714,True,Right,0.8481377959251404
vid4,9,300,7,0.5244991183280945,0.7125805020332336,-0.015886077657341957,0.05303815379738808,0.004707294050604105,0.018481895327568054,True,Right,0.8481377959251404
vid4,9,300,8,0.5590132474899292,0.7226935625076294,-0.023010727018117905,0.0801190659403801,0.009824445471167564,0.0026241615414619446,True,Right,0.8481377959251404
vid4,9,300,9,0.4174726903438568,0.6811525225639343,-0.013329653069376945,0.004300071857869625,-0.003702730406075716,0.004265422001481056,True,Right,0.8481377959251404
vid4,9,300,10,0.48573756217956543,0.7001485824584961,-0.028213752433657646,0.03550488501787186,0.002726313192397356,-0.005397573113441467,True,Right,0.8481377959251404
vid4,9,300,11,0.535441517829895,0.7132823467254639,-0.039444975554943085,0.060870129615068436,0.002809318946674466,-0.013540014624595642,True,Right,0.8481377959251404
vid4,9,300,12,0.5762921571731567,0.721278190612793,-0.0471654012799263,0.0936424657702446,0.005923321470618248,-0.016023755073547363,True,Right,0.8481377959251404
vid4,9,300,13,0.4098398983478546,0.6951358914375305,-0.03322369232773781,-0.00312749482691288,0.0016817133873701096,-0.01613679528236389,True,Right,0.8481377959251404
vid4,9,300,14,0.47729623317718506,0.7134525179862976,-0.04546620324254036,0.022643987089395523,0.00624800892546773,-0.023396361619234085,True,Right,0.8481377959251404
vid4,9,300,15,0.5216261744499207,0.7256127595901489,-0.05156714469194412,0.048486948013305664,0.009683344513177872,-0.032120853662490845,True,Right,0.8481377959251404
vid4,9,300,16,0.5592815279960632,0.7312439680099487,-0.05637257546186447,0.07662658393383026,0.011695167981088161,-0.033889107406139374,True,Right,0.8481377959251404
vid4,9,300,17,0.3972133994102478,0.7230846285820007,-0.052493613213300705,-0.017554491758346558,0.008605312556028366,-0.02681344747543335,True,Right,0.8481377959251404
vid4,9,300,18,0.44345518946647644,0.7357853055000305,-0.0627693384885788,-4.5866439904784784e-05,0.01086872536689043,-0.03447419032454491,True,Right,0.8481377959251404
vid4,9,300,19,0.4762369692325592,0.7410217523574829,-0.06615487486124039,0.02166186086833477,0.015242576599121094,-0.03878282010555267,True,Right,0.8481377959251404
vid4,9,300,20,0.5052146315574646,0.7459942698478699,-0.06883016228675842,0.04224848002195358,0.017162110656499863,-0.04294591397047043,True,Right,0.8481377959251404
vid4,10,333,0,0.2803185284137726,0.6574233174324036,1.9463260514385183e-07,-0.08505632728338242,-0.01000745315104723,0.0159536711871624,True,Right,0.7879137992858887
vid4,10,333,1,0.3321520686149597,0.6676069498062134,0.014070224016904831,-0.05891679599881172,-0.0059760636650025845,0.035170916467905045,True,Right,0.7879137992858887
vid4,10,333,2,0.38999804854393005,0.6907033324241638,0.01556022185832262,-0.02828073874115944,0.0033793493639677763,0.05265688896179199,True,Right,0.7879137992858887
vid4,10,333,3,0.43022167682647705,0.7138689756393433,0.011200412176549435,0.0021075434051454067,0.0055001177825033665,0.06358419358730316,True,Right,0.7879137992858887
vid4,10,333,4,0.4647415578365326,0.7314605712890625,0.005858791992068291,0.02488776668906212,0.007587484549731016,0.06856241822242737,True,Right,0.7879137992858887
vid4,10,333,5,0.41540005803108215,0.6801265478134155,0.007163699716329575,0.00535776698961854,-0.005541712511330843,0.025041311979293823,True,Right,0.7879137992858887
vid4,10,333,6,0.4769299626350403,0.7022082805633545,-0.0065081133507192135,0.030853256583213806,0.0006086882785893977,0.02198372781276703,True,Right,0.7879137992858887
vid4,10,333,7,0.5218756198883057,0.7138881683349609,-0.01666690967977047,0.05295795947313309,0.004430792294442654,0.02091798186302185,True,Right,0.7879137992858887
vid4,10,333,8,0.557441234588623,0.7230845093727112,-0.02428973652422428,0.08188499510288239,0.008602452464401722,0.005863294005393982,True,Right,0.7879137992858887
vid4,10,333,9,0.4146862328052521,0.6840865612030029,-0.012855143286287785,0.003985595423728228,-0.003568494226783514,0.0047063808888196945,True,Right,0.7879137992858887
vid4,10,333,10,0.48303547501564026,0.7021996974945068,-0.028503255918622017,0.035951413214206696,0.0031224286649376154,-0.003586187958717346,True,Right,0.7879137992858887
vid4,10,333,11,0.5339415669441223,0.7140992879867554,-0.04071394354104996,0.06229587644338608,0.0024039209820330143,-0.010058179497718811,True,Right,0.7879137992858887
vid4,10,333,12,0.576668381690979,0.7214214205741882,-0.04905262589454651,0.09715188294649124,0.004518099129199982,-0.012143939733505249,True,Right,0.7879137992858887
vid4,10,333,13,0.4075806140899658,0.6973610520362854,-0.03279222920536995,-0.002709511900320649,0.0017809410346671939,-0.016520991921424866,True,Right,0.7879137992858887
vid4,10,333,14,0.47559624910354614,0.7148211598396301,-0.04643760249018669,0.02381850965321064,0.006142361555248499,-0.022874776273965836,True,Right,0.7879137992858887
vid4,10,333,15,0.5212526917457581,0.7252100110054016,-0.05416809394955635,0.05085873603820801,0.008331621997058392,-0.03088441491127014,True,Right,0.7879137992858887
vid4,10,333,16,0.5602452158927917,0.7294942140579224,-0.05975952371954918,0.0801662877202034,0.009739389643073082,-0.03291962295770645,True,Right,0.7879137992858887
vid4,10,333,17,0.39569300413131714,0.7239259481430054,-0.052072953432798386,-0.016548743471503258,0.007519458420574665,-0.0278291255235672,True,Right,0.7879137992858887
vid4,10,333,18,0.44289833307266235,0.7362154722213745,-0.06386756896972656,0.0019515566527843475,0.01001670490950346,-0.034875933080911636,True,Right,0.7879137992858887
vid4,10,333,19,0.4761821925640106,0.7410117983818054,-0.06851360946893692,0.02335749939084053,0.014484971761703491,-0.03898581862449646,True,Right,0.7879137992858887
vid4,10,333,20,0.505630612373352,0.7453930377960205,-0.07189665734767914,0.044443242251873016,0.015186572447419167,-0.04329457879066467,True,Right,0.7879137992858887
vid4,11,367,0,0.28122201561927795,0.6653479933738708,2.0753324747602164e-07,-0.0855308398604393,-0.007652311120182276,0.013416893780231476,True,Right,0.7946992516517639
vid4,11,367,1,0.3313117027282715,0.671953558921814,0.010755146853625774,-0.05961014702916145,-0.005492693744599819,0.034411896020174026,True,Right,0.7946992516517639
vid4,11,367,2,0.3887251913547516,0.6898376941680908,0.011572538875043392,-0.02976069226861,0.003022027900442481,0.05349799990653992,True,Right,0.7946992516517639
vid4,11,367,3,0.4289368987083435,0.7099683880805969,0.0072596268728375435,0.0008288282551802695,0.0042550330981612206,0.06797792762517929,True,Right,0.7946992516517639
vid4,11,367,4,0.4636046290397644,0.7244217395782471,0.002108904765918851,0.02362823486328125,0.006741866935044527,0.07639575004577637,True,Right,0.7946992516517639
vid4,11,367,5,0.41730591654777527,0.6800514459609985,0.004231869708746672,0.004812580533325672,-0.005934400949627161,0.025876015424728394,True,Right,0.7946992516517639
vid4,11,367,6,0.48057782649993896,0.6998708844184875,-0.010839397087693214,0.031094562262296677,0.000393244088627398,0.023636281490325928,True,Right,0.7946992516517639
vid4,11,367,7,0.527301013469696,0.7106013894081116,-0.02174093760550022,0.05498366430401802,0.0028264245484024286,0.02202364057302475,True,Right,0.7946992516517639
vid4,11,367,8,0.5641485452651978,0.7190002799034119,-0.029713867232203484,0.08398780226707458,0.006843893323093653,0.008117318153381348,True,Right,0.7946992516517639
vid4,11,367,9,0.4166603088378906,0.6854614615440369,-0.014047648757696152,0.004420736338943243,-0.003680257359519601,0.005141574889421463,True,Right,0.7946992516517639
vid4,11,367,10,0.4864232540130615,0.7017101645469666,-0.030806858092546463,0.036538317799568176,0.002747824415564537,-0.002191603183746338,True,Right,0.7946992516517639
vid4,11,367,11,0.5372441411018372,0.7136005759239197,-0.043960779905319214,0.06317657232284546,0.0026065874844789505,-0.007130876183509827,True,Right,0.7946992516517639
vid4,11,367,12,0.5808040499687195,0.7212258577346802,-0.0526832677423954,0.097934789955616,0.004202186595648527,-0.009476900100708008,True,Right,0.7946992516517639
vid4,11,367,13,0.4097764194011688,0.6990631818771362,-0.03243935853242874,-0.002316329162567854,0.0014674399280920625,-0.017461419105529785,True,Right,0.7946992516517639
vid4,11,367,14,0.47781726717948914,0.7149878144264221,-0.047766536474227905,0.024104971438646317,0.005971848499029875,-0.022959519177675247,True,Right,0.7946992516517639
vid4,11,367,15,0.5238799452781677,0.7240980267524719,-0.05748007446527481,0.05152023956179619,0.00809149444103241,-0.0307549387216568,True,Right,0.7946992516517639
vid4,11,367,16,0.5642510652542114,0.7266297340393066,-0.06403355300426483,0.08087728917598724,0.009089861996471882,-0.0342530757188797,True,Right,0.7946992516517639
vid4,11,367,17,0.3974745273590088,0.7247976660728455,-0.05027220398187637,-0.01659788191318512,0.007716951426118612,-0.029911696910858154,True,Right,0.7946992516517639
vid4,11,367,18,0.4439167380332947,0.7367582321166992,-0.06371951103210449,0.0017950088949874043,0.011078443378210068,-0.03655679151415825,True,Right,0.7946992516517639
vid4,11,367,19,0.47679224610328674,0.7408995628356934,-0.06972140073776245,0.0227566659450531,0.014493879862129688,-0.04083694517612457,True,Right,0.7946992516517639
vid4,11,367,20,0.5064806342124939,0.743901789188385,-0.07375268638134003,0.044466398656368256,0.014414598233997822,-0.04505328834056854,True,Right,0.7946992516517639
vid4,12,400,0,0.2812516689300537,0.6619530320167542,1.9322637001550902e-07,-0.08585909754037857,-0.009080689400434494,0.01559285819530487,True,Right,0.7756094336509705
vid4,12,400,1,0.3331816494464874,0.6719849109649658,0.014773937873542309,-0.05960094928741455,-0.00514528714120388,0.035353969782590866,True,Right,0.7756094336509705
vid4,12,400,2,0.39015457034111023,0.6911504864692688,0.017096662893891335,-0.029247600585222244,0.0038944841362535954,0.05418829619884491,True,Right,0.7756094336509705
vid4,12,400,3,0.42989417910575867,0.7136550545692444,0.013471289537847042,0.0012600814225152135,0.005761462729424238,0.06641407310962677,True,Right,0.7756094336509705
vid4,12,400,4,0.464102566242218,0.7285628318786621,0.008865405805408955,0.02329951338469982,0.007025332655757666,0.07251527905464172,True,Right,0.7756094336509705
vid4,12,400,5,0.4176739752292633,0.679330587387085,0.00885568093508482,0.005373284686356783,-0.005455664824694395,0.025882285088300705,True,Right,0.7756094336509705
vid4,12,400,6,0.4794730544090271,0.7018544673919678,-0.004335250239819288,0.03087700717151165,0.0013626799918711185,0.023073062300682068,True,Right,0.7756094336509705
vid4,12,400,7,0.5239947438240051,0.7137953639030457,-0.014487509615719318,0.05366036295890808,0.004491311032325029,0.022209778428077698,True,Right,0.7756094336509705
vid4,12,400,8,0.5592653751373291,0.7227960824966431,-0.022227540612220764,0.08164788037538528,0.00870470516383648,0.007339544594287872,True,Right,0.7756094336509705
vid4,12,400,9,0.41688841581344604,0.6848893165588379,-0.011322548612952232,0.004256278742104769,-0.0036449041217565536,0.005011621862649918,True,Right,0.7756094336509705
vid4,12,400,10,0.48562633991241455,0.7019538879394531,-0.02660125307738781,0.03591593727469444,0.002412400208413601,-0.0031715482473373413,True,Right,0.7756094336509705
vid4,12,400,11,0.5364766716957092,0.7138400673866272,-0.03896739333868027,0.06256973743438721,0.002144398633390665,-0.008441783487796783,True,Right,0.7756094336509705
vid4,12,400,12,0.5787717700004578,0.7209343910217285,-0.047606151551008224,0.09627875685691833,0.004004213027656078,-0.010765820741653442,True,Right,0.7756094336509705
vid4,12,400,13,0.41003793478012085,0.6981299519538879,-0.03151199594140053,-0.002653436502441764,0.0011828059796243906,-0.017309337854385376,True,Right,0.7756094336509705
vid4,12,400,14,0.47762244939804077,0.7154577970504761,-0.045064717531204224,0.02368634007871151,0.005949076730757952,-0.023104973137378693,True,Right,0.7756094336509705
vid4,12,400,15,0.5229253768920898,0.7273104190826416,-0.05342811718583107,0.05033419281244278,0.009006359614431858,-0.030195623636245728,True,Right,0.7756094336509705
vid4,12,400,16,0.5615376830101013,0.7320064306259155,-0.059696488082408905,0.07887007296085358,0.010274412110447884,-0.03243047744035721,True,Right,0.7756094336509705
vid4,12,400,17,0.39805111289024353,0.723537266254425,-0.05095147714018822,-0.016928771510720253,0.007363755255937576,-0.029155448079109192,True,Right,0.7756094336509705
vid4,12,400,18,0.44415801763534546,0.7360212206840515,-0.06318030506372452,0.0012330770259723067,0.01023074984550476,-0.03607146069407463,True,Right,0.7756094336509705
vid4,12,400,19,0.4772022068500519,0.7408392429351807,-0.0685320571064949,0.02323906682431698,0.014329172670841217,-0.039985716342926025,True,Right,0.7756094336509705
vid4,12,400,20,0.506481945514679,0.7444256544113159,-0.07258997112512589,0.044139012694358826,0.014743413776159286,-0.04348825663328171,True,Right,0.7756094336509705
vid4,13,433,0,,,,,,,False,,
vid4,13,433,1,,,,,,,False,,
vid4,13,433,2,,,,,,,False,,
vid4,13,433,3,,,,,,,False,,
vid4,13,433,4,,,,,,,False,,
vid4,13,433,5,,,,,,,False,,
vid4,13,433,6,,,,,,,False,,
vid4,13,433,7,,,,,,,False,,
vid4,13,433,8,,,,,,,False,,
vid4,13,433,9,,,,,,,False,,
vid4,13,433,10,,,,,,,False,,
vid4,13,433,11,,,,,,,False,,
vid4,13,433,12,,,,,,,False,,
vid4,13,433,13,,,,,,,False,,
vid4,13,433,14,,,,,,,False,,
vid4,13,433,15,,,,,,,False,,
vid4,13,433,16,,,,,,,False,,
vid4,13,433,17,,,,,,,False,,
vid4,13,433,18,,,,,,,False,,
vid4,13,433,19,,,,,,,False,,
vid4,13,433,20,,,,,,,False,,
vid4,14,467,0,0.26358598470687866,0.6552383899688721,-2.0125781929891673e-07,-0.09107538312673569,-0.010878962464630604,0.010046042501926422,True,Right,0.9209736585617065
vid4,14,467,1,0.3254447281360626,0.6876111626625061,0.036308497190475464,-0.06703698635101318,-0.007671696599572897,0.025543540716171265,True,Right,0.9209736585617065
vid4,14,467,2,0.3818506896495819,0.699539065361023,0.048632290214300156,-0.03786240145564079,0.0020914592314511538,0.04480661451816559,True,Right,0.9209736585617065
vid4,14,467,3,0.42377063632011414,0.7108598351478577,0.05107919126749039,-0.004813828505575657,0.005325088277459145,0.05796368047595024,True,Right,0.9209736585617065
vid4,14,467,4,0.45599114894866943,0.7315412759780884,0.05175530165433884,0.01942879520356655,0.010744980536401272,0.06887617707252502,True,Right,0.9209736585617065
vid4,14,467,5,0.4148370325565338,0.677274763584137,0.02984536625444889,0.004436339717358351,-0.0032589987386018038,0.025245066732168198,True,Right,0.9209736585617065
vid4,14,467,6,0.48142799735069275,0.6991963386535645,0.024379000067710876,0.031199833378195763,0.002759450115263462,0.022373728454113007,True,Right,0.9209736585617065
vid4,14,467,7,0.5256660580635071,0.7099543213844299,0.020895620808005333,0.05612810328602791,0.005188154522329569,0.023214615881443024,True,Right,0.9209736585617065
vid4,14,467,8,0.560316801071167,0.7191776037216187,0.017231395468115807,0.082490473985672,0.0073805442079901695,0.01114257425069809,True,Right,0.9209736585617065
vid4,14,467,9,0.41420894861221313,0.6824511289596558,0.0023825259413570166,0.00545649416744709,-0.001869285129942,0.004267660900950432,True,Right,0.9209736585617065
vid4,14,467,10,0.49011024832725525,0.6998966932296753,-0.008473571389913559,0.0396713986992836,0.0025397944264113903,-0.0008817687630653381,True,Right,0.9209736585617065
vid4,14,467,11,0.539240837097168,0.7135083079338074,-0.01474948599934578,0.0664253905415535,0.0025858962908387184,-0.007297106087207794,True,Right,0.9209736585617065
vid4,14,467,12,0.5783488750457764,0.7224364876747131,-0.019280964508652687,0.09559767693281174,0.009716385044157505,-0.011017844080924988,True,Right,0.9209736585617065
vid4,14,467,13,0.4065221846103668,0.6938785910606384,-0.02386287972331047,-0.0005254038260318339,3.3068459742935374e-05,-0.017373457551002502,True,Right,0.9209736585617065
vid4,14,467,14,0.48227229714393616,0.7117921710014343,-0.03248559311032295,0.028202597051858902,0.0032363717909902334,-0.022663403302431107,True,Right,0.9209736585617065
vid4,14,467,15,0.5294487476348877,0.7217390537261963,-0.03687294200062752,0.05318145826458931,0.00782367680221796,-0.029329955577850342,True,Right,0.9209736585617065
vid4,14,467,16,0.5681002736091614,0.7286753058433533,-0.0411018468439579,0.0811520591378212,0.012380058877170086,-0.031363725662231445,True,Right,0.9209736585617065
vid4,14,467,17,0.390483021736145,0.7204800248146057,-0.04765047878026962,-0.01729186624288559,0.0036755860783159733,-0.029477491974830627,True,Right,0.9209736585617065
vid4,14,467,18,0.44404032826423645,0.7353643178939819,-0.05739780142903328,0.0032278469298034906,0.008971359580755234,-0.03647497296333313,True,Right,0.9209736585617065
vid4,14,467,19,0.4818020462989807,0.7435712218284607,-0.06257270276546478,0.029821565374732018,0.015053801238536835,-0.041517823934555054,True,Right,0.9209736585617065
vid4,14,467,20,0.5145888924598694,0.751766562461853,-0.06698939204216003,0.04895121231675148,0.019586440175771713,-0.04486768692731857,True,Right,0.9209736585617065
vid4,15,500,0,,,,,,,False,,
vid4,15,500,1,,,,,,,False,,
vid4,15,500,2,,,,,,,False,,
vid4,15,500,3,,,,,,,False,,
vid4,15,500,4,,,,,,,False,,
vid4,15,500,5,,,,,,,False,,
vid4,15,500,6,,,,,,,False,,
vid4,15,500,7,,,,,,,False,,
vid4,15,500,8,,,,,,,False,,
vid4,15,500,9,,,,,,,False,,
vid4,15,500,10,,,,,,,False,,
vid4,15,500,11,,,,,,,False,,
vid4,15,500,12,,,,,,,False,,
vid4,15,500,13,,,,,,,False,,
vid4,15,500,14,,,,,,,False,,
vid4,15,500,15,,,,,,,False,,
vid4,15,500,16,,,,,,,False,,
vid4,15,500,17,,,,,,,False,,
vid4,15,500,18,,,,,,,False,,
vid4,15,500,19,,,,,,,False,,
vid4,15,500,20,,,,,,,False,,
vid4,16,533,0,0.26724958419799805,0.6562122702598572,-1.551147903455785e-07,-0.09156900644302368,-0.012622217647731304,0.01399240642786026,True,Right,0.8856296539306641
vid4,16,533,1,0.3277377188205719,0.6816936731338501,0.03079714998602867,-0.06608190387487411,-0.009028775617480278,0.028657283633947372,True,Right,0.8856296539306641
vid4,16,533,2,0.3854980766773224,0.6941770911216736,0.04038534313440323,-0.03592850640416145,0.00043648690916597843,0.047377049922943115,True,Right,0.8856296539306641
vid4,16,533,3,0.42878562211990356,0.7054165005683899,0.041131503880023956,-0.0026670745573937893,0.0037538136821240187,0.0611189641058445,True,Right,0.8856296539306641
vid4,16,533,4,0.46212801337242126,0.723598837852478,0.040180888026952744,0.022598087787628174,0.008128036744892597,0.07118500769138336,True,Right,0.8856296539306641
vid4,16,533,5,0.41830137372016907,0.6788240671157837,0.023548102006316185,0.005529128015041351,-0.0028881127946078777,0.02501043677330017,True,Right,0.8856296539306641
vid4,16,533,6,0.48382648825645447,0.7010358572006226,0.01648823544383049,0.03214835003018379,0.0028866624925285578,0.02151917666196823,True,Right,0.8856296539306641
vid4,16,533,7,0.5273864269256592,0.7119103074073792,0.011732641607522964,0.056575994938611984,0.005701430141925812,0.022376418113708496,True,Right,0.8856296539306641
vid4,16,533,8,0.5618108510971069,0.7205820679664612,0.007266406435519457,0.08319564908742905,0.00783376395702362,0.011011235415935516,True,Right,0.8856296539306641
vid4,16,533,9,0.41715872287750244,0.6842985153198242,-0.0016046665841713548,0.005571604706346989,-0.0016764206811785698,0.004078933969140053,True,Right,0.8856296539306641
vid4,16,533,10,0.49160531163215637,0.7012640833854675,-0.01352741476148367,0.03928811103105545,0.0032060365192592144,-0.0022674500942230225,True,Right,0.8856296539306641
vid4,16,533,11,0.5407019853591919,0.7147849202156067,-0.020965002477169037,0.06652537733316422,0.002849141601473093,-0.009110048413276672,True,Right,0.8856296539306641
vid4,16,533,12,0.5799942016601562,0.7227787375450134,-0.026253951713442802,0.0965060293674469,0.009364873170852661,-0.012616828083992004,True,Right,0.8856296539306641
vid4,16,533,13,0.4085365831851959,0.6948243379592896,-0.025783881545066833,-0.0013776232954114676,0.0002700424229260534,-0.017158716917037964,True,Right,0.8856296539306641
vid4,16,533,14,0.48265400528907776,0.7120662927627563,-0.035442423075437546,0.027056949213147163,0.002818372333422303,-0.02359025552868843,True,Right,0.8856296539306641
vid4,16,533,15,0.5297014117240906,0.7223064303398132,-0.04088980332016945,0.05241477116942406,0.0076165227219462395,-0.030914291739463806,True,Right,0.8856296539306641
vid4,16,533,16,0.568487286567688,0.7286945581436157,-0.045619186013936996,0.08084313571453094,0.01199150737375021,-0.03324665129184723,True,Right,0.8856296539306641
vid4,16,533,17,0.39136773347854614,0.7185153365135193,-0.04784490913152695,-0.01832878775894642,0.0030000966507941484,-0.028602078557014465,True,Right,0.8856296539306641
vid4,16,533,18,0.4440585672855377,0.7338235378265381,-0.058266881853342056,0.0018947444623336196,0.00819318275898695,-0.03648734092712402,True,Right,0.8856296539306641
vid4,16,533,19,0.48179927468299866,0.7427088022232056,-0.06389608234167099,0.028112342581152916,0.014416154474020004,-0.04179973900318146,True,Right,0.8856296539306641
vid4,16,533,20,0.5148041844367981,0.7512550354003906,-0.06845416128635406,0.04794098436832428,0.019023865461349487,-0.04614196717739105,True,Right,0.8856296539306641
vid4,17,567,0,0.27256160974502563,0.663032054901123,1.3147040078820282e-07,-0.08770643174648285,-0.010105927474796772,0.01659640669822693,True,Right,0.7420799732208252
vid4,17,567,1,0.3269604742527008,0.67790687084198,0.02045714482665062,-0.06052451208233833,-0.0038514137268066406,0.035831518471241,True,Right,0.7420799732208252
vid4,17,567,2,0.38496264815330505,0.6987653374671936,0.024287285283207893,-0.030720075592398643,0.003716604085639119,0.055715471506118774,True,Right,0.7420799732208252
vid4,17,567,3,0.4264757037162781,0.7197471261024475,0.02132435515522957,-0.0009100393508560956,0.007473381701856852,0.06781947612762451,True,Right,0.7420799732208252
vid4,17,567,4,0.4621700048446655,0.7333489060401917,0.017225831747055054,0.022523226216435432,0.007405650336295366,0.07667756080627441,True,Right,0.7420799732208252
vid4,17,567,5,0.41880491375923157,0.6842700839042664,0.01133456826210022,0.007283579092472792,-0.003072672290727496,0.025657586753368378,True,Right,0.7420799732208252
vid4,17,567,6,0.4834994077682495,0.7064833045005798,0.0009052196983247995,0.03220256045460701,0.0021053270902484655,0.02112215757369995,True,Right,0.7420799732208252
vid4,17,567,7,0.5265558958053589,0.7173933982849121,-0.0065973978489637375,0.05261875316500664,0.005883564241230488,0.020847242325544357,True,Right,0.7420799732208252
vid4,17,567,8,0.5608778595924377,0.7271127700805664,-0.012933211401104927,0.07958472520112991,0.01029965654015541,0.006116271018981934,True,Right,0.7420799732208252
vid4,17,567,9,0.417438268661499,0.6876009702682495,-0.011391154490411282,0.005111740902066231,-0.0027221969794481993,0.004722174257040024,True,Right,0.7420799732208252
vid4,17,567,10,0.4892307221889496,0.7057148814201355,-0.024774018675088882,0.036523543298244476,0.002717992290854454,-0.005423411726951599,True,Right,0.7420799732208252
vid4,17,567,11,0.5379190444946289,0.7190459370613098,-0.03411635756492615,0.060938723385334015,0.002534169238060713,-0.01313050091266632,True,Right,0.7420799732208252
vid4,17,567,12,0.5775708556175232,0.727678120136261,-0.040883082896471024,0.09119036048650742,0.006174981594085693,-0.016467928886413574,True,Right,0.7420799732208252
vid4,17,567,13,0.4085977077484131,0.6981940269470215,-0.03364548087120056,-0.0031260547693818808,-2.9770128094241954e-05,-0.01746942102909088,True,Right,0.7420799732208252
vid4,17,567,14,0.4797894358634949,0.7164189219474792,-0.044829122722148895,0.02306092530488968,0.0042206235229969025,-0.02426285669207573,True,Right,0.7420799732208252
vid4,17,567,15,0.5250076055526733,0.7296287417411804,-0.050298579037189484,0.04890783876180649,0.007103647105395794,-0.033207327127456665,True,Right,0.7420799732208252
vid4,17,567,16,0.5630935430526733,0.7356371879577637,-0.05546528846025467,0.07621048390865326,0.010044715367257595,-0.035465680062770844,True,Right,0.7420799732208252
vid4,17,567,17,0.3938984274864197,0.7221125960350037,-0.054695528000593185,-0.018475951626896858,0.004758303984999657,-0.029739588499069214,True,Right,0.7420799732208252
vid4,17,567,18,0.441828191280365,0.7343575954437256,-0.06553288549184799,0.00020720771863125265,0.007894444279372692,-0.037388406693935394,True,Right,0.7420799732208252
vid4,17,567,19,0.47642362117767334,0.7394453287124634,-0.06979940086603165,0.022058269008994102,0.011443465016782284,-0.04205004870891571,True,Right,0.7420799732208252
vid4,17,567,20,0.5068012475967407,0.7434245347976685,-0.07358301430940628,0.0417625866830349,0.013064445927739143,-0.047232769429683685,True,Right,0.7420799732208252
vid4,18,600,0,0.28069543838500977,0.6652197241783142,2.2100709884398384e-07,-0.0859207957983017,-0.010086938738822937,0.0182625874876976,True,Right,0.6681698560714722
vid4,18,600,1,0.331753671169281,0.6604630947113037,0.011911459267139435,-0.058449190109968185,-0.007831588387489319,0.03471050038933754,True,Right,0.6681698560714722
vid4,18,600,2,0.38839778304100037,0.6733867526054382,0.012259100563824177,-0.029289234429597855,-0.002216991502791643,0.05353003740310669,True,Right,0.6681698560714722
vid4,18,600,3,0.4299008846282959,0.6905894875526428,0.007583584636449814,-0.0004118650977034122,-0.0013016422744840384,0.0648065060377121,True,Right,0.6681698560714722
vid4,18,600,4,0.46614181995391846,0.7000803351402283,0.002066698856651783,0.0226362906396389,-0.0017210670048370957,0.07220020890235901,True,Right,0.6681698560714722
vid4,18,600,5,0.42264461517333984,0.6743173599243164,0.004395835101604462,0.0074608963914215565,-0.0054681748151779175,0.024186525493860245,True,Right,0.6681698560714722
vid4,18,600,6,0.48681455850601196,0.6961959004402161,-0.008289257995784283,0.032418858259916306,-0.0001723010209389031,0.020084768533706665,True,Right,0.6681698560714722
vid4,18,600,7,0.5292622447013855,0.7077559232711792,-0.01764882728457451,0.05398457497358322,0.00326295243576169,0.020509865134954453,True,Right,0.6681698560714722
vid4,18,600,8,0.5627390742301941,0.7184063196182251,-0.024897722527384758,0.07952074706554413,0.008079307153820992,0.007013052701950073,True,Right,0.6681698560714722
vid4,18,600,9,0.42128634452819824,0.6837065815925598,-0.014146917499601841,0.004937696736305952,-0.0031417899299412966,0.004892019554972649,True,Right,0.6681698560714722
vid4,18,600,10,0.49249809980392456,0.7022246718406677,-0.02910356968641281,0.036645278334617615,0.002363993553444743,-0.00458921492099762,True,Right,0.6681698560714722
vid4,18,600,11,0.5416384935379028,0.7153317332267761,-0.0405740886926651,0.06149506941437721,0.0021106719505041838,-0.010875493288040161,True,Right,0.6681698560714722
vid4,18,600,12,0.5810171961784363,0.7241193652153015,-0.048611462116241455,0.09174541383981705,0.005051182582974434,-0.011223912239074707,True,Right,0.6681698560714722
vid4,18,600,13,0.4121607542037964,0.6987768411636353,-0.0327947661280632,-0.0035441662184894085,0.0015134226996451616,-0.016391880810260773,True,Right,0.6681698560714722
vid4,18,600,14,0.48079830408096313,0.7186682820320129,-0.04552330821752548,0.02248292788863182,0.006038014777004719,-0.022762347012758255,True,Right,0.6681698560714722
vid4,18,600,15,0.5258684158325195,0.7306915521621704,-0.0528966449201107,0.0477675199508667,0.008849590085446835,-0.030055642127990723,True,Right,0.6681698560714722
vid4,18,600,16,0.5638303160667419,0.7348470687866211,-0.05891109257936478,0.07393728196620941,0.009153326973319054,-0.031018689274787903,True,Right,0.6681698560714722
vid4,18,600,17,0.3963184356689453,0.7245163917541504,-0.05078050121665001,-0.01875445432960987,0.00727713480591774,-0.027300119400024414,True,Right,0.6681698560714722
vid4,18,600,18,0.44277727603912354,0.7371729612350464,-0.0626848042011261,-0.001246926374733448,0.010140372440218925,-0.03443673998117447,True,Right,0.6681698560714722
vid4,18,600,19,0.47685936093330383,0.7409049272537231,-0.06779773533344269,0.020673835650086403,0.013234141282737255,-0.03884412348270416,True,Right,0.6681698560714722
vid4,18,600,20,0.5072423219680786,0.7429925799369812,-0.07176362723112106,0.040676962584257126,0.013214459642767906,-0.0436972975730896,True,Right,0.6681698560714722
vid4,19,633,0,0.282012403011322,0.6647703647613525,1.6643623723666678e-07,-0.08733590692281723,-0.008859880268573761,0.017292123287916183,True,Right,0.8304485082626343
vid4,19,633,1,0.3324263393878937,0.6831884384155273,0.01706376112997532,-0.05959757789969444,-0.0020547970198094845,0.03461863845586777,True,Right,0.8304485082626343
vid4,19,633,2,0.38938263058662415,0.7041193842887878,0.019826078787446022,-0.030720988288521767,0.00680427486076951,0.054355815052986145,True,Right,0.8304485082626343
vid4,19,633,3,0.4293970465660095,0.725407600402832,0.016287047415971756,-0.0005000982782803476,0.009033693000674248,0.06539308279752731,True,Right,0.8304485082626343
vid4,19,633,4,0.4637836813926697,0.7387866973876953,0.011674338951706886,0.021238211542367935,0.009349726140499115,0.07238806784152985,True,Right,0.8304485082626343
vid4,19,633,5,0.4225147068500519,0.6836933493614197,0.010230843909084797,0.006652952171862125,-0.0038624063599854708,0.024980515241622925,True,Right,0.8304485082626343
vid4,19,633,6,0.4844721853733063,0.7061313986778259,-0.0010422517079859972,0.03159772977232933,0.0021025496535003185,0.020781517028808594,True,Right,0.8304485082626343
vid4,19,633,7,0.5269047617912292,0.7177714109420776,-0.009750347584486008,0.052498552948236465,0.006209509912878275,0.01906351000070572,True,Right,0.8304485082626343
vid4,19,633,8,0.5601367354393005,0.7267804145812988,-0.016792001202702522,0.07707826793193817,0.009678471833467484,0.0014651194214820862,True,Right,0.8304485082626343
vid4,19,633,9,0.4216090738773346,0.6866512894630432,-0.011071816086769104,0.004460255149751902,-0.0035064800176769495,0.004646388813853264,True,Right,0.8304485082626343
vid4,19,633,10,0.490167498588562,0.7050948143005371,-0.0245981365442276,0.036085210740566254,0.0024825092405080795,-0.004701465368270874,True,Right,0.8304485082626343
vid4,19,633,11,0.5385122299194336,0.7184058427810669,-0.03554772213101387,0.060449909418821335,0.0022570746950805187,-0.013747051358222961,True,Right,0.8304485082626343
vid4,19,633,12,0.5775347352027893,0.7259202003479004,-0.043429404497146606,0.09119697660207748,0.005412742495536804,-0.01695975661277771,True,Right,0.8304485082626343
vid4,19,633,13,0.41308721899986267,0.6979249119758606,-0.03214508295059204,-0.003184597473591566,0.00010201233089901507,-0.017088130116462708,True,Right,0.8304485082626343
vid4,19,633,14,0.4813690781593323,0.7152618169784546,-0.04365895688533783,0.022703103721141815,0.004178973380476236,-0.02373850718140602,True,Right,0.8304485082626343
vid4,19,633,15,0.5254205465316772,0.7276661992073059,-0.050122059881687164,0.04791826382279396,0.00818245206028223,-0.03316132724285126,True,Right,0.8304485082626343
vid4,19,633,16,0.5625444054603577,0.7329853177070618,-0.05573834851384163,0.07455179840326309,0.010238473303616047,-0.03635384514927864,True,Right,0.8304485082626343
vid4,19,633,17,0.3987691104412079,0.7222420573234558,-0.05230303853750229,-0.018251951783895493,0.006118271965533495,-0.029020503163337708,True,Right,0.8304485082626343
vid4,19,633,18,0.4442717134952545,0.7342689633369446,-0.06308545917272568,-0.0003069702070206404,0.008853300474584103,-0.03677766025066376,True,Right,0.8304485082626343
vid4,19,633,19,0.4773402512073517,0.7397385835647583,-0.06720761954784393,0.020931361243128777,0.01280940230935812,-0.041367143392562866,True,Right,0.8304485082626343
vid4,19,633,20,0.5063616037368774,0.7447037100791931,-0.07067546248435974,0.039982762187719345,0.014645014889538288,-0.046823255717754364,True,Right,0.8304485082626343
vid4,20,667,0,0.282451331615448,0.6592667698860168,1.4652644608759147e-07,-0.08649799972772598,-0.010186268016695976,0.016591276973485947,True,Right,0.8322382569313049
vid4,20,667,1,0.3341570794582367,0.6778807640075684,0.017058948054909706,-0.05960822477936745,-0.003937560599297285,0.035484541207551956,True,Right,0.8322382569313049
vid4,20,667,2,0.3919648826122284,0.6973224878311157,0.02050624042749405,-0.029549729079008102,0.005059019662439823,0.0545082688331604,True,Right,0.8322382569313049
vid4,20,667,3,0.43256109952926636,0.7175707817077637,0.017692480236291885,0.0014673355035483837,0.0069229272194206715,0.0654778778553009,True,Right,0.8322382569313049
vid4,20,667,4,0.4668172001838684,0.7329208850860596,0.013727077282965183,0.02399895340204239,0.007496238686144352,0.0705418735742569,True,Right,0.8322382569313049
vid4,20,667,5,0.41916951537132263,0.6824302077293396,0.009972230531275272,0.005957479123026133,-0.004666535649448633,0.02542227879166603,True,Right,0.8322382569313049
vid4,20,667,6,0.48080700635910034,0.7041739225387573,-0.001973167061805725,0.03109976090490818,0.0016556208720430732,0.021250039339065552,True,Right,0.8322382569313049
vid4,20,667,7,0.5239014625549316,0.7160146236419678,-0.010969182476401329,0.052924785763025284,0.005455908831208944,0.019786003977060318,True,Right,0.8322382569313049
vid4,20,667,8,0.5579761266708374,0.7253886461257935,-0.018142839893698692,0.07954476773738861,0.009636692702770233,0.0029223784804344177,True,Right,0.8322382569313049
vid4,20,667,9,0.41808080673217773,0.6855143308639526,-0.011048294603824615,0.004619371145963669,-0.0036900341510772705,0.00458180345594883,True,Right,0.8322382569313049
vid4,20,667,10,0.48693782091140747,0.7029361724853516,-0.025183040648698807,0.03610381484031677,0.002353882184252143,-0.004554256796836853,True,Right,0.8322382569313049
vid4,20,667,11,0.5361074805259705,0.7158748507499695,-0.036587513983249664,0.061472512781620026,0.0028099108021706343,-0.013455972075462341,True,Right,0.8322382569313049
vid4,20,667,12,0.5769968032836914,0.7239912748336792,-0.044801849871873856,0.09387436509132385,0.006051313132047653,-0.01705390214920044,True,Right,0.8322382569313049
vid4,20,667,13,0.4102829098701477,0.6976454257965088,-0.03184661269187927,-0.0028678930830210447,0.0004703924059867859,-0.017146199941635132,True,Right,0.8322382569313049
vid4,20,667,14,0.4790136516094208,0.7149989008903503,-0.04468729719519615,0.023525847122073174,0.005483534187078476,-0.02388281375169754,True,Right,0.8322382569313049
vid4,20,667,15,0.5237798690795898,0.7272927165031433,-0.05307723581790924,0.04944346472620964,0.009075331501662731,-0.03292481601238251,True,Right,0.8322382569313049
vid4,20,667,16,0.5619716644287109,0.7328522205352783,-0.059796933084726334,0.07741467654705048,0.010954698547720909,-0.03642876073718071,True,Right,0.8322382569313049
vid4,20,667,17,0.39749982953071594,0.7232196927070618,-0.05162809044122696,-0.017641086131334305,0.006749511230736971,-0.028340965509414673,True,Right,0.8322382569313049
vid4,20,667,18,0.44294512271881104,0.735928475856781,-0.0640932247042656,3.432357516430784e-06,0.009994873777031898,-0.03620646148920059,True,Right,0.8322382569313049
vid4,20,667,19,0.47567978501319885,0.7418962121009827,-0.07024001330137253,0.02187022753059864,0.014651529490947723,-0.04078035056591034,True,Right,0.8322382569313049
vid4,20,667,20,0.5047482848167419,0.7471244931221008,-0.07513168454170227,0.041994404047727585,0.01619689352810383,-0.0452280268073082,True,Right,0.8322382569313049
vid4,21,700,0,0.28143492341041565,0.6645568609237671,2.036645412317739e-07,-0.08595947176218033,-0.009310607798397541,0.01559654250741005,True,Right,0.6829967498779297
vid4,21,700,1,0.3337532579898834,0.6642959117889404,0.011632842011749744,-0.05949034169316292,-0.007550365757197142,0.03503810241818428,True,Right,0.6829967498779297
vid4,21,700,2,0.39150258898735046,0.6822651624679565,0.013102930970489979,-0.028636720031499863,0.0005638989969156682,0.05195413529872894,True,Right,0.6829967498779297
vid4,21,700,3,0.43260616064071655,0.703935444355011,0.009229209274053574,0.001823753584176302,0.0032280508894473314,0.06306727230548859,True,Right,0.6829967498779297
vid4,21,700,4,0.4678226113319397,0.719095766544342,0.004609296098351479,0.024832721799612045,0.005046939477324486,0.06779341399669647,True,Right,0.6829967498779297
vid4,21,700,5,0.4198310375213623,0.6774047017097473,0.008035599254071712,0.0055628628470003605,-0.00594628369435668,0.024911027401685715,True,Right,0.6829967498779297
vid4,21,700,6,0.4812202751636505,0.6980170011520386,-0.005257674027234316,0.03126790001988411,5.38105632585939e-05,0.022176295518875122,True,Right,0.6829967498779297
vid4,21,700,7,0.5254366993904114,0.7085810303688049,-0.01564430259168148,0.05425656586885452,0.00327253807336092,0.02203250676393509,True,Right,0.6829967498779297
vid4,21,700,8,0.5607901215553284,0.7171107530593872,-0.023517590016126633,0.08241470158100128,0.007367223501205444,0.008119314908981323,True,Right,0.6829967498779297
vid4,21,700,9,0.41894274950027466,0.6848340034484863,-0.010336359031498432,0.004594900645315647,-0.0033492182847112417,0.005265448242425919,True,Right,0.6829967498779297
vid4,21,700,10,0.48692208528518677,0.7014015913009644,-0.025713402777910233,0.03623911365866661,0.0029423958621919155,-0.0033535808324813843,True,Right,0.6829967498779297
vid4,21,700,11,0.5369581580162048,0.7126372456550598,-0.038534779101610184,0.06266254186630249,0.002725210739299655,-0.00779106467962265,True,Right,0.6829967498779297
vid4,21,700,12,0.5789533853530884,0.7194715738296509,-0.04733346775174141,0.0958799198269844,0.004898561164736748,-0.009728282690048218,True,Right,0.6829967498779297
vid4,21,700,13,0.41158249974250793,0.6988300681114197,-0.029009923338890076,-0.002728117164224386,0.0018008602783083916,-0.016621112823486328,True,Right,0.6829967498779297
vid4,21,700,14,0.4776773452758789,0.7168319225311279,-0.04262901097536087,0.02324298582971096,0.007273722905665636,-0.022510960698127747,True,Right,0.6829967498779297
vid4,21,700,15,0.5224894881248474,0.728118360042572,-0.051338423043489456,0.04987111687660217,0.009572504088282585,-0.029595673084259033,True,Right,0.6829967498779297
vid4,21,700,16,0.561151385307312,0.7318885326385498,-0.05766491964459419,0.07828023284673691,0.010858923196792603,-0.03136118873953819,True,Right,0.6829967498779297
vid4,21,700,17,0.39859694242477417,0.7234797477722168,-0.04719650000333786,-0.017065560445189476,0.007747401017695665,-0.02832135558128357,True,Right,0.6829967498779297
vid4,21,700,18,0.44455793499946594,0.7362952828407288,-0.05910258740186691,0.001012464752420783,0.011148007586598396,-0.03498242050409317,True,Right,0.6829967498779297
vid4,21,700,19,0.4771566390991211,0.7407056093215942,-0.06431172043085098,0.022383466362953186,0.01508901733905077,-0.0390019416809082,True,Right,0.6829967498779297
vid4,21,700,20,0.5062750577926636,0.7434564232826233,-0.06813617795705795,0.043437037616968155,0.015031921677291393,-0.04252123832702637,True,Right,0.6829967498779297
vid4,22,733,0,0.28148797154426575,0.6605510711669922,1.7619326797557733e-07,-0.08658428490161896,-0.009854797273874283,0.01758173108100891,True,Right,0.828488826751709
vid4,22,733,1,0.33418479561805725,0.6715712547302246,0.018246965482831,-0.05920097604393959,-0.004905054345726967,0.03529934585094452,True,Right,0.828488826751709
vid4,22,733,2,0.3910489082336426,0.6925891637802124,0.020684165880084038,-0.029298188164830208,0.003487108275294304,0.054220110177993774,True,Right,0.828488826751709
vid4,22,733,3,0.43045657873153687,0.7145092487335205,0.016433099284768105,0.0008136103861033916,0.005506004206836224,0.06505461037158966,True,Right,0.828488826751709
vid4,22,733,4,0.46471676230430603,0.7301121354103088,0.01097725797444582,0.02317718230187893,0.0068664588034152985,0.07055968046188354,True,Right,0.828488826751709
vid4,22,733,5,0.41779565811157227,0.6804897785186768,0.009711498394608498,0.00605517253279686,-0.005511044524610043,0.025057725608348846,True,Right,0.828488826751709
vid4,22,733,6,0.4790968894958496,0.7032970190048218,-0.002473132684826851,0.03091120719909668,0.0011761114001274109,0.021190404891967773,True,Right,0.828488826751709
vid4,22,733,7,0.5221811532974243,0.7157132625579834,-0.011441493406891823,0.05237134173512459,0.005315536167472601,0.01904444396495819,True,Right,0.828488826751709
vid4,22,733,8,0.556363582611084,0.7253735661506653,-0.018413184210658073,0.07955268025398254,0.009888201020658016,0.0035324618220329285,True,Right,0.828488826751709
vid4,22,733,9,0.4166318476200104,0.6845384240150452,-0.012494117952883244,0.0044291154481470585,-0.003494779346510768,0.00462215393781662,True,Right,0.828488826751709
vid4,22,733,10,0.4850538372993469,0.7025197148323059,-0.02699362300336361,0.035599302500486374,0.002949423622339964,-0.004894554615020752,True,Right,0.828488826751709
vid4,22,733,11,0.5349068641662598,0.714776873588562,-0.03802495822310448,0.06120262295007706,0.0023049809969961643,-0.013365797698497772,True,Right,0.828488826751709
vid4,22,733,12,0.575560450553894,0.7217427492141724,-0.04574473574757576,0.09440353512763977,0.005211808253079653,-0.015751272439956665,True,Right,0.828488826751709
vid4,22,733,13,0.4089388847351074,0.6976516842842102,-0.03426777943968773,-0.0030369595624506474,0.0015534854028373957,-0.016659952700138092,True,Right,0.828488826751709
vid4,22,733,14,0.47696453332901,0.714671790599823,-0.04622107371687889,0.02294665388762951,0.005800316575914621,-0.02423156425356865,True,Right,0.828488826751709
vid4,22,733,15,0.5213623046875,0.7261740565299988,-0.05224429816007614,0.049007926136255264,0.009267300367355347,-0.033116310834884644,True,Right,0.828488826751709
vid4,22,733,16,0.5589655637741089,0.7313125133514404,-0.05726220831274986,0.07765527814626694,0.01083281822502613,-0.03565935790538788,True,Right,0.828488826751709
vid4,22,733,17,0.39623573422431946,0.7242932915687561,-0.05508933588862419,-0.017837798222899437,0.00791973527520895,-0.028248578310012817,True,Right,0.828488826751709
vid4,22,733,18,0.44273319840431213,0.735512375831604,-0.06551747769117355,4.093737879884429e-05,0.010402369312942028,-0.03620719909667969,True,Right,0.828488826751709
vid4,22,733,19,0.475646048784256,0.7407017350196838,-0.06905018538236618,0.021915102377533913,0.014683740213513374,-0.04074154794216156,True,Right,0.828488826751709
vid4,22,733,20,0.5047773718833923,0.7459924221038818,-0.0719849243760109,0.04307585954666138,0.016133995726704597,-0.04498998820781708,True,Right,0.828488826751709
vid4,23,767,0,0.27707672119140625,0.659142255783081,1.9416364693825017e-07,-0.0853218361735344,-0.009718644432723522,0.01464661955833435,True,Right,0.842271625995636
vid4,23,767,1,0.32810962200164795,0.6689446568489075,0.012596776708960533,-0.05944223701953888,-0.005762309301644564,0.034839313477277756,True,Right,0.842271625995636
vid4,23,767,2,0.38440296053886414,0.6909907460212708,0.013556323014199734,-0.029756946489214897,0.003930697217583656,0.05220559239387512,True,Right,0.842271625995636
vid4,23,767,3,0.4236583113670349,0.7141181230545044,0.008857117965817451,0.00030790403252467513,0.0061999293975532055,0.06429027765989304,True,Right,0.842271625995636
vid4,23,767,4,0.45794567465782166,0.7320370078086853,0.003356760600581765,0.02230869233608246,0.00841236487030983,0.06948230415582657,True,Right,0.842271625995636
vid4,23,767,5,0.4123406410217285,0.6772638559341431,0.006597986910492182,0.004805915057659149,-0.006220985669642687,0.025000542402267456,True,Right,0.842271625995636
vid4,23,767,6,0.4750095307826996,0.6983879804611206,-0.008008916862308979,0.030571501702070236,0.0003105148789472878,0.022326231002807617,True,Right,0.842271625995636
vid4,23,767,7,0.5202239751815796,0.7109375596046448,-0.01892954111099243,0.053044963628053665,0.003984866663813591,0.02200588583946228,True,Right,0.842271625995636
vid4,23,767,8,0.5561478137969971,0.7207474708557129,-0.026947343721985817,0.08105075359344482,0.0082743214443326,0.007089823484420776,True,Right,0.842271625995636
vid4,23,767,9,0.4122251272201538,0.6818602085113525,-0.012773893773555756,0.004011399578303099,-0.0038826600648462772,0.004910951480269432,True,Right,0.842271625995636
vid4,23,767,10,0.48200973868370056,0.6987153887748718,-0.02930193394422531,0.036225326359272,0.0029164922889322042,-0.003019481897354126,True,Right,0.842271625995636
vid4,23,767,11,0.5334123969078064,0.7116028070449829,-0.04252946749329567,0.0628821849822998,0.002372900489717722,-0.007770732045173645,True,Right,0.842271625995636
vid4,23,767,12,0.5770679116249084,0.7199414968490601,-0.05145721510052681,0.09749626368284225,0.0053232889622449875,-0.008592545986175537,True,Right,0.842271625995636
vid4,23,767,13,0.40605324506759644,0.6961722373962402,-0.03222279250621796,-0.002022386761382222,0.0020176453981548548,-0.016625717282295227,True,Right,0.842271625995636
vid4,23,767,14,0.4744676947593689,0.7133954167366028,-0.046772461384534836,0.024340279400348663,0.00730576878413558,-0.021965641528367996,True,Right,0.842271625995636
vid4,23,767,15,0.5204167366027832,0.7241328954696655,-0.05577078461647034,0.051282525062561035,0.009137622080743313,-0.028925836086273193,True,Right,0.842271625995636
vid4,23,767,16,0.5602152943611145,0.7278429269790649,-0.06197574734687805,0.08051646500825882,0.010593531653285027,-0.03014518693089485,True,Right,0.842271625995636
vid4,23,767,17,0.39502644538879395,0.7243540287017822,-0.051085833460092545,-0.015891321003437042,0.008639508858323097,-0.027964502573013306,True,Right,0.842271625995636
vid4,23,767,18,0.4427929222583771,0.7363086342811584,-0.06344891339540482,0.0025940716732293367,0.011548252776265144,-0.034691888839006424,True,Right,0.842271625995636
vid4,23,767,19,0.4762221872806549,0.7407017350196838,-0.06873798370361328,0.024347174912691116,0.015956487506628036,-0.038293465971946716,True,Right,0.842271625995636
vid4,23,767,20,0.5061741471290588,0.7437816858291626,-0.07244174927473068,0.04533323273062706,0.016268188133835793,-0.040841348469257355,True,Right,0.842271625995636
vid4,24,800,0,0.2797987163066864,0.6591618061065674,2.1636685687553836e-07,-0.0872400626540184,-0.011644747108221054,0.013863764703273773,True,Right,0.800041675567627
vid4,24,800,1,0.3313954770565033,0.662593424320221,0.012041332200169563,-0.05952544882893562,-0.00838068313896656,0.03444117680191994,True,Right,0.800041675567627
vid4,24,800,2,0.3876815736293793,0.6831344366073608,0.012872819788753986,-0.0296782236546278,0.00030949682695791125,0.05342206358909607,True,Right,0.800041675567627
vid4,24,800,3,0.42686083912849426,0.7060409784317017,0.008290175348520279,0.0007608636515215039,0.003407996380701661,0.0667358934879303,True,Right,0.800041675567627
vid4,24,800,4,0.4607081413269043,0.722180962562561,0.0027503566816449165,0.023307956755161285,0.00545130530372262,0.07315930724143982,True,Right,0.800041675567627
vid4,24,800,5,0.41707751154899597,0.6781638264656067,0.00528870290145278,0.006176020950078964,-0.006182398181408644,0.02568148821592331,True,Right,0.800041675567627
vid4,24,800,6,0.4810350239276886,0.6989609003067017,-0.009299776516854763,0.032947707921266556,0.00028826139168813825,0.022780731320381165,True,Right,0.800041675567627
vid4,24,800,7,0.5264884829521179,0.7106440663337708,-0.01986142247915268,0.05596749112010002,0.00411606440320611,0.021400272846221924,True,Right,0.800041675567627
vid4,24,800,8,0.5620610117912292,0.719887375831604,-0.02755759097635746,0.08423621207475662,0.008442305959761143,0.006611242890357971,True,Right,0.800041675567627
vid4,24,800,9,0.41591697931289673,0.6850224137306213,-0.013870078139007092,0.004330586176365614,-0.003346735378727317,0.005172863602638245,True,Right,0.800041675567627
vid4,24,800,10,0.48598799109458923,0.7014836072921753,-0.03041364997625351,0.03711630031466484,0.0035143105778843164,-0.003269776701927185,True,Right,0.800041675567627
vid4,24,800,11,0.5366297364234924,0.7135398387908936,-0.043293554335832596,0.0641385093331337,0.002398045966401696,-0.008636623620986938,True,Right,0.800041675567627
vid4,24,800,12,0.5786038637161255,0.7205808758735657,-0.05189733952283859,0.09739601612091064,0.00407746946439147,-0.010888755321502686,True,Right,0.800041675567627
vid4,24,800,13,0.4081420600414276,0.6990476846694946,-0.03318113088607788,-0.003089534118771553,0.0017332034185528755,-0.01719510555267334,True,Right,0.800041675567627
vid4,24,800,14,0.47652146220207214,0.715379536151886,-0.047921694815158844,0.023709263652563095,0.006824428681284189,-0.02343621477484703,True,Right,0.800041675567627
vid4,24,800,15,0.5227594971656799,0.7256820797920227,-0.05699271336197853,0.05136226490139961,0.009061920456588268,-0.031216323375701904,True,Right,0.800041675567627
vid4,24,800,16,0.5623065829277039,0.7287276983261108,-0.06335366517305374,0.0808490738272667,0.009745407849550247,-0.03331015259027481,True,Right,0.800041675567627
vid4,24,800,17,0.39465296268463135,0.7239231467247009,-0.05186227336525917,-0.017936937510967255,0.007675553672015667,-0.029366180300712585,True,Right,0.800041675567627
vid4,24,800,18,0.4416485130786896,0.735808789730072,-0.06488632410764694,0.0005551177891902626,0.011215181089937687,-0.03650926053524017,True,Right,0.800041675567627
vid4,24,800,19,0.4752638638019562,0.7403009533882141,-0.07055114209651947,0.02285337820649147,0.014715796336531639,-0.04001647233963013,True,Right,0.800041675567627
vid4,24,800,20,0.5051186680793762,0.7433275580406189,-0.07453835755586624,0.044892568141222,0.014458056539297104,-0.04335816204547882,True,Right,0.800041675567627
vid4,25,833,0,0.2807108461856842,0.6559704542160034,1.7128247975506383e-07,-0.08896820992231369,-0.007255965378135443,0.011385802179574966,True,Right,0.9028723835945129
vid4,25,833,1,0.3279486298561096,0.6795127987861633,0.01483628898859024,-0.062200840562582016,-0.002215782878920436,0.033904220908880234,True,Right,0.9028723835945129
vid4,25,833,2,0.3840178847312927,0.6958796977996826,0.01693260855972767,-0.0321943536400795,0.006756639573723078,0.05530188977718353,True,Right,0.9028723835945129
vid4,25,833,3,0.42316868901252747,0.7160645723342896,0.01290410291403532,-0.001075937645509839,0.009193888865411282,0.06911705434322357,True,Right,0.9028723835945129
vid4,25,833,4,0.45588842034339905,0.7323019504547119,0.007527877110987902,0.01993829943239689,0.009723568335175514,0.07782019674777985,True,Right,0.9028723835945129
vid4,25,833,5,0.41835033893585205,0.6742334365844727,0.0068802256137132645,0.006028512492775917,-0.005450788419693708,0.026807408779859543,True,Right,0.9028723835945129
vid4,25,833,6,0.4807433784008026,0.6962693333625793,-0.007260559592396021,0.032930970191955566,0.001898363116197288,0.024282708764076233,True,Right,0.9028723835945129
vid4,25,833,7,0.5250354409217834,0.7099079489707947,-0.018010994419455528,0.055667757987976074,0.00541458697989583,0.022598866373300552,True,Right,0.9028723835945129
vid4,25,833,8,0.5599718689918518,0.7200917601585388,-0.02632499486207962,0.08272691071033478,0.010728053748607635,0.005182825028896332,True,Right,0.9028723835945129
vid4,25,833,9,0.41693469882011414,0.6777535676956177,-0.013943947851657867,0.004530805628746748,-0.004092731978744268,0.005503524094820023,True,Right,0.9028723835945129
vid4,25,833,10,0.4871680438518524,0.6969485878944397,-0.029834644868969917,0.0384582094848156,0.0028801672160625458,-0.003509014844894409,True,Right,0.9028723835945129
vid4,25,833,11,0.5366764068603516,0.7122429609298706,-0.04275964945554733,0.06456197053194046,0.004150953143835068,-0.009009994566440582,True,Right,0.9028723835945129
vid4,25,833,12,0.5783557295799255,0.7221083045005798,-0.05198061838746071,0.09752079099416733,0.007976029999554157,-0.013167381286621094,True,Right,0.9028723835945129
vid4,25,833,13,0.4088813364505768,0.6897125840187073,-0.034733738750219345,-0.0028070774860680103,0.0007591801113449037,-0.01818045973777771,True,Right,0.9028723835945129
vid4,25,833,14,0.4778505265712738,0.7093072533607483,-0.049423858523368835,0.024709204211831093,0.006856725551187992,-0.02347407117486,True,Right,0.9028723835945129
vid4,25,833,15,0.522278368473053,0.7232687473297119,-0.05924173817038536,0.052756305783987045,0.010362058877944946,-0.03152267634868622,True,Right,0.9028723835945129
vid4,25,833,16,0.5606675744056702,0.7299880385398865,-0.06659872829914093,0.08075786381959915,0.013565517961978912,-0.034336067736148834,True,Right,0.9028723835945129
vid4,25,833,17,0.3958605229854584,0.7145432233810425,-0.0546598844230175,-0.018351959064602852,0.008187646046280861,-0.03139728307723999,True,Right,0.9028723835945129
vid4,25,833,18,0.4424717128276825,0.7304577231407166,-0.06863494962453842,0.0015624985098838806,0.012107517570257187,-0.037883251905441284,True,Right,0.9028723835945129
vid4,25,833,19,0.47564810514450073,0.7381623983383179,-0.07551725208759308,0.024674803018569946,0.01695944182574749,-0.04116697609424591,True,Right,0.9028723835945129
vid4,25,833,20,0.50537109375,0.7449748516082764,-0.08066989481449127,0.04524797573685646,0.01892542466521263,-0.042382046580314636,True,Right,0.9028723835945129
vid4,26,867,0,0.2775377333164215,0.6342812180519104,2.5086578148147964e-07,-0.09031322598457336,-0.008339227177202702,0.009704366326332092,True,Right,0.9489631652832031
vid4,26,867,1,0.3183671832084656,0.6510470509529114,0.011894634924829006,-0.06630977988243103,-0.006227855104953051,0.032151807099580765,True,Right,0.9489631652832031
vid4,26,867,2,0.37315645813941956,0.6668975353240967,0.01330016553401947,-0.03758811205625534,0.0024050050415098667,0.05289997160434723,True,Right,0.9489631652832031
vid4,26,867,3,0.4091126322746277,0.6876022815704346,0.009195912629365921,-0.008521291427314281,0.005124973598867655,0.06545956432819366,True,Right,0.9489631652832031
vid4,26,867,4,0.4377593398094177,0.7075815796852112,0.003686079988256097,0.011594055220484734,0.00392571184784174,0.07468713819980621,True,Right,0.9489631652832031
vid4,26,867,5,0.41430380940437317,0.6467952728271484,0.0038931495510041714,0.0036823898553848267,-0.008621321059763432,0.026247385889291763,True,Right,0.9489631652832031
vid4,26,867,6,0.4783269464969635,0.6775140762329102,-0.010484023950994015,0.030624745413661003,0.0016562858363613486,0.025728538632392883,True,Right,0.9489631652832031
vid4,26,867,7,0.5244669914245605,0.6994636654853821,-0.021463407203555107,0.05407077819108963,0.006825853604823351,0.024906262755393982,True,Right,0.9489631652832031
vid4,26,867,8,0.5601515769958496,0.7173786759376526,-0.029202226549386978,0.08333547413349152,0.015006566420197487,0.012890979647636414,True,Right,0.9489631652832031
vid4,26,867,9,0.4151455760002136,0.6536213159561157,-0.01432549487799406,0.004326173570007086,-0.0043892329558730125,0.004643997177481651,True,Right,0.9489631652832031
vid4,26,867,10,0.48619312047958374,0.6825198531150818,-0.029184697195887566,0.038193173706531525,0.004879561718553305,-0.0020523667335510254,True,Right,0.9489631652832031
vid4,26,867,11,0.536120593547821,0.704337477684021,-0.0408029742538929,0.06370680779218674,0.00786784291267395,-0.004538021981716156,True,Right,0.9489631652832031
vid4,26,867,12,0.5776987075805664,0.7210863828659058,-0.04840194806456566,0.09797314554452896,0.01246666256338358,-0.002823740243911743,True,Right,0.9489631652832031
vid4,26,867,13,0.4086597263813019,0.6721444129943848,-0.03249909728765488,-0.001038966584019363,0.003444292349740863,-0.01791641116142273,True,Right,0.9489631652832031
vid4,26,867,14,0.4793570637702942,0.6998935341835022,-0.04547880217432976,0.02609763666987419,0.011253192089498043,-0.022946450859308243,True,Right,0.9489631652832031
vid4,26,867,15,0.5249609351158142,0.7181145548820496,-0.0542418472468853,0.054498445242643356,0.015504236333072186,-0.027562126517295837,True,Right,0.9489631652832031
vid4,26,867,16,0.5632684826850891,0.7309781908988953,-0.0601702556014061,0.08310152590274811,0.019861696287989616,-0.026360590010881424,True,Right,0.9489631652832031
vid4,26,867,17,0.39643460512161255,0.7037253975868225,-0.05018356069922447,-0.016458677127957344,0.011636828072369099,-0.029786184430122375,True,Right,0.9489631652832031
vid4,26,867,18,0.44508096575737,0.7264888286590576,-0.061194878071546555,0.002936264267191291,0.017302600666880608,-0.03658365458250046,True,Right,0.9489631652832031
vid4,26,867,19,0.47845903038978577,0.7388906478881836,-0.06576376408338547,0.026769140735268593,0.02351037599146366,-0.03782999515533447,True,Right,0.9489631652832031
vid4,26,867,20,0.5078911185264587,0.7513599991798401,-0.06866461783647537,0.04709653928875923,0.026430655270814896,-0.03558623790740967,True,Right,0.9489631652832031
vid4,27,900,0,0.288494348526001,0.6151151657104492,4.0109753740580345e-07,-0.09207464754581451,-0.0010666080052033067,0.004365988075733185,True,Right,0.9352835416793823
vid4,27,900,1,0.32464876770973206,0.6523154377937317,0.003924235235899687,-0.06825670599937439,0.0026830337010324,0.02673870325088501,True,Right,0.9352835416793823
vid4,27,900,2,0.3762562870979309,0.6618947982788086,0.001365097239613533,-0.041734665632247925,0.009441785514354706,0.05220291018486023,True,Right,0.9352835416793823
vid4,27,900,3,0.41143229603767395,0.6722428798675537,-0.005035869311541319,-0.015184210613369942,0.006994671653956175,0.069688580930233,True,Right,0.9352835416793823
vid4,27,900,4,0.43967053294181824,0.6894725561141968,-0.011787466704845428,0.003063475713133812,0.006158705335110426,0.08790813386440277,True,Right,0.9352835416793823
vid4,27,900,5,0.42977645993232727,0.6185557842254639,-7.60738694225438e-05,0.003126602154225111,-0.008454149588942528,0.028166569769382477,True,Right,0.9352835416793823
vid4,27,900,6,0.4897567927837372,0.662319540977478,-0.01563294045627117,0.0280329417437315,0.0059934561140835285,0.02811349928379059,True,Right,0.9352835416793823
vid4,27,900,7,0.5312760472297668,0.6959317326545715,-0.028467724099755287,0.04879772290587425,0.01525620836764574,0.029102005064487457,True,Right,0.9352835416793823
vid4,27,900,8,0.5629265308380127,0.7226831912994385,-0.03710298612713814,0.07445730268955231,0.027069753035902977,0.01799917221069336,True,Right,0.9352835416793823
vid4,27,900,9,0.43083107471466064,0.6185826659202576,-0.013365869410336018,0.004298225976526737,-0.005310961045324802,0.005765924230217934,True,Right,0.9352835416793823
vid4,27,900,10,0.4998144507408142,0.6614670157432556,-0.028278982266783714,0.037134211510419846,0.0077309077605605125,0.0012305974960327148,True,Right,0.9352835416793823
vid4,27,900,11,0.5468451976776123,0.6944432854652405,-0.039795782417058945,0.0614507831633091,0.015488308854401112,-0.0023100152611732483,True,Right,0.9352835416793823
vid4,27,900,12,0.584438681602478,0.7213139533996582,-0.04734141379594803,0.09461501240730286,0.02436152473092079,6.35683536529541e-05,True,Right,0.9352835416793823
vid4,27,900,13,0.42474687099456787,0.6333370804786682,-0.02758827991783619,-0.0007812106050550938,0.0024589565582573414,-0.01924166828393936,True,Right,0.9352835416793823
vid4,27,900,14,0.49280673265457153,0.6748937964439392,-0.041190311312675476,0.026575444266200066,0.012627992779016495,-0.02388336881995201,True,Right,0.9352835416793823
vid4,27,900,15,0.5362936854362488,0.7043620347976685,-0.050302743911743164,0.052048731595277786,0.023294592276215553,-0.027431637048721313,True,Right,0.9352835416793823
vid4,27,900,16,0.5712148547172546,0.727595329284668,-0.056059177964925766,0.07863308489322662,0.03173913434147835,-0.026552662253379822,True,Right,0.9352835416793823
vid4,27,900,17,0.41241952776908875,0.6617739200592041,-0.04192649573087692,-0.016100861132144928,0.011576145887374878,-0.033767953515052795,True,Right,0.9352835416793823
vid4,27,900,18,0.4604775011539459,0.7007324695587158,-0.05270227789878845,0.002748314756900072,0.019854068756103516,-0.03859260678291321,True,Right,0.9352835416793823
vid4,27,900,19,0.49296364188194275,0.7247827053070068,-0.057454586029052734,0.026181403547525406,0.0297949630767107,-0.03951157629489899,True,Right,0.9352835416793823
vid4,27,900,20,0.5209190249443054,0.7467244267463684,-0.06037338450551033,0.04581713676452637,0.03713224083185196,-0.03653976321220398,True,Right,0.9352835416793823
vid4,28,933,0,0.31262797117233276,0.573901355266571,4.556654857879039e-07,-0.09475429356098175,-0.004560668952763081,0.018933400511741638,True,Right,0.892460823059082
vid4,28,933,1,0.36464133858680725,0.5729379057884216,0.01568058878183365,-0.06341155618429184,-0.004897025879472494,0.03511453792452812,True,Right,0.892460823059082
vid4,28,933,2,0.42183008790016174,0.5807329416275024,0.015700725838541985,-0.0334329716861248,0.0005558801349252462,0.059173598885536194,True,Right,0.892460823059082
vid4,28,933,3,0.4636564552783966,0.6045875549316406,0.010275153443217278,7.530688890255988e-05,9.133736602962017e-05,0.0730045884847641,True,Right,0.892460823059082
vid4,28,933,4,0.49564194679260254,0.6290626525878906,0.0043323286809027195,0.020602764561772346,0.0016792688984423876,0.08475476503372192,True,Right,0.892460823059082
vid4,28,933,5,0.45619696378707886,0.5651538372039795,0.003626727033406496,0.006940651684999466,-0.010514388792216778,0.024944618344306946,True,Right,0.892460823059082
vid4,28,933,6,0.523898184299469,0.6118650436401367,-0.008860922418534756,0.03428119421005249,0.0036342006642371416,0.02393326163291931,True,Right,0.892460823059082
vid4,28,933,7,0.5636672377586365,0.6481446623802185,-0.017703279852867126,0.056340623646974564,0.013903402723371983,0.0230623297393322,True,Right,0.892460823059082
vid4,28,933,8,0.5949715971946716,0.6779871582984924,-0.02345217950642109,0.07742281258106232,0.02692835032939911,0.012896113097667694,True,Right,0.892460823059082
vid4,28,933,9,0.45458081364631653,0.5747644305229187,-0.014996594749391079,0.004841139540076256,-0.004311100579798222,0.004110708832740784,True,Right,0.892460823059082
vid4,28,933,10,0.5272994041442871,0.6263112425804138,-0.02612917497754097,0.0383341945707798,0.00993424840271473,-0.0024039745330810547,True,Right,0.892460823059082
vid4,28,933,11,0.57186359167099,0.6673383116722107,-0.032870274037122726,0.060619086027145386,0.0196386706084013,-0.006418332457542419,True,Right,0.892460823059082
vid4,28,933,12,0.6044678092002869,0.7000524997711182,-0.037754423916339874,0.08767291158437729,0.029314987361431122,-0.0026218295097351074,True,Right,0.892460823059082
vid4,28,933,13,0.4457921087741852,0.5968768000602722,-0.03331360965967178,-0.003867829218506813,0.005147958640009165,-0.01616509258747101,True,Right,0.892460823059082
vid4,28,933,14,0.5161842703819275,0.6453168988227844,-0.0399661511182785,0.02461118996143341,0.016531499102711678,-0.021514367312192917,True,Right,0.892460823059082
vid4,28,933,15,0.5573588013648987,0.681975781917572,-0.04196171462535858,0.04957975074648857,0.029956823214888573,-0.02338382601737976,True,Right,0.892460823059082
vid4,28,933,16,0.5884462594985962,0.7108461260795593,-0.04474363103508949,0.07381835579872131,0.03859579935669899,-0.022750109434127808,True,Right,0.892460823059082
vid4,28,933,17,0.43136468529701233,0.6321491003036499,-0.05115026608109474,-0.02148035354912281,0.01503142062574625,-0.027921557426452637,True,Right,0.892460823059082
vid4,28,933,18,0.4832506775856018,0.6696993112564087,-0.0557839497923851,0.0009669101564213634,0.022812021896243095,-0.03204403817653656,True,Right,0.892460823059082
vid4,28,933,19,0.5170855522155762,0.6964738368988037,-0.0562700554728508,0.025367503985762596,0.03338603675365448,-0.032875239849090576,True,Right,0.892460823059082
vid4,28,933,20,0.5447940230369568,0.7217209339141846,-0.05726633220911026,0.044378459453582764,0.041531436145305634,-0.03173121064901352,True,Right,0.892460823059082
vid4,29,967,0,0.3436392545700073,0.5454708337783813,5.628042458738491e-07,-0.09280649572610855,0.0033407877199351788,0.018916137516498566,True,Right,0.8200823664665222
vid4,29,967,1,0.3974684774875641,0.5449579358100891,0.0004010343400295824,-0.05852239206433296,0.0007237223908305168,0.03127952292561531,True,Right,0.8200823664665222
vid4,29,967,2,0.45490068197250366,0.5517624616622925,-0.003573839319869876,-0.02871214784681797,0.005750315263867378,0.04903724789619446,True,Right,0.8200823664665222
vid4,29,967,3,0.4968383312225342,0.5787876844406128,-0.009620134718716145,0.003462639870122075,0.007505866698920727,0.05614292621612549,True,Right,0.8200823664665222
vid4,29,967,4,0.5296163558959961,0.6030248999595642,-0.01439474243670702,0.021634763106703758,0.011817487888038158,0.05940410494804382,True,Right,0.8200823664665222
vid4,29,967,5,0.49370303750038147,0.51679927110672,0.0001151870092144236,0.008607247844338417,-0.01110586617141962,0.01987931877374649,True,Right,0.8200823664665222
vid4,29,967,6,0.5623583793640137,0.5521056652069092,-0.013788364827632904,0.036265261471271515,-0.0006533509003929794,0.01758807897567749,True,Right,0.8200823664665222
vid4,29,967,7,0.6028640866279602,0.5892843008041382,-0.024836160242557526,0.059040822088718414,0.009524371474981308,0.015880651772022247,True,Right,0.8200823664665222
vid4,29,967,8,0.6330073475837708,0.6206896901130676,-0.03133517876267433,0.07919637113809586,0.02333606407046318,0.005594715476036072,True,Right,0.8200823664665222
vid4,29,967,9,0.4906148314476013,0.5314112901687622,-0.008571526035666466,0.004974680487066507,-0.005129387602210045,0.00421634316444397,True,Right,0.8200823664665222
vid4,29,967,10,0.558495044708252,0.5731499791145325,-0.020086780190467834,0.037161942571401596,0.00800330750644207,-0.0028607696294784546,True,Right,0.8200823664665222
vid4,29,967,11,0.60097736120224,0.6104470491409302,-0.028937289491295815,0.060851503163576126,0.01758684031665325,-0.007857948541641235,True,Right,0.8200823664665222
vid4,29,967,12,0.634087085723877,0.6433072090148926,-0.03463233634829521,0.08552572131156921,0.026339663192629814,-0.007095307111740112,True,Right,0.8200823664665222
vid4,29,967,13,0.4804707467556,0.5595574378967285,-0.018548984080553055,-0.005519115831702948,0.006119766738265753,-0.013067863881587982,True,Right,0.8200823664665222
vid4,29,967,14,0.5440849661827087,0.605819821357727,-0.02649708092212677,0.024213265627622604,0.016132142394781113,-0.016831103712320328,True,Right,0.8200823664665222
vid4,29,967,15,0.5842238068580627,0.6390461921691895,-0.030248360708355904,0.04883548617362976,0.029885781928896904,-0.01927819848060608,True,Right,0.8200823664665222
vid4,29,967,16,0.615053653717041,0.6652312278747559,-0.03283769264817238,0.07143150269985199,0.037779126316308975,-0.020153388381004333,True,Right,0.8200823664665222
vid4,29,967,17,0.46425661444664,0.5988249778747559,-0.029264677315950394,-0.021897265687584877,0.01706889644265175,-0.021970584988594055,True,Right,0.8200823664665222
vid4,29,967,18,0.5124287605285645,0.6358005404472351,-0.03445277363061905,0.0005651068058796227,0.024096956476569176,-0.024710368365049362,True,Right,0.8200823664665222
vid4,29,967,19,0.5470770001411438,0.6563826203346252,-0.03534795716404915,0.02294917218387127,0.03376257047057152,-0.023944810032844543,True,Right,0.8200823664665222
vid4,29,967,20,0.5754446387290955,0.6743746399879456,-0.035404544323682785,0.044636618345975876,0.038984786719083786,-0.024702131748199463,True,Right,0.8200823664665222
vid4,30,1000,0,0.3794105350971222,0.5275047421455383,6.217401846697612e-07,-0.09227997064590454,0.01733214594423771,0.003821343183517456,True,Right,0.8209108114242554
vid4,30,1000,1,0.4357872009277344,0.5524593591690063,-0.001057140645571053,-0.06401660293340683,0.021051213145256042,0.02416914328932762,True,Right,0.8209108114242554
vid4,30,1000,2,0.49462437629699707,0.5496540665626526,-0.0005816318443976343,-0.033505335450172424,0.023814542219042778,0.04455268383026123,True,Right,0.8209108114242554
vid4,30,1000,3,0.5354042649269104,0.5504343509674072,-0.0017066097352653742,0.0003800180566031486,0.019373925402760506,0.0600118525326252,True,Right,0.8209108114242554
vid4,30,1000,4,0.5693315863609314,0.556451141834259,-0.0008430248708464205,0.017673535272479057,0.014175978489220142,0.06801003962755203,True,Right,0.8209108114242554
vid4,30,1000,5,0.5355459451675415,0.4855510890483856,0.017627160996198654,0.004312086384743452,-0.0035564827267080545,0.02402164787054062,True,Right,0.8209108114242554
vid4,30,1000,6,0.5990621447563171,0.5095435380935669,0.009507331065833569,0.03219400346279144,0.005217475816607475,0.023931026458740234,True,Right,0.8209108114242554
vid4,30,1000,7,0.6390289068222046,0.5493646264076233,-0.0017719941679388285,0.054349686950445175,0.014355788938701153,0.023031767457723618,True,Right,0.8209108114242554
vid4,30,1000,8,0.6685449481010437,0.5863569378852844,-0.00834606308490038,0.0757765918970108,0.02942570112645626,0.016650475561618805,True,Right,0.8209108114242554
vid4,30,1000,9,0.5345830917358398,0.48491665720939636,0.013264290988445282,0.004234474152326584,-0.005335461348295212,0.0058428384363651276,True,Right,0.8209108114242554
vid4,30,1000,10,0.5986047983169556,0.5111444592475891,0.008577200584113598,0.03591543063521385,0.003400391899049282,0.0016830042004585266,True,Right,0.8209108114242554
vid4,30,1000,11,0.6408082842826843,0.5513954162597656,-0.0021247207187116146,0.05907081440091133,0.016370180994272232,0.0031460225582122803,True,Right,0.8209108114242554
vid4,30,1000,12,0.6734876036643982,0.5892986059188843,-0.009705944918096066,0.08520208299160004,0.02685823105275631,0.008819907903671265,True,Right,0.8209108114242554
vid4,30,1000,13,0.5293573141098022,0.49721962213516235,0.006619408261030912,-0.0028341971337795258,-0.0002650860697031021,-0.01654811203479767,True,Right,0.8209108114242554
vid4,30,1000,14,0.5903649926185608,0.5249509811401367,0.005021561868488789,0.02676975168287754,0.007365049794316292,-0.016154222190380096,True,Right,0.8209108114242554
vid4,30,1000,15,0.6305002570152283,0.5636962652206421,-0.000992142828181386,0.051670003682374954,0.022733740508556366,-0.014499396085739136,True,Right,0.8209108114242554
vid4,30,1000,16,0.6593349575996399,0.5973584651947021,-0.005667307414114475,0.07139915227890015,0.03491707891225815,-0.013116896152496338,True,Right,0.8209108114242554
vid4,30,1000,17,0.5213019251823425,0.5196295976638794,-0.0009957902366295457,-0.01740337163209915,0.007643336895853281,-0.028406858444213867,True,Right,0.8209108114242554
vid4,30,1000,18,0.5719788670539856,0.5351554751396179,0.0007708667544648051,0.006911503151059151,0.011061628349125385,-0.02856621891260147,True,Right,0.8209108114242554
vid4,30,1000,19,0.603756844997406,0.5575435161590576,0.0018536322750151157,0.03010350465774536,0.018666958436369896,-0.026517584919929504,True,Right,0.8209108114242554
vid4,30,1000,20,0.6275104880332947,0.5797711610794067,0.0027378767263144255,0.049408163875341415,0.0284617580473423,-0.02527347207069397,True,Right,0.8209108114242554
vid4,31,1033,0,0.4205555319786072,0.5051016807556152,5.390656951931305e-07,-0.09138921648263931,0.021357031539082527,0.013119339942932129,True,Right,0.8773024082183838
vid4,31,1033,1,0.48671892285346985,0.5009400248527527,0.02583278715610504,-0.060119353234767914,0.019422663375735283,0.02957436442375183,True,Right,0.8773024082183838
vid4,31,1033,2,0.5457434058189392,0.4949876070022583,0.0318521186709404,-0.030526136979460716,0.01885475032031536,0.049242570996284485,True,Right,0.8773024082183838
vid4,31,1033,3,0.583681583404541,0.50635826587677,0.03034062124788761,-0.0005727731622755527,0.015898572281003,0.06314907968044281,True,Right,0.8773024082183838
vid4,31,1033,4,0.6147475242614746,0.523898184299469,0.029170647263526917,0.018402691930532455,0.014288948848843575,0.07236864417791367,True,Right,0.8773024082183838
vid4,31,1033,5,0.5758867263793945,0.4364788234233856,0.032329075038433075,0.0034157324116677046,-0.006049889139831066,0.020690403878688812,True,Right,0.8773024082183838
vid4,31,1033,6,0.6396963000297546,0.4575846791267395,0.025109602138400078,0.030753260478377342,0.0015225999522954226,0.02080187201499939,True,Right,0.8773024082183838
vid4,31,1033,7,0.682335615158081,0.4956095516681671,0.015005369670689106,0.051911767572164536,0.009988809004426003,0.024409640580415726,True,Right,0.8773024082183838
vid4,31,1033,8,0.7134090662002563,0.5336052775382996,0.00923613365739584,0.06931842863559723,0.02669701911509037,0.025384902954101562,True,Right,0.8773024082183838
vid4,31,1033,9,0.5764254331588745,0.43813085556030273,0.012715823017060757,0.004014864098280668,-0.005664892494678497,0.0034543685615062714,True,Right,0.8773024082183838
vid4,31,1033,10,0.6428145170211792,0.46103137731552124,0.009299966506659985,0.03335501253604889,0.0004511774459388107,0.001828700304031372,True,Right,0.8773024082183838
vid4,31,1033,11,0.6879656314849854,0.501184344291687,0.0015206907410174608,0.056928690522909164,0.008905326016247272,0.006192594766616821,True,Right,0.8773024082183838
vid4,31,1033,12,0.7179932594299316,0.5416454076766968,-0.003637617453932762,0.07926434278488159,0.020880330353975296,0.017711162567138672,True,Right,0.8773024082183838
vid4,31,1033,13,0.5730211734771729,0.45582315325737,-0.006663809530436993,-0.0027939893770962954,0.00291262730024755,-0.01372268795967102,True,Right,0.8773024082183838
vid4,31,1033,14,0.6410292983055115,0.4767996072769165,-0.005134464241564274,0.02736429125070572,0.005181214306503534,-0.010825615376234055,True,Right,0.8773024082183838
vid4,31,1033,15,0.6845456957817078,0.5142409205436707,-0.005840310361236334,0.05500323325395584,0.018582789227366447,-0.007346943020820618,True,Right,0.8773024082183838
vid4,31,1033,16,0.7148454785346985,0.5493676662445068,-0.007270715665072203,0.07552384585142136,0.028711793944239616,0.0007168129086494446,True,Right,0.8773024082183838
vid4,31,1033,17,0.566013514995575,0.4905588626861572,-0.02491658553481102,-0.014867113903164864,0.01159835234284401,-0.021723002195358276,True,Right,0.8773024082183838
vid4,31,1033,18,0.6219384074211121,0.5039710402488708,-0.018773049116134644,0.009860048070549965,0.013887853361666203,-0.022083349525928497,True,Right,0.8773024082183838
vid4,31,1033,19,0.6555619835853577,0.5248372554779053,-0.011845283210277557,0.03155026212334633,0.02102348580956459,-0.016541406512260437,True,Right,0.8773024082183838
vid4,31,1033,20,0.6800693273544312,0.5455302000045776,-0.007112239953130484,0.05313188582658768,0.027933603152632713,-0.01208437979221344,True,Right,0.8773024082183838
vid4,32,1067,0,0.46489012241363525,0.4844498336315155,5.817771011606965e-07,-0.08907904475927353,0.02480003796517849,0.013531118631362915,True,Right,0.8290644884109497
vid4,32,1067,1,0.5339112877845764,0.4798947274684906,0.019678708165884018,-0.059077803045511246,0.021621428430080414,0.02831544727087021,True,Right,0.8290644884109497
vid4,32,1067,2,0.5889691114425659,0.4673929214477539,0.021366601809859276,-0.02999475784599781,0.02014966495335102,0.050471365451812744,True,Right,0.8290644884109497
vid4,32,1067,3,0.6266029477119446,0.4728604853153229,0.016297100111842155,-0.002362578408792615,0.011528486385941505,0.06981246173381805,True,Right,0.8290644884109497
vid4,32,1067,4,0.6617709398269653,0.4906389117240906,0.011356206610798836,0.017948083579540253,0.010837930254638195,0.08031238615512848,True,Right,0.8290644884109497
vid4,32,1067,5,0.6186477541923523,0.41075509786605835,0.02415991574525833,0.0019961700309067965,-0.007424874696880579,0.020207539200782776,True,Right,0.8290644884109497
vid4,32,1067,6,0.6827620267868042,0.4301888644695282,0.014398094266653061,0.029524510726332664,-0.0004238311084918678,0.018361538648605347,True,Right,0.8290644884109497
vid4,32,1067,7,0.7279671430587769,0.4617578685283661,0.0022229542955756187,0.051824901252985,0.005767226219177246,0.02009563148021698,True,Right,0.8290644884109497
vid4,32,1067,8,0.7630007863044739,0.49326643347740173,-0.005685143172740936,0.07553223520517349,0.020013457164168358,0.017961755394935608,True,Right,0.8290644884109497
vid4,32,1067,9,0.6206969618797302,0.4160909950733185,0.006111630238592625,0.003423305694013834,-0.00597878685221076,0.004035096615552902,True,Right,0.8290644884109497
vid4,32,1067,10,0.6892246603965759,0.43675822019577026,-0.00020512922492343932,0.03359806165099144,-0.0019810160156339407,-0.0014594197273254395,True,Right,0.8290644884109497
vid4,32,1067,11,0.7374384999275208,0.47146138548851013,-0.010207299143075943,0.059871573001146317,0.004262126516550779,0.0007587447762489319,True,Right,0.8290644884109497
vid4,32,1067,12,0.7702589631080627,0.5076426267623901,-0.01755685918033123,0.08803817629814148,0.014182981103658676,0.015485167503356934,True,Right,0.8290644884109497
vid4,32,1067,13,0.618166983127594,0.43704700469970703,-0.012019366025924683,-0.0018863811856135726,0.003159305779263377,-0.013068161904811859,True,Right,0.8290644884109497
vid4,32,1067,14,0.686539888381958,0.45409542322158813,-0.012633577920496464,0.02710578776896,0.0030239042825996876,-0.013758547604084015,True,Right,0.8290644884109497
vid4,32,1067,15,0.7309021949768066,0.4839390814304352,-0.014565559104084969,0.05650598928332329,0.0130466278642416,-0.014502644538879395,True,Right,0.8290644884109497
vid4,32,1067,16,0.7611561417579651,0.5132974982261658,-0.017376644536852837,0.08004503697156906,0.021728364750742912,-0.0066188424825668335,True,Right,0.8290644884109497
vid4,32,1067,17,0.6111732721328735,0.4747152328491211,-0.02956167794764042,-0.0150962108746171,0.012498637661337852,-0.021469846367836,True,Right,0.8290644884109497
vid4,32,1067,18,0.6670063734054565,0.47956353425979614,-0.025263004004955292,0.007968646474182606,0.012671028263866901,-0.024302225559949875,True,Right,0.8290644884109497
vid4,32,1067,19,0.7021344900131226,0.492797315120697,-0.019978618249297142,0.031632717698812485,0.0150655722245574,-0.022307783365249634,True,Right,0.8290644884109497
vid4,32,1067,20,0.728157639503479,0.5072870254516602,-0.016879059374332428,0.05602779984474182,0.02182900160551071,-0.01704050600528717,True,Right,0.8290644884109497
vid4,33,1100,0,0.5125191807746887,0.47628340125083923,4.994826667825691e-07,-0.08790187537670135,0.02635519951581955,0.01260402798652649,True,Right,0.7568684816360474
vid4,33,1100,1,0.5842925310134888,0.4877224862575531,0.018659649416804314,-0.05679824948310852,0.024029310792684555,0.03065287321805954,True,Right,0.7568684816360474
vid4,33,1100,2,0.6362885236740112,0.4766640067100525,0.020835308358073235,-0.02915658801794052,0.023913033306598663,0.05437672138214111,True,Right,0.7568684816360474
vid4,33,1100,3,0.6710859537124634,0.485871285200119,0.015618973411619663,-0.0008632403914816678,0.018042253330349922,0.07125481963157654,True,Right,0.7568684816360474
vid4,33,1100,4,0.7030107378959656,0.5082612633705139,0.009742483496665955,0.018092943355441093,0.01966068521142006,0.08121447265148163,True,Right,0.7568684816360474
vid4,33,1100,5,0.6696137189865112,0.402841717004776,0.026021407917141914,0.0028482158668339252,-0.006669808644801378,0.023694738745689392,True,Right,0.7568684816360474
vid4,33,1100,6,0.7306109666824341,0.4162667393684387,0.014512250199913979,0.030352788046002388,-0.00143184675835073,0.020095989108085632,True,Right,0.7568684816360474
vid4,33,1100,7,0.7755470275878906,0.44264480471611023,0.0002882652042899281,0.05326920747756958,0.003933787811547518,0.017832525074481964,True,Right,0.7568684816360474
vid4,33,1100,8,0.8112965226173401,0.47044646739959717,-0.009400972165167332,0.0793517455458641,0.015135634690523148,0.006523638963699341,True,Right,0.7568684816360474
vid4,33,1100,9,0.6698049306869507,0.4081328213214874,0.007312598172575235,0.002754579298198223,-0.0056674061343073845,0.005093250423669815,True,Right,0.7568684816360474
vid4,33,1100,10,0.7361089587211609,0.42263922095298767,-0.00011210369120817631,0.0342259518802166,-0.001924795564264059,-0.00457899272441864,True,Right,0.7568684816360474
vid4,33,1100,11,0.7850729823112488,0.44965389370918274,-0.012457843869924545,0.06095261871814728,0.0030025874730199575,-0.009069159626960754,True,Right,0.7568684816360474
vid4,33,1100,12,0.8216432929039001,0.48013293743133545,-0.02233053930103779,0.09224539995193481,0.010233977809548378,-0.002446770668029785,True,Right,0.7568684816360474
vid4,33,1100,13,0.6661278605461121,0.4283467233181,-0.012070927768945694,-0.0022028908133506775,0.003653839463368058,-0.015408486127853394,True,Right,0.7568684816360474
vid4,33,1100,14,0.731482982635498,0.4399314522743225,-0.016072336584329605,0.026443785056471825,0.003146982053294778,-0.02258872240781784,True,Right,0.7568684816360474
vid4,33,1100,15,0.7759742140769958,0.4644502103328705,-0.0217787753790617,0.05473899841308594,0.011692657135426998,-0.028475165367126465,True,Right,0.7568684816360474
vid4,33,1100,16,0.8079433441162109,0.4904744327068329,-0.027374135330319405,0.08033328503370285,0.018222970888018608,-0.027390271425247192,True,Right,0.7568684816360474
vid4,33,1100,17,0.6575038433074951,0.4627437889575958,-0.031041601672768593,-0.016449106857180595,0.013002326712012291,-0.02788388729095459,True,Right,0.7568684816360474
vid4,33,1100,18,0.7087704539299011,0.46329039335250854,-0.03250082582235336,0.005394156090915203,0.011882001534104347,-0.03318168967962265,True,Right,0.7568684816360474
vid4,33,1100,19,0.7437151074409485,0.4734137952327728,-0.031715668737888336,0.028609121218323708,0.013651708140969276,-0.03645883500576019,True,Right,0.7568684816360474
vid4,33,1100,20,0.7708070874214172,0.48602747917175293,-0.03192383050918579,0.05392979830503464,0.018536990508437157,-0.03638087958097458,True,Right,0.7568684816360474
vid4,34,1133,0,0.5632995367050171,0.4766267240047455,5.739884727518074e-07,-0.08521739393472672,0.028064727783203125,0.018563687801361084,True,Right,0.8488816022872925
vid4,34,1133,1,0.6336333155632019,0.5077583193778992,0.015260291285812855,-0.05387657508254051,0.027748603373765945,0.033341169357299805,True,Right,0.8488816022872925
vid4,34,1133,2,0.682520866394043,0.4951138198375702,0.013909269124269485,-0.02681950479745865,0.028365900740027428,0.05090627074241638,True,Right,0.8488816022872925
vid4,34,1133,3,0.7141225934028625,0.4974936544895172,0.005925444420427084,-0.0032079548109322786,0.02018800377845764,0.056506648659706116,True,Right,0.8488816022872925
vid4,34,1133,4,0.7446801662445068,0.5149153470993042,-0.0027650988195091486,0.013096659444272518,0.01988070271909237,0.05873015522956848,True,Right,0.8488816022872925
vid4,34,1133,5,0.720549464225769,0.41206392645835876,0.017593100666999817,0.003227498149499297,-0.0036063676234334707,0.021412014961242676,True,Right,0.8488816022872925
vid4,34,1133,6,0.783836305141449,0.42339062690734863,0.0030906342435628176,0.031765230000019073,0.00019361333397682756,0.016411632299423218,True,Right,0.8488816022872925
vid4,34,1133,7,0.8305866718292236,0.4529149830341339,-0.012339060194790363,0.05396109074354172,0.004594206809997559,0.01472511887550354,True,Right,0.8488816022872925
vid4,34,1133,8,0.8665771484375,0.48432457447052,-0.021938111633062363,0.0800083801150322,0.01763857901096344,0.0037760138511657715,True,Right,0.8488816022872925
vid4,34,1133,9,0.7189491987228394,0.40946173667907715,0.00042305956594645977,0.002626648638397455,-0.005353935062885284,0.004300452768802643,True,Right,0.8488816022872925
vid4,34,1133,10,0.78907710313797,0.42396804690361023,-0.00839301198720932,0.03516293317079544,-0.0028293754439800978,-0.005650907754898071,True,Right,0.8488816022872925
vid4,34,1133,11,0.8394315838813782,0.45359933376312256,-0.020963234826922417,0.060995183885097504,0.0029405313543975353,-0.010474346578121185,True,Right,0.8488816022872925
vid4,34,1133,12,0.8771650791168213,0.48751595616340637,-0.03064105287194252,0.09179531037807465,0.012707298621535301,-0.0038098394870758057,True,Right,0.8488816022872925
vid4,34,1133,13,0.7133101224899292,0.42388418316841125,-0.017218703404068947,-0.002416882896795869,0.0024513897951692343,-0.013493739068508148,True,Right,0.8488816022872925
vid4,34,1133,14,0.7813913822174072,0.43565472960472107,-0.022149303928017616,0.025720780715346336,0.0015140714822337031,-0.021479085087776184,True,Right,0.8488816022872925
vid4,34,1133,15,0.8246918320655823,0.4639962613582611,-0.027882739901542664,0.052291493862867355,0.011295442469418049,-0.027488917112350464,True,Right,0.8488816022872925
vid4,34,1133,16,0.8555417060852051,0.49634599685668945,-0.033283017575740814,0.07703226804733276,0.020909443497657776,-0.024493440985679626,True,Right,0.8488816022872925
vid4,34,1133,17,0.7029120922088623,0.4529944360256195,-0.034443654119968414,-0.016380220651626587,0.011000021360814571,-0.024304911494255066,True,Right,0.8488816022872925
vid4,34,1133,18,0.752525269985199,0.45648062229156494,-0.035060301423072815,0.003208138281479478,0.008580983616411686,-0.02842753753066063,True,Right,0.8488816022872925
vid4,34,1133,19,0.7854881882667542,0.4713954031467438,-0.03274162486195564,0.0252721905708313,0.011730073019862175,-0.03250060975551605,True,Right,0.8488816022872925
vid4,34,1133,20,0.8102597594261169,0.48912331461906433,-0.03166698291897774,0.04793112352490425,0.01952684484422207,-0.03494906425476074,True,Right,0.8488816022872925
vid4,35,1167,0,0.6150761842727661,0.48950234055519104,5.954157700216456e-07,-0.0849977359175682,0.030060656368732452,0.018650874495506287,True,Right,0.9336012005805969
vid4,35,1167,1,0.6872135400772095,0.5296835899353027,0.020357970148324966,-0.051107656210660934,0.02929961495101452,0.036915019154548645,True,Right,0.9336012005805969
vid4,35,1167,2,0.7348784804344177,0.5205326080322266,0.020257618278265,-0.024621227756142616,0.030611708760261536,0.05758211016654968,True,Right,0.9336012005805969
vid4,35,1167,3,0.7611733078956604,0.5239469408988953,0.012601295486092567,-0.0040654586628079414,0.024287400767207146,0.06442414969205856,True,Right,0.9336012005805969
vid4,35,1167,4,0.7862011194229126,0.5355179905891418,0.004872648511081934,0.008322336710989475,0.024069564417004585,0.06911144405603409,True,Right,0.9336012005805969
vid4,35,1167,5,0.7735114097595215,0.4172236919403076,0.017186401411890984,0.0055019063875079155,-0.006193391978740692,0.024803683161735535,True,Right,0.9336012005805969
vid4,35,1167,6,0.8403973579406738,0.4146544933319092,0.0021209113765507936,0.035053811967372894,-0.004098023287951946,0.01955544948577881,True,Right,0.9336012005805969
vid4,35,1167,7,0.8852800726890564,0.44446292519569397,-0.011599886231124401,0.0585080161690712,0.00041176879312843084,0.01822035014629364,True,Right,0.9336012005805969
vid4,35,1167,8,0.9181831479072571,0.4780980050563812,-0.019699865952134132,0.08093911409378052,0.015319915488362312,0.006791636347770691,True,Right,0.9336012005805969
vid4,35,1167,9,0.7671317458152771,0.41511836647987366,-0.0034383866004645824,0.0031334857922047377,-0.006452338304370642,0.004977971315383911,True,Right,0.9336012005805969
vid4,35,1167,10,0.8428202271461487,0.42051565647125244,-0.015176418237388134,0.03737987205386162,-0.005787667818367481,-0.0074639469385147095,True,Right,0.9336012005805969
vid4,35,1167,11,0.8925720453262329,0.4563494026660919,-0.027067597955465317,0.06234252080321312,0.001109961187466979,-0.012903675436973572,True,Right,0.9336012005805969
vid4,35,1167,12,0.9271228313446045,0.4976832866668701,-0.0350777842104435,0.0908346101641655,0.01328372023999691,-0.008898347616195679,True,Right,0.9336012005805969
vid4,35,1167,13,0.7570500373840332,0.434203565120697,-0.02394457906484604,-0.004504519049078226,0.0041046240366995335,-0.016463428735733032,True,Right,0.9336012005805969
vid4,35,1167,14,0.8268052935600281,0.4409957528114319,-0.031125720590353012,0.024298474192619324,0.0020986637100577354,-0.0258648619055748,True,Right,0.9336012005805969
vid4,35,1167,15,0.8699853420257568,0.4751226305961609,-0.037001561373472214,0.051657047122716904,0.013659277930855751,-0.030728250741958618,True,Right,0.9336012005805969
vid4,35,1167,16,0.8995110988616943,0.5141622424125671,-0.04143886640667915,0.07542136311531067,0.02492777816951275,-0.029912829399108887,True,Right,0.9336012005805969
vid4,35,1167,17,0.7432606816291809,0.47420546412467957,-0.04349000006914139,-0.020202402025461197,0.015425747260451317,-0.028825879096984863,True,Right,0.9336012005805969
vid4,35,1167,18,0.7907422184944153,0.48062312602996826,-0.0448850616812706,0.00032453230232931674,0.013965249992907047,-0.033384956419467926,True,Right,0.9336012005805969
vid4,35,1167,19,0.8224157094955444,0.49909859895706177,-0.04249129444360733,0.021364063024520874,0.02042749524116516,-0.03701584041118622,True,Right,0.9336012005805969
vid4,35,1167,20,0.8448889255523682,0.5223882794380188,-0.040897343307733536,0.043620139360427856,0.027793848887085915,-0.03823515772819519,True,Right,0.9336012005805969
vid4,36,1200,0,0.6656094193458557,0.501905620098114,4.2635483055164514e-07,-0.08832962810993195,0.03617222234606743,-0.012220814824104309,True,Right,0.9177500009536743
vid4,36,1200,1,0.7332651615142822,0.5597862601280212,0.04206637665629387,-0.06394518166780472,0.036892276257276535,0.02012345939874649,True,Right,0.9177500009536743
vid4,36,1200,2,0.7712414264678955,0.5614867806434631,0.05265791341662407,-0.03997911140322685,0.04087615758180618,0.050801753997802734,True,Right,0.9177500009536743
vid4,36,1200,3,0.7978043556213379,0.5657160878181458,0.050374485552310944,-0.018504926934838295,0.036507073789834976,0.0845627412199974,True,Right,0.9177500009536743
vid4,36,1200,4,0.8245265483856201,0.579885721206665,0.048032134771347046,-0.0009401653660461307,0.035332612693309784,0.12098821997642517,True,Right,0.9177500009536743
vid4,36,1200,5,0.8180237412452698,0.4291834533214569,0.05099422112107277,-0.0012292048195376992,-0.007389787118881941,0.032704710960388184,True,Right,0.9177500009536743
vid4,36,1200,6,0.8844868540763855,0.4333685338497162,0.04594571515917778,0.030524739995598793,-0.004122097976505756,0.03689157962799072,True,Right,0.9177500009536743
vid4,36,1200,7,0.9261550307273865,0.46587634086608887,0.03862462192773819,0.05255231261253357,0.004560617730021477,0.041519731283187866,True,Right,0.9177500009536743
vid4,36,1200,8,0.9560458064079285,0.5033388137817383,0.03397872671484947,0.07542328536510468,0.020677419379353523,0.03652408719062805,True,Right,0.9177500009536743
vid4,36,1200,9,0.8170477151870728,0.42178887128829956,0.020286614075303078,0.002656258875504136,-0.007485882844775915,0.0065813325345516205,True,Right,0.9177500009536743
vid4,36,1200,10,0.898176372051239,0.42999085783958435,0.01352987252175808,0.04126147925853729,-0.00649322709068656,0.006319195032119751,True,Right,0.9177500009536743
vid4,36,1200,11,0.9428107738494873,0.4752230644226074,0.00731124309822917,0.06312470138072968,0.004288066644221544,0.012405723333358765,True,Right,0.9177500009536743
vid4,36,1200,12,0.9702056646347046,0.5241912603378296,0.004043410066515207,0.08566869050264359,0.017344068735837936,0.025576293468475342,True,Right,0.9177500009536743
vid4,36,1200,13,0.8154537081718445,0.438315212726593,-0.010132161900401115,0.00029434889438562095,0.0021255426108837128,-0.02156965434551239,True,Right,0.9177500009536743
vid4,36,1200,14,0.895340085029602,0.46108710765838623,-0.012575852684676647,0.034070681780576706,0.005422770977020264,-0.019379347562789917,True,Right,0.9177500009536743
vid4,36,1200,15,0.9353888630867004,0.510671854019165,-0.012613462284207344,0.05866837501525879,0.0198423583060503,-0.01046675443649292,True,Right,0.9177500009536743
vid4,36,1200,16,0.9586067199707031,0.558167040348053,-0.012691606767475605,0.0780983418226242,0.03466535732150078,0.002147763967514038,True,Right,0.9177500009536743
vid4,36,1200,17,0.8120126724243164,0.4813205897808075,-0.038619186729192734,-0.011844747699797153,0.016080792993307114,-0.03959980607032776,True,Right,0.9177500009536743
vid4,36,1200,18,0.874126672744751,0.5011208653450012,-0.03549426794052124,0.014180036261677742,0.019730694591999054,-0.03912577033042908,True,Right,0.9177500009536743
vid4,36,1200,19,0.9058679938316345,0.5332974791526794,-0.02961554378271103,0.039022743701934814,0.02744755707681179,-0.03102286159992218,True,Right,0.9177500009536743
vid4,36,1200,20,0.9263939261436462,0.5664476752281189,-0.025609128177165985,0.0565088652074337,0.037128183990716934,-0.015655308961868286,True,Right,0.9177500009536743
vid4,37,1233,0,0.7085949778556824,0.5270513892173767,3.7275995623531344e-07,-0.08500415831804276,0.03406870365142822,-0.00413060188293457,True,Right,0.9482943415641785
vid4,37,1233,1,0.7652785778045654,0.5994613170623779,0.026099946349859238,-0.060055043548345566,0.03723824396729469,0.020508624613285065,True,Right,0.9482943415641785
vid4,37,1233,2,0.8098077178001404,0.6144734025001526,0.030447950586676598,-0.03669893369078636,0.04447690024971962,0.040868908166885376,True,Right,0.9482943415641785
vid4,37,1233,3,0.8400733470916748,0.6290867328643799,0.024493785575032234,-0.015482458285987377,0.046596430242061615,0.05917125940322876,True,Right,0.9482943415641785
vid4,37,1233,4,0.8637166619300842,0.6455270648002625,0.01796121522784233,-0.0008709145477041602,0.04531039297580719,0.08200378715991974,True,Right,0.9482943415641785
vid4,37,1233,5,0.8569552898406982,0.46402549743652344,0.031326934695243835,-0.0006306736031547189,-0.006133366841822863,0.030280232429504395,True,Right,0.9482943415641785
vid4,37,1233,6,0.9203728437423706,0.48168641328811646,0.023932354524731636,0.02842925861477852,0.003358913352712989,0.031094640493392944,True,Right,0.9482943415641785
vid4,37,1233,7,0.9561299681663513,0.5252838134765625,0.01619497686624527,0.04702749475836754,0.014797123149037361,0.03401767462491989,True,Right,0.9482943415641785
vid4,37,1233,8,0.9785561561584473,0.5689898729324341,0.011296079494059086,0.06153342127799988,0.03287941589951515,0.02630927413702011,True,Right,0.9482943415641785
vid4,37,1233,9,0.854844331741333,0.45054152607917786,0.007675160653889179,0.003215079428628087,-0.007772490847855806,0.006262201815843582,True,Right,0.9482943415641785
vid4,37,1233,10,0.9345253109931946,0.466895192861557,-0.00044885065290145576,0.0396852008998394,-0.001911186147481203,0.00615517795085907,True,Right,0.9482943415641785
vid4,37,1233,11,0.9712429642677307,0.5248557329177856,-0.005860339850187302,0.05739431455731392,0.013779056258499622,0.006506055593490601,True,Right,0.9482943415641785
vid4,37,1233,12,0.9902684688568115,0.582671046257019,-0.00907977856695652,0.07253691554069519,0.03132028505206108,0.013305962085723877,True,Right,0.9482943415641785
vid4,37,1233,13,0.8502328991889954,0.46270236372947693,-0.016524111852049828,0.0006609309930354357,0.0021684090606868267,-0.02036898583173752,True,Right,0.9482943415641785
vid4,37,1233,14,0.9308170080184937,0.49502938985824585,-0.02513953670859337,0.03276607021689415,0.009686608798801899,-0.020428180694580078,True,Right,0.9482943415641785
vid4,37,1233,15,0.9644474983215332,0.5645052194595337,-0.029519394040107727,0.05018315091729164,0.030194636434316635,-0.015479981899261475,True,Right,0.9482943415641785
vid4,37,1233,16,0.9796112179756165,0.6251797080039978,-0.032121140509843826,0.06273949891328812,0.050185590982437134,-0.009876526892185211,True,Right,0.9482943415641785
vid4,37,1233,17,0.8442420363426208,0.49974513053894043,-0.03947930410504341,-0.010669844225049019,0.015287667512893677,-0.037792980670928955,True,Right,0.9482943415641785
vid4,37,1233,18,0.9062575697898865,0.5362728238105774,-0.043478935956954956,0.013166292570531368,0.022473111748695374,-0.03655226528644562,True,Right,0.9482943415641785
vid4,37,1233,19,0.9309712648391724,0.5883916616439819,-0.04147082939743996,0.0325433611869812,0.03653327748179436,-0.029474854469299316,True,Right,0.9482943415641785
vid4,37,1233,20,0.9427489638328552,0.6353520750999451,-0.039941851049661636,0.04110435023903847,0.05203789472579956,-0.02125149965286255,True,Right,0.9482943415641785
vid4,38,1267,0,0.7325917482376099,0.5462169051170349,3.6111160284235666e-07,-0.07653253525495529,0.02662808448076248,0.001425430178642273,True,Right,0.9681744575500488
vid4,38,1267,1,0.7889180183410645,0.6328722834587097,0.019927730783820152,-0.05325958505272865,0.032683391124010086,0.021686065942049026,True,Right,0.9681744575500488
vid4,38,1267,2,0.8345142006874084,0.6585725545883179,0.02065594121813774,-0.03021116368472576,0.04561334103345871,0.038510531187057495,True,Right,0.9681744575500488
vid4,38,1267,3,0.866771936416626,0.6876108646392822,0.011740578338503838,-0.009244984947144985,0.05397950857877731,0.06036412715911865,True,Right,0.9681744575500488
vid4,38,1267,4,0.8907828330993652,0.7152520418167114,0.0024456006940454245,0.004727679770439863,0.056156206876039505,0.08508937060832977,True,Right,0.9681744575500488
vid4,38,1267,5,0.8758071064949036,0.4977150857448578,0.024463295936584473,-0.001496617216616869,-0.0034088583197444677,0.02805006131529808,True,Right,0.9681744575500488
vid4,38,1267,6,0.9358488321304321,0.5445110201835632,0.014083913527429104,0.025872621685266495,0.013779234141111374,0.027526482939720154,True,Right,0.9681744575500488
vid4,38,1267,7,0.9655240178108215,0.6096798181533813,0.0029102603439241648,0.042402781546115875,0.028850378468632698,0.029198691248893738,True,Right,0.9681744575500488
vid4,38,1267,8,0.9802446365356445,0.662624716758728,-0.004631228279322386,0.04880132898688316,0.048826057463884354,0.021635591983795166,True,Right,0.9681744575500488
vid4,38,1267,9,0.8735144734382629,0.4814693033695221,0.0021611128468066454,0.0018151529366150498,-0.006724352482706308,0.006788130849599838,True,Right,0.9681744575500488
vid4,38,1267,10,0.952664852142334,0.5282596349716187,-0.007631625980138779,0.03751140087842941,0.006594087928533554,0.004672005772590637,True,Right,0.9681744575500488
vid4,38,1267,11,0.9820739030838013,0.603484034538269,-0.01578771509230137,0.050942398607730865,0.023929337039589882,0.006210014224052429,True,Right,0.9681744575500488
vid4,38,1267,12,0.9925268888473511,0.6617243885993958,-0.021167850121855736,0.05951280891895294,0.04011810943484306,0.009743541479110718,True,Right,0.9681744575500488
vid4,38,1267,13,0.8684620261192322,0.4912552237510681,-0.02079286426305771,0.0007010769913904369,7.250384805956855e-05,-0.018692485988140106,True,Right,0.9681744575500488
vid4,38,1267,14,0.9478808045387268,0.5401825308799744,-0.03223908692598343,0.029261523857712746,0.010413198731839657,-0.018197156488895416,True,Right,0.9681744575500488
vid4,38,1267,15,0.9703937768936157,0.6226548552513123,-0.03770239278674126,0.042043838649988174,0.03168880194425583,-0.014253199100494385,True,Right,0.9681744575500488
vid4,38,1267,16,0.9732828140258789,0.6822818517684937,-0.04071313515305519,0.04483100771903992,0.0505511574447155,-0.010511964559555054,True,Right,0.9681744575500488
vid4,38,1267,17,0.862144410610199,0.527831494808197,-0.043009933084249496,-0.009738713502883911,0.007937365211546421,-0.03588534891605377,True,Right,0.9681744575500488
vid4,38,1267,18,0.9222305417060852,0.5814307928085327,-0.04930996149778366,0.013216960243880749,0.020414656028151512,-0.032597191631793976,True,Right,0.9681744575500488
vid4,38,1267,19,0.9305755496025085,0.6448254585266113,-0.04674329236149788,0.023148084059357643,0.03687508404254913,-0.025400668382644653,True,Right,0.9681744575500488
vid4,38,1267,20,0.922906756401062,0.6950595378875732,-0.044664666056632996,0.018991444259881973,0.051745105534791946,-0.019280076026916504,True,Right,0.9681744575500488
vid4,39,1300,0,0.7527270913124084,0.5566040873527527,2.857011054402392e-07,-0.07567247003316879,0.029558850452303886,0.002007570117712021,True,Right,0.9486330151557922
vid4,39,1300,1,0.810192346572876,0.6363029479980469,0.03246702998876572,-0.054114073514938354,0.032201774418354034,0.023417413234710693,True,Right,0.9486330151557922
vid4,39,1300,2,0.8451880812644958,0.6505598425865173,0.03813770413398743,-0.033012840896844864,0.04258016124367714,0.047191739082336426,True,Right,0.9486330151557922
vid4,39,1300,3,0.8699914813041687,0.6669790148735046,0.031383030116558075,-0.014118223451077938,0.04570340737700462,0.07426275312900543,True,Right,0.9486330151557922
vid4,39,1300,4,0.892270565032959,0.6774489879608154,0.02430993691086769,-0.0015627312241122127,0.042449988424777985,0.10607491433620453,True,Right,0.9486330151557922
vid4,39,1300,5,0.8845450282096863,0.4917280673980713,0.033009883016347885,-0.001308938255533576,-0.00545072415843606,0.026778660714626312,True,Right,0.9486330151557922
vid4,39,1300,6,0.9472822546958923,0.5463646054267883,0.02128501795232296,0.023689022287726402,0.012553153559565544,0.030301004648208618,True,Right,0.9486330151557922
vid4,39,1300,7,0.9592885375022888,0.6219570636749268,0.009416239336133003,0.03413714841008186,0.030748195946216583,0.037929221987724304,True,Right,0.9486330151557922
vid4,39,1300,8,0.955384373664856,0.6822774410247803,0.002898238133639097,0.031049184501171112,0.050022829324007034,0.03643649071455002,True,Right,0.9486330151557922
vid4,39,1300,9,0.884425163269043,0.47571855783462524,0.007269067224115133,0.0016233529895544052,-0.0062665496952831745,0.0060960277915000916,True,Right,0.9486330151557922
vid4,39,1300,10,0.9631358981132507,0.5452806353569031,-0.0026472953613847494,0.03690474107861519,0.010016621090471745,0.00508011132478714,True,Right,0.9486330151557922
vid4,39,1300,11,0.9729788303375244,0.6314641237258911,-0.009945094585418701,0.042108289897441864,0.03067552112042904,0.012809067964553833,True,Right,0.9486330151557922
vid4,39,1300,12,0.9642325043678284,0.6951165199279785,-0.01404629461467266,0.039075009524822235,0.04834964498877525,0.021495789289474487,True,Right,0.9486330151557922
vid4,39,1300,13,0.8830476403236389,0.4871837794780731,-0.01805780827999115,0.001466531422920525,0.0008323342772200704,-0.01872793585062027,True,Right,0.9486330151557922
vid4,39,1300,14,0.9608253240585327,0.5678150057792664,-0.025371870025992393,0.029311958700418472,0.017605332657694817,-0.01568841189146042,True,Right,0.9486330151557922
vid4,39,1300,15,0.9617079496383667,0.6513632535934448,-0.026064898818731308,0.03295125067234039,0.037973735481500626,-0.008055388927459717,True,Right,0.9486330151557922
vid4,39,1300,16,0.9442002177238464,0.7068394422531128,-0.02581946551799774,0.025971774011850357,0.05599874258041382,0.0006608255207538605,True,Right,0.9486330151557922
vid4,39,1300,17,0.8808740377426147,0.5241248607635498,-0.04199664294719696,-0.00809528399258852,0.009994463063776493,-0.03358592092990875,True,Right,0.9486330151557922
vid4,39,1300,18,0.9294059872627258,0.6087539196014404,-0.04343264549970627,0.011412025429308414,0.02609146572649479,-0.02957046590745449,True,Right,0.9486330151557922
vid4,39,1300,19,0.9273343086242676,0.6707953214645386,-0.038784194737672806,0.018051253631711006,0.0421014130115509,-0.018780618906021118,True,Right,0.9486330151557922
vid4,39,1300,20,0.9120639562606812,0.71468585729599,-0.03517748787999153,0.011143558658659458,0.05529658868908882,-0.007822677493095398,True,Right,0.9486330151557922
vid4,40,1333,0,0.7663607001304626,0.5500611662864685,2.3480097866013239e-07,-0.07361198961734772,0.028028907254338264,-0.0031270384788513184,True,Right,0.9641947746276855
vid4,40,1333,1,0.8116275668144226,0.6316325068473816,0.022588487714529037,-0.05373551324009895,0.032176051288843155,0.01872960478067398,True,Right,0.9641947746276855
vid4,40,1333,2,0.8458236455917358,0.6462187767028809,0.025430671870708466,-0.03522836044430733,0.042361147701740265,0.041461408138275146,True,Right,0.9641947746276855
vid4,40,1333,3,0.8663018941879272,0.6537973880767822,0.018742330372333527,-0.020061204209923744,0.04362195357680321,0.07111481577157974,True,Right,0.9641947746276855
vid4,40,1333,4,0.8848644495010376,0.6539127230644226,0.01186859980225563,-0.009869216941297054,0.037583258002996445,0.10508649051189423,True,Right,0.9641947746276855
vid4,40,1333,5,0.8913206458091736,0.4930787980556488,0.024335309863090515,-0.0032475751359015703,-0.003944955300539732,0.025269724428653717,True,Right,0.9641947746276855
vid4,40,1333,6,0.9514809846878052,0.5516281127929688,0.01041156705468893,0.020860129967331886,0.015415345318615437,0.02937796711921692,True,Right,0.9641947746276855
vid4,40,1333,7,0.9600805044174194,0.6265209913253784,-0.003696200205013156,0.029283585026860237,0.03307565301656723,0.035368092358112335,True,Right,0.9641947746276855
vid4,40,1333,8,0.9483432173728943,0.6841545701026917,-0.010733617469668388,0.022091571241617203,0.05317465215921402,0.032499827444553375,True,Right,0.9641947746276855
vid4,40,1333,9,0.8934128880500793,0.47657158970832825,0.004605142865329981,0.0012155938893556595,-0.0061463965103030205,0.006878133863210678,True,Right,0.9641947746276855
vid4,40,1333,10,0.9700485467910767,0.5460785627365112,-0.003269520588219166,0.036192379891872406,0.011661478318274021,0.007015787065029144,True,Right,0.9641947746276855
vid4,40,1333,11,0.9787198305130005,0.6300256252288818,-0.010429801419377327,0.04116102308034897,0.03166193142533302,0.011832952499389648,True,Right,0.9641947746276855
vid4,40,1333,12,0.9675555229187012,0.6897013187408447,-0.014955000020563602,0.03651227429509163,0.04947671294212341,0.016644954681396484,True,Right,0.9641947746276855
vid4,40,1333,13,0.8932527303695679,0.4861289858818054,-0.01554984599351883,0.002193292137235403,-0.0007947030826471746,-0.01719503104686737,True,Right,0.9641947746276855
vid4,40,1333,14,0.9742349982261658,0.5609603524208069,-0.022124463692307472,0.031067846342921257,0.01589135266840458,-0.013699531555175781,True,Right,0.9641947746276855
vid4,40,1333,15,0.9794872403144836,0.6406524777412415,-0.025351425632834435,0.037030160427093506,0.036229223012924194,-0.009033888578414917,True,Right,0.9641947746276855
vid4,40,1333,16,0.9639084935188293,0.6928040981292725,-0.027543503791093826,0.031346868723630905,0.054668206721544266,-0.005219276994466782,True,Right,0.9641947746276855
vid4,40,1333,17,0.8909021615982056,0.5200167894363403,-0.03481440618634224,-0.007160022854804993,0.007518372964113951,-0.03279788792133331,True,Right,0.9641947746276855
vid4,40,1333,18,0.9367896914482117,0.6047533750534058,-0.03778725117444992,0.011708587408065796,0.02605171874165535,-0.028251580893993378,True,Right,0.9641947746276855
vid4,40,1333,19,0.9333497881889343,0.6649933457374573,-0.035798560827970505,0.015374237671494484,0.04276229441165924,-0.018533632159233093,True,Right,0.9641947746276855
vid4,40,1333,20,0.9157285094261169,0.7052206993103027,-0.034292642027139664,0.007106970064342022,0.05400056391954422,-0.008546799421310425,True,Right,0.9641947746276855
vid4,41,1367,0,0.7801737785339355,0.5314955115318298,1.49138031702023e-07,-0.07279883325099945,0.02448652684688568,-0.0013580694794654846,True,Right,0.9657562375068665
vid4,41,1367,1,0.8256883025169373,0.6111616492271423,0.022438911721110344,-0.0530465729534626,0.02949700690805912,0.01893812045454979,True,Right,0.9657562375068665
vid4,41,1367,2,0.8609287142753601,0.6303595900535583,0.02547428198158741,-0.034996386617422104,0.04106678441166878,0.039924055337905884,True,Right,0.9657562375068665
vid4,41,1367,3,0.8825953006744385,0.6497393846511841,0.018599633127450943,-0.01879202574491501,0.045852262526750565,0.0636482983827591,True,Right,0.9657562375068665
vid4,41,1367,4,0.9028487205505371,0.6587996482849121,0.011778735555708408,-0.007015700452029705,0.0422823429107666,0.09343867003917694,True,Right,0.9657562375068665
vid4,41,1367,5,0.9044981002807617,0.4780082702636719,0.02926103211939335,-0.004026873968541622,-0.003728611161932349,0.025159092620015144,True,Right,0.9657562375068665
vid4,41,1367,6,0.958976149559021,0.5435771346092224,0.01510671153664589,0.01891591027379036,0.016953831538558006,0.02764536440372467,True,Right,0.9657562375068665
vid4,41,1367,7,0.9624616503715515,0.6166809797286987,0.0001310307125095278,0.025588776916265488,0.033233895897865295,0.03284190595149994,True,Right,0.9657562375068665
vid4,41,1367,8,0.946102499961853,0.6713768243789673,-0.007082329597324133,0.01426509115844965,0.05442244932055473,0.02977083995938301,True,Right,0.9657562375068665
vid4,41,1367,9,0.9069330096244812,0.4645642638206482,0.009557525627315044,0.001391638652421534,-0.006567471195012331,0.006644211709499359,True,Right,0.9657562375068665
vid4,41,1367,10,0.9773101806640625,0.5431402325630188,0.001193037023767829,0.034591011703014374,0.01360235270112753,0.006227158010005951,True,Right,0.9657562375068665
vid4,41,1367,11,0.9819373488426208,0.6227123737335205,-0.007555804681032896,0.03726983070373535,0.034343138337135315,0.011345133185386658,True,Right,0.9657562375068665
vid4,41,1367,12,0.9671319723129272,0.6782217621803284,-0.012816160917282104,0.029658682644367218,0.050369009375572205,0.017855286598205566,True,Right,0.9657562375068665
vid4,41,1367,13,0.9062871336936951,0.47665268182754517,-0.01105051301419735,0.002846186049282551,0.00010720313002821058,-0.016873203217983246,True,Right,0.9657562375068665
vid4,41,1367,14,0.9803808927536011,0.5542068481445312,-0.01792658492922783,0.02951006218791008,0.017805928364396095,-0.014487728476524353,True,Right,0.9657562375068665
vid4,41,1367,15,0.9828502535820007,0.6322715282440186,-0.022098585963249207,0.03452155739068985,0.03892269358038902,-0.009802311658859253,True,Right,0.9657562375068665
vid4,41,1367,16,0.9643832445144653,0.683648943901062,-0.023974357172846794,0.02624059095978737,0.05578884854912758,-0.0051993802189826965,True,Right,0.9657562375068665
vid4,41,1367,17,0.9036509990692139,0.5124981999397278,-0.03076755441725254,-0.006125991698354483,0.008107472211122513,-0.031441450119018555,True,Right,0.9657562375068665
vid4,41,1367,18,0.9516652822494507,0.5830327868461609,-0.03328600525856018,0.013457679189741611,0.024256238713860512,-0.0286402590572834,True,Right,0.9657562375068665
vid4,41,1367,19,0.9511604905128479,0.6420655250549316,-0.03130705654621124,0.019417639821767807,0.04036527872085571,-0.020693838596343994,True,Right,0.9657562375068665
vid4,41,1367,20,0.9352056980133057,0.6844298243522644,-0.029455959796905518,0.01283038966357708,0.05413009226322174,-0.013858914375305176,True,Right,0.9657562375068665
vid4,42,1400,0,0.7938932180404663,0.49836915731430054,2.544051653785573e-07,-0.07580123096704483,0.024172162637114525,-0.0013172104954719543,True,Right,0.9769596457481384
vid4,42,1400,1,0.8372131586074829,0.5655775666236877,0.0241069458425045,-0.05205967649817467,0.029925361275672913,0.018650665879249573,True,Right,0.9769596457481384
vid4,42,1400,2,0.8775380253791809,0.5772663950920105,0.030717434361577034,-0.032674018293619156,0.038203250616788864,0.04097241163253784,True,Right,0.9769596457481384
vid4,42,1400,3,0.9051614999771118,0.5958685874938965,0.027675636112689972,-0.014170529320836067,0.04422377049922943,0.06509478390216827,True,Right,0.9769596457481384
vid4,42,1400,4,0.9294936060905457,0.6124318838119507,0.023918654769659042,0.0002993071684613824,0.04463335499167442,0.09311168640851974,True,Right,0.9769596457481384
vid4,42,1400,5,0.9189245700836182,0.43951839208602905,0.031083285808563232,-0.003110910300165415,-0.0045076655223965645,0.026575691998004913,True,Right,0.9769596457481384
vid4,42,1400,6,0.9752398133277893,0.4892047345638275,0.022824633866548538,0.020032702013850212,0.0135825015604496,0.027456924319267273,True,Right,0.9769596457481384
vid4,42,1400,7,0.9951456189155579,0.5554291009902954,0.012166356667876244,0.03416074067354202,0.028714770451188087,0.02958878129720688,True,Right,0.9769596457481384
vid4,42,1400,8,0.99726402759552,0.6112055778503418,0.005418773274868727,0.034569840878248215,0.050960343331098557,0.021587271243333817,True,Right,0.9769596457481384
vid4,42,1400,9,0.9195436239242554,0.43280988931655884,0.01088954322040081,0.0012500137090682983,-0.006715315859764814,0.007104739546775818,True,Right,0.9769596457481384
vid4,42,1400,10,0.9838011860847473,0.49122369289398193,0.004149341490119696,0.03006639890372753,0.011729965917766094,0.004825465381145477,True,Right,0.9769596457481384
vid4,42,1400,11,1.0004792213439941,0.568079948425293,-0.005495730321854353,0.03788581117987633,0.031886786222457886,0.005184099078178406,True,Right,0.9769596457481384
vid4,42,1400,12,0.9981440901756287,0.6282680034637451,-0.012782241217792034,0.03948264196515083,0.051791246980428696,0.010526388883590698,True,Right,0.9769596457481384
vid4,42,1400,13,0.9180962443351746,0.44616442918777466,-0.00960861798375845,0.0025809176731854677,0.0012855278328061104,-0.017296135425567627,True,Right,0.9769596457481384
vid4,42,1400,14,0.9830359816551208,0.5107216835021973,-0.01847245544195175,0.025359103456139565,0.017044972628355026,-0.015457548201084137,True,Right,0.9769596457481384
vid4,42,1400,15,0.9926484227180481,0.5912618041038513,-0.02650696597993374,0.03194247558712959,0.04205204173922539,-0.011894375085830688,True,Right,0.9769596457481384
vid4,42,1400,16,0.9824275374412537,0.6478230953216553,-0.0315169133245945,0.029268065467476845,0.05992851406335831,-0.01062784343957901,True,Right,0.9769596457481384
vid4,42,1400,17,0.9169902205467224,0.4777621924877167,-0.02873014286160469,-0.0065782275050878525,0.008510899730026722,-0.032993048429489136,True,Right,0.9769596457481384
vid4,42,1400,18,0.9622631669044495,0.5385900735855103,-0.035310275852680206,0.010678605176508427,0.02243318036198616,-0.02988317236304283,True,Right,0.9769596457481384
vid4,42,1400,19,0.9609590768814087,0.5972704887390137,-0.03683868795633316,0.017557425424456596,0.03916666656732559,-0.023698896169662476,True,Right,0.9769596457481384
vid4,42,1400,20,0.9436039328575134,0.6412945985794067,-0.037412963807582855,0.010385422967374325,0.055369287729263306,-0.018009215593338013,True,Right,0.9769596457481384
vid4,43,1433,0,0.806623101234436,0.4492701292037964,1.7122310680406372e-07,-0.07782386243343353,0.027330195531249046,0.00417637825012207,True,Right,0.989341676235199
vid4,43,1433,1,0.8528624773025513,0.5054783821105957,0.037362173199653625,-0.05450483039021492,0.032690346240997314,0.0206214040517807,True,Right,0.989341676235199
vid4,43,1433,2,0.8926587700843811,0.5060678720474243,0.05080733448266983,-0.030549971386790276,0.040353428572416306,0.043648719787597656,True,Right,0.989341676235199
vid4,43,1433,3,0.923214852809906,0.5185433030128479,0.051886312663555145,-0.00895109586417675,0.041090209037065506,0.06245154142379761,True,Right,0.989341676235199
vid4,43,1433,4,0.9480023384094238,0.5271748900413513,0.05205083638429642,0.007747820112854242,0.038412827998399734,0.08284172415733337,True,Right,0.989341676235199
vid4,43,1433,5,0.9312238097190857,0.37693318724632263,0.052701666951179504,-0.00040891350363381207,-0.006486676633358002,0.029228877276182175,True,Right,0.989341676235199
vid4,43,1433,6,0.9848655462265015,0.4293358623981476,0.05065496638417244,0.022547556087374687,0.014528590254485607,0.030185118317604065,True,Right,0.989341676235199
vid4,43,1433,7,1.0003472566604614,0.49655207991600037,0.04154180735349655,0.03426910936832428,0.029226090759038925,0.03121478110551834,True,Right,0.989341676235199
vid4,43,1433,8,0.9959283471107483,0.5498711466789246,0.03646019846200943,0.029077431187033653,0.052338384091854095,0.022493068128824234,True,Right,0.989341676235199
vid4,43,1433,9,0.9302421808242798,0.3717916011810303,0.029368536546826363,0.0020697310101240873,-0.007672504056245089,0.007189728319644928,True,Right,0.989341676235199
vid4,43,1433,10,0.9895272850990295,0.4345413148403168,0.03210942819714546,0.029548557475209236,0.012400978244841099,0.0076956599950790405,True,Right,0.989341676235199
vid4,43,1433,11,0.9998248815536499,0.5078132748603821,0.02398553676903248,0.03675510361790657,0.033664412796497345,0.008852660655975342,True,Right,0.989341676235199
vid4,43,1433,12,0.9895573258399963,0.5620505213737488,0.01714562065899372,0.031786561012268066,0.05318117514252663,0.014492243528366089,True,Right,0.989341676235199
vid4,43,1433,13,0.9282997846603394,0.38663244247436523,0.006406766828149557,0.0004758252762258053,0.0008834570762701333,-0.01913709193468094,True,Right,0.989341676235199
vid4,43,1433,14,0.9845746159553528,0.4528600871562958,0.00968441367149353,0.023580623790621758,0.01847328618168831,-0.014991335570812225,True,Right,0.989341676235199
vid4,43,1433,15,0.9879717230796814,0.5264876484870911,0.004823113791644573,0.028151968494057655,0.0431133508682251,-0.01192358136177063,True,Right,0.989341676235199
vid4,43,1433,16,0.9727082252502441,0.5762267708778381,0.00039854375063441694,0.020219510421156883,0.05976786091923714,-0.008016001433134079,True,Right,0.989341676235199
vid4,43,1433,17,0.9280286431312561,0.4186275005340576,-0.014553471468389034,-0.010459172539412975,0.012171195819973946,-0.03545747697353363,True,Right,0.989341676235199
vid4,43,1433,18,0.9719710350036621,0.47493812441825867,-0.009635250084102154,0.008716504089534283,0.024381740018725395,-0.033369116485118866,True,Right,0.989341676235199
vid4,43,1433,19,0.9723882079124451,0.530250608921051,-0.007281256839632988,0.01911792904138565,0.04057109355926514,-0.02702319622039795,True,Right,0.989341676235199
vid4,43,1433,20,0.9580582976341248,0.5736280679702759,-0.006126059219241142,0.01283982489258051,0.05726168677210808,-0.017577730119228363,True,Right,0.989341676235199
vid4,44,1467,0,0.8137782216072083,0.38635125756263733,7.387920675228088e-08,-0.0815110132098198,0.031744834035634995,0.005943804979324341,True,Right,0.9851251840591431
vid4,44,1467,1,0.8627026677131653,0.4365772306919098,0.05891270935535431,-0.055707428604364395,0.0372304692864418,0.021893750876188278,True,Right,0.9851251840591431
vid4,44,1467,2,0.9023799300193787,0.4391109347343445,0.08332215249538422,-0.03183819353580475,0.045729056000709534,0.04374071955680847,True,Right,0.9851251840591431
vid4,44,1467,3,0.9335507750511169,0.4544226825237274,0.0915057361125946,-0.005940374918282032,0.04581262543797493,0.05739465355873108,True,Right,0.9851251840591431
vid4,44,1467,4,0.9597638249397278,0.46458420157432556,0.09794732928276062,0.014956592582166195,0.04532391577959061,0.07061789929866791,True,Right,0.9851251840591431
vid4,44,1467,5,0.9367825388908386,0.30555349588394165,0.0851716473698616,-0.002553503029048443,-0.006217133719474077,0.02963457815349102,True,Right,0.9851251840591431
vid4,44,1467,6,0.986020028591156,0.35297006368637085,0.0976298600435257,0.025379646569490433,0.01196332834661007,0.03324967622756958,True,Right,0.9851251840591431
vid4,44,1467,7,1.0001345872879028,0.41442662477493286,0.09654852002859116,0.03616015985608101,0.02741941623389721,0.03671502321958542,True,Right,0.9851251840591431
vid4,44,1467,8,0.9969482421875,0.4597562253475189,0.09516555070877075,0.031211061403155327,0.04994208738207817,0.029810182750225067,True,Right,0.9851251840591431
vid4,44,1467,9,0.9368510842323303,0.3006438612937927,0.05395137518644333,0.0017401890363544226,-0.007893641479313374,0.00707128643989563,True,Right,0.9851251840591431
vid4,44,1467,10,0.990924596786499,0.3636261224746704,0.06924477964639664,0.030421851202845573,0.010871886275708675,0.01057027280330658,True,Right,0.9851251840591431
vid4,44,1467,11,0.9975330829620361,0.43532705307006836,0.065858855843544,0.037897586822509766,0.033627234399318695,0.015780657529830933,True,Right,0.9851251840591431
vid4,44,1467,12,0.9853317141532898,0.4834347069263458,0.06137126684188843,0.029599184170365334,0.05115245655179024,0.02593061327934265,True,Right,0.9851251840591431
vid4,44,1467,13,0.9356005787849426,0.3152967691421509,0.024454709142446518,0.0008121634018607438,0.0020168765913695097,-0.019135549664497375,True,Right,0.9851251840591431
vid4,44,1467,14,0.9875054359436035,0.37784162163734436,0.03951050713658333,0.026202457025647163,0.018806369975209236,-0.012957651168107986,True,Right,0.9851251840591431
vid4,44,1467,15,0.9878469705581665,0.45064422488212585,0.04059205204248428,0.031898804008960724,0.0430566631257534,-0.006697565317153931,True,Right,0.9851251840591431
vid4,44,1467,16,0.9733325839042664,0.4997643828392029,0.03843158483505249,0.023295845836400986,0.06125913932919502,0.002913419157266617,True,Right,0.9851251840591431
vid4,44,1467,17,0.9360032081604004,0.3488730788230896,-0.001577606424689293,-0.009038958698511124,0.01452001091092825,-0.03608916699886322,True,Right,0.9851251840591431
vid4,44,1467,18,0.9787161946296692,0.39946797490119934,0.012599039822816849,0.011910025961697102,0.025462698191404343,-0.03582775592803955,True,Right,0.9851251840591431
vid4,44,1467,19,0.9805666208267212,0.4540148973464966,0.019566552713513374,0.023366199806332588,0.04331930726766586,-0.02837216854095459,True,Right,0.9851251840591431
vid4,44,1467,20,0.970236599445343,0.49665120244026184,0.022808536887168884,0.019657796248793602,0.060244206339120865,-0.014673665165901184,True,Right,0.9851251840591431
vid4,45,1500,0,0.8245195746421814,0.3226909935474396,9.850326421201316e-08,-0.0793231874704361,0.03683941066265106,0.009019196033477783,True,Right,0.9880107045173645
vid4,45,1500,1,0.8732978701591492,0.3700432777404785,0.040987949818372726,-0.05181947350502014,0.04035729169845581,0.02272600680589676,True,Right,0.9880107045173645
vid4,45,1500,2,0.9140958786010742,0.36920052766799927,0.056868214160203934,-0.026106687262654305,0.0476115345954895,0.045044153928756714,True,Right,0.9880107045173645
vid4,45,1500,3,0.9464408755302429,0.382368803024292,0.060460012406110764,-0.0009939592564478517,0.04671128839254379,0.06062817573547363,True,Right,0.9880107045173645
vid4,45,1500,4,0.9704429507255554,0.39095813035964966,0.06338806450366974,0.016784297302365303,0.044522471725940704,0.07951979339122772,True,Right,0.9880107045173645
vid4,45,1500,5,0.9435986876487732,0.23297366499900818,0.06132080405950546,-0.0011060672113671899,-0.004722369834780693,0.02862343192100525,True,Right,0.9880107045173645
vid4,45,1500,6,0.9939002990722656,0.2861458659172058,0.06578905135393143,0.02608807198703289,0.013790946453809738,0.03017592430114746,True,Right,0.9880107045173645
vid4,45,1500,7,1.005196452140808,0.34970739483833313,0.06002846732735634,0.03636451065540314,0.02898331731557846,0.03164304792881012,True,Right,0.9880107045173645
vid4,45,1500,8,0.9971286058425903,0.39711055159568787,0.056471120566129684,0.02731671929359436,0.054805610328912735,0.02321035787463188,True,Right,0.9880107045173645
vid4,45,1500,9,0.9427632689476013,0.22894123196601868,0.03886912763118744,0.0020057223737239838,-0.007985992357134819,0.007780209183692932,True,Right,0.9880107045173645
vid4,45,1500,10,0.9961916208267212,0.2900901138782501,0.04815876483917236,0.029509903863072395,0.010818087495863438,0.005957968533039093,True,Right,0.9880107045173645
vid4,45,1500,11,1.002817153930664,0.35787269473075867,0.0416448712348938,0.03620583564043045,0.031856101006269455,0.007684662938117981,True,Right,0.9880107045173645
vid4,45,1500,12,0.991840124130249,0.40630388259887695,0.034981999546289444,0.029184293001890182,0.051493413746356964,0.01615387201309204,True,Right,0.9880107045173645
vid4,45,1500,13,0.9413389563560486,0.24556736648082733,0.017360325902700424,-0.0003095731372013688,0.002273774705827236,-0.018018893897533417,True,Right,0.9880107045173645
vid4,45,1500,14,0.9923610687255859,0.30222949385643005,0.029210813343524933,0.02371649071574211,0.016229290515184402,-0.015910454094409943,True,Right,0.9880107045173645
vid4,45,1500,15,0.9958531260490417,0.36872562766075134,0.027108406648039818,0.030477197840809822,0.040165822952985764,-0.012216955423355103,True,Right,0.9880107045173645
vid4,45,1500,16,0.9835941195487976,0.4152791202068329,0.022401323541998863,0.024537820369005203,0.05708535760641098,-0.005504623055458069,True,Right,0.9880107045173645
vid4,45,1500,17,0.9417879581451416,0.2790951430797577,-0.0020561707206070423,-0.010291283018887043,0.014573413878679276,-0.0353366881608963,True,Right,0.9880107045173645
vid4,45,1500,18,0.9824039936065674,0.3226984143257141,0.010246692225337029,0.009667818434536457,0.022281592711806297,-0.03540026769042015,True,Right,0.9880107045173645
vid4,45,1500,19,0.9850006103515625,0.37258708477020264,0.014979767613112926,0.019401783123612404,0.04050227999687195,-0.02835702896118164,True,Right,0.9880107045173645
vid4,45,1500,20,0.9755980372428894,0.4133778512477875,0.01636301539838314,0.016974082216620445,0.05598079413175583,-0.017968803644180298,True,Right,0.9880107045173645
vid4,46,1533,0,0.828892171382904,0.26422038674354553,9.915265053450639e-08,-0.07839994132518768,0.03958724066615105,0.0031915828585624695,True,Right,0.9880223870277405
vid4,46,1533,1,0.871570348739624,0.30550068616867065,0.03305190056562424,-0.0530695766210556,0.04083283245563507,0.020410126075148582,True,Right,0.9880223870277405
vid4,46,1533,2,0.9109975695610046,0.2998539209365845,0.0457921028137207,-0.02731775864958763,0.04579513520002365,0.04285228252410889,True,Right,0.9880223870277405
vid4,46,1533,3,0.9426405429840088,0.30728670954704285,0.047635070979595184,-0.0030341402161866426,0.04388251528143883,0.06233852356672287,True,Right,0.9880223870277405
vid4,46,1533,4,0.9650251269340515,0.30775314569473267,0.04914737865328789,0.01263362355530262,0.03727682679891586,0.08191359043121338,True,Right,0.9880223870277405
vid4,46,1533,5,0.9417461156845093,0.16311495006084442,0.051354266703128815,-0.0011930441251024604,-0.005952300503849983,0.029039185494184494,True,Right,0.9880223870277405
vid4,46,1533,6,0.9951286315917969,0.21236823499202728,0.05091895908117294,0.02496080845594406,0.01143705379217863,0.031247571110725403,True,Right,0.9880223870277405
vid4,46,1533,7,1.0056462287902832,0.2776727080345154,0.043320219963788986,0.033886849880218506,0.02890191227197647,0.03439076244831085,True,Right,0.9880223870277405
vid4,46,1533,8,0.9957137107849121,0.3276965320110321,0.03973124921321869,0.025129690766334534,0.05297728627920151,0.02629098668694496,True,Right,0.9880223870277405
vid4,46,1533,9,0.9425556063652039,0.15939727425575256,0.03245389088988304,0.0012061884626746178,-0.007486680988222361,0.007727637887001038,True,Right,0.9880223870277405
vid4,46,1533,10,0.9984049797058105,0.2180030345916748,0.03759174048900604,0.03032766655087471,0.010208319872617722,0.006219238042831421,True,Right,0.9880223870277405
vid4,46,1533,11,1.0028514862060547,0.28623154759407043,0.030865561217069626,0.03385225310921669,0.03093010187149048,0.008362695574760437,True,Right,0.9880223870277405
vid4,46,1533,12,0.9898561835289001,0.33428528904914856,0.025329144671559334,0.025146756321191788,0.0497007854282856,0.016822218894958496,True,Right,0.9880223870277405
vid4,46,1533,13,0.9433913826942444,0.17707045376300812,0.013766116462647915,0.0007693125517107546,0.0027135512791574,-0.018849916756153107,True,Right,0.9880223870277405
vid4,46,1533,14,0.9958073496818542,0.2331053912639618,0.020254310220479965,0.024647772312164307,0.017142385244369507,-0.015441589057445526,True,Right,0.9880223870277405
vid4,46,1533,15,0.9964388608932495,0.300704687833786,0.017220083624124527,0.02859407477080822,0.03896503522992134,-0.012599170207977295,True,Right,0.9880223870277405
vid4,46,1533,16,0.9819555282592773,0.3474934697151184,0.013839422725141048,0.0205535888671875,0.056972093880176544,-0.005768321454524994,True,Right,0.9880223870277405
vid4,46,1533,17,0.9460254907608032,0.21156691014766693,-0.0032599458936601877,-0.008741911500692368,0.015277544967830181,-0.03528556227684021,True,Right,0.9880223870277405
vid4,46,1533,18,0.9869817495346069,0.2567252516746521,0.0050996579229831696,0.01137524377554655,0.023680157959461212,-0.03409615159034729,True,Right,0.9880223870277405
vid4,46,1533,19,0.9877188205718994,0.3074765205383301,0.008731449022889137,0.019762182608246803,0.04177884757518768,-0.027231544256210327,True,Right,0.9880223870277405
vid4,46,1533,20,0.9764166474342346,0.347207635641098,0.010540264658629894,0.014199275523424149,0.05633040890097618,-0.016993604600429535,True,Right,0.9880223870277405
vid4,47,1567,0,0.8329192996025085,0.2127518504858017,1.5522410024004785e-07,-0.06719940155744553,0.04518520087003708,-0.0019310787320137024,True,Right,0.9883767366409302
vid4,47,1567,1,0.8759316205978394,0.25786852836608887,0.021111253648996353,-0.04441090673208237,0.04408155381679535,0.01576339825987816,True,Right,0.9883767366409302
vid4,47,1567,2,0.9161961674690247,0.25311875343322754,0.029221564531326294,-0.0210738442838192,0.04876645654439926,0.03864052891731262,True,Right,0.9883767366409302
vid4,47,1567,3,0.9476543068885803,0.26243895292282104,0.02851344645023346,8.842618262860924e-05,0.04700751230120659,0.059259556233882904,True,Right,0.9883767366409302
vid4,47,1567,4,0.971627414226532,0.26251935958862305,0.02868587337434292,0.013179438188672066,0.04182107001543045,0.08012359589338303,True,Right,0.9883767366409302
vid4,47,1567,5,0.9389755725860596,0.09892767667770386,0.039491917937994,-0.002425550250336528,-0.006004177965223789,0.02832012251019478,True,Right,0.9883767366409302
vid4,47,1567,6,0.9943098425865173,0.14409220218658447,0.033149220049381256,0.024690916761755943,0.01047789677977562,0.031157299876213074,True,Right,0.9883767366409302
vid4,47,1567,7,1.007962942123413,0.2079906016588211,0.022515755146741867,0.034388475120067596,0.024990057572722435,0.03733120858669281,True,Right,0.9883767366409302
vid4,47,1567,8,0.9994619488716125,0.26075461506843567,0.017837485298514366,0.027687426656484604,0.04912721365690231,0.033298589289188385,True,Right,0.9883767366409302
vid4,47,1567,9,0.9398422241210938,0.09580403566360474,0.025130731984972954,0.00010769671644084156,-0.007347194477915764,0.007577300071716309,True,Right,0.9883767366409302
vid4,47,1567,10,0.9958462119102478,0.14840354025363922,0.02491089701652527,0.029034504666924477,0.007546383887529373,0.00697682797908783,True,Right,0.9883767366409302
vid4,47,1567,11,1.0048587322235107,0.211618110537529,0.016852665692567825,0.034866828471422195,0.026932237669825554,0.011954888701438904,True,Right,0.9883767366409302
vid4,47,1567,12,0.9954022765159607,0.26077356934547424,0.011045427061617374,0.02824694663286209,0.04645242169499397,0.021437913179397583,True,Right,0.9883767366409302
vid4,47,1567,13,0.9413226246833801,0.11395137757062912,0.009739896282553673,0.0015987760853022337,0.001998515333980322,-0.018764741718769073,True,Right,0.9883767366409302
vid4,47,1567,14,0.9943987131118774,0.1703498214483261,0.009357105940580368,0.02390085719525814,0.0157913975417614,-0.01457316055893898,True,Right,0.9883767366409302
vid4,47,1567,15,0.9977037906646729,0.23479878902435303,0.003815935691818595,0.029045896604657173,0.03729821369051933,-0.0089341402053833,True,Right,0.9883767366409302
vid4,47,1567,16,0.9844897985458374,0.28070369362831116,0.0003784175496548414,0.02184968814253807,0.054289042949676514,-0.0008112005889415741,True,Right,0.9883767366409302
vid4,47,1567,17,0.9446208477020264,0.1488853394985199,-0.0048524364829063416,-0.006058451719582081,0.014679661951959133,-0.035205915570259094,True,Right,0.9883767366409302
vid4,47,1567,18,0.987667977809906,0.19826778769493103,-0.001872359891422093,0.01273115910589695,0.02391410805284977,-0.03281085938215256,True,Right,0.9883767366409302
vid4,47,1567,19,0.9895485043525696,0.24826140701770782,-0.00029422080842778087,0.022393614053726196,0.039467599242925644,-0.023706793785095215,True,Right,0.9883767366409302
vid4,47,1567,20,0.9768369197845459,0.2882474660873413,0.0010780754964798689,0.01732448674738407,0.056066907942295074,-0.01414458453655243,True,Right,0.9883767366409302
vid4,48,1600,0,0.8287132978439331,0.18048951029777527,1.4329677355817694e-07,-0.0582781583070755,0.04524571821093559,-0.026334550231695175,True,Right,0.9944673180580139
vid4,48,1600,1,0.8712407946586609,0.22275173664093018,0.02022646740078926,-0.03984074294567108,0.045442525297403336,-0.0007000304758548737,True,Right,0.9944673180580139
vid4,48,1600,2,0.90779709815979,0.21446296572685242,0.02781989425420761,-0.02229198068380356,0.048002876341342926,0.030107498168945312,True,Right,0.9944673180580139
vid4,48,1600,3,0.9336816668510437,0.21822135150432587,0.025896579027175903,-0.007743634283542633,0.04407581686973572,0.0653088167309761,True,Right,0.9944673180580139
vid4,48,1600,4,0.9547460675239563,0.21313530206680298,0.02441948466002941,0.0039259339682757854,0.034933943301439285,0.09999304264783859,True,Right,0.9944673180580139
vid4,48,1600,5,0.929057776927948,0.056748971343040466,0.04171515628695488,-0.007281957659870386,-0.004068899899721146,0.028067700564861298,True,Right,0.9944673180580139
vid4,48,1600,6,0.9818788170814514,0.10093992203474045,0.03413456678390503,0.01729690283536911,0.009255033917725086,0.036613911390304565,True,Right,0.9944673180580139
vid4,48,1600,7,0.9976806044578552,0.16274875402450562,0.02234572172164917,0.029248913750052452,0.022239401936531067,0.03957635909318924,True,Right,0.9944673180580139
vid4,48,1600,8,0.9913793802261353,0.22014208137989044,0.017422407865524292,0.025622505694627762,0.04765444993972778,0.028568878769874573,True,Right,0.9944673180580139
vid4,48,1600,9,0.9322709441184998,0.053245313465595245,0.026728391647338867,-0.0011502784909680486,-0.006542119197547436,0.00870157778263092,True,Right,0.9944673180580139
vid4,48,1600,10,0.987585723400116,0.11528659611940384,0.02411835268139839,0.025636084377765656,0.006555213127285242,0.013588987290859222,True,Right,0.9944673180580139
vid4,48,1600,11,0.992510974407196,0.17890287935733795,0.015171132981777191,0.030173681676387787,0.02526160143315792,0.01629839837551117,True,Right,0.9944673180580139
vid4,48,1600,12,0.9780953526496887,0.22990012168884277,0.010210802778601646,0.021089615300297737,0.04482462257146835,0.019826114177703857,True,Right,0.9944673180580139
vid4,48,1600,13,0.9370246529579163,0.06840095669031143,0.010200527496635914,0.004633596166968346,0.0005787581903859973,-0.018419742584228516,True,Right,0.9944673180580139
vid4,48,1600,14,0.9912623763084412,0.13642659783363342,0.00515119731426239,0.023412957787513733,0.013488306663930416,-0.0107191801071167,True,Right,0.9944673180580139
vid4,48,1600,15,0.9873505234718323,0.20103633403778076,-0.0017064799321815372,0.02629236876964569,0.035474713891744614,-0.006367295980453491,True,Right,0.9944673180580139
vid4,48,1600,16,0.9663681387901306,0.24903255701065063,-0.0036538473796099424,0.01561396848410368,0.05252877622842789,-0.004595579579472542,True,Right,0.9944673180580139
vid4,48,1600,17,0.9439758062362671,0.09990376234054565,-0.005514680873602629,0.00011194263788638636,0.011203371919691563,-0.037480250000953674,True,Right,0.9944673180580139
vid4,48,1600,18,0.9873942136764526,0.16091911494731903,-0.006902969442307949,0.01889212056994438,0.022586969658732414,-0.03297846019268036,True,Right,0.9944673180580139
vid4,48,1600,19,0.9846185445785522,0.21361230313777924,-0.006137953605502844,0.024470500648021698,0.03912005200982094,-0.025429561734199524,True,Right,0.9944673180580139
vid4,48,1600,20,0.9657041430473328,0.25483956933021545,-0.00369722256436944,0.016015123575925827,0.05504072457551956,-0.02108992636203766,True,Right,0.9944673180580139
vid4,49,1633,0,0.8225080370903015,0.1529606580734253,1.3180259372802539e-07,-0.06017135828733444,0.043530479073524475,-0.026354946196079254,True,Right,0.9985895752906799
vid4,49,1633,1,0.8675283789634705,0.20443648099899292,0.02088317461311817,-0.04029380902647972,0.04609270393848419,-0.0013008862733840942,True,Right,0.9985895752906799
vid4,49,1633,2,0.9045014977455139,0.19719791412353516,0.027998127043247223,-0.021150458604097366,0.04881814122200012,0.02633914351463318,True,Right,0.9985895752906799
vid4,49,1633,3,0.9285119771957397,0.19726577401161194,0.025044497102499008,-0.007848318666219711,0.044207826256752014,0.05926894024014473,True,Right,0.9985895752906799
vid4,49,1633,4,0.951045036315918,0.19200170040130615,0.022339504212141037,0.0032382432837039232,0.03304644301533699,0.09065220504999161,True,Right,0.9985895752906799
vid4,49,1633,5,0.9241207242012024,0.0408354289829731,0.041871726512908936,-0.005833010654896498,-0.002980976365506649,0.02792767807841301,True,Right,0.9985895752906799
vid4,49,1633,6,0.9751018285751343,0.08305052667856216,0.03425149247050285,0.017518945038318634,0.010106384754180908,0.03523227572441101,True,Right,0.9985895752906799
vid4,49,1633,7,0.9925195574760437,0.14171093702316284,0.02333739958703518,0.0295066237449646,0.022572943940758705,0.03446458280086517,True,Right,0.9985895752906799
vid4,49,1633,8,0.9891042709350586,0.19852103292942047,0.018702806904911995,0.02901405468583107,0.04714599996805191,0.021704718470573425,True,Right,0.9985895752906799
vid4,49,1633,9,0.9263867139816284,0.03210806846618652,0.02480781078338623,-0.0015710124280303717,-0.006888278294354677,0.009052813053131104,True,Right,0.9985895752906799
vid4,49,1633,10,0.9834762811660767,0.09657076001167297,0.020423084497451782,0.027414584532380104,0.008266790769994259,0.012592226266860962,True,Right,0.9985895752906799
vid4,49,1633,11,0.990492045879364,0.16617746651172638,0.012270928360521793,0.03189384192228317,0.02842479757964611,0.013379931449890137,True,Right,0.9985895752906799
vid4,49,1633,12,0.9782328605651855,0.22139891982078552,0.008416038006544113,0.026278434321284294,0.04940077289938927,0.013139933347702026,True,Right,0.9985895752906799
vid4,49,1633,13,0.9306718111038208,0.042291875928640366,0.006157096941024065,0.003937738016247749,-0.0004572265315800905,-0.017883598804473877,True,Right,0.9985895752906799
vid4,49,1633,14,0.9894521236419678,0.11318127065896988,-0.0020261057652533054,0.02442391775548458,0.015166360884904861,-0.012478433549404144,True,Right,0.9985895752906799
vid4,49,1633,15,0.9844290614128113,0.1819816380739212,-0.007747519761323929,0.027741745114326477,0.03644055128097534,-0.00949069857597351,True,Right,0.9985895752906799
vid4,49,1633,16,0.9624345898628235,0.23195455968379974,-0.007941847667098045,0.015881776809692383,0.054821599274873734,-0.009820293635129929,True,Right,0.9985895752906799
vid4,49,1633,17,0.9378129243850708,0.07104983180761337,-0.011574160307645798,-0.0014733357820659876,0.01027885265648365,-0.03761237859725952,True,Right,0.9985895752906799
vid4,49,1633,18,0.9848619699478149,0.1311497986316681,-0.015969492495059967,0.020327633246779442,0.022023936733603477,-0.03286062180995941,True,Right,0.9985895752906799
vid4,49,1633,19,0.981628954410553,0.1869845986366272,-0.014593762345612049,0.02634025178849697,0.0385718010365963,-0.026346340775489807,True,Right,0.9985895752906799
vid4,49,1633,20,0.9618264436721802,0.23243173956871033,-0.011063404381275177,0.015460804104804993,0.0556313619017601,-0.023245424032211304,True,Right,0.9985895752906799
vid4,50,1667,0,0.814272403717041,0.13613803684711456,1.5623554361354763e-07,-0.06156967580318451,0.03982763737440109,-0.02866346761584282,True,Right,0.9977849125862122
vid4,50,1667,1,0.8513173460960388,0.1940927952528,0.02960027940571308,-0.045217592269182205,0.04346999526023865,-0.0026299506425857544,True,Right,0.9977849125862122
vid4,50,1667,2,0.8860121965408325,0.19563861191272736,0.039304010570049286,-0.028864672407507896,0.049727488309144974,0.02601003646850586,True,Right,0.9977849125862122
vid4,50,1667,3,0.9066183567047119,0.20030181109905243,0.03759722411632538,-0.01587536744773388,0.04888192564249039,0.0574762299656868,True,Right,0.9977849125862122
vid4,50,1667,4,0.9277082085609436,0.20218005776405334,0.0353572703897953,-0.007198188453912735,0.03992242366075516,0.09372719377279282,True,Right,0.9977849125862122
vid4,50,1667,5,0.9125181436538696,0.03115280531346798,0.04918963834643364,-0.007747501600533724,-0.0030836528167128563,0.027757227420806885,True,Right,0.9977849125862122
vid4,50,1667,6,0.9649198651313782,0.08053063601255417,0.04666954651474953,0.013043454848229885,0.01109742745757103,0.03471861779689789,True,Right,0.9977849125862122
vid4,50,1667,7,0.9831120371818542,0.1416257619857788,0.03888476639986038,0.026040909811854362,0.024369031190872192,0.03456069529056549,True,Right,0.9977849125862122
vid4,50,1667,8,0.983921468257904,0.19695360958576202,0.03462008386850357,0.028200147673487663,0.04818951338529587,0.02151956781744957,True,Right,0.9977849125862122
vid4,50,1667,9,0.9176321029663086,0.020174315199255943,0.02668330818414688,-0.0011734169675037265,-0.006527057383209467,0.008952513337135315,True,Right,0.9977849125862122
vid4,50,1667,10,0.9820624589920044,0.08825598657131195,0.02683185040950775,0.030195776373147964,0.008684695698320866,0.013237476348876953,True,Right,0.9977849125862122
vid4,50,1667,11,0.991969108581543,0.15878139436244965,0.021843666210770607,0.0355403833091259,0.028177984058856964,0.014473199844360352,True,Right,0.9977849125862122
vid4,50,1667,12,0.9837520718574524,0.21302935481071472,0.01843787543475628,0.03262701630592346,0.0484313927590847,0.01248234510421753,True,Right,0.9977849125862122
vid4,50,1667,13,0.9234035015106201,0.030882416293025017,0.0032219737768173218,0.004364280495792627,-0.0010709167690947652,-0.01764129102230072,True,Right,0.9977849125862122
vid4,50,1667,14,0.9949691295623779,0.09709006547927856,-0.00167267641518265,0.031208036467432976,0.013490350916981697,-0.013622835278511047,True,Right,0.9977849125862122
vid4,50,1667,15,0.9946900010108948,0.16881410777568817,-0.005011889152228832,0.03649960830807686,0.03445085883140564,-0.009014248847961426,True,Right,0.9977849125862122
vid4,50,1667,16,0.977945864200592,0.21913385391235352,-0.005920509807765484,0.02963506057858467,0.05426773056387901,-0.010342799127101898,True,Right,0.9977849125862122
vid4,50,1667,17,0.9310559034347534,0.062066540122032166,-0.018627339974045753,-4.871874989476055e-05,0.010031423531472683,-0.036650121212005615,True,Right,0.9977849125862122
vid4,50,1667,18,0.9814517498016357,0.12887156009674072,-0.023088453337550163,0.0233949963003397,0.022414827719330788,-0.03322659060359001,True,Right,0.9977849125862122
vid4,50,1667,19,0.9782232046127319,0.18963423371315002,-0.022001098841428757,0.030186252668499947,0.040276046842336655,-0.025857657194137573,True,Right,0.9977849125862122
vid4,50,1667,20,0.9604519605636597,0.23547926545143127,-0.020132819190621376,0.020272085443139076,0.05797989293932915,-0.02140393853187561,True,Right,0.9977849125862122
vid4,51,1700,0,0.8088327050209045,0.16108211874961853,5.431263261357344e-08,-0.06128877028822899,0.042648106813430786,-0.014351647347211838,True,Right,0.9944666028022766
vid4,51,1700,1,0.8518306612968445,0.20911890268325806,0.009688758291304111,-0.040468402206897736,0.04271724447607994,0.007219716906547546,True,Right,0.9944666028022766
vid4,51,1700,2,0.8843121528625488,0.20029304921627045,0.00976167805492878,-0.023245088756084442,0.04604717344045639,0.029875606298446655,True,Right,0.9944666028022766
vid4,51,1700,3,0.905633270740509,0.19687630236148834,0.002993918489664793,-0.011599957011640072,0.04352820664644241,0.05782584846019745,True,Right,0.9944666028022766
vid4,51,1700,4,0.9249274134635925,0.186014324426651,-0.0025230178143829107,-0.0021712491288781166,0.032259244471788406,0.09147791564464569,True,Right,0.9944666028022766
vid4,51,1700,5,0.9089091420173645,0.046187348663806915,0.018106183037161827,-0.005157896783202887,-0.002083358122035861,0.025351351127028465,True,Right,0.9944666028022766
vid4,51,1700,6,0.9654440879821777,0.09191426634788513,0.00038385658990591764,0.01857570745050907,0.012975775636732578,0.028921455144882202,True,Right,0.9944666028022766
vid4,51,1700,7,0.9777509570121765,0.1602316051721573,-0.0159003809094429,0.028539080172777176,0.02930462919175625,0.030455656349658966,True,Right,0.9944666028022766
vid4,51,1700,8,0.9691194891929626,0.21757261455059052,-0.023424141108989716,0.02076064795255661,0.053447168320417404,0.02041950821876526,True,Right,0.9944666028022766
vid4,51,1700,9,0.909848690032959,0.037361275404691696,0.004980634432286024,-0.001044719130732119,-0.00630555534735322,0.007520616054534912,True,Right,0.9944666028022766
vid4,51,1700,10,0.9772137403488159,0.08769384026527405,-0.008544332347810268,0.029229678213596344,0.007019281852990389,0.008701629936695099,True,Right,0.9944666028022766
vid4,51,1700,11,0.9849247336387634,0.1641012728214264,-0.018474431708455086,0.035632696002721786,0.02891264483332634,0.008149117231369019,True,Right,0.9944666028022766
vid4,51,1700,12,0.9725989103317261,0.22066855430603027,-0.02286834828555584,0.02854670211672783,0.047055527567863464,0.0067205727100372314,True,Right,0.9944666028022766
vid4,51,1700,13,0.9119995832443237,0.04825052246451378,-0.010114113800227642,0.002665425417944789,-0.0010543327080085874,-0.016360536217689514,True,Right,0.9944666028022766
vid4,51,1700,14,0.9825683832168579,0.09746140986680984,-0.024654563516378403,0.029186924919486046,0.010757225565612316,-0.011996611952781677,True,Right,0.9944666028022766
vid4,51,1700,15,0.9867061972618103,0.17261642217636108,-0.03048941120505333,0.037047918885946274,0.03231064975261688,-0.013535887002944946,True,Right,0.9944666028022766
vid4,51,1700,16,0.9686204791069031,0.2272757887840271,-0.030712539330124855,0.029080219566822052,0.05026189982891083,-0.015619616955518723,True,Right,0.9944666028022766
vid4,51,1700,17,0.9148604869842529,0.07948892563581467,-0.02505756914615631,-0.0027728574350476265,0.008761883713304996,-0.03359152376651764,True,Right,0.9944666028022766
vid4,51,1700,18,0.9652135968208313,0.13144752383232117,-0.036401502788066864,0.018351642414927483,0.020981308072805405,-0.03053756058216095,True,Right,0.9944666028022766
vid4,51,1700,19,0.9631953239440918,0.18991510570049286,-0.037871167063713074,0.023693261668086052,0.038386229425668716,-0.025430887937545776,True,Right,0.9944666028022766
vid4,51,1700,20,0.9434704184532166,0.23615586757659912,-0.036041177809238434,0.014772393740713596,0.05320282280445099,-0.02032555639743805,True,Right,0.9944666028022766
vid4,52,1733,0,0.8021035194396973,0.18623369932174683,3.5641356532778445e-08,-0.06529486924409866,0.04456808418035507,-0.010160673409700394,True,Right,0.9886382222175598
vid4,52,1733,1,0.8479845523834229,0.22800229489803314,0.01295936293900013,-0.04460662975907326,0.04319863021373749,0.01569339632987976,True,Right,0.9886382222175598
vid4,52,1733,2,0.8817088007926941,0.21406425535678864,0.015146272256970406,-0.02412400394678116,0.04280632734298706,0.03860771656036377,True,Right,0.9886382222175598
vid4,52,1733,3,0.9063723683357239,0.20817089080810547,0.010187222622334957,-0.008837680332362652,0.038557831197977066,0.07319652289152145,True,Right,0.9886382222175598
vid4,52,1733,4,0.9273197650909424,0.1982598453760147,0.006199448835104704,0.003195768455043435,0.026665261015295982,0.10337789356708527,True,Right,0.9886382222175598
vid4,52,1733,5,0.9032893180847168,0.0698803961277008,0.01931648887693882,-0.004239406902343035,-0.006128960754722357,0.027541425079107285,True,Right,0.9886382222175598
vid4,52,1733,6,0.9624838829040527,0.1128140538930893,0.002289776224642992,0.020114939659833908,0.009762316942214966,0.030862078070640564,True,Right,0.9886382222175598
vid4,52,1733,7,0.9765118360519409,0.17934605479240417,-0.012814578600227833,0.03243035078048706,0.027240555733442307,0.03364139795303345,True,Right,0.9886382222175598
vid4,52,1733,8,0.9690284729003906,0.23680724203586578,-0.019192002713680267,0.024805909022688866,0.049957599490880966,0.02787819877266884,True,Right,0.9886382222175598
vid4,52,1733,9,0.905057430267334,0.06395211070775986,0.005822733044624329,-0.0008290443220175803,-0.007648303173482418,0.008053325116634369,True,Right,0.9886382222175598
vid4,52,1733,10,0.974095344543457,0.11514214426279068,-0.006220811512321234,0.032957032322883606,0.006651760544627905,0.01066453754901886,True,Right,0.9886382222175598
vid4,52,1733,11,0.9829713702201843,0.19213540852069855,-0.014104009605944157,0.038081228733062744,0.028495216742157936,0.011446774005889893,True,Right,0.9886382222175598
vid4,52,1733,12,0.9719206690788269,0.24871060252189636,-0.01704971306025982,0.031428080052137375,0.04881926253437996,0.015238434076309204,True,Right,0.9886382222175598
vid4,52,1733,13,0.9073211550712585,0.07969201356172562,-0.00926479697227478,0.0029501195531338453,0.00116243667434901,-0.018721163272857666,True,Right,0.9886382222175598
vid4,52,1733,14,0.978611946105957,0.13336728513240814,-0.02272980473935604,0.031364746391773224,0.013766280375421047,-0.014309912919998169,True,Right,0.9886382222175598
vid4,52,1733,15,0.9811896085739136,0.20718000829219818,-0.02732640877366066,0.03664376959204674,0.03713959455490112,-0.009630024433135986,True,Right,0.9886382222175598
vid4,52,1733,16,0.9638091325759888,0.26012301445007324,-0.02653091959655285,0.027020854875445366,0.05545612797141075,-0.007766276597976685,True,Right,0.9886382222175598
vid4,52,1733,17,0.9103626608848572,0.11471277475357056,-0.023824818432331085,-0.004555945284664631,0.012382430024445057,-0.03428317606449127,True,Right,0.9886382222175598
vid4,52,1733,18,0.961700439453125,0.16974425315856934,-0.03313669562339783,0.018873181194067,0.027036117389798164,-0.030178725719451904,True,Right,0.9886382222175598
vid4,52,1733,19,0.9596226215362549,0.22662268579006195,-0.0334041528403759,0.024483174085617065,0.04408831521868706,-0.023177802562713623,True,Right,0.9886382222175598
vid4,52,1733,20,0.9419265985488892,0.271968811750412,-0.030808860436081886,0.015569988638162613,0.057697586715221405,-0.01351185142993927,True,Right,0.9886382222175598
vid4,53,1767,0,0.7996854186058044,0.22098857164382935,4.5170402529493003e-08,-0.06836076825857162,0.04549398273229599,-0.0015460886061191559,True,Right,0.9876241683959961
vid4,53,1767,1,0.8487399220466614,0.26658543944358826,0.0160139799118042,-0.04411883279681206,0.04291961342096329,0.02011910080909729,True,Right,0.9876241683959961
vid4,53,1767,2,0.8845276236534119,0.2558634877204895,0.019959263503551483,-0.021969670429825783,0.04331287741661072,0.043966442346572876,True,Right,0.9876241683959961
vid4,53,1767,3,0.911512017250061,0.25541412830352783,0.016268637031316757,-0.004091101232916117,0.040830422192811966,0.07542643696069717,True,Right,0.9876241683959961
vid4,53,1767,4,0.9335113167762756,0.24910619854927063,0.013665443286299706,0.00862116925418377,0.03143017366528511,0.10255903005599976,True,Right,0.9876241683959961
vid4,53,1767,5,0.9033763408660889,0.10800542682409286,0.02110348828136921,-0.003023569006472826,-0.007872496731579304,0.02775587886571884,True,Right,0.9876241683959961
vid4,53,1767,6,0.9632108807563782,0.14692440629005432,0.0053783622570335865,0.024134164676070213,0.00816407147794962,0.030105948448181152,True,Right,0.9876241683959961
vid4,53,1767,7,0.9778590798377991,0.21303723752498627,-0.008493221364915371,0.0362524539232254,0.024550961330533028,0.03406804800033569,True,Right,0.9876241683959961
vid4,53,1767,8,0.9711278080940247,0.2692856192588806,-0.014222552068531513,0.0277009978890419,0.04823373630642891,0.03225379064679146,True,Right,0.9876241683959961
vid4,53,1767,9,0.9042725563049316,0.10506904870271683,0.006281733047217131,-0.00027045822935178876,-0.007696506101638079,0.006866738200187683,True,Right,0.9876241683959961
vid4,53,1767,10,0.9733902215957642,0.14965181052684784,-0.004771490581333637,0.03561440855264664,0.005233729258179665,0.009409964084625244,True,Right,0.9876241683959961
vid4,53,1767,11,0.9851250052452087,0.22699421644210815,-0.012192081660032272,0.0420222207903862,0.02751881256699562,0.011418446898460388,True,Right,0.9876241683959961
vid4,53,1767,12,0.9757806062698364,0.284665584564209,-0.014832127839326859,0.036359500139951706,0.04824957251548767,0.018298178911209106,True,Right,0.9876241683959961
vid4,53,1767,13,0.9053192138671875,0.1238466426730156,-0.009638436138629913,0.0018935531843453646,0.002294059144333005,-0.018712222576141357,True,Right,0.9876241683959961
vid4,53,1767,14,0.9737921357154846,0.17545343935489655,-0.021105438470840454,0.030869266018271446,0.014774505980312824,-0.015227541327476501,True,Right,0.9876241683959961
vid4,53,1767,15,0.9784293174743652,0.2495221644639969,-0.02444796822965145,0.03726683184504509,0.03823313117027283,-0.01074892282485962,True,Right,0.9876241683959961
vid4,53,1767,16,0.9627333283424377,0.3013836145401001,-0.023170946165919304,0.02976948209106922,0.05697626620531082,-0.005253732204437256,True,Right,0.9876241683959961
vid4,53,1767,17,0.9070534110069275,0.1616298109292984,-0.024867577478289604,-0.006265995558351278,0.015325193293392658,-0.034644901752471924,True,Right,0.9876241683959961
vid4,53,1767,18,0.956334114074707,0.21410857141017914,-0.03154534846544266,0.01738017611205578,0.029099775478243828,-0.029666222631931305,True,Right,0.9876241683959961
vid4,53,1767,19,0.9558783173561096,0.26829826831817627,-0.03013414889574051,0.024324025958776474,0.04525340348482132,-0.02106758952140808,True,Right,0.9876241683959961
vid4,53,1767,20,0.940140962600708,0.3119466304779053,-0.026620283722877502,0.016160545870661736,0.059257857501506805,-0.010732308030128479,True,Right,0.9876241683959961
vid4,54,1800,0,0.796087384223938,0.2617194652557373,5.278080550397135e-08,-0.07204874604940414,0.044509343802928925,4.997849464416504e-05,True,Right,0.9828283190727234
vid4,54,1800,1,0.8461554646492004,0.3080923855304718,0.016040336340665817,-0.047286633402109146,0.040671005845069885,0.021679965779185295,True,Right,0.9828283190727234
vid4,54,1800,2,0.8830636739730835,0.2987174987792969,0.01985563524067402,-0.024001989513635635,0.04126911237835884,0.046110838651657104,True,Right,0.9828283190727234
vid4,54,1800,3,0.9098708033561707,0.2988351881504059,0.01598951779305935,-0.004598414525389671,0.03915151208639145,0.07543648034334183,True,Right,0.9828283190727234
vid4,54,1800,4,0.9323688745498657,0.2971622347831726,0.013257781974971294,0.008202958852052689,0.031445689499378204,0.10181283950805664,True,Right,0.9828283190727234
vid4,54,1800,5,0.9034830331802368,0.1563711166381836,0.020506098866462708,-0.002816457999870181,-0.008741956204175949,0.02807248756289482,True,Right,0.9828283190727234
vid4,54,1800,6,0.9645423889160156,0.19589845836162567,0.005488057155162096,0.025624584406614304,0.00784689374268055,0.030444622039794922,True,Right,0.9828283190727234
vid4,54,1800,7,0.9796283841133118,0.2614803612232208,-0.007532145828008652,0.03816450387239456,0.024914128705859184,0.03596964478492737,True,Right,0.9828283190727234
vid4,54,1800,8,0.9738600254058838,0.3180032968521118,-0.012938925996422768,0.03116254135966301,0.048560671508312225,0.036261290311813354,True,Right,0.9828283190727234
vid4,54,1800,9,0.9047772884368896,0.15340115129947662,0.005445774644613266,7.232917414512485e-05,-0.007786332163959742,0.006895601749420166,True,Right,0.9828283190727234
vid4,54,1800,10,0.9735127091407776,0.19886739552021027,-0.005605202168226242,0.03726641833782196,0.005810750648379326,0.00823625922203064,True,Right,0.9828283190727234
vid4,54,1800,11,0.9860051274299622,0.27409300208091736,-0.012621860951185226,0.042774979025125504,0.02759474888443947,0.011925816535949707,True,Right,0.9828283190727234
vid4,54,1800,12,0.9773874282836914,0.33152395486831665,-0.01489178091287613,0.03753354400396347,0.048634570091962814,0.02113097906112671,True,Right,0.9828283190727234
vid4,54,1800,13,0.9056543111801147,0.1720694750547409,-0.010584552772343159,0.001894722692668438,0.0029495221097022295,-0.01901879906654358,True,Right,0.9828283190727234
vid4,54,1800,14,0.9726375937461853,0.2237146496772766,-0.021280355751514435,0.030682699754834175,0.016076989471912384,-0.01609545201063156,True,Right,0.9828283190727234
vid4,54,1800,15,0.9779349565505981,0.29617536067962646,-0.02375335432589054,0.036059752106666565,0.03854118287563324,-0.009809762239456177,True,Right,0.9828283190727234
vid4,54,1800,16,0.9633408188819885,0.34810325503349304,-0.02203073538839817,0.029352964833378792,0.057343292981386185,-0.001978714019060135,True,Right,0.9828283190727234
vid4,54,1800,17,0.9071190357208252,0.21044929325580597,-0.02606874145567417,-0.007290815468877554,0.015825478360056877,-0.034662604331970215,True,Right,0.9828283190727234
vid4,54,1800,18,0.9547989964485168,0.2615092396736145,-0.03193637356162071,0.015964526683092117,0.0288358423858881,-0.030843254178762436,True,Right,0.9828283190727234
vid4,54,1800,19,0.9554042816162109,0.3146103620529175,-0.029916616156697273,0.023490019142627716,0.044714681804180145,-0.020552784204483032,True,Right,0.9828283190727234
vid4,54,1800,20,0.9409656524658203,0.3583785891532898,-0.025984296575188637,0.016130393370985985,0.05868002027273178,-0.009153038263320923,True,Right,0.9828283190727234
vid4,55,1833,0,0.7947854995727539,0.303901344537735,6.736652125027831e-08,-0.07459912449121475,0.0426042266190052,-0.0023882053792476654,True,Right,0.981878936290741
vid4,55,1833,1,0.842739462852478,0.35093680024147034,0.016414770856499672,-0.050193242728710175,0.03932616859674454,0.021140404045581818,True,Right,0.981878936290741
vid4,55,1833,2,0.8792663812637329,0.34427279233932495,0.019507916644215584,-0.026574699208140373,0.04061853885650635,0.04722028970718384,True,Right,0.981878936290741
vid4,55,1833,3,0.906548023223877,0.3474672734737396,0.014790438115596771,-0.006723037920892239,0.03846652805805206,0.07888004183769226,True,Right,0.981878936290741
vid4,55,1833,4,0.9289002418518066,0.3485197424888611,0.011001894250512123,0.00664897495880723,0.03160632774233818,0.10627059638500214,True,Right,0.981878936290741
vid4,55,1833,5,0.9029959440231323,0.20474591851234436,0.017871523275971413,-0.001935213920660317,-0.009368738159537315,0.029126882553100586,True,Right,0.981878936290741
vid4,55,1833,6,0.9645134806632996,0.24494822323322296,0.0024757639039307833,0.02602411061525345,0.008223474025726318,0.03190237283706665,True,Right,0.981878936290741
vid4,55,1833,7,0.9797713756561279,0.3121679127216339,-0.01032256055623293,0.03891550749540329,0.02580820955336094,0.03805513679981232,True,Right,0.981878936290741
vid4,55,1833,8,0.973614513874054,0.36845725774765015,-0.01555621437728405,0.03220570459961891,0.049797508865594864,0.0382581502199173,True,Right,0.981878936290741
vid4,55,1833,9,0.9048309922218323,0.2027401179075241,0.0023037903010845184,0.0006240407237783074,-0.007917461916804314,0.006959043443202972,True,Right,0.981878936290741
vid4,55,1833,10,0.9740147590637207,0.2464989572763443,-0.008846373297274113,0.03776201233267784,0.005485021974891424,0.008791506290435791,True,Right,0.981878936290741
vid4,55,1833,11,0.9874134659767151,0.32221880555152893,-0.01571357063949108,0.04442047327756882,0.027265850454568863,0.011862516403198242,True,Right,0.981878936290741
vid4,55,1833,12,0.9788084626197815,0.3792041540145874,-0.01809416152536869,0.03928948566317558,0.04908273369073868,0.020947247743606567,True,Right,0.981878936290741
vid4,55,1833,13,0.9056136608123779,0.2217119038105011,-0.013964657671749592,0.001633570878766477,0.0033558455761522055,-0.019657880067825317,True,Right,0.981878936290741
vid4,55,1833,14,0.9705610275268555,0.2737019658088684,-0.02406427450478077,0.030645107850432396,0.016040464863181114,-0.016236744821071625,True,Right,0.981878936290741
vid4,55,1833,15,0.9765629172325134,0.3468876779079437,-0.026477942243218422,0.03586395084857941,0.039792750030756,-0.009413659572601318,True,Right,0.981878936290741
vid4,55,1833,16,0.9622970819473267,0.3984490931034088,-0.025103947147727013,0.029130719602108,0.05855674669146538,-0.001529879868030548,True,Right,0.981878936290741
vid4,55,1833,17,0.906466007232666,0.26041123270988464,-0.029669679701328278,-0.008038234896957874,0.016136325895786285,-0.035685718059539795,True,Right,0.981878936290741
vid4,55,1833,18,0.9533035159111023,0.31090763211250305,-0.03475750610232353,0.015098917298018932,0.02907206304371357,-0.03099725767970085,True,Right,0.981878936290741
vid4,55,1833,19,0.9543462991714478,0.3642585873603821,-0.03239458054304123,0.02341093122959137,0.04571918770670891,-0.020553946495056152,True,Right,0.981878936290741
vid4,55,1833,20,0.9397789239883423,0.40770047903060913,-0.028558075428009033,0.015350568108260632,0.05930894613265991,-0.00870552659034729,True,Right,0.981878936290741
vid4,56,1867,0,0.7931895852088928,0.344309538602829,7.189947837105137e-08,-0.07568424195051193,0.039688944816589355,-0.004857838153839111,True,Right,0.9843115210533142
vid4,56,1867,1,0.8386839032173157,0.3940432667732239,0.016105979681015015,-0.05263802409172058,0.0373450443148613,0.019657161086797714,True,Right,0.9843115210533142
vid4,56,1867,2,0.8755556344985962,0.390830934047699,0.018663622438907623,-0.02947109006345272,0.03982182964682579,0.046417176723480225,True,Right,0.9843115210533142
vid4,56,1867,3,0.9029341340065002,0.39523768424987793,0.013428693637251854,-0.009356598369777203,0.038169652223587036,0.08038388192653656,True,Right,0.9843115210533142
vid4,56,1867,4,0.9255698919296265,0.39725273847579956,0.009078147821128368,0.004331507720053196,0.031718164682388306,0.1097707450389862,True,Right,0.9843115210533142
vid4,56,1867,5,0.9029703736305237,0.25027862191200256,0.017317190766334534,-0.002316574566066265,-0.009751264937222004,0.0290522500872612,True,Right,0.9843115210533142
vid4,56,1867,6,0.964205801486969,0.2946893274784088,0.0024359668605029583,0.024936243891716003,0.008914311416447163,0.03296920657157898,True,Right,0.9843115210533142
vid4,56,1867,7,0.9787320494651794,0.3630680739879608,-0.010277445428073406,0.03703387454152107,0.027506468817591667,0.03926666080951691,True,Right,0.9843115210533142
vid4,56,1867,8,0.9721033573150635,0.41885045170783997,-0.015757691115140915,0.030166931450366974,0.050220176577568054,0.03896119445562363,True,Right,0.9843115210533142
vid4,56,1867,9,0.9059227108955383,0.24882915616035461,0.0016593049513176084,0.00079521065345034,-0.007661780342459679,0.006921328604221344,True,Right,0.9843115210533142
vid4,56,1867,10,0.9746874570846558,0.296045184135437,-0.008317597210407257,0.037378739565610886,0.006415373645722866,0.009971126914024353,True,Right,0.9843115210533142
vid4,56,1867,11,0.9876050353050232,0.3719090521335602,-0.014944829046726227,0.04360257834196091,0.027878358960151672,0.012872070074081421,True,Right,0.9843115210533142
vid4,56,1867,12,0.9788991808891296,0.4279915690422058,-0.017742253839969635,0.0376705564558506,0.0489548034965992,0.021044611930847168,True,Right,0.9843115210533142
vid4,56,1867,13,0.9072275161743164,0.2684524655342102,-0.01469545066356659,0.0019270540215075016,0.00325019215233624,-0.019708111882209778,True,Right,0.9843115210533142
vid4,56,1867,14,0.9725613594055176,0.32054924964904785,-0.023907402530312538,0.031052209436893463,0.01615864410996437,-0.015437930822372437,True,Right,0.9843115210533142
vid4,56,1867,15,0.979003369808197,0.39428985118865967,-0.026523012667894363,0.03602755442261696,0.039446424692869186,-0.00937989354133606,True,Right,0.9843115210533142
vid4,56,1867,16,0.9650822877883911,0.445900022983551,-0.02600465901196003,0.029346797615289688,0.05852672457695007,-0.0019119605422019958,True,Right,0.9843115210533142
vid4,56,1867,17,0.9082086682319641,0.30848023295402527,-0.030560001730918884,-0.007552656810730696,0.01593463122844696,-0.03615809977054596,True,Right,0.9843115210533142
vid4,56,1867,18,0.9536116123199463,0.36095911264419556,-0.035654131323099136,0.015145746059715748,0.02959286980330944,-0.030934728682041168,True,Right,0.9843115210533142
vid4,56,1867,19,0.953875720500946,0.4148969352245331,-0.03378922492265701,0.022235408425331116,0.04647980257868767,-0.020654797554016113,True,Right,0.9843115210533142
vid4,56,1867,20,0.9385038614273071,0.4581550061702728,-0.030691640451550484,0.013102206401526928,0.05977151170372963,-0.009290039539337158,True,Right,0.9843115210533142
vid4,57,1900,0,0.791965901851654,0.3836449980735779,7.451078687381596e-08,-0.07640684396028519,0.037062570452690125,-0.00510869175195694,True,Right,0.9804445505142212
vid4,57,1900,1,0.8354522585868835,0.43567243218421936,0.016643228009343147,-0.053708888590335846,0.03520842641592026,0.019608531147241592,True,Right,0.9804445505142212
vid4,57,1900,2,0.8724341988563538,0.434060662984848,0.01951814442873001,-0.03130181133747101,0.03796247020363808,0.047230929136276245,True,Right,0.9804445505142212
vid4,57,1900,3,0.8996862769126892,0.4404849112033844,0.014443045482039452,-0.010993614792823792,0.03727230802178383,0.08240687847137451,True,Right,0.9804445505142212
vid4,57,1900,4,0.9217430949211121,0.44354546070098877,0.01002408005297184,0.002981708385050297,0.030638543888926506,0.11243249475955963,True,Right,0.9804445505142212
vid4,57,1900,5,0.9029434323310852,0.2957341969013214,0.016943518072366714,-0.0025194084737449884,-0.010126697830855846,0.028896357864141464,True,Right,0.9804445505142212
vid4,57,1900,6,0.9637348651885986,0.3399645686149597,0.0031284294091165066,0.024274636059999466,0.00859487522393465,0.033243149518966675,True,Right,0.9804445505142212
vid4,57,1900,7,0.9783154129981995,0.40686818957328796,-0.008497852832078934,0.03664272278547287,0.026431772857904434,0.03977632522583008,True,Right,0.9804445505142212
vid4,57,1900,8,0.9724810719490051,0.4615332782268524,-0.01352875679731369,0.030469194054603577,0.04873499274253845,0.040380608290433884,True,Right,0.9804445505142212
vid4,57,1900,9,0.9061490893363953,0.29465752840042114,0.0010955671314150095,0.0007053983863443136,-0.007584120146930218,0.0066908299922943115,True,Right,0.9804445505142212
vid4,57,1900,10,0.974583089351654,0.3407813012599945,-0.00825943611562252,0.03699745237827301,0.006410675588995218,0.009724467992782593,True,Right,0.9804445505142212
vid4,57,1900,11,0.988129198551178,0.4153943955898285,-0.014516274444758892,0.04339462146162987,0.026994766667485237,0.012570559978485107,True,Right,0.9804445505142212
vid4,57,1900,12,0.9805889129638672,0.4707135260105133,-0.01734038256108761,0.038236163556575775,0.04748120531439781,0.021764546632766724,True,Right,0.9804445505142212
vid4,57,1900,13,0.9072751402854919,0.3144994080066681,-0.015260397456586361,0.0021884716115891933,0.003525641979649663,-0.019457846879959106,True,Right,0.9804445505142212
vid4,57,1900,14,0.9719882607460022,0.36749038100242615,-0.02432396076619625,0.030571898445487022,0.016754016280174255,-0.015369325876235962,True,Right,0.9804445505142212
vid4,57,1900,15,0.9784156680107117,0.44353610277175903,-0.027461588382720947,0.03561241179704666,0.040551234036684036,-0.008839249610900879,True,Right,0.9804445505142212
vid4,57,1900,16,0.964605450630188,0.49610307812690735,-0.02742789499461651,0.0290052592754364,0.059270430356264114,-0.0012244656682014465,True,Right,0.9804445505142212
vid4,57,1900,17,0.9077085256576538,0.3548092544078827,-0.030996929854154587,-0.00741766020655632,0.015926480293273926,-0.035795658826828,True,Right,0.9804445505142212
vid4,57,1900,18,0.9530773162841797,0.40680092573165894,-0.03619133308529854,0.015011539682745934,0.029342839494347572,-0.030437342822551727,True,Right,0.9804445505142212
vid4,57,1900,19,0.9536473751068115,0.4617396891117096,-0.034809138625860214,0.02223271131515503,0.04577529802918434,-0.020009517669677734,True,Right,0.9804445505142212
vid4,57,1900,20,0.9381856918334961,0.5051338076591492,-0.03217841684818268,0.013260344974696636,0.058731768280267715,-0.00905504822731018,True,Right,0.9804445505142212
vid4,58,1933,0,0.7914950251579285,0.42289024591445923,8.095983616840385e-08,-0.07815875113010406,0.03314884379506111,-0.004750911146402359,True,Right,0.986085057258606
vid4,58,1933,1,0.8342325091362,0.47108832001686096,0.017565609887242317,-0.05440367013216019,0.03141656145453453,0.02030029520392418,True,Right,0.986085057258606
vid4,58,1933,2,0.8723207712173462,0.4670749008655548,0.020601773634552956,-0.032548561692237854,0.0345894880592823,0.04962468147277832,True,Right,0.986085057258606
vid4,58,1933,3,0.8997781276702881,0.47066375613212585,0.015595490112900734,-0.0121883200481534,0.032584454864263535,0.08508522808551788,True,Right,0.986085057258606
vid4,58,1933,4,0.9219963550567627,0.4719292223453522,0.011045508086681366,0.00172123231459409,0.02617061138153076,0.11572790145874023,True,Right,0.986085057258606
vid4,58,1933,5,0.9041087627410889,0.3389350175857544,0.01667718216776848,-0.001812172238714993,-0.010076208040118217,0.02925071120262146,True,Right,0.986085057258606
vid4,58,1933,6,0.9656781554222107,0.38327914476394653,0.003306427039206028,0.024476002901792526,0.008619322441518307,0.034107506275177,True,Right,0.986085057258606
vid4,58,1933,7,0.9807990789413452,0.45057329535484314,-0.007977239787578583,0.03573831915855408,0.02649693191051483,0.040979936718940735,True,Right,0.986085057258606
vid4,58,1933,8,0.9758780598640442,0.5055665969848633,-0.01300892885774374,0.03024294599890709,0.04893920570611954,0.04268365353345871,True,Right,0.986085057258606
vid4,58,1933,9,0.9074991345405579,0.3400057852268219,0.00024306958948727697,0.0008427133434452116,-0.007210970390588045,0.006545498967170715,True,Right,0.986085057258606
vid4,58,1933,10,0.9769480228424072,0.38642194867134094,-0.008929114788770676,0.03588975965976715,0.006979155354201794,0.009954944252967834,True,Right,0.986085057258606
vid4,58,1933,11,0.9904491305351257,0.46183568239212036,-0.015439564362168312,0.04244855046272278,0.027596844360232353,0.013168752193450928,True,Right,0.986085057258606
vid4,58,1933,12,0.9827872514724731,0.5173065066337585,-0.018527690321207047,0.03671855106949806,0.047218743711709976,0.02266940474510193,True,Right,0.986085057258606
vid4,58,1933,13,0.9085792899131775,0.36052805185317993,-0.016500266268849373,0.0014828393468633294,0.003355571301653981,-0.01960177719593048,True,Right,0.986085057258606
vid4,58,1933,14,0.9737411737442017,0.412661075592041,-0.02483050897717476,0.029140612110495567,0.016643119975924492,-0.015061043202877045,True,Right,0.986085057258606
vid4,58,1933,15,0.9805876612663269,0.48947346210479736,-0.028063802048563957,0.034943342208862305,0.03999793156981468,-0.008556902408599854,True,Right,0.986085057258606
vid4,58,1933,16,0.967117965221405,0.5421146750450134,-0.028408920392394066,0.028864772990345955,0.0597248300909996,0.0009083300828933716,True,Right,0.986085057258606
vid4,58,1933,17,0.9089342951774597,0.4007028639316559,-0.032575879245996475,-0.007916728965938091,0.015424154698848724,-0.03576067090034485,True,Right,0.986085057258606
vid4,58,1933,18,0.9542809128761292,0.4502273201942444,-0.037238724529743195,0.013420644216239452,0.028236206620931625,-0.03052014485001564,True,Right,0.986085057258606
vid4,58,1933,19,0.9549732804298401,0.504412055015564,-0.035927508026361465,0.02083488740026951,0.04446346312761307,-0.020140260457992554,True,Right,0.986085057258606
vid4,58,1933,20,0.9394229054450989,0.5462941527366638,-0.03355513513088226,0.012616691179573536,0.05767853185534477,-0.009534269571304321,True,Right,0.986085057258606
vid4,59,1967,0,0.7917771935462952,0.4632209837436676,9.398030442753225e-08,-0.07690512388944626,0.03162525221705437,-0.0007934272289276123,True,Right,0.9875738024711609
vid4,59,1967,1,0.8350958824157715,0.5114718079566956,0.016313301399350166,-0.05239919573068619,0.030517660081386566,0.02225998416543007,True,Right,0.9875738024711609
vid4,59,1967,2,0.8743711709976196,0.5056771039962769,0.018116140738129616,-0.03039565682411194,0.03343024104833603,0.05118924379348755,True,Right,0.9875738024711609
vid4,59,1967,3,0.902819037437439,0.5069400668144226,0.01211636420339346,-0.01106962189078331,0.030920634046196938,0.08409366756677628,True,Right,0.9875738024711609
vid4,59,1967,4,0.9260609149932861,0.5088465213775635,0.00665952917188406,0.003029405605047941,0.025400595739483833,0.11392989754676819,True,Right,0.9875738024711609
vid4,59,1967,5,0.9065040349960327,0.38056352734565735,0.013687818311154842,-0.0015224827220663428,-0.0089804045855999,0.028691984713077545,True,Right,0.9875738024711609
vid4,59,1967,6,0.9690978527069092,0.4282184839248657,-0.0012092810356989503,0.024155035614967346,0.009405678138136864,0.03268876671791077,True,Right,0.9875738024711609
vid4,59,1967,7,0.9837476015090942,0.4970443844795227,-0.013397312723100185,0.03528038039803505,0.02749050408601761,0.03947007656097412,True,Right,0.9875738024711609
vid4,59,1967,8,0.9786324501037598,0.5528534650802612,-0.018952371552586555,0.029334422200918198,0.05003858730196953,0.04040941596031189,True,Right,0.9875738024711609
vid4,59,1967,9,0.9088878035545349,0.38128525018692017,-0.002609752817079425,0.000913416501134634,-0.007193476893007755,0.006689965724945068,True,Right,0.9875738024711609
vid4,59,1967,10,0.9796363115310669,0.43197402358055115,-0.013599535450339317,0.03517722338438034,0.0069018942303955555,0.008847624063491821,True,Right,0.9875738024711609
vid4,59,1967,11,0.991266667842865,0.5099937915802002,-0.020879821851849556,0.040514010936021805,0.02759147621691227,0.011369124054908752,True,Right,0.9875738024711609
vid4,59,1967,12,0.9819207787513733,0.5658363103866577,-0.024210942909121513,0.03443782404065132,0.04786358028650284,0.02153003215789795,True,Right,0.9875738024711609
vid4,59,1967,13,0.9093174338340759,0.4022073447704315,-0.01921049878001213,0.0009825360029935837,0.0028072483837604523,-0.019165322184562683,True,Right,0.9875738024711609
vid4,59,1967,14,0.9768022894859314,0.4544815123081207,-0.028771696612238884,0.028418870642781258,0.015346062369644642,-0.015233419835567474,True,Right,0.9875738024711609
vid4,59,1967,15,0.9833813905715942,0.5322644710540771,-0.032205455005168915,0.034290511161088943,0.03900822997093201,-0.009052693843841553,True,Right,0.9875738024711609
vid4,59,1967,16,0.9694244861602783,0.5853350758552551,-0.03250599652528763,0.02773970179259777,0.05857175216078758,-4.94346022605896e-06,True,Right,0.9875738024711609
vid4,59,1967,17,0.9093117713928223,0.44314372539520264,-0.03519267961382866,-0.008061744272708893,0.014305594377219677,-0.03437301516532898,True,Right,0.9875738024711609
vid4,59,1967,18,0.9565879106521606,0.4931833744049072,-0.04083002731204033,0.012693709693849087,0.02695002220571041,-0.029692500829696655,True,Right,0.9875738024711609
vid4,59,1967,19,0.9577341675758362,0.5484713315963745,-0.039810582995414734,0.020368758589029312,0.0430988185107708,-0.01992049813270569,True,Right,0.9875738024711609
vid4,59,1967,20,0.9423416256904602,0.5905081033706665,-0.03749828413128853,0.013183833099901676,0.056957658380270004,-0.010083258152008057,True,Right,0.9875738024711609
vid4,60,2000,0,0.7873144149780273,0.49991899728775024,8.127420869641355e-08,-0.07959341257810593,0.0297226682305336,0.0014428608119487762,True,Right,0.9865491986274719
vid4,60,2000,1,0.8320136070251465,0.5492437481880188,0.017706898972392082,-0.05487756431102753,0.02871888317167759,0.02432793751358986,True,Right,0.9865491986274719
vid4,60,2000,2,0.8716546297073364,0.5450171828269958,0.020380713045597076,-0.03133833408355713,0.031234130263328552,0.051059573888778687,True,Right,0.9865491986274719
vid4,60,2000,3,0.9007896184921265,0.547554612159729,0.01501235831528902,-0.010697349905967712,0.029188092797994614,0.0830138623714447,True,Right,0.9865491986274719
vid4,60,2000,4,0.9242627620697021,0.5525938868522644,0.009895271621644497,0.003662902396172285,0.023822087794542313,0.1113739162683487,True,Right,0.9865491986274719
vid4,60,2000,5,0.9047109484672546,0.42387425899505615,0.01484305877238512,-0.0010852563427761197,-0.009375041350722313,0.028586164116859436,True,Right,0.9865491986274719
vid4,60,2000,6,0.9678045511245728,0.4730750620365143,0.0008299131295643747,0.025160295888781548,0.009669278748333454,0.03225511312484741,True,Right,0.9865491986274719
vid4,60,2000,7,0.9827356934547424,0.5412837862968445,-0.01048804447054863,0.0366339273750782,0.02764156460762024,0.03798934817314148,True,Right,0.9865491986274719
vid4,60,2000,8,0.9784622192382812,0.5960724949836731,-0.015605747699737549,0.031813643872737885,0.05012650787830353,0.038224957883358,True,Right,0.9865491986274719
vid4,60,2000,9,0.9067591428756714,0.42479372024536133,-0.002179799834266305,0.00092883943580091,-0.007366195786744356,0.006624549627304077,True,Right,0.9865491986274719
vid4,60,2000,10,0.979637861251831,0.4778038263320923,-0.013107297010719776,0.036435481160879135,0.0076126279309391975,0.008458957076072693,True,Right,0.9865491986274719
vid4,60,2000,11,0.9918779134750366,0.5553644895553589,-0.020320994779467583,0.0427660308778286,0.02841394953429699,0.010791003704071045,True,Right,0.9865491986274719
vid4,60,2000,12,0.9828388094902039,0.6110830903053284,-0.023473478853702545,0.03788062185049057,0.0478561632335186,0.019575953483581543,True,Right,0.9865491986274719
vid4,60,2000,13,0.9065017104148865,0.44614312052726746,-0.019300691783428192,0.0010683799628168344,0.003428242402151227,-0.019060544669628143,True,Right,0.9865491986274719
vid4,60,2000,14,0.9755178093910217,0.5014076828956604,-0.029011515900492668,0.029490653425455093,0.01678638905286789,-0.015526950359344482,True,Right,0.9865491986274719
vid4,60,2000,15,0.9814764261245728,0.5799046754837036,-0.03223756328225136,0.03530459851026535,0.0400618240237236,-0.009693562984466553,True,Right,0.9865491986274719
vid4,60,2000,16,0.9672648310661316,0.633493185043335,-0.03213154524564743,0.028767744079232216,0.05954686552286148,-0.0016694888472557068,True,Right,0.9865491986274719
vid4,60,2000,17,0.9052888751029968,0.4878848195075989,-0.03560763970017433,-0.009288319386541843,0.014951135031878948,-0.03448590636253357,True,Right,0.9865491986274719
vid4,60,2000,18,0.9547995328903198,0.5357721447944641,-0.04130339249968529,0.01277272216975689,0.027309659868478775,-0.030226750299334526,True,Right,0.9865491986274719
vid4,60,2000,19,0.9569963216781616,0.5908141732215881,-0.039929941296577454,0.021324332803487778,0.04356476292014122,-0.021277040243148804,True,Right,0.9865491986274719
vid4,60,2000,20,0.9428686499595642,0.6333335041999817,-0.03721369802951813,0.014853431843221188,0.05678326636552811,-0.011502355337142944,True,Right,0.9865491986274719
vid4,61,2033,0,0.7855067849159241,0.5377871990203857,9.53785885826619e-08,-0.07693937420845032,0.028145834803581238,0.002083774656057358,True,Right,0.987210750579834
vid4,61,2033,1,0.8319709300994873,0.5955307483673096,0.017467986792325974,-0.0524410605430603,0.028551694005727768,0.02402602881193161,True,Right,0.987210750579834
vid4,61,2033,2,0.8721444606781006,0.5951172113418579,0.01952328532934189,-0.029114527627825737,0.03354308754205704,0.05117553472518921,True,Right,0.987210750579834
vid4,61,2033,3,0.9020849466323853,0.6009884476661682,0.013330552726984024,-0.009050964377820492,0.03275300934910774,0.08269147574901581,True,Right,0.987210750579834
vid4,61,2033,4,0.9271152019500732,0.6064302325248718,0.007630261592566967,0.005110274069011211,0.028357870876789093,0.11256465315818787,True,Right,0.987210750579834
vid4,61,2033,5,0.9047433137893677,0.4665548503398895,0.014980739913880825,-0.0008961696876212955,-0.008083153516054153,0.02841150015592575,True,Right,0.987210750579834
vid4,61,2033,6,0.9683399200439453,0.5206229090690613,6.136426236480474e-05,0.024390436708927155,0.011833377182483673,0.03202909231185913,True,Right,0.987210750579834
vid4,61,2033,7,0.9817414879798889,0.5918431282043457,-0.011708822101354599,0.03464961796998978,0.030007528141140938,0.0389970988035202,True,Right,0.987210750579834
vid4,61,2033,8,0.9758108258247375,0.648311197757721,-0.017014116048812866,0.028702909126877785,0.05127778649330139,0.03869740664958954,True,Right,0.987210750579834
vid4,61,2033,9,0.9063034057617188,0.46490591764450073,-0.002373848808929324,0.0009920371230691671,-0.007017591502517462,0.006379745900630951,True,Right,0.987210750579834
vid4,61,2033,10,0.9807084202766418,0.5250452756881714,-0.014260929077863693,0.035441361367702484,0.008996289223432541,0.007644101977348328,True,Right,0.987210750579834
vid4,61,2033,11,0.9902371764183044,0.6060048341751099,-0.021443556994199753,0.03997805714607239,0.030205827206373215,0.011357128620147705,True,Right,0.987210750579834
vid4,61,2033,12,0.9792079925537109,0.661756157875061,-0.024372465908527374,0.03381609171628952,0.04880225285887718,0.02074432373046875,True,Right,0.987210750579834
vid4,61,2033,13,0.9055497050285339,0.4848913252353668,-0.020039444789290428,0.0007381697650998831,0.002483007498085499,-0.019398801028728485,True,Right,0.987210750579834
vid4,61,2033,14,0.9761626720428467,0.5495820641517639,-0.030465703457593918,0.027805449441075325,0.01798100583255291,-0.01545172929763794,True,Right,0.987210750579834
vid4,61,2033,15,0.9805117249488831,0.6309750080108643,-0.03352585807442665,0.03265059366822243,0.040967755019664764,-0.009940117597579956,True,Right,0.987210750579834
vid4,61,2033,16,0.9651320576667786,0.6839272975921631,-0.033193934708833694,0.026126036420464516,0.06043360009789467,-0.0006147027015686035,True,Right,0.987210750579834
vid4,61,2033,17,0.9038110971450806,0.5268909335136414,-0.036950431764125824,-0.009079831652343273,0.013467486947774887,-0.0344851016998291,True,Right,0.987210750579834
vid4,61,2033,18,0.9539211392402649,0.5831894278526306,-0.042868826538324356,0.01195689756423235,0.026689831167459488,-0.029269812628626823,True,Right,0.987210750579834
vid4,61,2033,19,0.9542564749717712,0.6403764486312866,-0.041235532611608505,0.019190894439816475,0.04390469565987587,-0.019951701164245605,True,Right,0.987210750579834
vid4,61,2033,20,0.9378929734230042,0.6817263960838318,-0.038354936987161636,0.01205471996217966,0.05685634911060333,-0.010093510150909424,True,Right,0.987210750579834
vid4,62,2067,0,0.7786526083946228,0.560996413230896,1.1740162619844341e-07,-0.069576695561409,0.02932857908308506,-0.0096677765250206,True,Right,0.9901056885719299
vid4,62,2067,1,0.8190656900405884,0.6288902759552002,0.026292210444808006,-0.0527191087603569,0.031209899112582207,0.015063099563121796,True,Right,0.9901056885719299
vid4,62,2067,2,0.8558881878852844,0.6362618207931519,0.03170333802700043,-0.03328430652618408,0.03829226270318031,0.04068678617477417,True,Right,0.9901056885719299
vid4,62,2067,3,0.8811916708946228,0.6463645696640015,0.02652985416352749,-0.01958012580871582,0.03842884674668312,0.07560838758945465,True,Right,0.9901056885719299
vid4,62,2067,4,0.903228223323822,0.6537715792655945,0.021096976473927498,-0.0067520723678171635,0.030232278630137444,0.10852725803852081,True,Right,0.9901056885719299
vid4,62,2067,5,0.896691083908081,0.4871760606765747,0.03008907102048397,-0.0038352482952177525,-0.0062693883664906025,0.025908295065164566,True,Right,0.9901056885719299
vid4,62,2067,6,0.9601085782051086,0.5523856282234192,0.01999213546514511,0.01661972887814045,0.012515074573457241,0.03442457318305969,True,Right,0.9901056885719299
vid4,62,2067,7,0.9698829054832458,0.6273061633110046,0.009140255860984325,0.026663169264793396,0.030731460079550743,0.04246704280376434,True,Right,0.9901056885719299
vid4,62,2067,8,0.9596996903419495,0.6825829744338989,0.003890965599566698,0.01889036037027836,0.05052895471453667,0.0411701500415802,True,Right,0.9901056885719299
vid4,62,2067,9,0.9013085961341858,0.4829966127872467,0.00841226615011692,0.0010603248374536633,-0.007213960401713848,0.0068495869636535645,True,Right,0.9901056885719299
vid4,62,2067,10,0.9772939682006836,0.5539169311523438,0.003338009584695101,0.03255447372794151,0.009224191308021545,0.013156428933143616,True,Right,0.9901056885719299
vid4,62,2067,11,0.9840496182441711,0.63747239112854,-0.002376300049945712,0.03674360737204552,0.02741660736501217,0.017462030053138733,True,Right,0.9901056885719299
vid4,62,2067,12,0.970333456993103,0.6919161677360535,-0.0061372919008135796,0.03170986846089363,0.046205006539821625,0.027699053287506104,True,Right,0.9901056885719299
vid4,62,2067,13,0.9022391438484192,0.5059851408004761,-0.01334510650485754,0.003262143349274993,0.0015627512475475669,-0.017518997192382812,True,Right,0.9901056885719299
vid4,62,2067,14,0.9830245971679688,0.5671605467796326,-0.018782345578074455,0.030504459515213966,0.012170178815722466,-0.011367179453372955,True,Right,0.9901056885719299
vid4,62,2067,15,0.9859249591827393,0.6485541462898254,-0.020588591694831848,0.03723819553852081,0.03584127873182297,-0.0065724849700927734,True,Right,0.9901056885719299
vid4,62,2067,16,0.9689571261405945,0.698714017868042,-0.021451348438858986,0.030841359868645668,0.052199505269527435,0.001290649175643921,True,Right,0.9901056885719299
vid4,62,2067,17,0.9017754793167114,0.5554431080818176,-0.03375084698200226,-0.004647187888622284,0.011090529151260853,-0.03293949365615845,True,Right,0.9901056885719299
vid4,62,2067,18,0.9589411616325378,0.6195674538612366,-0.036534663289785385,0.017377907410264015,0.02587335929274559,-0.027681417763233185,True,Right,0.9901056885719299
vid4,62,2067,19,0.9553159475326538,0.6789212822914124,-0.03254617378115654,0.022110991179943085,0.044040318578481674,-0.019621819257736206,True,Right,0.9901056885719299
vid4,62,2067,20,0.9349048137664795,0.7183598279953003,-0.029485223814845085,0.013235293328762054,0.05549977719783783,-0.0090131014585495,True,Right,0.9901056885719299
vid4,63,2100,0,0.7765864133834839,0.581754744052887,8.218044200702934e-08,-0.073341004550457,0.03207365423440933,0.0006190277636051178,True,Right,0.9831305146217346
vid4,63,2100,1,0.8266880512237549,0.6278746128082275,0.03752509132027626,-0.05281198397278786,0.030122658237814903,0.02322503924369812,True,Right,0.9831305146217346
vid4,63,2100,2,0.8660379648208618,0.6224275231361389,0.04707684367895126,-0.030413269996643066,0.034809231758117676,0.047175824642181396,True,Right,0.9831305146217346
vid4,63,2100,3,0.8969669938087463,0.628844141960144,0.04391714185476303,-0.010664952918887138,0.030359255149960518,0.07481630891561508,True,Right,0.9831305146217346
vid4,63,2100,4,0.9222148060798645,0.6341543197631836,0.04006653279066086,0.003220154205337167,0.024412110447883606,0.0979846864938736,True,Right,0.9831305146217346
vid4,63,2100,5,0.8934391140937805,0.49161791801452637,0.03727253898978233,-0.0022875249851495028,-0.00842759758234024,0.02732819691300392,True,Right,0.9831305146217346
vid4,63,2100,6,0.9607790112495422,0.5359483361244202,0.02959742583334446,0.02175111137330532,0.006453472655266523,0.03411369025707245,True,Right,0.9831305146217346
vid4,63,2100,7,0.9729617834091187,0.6056554913520813,0.02170160971581936,0.03236198425292969,0.021946854889392853,0.043771892786026,True,Right,0.9831305146217346
vid4,63,2100,8,0.9659892916679382,0.6599670648574829,0.018418457359075546,0.026222875341773033,0.04126647114753723,0.04648253321647644,True,Right,0.9831305146217346
vid4,63,2100,9,0.8972561359405518,0.49065274000167847,0.01061161421239376,0.0010536413174122572,-0.0072910478338599205,0.006602171808481216,True,Right,0.9831305146217346
vid4,63,2100,10,0.9766632318496704,0.5468837022781372,0.006765241734683514,0.035508837550878525,0.006279778201133013,0.009578883647918701,True,Right,0.9831305146217346
vid4,63,2100,11,0.98484867811203,0.6278799772262573,0.0030528928618878126,0.04003290459513664,0.02369535155594349,0.01826414465904236,True,Right,0.9831305146217346
vid4,63,2100,12,0.9705490469932556,0.6819990873336792,0.0008844530675560236,0.03401852771639824,0.04200999438762665,0.03037598729133606,True,Right,0.9831305146217346
vid4,63,2100,13,0.8986474275588989,0.5128322243690491,-0.01499357633292675,0.0020130472257733345,0.003295784816145897,-0.01797279715538025,True,Right,0.9831305146217346
vid4,63,2100,14,0.9777148962020874,0.5759295225143433,-0.01740295998752117,0.030218085274100304,0.01597922295331955,-0.012062795460224152,True,Right,0.9831305146217346
vid4,63,2100,15,0.9776672124862671,0.6576314568519592,-0.015435827895998955,0.03568055108189583,0.03639187663793564,-0.0024756193161010742,True,Right,0.9831305146217346
vid4,63,2100,16,0.9576266407966614,0.7059500217437744,-0.014043017290532589,0.02711465395987034,0.054199159145355225,0.007921330630779266,True,Right,0.9831305146217346
vid4,63,2100,17,0.8988847136497498,0.5575665831565857,-0.038535479456186295,-0.006815824657678604,0.014703205786645412,-0.032467737793922424,True,Right,0.9831305146217346
vid4,63,2100,18,0.9560827612876892,0.6190760135650635,-0.038634564727544785,0.015829257667064667,0.02617204561829567,-0.027396496385335922,True,Right,0.9831305146217346
vid4,63,2100,19,0.9514575600624084,0.6776257753372192,-0.03245267644524574,0.022266795858740807,0.04307612404227257,-0.017563730478286743,True,Right,0.9831305146217346
vid4,63,2100,20,0.9306630492210388,0.7162002921104431,-0.027719691395759583,0.012217497453093529,0.055208444595336914,-0.005817890167236328,True,Right,0.9831305146217346
vid4,64,2133,0,0.7728304266929626,0.5756634473800659,1.1114739351114622e-07,-0.0726219192147255,0.03144359216094017,-0.00480671226978302,True,Right,0.9807105660438538
vid4,64,2133,1,0.8190886378288269,0.6284730434417725,0.03408398479223251,-0.0539843924343586,0.031209567561745644,0.01977537013590336,True,Right,0.9807105660438538
vid4,64,2133,2,0.8584346175193787,0.6303243637084961,0.04261837527155876,-0.032349344342947006,0.03776303306221962,0.04513731598854065,True,Right,0.9807105660438538
vid4,64,2133,3,0.8879255652427673,0.6430001258850098,0.03898505121469498,-0.01455221138894558,0.03564707562327385,0.07387454807758331,True,Right,0.9807105660438538
vid4,64,2133,4,0.9129005670547485,0.6495687961578369,0.03467587009072304,-0.0014586149482056499,0.028638483956456184,0.10167429596185684,True,Right,0.9807105660438538
vid4,64,2133,5,0.8913525342941284,0.49101316928863525,0.03662745654582977,-0.00420885207131505,-0.007725990377366543,0.026929769665002823,True,Right,0.9807105660438538
vid4,64,2133,6,0.9574612379074097,0.5351008176803589,0.029378151521086693,0.019841207191348076,0.007650285493582487,0.03516332805156708,True,Right,0.9807105660438538
vid4,64,2133,7,0.971873939037323,0.6060077548027039,0.021287761628627777,0.0312647745013237,0.021961238235235214,0.04511464387178421,True,Right,0.9807105660438538
vid4,64,2133,8,0.9668932557106018,0.6628288626670837,0.01778418757021427,0.02695837989449501,0.04261693358421326,0.04563429206609726,True,Right,0.9807105660438538
vid4,64,2133,9,0.8960363268852234,0.4884316921234131,0.01177782379090786,0.0006734167691320181,-0.007159177679568529,0.006461039185523987,True,Right,0.9807105660438538
vid4,64,2133,10,0.9732488393783569,0.5440410375595093,0.009345031343400478,0.034735679626464844,0.006709498353302479,0.010768041014671326,True,Right,0.9807105660438538
vid4,64,2133,11,0.984329104423523,0.6244730353355408,0.005696789361536503,0.04012153670191765,0.02428244799375534,0.01989366114139557,True,Right,0.9807105660438538
vid4,64,2133,12,0.9730157256126404,0.6803236603736877,0.003181649371981621,0.035457905381917953,0.04238880053162575,0.030323654413223267,True,Right,0.9807105660438538
vid4,64,2133,13,0.8982868194580078,0.5088080763816833,-0.012414264492690563,0.0030308428686112165,0.0026427563279867172,-0.017502620816230774,True,Right,0.9807105660438538
vid4,64,2133,14,0.976573646068573,0.5705581307411194,-0.01467468123883009,0.03040488436818123,0.015446721576154232,-0.010558567941188812,True,Right,0.9807105660438538
vid4,64,2133,15,0.9788995981216431,0.652662456035614,-0.013502768240869045,0.03652907907962799,0.03626314550638199,-0.0015701055526733398,True,Right,0.9807105660438538
vid4,64,2133,16,0.9607046842575073,0.7032898664474487,-0.012689931318163872,0.029448924586176872,0.05375703424215317,0.008301910012960434,True,Right,0.9807105660438538
vid4,64,2133,17,0.8996637463569641,0.5517369508743286,-0.03486365079879761,-0.0052569773979485035,0.013603447936475277,-0.03240974247455597,True,Right,0.9807105660438538
vid4,64,2133,18,0.9551206231117249,0.6169981956481934,-0.035389047116041183,0.016418980434536934,0.025837017223238945,-0.02707856334745884,True,Right,0.9807105660438538
vid4,64,2133,19,0.9516655206680298,0.6764797568321228,-0.030042951926589012,0.02283916063606739,0.043558064848184586,-0.016698479652404785,True,Right,0.9807105660438538
vid4,64,2133,20,0.9318680167198181,0.7169193625450134,-0.02579568699002266,0.013432634063065052,0.05581327900290489,-0.005383878946304321,True,Right,0.9807105660438538
vid4,65,2167,0,0.7702170014381409,0.5694622993469238,1.3485488636888476e-07,-0.07204843312501907,0.02999509684741497,-0.0001430809497833252,True,Right,0.9597529172897339
vid4,65,2167,1,0.8188167810440063,0.6311350464820862,0.029584594070911407,-0.051479522138834,0.03205062076449394,0.021286506205797195,True,Right,0.9597529172897339
vid4,65,2167,2,0.8593753576278687,0.633346438407898,0.036811381578445435,-0.030131828039884567,0.03965512663125992,0.04438471794128418,True,Right,0.9597529172897339
vid4,65,2167,3,0.8893617391586304,0.6428249478340149,0.03319704532623291,-0.011543498374521732,0.03725222125649452,0.06931264698505402,True,Right,0.9597529172897339
vid4,65,2167,4,0.9143444299697876,0.6470287442207336,0.029326217249035835,0.0011886850697919726,0.031144196167588234,0.09496204555034637,True,Right,0.9597529172897339
vid4,65,2167,5,0.8912249803543091,0.4950794577598572,0.033098965883255005,-0.003842312376946211,-0.0057286666706204414,0.025945283472537994,True,Right,0.9597529172897339
vid4,65,2167,6,0.9556153416633606,0.5396320223808289,0.025098171085119247,0.020371122285723686,0.010529598221182823,0.03211429715156555,True,Right,0.9597529172897339
vid4,65,2167,7,0.971426248550415,0.611070454120636,0.016158312559127808,0.03196880593895912,0.024935493245720863,0.04163438826799393,True,Right,0.9597529172897339
vid4,65,2167,8,0.9681404829025269,0.6685737371444702,0.011606704443693161,0.028773123398423195,0.04665464162826538,0.04046141728758812,True,Right,0.9597529172897339
vid4,65,2167,9,0.8937060236930847,0.48792627453804016,0.010770400054752827,0.0006023368914611638,-0.006998179946094751,0.006006568670272827,True,Right,0.9597529172897339
vid4,65,2167,10,0.9701229929924011,0.5430521965026855,0.005257036536931992,0.03281732648611069,0.007618200033903122,0.008223235607147217,True,Right,0.9597529172897339
vid4,65,2167,11,0.981412410736084,0.6254296898841858,-0.00012254870671313256,0.03974764049053192,0.02669193223118782,0.016124501824378967,True,Right,0.9597529172897339
vid4,65,2167,12,0.9720010161399841,0.6831167340278625,-0.003274851245805621,0.03694150969386101,0.04385022446513176,0.026800870895385742,True,Right,0.9597529172897339
vid4,65,2167,13,0.8945785164833069,0.5045213103294373,-0.01115360576659441,0.00216770451515913,0.0014078018721193075,-0.016926340758800507,True,Right,0.9597529172897339
vid4,65,2167,14,0.9749106168746948,0.5603963136672974,-0.015253879129886627,0.03002188168466091,0.012378581799566746,-0.01205713301897049,True,Right,0.9597529172897339
vid4,65,2167,15,0.9830478429794312,0.643140971660614,-0.015526237897574902,0.03914221376180649,0.034905459731817245,-0.004891902208328247,True,Right,0.9597529172897339
vid4,65,2167,16,0.970988392829895,0.6981099247932434,-0.01552671380341053,0.03539600595831871,0.053115058690309525,0.0024458318948745728,True,Right,0.9597529172897339
vid4,65,2167,17,0.8946177959442139,0.5458071231842041,-0.03167646750807762,-0.006414726842194796,0.010555220767855644,-0.031203314661979675,True,Right,0.9597529172897339
vid4,65,2167,18,0.9498773217201233,0.6082777976989746,-0.033342767506837845,0.01473636832088232,0.022683674469590187,-0.02656782791018486,True,Right,0.9597529172897339
vid4,65,2167,19,0.950818657875061,0.6671445369720459,-0.02940509468317032,0.022993989288806915,0.040741439908742905,-0.016612038016319275,True,Right,0.9597529172897339
vid4,65,2167,20,0.9359560012817383,0.7097731232643127,-0.026215678080916405,0.016987651586532593,0.05387809872627258,-0.006577402353286743,True,Right,0.9597529172897339
vid4,66,2200,0,0.7707935571670532,0.5646224617958069,1.108444536157549e-07,-0.07684606313705444,0.026031553745269775,0.001584462821483612,True,Right,0.9716507196426392
vid4,66,2200,1,0.8173636198043823,0.6114347577095032,0.023355336859822273,-0.05385954678058624,0.027045907452702522,0.02357158437371254,True,Right,0.9716507196426392
vid4,66,2200,2,0.8621514439582825,0.6051823496818542,0.02738574519753456,-0.02910027839243412,0.030069807544350624,0.047599613666534424,True,Right,0.9716507196426392
vid4,66,2200,3,0.8950229287147522,0.6061947345733643,0.021773837506771088,-0.008062864653766155,0.027276158332824707,0.07639479637145996,True,Right,0.9716507196426392
vid4,66,2200,4,0.9221310615539551,0.6070717573165894,0.015752706676721573,0.0057098232209682465,0.020351238548755646,0.10404703766107559,True,Right,0.9716507196426392
vid4,66,2200,5,0.8913761377334595,0.49343523383140564,0.017336290329694748,3.825268504442647e-05,-0.007245760876685381,0.028213754296302795,True,Right,0.9716507196426392
vid4,66,2200,6,0.9655667543411255,0.5254567265510559,0.004013906233012676,0.02616865560412407,0.006255549378693104,0.03289368748664856,True,Right,0.9716507196426392
vid4,66,2200,7,0.9851808547973633,0.596648097038269,-0.005166024900972843,0.03916318714618683,0.022329416126012802,0.04042867571115494,True,Right,0.9716507196426392
vid4,66,2200,8,0.9829996228218079,0.6510818600654602,-0.008458677679300308,0.038221098482608795,0.04187435656785965,0.04146851599216461,True,Right,0.9716507196426392
vid4,66,2200,9,0.891451895236969,0.49021440744400024,-0.0031330815982073545,0.0009651959408074617,-0.0064847818575799465,0.006519608199596405,True,Right,0.9716507196426392
vid4,66,2200,10,0.9751980900764465,0.532088577747345,-0.01367146335542202,0.035976313054561615,0.004244877956807613,0.006234362721443176,True,Right,0.9716507196426392
vid4,66,2200,11,0.9878202676773071,0.6146554946899414,-0.018385622650384903,0.04244879260659218,0.023683160543441772,0.01398460566997528,True,Right,0.9716507196426392
vid4,66,2200,12,0.9774878621101379,0.6650974750518799,-0.01995600387454033,0.037825923413038254,0.03841241076588631,0.025129258632659912,True,Right,0.9716507196426392
vid4,66,2200,13,0.8912569880485535,0.5087073445320129,-0.02323097363114357,0.0010420967591926455,0.002494628308340907,-0.018229052424430847,True,Right,0.9716507196426392
vid4,66,2200,14,0.9736508727073669,0.5579465627670288,-0.03210317716002464,0.028661398217082024,0.013478051871061325,-0.014765165746212006,True,Right,0.9716507196426392
vid4,66,2200,15,0.9802521467208862,0.643215000629425,-0.03182767331600189,0.03738326579332352,0.034674450755119324,-0.007774919271469116,True,Right,0.9716507196426392
vid4,66,2200,16,0.9655300974845886,0.6937568783760071,-0.029586993157863617,0.030713874846696854,0.05194623023271561,0.0038970597088336945,True,Right,0.9716507196426392
vid4,66,2200,17,0.8904493451118469,0.5484747886657715,-0.04206349700689316,-0.00872244406491518,0.012835700996220112,-0.03328317403793335,True,Right,0.9716507196426392
vid4,66,2200,18,0.9562016725540161,0.5879753232002258,-0.04669832065701485,0.014794982969760895,0.021003197878599167,-0.029066968709230423,True,Right,0.9716507196426392
vid4,66,2200,19,0.9611495733261108,0.6484081745147705,-0.04215630143880844,0.026816433295607567,0.037237007170915604,-0.019405856728553772,True,Right,0.9716507196426392
vid4,66,2200,20,0.945338785648346,0.6899033784866333,-0.03730437904596329,0.01816457509994507,0.04909129813313484,-0.00941738486289978,True,Right,0.9716507196426392
vid4,67,2233,0,0.7627429962158203,0.5449573397636414,1.7978388200390327e-07,-0.08259886503219604,0.019148994237184525,0.008961863815784454,True,Right,0.9511287212371826
vid4,67,2233,1,0.8059983253479004,0.5358108282089233,0.025782888755202293,-0.05992364510893822,0.016101211309432983,0.02920098789036274,True,Right,0.9511287212371826
vid4,67,2233,2,0.8505536913871765,0.5266380906105042,0.02604588121175766,-0.034695953130722046,0.013605301268398762,0.05405786633491516,True,Right,0.9511287212371826
vid4,67,2233,3,0.8839066028594971,0.5321329236030579,0.016710886731743813,-0.01142605859786272,0.008782988414168358,0.08092349767684937,True,Right,0.9511287212371826
vid4,67,2233,4,0.9127071499824524,0.5444641709327698,0.006474618334323168,0.007067778613418341,0.0036661596968770027,0.10481153428554535,True,Right,0.9511287212371826
vid4,67,2233,5,0.8836421966552734,0.4749167263507843,0.009335007518529892,0.0009223655797541142,-0.011748779565095901,0.026330746710300446,True,Right,0.9511287212371826
vid4,67,2233,6,0.9591057300567627,0.4909309148788452,-0.005762363318353891,0.02704339101910591,-0.000452524924185127,0.032218366861343384,True,Right,0.9511287212371826
vid4,67,2233,7,0.9822673201560974,0.5555471777915955,-0.013544195331633091,0.042931944131851196,0.012161449529230595,0.041862718760967255,True,Right,0.9511287212371826
vid4,67,2233,8,0.9867683053016663,0.6119878888130188,-0.01534678228199482,0.04794641211628914,0.034445870667696,0.05010267347097397,True,Right,0.9511287212371826
vid4,67,2233,9,0.8842196464538574,0.4798901081085205,-0.01381256990134716,0.001976725412532687,-0.006817223969846964,0.00517677515745163,True,Right,0.9511287212371826
vid4,67,2233,10,0.9697510600090027,0.5051594376564026,-0.027287542819976807,0.03880970552563667,0.001401249784976244,0.005886070430278778,True,Right,0.9511287212371826
vid4,67,2233,11,0.9910866618156433,0.5801603198051453,-0.03035859763622284,0.04961227625608444,0.01873689331114292,0.017522424459457397,True,Right,0.9511287212371826
vid4,67,2233,12,0.9901328682899475,0.6360474824905396,-0.02984772063791752,0.052794408053159714,0.03541622683405876,0.03525608777999878,True,Right,0.9511287212371826
vid4,67,2233,13,0.8840606808662415,0.5010597705841064,-0.03601347282528877,0.001085673808120191,0.00633197883144021,-0.016758717596530914,True,Right,0.9511287212371826
vid4,67,2233,14,0.9688335657119751,0.5278804302215576,-0.043139781802892685,0.032146140933036804,0.011644197627902031,-0.013073965907096863,True,Right,0.9511287212371826
vid4,67,2233,15,0.9902567863464355,0.6021769046783447,-0.04011167585849762,0.047158803790807724,0.03174734115600586,-0.0032082796096801758,True,Right,0.9511287212371826
vid4,67,2233,16,0.9901220202445984,0.6579825282096863,-0.03655166178941727,0.04996659234166145,0.048336684703826904,0.008052114397287369,True,Right,0.9511287212371826
vid4,67,2233,17,0.8833516836166382,0.5391656160354614,-0.05700041726231575,-0.00999640952795744,0.01817147806286812,-0.02905750274658203,True,Right,0.9511287212371826
vid4,67,2233,18,0.950396716594696,0.5594359636306763,-0.05853103846311569,0.014520823955535889,0.021716272458434105,-0.026130419224500656,True,Right,0.9511287212371826
vid4,67,2233,19,0.9723420739173889,0.6102656126022339,-0.05286697298288345,0.03609893471002579,0.03444352000951767,-0.01634886860847473,True,Right,0.9511287212371826
vid4,67,2233,20,0.975640594959259,0.6536090970039368,-0.04758313298225403,0.037916991859674454,0.04672781005501747,-0.008356988430023193,True,Right,0.9511287212371826
vid4,68,2267,0,0.7366295456886292,0.5318962931632996,4.550107632894651e-07,-0.07121340930461884,0.016172222793102264,0.01012197881937027,True,Right,0.6397241353988647
vid4,68,2267,1,0.7617142200469971,0.5680326223373413,-0.018886661157011986,-0.056686148047447205,0.0238493625074625,0.021380417048931122,True,Right,0.6397241353988647
vid4,68,2267,2,0.7966985702514648,0.5699571967124939,-0.038668565452098846,-0.038458190858364105,0.025713810697197914,0.03761434555053711,True,Right,0.6397241353988647
vid4,68,2267,3,0.8297258019447327,0.5694807767868042,-0.05855463445186615,-0.02626776695251465,0.021015852689743042,0.06195154786109924,True,Right,0.6397241353988647
vid4,68,2267,4,0.8626657128334045,0.5672873258590698,-0.07704779505729675,-0.011531556956470013,0.01390152983367443,0.07766661047935486,True,Right,0.6397241353988647
vid4,68,2267,5,0.8627094626426697,0.49024930596351624,-0.034078169614076614,-0.0006213064189068973,-0.005148569121956825,0.018918419256806374,True,Right,0.6397241353988647
vid4,68,2267,6,0.9358866810798645,0.5085664987564087,-0.06364660710096359,0.017161797732114792,0.0063576907850801945,0.021288827061653137,True,Right,0.6397241353988647
vid4,68,2267,7,0.9677025079727173,0.5724023580551147,-0.08233184367418289,0.03534368798136711,0.02077043429017067,0.028373926877975464,True,Right,0.6397241353988647
vid4,68,2267,8,0.980289876461029,0.6332746148109436,-0.09054116904735565,0.04375038668513298,0.03997468203306198,0.027382291853427887,True,Right,0.6397241353988647
vid4,68,2267,9,0.8683140277862549,0.4735107421875,-0.03685670718550682,0.002534538274630904,-0.005694669671356678,0.005657803267240524,True,Right,0.6397241353988647
vid4,68,2267,10,0.9505478143692017,0.4893527328968048,-0.061704352498054504,0.02858535572886467,0.0010715705575421453,0.0012944042682647705,True,Right,0.6397241353988647
vid4,68,2267,11,0.9894405603408813,0.5540503859519958,-0.07134442031383514,0.0485200434923172,0.01442013867199421,0.00276985764503479,True,Right,0.6397241353988647
vid4,68,2267,12,1.0085393190383911,0.6122342944145203,-0.07479596883058548,0.06811747699975967,0.028743799775838852,0.012098342180252075,True,Right,0.6397241353988647
vid4,68,2267,13,0.8700023889541626,0.47748857736587524,-0.042095497250556946,0.002196226269006729,0.0012051142985001206,-0.012445203959941864,True,Right,0.6397241353988647
vid4,68,2267,14,0.9505053758621216,0.48472368717193604,-0.059535663574934006,0.02549784816801548,0.0004702825681306422,-0.013011373579502106,True,Right,0.6397241353988647
vid4,68,2267,15,0.9881657361984253,0.542732834815979,-0.064078688621521,0.04571308568120003,0.01739274151623249,-0.011722147464752197,True,Right,0.6397241353988647
vid4,68,2267,16,1.007089614868164,0.5990527868270874,-0.06478629261255264,0.06412773579359055,0.031147649511694908,-0.008027173578739166,True,Right,0.6397241353988647
vid4,68,2267,17,0.8682522177696228,0.4984268546104431,-0.049661215394735336,-0.009299862198531628,0.005635932553559542,-0.021050885319709778,True,Right,0.6397241353988647
vid4,68,2267,18,0.9292067885398865,0.49207577109336853,-0.06156114116311073,0.008119707927107811,0.004157278686761856,-0.023159626871347427,True,Right,0.6397241353988647
vid4,68,2267,19,0.9637458920478821,0.5199196934700012,-0.06423821300268173,0.03166671097278595,0.011366059072315693,-0.02116788923740387,True,Right,0.6397241353988647
vid4,68,2267,20,0.984596312046051,0.5534362196922302,-0.06373847275972366,0.048887938261032104,0.01868516206741333,-0.01989569514989853,True,Right,0.6397241353988647
vid4,69,2300,0,0.7149547338485718,0.5233119130134583,3.0904334380466025e-07,-0.08775515854358673,0.02169450931251049,0.009434964507818222,True,Right,0.9442811012268066
vid4,69,2300,1,0.762076199054718,0.5014423131942749,0.019518734887242317,-0.06358075141906738,0.014813773334026337,0.03266344219446182,True,Right,0.9442811012268066
vid4,69,2300,2,0.8140308856964111,0.47792673110961914,0.01767387054860592,-0.03581671044230461,0.006794858258217573,0.05579547584056854,True,Right,0.9442811012268066
vid4,69,2300,3,0.8490535020828247,0.4694548547267914,0.00893999170511961,-0.010984892025589943,-0.0031498053576797247,0.08533468097448349,True,Right,0.9442811012268066
vid4,69,2300,4,0.881996214389801,0.468139111995697,-0.00034169305581599474,0.011544850654900074,-0.013177547603845596,0.0998024046421051,True,Right,0.9442811012268066
vid4,69,2300,5,0.8483869433403015,0.44236892461776733,0.001509508234448731,0.0019710734486579895,-0.015048126690089703,0.025667842477560043,True,Right,0.9442811012268066
vid4,69,2300,6,0.9190735816955566,0.44707733392715454,-0.01466534286737442,0.030313661321997643,-0.008027525618672371,0.0293014794588089,True,Right,0.9442811012268066
vid4,69,2300,7,0.9587174654006958,0.48207807540893555,-0.0232855174690485,0.05159192159771919,0.0022520541679114103,0.03631681203842163,True,Right,0.9442811012268066
vid4,69,2300,8,0.9846795201301575,0.521858811378479,-0.02642928622663021,0.07250828295946121,0.016594622284173965,0.03789204731583595,True,Right,0.9442811012268066
vid4,69,2300,9,0.8464180827140808,0.4485262334346771,-0.018987219780683517,0.0029802864883095026,-0.007269750349223614,0.004746876657009125,True,Right,0.9442811012268066
vid4,69,2300,10,0.9271546006202698,0.455082505941391,-0.033201199024915695,0.03912341967225075,-0.001977439969778061,0.0027945414185523987,True,Right,0.9442811012268066
vid4,69,2300,11,0.9694179892539978,0.501879096031189,-0.036446016281843185,0.06143529340624809,0.00774097116664052,0.008992515504360199,True,Right,0.9442811012268066
vid4,69,2300,12,0.9933354258537292,0.5521436333656311,-0.03674163669347763,0.0821651816368103,0.022800898179411888,0.020441263914108276,True,Right,0.9442811012268066
vid4,69,2300,13,0.8415924906730652,0.47313711047172546,-0.03895645961165428,0.000223369657760486,0.008288404904305935,-0.017135456204414368,True,Right,0.9442811012268066
vid4,69,2300,14,0.9220967888832092,0.48272523283958435,-0.048288989812135696,0.032463207840919495,0.009700518101453781,-0.016236096620559692,True,Right,0.9442811012268066
vid4,69,2300,15,0.962226927280426,0.5317983627319336,-0.048265811055898666,0.05699798837304115,0.02205132134258747,-0.01254841685295105,True,Right,0.9442811012268066
vid4,69,2300,16,0.9854000806808472,0.5816951990127563,-0.04730606451630592,0.07655808329582214,0.03943543881177902,-0.0022405199706554413,True,Right,0.9442811012268066
vid4,69,2300,17,0.8343590497970581,0.5170122385025024,-0.05801600590348244,-0.013249420560896397,0.022415587678551674,-0.02870774269104004,True,Right,0.9442811012268066
vid4,69,2300,18,0.8982821702957153,0.5285137295722961,-0.06182173267006874,0.011971044354140759,0.02606533281505108,-0.029221735894680023,True,Right,0.9442811012268066
vid4,69,2300,19,0.9305933713912964,0.5631765127182007,-0.058758098632097244,0.036590684205293655,0.03528675436973572,-0.022495299577713013,True,Right,0.9442811012268066
vid4,69,2300,20,0.9506537914276123,0.5994449257850647,-0.05569766089320183,0.05207883194088936,0.04635368660092354,-0.0129757821559906,True,Right,0.9442811012268066
vid4,70,2333,0,0.6861392259597778,0.5185090899467468,3.1106785058909736e-07,-0.08654247969388962,0.02088038995862007,0.013537406921386719,True,Right,0.9358720183372498
vid4,70,2333,1,0.7340633869171143,0.48151493072509766,0.01810499280691147,-0.05972977355122566,0.012783734127879143,0.033446185290813446,True,Right,0.9358720183372498
vid4,70,2333,2,0.7869835495948792,0.4551439881324768,0.014772169291973114,-0.03170327842235565,0.004219555761665106,0.05854654312133789,True,Right,0.9358720183372498
vid4,70,2333,3,0.8237990736961365,0.44877925515174866,0.004767581820487976,-0.008467815816402435,-0.004734921269118786,0.08551318943500519,True,Right,0.9358720183372498
vid4,70,2333,4,0.8564045429229736,0.45227134227752686,-0.0061257388442754745,0.013019837439060211,-0.011103002354502678,0.097510427236557,True,Right,0.9358720183372498
vid4,70,2333,5,0.8229436278343201,0.42671477794647217,0.0008981507853604853,0.0034434485714882612,-0.015604403801262379,0.023730557411909103,True,Right,0.9358720183372498
vid4,70,2333,6,0.8914411067962646,0.435151606798172,-0.015391679480671883,0.028941215947270393,-0.007561456877738237,0.026506617665290833,True,Right,0.9358720183372498
vid4,70,2333,7,0.9291364550590515,0.4683679938316345,-0.025607354938983917,0.05063144862651825,0.0011360469507053494,0.03487815335392952,True,Right,0.9358720183372498
vid4,70,2333,8,0.9557115435600281,0.5048667192459106,-0.031062046065926552,0.06939306855201721,0.013902982696890831,0.04106917977333069,True,Right,0.9358720183372498
vid4,70,2333,9,0.8197057843208313,0.4381590783596039,-0.02008475922048092,0.0030830283649265766,-0.0069470782764256,0.0043062493205070496,True,Right,0.9358720183372498
vid4,70,2333,10,0.8967460989952087,0.4507196247577667,-0.0334334596991539,0.03734643757343292,-0.000855968683026731,0.002585992217063904,True,Right,0.9358720183372498
vid4,70,2333,11,0.9392699003219604,0.4938589632511139,-0.03797182813286781,0.05973087623715401,0.008281085640192032,0.00868302583694458,True,Right,0.9358720183372498
vid4,70,2333,12,0.9672224521636963,0.5395799875259399,-0.04082540050148964,0.08294221758842468,0.021822594106197357,0.02247762680053711,True,Right,0.9358720183372498
vid4,70,2333,13,0.8119921088218689,0.4654240608215332,-0.04075141251087189,-0.0012858649715781212,0.008679327555000782,-0.01589999347925186,True,Right,0.9358720183372498
vid4,70,2333,14,0.8904725313186646,0.47902435064315796,-0.050540708005428314,0.029417963698506355,0.010626317001879215,-0.01505589485168457,True,Right,0.9358720183372498
vid4,70,2333,15,0.9306684136390686,0.5243030786514282,-0.05042891204357147,0.0536620207130909,0.025027478113770485,-0.00855940580368042,True,Right,0.9358720183372498
vid4,70,2333,16,0.956786572933197,0.5688120126724243,-0.05059969052672386,0.0737227275967598,0.0393291637301445,0.0012094900012016296,True,Right,0.9358720183372498
vid4,70,2333,17,0.8019125461578369,0.5098191499710083,-0.06059931963682175,-0.015155992470681667,0.022417929023504257,-0.025530099868774414,True,Right,0.9358720183372498
vid4,70,2333,18,0.8640748858451843,0.5231069922447205,-0.06603411585092545,0.010612103156745434,0.025961071252822876,-0.025844156742095947,True,Right,0.9358720183372498
vid4,70,2333,19,0.8968979716300964,0.5532852411270142,-0.0633591040968895,0.034867651760578156,0.034152042120695114,-0.018997684121131897,True,Right,0.9358720183372498
vid4,70,2333,20,0.9195331931114197,0.5823870897293091,-0.061248622834682465,0.05074780434370041,0.04276370257139206,-0.012488245964050293,True,Right,0.9358720183372498
vid4,71,2367,0,0.6462487578392029,0.5147565007209778,2.581475655460963e-07,-0.08661825209856033,0.019785424694418907,0.019904963672161102,True,Right,0.905097484588623
vid4,71,2367,1,0.6905229091644287,0.49193114042282104,0.013032117858529091,-0.05682288482785225,0.014232120476663113,0.03442235291004181,True,Right,0.905097484588623
vid4,71,2367,2,0.7446348667144775,0.4720662236213684,0.008392058312892914,-0.029431333765387535,0.009345713071525097,0.05685985088348389,True,Right,0.905097484588623
vid4,71,2367,3,0.7823219299316406,0.46957501769065857,-0.0012497337302193046,-0.003791408846154809,0.001210319227539003,0.07635710388422012,True,Right,0.905097484588623
vid4,71,2367,4,0.8143964409828186,0.4767287075519562,-0.011604871600866318,0.016483133658766747,-0.0039780656807124615,0.08447131514549255,True,Right,0.905097484588623
vid4,71,2367,5,0.7763336896896362,0.43801024556159973,-0.00664098933339119,0.004654530435800552,-0.012672672048211098,0.02170632779598236,True,Right,0.905097484588623
vid4,71,2367,6,0.8446146249771118,0.4442981779575348,-0.022841427475214005,0.031120730563998222,-0.005404326599091291,0.021904468536376953,True,Right,0.905097484588623
vid4,71,2367,7,0.8808522820472717,0.4723231792449951,-0.033072154968976974,0.05200999230146408,0.002442616969347,0.025654718279838562,True,Right,0.905097484588623
vid4,71,2367,8,0.9065256118774414,0.5034836530685425,-0.03909185528755188,0.0703948438167572,0.014158541336655617,0.02260354906320572,True,Right,0.905097484588623
vid4,71,2367,9,0.7738932371139526,0.4440058171749115,-0.024457069113850594,0.0033104163594543934,-0.006071990821510553,0.0037844888865947723,True,Right,0.905097484588623
vid4,71,2367,10,0.8498754501342773,0.4488925039768219,-0.03711576387286186,0.03793543204665184,-0.0011643291218206286,-0.002646222710609436,True,Right,0.905097484588623
vid4,71,2367,11,0.8908656239509583,0.4818614423274994,-0.04227317124605179,0.060370031744241714,0.004908765200525522,-0.003070145845413208,True,Right,0.905097484588623
vid4,71,2367,12,0.9184992909431458,0.5176169872283936,-0.04611102491617203,0.08504395931959152,0.013705989345908165,0.006116509437561035,True,Right,0.905097484588623
vid4,71,2367,13,0.765223503112793,0.4673748314380646,-0.041724998503923416,-0.002523549599573016,0.005976047832518816,-0.014569446444511414,True,Right,0.905097484588623
vid4,71,2367,14,0.8418900966644287,0.4707648456096649,-0.04995017498731613,0.028495242819190025,0.007957479916512966,-0.018534868955612183,True,Right,0.905097484588623
vid4,71,2367,15,0.8817358016967773,0.5001638531684875,-0.05003971979022026,0.05400632694363594,0.016628125682473183,-0.01797431707382202,True,Right,0.905097484588623
vid4,71,2367,16,0.9093475341796875,0.5326255559921265,-0.051625750958919525,0.07533835619688034,0.026870103552937508,-0.012290485203266144,True,Right,0.905097484588623
vid4,71,2367,17,0.7525061368942261,0.5096185803413391,-0.05842602252960205,-0.01760397106409073,0.018629875034093857,-0.023628726601600647,True,Right,0.905097484588623
vid4,71,2367,18,0.8033333420753479,0.5177510976791382,-0.062367718666791916,0.005156888626515865,0.022972140461206436,-0.027492715045809746,True,Right,0.905097484588623
vid4,71,2367,19,0.8349810242652893,0.5345596671104431,-0.060099270194768906,0.027870554476976395,0.02701767534017563,-0.025139957666397095,True,Right,0.905097484588623
vid4,71,2367,20,0.8589672446250916,0.5549756288528442,-0.059347979724407196,0.045218683779239655,0.03430399298667908,-0.021374717354774475,True,Right,0.905097484588623
vid4,72,2400,0,0.6073895692825317,0.5215842127799988,2.278972885960684e-07,-0.08387452363967896,0.018364934250712395,0.012990646064281464,True,Right,0.966386079788208
vid4,72,2400,1,0.6479816436767578,0.4925329089164734,0.01975192129611969,-0.05698443576693535,0.011448134668171406,0.030233727768063545,True,Right,0.966386079788208
vid4,72,2400,2,0.7001600861549377,0.47244560718536377,0.01733950711786747,-0.03036162070930004,0.007198650855571032,0.05765828490257263,True,Right,0.966386079788208
vid4,72,2400,3,0.7384862303733826,0.4746643602848053,0.008198514580726624,-0.005983456969261169,-0.0019312718650326133,0.08853884041309357,True,Right,0.966386079788208
vid4,72,2400,4,0.771280825138092,0.4877305030822754,-0.0010323950555175543,0.01484270952641964,-0.0053250654600560665,0.10283419489860535,True,Right,0.966386079788208
vid4,72,2400,5,0.7287075519561768,0.4435396194458008,-0.0021808543242514133,0.0010711414506658912,-0.015872636809945107,0.024361461400985718,True,Right,0.966386079788208
vid4,72,2400,6,0.802882194519043,0.4502936899662018,-0.0164716187864542,0.027798334136605263,-0.006590571254491806,0.02895846962928772,True,Right,0.966386079788208
vid4,72,2400,7,0.8374261260032654,0.49203675985336304,-0.022645259276032448,0.04883907735347748,0.0040741730481386185,0.03659602999687195,True,Right,0.966386079788208
vid4,72,2400,8,0.8569689393043518,0.5374916791915894,-0.02469869703054428,0.06182519719004631,0.01926298625767231,0.04425688832998276,True,Right,0.966386079788208
vid4,72,2400,9,0.7294329404830933,0.4554075300693512,-0.021432068198919296,0.0026970759499818087,-0.006857860833406448,0.0039034858345985413,True,Right,0.966386079788208
vid4,72,2400,10,0.8104672431945801,0.4634907841682434,-0.03211958706378937,0.03671522065997124,-0.0005912450142204762,0.005834795534610748,True,Right,0.966386079788208
vid4,72,2400,11,0.8465501070022583,0.5133602619171143,-0.0325796864926815,0.05542318522930145,0.01018686592578888,0.014301732182502747,True,Right,0.966386079788208
vid4,72,2400,12,0.8651905059814453,0.5624528527259827,-0.032749027013778687,0.07233603298664093,0.023072749376296997,0.03276893496513367,True,Right,0.966386079788208
vid4,72,2400,13,0.7266044616699219,0.4814942479133606,-0.03955724090337753,-0.00013834740093443543,0.007738607935607433,-0.01615021377801895,True,Right,0.966386079788208
vid4,72,2400,14,0.8039507865905762,0.4991617500782013,-0.04473065584897995,0.029866734519600868,0.01069920975714922,-0.011615358293056488,True,Right,0.966386079788208
vid4,72,2400,15,0.8329050540924072,0.55667644739151,-0.04011010006070137,0.04751477763056755,0.02842089906334877,-0.002013474702835083,True,Right,0.966386079788208
vid4,72,2400,16,0.8434293866157532,0.6104981899261475,-0.03772079199552536,0.05711207538843155,0.046554647386074066,0.011678062379360199,True,Right,0.966386079788208
vid4,72,2400,17,0.7220886945724487,0.5247985124588013,-0.05689236894249916,-0.012401838786900043,0.021065527573227882,-0.02588784694671631,True,Right,0.966386079788208
vid4,72,2400,18,0.782811164855957,0.5473960041999817,-0.05680316314101219,0.010925660841166973,0.02764669619500637,-0.023346418514847755,True,Right,0.966386079788208
vid4,72,2400,19,0.8099778890609741,0.5887152552604675,-0.051376860588788986,0.0324229933321476,0.03832733631134033,-0.012356862425804138,True,Right,0.966386079788208
vid4,72,2400,20,0.8235169053077698,0.6277357935905457,-0.047875553369522095,0.0442606657743454,0.050033338367938995,-0.002621963620185852,True,Right,0.966386079788208
vid4,73,2433,0,0.5660921335220337,0.5291346907615662,2.8597889922821196e-07,-0.08196175843477249,0.017919672653079033,0.017846930772066116,True,Right,0.9323808550834656
vid4,73,2433,1,0.6066217422485352,0.5201352834701538,0.011233856901526451,-0.05689486116170883,0.014178423210978508,0.033690400421619415,True,Right,0.9323808550834656
vid4,73,2433,2,0.6608409285545349,0.5055326223373413,0.00584175530821085,-0.028957845643162727,0.011245345696806908,0.05606558918952942,True,Right,0.9323808550834656
vid4,73,2433,3,0.6999168395996094,0.5107893943786621,-0.0040451237000525,-0.0021712773013859987,0.004497314337641001,0.08051928877830505,True,Right,0.9323808550834656
vid4,73,2433,4,0.732529878616333,0.521243691444397,-0.013921337202191353,0.01909729279577732,0.0009899840224534273,0.08815193176269531,True,Right,0.9323808550834656
vid4,73,2433,5,0.6860578060150146,0.46586987376213074,-0.01298732403665781,0.0024270948488265276,-0.015242481604218483,0.02326737344264984,True,Right,0.9323808550834656
vid4,73,2433,6,0.7609431743621826,0.4767695665359497,-0.031506191939115524,0.030669882893562317,-0.004322099033743143,0.02615351974964142,True,Right,0.9323808550834656
vid4,73,2433,7,0.7979788780212402,0.5155323147773743,-0.041413314640522,0.052185699343681335,0.007473768666386604,0.030679382383823395,True,Right,0.9323808550834656
vid4,73,2433,8,0.8210856914520264,0.5572008490562439,-0.045899808406829834,0.06753604114055634,0.021203868091106415,0.031219616532325745,True,Right,0.9323808550834656
vid4,73,2433,9,0.6843835711479187,0.47390785813331604,-0.028712691739201546,0.0032196836546063423,-0.00707274442538619,0.00380079448223114,True,Right,0.9323808550834656
vid4,73,2433,10,0.7660770416259766,0.48374447226524353,-0.04473600164055824,0.038327500224113464,-0.00046557970927096903,0.004209645092487335,True,Right,0.9323808550834656
vid4,73,2433,11,0.8048185706138611,0.5327650308609009,-0.048929061740636826,0.06004326045513153,0.0117172347381711,0.008187688887119293,True,Right,0.9323808550834656
vid4,73,2433,12,0.8280773162841797,0.5811326503753662,-0.05070365220308304,0.07992788404226303,0.023343190550804138,0.020579099655151367,True,Right,0.9323808550834656
vid4,73,2433,13,0.6797258853912354,0.4977884590625763,-0.04367641732096672,-0.0012271249433979392,0.005947850178927183,-0.016028866171836853,True,Right,0.9323808550834656
vid4,73,2433,14,0.7576224207878113,0.5100885629653931,-0.0541532002389431,0.030079025775194168,0.008537190966308117,-0.01355704665184021,True,Right,0.9323808550834656
vid4,73,2433,15,0.7920660972595215,0.5607297420501709,-0.053024761378765106,0.050977643579244614,0.024299602955579758,-0.009153395891189575,True,Right,0.9323808550834656
vid4,73,2433,16,0.811599612236023,0.6099522709846497,-0.0522308386862278,0.06499546021223068,0.04095182567834854,-0.001117892563343048,True,Right,0.9323808550834656
vid4,73,2433,17,0.6739799976348877,0.5399158596992493,-0.05816797539591789,-0.014946728013455868,0.019365472719073296,-0.024195924401283264,True,Right,0.9323808550834656
vid4,73,2433,18,0.7317110896110535,0.5607285499572754,-0.06191490963101387,0.00988502986729145,0.02664465457201004,-0.023674583062529564,True,Right,0.9323808550834656
vid4,73,2433,19,0.7607657313346863,0.5953560471534729,-0.0583171546459198,0.032151926308870316,0.03528929501771927,-0.016611650586128235,True,Right,0.9323808550834656
vid4,73,2433,20,0.7796812653541565,0.6282774806022644,-0.05587385967373848,0.046339500695466995,0.04582943394780159,-0.008857935667037964,True,Right,0.9323808550834656
vid4,74,2467,0,0.5229405164718628,0.5401910543441772,4.49882151087877e-07,-0.07953136414289474,0.009252132847905159,0.031091243028640747,True,Right,0.5797743797302246
vid4,74,2467,1,0.5630989670753479,0.5731726288795471,-0.02869606949388981,-0.05163007229566574,0.014814013615250587,0.03206223249435425,True,Right,0.5797743797302246
vid4,74,2467,2,0.6259768009185791,0.580748975276947,-0.044549986720085144,-0.020228521898388863,0.01779928058385849,0.0422082245349884,True,Right,0.5797743797302246
vid4,74,2467,3,0.6708130836486816,0.5939149856567383,-0.054971229285001755,0.007138896733522415,0.015973197296261787,0.047835372388362885,True,Right,0.5797743797302246
vid4,74,2467,4,0.7091831564903259,0.6149681806564331,-0.0636616125702858,0.029511895030736923,0.018007276579737663,0.04514807462692261,True,Right,0.5797743797302246
vid4,74,2467,5,0.6476044058799744,0.5164364576339722,-0.044212788343429565,0.004589489195495844,-0.008883349597454071,0.014407025650143623,True,Right,0.5797743797302246
vid4,74,2467,6,0.721813976764679,0.5151910781860352,-0.06590402871370316,0.031227778643369675,-0.002219762885943055,0.01365700364112854,True,Right,0.5797743797302246
vid4,74,2467,7,0.7572896480560303,0.5565937161445618,-0.07953847199678421,0.05206061527132988,0.008680487051606178,0.017807722091674805,True,Right,0.5797743797302246
vid4,74,2467,8,0.7746836543083191,0.6003929972648621,-0.08577844500541687,0.06573788076639175,0.021067725494503975,0.01240692287683487,True,Right,0.5797743797302246
vid4,74,2467,9,0.6434982419013977,0.5179990530014038,-0.03422705829143524,0.0033714042510837317,-0.0067429570481181145,0.002561122179031372,True,Right,0.5797743797302246
vid4,74,2467,10,0.7189062237739563,0.5170267820358276,-0.05112869292497635,0.036569077521562576,-0.0021619638428092003,0.0011097267270088196,True,Right,0.5797743797302246
vid4,74,2467,11,0.7554546594619751,0.5673967599868774,-0.06040295213460922,0.0586567260324955,0.01166920643299818,-0.004717409610748291,True,Right,0.5797743797302246
vid4,74,2467,12,0.7752655148506165,0.6176424026489258,-0.06551451236009598,0.07777581363916397,0.024259118363261223,-0.0009971261024475098,True,Right,0.5797743797302246
vid4,74,2467,13,0.6367917656898499,0.5352838635444641,-0.02564762905240059,-0.0014854244654998183,0.003367622150108218,-0.010762184858322144,True,Right,0.5797743797302246
vid4,74,2467,14,0.7065892219543457,0.5393043160438538,-0.03572240471839905,0.029414720833301544,0.0051466855220496655,-0.009113684296607971,True,Right,0.5797743797302246
vid4,74,2467,15,0.7388401627540588,0.5843032002449036,-0.04023139923810959,0.04919310286641121,0.021593734622001648,-0.012749671936035156,True,Right,0.5797743797302246
vid4,74,2467,16,0.7550979256629944,0.6302109360694885,-0.04314947873353958,0.06429141014814377,0.03446554020047188,-0.010312728583812714,True,Right,0.5797743797302246
vid4,74,2467,17,0.6273553371429443,0.5634267330169678,-0.019252071157097816,-0.013796012848615646,0.013825800269842148,-0.01238030195236206,True,Right,0.5797743797302246
vid4,74,2467,18,0.6769888401031494,0.58208829164505,-0.022030161693692207,0.006025915499776602,0.01750333420932293,-0.01261886302381754,True,Right,0.5797743797302246
vid4,74,2467,19,0.7062297463417053,0.6121010184288025,-0.022065792232751846,0.026222582906484604,0.02929876185953617,-0.010848283767700195,True,Right,0.5797743797302246
vid4,74,2467,20,0.7232420444488525,0.6397760510444641,-0.022249963134527206,0.040699031203985214,0.03825536370277405,-0.011872634291648865,True,Right,0.5797743797302246
vid4,75,2500,0,0.47952693700790405,0.5748714804649353,3.5346303661754064e-07,-0.0816018283367157,0.010292671620845795,0.026120103895664215,True,Right,0.6160213351249695
vid4,75,2500,1,0.5171218514442444,0.6006609797477722,-0.015363245271146297,-0.05304113030433655,0.01571367308497429,0.032332807779312134,True,Right,0.6160213351249695
vid4,75,2500,2,0.5748997330665588,0.6050364971160889,-0.02668113075196743,-0.023347439244389534,0.018173011019825935,0.04968404769897461,True,Right,0.6160213351249695
vid4,75,2500,3,0.6174440383911133,0.6133822798728943,-0.034660838544368744,0.005374290980398655,0.0143636055290699,0.05904228240251541,True,Right,0.6160213351249695
vid4,75,2500,4,0.6526541113853455,0.6316974759101868,-0.04108627513051033,0.025361301377415657,0.015297387726604939,0.06102904677391052,True,Right,0.6160213351249695
vid4,75,2500,5,0.5978110432624817,0.5440940856933594,-0.03899785876274109,0.004609614610671997,-0.0072138672694563866,0.01773843541741371,True,Right,0.6160213351249695
vid4,75,2500,6,0.671164333820343,0.5433999300003052,-0.06071807071566582,0.03159983828663826,-0.0033329944126307964,0.01704488694667816,True,Right,0.6160213351249695
vid4,75,2500,7,0.7100864052772522,0.5842191576957703,-0.07291558384895325,0.053147610276937485,0.009187976829707623,0.018997997045516968,True,Right,0.6160213351249695
vid4,75,2500,8,0.7319072484970093,0.6258485317230225,-0.07826490700244904,0.07109209895133972,0.021544406190514565,0.01412113755941391,True,Right,0.6160213351249695
vid4,75,2500,9,0.5956435799598694,0.5456379055976868,-0.036347437649965286,0.003998485393822193,-0.005979315377771854,0.003216065466403961,True,Right,0.6160213351249695
vid4,75,2500,10,0.6732001900672913,0.55182284116745,-0.05365384742617607,0.038001418113708496,-0.0015190441627055407,-0.0006603896617889404,True,Right,0.6160213351249695
vid4,75,2500,11,0.7102707028388977,0.601029098033905,-0.060477759689092636,0.059895049780607224,0.013205309398472309,-0.006821073591709137,True,Right,0.6160213351249695
vid4,75,2500,12,0.7315278053283691,0.6487346887588501,-0.06411931663751602,0.0806988924741745,0.027177050709724426,-0.0005104243755340576,True,Right,0.6160213351249695
vid4,75,2500,13,0.5906112790107727,0.5619745850563049,-0.03410368785262108,-0.0015434094239026308,0.002614930272102356,-0.013057142496109009,True,Right,0.6160213351249695
vid4,75,2500,14,0.6595638394355774,0.5758846998214722,-0.04520251974463463,0.028945885598659515,0.00552337197586894,-0.013654842972755432,True,Right,0.6160213351249695
vid4,75,2500,15,0.6915900707244873,0.622294545173645,-0.04868931695818901,0.04814314842224121,0.02252601459622383,-0.016736745834350586,True,Right,0.6160213351249695
vid4,75,2500,16,0.7087099552154541,0.6688312888145447,-0.051022306084632874,0.06315472722053528,0.038695983588695526,-0.013880841434001923,True,Right,0.6160213351249695
vid4,75,2500,17,0.5823206305503845,0.5886631011962891,-0.03273298591375351,-0.014603514224290848,0.011626106686890125,-0.017226845026016235,True,Right,0.6160213351249695
vid4,75,2500,18,0.6307344436645508,0.6052007079124451,-0.03864430636167526,0.004431421868503094,0.015957364812493324,-0.019567862153053284,True,Right,0.6160213351249695
vid4,75,2500,19,0.6598824858665466,0.6372746825218201,-0.04014220088720322,0.024655627086758614,0.026978841051459312,-0.018218964338302612,True,Right,0.6160213351249695
vid4,75,2500,20,0.6786858439445496,0.6674590110778809,-0.0412517748773098,0.040986962616443634,0.03696799278259277,-0.016840815544128418,True,Right,0.6160213351249695
vid4,76,2533,0,0.4373469650745392,0.5905068516731262,3.1337961559074756e-07,-0.08270860463380814,0.011752813123166561,0.02175716683268547,True,Right,0.8217669129371643
vid4,76,2533,1,0.4773513078689575,0.6036184430122375,0.005065996665507555,-0.055007658898830414,0.013383286073803902,0.03528624027967453,True,Right,0.8217669129371643
vid4,76,2533,2,0.534614086151123,0.6051089763641357,-0.0006001646397635341,-0.02599426917731762,0.013959521427750587,0.05456024408340454,True,Right,0.8217669129371643
vid4,76,2533,3,0.5764874815940857,0.6176220774650574,-0.008855557069182396,0.002244659699499607,0.010185257531702518,0.06873589754104614,True,Right,0.8217669129371643
vid4,76,2533,4,0.611970841884613,0.6326935887336731,-0.01679188385605812,0.02550644613802433,0.008164102211594582,0.07548563182353973,True,Right,0.8217669129371643
vid4,76,2533,5,0.5523578524589539,0.5553547739982605,-0.016074737533926964,0.003824230283498764,-0.010429236106574535,0.021993346512317657,True,Right,0.8217669129371643
vid4,76,2533,6,0.6255460381507874,0.5673734545707703,-0.033691927790641785,0.029742255806922913,-0.0025740687269717455,0.022151395678520203,True,Right,0.8217669129371643
vid4,76,2533,7,0.6662147045135498,0.6023416519165039,-0.04323028400540352,0.05147943273186684,0.009527601301670074,0.026975169777870178,True,Right,0.8217669129371643
vid4,76,2533,8,0.6933223605155945,0.6390259265899658,-0.04776502773165703,0.07221908867359161,0.019927190616726875,0.020258676260709763,True,Right,0.8217669129371643
vid4,76,2533,9,0.5518911480903625,0.5580168962478638,-0.02793271094560623,0.004056258127093315,-0.005422099027782679,0.0028843954205513,True,Right,0.8217669129371643
vid4,76,2533,10,0.631752073764801,0.571578323841095,-0.04312418773770332,0.03625919297337532,0.0004243162111379206,0.000807449221611023,True,Right,0.8217669129371643
vid4,76,2533,11,0.6748513579368591,0.6129596829414368,-0.0483761765062809,0.061709918081760406,0.009657865390181541,-0.002676457166671753,True,Right,0.8217669129371643
vid4,76,2533,12,0.7024046778678894,0.6549965739250183,-0.05094432085752487,0.08496361970901489,0.023083511739969254,0.005656450986862183,True,Right,0.8217669129371643
vid4,76,2533,13,0.5470609068870544,0.5777828693389893,-0.039317116141319275,-0.0005601854063570499,0.004321681801229715,-0.015731602907180786,True,Right,0.8217669129371643
vid4,76,2533,14,0.6243525743484497,0.5907339453697205,-0.04956895112991333,0.030351804569363594,0.006751294247806072,-0.015505783259868622,True,Right,0.8217669129371643
vid4,76,2533,15,0.6643580794334412,0.6298851370811462,-0.0510484054684639,0.05197274684906006,0.01967807300388813,-0.016567200422286987,True,Right,0.8217669129371643
vid4,76,2533,16,0.6898316144943237,0.6711422801017761,-0.052247028797864914,0.0727873146533966,0.03441939875483513,-0.01209314912557602,True,Right,0.8217669129371643
vid4,76,2533,17,0.5392221212387085,0.615479052066803,-0.05047537758946419,-0.014091030694544315,0.014353674836456776,-0.02358025312423706,True,Right,0.8217669129371643
vid4,76,2533,18,0.5906626582145691,0.6362747550010681,-0.05543819069862366,0.00666660163551569,0.020391156896948814,-0.026227515190839767,True,Right,0.8217669129371643
vid4,76,2533,19,0.6224986910820007,0.6659082770347595,-0.05451694875955582,0.027730043977499008,0.03133761137723923,-0.023182183504104614,True,Right,0.8217669129371643
vid4,76,2533,20,0.6448599100112915,0.6968122124671936,-0.05413029342889786,0.04356401413679123,0.04083250090479851,-0.017003566026687622,True,Right,0.8217669129371643
vid4,77,2567,0,0.39467930793762207,0.6080333590507507,3.1221978247231164e-07,-0.0862751454114914,0.009998620487749577,0.00846986472606659,True,Right,0.896457314491272
vid4,77,2567,1,0.434282124042511,0.6230289340019226,0.008961795829236507,-0.06291747093200684,0.01113719493150711,0.029740028083324432,True,Right,0.896457314491272
vid4,77,2567,2,0.48807215690612793,0.6254677176475525,0.006402894388884306,-0.03357536718249321,0.012168893590569496,0.053393930196762085,True,Right,0.896457314491272
vid4,77,2567,3,0.5226323008537292,0.6371320486068726,-0.0003232975141145289,-0.009120001457631588,0.009592223912477493,0.07536807656288147,True,Right,0.896457314491272
vid4,77,2567,4,0.551052987575531,0.649708092212677,-0.007164472714066505,0.01210550032556057,0.00579714635387063,0.09082981944084167,True,Right,0.896457314491272
vid4,77,2567,5,0.5159304738044739,0.5790417790412903,-0.005443219095468521,0.0011993006337434053,-0.011368263512849808,0.02570042759180069,True,Right,0.896457314491272
vid4,77,2567,6,0.5856707096099854,0.598525881767273,-0.02279093861579895,0.026835747063159943,-0.0004907643306069076,0.028918802738189697,True,Right,0.896457314491272
vid4,77,2567,7,0.6282640099525452,0.632231593132019,-0.033358991146087646,0.04917299374938011,0.011521448381245136,0.032840296626091,True,Right,0.896457314491272
vid4,77,2567,8,0.6577202677726746,0.6672433614730835,-0.038648732006549835,0.07288672775030136,0.02269340120255947,0.02885396033525467,True,Right,0.896457314491272
vid4,77,2567,9,0.5172216892242432,0.579642117023468,-0.020030325278639793,0.003367321565747261,-0.005749604664742947,0.0035578161478042603,True,Right,0.896457314491272
vid4,77,2567,10,0.5965796709060669,0.5976229906082153,-0.03543136641383171,0.037154074758291245,0.001968527212738991,0.0056849271059036255,True,Right,0.896457314491272
vid4,77,2567,11,0.6418770551681519,0.6338982582092285,-0.042475730180740356,0.0630655288696289,0.010068914853036404,0.005209043622016907,True,Right,0.896457314491272
vid4,77,2567,12,0.6727791428565979,0.6702588796615601,-0.045654986053705215,0.09036542475223541,0.020929886028170586,0.011200547218322754,True,Right,0.896457314491272
vid4,77,2567,13,0.5145580768585205,0.5972683429718018,-0.034612987190485,0.000341174250934273,0.0046553402207791805,-0.017394423484802246,True,Right,0.896457314491272
vid4,77,2567,14,0.592786967754364,0.613102376461029,-0.04721037670969963,0.03196660429239273,0.008615052327513695,-0.016212858259677887,True,Right,0.896457314491272
vid4,77,2567,15,0.6365201473236084,0.6465861201286316,-0.05193665623664856,0.057405415922403336,0.019780857488512993,-0.017096340656280518,True,Right,0.896457314491272
vid4,77,2567,16,0.6666272282600403,0.6818288564682007,-0.05399039760231972,0.08229640126228333,0.03168492764234543,-0.012873753905296326,True,Right,0.896457314491272
vid4,77,2567,17,0.5089063048362732,0.6354619264602661,-0.048762883991003036,-0.01181065198034048,0.015157876536250114,-0.02902643382549286,True,Right,0.896457314491272
vid4,77,2567,18,0.5641924738883972,0.6621071696281433,-0.05658014118671417,0.010844264179468155,0.022387294098734856,-0.030482659116387367,True,Right,0.896457314491272
vid4,77,2567,19,0.5963841080665588,0.6906948089599609,-0.057649947702884674,0.032728876918554306,0.03456633910536766,-0.02569243311882019,True,Right,0.896457314491272
vid4,77,2567,20,0.6199750900268555,0.7197459936141968,-0.057691339403390884,0.05066442862153053,0.042523253709077835,-0.01998235285282135,True,Right,0.896457314491272
vid4,78,2600,0,0.35528647899627686,0.6230514049530029,3.432803055147815e-07,-0.08690332621335983,0.007048691622912884,0.010557614266872406,True,Right,0.8664681911468506
vid4,78,2600,1,0.39588800072669983,0.6515778303146362,0.004203463904559612,-0.06365671008825302,0.01073742937296629,0.030286971479654312,True,Right,0.8664681911468506
vid4,78,2600,2,0.4510642886161804,0.655090868473053,-0.00024853128707036376,-0.03373507410287857,0.013451498933136463,0.05241674184799194,True,Right,0.8664681911468506
vid4,78,2600,3,0.4860832691192627,0.6608884334564209,-0.00835503451526165,-0.009351054206490517,0.009879854507744312,0.07099741697311401,True,Right,0.8664681911468506
vid4,78,2600,4,0.5143341422080994,0.671414852142334,-0.01672036200761795,0.010470199398696423,0.005213851109147072,0.0861235111951828,True,Right,0.8664681911468506
vid4,78,2600,5,0.4835846424102783,0.6011210680007935,-0.008582694455981255,0.0006628943374380469,-0.008337290026247501,0.02539677917957306,True,Right,0.8664681911468506
vid4,78,2600,6,0.5521740317344666,0.6334311962127686,-0.025963319465517998,0.02661178633570671,0.004131666384637356,0.027044236660003662,True,Right,0.8664681911468506
vid4,78,2600,7,0.5934363603591919,0.6636977791786194,-0.03714096173644066,0.04827001690864563,0.01474794652312994,0.03107880800962448,True,Right,0.8664681911468506
vid4,78,2600,8,0.6238133311271667,0.6922041177749634,-0.04353088513016701,0.07212883234024048,0.024823028594255447,0.02264462411403656,True,Right,0.8664681911468506
vid4,78,2600,9,0.48487502336502075,0.5989275574684143,-0.022282352671027184,0.003437830600887537,-0.005461641121655703,0.004137195646762848,True,Right,0.8664681911468506
vid4,78,2600,10,0.564808189868927,0.6256701350212097,-0.03854681923985481,0.038585957139730453,0.0032783804927021265,0.00324094295501709,True,Right,0.8664681911468506
vid4,78,2600,11,0.6129382848739624,0.6550344228744507,-0.046961747109889984,0.06328738480806351,0.00988787692040205,0.0004120767116546631,True,Right,0.8664681911468506
vid4,78,2600,12,0.6487987041473389,0.6819509863853455,-0.05129728838801384,0.09375837445259094,0.019079940393567085,0.0030769407749176025,True,Right,0.8664681911468506
vid4,78,2600,13,0.48127880692481995,0.6141905188560486,-0.03643989562988281,-0.00011270195682300255,0.0029902379028499126,-0.01708471029996872,True,Right,0.8664681911468506
vid4,78,2600,14,0.5609114766120911,0.6369063258171082,-0.04952612519264221,0.03177746757864952,0.009212691336870193,-0.01823829859495163,True,Right,0.8664681911468506
vid4,78,2600,15,0.6070516705513,0.666842520236969,-0.05548173934221268,0.05782383680343628,0.01864043064415455,-0.02023109793663025,True,Right,0.8664681911468506
vid4,78,2600,16,0.641440212726593,0.6954784393310547,-0.058592136949300766,0.08488588035106659,0.02856311947107315,-0.01678929477930069,True,Right,0.8664681911468506
vid4,78,2600,17,0.47370848059654236,0.6482248902320862,-0.050637923181056976,-0.01149015687406063,0.011988959275186062,-0.02850288152694702,True,Right,0.8664681911468506
vid4,78,2600,18,0.5287445187568665,0.6751657724380493,-0.0584060400724411,0.00873394776135683,0.018048619851469994,-0.03068019077181816,True,Right,0.8664681911468506
vid4,78,2600,19,0.5627307891845703,0.6993175148963928,-0.0599483922123909,0.031537093222141266,0.0295097678899765,-0.029450535774230957,True,Right,0.8664681911468506
vid4,78,2600,20,0.5890247821807861,0.72425776720047,-0.06066529452800751,0.05192513018846512,0.03708973899483681,-0.027989953756332397,True,Right,0.8664681911468506
vid4,79,2633,0,0.3296072781085968,0.6446578502655029,2.885228127524897e-07,-0.09193588048219681,0.008298114873468876,0.009098626673221588,True,Right,0.9456312656402588
vid4,79,2633,1,0.3715294301509857,0.683096706867218,0.006631785072386265,-0.06670677661895752,0.012305531650781631,0.030210256576538086,True,Right,0.9456312656402588
vid4,79,2633,2,0.4261987507343292,0.686157763004303,0.004723072052001953,-0.03693149611353874,0.015561720356345177,0.054193705320358276,True,Right,0.9456312656402588
vid4,79,2633,3,0.4623333811759949,0.6888238787651062,-0.0013263544533401728,-0.00964671466499567,0.011013522744178772,0.07476389408111572,True,Right,0.9456312656402588
vid4,79,2633,4,0.4906247556209564,0.6970474123954773,-0.007774688303470612,0.010661513544619083,0.0033545016776770353,0.09339714050292969,True,Right,0.9456312656402588
vid4,79,2633,5,0.46412336826324463,0.625849187374115,-0.0035599363036453724,0.0014383004745468497,-0.007094580214470625,0.02632293477654457,True,Right,0.9456312656402588
vid4,79,2633,6,0.531719982624054,0.6520207524299622,-0.019196808338165283,0.02985718473792076,0.0019123365636914968,0.027712076902389526,True,Right,0.9456312656402588
vid4,79,2633,7,0.5763269066810608,0.674326479434967,-0.02986467257142067,0.05239832028746605,0.008274134248495102,0.030542783439159393,True,Right,0.9456312656402588
vid4,79,2633,8,0.609600305557251,0.6935545802116394,-0.03666965290904045,0.07825138419866562,0.016731029376387596,0.020809341222047806,True,Right,0.9456312656402588
vid4,79,2633,9,0.46546414494514465,0.623155951499939,-0.01829352416098118,0.003177780658006668,-0.0058119273744523525,0.0047132708132267,True,Right,0.9456312656402588
vid4,79,2633,10,0.5427302718162537,0.6495071649551392,-0.03363285958766937,0.039677318185567856,0.002781788818538189,0.0014447271823883057,True,Right,0.9456312656402588
vid4,79,2633,11,0.5915356278419495,0.6745014190673828,-0.04279234632849693,0.06405948847532272,0.007857936434447765,-0.0013839974999427795,True,Right,0.9456312656402588
vid4,79,2633,12,0.6289018392562866,0.6954300403594971,-0.04818747937679291,0.09546428918838501,0.015498566441237926,0.0027032196521759033,True,Right,0.9456312656402588
vid4,79,2633,13,0.4615284204483032,0.6383516788482666,-0.03330577537417412,4.0193477616412565e-05,0.0031261497642844915,-0.017575673758983612,True,Right,0.9456312656402588
vid4,79,2633,14,0.5363122224807739,0.665773868560791,-0.045936521142721176,0.03069012425839901,0.009736419655382633,-0.020833007991313934,True,Right,0.9456312656402588
vid4,79,2633,15,0.5821287631988525,0.6925712823867798,-0.05246748775243759,0.05772113427519798,0.019235875457525253,-0.023240596055984497,True,Right,0.9456312656402588
vid4,79,2633,16,0.6171282529830933,0.7157924175262451,-0.05628282204270363,0.08416055142879486,0.026580020785331726,-0.019555270671844482,True,Right,0.9456312656402588
vid4,79,2633,17,0.4531024992465973,0.6712157130241394,-0.04824649915099144,-0.013078562915325165,0.012201715260744095,-0.03101952373981476,True,Right,0.9456312656402588
vid4,79,2633,18,0.5067055821418762,0.6974467635154724,-0.05620218813419342,0.008109894581139088,0.01788470521569252,-0.03334243968129158,True,Right,0.9456312656402588
vid4,79,2633,19,0.5410304069519043,0.7180982232093811,-0.05822574347257614,0.03197616711258888,0.026707636192440987,-0.03253203630447388,True,Right,0.9456312656402588
vid4,79,2633,20,0.5682522058486938,0.7391346096992493,-0.05945923924446106,0.051749348640441895,0.03443799912929535,-0.030726879835128784,True,Right,0.9456312656402588
vid4,80,2667,0,0.3137105405330658,0.6515812873840332,2.455222158914694e-07,-0.08999240398406982,-0.0019233288476243615,0.004672899842262268,True,Right,0.9323019981384277
vid4,80,2667,1,0.3610090911388397,0.6629462242126465,0.010092119686305523,-0.06608763337135315,-0.001417230349034071,0.02809971198439598,True,Right,0.9323019981384277
vid4,80,2667,2,0.4176004230976105,0.6786689162254333,0.009285109117627144,-0.035580091178417206,0.005577087868005037,0.05226442217826843,True,Right,0.9323019981384277
vid4,80,2667,3,0.4557156562805176,0.6984105110168457,0.002769982209429145,-0.006992839742451906,0.0059525188989937305,0.07181017100811005,True,Right,0.9323019981384277
vid4,80,2667,4,0.48653310537338257,0.7158257365226746,-0.004597437102347612,0.014568491838872433,0.0038568261079490185,0.0866183489561081,True,Right,0.9323019981384277
vid4,80,2667,5,0.4506721794605255,0.6497940421104431,0.003965369425714016,0.0025780515279620886,-0.009358693845570087,0.02640276402235031,True,Right,0.9323019981384277
vid4,80,2667,6,0.5167451500892639,0.675036609172821,-0.012112579308450222,0.02917632646858692,-0.00011428604193497449,0.02775000035762787,True,Right,0.9323019981384277
vid4,80,2667,7,0.5638812184333801,0.6948014497756958,-0.024068787693977356,0.05281493067741394,0.005837392061948776,0.02991238236427307,True,Right,0.9323019981384277
vid4,80,2667,8,0.5997715592384338,0.7140666246414185,-0.03208532556891441,0.08293107897043228,0.01343578565865755,0.02057497948408127,True,Right,0.9323019981384277
vid4,80,2667,9,0.45202311873435974,0.6538102626800537,-0.013917887583374977,0.0039703273214399815,-0.005033995024859905,0.005159489810466766,True,Right,0.9323019981384277
vid4,80,2667,10,0.525104284286499,0.6788014769554138,-0.02962685562670231,0.037676673382520676,0.0028356388211250305,0.001874774694442749,True,Right,0.9323019981384277
vid4,80,2667,11,0.5754503607749939,0.7014386057853699,-0.041343774646520615,0.06386279314756393,0.006788087077438831,-7.277727127075195e-05,True,Right,0.9323019981384277
vid4,80,2667,12,0.6156760454177856,0.7207116484642029,-0.04894249513745308,0.09591202437877655,0.011714324355125427,0.002693772315979004,True,Right,0.9323019981384277
vid4,80,2667,13,0.448504239320755,0.6742604374885559,-0.03224867209792137,-0.0008216499118134379,0.004178071394562721,-0.017769262194633484,True,Right,0.9323019981384277
vid4,80,2667,14,0.5212100744247437,0.6970264315605164,-0.04469433054327965,0.029056519269943237,0.010639425367116928,-0.02038513869047165,True,Right,0.9323019981384277
vid4,80,2667,15,0.5680853724479675,0.7175867557525635,-0.05242231488227844,0.05644533783197403,0.01657344214618206,-0.023417234420776367,True,Right,0.9323019981384277
vid4,80,2667,16,0.6056086421012878,0.7343864440917969,-0.057686835527420044,0.08442140370607376,0.020809544250369072,-0.019222915172576904,True,Right,0.9323019981384277
vid4,80,2667,17,0.44200050830841064,0.7124256491661072,-0.05059424042701721,-0.014254567213356495,0.013480478897690773,-0.03022480010986328,True,Right,0.9323019981384277
vid4,80,2667,18,0.4949454367160797,0.7287061810493469,-0.05886753648519516,0.007259751670062542,0.01799151301383972,-0.033378686755895615,True,Right,0.9323019981384277
vid4,80,2667,19,0.5298916101455688,0.7397029995918274,-0.06183400750160217,0.03242935985326767,0.022727960720658302,-0.03487381339073181,True,Right,0.9323019981384277
vid4,80,2667,20,0.5591416954994202,0.7512325644493103,-0.06412870436906815,0.05388008430600166,0.026490487158298492,-0.032857730984687805,True,Right,0.9323019981384277
vid4,81,2700,0,0.30981317162513733,0.6630546450614929,2.694906413580611e-07,-0.08978065103292465,-0.010528476908802986,0.0048812441527843475,True,Right,0.5223149657249451
vid4,81,2700,1,0.3556114435195923,0.6588743329048157,0.005926396232098341,-0.06451699137687683,-0.00959018338471651,0.02488825097680092,True,Right,0.5223149657249451
vid4,81,2700,2,0.4092150032520294,0.6767299771308899,0.004331127740442753,-0.03651409223675728,-0.0015279225772246718,0.04766453802585602,True,Right,0.5223149657249451
vid4,81,2700,3,0.4472852349281311,0.6972680687904358,-0.0021427483297884464,-0.00666222395375371,0.000776885193772614,0.06530937552452087,True,Right,0.5223149657249451
vid4,81,2700,4,0.48139694333076477,0.7123255133628845,-0.008544287644326687,0.015803685411810875,0.002030974021181464,0.08275450766086578,True,Right,0.5223149657249451
vid4,81,2700,5,0.4477047622203827,0.6766577363014221,0.006658444181084633,0.001983405789360404,-0.006532896310091019,0.026551060378551483,True,Right,0.5223149657249451
vid4,81,2700,6,0.5113158226013184,0.698664128780365,-0.00754206720739603,0.02944563888013363,0.0006772427004761994,0.025802254676818848,True,Right,0.5223149657249451
vid4,81,2700,7,0.555338442325592,0.7116732597351074,-0.01845487393438816,0.053045548498630524,0.004431513138115406,0.02681916207075119,True,Right,0.5223149657249451
vid4,81,2700,8,0.5903822779655457,0.723612368106842,-0.025989938527345657,0.08284707367420197,0.008159917779266834,0.01674634963274002,True,Right,0.5223149657249451
vid4,81,2700,9,0.4505511522293091,0.6844146847724915,-0.008898203261196613,0.004024871159344912,-0.0026829803828150034,0.0052498094737529755,True,Right,0.5223149657249451
vid4,81,2700,10,0.520789384841919,0.7017361521720886,-0.025535862892866135,0.03764401376247406,0.0024467785842716694,0.0013342201709747314,True,Right,0.5223149657249451
vid4,81,2700,11,0.5707613825798035,0.7159888744354248,-0.03766559064388275,0.0645783320069313,0.003069765865802765,-0.0017547011375427246,True,Right,0.5223149657249451
vid4,81,2700,12,0.6118157505989075,0.7259799242019653,-0.04483472928404808,0.09903480112552643,0.004827215801924467,0.0016331970691680908,True,Right,0.5223149657249451
vid4,81,2700,13,0.44686299562454224,0.7010540962219238,-0.025575125589966774,-0.0006800043047405779,0.002248537028208375,-0.017652347683906555,True,Right,0.5223149657249451
vid4,81,2700,14,0.5163423418998718,0.7147529125213623,-0.03930691257119179,0.027515515685081482,0.005633360706269741,-0.020239371806383133,True,Right,0.5223149657249451
vid4,81,2700,15,0.5610027313232422,0.7279695868492126,-0.04562493786215782,0.054190363734960556,0.0090339295566082,-0.02350863814353943,True,Right,0.5223149657249451
vid4,81,2700,16,0.5977321267127991,0.735770046710968,-0.04893321171402931,0.08324860781431198,0.011063048616051674,-0.020367637276649475,True,Right,0.5223149657249451
vid4,81,2700,17,0.4384044408798218,0.7281280159950256,-0.04259767383337021,-0.013490541838109493,0.007908644154667854,-0.031628191471099854,True,Right,0.5223149657249451
vid4,81,2700,18,0.48986226320266724,0.7384474873542786,-0.0511971116065979,0.0063230423256754875,0.010764996521174908,-0.03514274209737778,True,Right,0.5223149657249451
vid4,81,2700,19,0.5249420404434204,0.7440847158432007,-0.0529145710170269,0.031561363488435745,0.01383126713335514,-0.03564177453517914,True,Right,0.5223149657249451
vid4,81,2700,20,0.5547585487365723,0.749122142791748,-0.05365899205207825,0.053658775985240936,0.015301802195608616,-0.03601771593093872,True,Right,0.5223149657249451
vid4,82,2733,0,0.31420785188674927,0.6680908203125,2.3022059281174734e-07,-0.08727379143238068,-0.010285438969731331,0.00823473185300827,True,Right,0.6199184656143188
vid4,82,2733,1,0.3634682297706604,0.6690540313720703,0.006196042988449335,-0.06102171167731285,-0.007662112824618816,0.030361223965883255,True,Right,0.6199184656143188
vid4,82,2733,2,0.42042121291160583,0.6886195540428162,0.007005796767771244,-0.03183099627494812,0.0013993314933031797,0.04717935621738434,True,Right,0.6199184656143188
vid4,82,2733,3,0.46077919006347656,0.7113814353942871,0.003339533694088459,-0.0007950076251290739,0.004213870503008366,0.05915871635079384,True,Right,0.6199184656143188
vid4,82,2733,4,0.4954358637332916,0.7254604697227478,-0.0003905175253748894,0.021362818777561188,0.005813731346279383,0.06670504808425903,True,Right,0.6199184656143188
vid4,82,2733,5,0.4539797902107239,0.6854596734046936,0.009667856618762016,0.003953928593546152,-0.004481265787035227,0.027453549206256866,True,Right,0.6199184656143188
vid4,82,2733,6,0.5152798891067505,0.7057061195373535,-0.0031482060439884663,0.031195711344480515,0.0023615090176463127,0.02571694552898407,True,Right,0.6199184656143188
vid4,82,2733,7,0.5577899217605591,0.7173969149589539,-0.014272003434598446,0.05414998158812523,0.005041986703872681,0.0262116901576519,True,Right,0.6199184656143188
vid4,82,2733,8,0.5924659967422485,0.7262336611747742,-0.02258056215941906,0.08295269310474396,0.009539860300719738,0.015227220952510834,True,Right,0.6199184656143188
vid4,82,2733,9,0.4548553228378296,0.6925994753837585,-0.00560391042381525,0.003910410217940807,-0.003073570318520069,0.005825044587254524,True,Right,0.6199184656143188
vid4,82,2733,10,0.5225164890289307,0.7093735337257385,-0.01975993812084198,0.03770643100142479,0.003793008392676711,0.0016160905361175537,True,Right,0.6199184656143188
vid4,82,2733,11,0.5713303089141846,0.7202720046043396,-0.03266889974474907,0.06525440514087677,0.003897757036611438,0.0006194859743118286,True,Right,0.6199184656143188
vid4,82,2733,12,0.6117801666259766,0.7251732349395752,-0.041728533804416656,0.0989663228392601,0.00455416738986969,0.0005034804344177246,True,Right,0.6199184656143188
vid4,82,2733,13,0.44944557547569275,0.7035253643989563,-0.022210722789168358,-0.0015795170329511166,0.0008561703143641353,-0.018492743372917175,True,Right,0.6199184656143188
vid4,82,2733,14,0.5144298672676086,0.7185853123664856,-0.03470376506447792,0.02663406915962696,0.005585171282291412,-0.020184282213449478,True,Right,0.6199184656143188
vid4,82,2733,15,0.5588787794113159,0.7299731969833374,-0.04300922900438309,0.05355963483452797,0.008516726084053516,-0.022231876850128174,True,Right,0.6199184656143188
vid4,82,2733,16,0.5961000919342041,0.7337403893470764,-0.04902086406946182,0.08150721341371536,0.010245367884635925,-0.02199782431125641,True,Right,0.6199184656143188
vid4,82,2733,17,0.43954479694366455,0.7216370701789856,-0.0391128733754158,-0.01512538269162178,0.005152026191353798,-0.03251716494560242,True,Right,0.6199184656143188
vid4,82,2733,18,0.4883327782154083,0.7336734533309937,-0.04927866533398628,0.005191251635551453,0.008516553789377213,-0.03532302752137184,True,Right,0.6199184656143188
vid4,82,2733,19,0.5225688219070435,0.739355742931366,-0.05351393669843674,0.028597377240657806,0.011895628646016121,-0.03536804020404816,True,Right,0.6199184656143188
vid4,82,2733,20,0.5529247522354126,0.7431919574737549,-0.05684679001569748,0.05103429779410362,0.012477878481149673,-0.03505292534828186,True,Right,0.6199184656143188
vid4,83,2767,0,,,,,,,False,,
vid4,83,2767,1,,,,,,,False,,
vid4,83,2767,2,,,,,,,False,,
vid4,83,2767,3,,,,,,,False,,
vid4,83,2767,4,,,,,,,False,,
vid4,83,2767,5,,,,,,,False,,
vid4,83,2767,6,,,,,,,False,,
vid4,83,2767,7,,,,,,,False,,
vid4,83,2767,8,,,,,,,False,,
vid4,83,2767,9,,,,,,,False,,
vid4,83,2767,10,,,,,,,False,,
vid4,83,2767,11,,,,,,,False,,
vid4,83,2767,12,,,,,,,False,,
vid4,83,2767,13,,,,,,,False,,
vid4,83,2767,14,,,,,,,False,,
vid4,83,2767,15,,,,,,,False,,
vid4,83,2767,16,,,,,,,False,,
vid4,83,2767,17,,,,,,,False,,
vid4,83,2767,18,,,,,,,False,,
vid4,83,2767,19,,,,,,,False,,
vid4,83,2767,20,,,,,,,False,,
vid4,84,2800,0,0.3049497604370117,0.6730185747146606,-1.877200084265951e-08,-0.0877690538764,-0.012591907754540443,0.0066031813621521,True,Right,0.8360629081726074
vid4,84,2800,1,0.3537026643753052,0.6818252205848694,0.008839510381221771,-0.06579747796058655,-0.008288804441690445,0.021651476621627808,True,Right,0.8360629081726074
vid4,84,2800,2,0.40935876965522766,0.6952309012413025,0.01065874844789505,-0.036960769444704056,0.00041539256926625967,0.040983378887176514,True,Right,0.8360629081726074
vid4,84,2800,3,0.45068925619125366,0.7057021856307983,0.00803201925009489,-0.008829212747514248,0.003403453156352043,0.0560590997338295,True,Right,0.8360629081726074
vid4,84,2800,4,0.48431578278541565,0.7235788702964783,0.005468095187097788,0.016400324180722237,0.008128167130053043,0.06788842380046844,True,Right,0.8360629081726074
vid4,84,2800,5,0.44846877455711365,0.6885108351707458,0.00878492183983326,0.0034662093967199326,-0.003063004231080413,0.02309368923306465,True,Right,0.8360629081726074
vid4,84,2800,6,0.5145642757415771,0.7057936787605286,-0.0012526408536359668,0.02865075133740902,0.00190844910684973,0.022632010281085968,True,Right,0.8360629081726074
vid4,84,2800,7,0.5589272379875183,0.7170502543449402,-0.00898703746497631,0.05293658375740051,0.005361819639801979,0.02527885138988495,True,Right,0.8360629081726074
vid4,84,2800,8,0.5945091843605042,0.7238603830337524,-0.014982053078711033,0.08180607110261917,0.007650948129594326,0.015941210091114044,True,Right,0.8360629081726074
vid4,84,2800,9,0.45108160376548767,0.6919966340065002,-0.005432644858956337,0.004757842049002647,-0.00222489470615983,0.005352098494768143,True,Right,0.8360629081726074
vid4,84,2800,10,0.5235814452171326,0.7082340121269226,-0.018310079351067543,0.03754551336169243,0.004954360891133547,0.0017777979373931885,True,Right,0.8360629081726074
vid4,84,2800,11,0.5739583969116211,0.7201418876647949,-0.02790600247681141,0.0655507817864418,0.003299238858744502,-0.001930002123117447,True,Right,0.8360629081726074
vid4,84,2800,12,0.6155305504798889,0.7269405722618103,-0.03443320468068123,0.09847374260425568,0.010142839513719082,-0.0019341856241226196,True,Right,0.8360629081726074
vid4,84,2800,13,0.4476696848869324,0.7016874551773071,-0.02036919817328453,0.0006207921542227268,0.0005999222048558295,-0.016272008419036865,True,Right,0.8360629081726074
vid4,84,2800,14,0.5169331431388855,0.7186341285705566,-0.030822625383734703,0.027032746002078056,0.003886347869411111,-0.018363017588853836,True,Right,0.8360629081726074
vid4,84,2800,15,0.5630747079849243,0.7304751873016357,-0.03691638633608818,0.05150514841079712,0.008669715374708176,-0.021977096796035767,True,Right,0.8360629081726074
vid4,84,2800,16,0.6016398072242737,0.7371307015419006,-0.04116655886173248,0.08003197610378265,0.013762394897639751,-0.024129092693328857,True,Right,0.8360629081726074
vid4,84,2800,17,0.4372597336769104,0.7204534411430359,-0.035186950117349625,-0.012528050690889359,0.002022231463342905,-0.02799452841281891,True,Right,0.8360629081726074
vid4,84,2800,18,0.4916701912879944,0.7330763339996338,-0.04435199126601219,0.007462066598236561,0.00600514467805624,-0.032313741743564606,True,Right,0.8360629081726074
vid4,84,2800,19,0.5286747813224792,0.7379093170166016,-0.048043347895145416,0.033050745725631714,0.010525417514145374,-0.032287538051605225,True,Right,0.8360629081726074
vid4,84,2800,20,0.561106264591217,0.7424681782722473,-0.05045109987258911,0.05405894294381142,0.013600775972008705,-0.03455210477113724,True,Right,0.8360629081726074
vid4,85,2833,0,,,,,,,False,,
vid4,85,2833,1,,,,,,,False,,
vid4,85,2833,2,,,,,,,False,,
vid4,85,2833,3,,,,,,,False,,
vid4,85,2833,4,,,,,,,False,,
vid4,85,2833,5,,,,,,,False,,
vid4,85,2833,6,,,,,,,False,,
vid4,85,2833,7,,,,,,,False,,
vid4,85,2833,8,,,,,,,False,,
vid4,85,2833,9,,,,,,,False,,
vid4,85,2833,10,,,,,,,False,,
vid4,85,2833,11,,,,,,,False,,
vid4,85,2833,12,,,,,,,False,,
vid4,85,2833,13,,,,,,,False,,
vid4,85,2833,14,,,,,,,False,,
vid4,85,2833,15,,,,,,,False,,
vid4,85,2833,16,,,,,,,False,,
vid4,85,2833,17,,,,,,,False,,
vid4,85,2833,18,,,,,,,False,,
vid4,85,2833,19,,,,,,,False,,
vid4,85,2833,20,,,,,,,False,,
vid4,86,2867,0,0.3012263774871826,0.6720716953277588,-4.998244929055318e-09,-0.08848389983177185,-0.013377652503550053,0.008291512727737427,True,Right,0.7940396666526794
vid4,86,2867,1,0.35459429025650024,0.6752299070358276,0.012683803215622902,-0.06559160351753235,-0.009525977075099945,0.023434195667505264,True,Right,0.7940396666526794
vid4,86,2867,2,0.4123091399669647,0.6879398226737976,0.016420414671301842,-0.0369005911052227,-0.001975119113922119,0.04100017249584198,True,Right,0.7940396666526794
vid4,86,2867,3,0.45462316274642944,0.6986660361289978,0.014966893941164017,-0.0062830583192408085,0.00022507959511131048,0.052209481596946716,True,Right,0.7940396666526794
vid4,86,2867,4,0.4884741008281708,0.7167161107063293,0.013271450996398926,0.01882101036608219,0.005152829922735691,0.05982118844985962,True,Right,0.7940396666526794
vid4,86,2867,5,0.44789183139801025,0.6862362027168274,0.013925839215517044,0.003384445793926716,-0.00362973241135478,0.022475913166999817,True,Right,0.7940396666526794
vid4,86,2867,6,0.5125322937965393,0.7050710916519165,0.005126608069986105,0.027853239327669144,0.0017570678610354662,0.021227359771728516,True,Right,0.7940396666526794
vid4,86,2867,7,0.5557932257652283,0.7165327072143555,-0.0021561398170888424,0.051495861262083054,0.005242237821221352,0.02248326689004898,True,Right,0.7940396666526794
vid4,86,2867,8,0.5902723073959351,0.7241820693016052,-0.007781959138810635,0.07788833975791931,0.007798522245138884,0.011556535959243774,True,Right,0.7940396666526794
vid4,86,2867,9,0.4506595730781555,0.6924132108688354,-0.0018659569323062897,0.0046717384830117226,-0.002238806337118149,0.00528343953192234,True,Right,0.7940396666526794
vid4,86,2867,10,0.5223782062530518,0.708238422870636,-0.013329023495316505,0.03632310405373573,0.0054397787898778915,0.0006185472011566162,True,Right,0.7940396666526794
vid4,86,2867,11,0.5722674131393433,0.7199802398681641,-0.022409090772271156,0.06496432423591614,0.004205528646707535,-0.003891855478286743,True,Right,0.7940396666526794
vid4,86,2867,12,0.6124488711357117,0.7262548804283142,-0.028554687276482582,0.0971108078956604,0.010222679004073143,-0.004887685179710388,True,Right,0.7940396666526794
vid4,86,2867,13,0.44681426882743835,0.702780544757843,-0.018262337893247604,0.00045316334581002593,0.0009582210914231837,-0.015849962830543518,True,Right,0.7940396666526794
vid4,86,2867,14,0.5165104269981384,0.7192115783691406,-0.027347857132554054,0.027306780219078064,0.004495969973504543,-0.018761303275823593,True,Right,0.7940396666526794
vid4,86,2867,15,0.5629329085350037,0.7309713959693909,-0.03307091444730759,0.0521407388150692,0.010703813284635544,-0.023152679204940796,True,Right,0.7940396666526794
vid4,86,2867,16,0.601566731929779,0.7379180192947388,-0.0371965616941452,0.08093174546957016,0.014230326749384403,-0.025307774543762207,True,Right,0.7940396666526794
vid4,86,2867,17,0.43570247292518616,0.7208897471427917,-0.03425590693950653,-0.013118758797645569,0.00248555070720613,-0.027324631810188293,True,Right,0.7940396666526794
vid4,86,2867,18,0.4903852045536041,0.7335905432701111,-0.04183312878012657,0.006729360204190016,0.007297859527170658,-0.03180209547281265,True,Right,0.7940396666526794
vid4,86,2867,19,0.5277231931686401,0.7381669878959656,-0.04462280496954918,0.03247031942009926,0.012081137858331203,-0.03200948238372803,True,Right,0.7940396666526794
vid4,86,2867,20,0.5603151321411133,0.7424112558364868,-0.04655410721898079,0.054677825421094894,0.01423817127943039,-0.03467082232236862,True,Right,0.7940396666526794
vid4,87,2900,0,0.31341752409935,0.6751829385757446,1.972725414134402e-07,-0.08685176074504852,-0.010076265782117844,0.013297248631715775,True,Right,0.641202449798584
vid4,87,2900,1,0.3670251965522766,0.6852784752845764,0.012354843318462372,-0.06034265458583832,-0.005308431573212147,0.032799430191516876,True,Right,0.641202449798584
vid4,87,2900,2,0.4254695177078247,0.7019786238670349,0.014962200075387955,-0.03034045733511448,0.003298460738733411,0.05023983120918274,True,Right,0.641202449798584
vid4,87,2900,3,0.4680740237236023,0.717559814453125,0.011817299760878086,0.0004766990605276078,0.005054862704128027,0.06050772964954376,True,Right,0.641202449798584
vid4,87,2900,4,0.5044489502906799,0.7261105179786682,0.007900439202785492,0.023365527391433716,0.005200165323913097,0.06609347462654114,True,Right,0.641202449798584
vid4,87,2900,5,0.4569960832595825,0.6983757615089417,0.01283644512295723,0.005590631626546383,-0.002139466116204858,0.026358045637607574,True,Right,0.641202449798584
vid4,87,2900,6,0.5188210606575012,0.712346076965332,0.002150948392227292,0.030102670192718506,0.0019814916886389256,0.022729232907295227,True,Right,0.641202449798584
vid4,87,2900,7,0.559558629989624,0.7218534350395203,-0.007547914981842041,0.05220197141170502,0.004825047217309475,0.022159621119499207,True,Right,0.641202449798584
vid4,87,2900,8,0.5942492485046387,0.7303009033203125,-0.015154073014855385,0.07912828773260117,0.00846428144723177,0.009386785328388214,True,Right,0.641202449798584
vid4,87,2900,9,0.45728063583374023,0.7017983198165894,-0.005392705090343952,0.004333775024861097,-0.002608825918287039,0.005535157397389412,True,Right,0.641202449798584
vid4,87,2900,10,0.5264562368392944,0.7128838300704956,-0.01723581552505493,0.035944707691669464,0.002005896996706724,-0.0010500550270080566,True,Right,0.641202449798584
vid4,87,2900,11,0.5753907561302185,0.7210437655448914,-0.028743861243128777,0.06277333199977875,0.0028039226308465004,-0.005071535706520081,True,Right,0.641202449798584
vid4,87,2900,12,0.6153438091278076,0.7245043516159058,-0.03742019459605217,0.09577370434999466,0.0023770397529006004,-0.007375270128250122,True,Right,0.641202449798584
vid4,87,2900,13,0.4506176710128784,0.7081431150436401,-0.024253426119685173,-0.002426633844152093,-0.0003361235139891505,-0.017649270594120026,True,Right,0.641202449798584
vid4,87,2900,14,0.5171660780906677,0.7210915088653564,-0.0341494046151638,0.02422889694571495,0.0036035089287906885,-0.02317112311720848,True,Right,0.641202449798584
vid4,87,2900,15,0.5609678030014038,0.7312250733375549,-0.040816232562065125,0.050991009920835495,0.006879317108541727,-0.029783278703689575,True,Right,0.641202449798584
vid4,87,2900,16,0.5977964997291565,0.7342084646224976,-0.046658214181661606,0.07724015414714813,0.007616724353283644,-0.031347185373306274,True,Right,0.641202449798584
vid4,87,2900,17,0.4395350217819214,0.7221444845199585,-0.0428721159696579,-0.017042413353919983,0.0023395507596433163,-0.030707046389579773,True,Right,0.641202449798584
vid4,87,2900,18,0.4890892505645752,0.7321619987487793,-0.05086710676550865,0.002517188200727105,0.00559606496244669,-0.036150798201560974,True,Right,0.641202449798584
vid4,87,2900,19,0.522595226764679,0.7375803589820862,-0.05357415974140167,0.02520359866321087,0.008658170700073242,-0.04010395705699921,True,Right,0.641202449798584
vid4,87,2900,20,0.55196213722229,0.7404749989509583,-0.05640125274658203,0.046169936656951904,0.01026892103254795,-0.0438406765460968,True,Right,0.641202449798584
vid4,88,2933,0,0.31068459153175354,0.6686270833015442,1.6764651888934168e-07,-0.0855102390050888,-0.012848420068621635,0.010021999478340149,True,Right,0.5226739645004272
vid4,88,2933,1,0.35980546474456787,0.6826683878898621,0.007965863682329655,-0.06183507665991783,-0.006711352616548538,0.030794203281402588,True,Right,0.5226739645004272
vid4,88,2933,2,0.41671693325042725,0.7041313648223877,0.009765026159584522,-0.03264739736914635,0.003777173114940524,0.04727928340435028,True,Right,0.5226739645004272
vid4,88,2933,3,0.45787036418914795,0.7225001454353333,0.006609717849642038,-0.0017866729758679867,0.005536199547350407,0.05745264142751694,True,Right,0.5226739645004272
vid4,88,2933,4,0.4928644895553589,0.7342302799224854,0.0032992332708090544,0.019443100318312645,0.0063548702746629715,0.0656166821718216,True,Right,0.5226739645004272
vid4,88,2933,5,0.4492497742176056,0.7026482820510864,0.011034871451556683,0.0021950469817966223,-0.0010034545557573438,0.02684231474995613,True,Right,0.5226739645004272
vid4,88,2933,6,0.5101303458213806,0.7173369526863098,-0.0016903633950278163,0.028097692877054214,0.0041317506693303585,0.025369495153427124,True,Right,0.5226739645004272
vid4,88,2933,7,0.5522900819778442,0.7259669303894043,-0.01272556371986866,0.0510701946914196,0.0057216547429561615,0.027486443519592285,True,Right,0.5226739645004272
vid4,88,2933,8,0.587116539478302,0.7327620983123779,-0.021079888567328453,0.08057796955108643,0.007657061330974102,0.017328687012195587,True,Right,0.5226739645004272
vid4,88,2933,9,0.45171797275543213,0.7026852369308472,-0.005109465681016445,0.0034223576076328754,-0.002205966506153345,0.005665158852934837,True,Right,0.5226739645004272
vid4,88,2933,10,0.5209312438964844,0.7143064737319946,-0.019893966615200043,0.036405254155397415,0.0027941646985709667,0.00205780565738678,True,Right,0.5226739645004272
vid4,88,2933,11,0.57076096534729,0.7230553030967712,-0.03264852613210678,0.06412734091281891,0.002259013010188937,0.002458535134792328,True,Right,0.5226739645004272
vid4,88,2933,12,0.6125612854957581,0.7281449437141418,-0.04129992797970772,0.09970802068710327,0.0021558129228651524,0.00376167893409729,True,Right,0.5226739645004272
vid4,88,2933,13,0.4481501281261444,0.7068566083908081,-0.022462833672761917,-6.18212143308483e-05,-0.0008101920830085874,-0.018015362322330475,True,Right,0.5226739645004272
vid4,88,2933,14,0.51518714427948,0.7196655869483948,-0.035914164036512375,0.02666681446135044,0.003315685549750924,-0.020314659923315048,True,Right,0.5226739645004272
vid4,88,2933,15,0.5602211356163025,0.7293891906738281,-0.04464159160852432,0.053923349827528,0.005090860649943352,-0.022860586643218994,True,Right,0.5226739645004272
vid4,88,2933,16,0.5983304381370544,0.7332590818405151,-0.050578709691762924,0.08257851004600525,0.006395306903868914,-0.02148306369781494,True,Right,0.5226739645004272
vid4,88,2933,17,0.4401754140853882,0.7191746830940247,-0.03990904614329338,-0.01300082728266716,0.0005517899408005178,-0.03234834969043732,True,Right,0.5226739645004272
vid4,88,2933,18,0.4893764853477478,0.731968343257904,-0.05072006955742836,0.0061798095703125,0.0041917432099580765,-0.03522643819451332,True,Right,0.5226739645004272
vid4,88,2933,19,0.523535430431366,0.7372775673866272,-0.05538026615977287,0.029360618442296982,0.007772158365696669,-0.03675268590450287,True,Right,0.5226739645004272
vid4,88,2933,20,0.5535968542098999,0.7411165237426758,-0.05882466956973076,0.05117151141166687,0.00903356447815895,-0.038281552493572235,True,Right,0.5226739645004272
vid4,89,2967,0,,,,,,,False,,
vid4,89,2967,1,,,,,,,False,,
vid4,89,2967,2,,,,,,,False,,
vid4,89,2967,3,,,,,,,False,,
vid4,89,2967,4,,,,,,,False,,
vid4,89,2967,5,,,,,,,False,,
vid4,89,2967,6,,,,,,,False,,
vid4,89,2967,7,,,,,,,False,,
vid4,89,2967,8,,,,,,,False,,
vid4,89,2967,9,,,,,,,False,,
vid4,89,2967,10,,,,,,,False,,
vid4,89,2967,11,,,,,,,False,,
vid4,89,2967,12,,,,,,,False,,
vid4,89,2967,13,,,,,,,False,,
vid4,89,2967,14,,,,,,,False,,
vid4,89,2967,15,,,,,,,False,,
vid4,89,2967,16,,,,,,,False,,
vid4,89,2967,17,,,,,,,False,,
vid4,89,2967,18,,,,,,,False,,
vid4,89,2967,19,,,,,,,False,,
vid4,89,2967,20,,,,,,,False,,
vid4,90,3000,0,0.2978430986404419,0.6736053824424744,1.7542820529570236e-08,-0.0881621390581131,-0.012336965650320053,0.0057021938264369965,True,Right,0.80158531665802
vid4,90,3000,1,0.3479897081851959,0.6883208155632019,0.011104053817689419,-0.06628935784101486,-0.0060295769944787025,0.02165382169187069,True,Right,0.80158531665802
vid4,90,3000,2,0.400559663772583,0.7061333656311035,0.013726242817938328,-0.03983284533023834,0.003510926617309451,0.04303644597530365,True,Right,0.80158531665802
vid4,90,3000,3,0.43890684843063354,0.7194651365280151,0.011479433625936508,-0.011767850257456303,0.006316488608717918,0.060130998492240906,True,Right,0.80158531665802
vid4,90,3000,4,0.471628338098526,0.7376821041107178,0.009144295006990433,0.011716082692146301,0.011051981709897518,0.07194773852825165,True,Right,0.80158531665802
vid4,90,3000,5,0.4437711238861084,0.6928210854530334,0.012225089594721794,0.00293161254376173,-0.0020589034538716078,0.02308826521039009,True,Right,0.80158531665802
vid4,90,3000,6,0.5097194314002991,0.7109476327896118,0.002133698668330908,0.027543973177671432,0.002905511297285557,0.022860869765281677,True,Right,0.80158531665802
vid4,90,3000,7,0.5534685254096985,0.7218263149261475,-0.006172032095491886,0.05110713094472885,0.006341013126075268,0.024749785661697388,True,Right,0.80158531665802
vid4,90,3000,8,0.5883159637451172,0.7287083268165588,-0.012289158999919891,0.07929092645645142,0.008974720723927021,0.015233136713504791,True,Right,0.80158531665802
vid4,90,3000,9,0.44685307145118713,0.6942546963691711,-0.002968791639432311,0.004559176973998547,-0.002493558917194605,0.00533873587846756,True,Right,0.80158531665802
vid4,90,3000,10,0.520114541053772,0.7091147303581238,-0.016222722828388214,0.03687002882361412,0.0048917075619101524,0.0015856549143791199,True,Right,0.80158531665802
vid4,90,3000,11,0.570932149887085,0.7206090688705444,-0.02661963924765587,0.06610081344842911,0.003504939144477248,-0.001223936676979065,True,Right,0.80158531665802
vid4,90,3000,12,0.6117820143699646,0.7269852757453918,-0.03334452211856842,0.09907232969999313,0.010154852643609047,-0.0007345378398895264,True,Right,0.80158531665802
vid4,90,3000,13,0.4437081813812256,0.7014279961585999,-0.01886064186692238,0.0011431280290707946,-0.00039397572982124984,-0.016390904784202576,True,Right,0.80158531665802
vid4,90,3000,14,0.5142595171928406,0.7169593572616577,-0.029436277225613594,0.027386819943785667,0.003310775849968195,-0.018970787525177002,True,Right,0.80158531665802
vid4,90,3000,15,0.5621659159660339,0.7287132740020752,-0.03611661493778229,0.05302782356739044,0.008961381390690804,-0.021550774574279785,True,Right,0.80158531665802
vid4,90,3000,16,0.6015709042549133,0.735944926738739,-0.04039904847741127,0.08284129202365875,0.014581594616174698,-0.022556588053703308,True,Right,0.80158531665802
vid4,90,3000,17,0.4331549406051636,0.7181179523468018,-0.03438049927353859,-0.012670231983065605,0.0017731213010847569,-0.02843831479549408,True,Right,0.80158531665802
vid4,90,3000,18,0.4885480999946594,0.7312477827072144,-0.042785611003637314,0.007758989930152893,0.006305997259914875,-0.032648131251335144,True,Right,0.80158531665802
vid4,90,3000,19,0.5270724296569824,0.7368387579917908,-0.04582987725734711,0.03395429253578186,0.011438142508268356,-0.032091736793518066,True,Right,0.80158531665802
vid4,90,3000,20,0.560174286365509,0.7417441010475159,-0.04763362184166908,0.056808844208717346,0.014227299951016903,-0.03240928798913956,True,Right,0.80158531665802
vid4,91,3033,0,0.31297099590301514,0.6745457053184509,2.3442947849616758e-07,-0.08811739087104797,-0.01040230505168438,0.010578345507383347,True,Right,0.760066032409668
vid4,91,3033,1,0.3576522171497345,0.6968675851821899,0.004261113703250885,-0.06286241114139557,-0.002148799831047654,0.030903253704309464,True,Right,0.760066032409668
vid4,91,3033,2,0.4126344621181488,0.720817506313324,0.002967566018924117,-0.03454041853547096,0.00782548077404499,0.04945306479930878,True,Right,0.760066032409668
vid4,91,3033,3,0.4545097351074219,0.7381693124771118,-0.0020145068410784006,-0.005126957781612873,0.010553048923611641,0.06244654953479767,True,Right,0.760066032409668
vid4,91,3033,4,0.49059730768203735,0.7448811531066895,-0.007278010249137878,0.0168245118111372,0.009144644252955914,0.07129721343517303,True,Right,0.760066032409668
vid4,91,3033,5,0.45522359013557434,0.7069525122642517,0.0014993527438491583,0.0052237133495509624,0.00032500724773854017,0.02667945995926857,True,Right,0.760066032409668
vid4,91,3033,6,0.5184407234191895,0.7204652428627014,-0.011769881471991539,0.030628448352217674,0.004257983528077602,0.02305750548839569,True,Right,0.760066032409668
vid4,91,3033,7,0.5599546432495117,0.7286816835403442,-0.022704875096678734,0.05249238386750221,0.006190205924212933,0.0225440114736557,True,Right,0.760066032409668
vid4,91,3033,8,0.5944069027900696,0.7346856594085693,-0.031007448211312294,0.07951625436544418,0.009696093387901783,0.010035015642642975,True,Right,0.760066032409668
vid4,91,3033,9,0.45732876658439636,0.7050665020942688,-0.012729278765618801,0.00426106434315443,-0.0027489454951137304,0.006015699356794357,True,Right,0.760066032409668
vid4,91,3033,10,0.5276975631713867,0.7159330248832703,-0.027198193594813347,0.03733284771442413,0.00240062247030437,-0.000787883996963501,True,Right,0.760066032409668
vid4,91,3033,11,0.575587272644043,0.7247849106788635,-0.0393625944852829,0.06378733366727829,0.002647615037858486,-0.004654325544834137,True,Right,0.760066032409668
vid4,91,3033,12,0.6144324541091919,0.7284212112426758,-0.048309970647096634,0.09528329968452454,0.0026157761458307505,-0.006897240877151489,True,Right,0.760066032409668
vid4,91,3033,13,0.4513607621192932,0.7063961625099182,-0.027872277423739433,-0.0016658147796988487,-0.002133707283064723,-0.01801370084285736,True,Right,0.760066032409668
vid4,91,3033,14,0.5184548497200012,0.7196937203407288,-0.03994380682706833,0.02546808496117592,0.001602670643478632,-0.023354321718215942,True,Right,0.760066032409668
vid4,91,3033,15,0.561631977558136,0.7303610444068909,-0.046966444700956345,0.05155974254012108,0.0055282884277403355,-0.02869299054145813,True,Right,0.760066032409668
vid4,91,3033,16,0.5971280336380005,0.7337418794631958,-0.05273977667093277,0.07671927660703659,0.007062331307679415,-0.03043580800294876,True,Right,0.760066032409668
vid4,91,3033,17,0.439905047416687,0.7147181630134583,-0.04324798658490181,-0.016606038436293602,-0.00045466836309060454,-0.0318412184715271,True,Right,0.760066032409668
vid4,91,3033,18,0.48878005146980286,0.7271074652671814,-0.052967507392168045,0.003250689012929797,0.002854651538655162,-0.0374392494559288,True,Right,0.760066032409668
vid4,91,3033,19,0.5225775837898254,0.7332059144973755,-0.05647397041320801,0.026351051405072212,0.005561681929975748,-0.04020334780216217,True,Right,0.760066032409668
vid4,91,3033,20,0.5519105195999146,0.7369008660316467,-0.05956430360674858,0.04547981545329094,0.007933218963444233,-0.04239542782306671,True,Right,0.760066032409668
vid4,92,3067,0,0.30666059255599976,0.6653512716293335,2.175712978669253e-07,-0.08879532665014267,-0.01426453236490488,0.006985273212194443,True,Right,0.8125115633010864
vid4,92,3067,1,0.34919121861457825,0.6975684762001038,0.0031379996798932552,-0.06504715979099274,-0.002825662726536393,0.027532313019037247,True,Right,0.8125115633010864
vid4,92,3067,2,0.3993031680583954,0.7294402718544006,0.0021439669653773308,-0.03973344340920448,0.010569171980023384,0.04547110199928284,True,Right,0.8125115633010864
vid4,92,3067,3,0.43643149733543396,0.7520260214805603,-0.0026907220017164946,-0.011522830463945866,0.01537353079766035,0.05787839740514755,True,Right,0.8125115633010864
vid4,92,3067,4,0.4701220691204071,0.7645365595817566,-0.007483628578484058,0.008931986056268215,0.015488729812204838,0.06857630610466003,True,Right,0.8125115633010864
vid4,92,3067,5,0.44571810960769653,0.7095367312431335,0.006818750873208046,0.0005666325450874865,0.001620116294361651,0.027414629235863686,True,Right,0.8125115633010864
vid4,92,3067,6,0.5053293108940125,0.7252923846244812,-0.00703942496329546,0.027147527784109116,0.007066832389682531,0.02587658166885376,True,Right,0.8125115633010864
vid4,92,3067,7,0.5469502806663513,0.7361587285995483,-0.019398951902985573,0.050558898597955704,0.00894187856465578,0.026322994381189346,True,Right,0.8125115633010864
vid4,92,3067,8,0.581039309501648,0.7444241642951965,-0.028448309749364853,0.07827844470739365,0.012703019194304943,0.01626482605934143,True,Right,0.8125115633010864
vid4,92,3067,9,0.4500802159309387,0.7020573616027832,-0.007075400557368994,0.003668723627924919,-0.0028313423972576857,0.00619296170771122,True,Right,0.8125115633010864
vid4,92,3067,10,0.5204406976699829,0.7147646546363831,-0.0229074414819479,0.038308750838041306,0.0037921916227787733,0.0014277547597885132,True,Right,0.8125115633010864
vid4,92,3067,11,0.5701562166213989,0.7251573801040649,-0.036721598356962204,0.0651330053806305,0.003594797570258379,0.001913316547870636,True,Right,0.8125115633010864
vid4,92,3067,12,0.6112569570541382,0.7314481735229492,-0.04597698524594307,0.10047109425067902,0.006190646905452013,0.0051319897174835205,True,Right,0.8125115633010864
vid4,92,3067,13,0.4475143253803253,0.6998624205589294,-0.022481800988316536,0.000984029727987945,-0.002550456440076232,-0.018820278346538544,True,Right,0.8125115633010864
vid4,92,3067,14,0.5150361061096191,0.714448869228363,-0.0368066132068634,0.02766479179263115,0.0027347570285201073,-0.02191511169075966,True,Right,0.8125115633010864
vid4,92,3067,15,0.5605676770210266,0.727741003036499,-0.04597209393978119,0.055361971259117126,0.006304677110165358,-0.023571938276290894,True,Right,0.8125115633010864
vid4,92,3067,16,0.5986909866333008,0.7348501086235046,-0.05184508487582207,0.08352041989564896,0.009892304427921772,-0.02201799675822258,True,Right,0.8125115633010864
vid4,92,3067,17,0.4392823576927185,0.7063463926315308,-0.03821997717022896,-0.01243506744503975,-0.0012080445885658264,-0.033128201961517334,True,Right,0.8125115633010864
vid4,92,3067,18,0.49004679918289185,0.7232710123062134,-0.04866374656558037,0.007156561594456434,0.002964210929349065,-0.03659771382808685,True,Right,0.8125115633010864
vid4,92,3067,19,0.5251057147979736,0.7322608232498169,-0.052491702139377594,0.03108401410281658,0.008420825935900211,-0.037112802267074585,True,Right,0.8125115633010864
vid4,92,3067,20,0.5559940338134766,0.7395572066307068,-0.05515036731958389,0.053624480962753296,0.01109677366912365,-0.03724226355552673,True,Right,0.8125115633010864
vid4,93,3100,0,0.31188392639160156,0.6698699593544006,1.8718728256317263e-07,-0.08485064655542374,-0.007491882890462875,0.009648799896240234,True,Right,0.8543727397918701
vid4,93,3100,1,0.36320236325263977,0.6930992603302002,0.008986537344753742,-0.06090562045574188,-0.0012509791413322091,0.03175085783004761,True,Right,0.8543727397918701
vid4,93,3100,2,0.42094525694847107,0.710379958152771,0.011047402396798134,-0.03239254653453827,0.008257893845438957,0.04818406701087952,True,Right,0.8543727397918701
vid4,93,3100,3,0.46030402183532715,0.7229737043380737,0.007881918922066689,-0.002224839525297284,0.007831630297005177,0.058477334678173065,True,Right,0.8543727397918701
vid4,93,3100,4,0.4946468770503998,0.7317930459976196,0.004586097784340382,0.020026501268148422,0.0063291811384260654,0.06371480971574783,True,Right,0.8543727397918701
vid4,93,3100,5,0.4503566026687622,0.692547619342804,0.010972855612635612,0.003078443231061101,-0.0031330380588769913,0.026285657659173012,True,Right,0.8543727397918701
vid4,93,3100,6,0.5109723806381226,0.7111750841140747,-0.0028237667866051197,0.026932131499052048,0.0032688993960618973,0.02425462007522583,True,Right,0.8543727397918701
vid4,93,3100,7,0.5540162920951843,0.721871554851532,-0.014337456785142422,0.04961567372083664,0.005888108629733324,0.02564118430018425,True,Right,0.8543727397918701
vid4,93,3100,8,0.5893129706382751,0.7302461862564087,-0.02270171418786049,0.07719555497169495,0.00888989306986332,0.015719719231128693,True,Right,0.8543727397918701
vid4,93,3100,9,0.45228371024131775,0.6884837746620178,-0.005333029665052891,0.00426418986171484,-0.0032716437708586454,0.005027737468481064,True,Right,0.8543727397918701
vid4,93,3100,10,0.5221065282821655,0.7045802474021912,-0.02061670459806919,0.03539310023188591,0.0031912156846374273,0.001217573881149292,True,Right,0.8543727397918701
vid4,93,3100,11,0.5727262496948242,0.715704083442688,-0.033968716859817505,0.06265994161367416,0.003159451298415661,-0.0015625357627868652,True,Right,0.8543727397918701
vid4,93,3100,12,0.6167503595352173,0.7245829701423645,-0.04280069097876549,0.09865715354681015,0.005680500995367765,-0.0015634000301361084,True,Right,0.8543727397918701
vid4,93,3100,13,0.448825478553772,0.6953372955322266,-0.022533897310495377,-0.00028356656548567116,-0.000454680499387905,-0.018046431243419647,True,Right,0.8543727397918701
vid4,93,3100,14,0.5173847079277039,0.7108309864997864,-0.036340441554784775,0.026040585711598396,0.004284221678972244,-0.020946096628904343,True,Right,0.8543727397918701
vid4,93,3100,15,0.5646799206733704,0.721839964389801,-0.045919179916381836,0.05380069091916084,0.007127860095351934,-0.02531611919403076,True,Right,0.8543727397918701
vid4,93,3100,16,0.6064044833183289,0.7287504076957703,-0.051950354129076004,0.08412178605794907,0.010060537606477737,-0.025165170431137085,True,Right,0.8543727397918701
vid4,93,3100,17,0.440618097782135,0.7165865898132324,-0.03963647037744522,-0.01389624085277319,0.003242592327296734,-0.030557289719581604,True,Right,0.8543727397918701
vid4,93,3100,18,0.4919443130493164,0.7294145226478577,-0.04986875504255295,0.005839102901518345,0.007874494418501854,-0.03484997898340225,True,Right,0.8543727397918701
vid4,93,3100,19,0.5277820229530334,0.7341541051864624,-0.054126206785440445,0.02911660075187683,0.011295818723738194,-0.037466078996658325,True,Right,0.8543727397918701
vid4,93,3100,20,0.5603146553039551,0.7384093403816223,-0.05697891488671303,0.052843112498521805,0.012117206119000912,-0.03854113817214966,True,Right,0.8543727397918701
vid4,94,3133,0,0.31520116329193115,0.6661075353622437,2.133361647338461e-07,-0.0865037739276886,-0.010739821940660477,0.010316386818885803,True,Right,0.6352493762969971
vid4,94,3133,1,0.36699843406677246,0.6659216284751892,0.009846852160990238,-0.06043710187077522,-0.008396889083087444,0.032131146639585495,True,Right,0.6352493762969971
vid4,94,3133,2,0.42444121837615967,0.6868887543678284,0.011551455594599247,-0.030616311356425285,0.0013411259278655052,0.04970890283584595,True,Right,0.6352493762969971
vid4,94,3133,3,0.4645915627479553,0.7110637426376343,0.008063506335020065,0.0007361547905020416,0.0042529902420938015,0.061946555972099304,True,Right,0.6352493762969971
vid4,94,3133,4,0.4991961121559143,0.7287154197692871,0.004259641747921705,0.023068787530064583,0.007293654140084982,0.06846659630537033,True,Right,0.6352493762969971
vid4,94,3133,5,0.45424848794937134,0.6842578649520874,0.011171432211995125,0.0038648240733891726,-0.005362390074878931,0.02713809907436371,True,Right,0.6352493762969971
vid4,94,3133,6,0.5153182744979858,0.703007161617279,-0.0016129874857142568,0.030176786705851555,0.0011551124043762684,0.025334611535072327,True,Right,0.6352493762969971
vid4,94,3133,7,0.557589590549469,0.7164881229400635,-0.012343062087893486,0.05305250361561775,0.0049595944583415985,0.026222921907901764,True,Right,0.6352493762969971
vid4,94,3133,8,0.59264075756073,0.7280331254005432,-0.02026325650513172,0.08230369538068771,0.009773456491529942,0.015714041888713837,True,Right,0.6352493762969971
vid4,94,3133,9,0.4548425078392029,0.6913042664527893,-0.005864898674190044,0.0038038049824535847,-0.003134645987302065,0.005440877750515938,True,Right,0.6352493762969971
vid4,94,3133,10,0.5222253203392029,0.7070784568786621,-0.02000182494521141,0.03656057268381119,0.00371331418864429,0.0005182921886444092,True,Right,0.6352493762969971
vid4,94,3133,11,0.571431577205658,0.7189545631408691,-0.032365623861551285,0.0636187195777893,0.004113604314625263,-0.001450374722480774,True,Right,0.6352493762969971
vid4,94,3133,12,0.6129127144813538,0.7255460023880005,-0.04092768207192421,0.09855283796787262,0.005428837612271309,-0.0002681314945220947,True,Right,0.6352493762969971
vid4,94,3133,13,0.4495029151439667,0.7034101486206055,-0.02381758950650692,-0.0017628472996875644,0.0015273508615791798,-0.018049418926239014,True,Right,0.6352493762969971
vid4,94,3133,14,0.5147472023963928,0.7183546423912048,-0.036320898681879044,0.02547784335911274,0.006470793392509222,-0.021097663789987564,True,Right,0.6352493762969971
vid4,94,3133,15,0.559516429901123,0.7299749255180359,-0.04407081753015518,0.05228375643491745,0.00969992857426405,-0.02501925826072693,True,Right,0.6352493762969971
vid4,94,3133,16,0.5976918935775757,0.7340371608734131,-0.049508243799209595,0.08138729631900787,0.011455527506768703,-0.02546771615743637,True,Right,0.6352493762969971
vid4,94,3133,17,0.43993738293647766,0.7246068716049194,-0.04171907156705856,-0.014973197132349014,0.006410165224224329,-0.03152714669704437,True,Right,0.6352493762969971
vid4,94,3133,18,0.4893989861011505,0.7371942400932312,-0.05161590501666069,0.005190146155655384,0.009656937792897224,-0.035814184695482254,True,Right,0.6352493762969971
vid4,94,3133,19,0.523434042930603,0.7430879473686218,-0.055322304368019104,0.027967175468802452,0.01440507359802723,-0.03681187331676483,True,Right,0.6352493762969971
vid4,94,3133,20,0.5535911917686462,0.7463758587837219,-0.05818679556250572,0.05058767646551132,0.014425424858927727,-0.038137055933475494,True,Right,0.6352493762969971
vid4,95,3167,0,0.31329211592674255,0.6697996854782104,1.903483735077316e-07,-0.0872584879398346,-0.011266905814409256,0.005512122064828873,True,Right,0.6740231513977051
vid4,95,3167,1,0.3613605797290802,0.6824387907981873,0.006060437299311161,-0.06211421638727188,-0.006402310915291309,0.029600918292999268,True,Right,0.6740231513977051
vid4,95,3167,2,0.41705530881881714,0.7054771184921265,0.007484091445803642,-0.03396237641572952,0.0052490513771772385,0.048213765025138855,True,Right,0.6740231513977051
vid4,95,3167,3,0.4561747610569,0.7262518405914307,0.004258783534169197,-0.0022403872571885586,0.00709715997800231,0.06203794851899147,True,Right,0.6740231513977051
vid4,95,3167,4,0.4898746907711029,0.7419367432594299,0.0010780238080769777,0.018999479711055756,0.010682974010705948,0.07237663865089417,True,Right,0.6740231513977051
vid4,95,3167,5,0.45051708817481995,0.6963129043579102,0.01170860044658184,0.0019637160003185272,-0.0029209956992417574,0.028782665729522705,True,Right,0.6740231513977051
vid4,95,3167,6,0.5101547241210938,0.7116693258285522,-0.0020035551860928535,0.029012612998485565,0.00329501717351377,0.028149276971817017,True,Right,0.6740231513977051
vid4,95,3167,7,0.551841676235199,0.7237805724143982,-0.01406562328338623,0.052437469363212585,0.005660328548401594,0.031027790158987045,True,Right,0.6740231513977051
vid4,95,3167,8,0.5865190625190735,0.7335262298583984,-0.022846197709441185,0.0825236588716507,0.009426825679838657,0.022654294967651367,True,Right,0.6740231513977051
vid4,95,3167,9,0.4523857533931732,0.698423445224762,-0.0034190702717751265,0.0037984359078109264,-0.0027999074663966894,0.006290541961789131,True,Right,0.6740231513977051
vid4,95,3167,10,0.5197247266769409,0.7102424502372742,-0.018390556797385216,0.037185121327638626,0.003597581060603261,0.003246992826461792,True,Right,0.6740231513977051
vid4,95,3167,11,0.5692241191864014,0.7205249667167664,-0.03244619444012642,0.06544940918684006,0.0034289169125258923,0.00438467413187027,True,Right,0.6740231513977051
vid4,95,3167,12,0.611859917640686,0.7267675399780273,-0.041917718946933746,0.10194796323776245,0.004495018161833286,0.0065003931522369385,True,Right,0.6740231513977051
vid4,95,3167,13,0.44905802607536316,0.7050557732582092,-0.019997749477624893,-0.0004064688109792769,-0.0001368557714158669,-0.019064754247665405,True,Right,0.6740231513977051
vid4,95,3167,14,0.5150868892669678,0.7170058488845825,-0.034274622797966,0.028144123032689095,0.004735318478196859,-0.02030990645289421,True,Right,0.6740231513977051
vid4,95,3167,15,0.5607529282569885,0.7271310687065125,-0.04453990235924721,0.0561935119330883,0.0071920063346624374,-0.02150842547416687,True,Right,0.6740231513977051
vid4,95,3167,16,0.5998715162277222,0.7307695150375366,-0.05100598186254501,0.08673033118247986,0.00885430071502924,-0.020891867578029633,True,Right,0.6740231513977051
vid4,95,3167,17,0.4415718913078308,0.720684826374054,-0.03677462041378021,-0.013195442035794258,0.0031440826132893562,-0.034861668944358826,True,Right,0.6740231513977051
vid4,95,3167,18,0.4914873242378235,0.7337508797645569,-0.048191457986831665,0.00805625133216381,0.007414543069899082,-0.03719547018408775,True,Right,0.6740231513977051
vid4,95,3167,19,0.5256974101066589,0.7402188181877136,-0.053360842168331146,0.031269621104002,0.011988107115030289,-0.037421390414237976,True,Right,0.6740231513977051
vid4,95,3167,20,0.555957019329071,0.7438284158706665,-0.05683115869760513,0.055460866540670395,0.012520442716777325,-0.03714267164468765,True,Right,0.6740231513977051
vid4,96,3200,0,0.31305432319641113,0.6686040759086609,2.117323418815431e-07,-0.088553287088871,-0.006659848149865866,0.003963857889175415,True,Right,0.9207569360733032
vid4,96,3200,1,0.3564327657222748,0.7072136402130127,0.004404636099934578,-0.0655265524983406,0.0022057651076465845,0.030250534415245056,True,Right,0.9207569360733032
vid4,96,3200,2,0.4107361137866974,0.7295634746551514,0.004114429000765085,-0.037465982139110565,0.013882159255445004,0.051852911710739136,True,Right,0.9207569360733032
vid4,96,3200,3,0.4487512707710266,0.7408709526062012,-0.00045947599573992193,-0.006586180068552494,0.012876763939857483,0.06951785832643509,True,Right,0.9207569360733032
vid4,96,3200,4,0.4825788140296936,0.7512295842170715,-0.005152811296284199,0.013848927803337574,0.012556578032672405,0.08380267024040222,True,Right,0.9207569360733032
vid4,96,3200,5,0.44925397634506226,0.6999059915542603,0.005147392861545086,0.001555643160827458,-0.0012099845334887505,0.030115559697151184,True,Right,0.9207569360733032
vid4,96,3200,6,0.5116855502128601,0.7146440744400024,-0.010417400859296322,0.03031003102660179,0.005026841536164284,0.03027990460395813,True,Right,0.9207569360733032
vid4,96,3200,7,0.5561986565589905,0.7241201996803284,-0.02282407321035862,0.05406322702765465,0.006911908742040396,0.03076513111591339,True,Right,0.9207569360733032
vid4,96,3200,8,0.5917597413063049,0.731163501739502,-0.03171909227967262,0.08397196233272552,0.01000368595123291,0.01837250590324402,True,Right,0.9207569360733032
vid4,96,3200,9,0.45135068893432617,0.693918764591217,-0.009801246225833893,0.0039352430030703545,-0.003864961676299572,0.00626169890165329,True,Right,0.9207569360733032
vid4,96,3200,10,0.5222443342208862,0.7065101861953735,-0.0268777497112751,0.038971032947301865,0.002498381305485964,0.0031751394271850586,True,Right,0.9207569360733032
vid4,96,3200,11,0.5731656551361084,0.7190882563591003,-0.041105203330516815,0.06735203415155411,0.003337214468047023,0.0017858296632766724,True,Right,0.9207569360733032
vid4,96,3200,12,0.6159745454788208,0.7284230589866638,-0.050417881458997726,0.10380867123603821,0.006601153872907162,0.002048194408416748,True,Right,0.9207569360733032
vid4,96,3200,13,0.44794464111328125,0.695743978023529,-0.025974741205573082,6.423620652640238e-05,-0.002314064186066389,-0.020485199987888336,True,Right,0.9207569360733032
vid4,96,3200,14,0.5179794430732727,0.7091605067253113,-0.0421915277838707,0.02952607348561287,0.0030468509066849947,-0.022336363792419434,True,Right,0.9207569360733032
vid4,96,3200,15,0.5647864937782288,0.7212115526199341,-0.05303337424993515,0.05835070088505745,0.006580132059752941,-0.025148332118988037,True,Right,0.9207569360733032
vid4,96,3200,16,0.6046208143234253,0.7281519174575806,-0.059624798595905304,0.08863162249326706,0.010097184218466282,-0.025008097290992737,True,Right,0.9207569360733032
vid4,96,3200,17,0.43970078229904175,0.7097509503364563,-0.04226625710725784,-0.013840612955391407,0.0019800954032689333,-0.03664878010749817,True,Right,0.9207569360733032
vid4,96,3200,18,0.49040135741233826,0.7259712815284729,-0.0552535243332386,0.007257862947881222,0.006625662092119455,-0.04010909050703049,True,Right,0.9207569360733032
vid4,96,3200,19,0.5263046622276306,0.7345736026763916,-0.061308521777391434,0.03176006302237511,0.01076570712029934,-0.04095776379108429,True,Right,0.9207569360733032
vid4,96,3200,20,0.5578961968421936,0.74131840467453,-0.06519194692373276,0.056254755705595016,0.013385729864239693,-0.039430804550647736,True,Right,0.9207569360733032
vid4,97,3233,0,0.3180122375488281,0.6536977291107178,2.898570699017e-07,-0.09032747894525528,-0.006288703065365553,0.0053049176931381226,True,Right,0.922552227973938
vid4,97,3233,1,0.3586256802082062,0.6755741834640503,0.0025381548330187798,-0.06564612686634064,-0.001186005538329482,0.027227621525526047,True,Right,0.922552227973938
vid4,97,3233,2,0.4090454578399658,0.6951488852500916,-0.0005457700463011861,-0.03989463299512863,0.008495769463479519,0.050435736775398254,True,Right,0.922552227973938
vid4,97,3233,3,0.4442232847213745,0.7133863568305969,-0.007276244927197695,-0.011083211749792099,0.009799231775105,0.06799855083227158,True,Right,0.922552227973938
vid4,97,3233,4,0.4749913811683655,0.731474757194519,-0.014083385467529297,0.008738345466554165,0.011774934828281403,0.08130769431591034,True,Right,0.922552227973938
vid4,97,3233,5,0.4531208276748657,0.6645423173904419,-0.0010205077705904841,0.0024701151996850967,-0.006325612310320139,0.026927400380373,True,Right,0.922552227973938
vid4,97,3233,6,0.5153523683547974,0.689967930316925,-0.01812645234167576,0.02821696363389492,0.0029894423205405474,0.02667202055454254,True,Right,0.922552227973938
vid4,97,3233,7,0.5579149127006531,0.7090232372283936,-0.031118156388401985,0.0508771687746048,0.008061359636485577,0.02792399749159813,True,Right,0.922552227973938
vid4,97,3233,8,0.5919008255004883,0.7240844368934631,-0.03980329632759094,0.07842283695936203,0.013728620484471321,0.019343309104442596,True,Right,0.922552227973938
vid4,97,3233,9,0.4566291868686676,0.6653606295585632,-0.0143952751532197,0.004159353207796812,-0.004543529357761145,0.005627114325761795,True,Right,0.922552227973938
vid4,97,3233,10,0.5296489000320435,0.6864209175109863,-0.032293375581502914,0.03981460630893707,0.004298678133636713,0.0007428377866744995,True,Right,0.922552227973938
vid4,97,3233,11,0.5805453062057495,0.7060878276824951,-0.045869290828704834,0.06729850172996521,0.006586119066923857,-0.0018977969884872437,True,Right,0.922552227973938
vid4,97,3233,12,0.623241126537323,0.7217628955841064,-0.05420593172311783,0.10402876138687134,0.011212369427084923,0.0023311972618103027,True,Right,0.922552227973938
vid4,97,3233,13,0.45309385657310486,0.6796393394470215,-0.028600044548511505,-0.00016506994143128395,0.0010918714106082916,-0.018703199923038483,True,Right,0.922552227973938
vid4,97,3233,14,0.5248283743858337,0.6993089318275452,-0.04479850456118584,0.029625728726387024,0.007408773526549339,-0.022862285375595093,True,Right,0.922552227973938
vid4,97,3233,15,0.5715083479881287,0.7166445851325989,-0.054924432188272476,0.058324214071035385,0.013005854561924934,-0.024718493223190308,True,Right,0.922552227973938
vid4,97,3233,16,0.6112673282623291,0.7293418049812317,-0.06049208343029022,0.08791670203208923,0.017418531700968742,-0.021809957921504974,True,Right,0.922552227973938
vid4,97,3233,17,0.4428427219390869,0.7091050744056702,-0.042922183871269226,-0.01485752034932375,0.008478586561977863,-0.03224487602710724,True,Right,0.922552227973938
vid4,97,3233,18,0.49468281865119934,0.7277058362960815,-0.05507549270987511,0.006092323921620846,0.01416710577905178,-0.03721680864691734,True,Right,0.922552227973938
vid4,97,3233,19,0.5302291512489319,0.7367957234382629,-0.05973910912871361,0.031778279691934586,0.018526285886764526,-0.03781883418560028,True,Right,0.922552227973938
vid4,97,3233,20,0.5617656707763672,0.7449154257774353,-0.061967168003320694,0.054768290370702744,0.021433459594845772,-0.03422476351261139,True,Right,0.922552227973938
vid4,98,3267,0,0.3246821165084839,0.6525664925575256,3.647706421361363e-07,-0.0914946049451828,0.004396367818117142,0.006637260317802429,True,Right,0.9063404202461243
vid4,98,3267,1,0.3632497191429138,0.6787881851196289,-0.0021427632309496403,-0.0691513642668724,0.005881857126951218,0.027491405606269836,True,Right,0.9063404202461243
vid4,98,3267,2,0.4095924496650696,0.6889678835868835,-0.009106028825044632,-0.04341888427734375,0.012696952559053898,0.049043864011764526,True,Right,0.9063404202461243
vid4,98,3267,3,0.4416219890117645,0.698681116104126,-0.01900695450603962,-0.017889879643917084,0.013205001130700111,0.06524548679590225,True,Right,0.9063404202461243
vid4,98,3267,4,0.4703425467014313,0.7177956700325012,-0.028792576864361763,0.0007345141493715346,0.013392963446676731,0.07982301712036133,True,Right,0.9063404202461243
vid4,98,3267,5,0.4621233344078064,0.6391693353652954,-0.006544227246195078,0.0018979854648932815,-0.006580748595297337,0.0267677903175354,True,Right,0.9063404202461243
vid4,98,3267,6,0.5249057412147522,0.6702089905738831,-0.024582820013165474,0.02734784036874771,0.0038161971606314182,0.026647716760635376,True,Right,0.9063404202461243
vid4,98,3267,7,0.5673259496688843,0.6919527053833008,-0.03878486528992653,0.05012817680835724,0.008943313732743263,0.02825995907187462,True,Right,0.9063404202461243
vid4,98,3267,8,0.6015141010284424,0.7075172066688538,-0.048283111304044724,0.07747653871774673,0.01545229833573103,0.019220486283302307,True,Right,0.9063404202461243
vid4,98,3267,9,0.46564844250679016,0.6401779055595398,-0.01770416460931301,0.004101834259927273,-0.005256557837128639,0.0052237920463085175,True,Right,0.9063404202461243
vid4,98,3267,10,0.5358060598373413,0.6640361547470093,-0.03533242642879486,0.03749750927090645,0.0021903375163674355,0.0014897137880325317,True,Right,0.9063404202461243
vid4,98,3267,11,0.5850059986114502,0.6801412105560303,-0.04846114292740822,0.06274931877851486,0.00566285802051425,0.00013003498315811157,True,Right,0.9063404202461243
vid4,98,3267,12,0.625767707824707,0.6917195916175842,-0.0571724995970726,0.0974271148443222,0.008507130667567253,0.006003975868225098,True,Right,0.9063404202461243
vid4,98,3267,13,0.4629119634628296,0.6551419496536255,-0.030115673318505287,0.0002474802895449102,0.0017759816255420446,-0.018345139920711517,True,Right,0.9063404202461243
vid4,98,3267,14,0.5328269004821777,0.6805688738822937,-0.045651402324438095,0.028854237869381905,0.008707962930202484,-0.021972808986902237,True,Right,0.9063404202461243
vid4,98,3267,15,0.5778875350952148,0.695158839225769,-0.05531590059399605,0.05613080412149429,0.013912311755120754,-0.022482693195343018,True,Right,0.9063404202461243
vid4,98,3267,16,0.6152961254119873,0.7045688033103943,-0.06117343157529831,0.08272814005613327,0.015491418540477753,-0.01929832249879837,True,Right,0.9063404202461243
vid4,98,3267,17,0.45495763421058655,0.6848832368850708,-0.04313609376549721,-0.013282837346196175,0.01049121469259262,-0.030820563435554504,True,Right,0.9063404202461243
vid4,98,3267,18,0.5067615509033203,0.7136602997779846,-0.05405475199222565,0.006972401402890682,0.017121819779276848,-0.03460845723748207,True,Right,0.9063404202461243
vid4,98,3267,19,0.5412467122077942,0.7287592887878418,-0.05846121907234192,0.03229200094938278,0.023170312866568565,-0.03403720259666443,True,Right,0.9063404202461243
vid4,98,3267,20,0.5715424418449402,0.7413135766983032,-0.06103008985519409,0.05265495181083679,0.02705136127769947,-0.030375026166439056,True,Right,0.9063404202461243
vid4,99,3300,0,0.34720924496650696,0.6454613208770752,3.8735109342269425e-07,-0.0885898545384407,0.00925547443330288,0.014257848262786865,True,Right,0.9026974439620972
vid4,99,3300,1,0.39892062544822693,0.6411657333374023,0.010737483389675617,-0.05968165025115013,0.009565744549036026,0.033689506351947784,True,Right,0.9026974439620972
vid4,99,3300,2,0.4627678692340851,0.64007568359375,0.012420679442584515,-0.028866421431303024,0.012496409006416798,0.053041547536849976,True,Right,0.9026974439620972
vid4,99,3300,3,0.5086917877197266,0.6470070481300354,0.009952088817954063,0.005764634348452091,0.009179385378956795,0.06818629801273346,True,Right,0.9026974439620972
vid4,99,3300,4,0.5469064116477966,0.6498735547065735,0.007884673774242401,0.027947397902607918,0.0058673988096416,0.07557328790426254,True,Right,0.9026974439620972
vid4,99,3300,5,0.48325690627098083,0.6099475622177124,0.006267525255680084,0.0031542738433927298,-0.005686135962605476,0.026265259832143784,True,Right,0.9026974439620972
vid4,99,3300,6,0.5528954863548279,0.6247857213020325,-0.004191432148218155,0.03163951262831688,0.0010562435491010547,0.025643229484558105,True,Right,0.9026974439620972
vid4,99,3300,7,0.5979374051094055,0.6359362602233887,-0.012132644653320312,0.05625484511256218,0.003100320929661393,0.02410012111067772,True,Right,0.9026974439620972
vid4,99,3300,8,0.6327322721481323,0.6465677618980408,-0.01693711429834366,0.08090480417013168,0.0091044120490551,0.012063443660736084,True,Right,0.9026974439620972
vid4,99,3300,9,0.4833565056324005,0.6092828512191772,-0.007829401642084122,0.003776920260861516,-0.005096878856420517,0.005241964012384415,True,Right,0.9026974439620972
vid4,99,3300,10,0.5565392971038818,0.6179958581924438,-0.017048295587301254,0.036457132548093796,-0.0009867979679256678,-0.0012820959091186523,True,Right,0.9026974439620972
vid4,99,3300,11,0.6066256761550903,0.626836359500885,-0.024964142590761185,0.0621756874024868,0.0005973938968963921,-0.005482025444507599,True,Right,0.9026974439620972
vid4,99,3300,12,0.6440282464027405,0.6341515183448792,-0.030473753809928894,0.09065224975347519,0.0021263270173221827,-0.005407243967056274,True,Right,0.9026974439620972
vid4,99,3300,13,0.4800817668437958,0.6230953335762024,-0.02196395955979824,-0.002730326494202018,0.0021362174302339554,-0.017356693744659424,True,Right,0.9026974439620972
vid4,99,3300,14,0.5523242354393005,0.6348519921302795,-0.02761523611843586,0.02813718281686306,0.00519137317314744,-0.021069267764687538,True,Right,0.9026974439620972
vid4,99,3300,15,0.5988726615905762,0.6451056003570557,-0.031354695558547974,0.05448710545897484,0.009794121608138084,-0.021756336092948914,True,Right,0.9026974439620972
vid4,99,3300,16,0.6350494623184204,0.6517535448074341,-0.0348714180290699,0.07894745469093323,0.01226668618619442,-0.020799659192562103,True,Right,0.9026974439620972
vid4,99,3300,17,0.4738796353340149,0.6514711976051331,-0.035752397030591965,-0.015553283505141735,0.009698945097625256,-0.028983592987060547,True,Right,0.9026974439620972
vid4,99,3300,18,0.528589129447937,0.6643854379653931,-0.03839666023850441,0.006157738156616688,0.012455914169549942,-0.033073827624320984,True,Right,0.9026974439620972
vid4,99,3300,19,0.5647628307342529,0.6731724143028259,-0.03803455829620361,0.030610952526330948,0.01746322400867939,-0.032870009541511536,True,Right,0.9026974439620972
vid4,99,3300,20,0.5944501757621765,0.681636393070221,-0.03821071982383728,0.05244579538702965,0.02040209248661995,-0.029326066374778748,True,Right,0.9026974439620972
vid4,100,3333,0,0.37394729256629944,0.6246950030326843,4.312466046485497e-07,-0.08750259876251221,0.019430072978138924,0.007415473461151123,True,Right,0.9191162586212158
vid4,100,3333,1,0.42240604758262634,0.6399353742599487,0.0040502059273421764,-0.059736188501119614,0.01999405212700367,0.02930314466357231,True,Right,0.9191162586212158
vid4,100,3333,2,0.48283639550209045,0.6341561079025269,0.004079618491232395,-0.029474999755620956,0.02170082926750183,0.0495053231716156,True,Right,0.9191162586212158
vid4,100,3333,3,0.5241920351982117,0.6315897107124329,0.0008051079348661005,0.0025828753132373095,0.014449475333094597,0.06385700404644012,True,Right,0.9191162586212158
vid4,100,3333,4,0.5592604875564575,0.6280784010887146,-0.001984888454899192,0.021868741139769554,0.0096394382417202,0.07478491216897964,True,Right,0.9191162586212158
vid4,100,3333,5,0.5105315446853638,0.5800284147262573,0.0033327697310596704,0.0022777412086725235,-0.0044069308787584305,0.026422515511512756,True,Right,0.9191162586212158
vid4,100,3333,6,0.5760188102722168,0.5890262722969055,-0.009645485319197178,0.03048797696828842,0.0005801934748888016,0.02747410535812378,True,Right,0.9191162586212158
vid4,100,3333,7,0.6211732029914856,0.5980955362319946,-0.02051747404038906,0.05484462156891823,0.0028957040049135685,0.024892762303352356,True,Right,0.9191162586212158
vid4,100,3333,8,0.6568019390106201,0.6066199541091919,-0.027354726567864418,0.08094354718923569,0.007343311794102192,0.011869043111801147,True,Right,0.9191162586212158
vid4,100,3333,9,0.5103559494018555,0.5741223692893982,-0.007967770099639893,0.003020306583493948,-0.00580607308074832,0.006002139300107956,True,Right,0.9191162586212158
vid4,100,3333,10,0.5791125297546387,0.5774915218353271,-0.019531769677996635,0.03611932322382927,-0.0022502231877297163,0.000299796462059021,True,Right,0.9191162586212158
vid4,100,3333,11,0.6287140250205994,0.5833651423454285,-0.029601451009511948,0.061583053320646286,-0.0016618099762126803,-0.0054090023040771484,True,Right,0.9191162586212158
vid4,100,3333,12,0.6682235598564148,0.5894514322280884,-0.03657229617238045,0.09265396744012833,-0.0011682690819725394,-0.007361173629760742,True,Right,0.9191162586212158
vid4,100,3333,13,0.5075988173484802,0.5838417410850525,-0.020162098109722137,-0.0020327346865087748,0.0005387626006267965,-0.018243566155433655,True,Right,0.9191162586212158
vid4,100,3333,14,0.575866162776947,0.5928633213043213,-0.029133489355444908,0.027125969529151917,0.002695841947570443,-0.021277502179145813,True,Right,0.9191162586212158
vid4,100,3333,15,0.6217703819274902,0.6025671362876892,-0.03477000817656517,0.05416036769747734,0.008370956405997276,-0.024863600730895996,True,Right,0.9191162586212158
vid4,100,3333,16,0.6578633785247803,0.6093249320983887,-0.0387578122317791,0.0801943838596344,0.01124706119298935,-0.02533610910177231,True,Right,0.9191162586212158
vid4,100,3333,17,0.5026824474334717,0.6084088683128357,-0.032679762691259384,-0.013402231968939304,0.009679808281362057,-0.03205999732017517,True,Right,0.9191162586212158
vid4,100,3333,18,0.5565844774246216,0.620561957359314,-0.038276415318250656,0.008688557893037796,0.012274867855012417,-0.035332564264535904,True,Right,0.9191162586212158
vid4,100,3333,19,0.5933045148849487,0.6298176050186157,-0.03958892077207565,0.03282395377755165,0.016446486115455627,-0.03496035933494568,True,Right,0.9191162586212158
vid4,100,3333,20,0.6234938502311707,0.6392237544059753,-0.040475860238075256,0.056516584008932114,0.019400041550397873,-0.03414621949195862,True,Right,0.9191162586212158
vid4,101,3367,0,0.4046347141265869,0.5921629071235657,4.367017254480743e-07,-0.0877125933766365,0.02423231489956379,0.005648083984851837,True,Right,0.9484976530075073
vid4,101,3367,1,0.4510451555252075,0.5893757343292236,0.010737607255578041,-0.0618053674697876,0.019890164956450462,0.028709255158901215,True,Right,0.9484976530075073
vid4,101,3367,2,0.5064578652381897,0.5773379802703857,0.011154000647366047,-0.0333888866007328,0.019554557278752327,0.04614460468292236,True,Right,0.9484976530075073
vid4,101,3367,3,0.5446039438247681,0.578597366809845,0.0064637791365385056,-0.0039024536963552237,0.012618742883205414,0.05568791180849075,True,Right,0.9484976530075073
vid4,101,3367,4,0.5761274695396423,0.5879877805709839,0.0021174319554120302,0.012973866425454617,0.010105318389832973,0.06264770030975342,True,Right,0.9484976530075073
vid4,101,3367,5,0.5367985367774963,0.5249075293540955,0.008367511443793774,-0.00026581488782539964,-0.007826359011232853,0.02431131899356842,True,Right,0.9484976530075073
vid4,101,3367,6,0.602103590965271,0.5349005460739136,-0.004274472128599882,0.02835436537861824,-0.0017657896969467402,0.028088659048080444,True,Right,0.9484976530075073
vid4,101,3367,7,0.6461122632026672,0.5490092039108276,-0.014102170243859291,0.05172225087881088,0.0019318704726174474,0.029489774256944656,True,Right,0.9484976530075073
vid4,101,3367,8,0.6804664731025696,0.5643488764762878,-0.019710885360836983,0.07796660810709,0.007226765621453524,0.023162290453910828,True,Right,0.9484976530075073
vid4,101,3367,9,0.5379671454429626,0.5246848464012146,-0.0068540615029633045,0.0020459662191569805,-0.005651164334267378,0.004388932138681412,True,Right,0.9484976530075073
vid4,101,3367,10,0.6082271337509155,0.527992844581604,-0.01868906058371067,0.035810746252536774,-0.003524969331920147,0.002254381775856018,True,Right,0.9484976530075073
vid4,101,3367,11,0.6570025086402893,0.5372934937477112,-0.027283653616905212,0.059964850544929504,-0.0024367987643927336,0.0037256553769111633,True,Right,0.9484976530075073
vid4,101,3367,12,0.6946669220924377,0.5481711626052856,-0.03227867931127548,0.08973890542984009,-0.0029953571502119303,0.010981440544128418,True,Right,0.9484976530075073
vid4,101,3367,13,0.5381132364273071,0.5412074327468872,-0.02255859412252903,-0.00014563226432073861,0.0025579819921404123,-0.016997404396533966,True,Right,0.9484976530075073
vid4,101,3367,14,0.6099932193756104,0.5464522242546082,-0.032323069870471954,0.02964639477431774,0.004454365465790033,-0.01823817938566208,True,Right,0.9484976530075073
vid4,101,3367,15,0.6565831899642944,0.5557056069374084,-0.03796973079442978,0.057908158749341965,0.006718238350003958,-0.016855433583259583,True,Right,0.9484976530075073
vid4,101,3367,16,0.6925181746482849,0.5638706684112549,-0.0408598929643631,0.08351342380046844,0.009051159024238586,-0.010771557688713074,True,Right,0.9484976530075073
vid4,101,3367,17,0.5371400713920593,0.5748092532157898,-0.03796172887086868,-0.009897279553115368,0.01415451429784298,-0.028346627950668335,True,Right,0.9484976530075073
vid4,101,3367,18,0.5950497388839722,0.5866116285324097,-0.042940329760313034,0.01287869643419981,0.016881341114640236,-0.030794300138950348,True,Right,0.9484976530075073
vid4,101,3367,19,0.6320508718490601,0.5965619087219238,-0.04330470785498619,0.03909130021929741,0.019121313467621803,-0.028127506375312805,True,Right,0.9484976530075073
vid4,101,3367,20,0.6620610952377319,0.6071518063545227,-0.042927876114845276,0.06158283352851868,0.021096335723996162,-0.022666022181510925,True,Right,0.9484976530075073
vid4,102,3400,0,0.43913865089416504,0.5674754977226257,5.084853000880685e-07,-0.08962567150592804,0.028825243934988976,-0.0023498982191085815,True,Right,0.9600637555122375
vid4,102,3400,1,0.48981279134750366,0.5463902354240417,0.017000259831547737,-0.06471952795982361,0.020741162821650505,0.022636398673057556,True,Right,0.9600637555122375
vid4,102,3400,2,0.5428386330604553,0.5253560543060303,0.0190131738781929,-0.036550506949424744,0.015224560163915157,0.0476144403219223,True,Right,0.9600637555122375
vid4,102,3400,3,0.5781862139701843,0.525294840335846,0.014385612681508064,-0.007232867181301117,0.00557040236890316,0.06351810693740845,True,Right,0.9600637555122375
vid4,102,3400,4,0.607661783695221,0.5355201363563538,0.010147401131689548,0.009479698725044727,0.0009322025580331683,0.07839678227901459,True,Right,0.9600637555122375
vid4,102,3400,5,0.5717509984970093,0.4789988696575165,0.017544634640216827,-0.0018166039371863008,-0.01030141580849886,0.02541258931159973,True,Right,0.9600637555122375
vid4,102,3400,6,0.637130081653595,0.49511221051216125,0.005670578684657812,0.027877742424607277,-0.002965211868286133,0.029375851154327393,True,Right,0.9600637555122375
vid4,102,3400,7,0.6814457774162292,0.5177849531173706,-0.004402361810207367,0.05090652406215668,0.001809511799365282,0.03142279013991356,True,Right,0.9600637555122375
vid4,102,3400,8,0.7155359387397766,0.5428401827812195,-0.009804627858102322,0.07705146074295044,0.014469043351709843,0.029925361275672913,True,Right,0.9600637555122375
vid4,102,3400,9,0.5739436745643616,0.48142296075820923,-0.0001420438929926604,0.003065812401473522,-0.00646734144538641,0.004789233207702637,True,Right,0.9600637555122375
vid4,102,3400,10,0.6429734230041504,0.4858355224132538,-0.009736023843288422,0.03625674918293953,-0.0044373213313519955,0.002896428108215332,True,Right,0.9600637555122375
vid4,102,3400,11,0.6923763155937195,0.50290846824646,-0.017187096178531647,0.05975860357284546,-0.0018309964798390865,0.006319694221019745,True,Right,0.9600637555122375
vid4,102,3400,12,0.730010986328125,0.523274302482605,-0.021729474887251854,0.08830787986516953,0.0021321794483810663,0.015373259782791138,True,Right,0.9600637555122375
vid4,102,3400,13,0.5754209160804749,0.5019733905792236,-0.01842312514781952,0.0007509497227147222,0.006282716523855925,-0.01728767156600952,True,Right,0.9600637555122375
vid4,102,3400,14,0.6470380425453186,0.5057746767997742,-0.02564430795609951,0.0314132422208786,0.005790913477540016,-0.017192676663398743,True,Right,0.9600637555122375
vid4,102,3400,15,0.6936843991279602,0.5236563682556152,-0.030181270092725754,0.06049102544784546,0.010431038215756416,-0.0164223313331604,True,Right,0.9600637555122375
vid4,102,3400,16,0.7283841967582703,0.5429205298423767,-0.03263324499130249,0.0852411761879921,0.015199166722595692,-0.010432884097099304,True,Right,0.9600637555122375
vid4,102,3400,17,0.5764163732528687,0.541959285736084,-0.03618016466498375,-0.009148837998509407,0.02033180184662342,-0.03023231029510498,True,Right,0.9600637555122375
vid4,102,3400,18,0.6358239650726318,0.552852213382721,-0.03852692246437073,0.016578076407313347,0.02053016424179077,-0.031085943803191185,True,Right,0.9600637555122375
vid4,102,3400,19,0.6722853183746338,0.5690310001373291,-0.03744242712855339,0.04249880090355873,0.02514270879328251,-0.026695549488067627,True,Right,0.9600637555122375
vid4,102,3400,20,0.7012278437614441,0.5864724516868591,-0.036198608577251434,0.06597477197647095,0.030676785856485367,-0.022779680788517,True,Right,0.9600637555122375
vid4,103,3433,0,0.4752742052078247,0.5388321280479431,5.417566057985823e-07,-0.08721930533647537,0.026813294738531113,0.01411864161491394,True,Right,0.9550907611846924
vid4,103,3433,1,0.5357304811477661,0.5081993341445923,0.02840478904545307,-0.060869041830301285,0.02057633362710476,0.03224543482065201,True,Right,0.9550907611846924
vid4,103,3433,2,0.5907302498817444,0.4845559000968933,0.03259672969579697,-0.03148029372096062,0.01411889586597681,0.05416212975978851,True,Right,0.9550907611846924
vid4,103,3433,3,0.6268625259399414,0.4895927608013153,0.028219718486070633,-0.0021485190372914076,0.004570700693875551,0.06798979640007019,True,Right,0.9550907611846924
vid4,103,3433,4,0.6582990288734436,0.5028261542320251,0.023520877584815025,0.016429729759693146,0.0006571603589691222,0.07749339938163757,True,Right,0.9550907611846924
vid4,103,3433,5,0.6067045331001282,0.4476874768733978,0.01866762340068817,0.0006734229391440749,-0.011151432059705257,0.023130737245082855,True,Right,0.9550907611846924
vid4,103,3433,6,0.6798250079154968,0.4731351435184479,0.007150162477046251,0.02955431491136551,-0.0008382969535887241,0.025807008147239685,True,Right,0.9550907611846924
vid4,103,3433,7,0.7215113639831543,0.5080781579017639,-0.00140001333784312,0.049142975360155106,0.008198187686502934,0.028991341590881348,True,Right,0.9550907611846924
vid4,103,3433,8,0.7516310811042786,0.545458972454071,-0.005108563229441643,0.07102666795253754,0.025420092046260834,0.03158444166183472,True,Right,0.9550907611846924
vid4,103,3433,9,0.6076056957244873,0.45239704847335815,-0.00424505490809679,0.0035080567467957735,-0.006649521179497242,0.002988845109939575,True,Right,0.9550907611846924
vid4,103,3433,10,0.6855514049530029,0.45541977882385254,-0.012859242036938667,0.03497591242194176,-0.004233069717884064,-0.000502757728099823,True,Right,0.9550907611846924
vid4,103,3433,11,0.7366215586662292,0.47809743881225586,-0.017769357189536095,0.0596265010535717,-0.0005553577793762088,0.0015735849738121033,True,Right,0.9550907611846924
vid4,103,3433,12,0.7721052765846252,0.5043305158615112,-0.020160896703600883,0.08652865886688232,0.005220951046794653,0.012654036283493042,True,Right,0.9550907611846924
vid4,103,3433,13,0.6074224710464478,0.474592924118042,-0.026168333366513252,-0.000738046015612781,0.0067206500098109245,-0.015531051903963089,True,Right,0.9550907611846924
vid4,103,3433,14,0.6881979703903198,0.4684358239173889,-0.0312278401106596,0.030659563839435577,0.00287821376696229,-0.01772284135222435,True,Right,0.9550907611846924
vid4,103,3433,15,0.7371021509170532,0.4890054762363434,-0.03255414590239525,0.061112210154533386,0.008772843517363071,-0.01931031048297882,True,Right,0.9550907611846924
vid4,103,3433,16,0.7715649008750916,0.5122832655906677,-0.03309934213757515,0.08394481241703033,0.01432120893150568,-0.014389082789421082,True,Right,0.9550907611846924
vid4,103,3433,17,0.6071406602859497,0.5169100165367126,-0.04639983922243118,-0.011813178658485413,0.01977025344967842,-0.024997398257255554,True,Right,0.9550907611846924
vid4,103,3433,18,0.6714267134666443,0.519565761089325,-0.04633034020662308,0.013815497979521751,0.01935546100139618,-0.027101323008537292,True,Right,0.9550907611846924
vid4,103,3433,19,0.7096188068389893,0.5383526682853699,-0.04168040305376053,0.040257565677165985,0.023876044899225235,-0.022922903299331665,True,Right,0.9550907611846924
vid4,103,3433,20,0.7375293970108032,0.5602119565010071,-0.03781282156705856,0.06315797567367554,0.03092297911643982,-0.019967854022979736,True,Right,0.9550907611846924
vid4,104,3467,0,0.5134414434432983,0.5192209482192993,5.189774583413964e-07,-0.08776906132698059,0.032300062477588654,0.009677574038505554,True,Right,0.937813401222229
vid4,104,3467,1,0.5797790288925171,0.5125369429588318,0.032123807817697525,-0.06074819713830948,0.027357589453458786,0.02923111990094185,True,Right,0.937813401222229
vid4,104,3467,2,0.6291273236274719,0.4893694818019867,0.03671763092279434,-0.033001989126205444,0.02195192128419876,0.052786752581596375,True,Right,0.937813401222229
vid4,104,3467,3,0.6622109413146973,0.4871644973754883,0.03140154108405113,-0.006242112256586552,0.010148270055651665,0.07576378434896469,True,Right,0.937813401222229
vid4,104,3467,4,0.6946797370910645,0.49816012382507324,0.025582896545529366,0.01256546564400196,0.006008435972034931,0.09167800098657608,True,Right,0.937813401222229
vid4,104,3467,5,0.6513664722442627,0.42518022656440735,0.023879745975136757,0.0012154050637036562,-0.01104019209742546,0.024576254189014435,True,Right,0.937813401222229
vid4,104,3467,6,0.7230406403541565,0.4483088552951813,0.011499215848743916,0.02841291017830372,-0.0007922684890218079,0.026334688067436218,True,Right,0.937813401222229
vid4,104,3467,7,0.760627269744873,0.4912964999675751,0.0008047294104471803,0.04645074903964996,0.009799031540751457,0.03025711327791214,True,Right,0.937813401222229
vid4,104,3467,8,0.7874819040298462,0.5350520610809326,-0.00496065616607666,0.0660838708281517,0.028275011107325554,0.03137122094631195,True,Right,0.937813401222229
vid4,104,3467,9,0.6528137922286987,0.426429808139801,-0.0019777994602918625,0.0029110219329595566,-0.007088088896125555,0.004579067230224609,True,Right,0.937813401222229
vid4,104,3467,10,0.7324740290641785,0.43429529666900635,-0.010690479539334774,0.035781130194664,-0.0041330112144351006,-0.0001779422163963318,True,Right,0.937813401222229
vid4,104,3467,11,0.784471869468689,0.4636845886707306,-0.017253031954169273,0.060605283826589584,0.0010317559354007244,0.0005530565977096558,True,Right,0.937813401222229
vid4,104,3467,12,0.8195065855979919,0.4962993860244751,-0.021658191457390785,0.08836576342582703,0.009039915166795254,0.012083560228347778,True,Right,0.937813401222229
vid4,104,3467,13,0.6522925496101379,0.44707900285720825,-0.026867909356951714,-0.00026767022791318595,0.006032168865203857,-0.016189690679311752,True,Right,0.937813401222229
vid4,104,3467,14,0.7318494915962219,0.4437459707260132,-0.031579211354255676,0.030370205640792847,0.0007247476023621857,-0.01789286360144615,True,Right,0.937813401222229
vid4,104,3467,15,0.7813639640808105,0.466886043548584,-0.03369707241654396,0.06027960777282715,0.008061314933001995,-0.019426017999649048,True,Right,0.937813401222229
vid4,104,3467,16,0.8150900602340698,0.4939297139644623,-0.03576165810227394,0.08307258784770966,0.015306872315704823,-0.014610916376113892,True,Right,0.937813401222229
vid4,104,3467,17,0.6512147188186646,0.48991650342941284,-0.04997830092906952,-0.011549209244549274,0.018544858321547508,-0.027758970856666565,True,Right,0.937813401222229
vid4,104,3467,18,0.7125265002250671,0.4938674569129944,-0.04985900595784187,0.012646013870835304,0.018321119248867035,-0.028444040566682816,True,Right,0.937813401222229
vid4,104,3467,19,0.749800443649292,0.5125842690467834,-0.04515941068530083,0.03937910497188568,0.02273077890276909,-0.024217337369918823,True,Right,0.937813401222229
vid4,104,3467,20,0.7764778137207031,0.5366581082344055,-0.04182614013552666,0.058752499520778656,0.028516622260212898,-0.021105259656906128,True,Right,0.937813401222229
vid4,105,3500,0,0.5535183548927307,0.49816709756851196,5.027166594118171e-07,-0.08737289905548096,0.03742967173457146,-0.0020566731691360474,True,Right,0.9316794276237488
vid4,105,3500,1,0.6114909052848816,0.525222897529602,0.023131251335144043,-0.06120162829756737,0.03373262658715248,0.02131258323788643,True,Right,0.9316794276237488
vid4,105,3500,2,0.6547369360923767,0.5101845860481262,0.024143345654010773,-0.03810584545135498,0.031152373179793358,0.04970681667327881,True,Right,0.9316794276237488
vid4,105,3500,3,0.6835786700248718,0.504584014415741,0.015976758673787117,-0.014558618888258934,0.022289184853434563,0.07891634106636047,True,Right,0.9316794276237488
vid4,105,3500,4,0.7122122645378113,0.517352819442749,0.007830468006432056,0.001872514490969479,0.018773550167679787,0.10714616626501083,True,Right,0.9316794276237488
vid4,105,3500,5,0.6930380463600159,0.4081161320209503,0.023578938096761703,-0.0005016626673750579,-0.00911332480609417,0.027655556797981262,True,Right,0.9316794276237488
vid4,105,3500,6,0.7649874687194824,0.42476603388786316,0.010727211833000183,0.029313411563634872,-5.383914685808122e-05,0.03042219579219818,True,Right,0.9316794276237488
vid4,105,3500,7,0.801700234413147,0.46676528453826904,-0.0012414915254339576,0.047850389033555984,0.009060605429112911,0.035441361367702484,True,Right,0.9316794276237488
vid4,105,3500,8,0.8254903554916382,0.5105388760566711,-0.007871178910136223,0.06485047191381454,0.027175551280379295,0.031101398169994354,True,Right,0.9316794276237488
vid4,105,3500,9,0.6938008666038513,0.4036403000354767,0.0009624938247725368,0.002479214919731021,-0.006700864527374506,0.005135640501976013,True,Right,0.9316794276237488
vid4,105,3500,10,0.7726732492446899,0.403459757566452,-0.007583255879580975,0.036583345383405685,-0.006678728852421045,0.0027823597192764282,True,Right,0.9316794276237488
vid4,105,3500,11,0.8225234150886536,0.4352031648159027,-0.014416210353374481,0.06000900641083717,-0.0014961976557970047,0.0029679760336875916,True,Right,0.9316794276237488
vid4,105,3500,12,0.8547167778015137,0.4723607301712036,-0.019157571718096733,0.08567104488611221,0.006617494858801365,0.012190043926239014,True,Right,0.9316794276237488
vid4,105,3500,13,0.6932262182235718,0.4220257103443146,-0.022305341437458992,0.000169795224792324,0.004408488981425762,-0.018288441002368927,True,Right,0.9316794276237488
vid4,105,3500,14,0.7741665840148926,0.4135315716266632,-0.027534065768122673,0.031680334359407425,-0.0017896292265504599,-0.018133368343114853,True,Right,0.9316794276237488
vid4,105,3500,15,0.8211376070976257,0.4383907616138458,-0.03039669804275036,0.05890805274248123,0.0057832724414765835,-0.018135279417037964,True,Right,0.9316794276237488
vid4,105,3500,16,0.8520486354827881,0.46828195452690125,-0.033087920397520065,0.08137520402669907,0.01172630861401558,-0.014315977692604065,True,Right,0.9316794276237488
vid4,105,3500,17,0.6940418481826782,0.46517878770828247,-0.04497753083705902,-0.010225679725408554,0.01725194789469242,-0.03306019306182861,True,Right,0.9316794276237488
vid4,105,3500,18,0.7569207549095154,0.4694623649120331,-0.04656190052628517,0.014700732193887234,0.015932632610201836,-0.033175211399793625,True,Right,0.9316794276237488
vid4,105,3500,19,0.7926777005195618,0.4906917214393616,-0.04367276281118393,0.03986746817827225,0.022661961615085602,-0.027066290378570557,True,Right,0.9316794276237488
vid4,105,3500,20,0.8169048428535461,0.5155285000801086,-0.04167252406477928,0.05807635188102722,0.02644103392958641,-0.023363664746284485,True,Right,0.9316794276237488
vid4,106,3533,0,0.5955091714859009,0.4834222197532654,4.4510460384117323e-07,-0.08629461377859116,0.0396895706653595,0.0009892433881759644,True,Right,0.908981204032898
vid4,106,3533,1,0.6485814452171326,0.5112094879150391,0.02661910653114319,-0.06231393292546272,0.0334073044359684,0.024503890424966812,True,Right,0.908981204032898
vid4,106,3533,2,0.689604640007019,0.4978095293045044,0.02829672023653984,-0.03832918778061867,0.03176923841238022,0.05182133615016937,True,Right,0.908981204032898
vid4,106,3533,3,0.7200204133987427,0.49567142128944397,0.02006036974489689,-0.014652079902589321,0.024012615904211998,0.08136922121047974,True,Right,0.908981204032898
vid4,106,3533,4,0.7483915686607361,0.508906900882721,0.011487655341625214,0.0008785162353888154,0.0203135684132576,0.10845735669136047,True,Right,0.908981204032898
vid4,106,3533,5,0.7310521602630615,0.38652628660202026,0.025870520621538162,-0.0007482422515749931,-0.011511889286339283,0.028807155787944794,True,Right,0.908981204032898
vid4,106,3533,6,0.80340975522995,0.39995354413986206,0.014925500378012657,0.02827516570687294,-0.00220441329292953,0.03181329369544983,True,Right,0.908981204032898
vid4,106,3533,7,0.8391545414924622,0.4424620568752289,0.004416945856064558,0.048185523599386215,0.007923777215182781,0.03666440397500992,True,Right,0.908981204032898
vid4,106,3533,8,0.8620334267616272,0.4862595200538635,-0.0016922103241086006,0.06579241156578064,0.02600039355456829,0.031571075320243835,True,Right,0.908981204032898
vid4,106,3533,9,0.7321712374687195,0.3853957951068878,0.0014485934516415,0.0026404091622680426,-0.007333978079259396,0.005331479012966156,True,Right,0.908981204032898
vid4,106,3533,10,0.8126367926597595,0.38681700825691223,-0.00436343252658844,0.0376032218337059,-0.006978494580835104,0.0032979846000671387,True,Right,0.908981204032898
vid4,106,3533,11,0.8610778450965881,0.42135748267173767,-0.00980339851230383,0.060416534543037415,0.0008642789907753468,0.00536462664604187,True,Right,0.908981204032898
vid4,106,3533,12,0.8920283913612366,0.45998892188072205,-0.01457934733480215,0.08535704016685486,0.008833748288452625,0.012349247932434082,True,Right,0.908981204032898
vid4,106,3533,13,0.7319942116737366,0.4081806242465973,-0.023392390459775925,0.0007491075666621327,0.005842806305736303,-0.019041337072849274,True,Right,0.908981204032898
vid4,106,3533,14,0.8140968680381775,0.4056234657764435,-0.025994881987571716,0.03281392902135849,0.0020528563763946295,-0.018569476902484894,True,Right,0.908981204032898
vid4,106,3533,15,0.858950138092041,0.4374006688594818,-0.028430819511413574,0.05925818160176277,0.010761808604001999,-0.01680678129196167,True,Right,0.908981204032898
vid4,106,3533,16,0.8875391483306885,0.47187578678131104,-0.03216097131371498,0.0802471712231636,0.019031787291169167,-0.012895703315734863,True,Right,0.908981204032898
vid4,106,3533,17,0.7335649132728577,0.4560665488243103,-0.047420673072338104,-0.010303875431418419,0.021179433912038803,-0.033672064542770386,True,Right,0.908981204032898
vid4,106,3533,18,0.7954855561256409,0.464993953704834,-0.0477411113679409,0.01544919889420271,0.020716682076454163,-0.03322405368089676,True,Right,0.908981204032898
vid4,106,3533,19,0.8289751410484314,0.4887770414352417,-0.04525198042392731,0.04047704115509987,0.028337910771369934,-0.0277680903673172,True,Right,0.908981204032898
vid4,106,3533,20,0.8513161540031433,0.515365719795227,-0.0444171167910099,0.056999512016773224,0.032243527472019196,-0.022740527987480164,True,Right,0.908981204032898
vid4,107,3567,0,0.6358163952827454,0.47404158115386963,5.079165248389472e-07,-0.07884093374013901,0.04279694706201553,-0.002675160765647888,True,Right,0.9454218745231628
vid4,107,3567,1,0.6858713030815125,0.5236099362373352,0.01848086155951023,-0.0573127418756485,0.03859889507293701,0.0219380185008049,True,Right,0.9454218745231628
vid4,107,3567,2,0.7217256426811218,0.5119649767875671,0.01631445251405239,-0.0357544869184494,0.03806785121560097,0.050503626465797424,True,Right,0.9454218745231628
vid4,107,3567,3,0.7461889386177063,0.5095798373222351,0.006222481839358807,-0.018520357087254524,0.031123843044042587,0.08609180897474289,True,Right,0.9454218745231628
vid4,107,3567,4,0.7721682190895081,0.5150113701820374,-0.004304300528019667,-0.003515965770930052,0.024930758401751518,0.12134185433387756,True,Right,0.9454218745231628
vid4,107,3567,5,0.7665024399757385,0.37803858518600464,0.014580869115889072,-0.002050029346719384,-0.011092015542089939,0.029628202319145203,True,Right,0.9454218745231628
vid4,107,3567,6,0.8372147083282471,0.3847268223762512,0.0022853733971714973,0.02825317531824112,-0.003209460061043501,0.03322678804397583,True,Right,0.9454218745231628
vid4,107,3567,7,0.8787901997566223,0.4180285632610321,-0.009062222205102444,0.05072963610291481,0.0039738379418849945,0.037131354212760925,True,Right,0.9454218745231628
vid4,107,3567,8,0.9064895510673523,0.45231178402900696,-0.015860002487897873,0.07104431837797165,0.017863042652606964,0.02931467443704605,True,Right,0.9454218745231628
vid4,107,3567,9,0.7647764682769775,0.3739926517009735,-0.005385353695601225,0.002179169561713934,-0.008139310404658318,0.005675237625837326,True,Right,0.9454218745231628
vid4,107,3567,10,0.8471348285675049,0.37875017523765564,-0.014211993664503098,0.03783136233687401,-0.00840686447918415,0.0064859539270401,True,Right,0.9454218745231628
vid4,107,3567,11,0.8942021727561951,0.4219859838485718,-0.021201273426413536,0.060855522751808167,0.001837638788856566,0.009264230728149414,True,Right,0.9454218745231628
vid4,107,3567,12,0.9228339791297913,0.46896398067474365,-0.026427017524838448,0.08437395095825195,0.013217708095908165,0.017991453409194946,True,Right,0.9454218745231628
vid4,107,3567,13,0.7636388540267944,0.39615893363952637,-0.02570941671729088,0.001165246358141303,0.005090287420898676,-0.019863508641719818,True,Right,0.9454218745231628
vid4,107,3567,14,0.846413254737854,0.398558646440506,-0.03175745904445648,0.03260938450694084,0.00204648869112134,-0.018624480813741684,True,Right,0.9454218745231628
vid4,107,3567,15,0.8919565081596375,0.43599578738212585,-0.03657408431172371,0.05867532268166542,0.012493802234530449,-0.012694507837295532,True,Right,0.9454218745231628
vid4,107,3567,16,0.9201467037200928,0.47634899616241455,-0.04105204716324806,0.0804501473903656,0.02366335317492485,-0.005767561495304108,True,Right,0.9454218745231628
vid4,107,3567,17,0.7642552256584167,0.4435417652130127,-0.04540826752781868,-0.008971069939434528,0.020491736009716988,-0.03550204634666443,True,Right,0.9454218745231628
vid4,107,3567,18,0.827264666557312,0.4574844539165497,-0.046897247433662415,0.016418566927313805,0.021433474496006966,-0.033358439803123474,True,Right,0.9454218745231628
vid4,107,3567,19,0.8601087331771851,0.48763471841812134,-0.044998276978731155,0.040389932692050934,0.028475448489189148,-0.026391208171844482,True,Right,0.9454218745231628
vid4,107,3567,20,0.8808803558349609,0.5199450254440308,-0.044487789273262024,0.05676911026239395,0.03725007548928261,-0.01747158169746399,True,Right,0.9454218745231628
vid4,108,3600,0,0.6661952137947083,0.4737541675567627,3.838190139049402e-07,-0.0775795504450798,0.03927706182003021,-0.0052941590547561646,True,Right,0.9597062468528748
vid4,108,3600,1,0.7124207019805908,0.5267447829246521,0.027619002386927605,-0.0578189454972744,0.03677251189947128,0.01989620178937912,True,Right,0.9597062468528748
vid4,108,3600,2,0.747796893119812,0.5192021727561951,0.031622741371393204,-0.03687791898846626,0.03808438777923584,0.048939675092697144,True,Right,0.9597062468528748
vid4,108,3600,3,0.7718124985694885,0.5200119018554688,0.026391921564936638,-0.02025487832725048,0.0337325744330883,0.08514117449522018,True,Right,0.9597062468528748
vid4,108,3600,4,0.7964805364608765,0.5298511981964111,0.01991291344165802,-0.006990224123001099,0.02797948196530342,0.12108001112937927,True,Right,0.9597062468528748
vid4,108,3600,5,0.7950232028961182,0.38460084795951843,0.022006582468748093,-0.0023555320221930742,-0.00962481927126646,0.029407724738121033,True,Right,0.9597062468528748
vid4,108,3600,6,0.8650204539299011,0.3943880498409271,0.013895240612328053,0.02760080061852932,-0.0024285686668008566,0.034378886222839355,True,Right,0.9597062468528748
vid4,108,3600,7,0.9056388139724731,0.42809125781059265,0.006618955638259649,0.049985501915216446,0.006246257573366165,0.03795749694108963,True,Right,0.9597062468528748
vid4,108,3600,8,0.9349129796028137,0.46241074800491333,0.001837887684814632,0.07148102670907974,0.019982846453785896,0.032021477818489075,True,Right,0.9597062468528748
vid4,108,3600,9,0.7935157418251038,0.3788529932498932,-0.0017372630536556244,0.002053697593510151,-0.007626259233802557,0.005386557430028915,True,Right,0.9597062468528748
vid4,108,3600,10,0.8754609823226929,0.38521328568458557,-0.009302635677158833,0.03703414648771286,-0.0075093405321240425,0.007808282971382141,True,Right,0.9597062468528748
vid4,108,3600,11,0.9196593761444092,0.43130695819854736,-0.014605719596147537,0.059206970036029816,0.0024990143720060587,0.012532129883766174,True,Right,0.9597062468528748
vid4,108,3600,12,0.9478877186775208,0.4788097143173218,-0.018779147416353226,0.08228949457406998,0.014807150699198246,0.02147698402404785,True,Right,0.9597062468528748
vid4,108,3600,13,0.7908324003219604,0.3989221751689911,-0.025002803653478622,0.0014671863755211234,0.004004043992608786,-0.019415579736232758,True,Right,0.9597062468528748
vid4,108,3600,14,0.8734056949615479,0.4016345739364624,-0.03233853355050087,0.03183859959244728,0.0022353276144713163,-0.017544791102409363,True,Right,0.9597062468528748
vid4,108,3600,15,0.9155043959617615,0.4480867385864258,-0.03698985278606415,0.05603049695491791,0.013840684667229652,-0.0118638277053833,True,Right,0.9597062468528748
vid4,108,3600,16,0.9412283301353455,0.4928719699382782,-0.040830645710229874,0.07693188637495041,0.02646118961274624,-0.004784382879734039,True,Right,0.9597062468528748
vid4,108,3600,17,0.7900890111923218,0.44423213601112366,-0.04651404544711113,-0.008763523772358894,0.019269214943051338,-0.03531864285469055,True,Right,0.9597062468528748
vid4,108,3600,18,0.8560615181922913,0.45525622367858887,-0.050435490906238556,0.015916837379336357,0.020927375182509422,-0.033815883100032806,True,Right,0.9597062468528748
vid4,108,3600,19,0.8867875933647156,0.49320876598358154,-0.04970557987689972,0.039714545011520386,0.028739862143993378,-0.026329070329666138,True,Right,0.9597062468528748
vid4,108,3600,20,0.9055944681167603,0.531958818435669,-0.0497969388961792,0.05385740101337433,0.03990907967090607,-0.016020968556404114,True,Right,0.9597062468528748
vid4,109,3633,0,0.6881105899810791,0.4806767702102661,3.804044297339715e-07,-0.07508480548858643,0.034488704055547714,-0.006590709090232849,True,Right,0.9533349275588989
vid4,109,3633,1,0.7352722883224487,0.5362334251403809,0.02345217950642109,-0.05439915508031845,0.03492188826203346,0.017757877707481384,True,Right,0.9533349275588989
vid4,109,3633,2,0.7708116769790649,0.5323486924171448,0.025770286098122597,-0.03463403135538101,0.03878249228000641,0.04620915651321411,True,Right,0.9533349275588989
vid4,109,3633,3,0.7947937250137329,0.5343011021614075,0.019300978630781174,-0.020738879218697548,0.03698498755693436,0.08241433650255203,True,Right,0.9533349275588989
vid4,109,3633,4,0.8170664310455322,0.547257125377655,0.012140224687755108,-0.009140991605818272,0.033747196197509766,0.1185847669839859,True,Right,0.9533349275588989
vid4,109,3633,5,0.8188285827636719,0.39671412110328674,0.02133558690547943,-0.002506538527086377,-0.007029494736343622,0.029537543654441833,True,Right,0.9533349275588989
vid4,109,3633,6,0.887513279914856,0.432089239358902,0.011556804180145264,0.022858504205942154,0.007682936266064644,0.033740490674972534,True,Right,0.9533349275588989
vid4,109,3633,7,0.9193026423454285,0.4876749813556671,0.0014740456826984882,0.04173135757446289,0.020689915865659714,0.03808286786079407,True,Right,0.9533349275588989
vid4,109,3633,8,0.938897430896759,0.538117527961731,-0.0049501024186611176,0.0556597001850605,0.0410972498357296,0.03471481055021286,True,Right,0.9533349275588989
vid4,109,3633,9,0.8188145756721497,0.389282763004303,-0.0008380463696084917,0.002427305094897747,-0.00741629907861352,0.006001755595207214,True,Right,0.9533349275588989
vid4,109,3633,10,0.9015421867370605,0.407017320394516,-0.009206535294651985,0.03265080973505974,-0.0021577985025942326,0.007471039891242981,True,Right,0.9533349275588989
vid4,109,3633,11,0.9459636807441711,0.457274854183197,-0.015967825427651405,0.05575767159461975,0.008860576897859573,0.01024538278579712,True,Right,0.9533349275588989
vid4,109,3633,12,0.972204864025116,0.5073372721672058,-0.021098891273140907,0.0775776356458664,0.02074657380580902,0.017005890607833862,True,Right,0.9533349275588989
vid4,109,3633,13,0.8170169591903687,0.4067106246948242,-0.023041412234306335,0.000961410638410598,0.0029905170667916536,-0.01914730668067932,True,Right,0.9533349275588989
vid4,109,3633,14,0.9003589153289795,0.41786646842956543,-0.030784234404563904,0.02827911451458931,0.0030543343164026737,-0.01763508841395378,True,Right,0.9533349275588989
vid4,109,3633,15,0.9424260258674622,0.4654581844806671,-0.03639411926269531,0.05253610759973526,0.016072403639554977,-0.01263272762298584,True,Right,0.9533349275588989
vid4,109,3633,16,0.9667919874191284,0.510304868221283,-0.040756598114967346,0.07288818806409836,0.026734795421361923,-0.00842159241437912,True,Right,0.9533349275588989
vid4,109,3633,17,0.8172059655189514,0.45089951157569885,-0.04401201009750366,-0.009175688959658146,0.013902967795729637,-0.03561154007911682,True,Right,0.9533349275588989
vid4,109,3633,18,0.8837146759033203,0.4688992202281952,-0.04857969284057617,0.014040092006325722,0.017865952104330063,-0.03449472039937973,True,Right,0.9533349275588989
vid4,109,3633,19,0.9142441153526306,0.5081354975700378,-0.047987062484025955,0.036134134978055954,0.028837252408266068,-0.027341574430465698,True,Right,0.9533349275588989
vid4,109,3633,20,0.9326469302177429,0.5472336411476135,-0.04784421622753143,0.05143897980451584,0.038391128182411194,-0.019230037927627563,True,Right,0.9533349275588989
vid4,110,3667,0,0.7057191729545593,0.4879913032054901,3.1408546874445165e-07,-0.0770011842250824,0.03080582246184349,-0.012805171310901642,True,Right,0.9657647609710693
vid4,110,3667,1,0.752169668674469,0.5504297018051147,0.02318461425602436,-0.05613631755113602,0.033059194684028625,0.014298416674137115,True,Right,0.9657647609710693
vid4,110,3667,2,0.7917089462280273,0.5531908273696899,0.02751760371029377,-0.03575323149561882,0.03955646976828575,0.04199230670928955,True,Right,0.9657647609710693
vid4,110,3667,3,0.8161656856536865,0.5587832927703857,0.02345261164009571,-0.019583122804760933,0.04053838178515434,0.08007417619228363,True,Right,0.9657647609710693
vid4,110,3667,4,0.8377685546875,0.567018985748291,0.01925833150744438,-0.0074224211275577545,0.037224385887384415,0.11974187195301056,True,Right,0.9657647609710693
vid4,110,3667,5,0.837087094783783,0.4125381410121918,0.024577971547842026,-0.005213468335568905,-0.005975598469376564,0.029384329915046692,True,Right,0.9657647609710693
vid4,110,3667,6,0.9011813998222351,0.4603397250175476,0.015968477353453636,0.02215483970940113,0.01125681959092617,0.034051090478897095,True,Right,0.9657647609710693
vid4,110,3667,7,0.9286397099494934,0.5207425951957703,0.006395888980478048,0.038377922028303146,0.0268519576638937,0.038436003029346466,True,Right,0.9657647609710693
vid4,110,3667,8,0.9432390928268433,0.5719617605209351,0.0005656352150253952,0.04757880046963692,0.04764452949166298,0.034352339804172516,True,Right,0.9657647609710693
vid4,110,3667,9,0.8385252356529236,0.4043836295604706,0.0035618834663182497,0.0013265759916976094,-0.00710061052814126,0.006628647446632385,True,Right,0.9657647609710693
vid4,110,3667,10,0.9214667677879333,0.4330473840236664,-0.0048942286521196365,0.03593293949961662,0.002390102483332157,0.008304029703140259,True,Right,0.9657647609710693
vid4,110,3667,11,0.9610688090324402,0.49165645241737366,-0.01182086206972599,0.055944301187992096,0.014490080997347832,0.012322664260864258,True,Right,0.9657647609710693
vid4,110,3667,12,0.98221755027771,0.5459772944450378,-0.01606152579188347,0.07323694229125977,0.028981126844882965,0.019313722848892212,True,Right,0.9657647609710693
vid4,110,3667,13,0.8379361033439636,0.42134779691696167,-0.017518453299999237,0.002809129888191819,0.002649391768500209,-0.019178256392478943,True,Right,0.9657647609710693
vid4,110,3667,14,0.9201730489730835,0.44122838973999023,-0.025869077071547508,0.0310576893389225,0.006102199666202068,-0.016312241554260254,True,Right,0.9657647609710693
vid4,110,3667,15,0.9575789570808411,0.5000441074371338,-0.0318116769194603,0.05226213112473488,0.021489089354872704,-0.01079818606376648,True,Right,0.9657647609710693
vid4,110,3667,16,0.9770153164863586,0.5514442324638367,-0.03544258326292038,0.06891106814146042,0.035670556128025055,-0.007153958082199097,True,Right,0.9657647609710693
vid4,110,3667,17,0.8380821943283081,0.4642329514026642,-0.037278104573488235,-0.006644994951784611,0.012650921940803528,-0.0371147096157074,True,Right,0.9657647609710693
vid4,110,3667,18,0.9017183780670166,0.48881644010543823,-0.04177778586745262,0.01719776913523674,0.018344653770327568,-0.034896645694971085,True,Right,0.9657647609710693
vid4,110,3667,19,0.9265136122703552,0.5327739119529724,-0.0407940074801445,0.03474976867437363,0.031130485236644745,-0.025869905948638916,True,Right,0.9657647609710693
vid4,110,3667,20,0.9384252429008484,0.5748099088668823,-0.03983321785926819,0.045919857919216156,0.04209708049893379,-0.01692141592502594,True,Right,0.9657647609710693
vid4,111,3700,0,0.7192929983139038,0.49886998534202576,3.0930880257074023e-07,-0.07514988631010056,0.030837586149573326,-0.011063896119594574,True,Right,0.9739866256713867
vid4,111,3700,1,0.7704086303710938,0.5725196599960327,0.0288329366594553,-0.05467988923192024,0.032628484070301056,0.014315932989120483,True,Right,0.9739866256713867
vid4,111,3700,2,0.8097901940345764,0.5811581015586853,0.03626801818609238,-0.03430851921439171,0.040521517395973206,0.04172271490097046,True,Right,0.9739866256713867
vid4,111,3700,3,0.8309147357940674,0.58722323179245,0.033690765500068665,-0.01943422108888626,0.04223434627056122,0.0778261199593544,True,Right,0.9739866256713867
vid4,111,3700,4,0.8468678593635559,0.5901734232902527,0.03074246644973755,-0.010044817812740803,0.03768465667963028,0.11914877593517303,True,Right,0.9739866256713867
vid4,111,3700,5,0.8516620993614197,0.4298023581504822,0.03272366151213646,-0.005120197311043739,-0.0064898100681602955,0.02819012850522995,True,Right,0.9739866256713867
vid4,111,3700,6,0.9128717184066772,0.48186472058296204,0.025525584816932678,0.022887496277689934,0.01037215068936348,0.03344888985157013,True,Right,0.9739866256713867
vid4,111,3700,7,0.9376830458641052,0.5470009446144104,0.016802925616502762,0.03785397484898567,0.028390521183609962,0.04114618897438049,True,Right,0.9739866256713867
vid4,111,3700,8,0.9480317234992981,0.6013418436050415,0.011616330593824387,0.0432782918214798,0.04820233955979347,0.03694206848740578,True,Right,0.9739866256713867
vid4,111,3700,9,0.8511890769004822,0.4188995063304901,0.008455314673483372,0.0012120259925723076,-0.006581902038305998,0.007174685597419739,True,Right,0.9739866256713867
vid4,111,3700,10,0.9346775412559509,0.4573129415512085,0.0005268619279377162,0.03852548450231552,0.003140623215585947,0.009820371866226196,True,Right,0.9739866256713867
vid4,111,3700,11,0.9699082374572754,0.524840772151947,-0.006002529989928007,0.05486711487174034,0.0168803408741951,0.015342086553573608,True,Right,0.9739866256713867
vid4,111,3700,12,0.9853856563568115,0.5836019515991211,-0.009642311371862888,0.06777428090572357,0.033839087933301926,0.022988498210906982,True,Right,0.9739866256713867
vid4,111,3700,13,0.848811149597168,0.43416720628738403,-0.01579405553638935,0.0031904010102152824,0.0022505433298647404,-0.018759697675704956,True,Right,0.9739866256713867
vid4,111,3700,14,0.9343171119689941,0.4692741930484772,-0.024891691282391548,0.03368063643574715,0.008583799935877323,-0.014257661998271942,True,Right,0.9739866256713867
vid4,111,3700,15,0.9645314812660217,0.5413542985916138,-0.030199427157640457,0.0503554530441761,0.025816475972533226,-0.008192896842956543,True,Right,0.9739866256713867
vid4,111,3700,16,0.9752683639526367,0.5973809957504272,-0.032586194574832916,0.06169682741165161,0.04403120279312134,-0.00012627989053726196,True,Right,0.9739866256713867
vid4,111,3700,17,0.8468330502510071,0.47755545377731323,-0.03832212835550308,-0.005404515191912651,0.012452526018023491,-0.03697451949119568,True,Right,0.9739866256713867
vid4,111,3700,18,0.9117865562438965,0.5180121660232544,-0.04157794266939163,0.019355619326233864,0.02032742090523243,-0.0318085178732872,True,Right,0.9739866256713867
vid4,111,3700,19,0.927998960018158,0.5711578130722046,-0.03857722505927086,0.033266618847846985,0.03448619693517685,-0.021300047636032104,True,Right,0.9739866256713867
vid4,111,3700,20,0.9293798208236694,0.6165064573287964,-0.03625272959470749,0.03708242252469063,0.04826175048947334,-0.011806502938270569,True,Right,0.9739866256713867
vid4,112,3733,0,0.7257383465766907,0.5147098898887634,3.0754083013562195e-07,-0.07390671968460083,0.028846561908721924,-0.007602214813232422,True,Right,0.9677428603172302
vid4,112,3733,1,0.7719433903694153,0.5965244174003601,0.01843312382698059,-0.05493336170911789,0.031929533928632736,0.015994586050510406,True,Right,0.9677428603172302
vid4,112,3733,2,0.8143044710159302,0.6161359548568726,0.020190231502056122,-0.03512806072831154,0.04282155632972717,0.03622889518737793,True,Right,0.9677428603172302
vid4,112,3733,3,0.8386683464050293,0.6383781433105469,0.012991100549697876,-0.019006546586751938,0.05161657929420471,0.06417298316955566,True,Right,0.9677428603172302
vid4,112,3733,4,0.8553495407104492,0.6632325053215027,0.005810408387333155,-0.009177614003419876,0.05294041335582733,0.09744589030742645,True,Right,0.9677428603172302
vid4,112,3733,5,0.8600154519081116,0.45424604415893555,0.02340761013329029,-0.0045827110297977924,-0.006009759847074747,0.026682212948799133,True,Right,0.9677428603172302
vid4,112,3733,6,0.9216485023498535,0.5066554546356201,0.011806699447333813,0.021057361736893654,0.012427153065800667,0.030621975660324097,True,Right,0.9677428603172302
vid4,112,3733,7,0.9430510401725769,0.5776776671409607,-0.0006485410267487168,0.035120341926813126,0.030920853838324547,0.035603687167167664,True,Right,0.9677428603172302
vid4,112,3733,8,0.947306215763092,0.6351354718208313,-0.007932199165225029,0.03580307587981224,0.051726434379816055,0.03204219788312912,True,Right,0.9677428603172302
vid4,112,3733,9,0.8609902262687683,0.443098247051239,0.0030773200560361147,0.0009242416126653552,-0.006727362051606178,0.006787765771150589,True,Right,0.9677428603172302
vid4,112,3733,10,0.9415543675422668,0.4913470447063446,-0.00525610102340579,0.0370512455701828,0.005862579680979252,0.00966714322566986,True,Right,0.9677428603172302
vid4,112,3733,11,0.970166027545929,0.5660789608955383,-0.012973002158105373,0.050286125391721725,0.02281215973198414,0.01380932331085205,True,Right,0.9677428603172302
vid4,112,3733,12,0.9776018261909485,0.6256814002990723,-0.018021170049905777,0.05599305033683777,0.039502184838056564,0.018258512020111084,True,Right,0.9677428603172302
vid4,112,3733,13,0.8593330979347229,0.4581621587276459,-0.018015030771493912,0.0032209421042352915,0.0014373568119481206,-0.01826465129852295,True,Right,0.9677428603172302
vid4,112,3733,14,0.9443016052246094,0.502690851688385,-0.02815631777048111,0.03346824645996094,0.009648827835917473,-0.013347409665584564,True,Right,0.9677428603172302
vid4,112,3733,15,0.9624665379524231,0.5819544196128845,-0.03264997527003288,0.04561349377036095,0.030677391216158867,-0.007171005010604858,True,Right,0.9677428603172302
vid4,112,3733,16,0.9586372971534729,0.6406914591789246,-0.034499023109674454,0.04629772901535034,0.04816942289471626,-0.0017370358109474182,True,Right,0.9677428603172302
vid4,112,3733,17,0.8571380376815796,0.5011129975318909,-0.03851640596985817,-0.005484378896653652,0.010428153909742832,-0.03347620368003845,True,Right,0.9677428603172302
vid4,112,3733,18,0.9191532135009766,0.5549786686897278,-0.045222360640764236,0.018690386787056923,0.023258281871676445,-0.03034449927508831,True,Right,0.9677428603172302
vid4,112,3733,19,0.92865389585495,0.6152721047401428,-0.04307898133993149,0.02933870255947113,0.03886205703020096,-0.020710736513137817,True,Right,0.9677428603172302
vid4,112,3733,20,0.9215990900993347,0.6631409525871277,-0.040524475276470184,0.027386019006371498,0.05194973573088646,-0.010171651840209961,True,Right,0.9677428603172302
vid4,113,3767,0,0.7312443256378174,0.5310736894607544,2.924103625900898e-07,-0.07305791974067688,0.02739744260907173,-0.00106753408908844,True,Right,0.9810004830360413
vid4,113,3767,1,0.7817569971084595,0.6187548041343689,0.020180830731987953,-0.05331088975071907,0.03207661956548691,0.0206250362098217,True,Right,0.9810004830360413
vid4,113,3767,2,0.8261324167251587,0.6435494422912598,0.021699246019124985,-0.03212284296751022,0.04572625458240509,0.03708818554878235,True,Right,0.9810004830360413
vid4,113,3767,3,0.8548961281776428,0.6770346164703369,0.013676420785486698,-0.014171083457767963,0.0553351491689682,0.058603543788194656,True,Right,0.9810004830360413
vid4,113,3767,4,0.8787358403205872,0.7093143463134766,0.00576845882460475,-0.00047073225141502917,0.05784812569618225,0.08401136100292206,True,Right,0.9810004830360413
vid4,113,3767,5,0.8684646487236023,0.47850552201271057,0.026390427723526955,-0.0030929269269108772,-0.003711359342560172,0.02654537558555603,True,Right,0.9810004830360413
vid4,113,3767,6,0.9275714159011841,0.5347397327423096,0.01504220999777317,0.02128743566572666,0.013027979992330074,0.02852700650691986,True,Right,0.9810004830360413
vid4,113,3767,7,0.9471763372421265,0.607957661151886,0.0023796053137630224,0.03474440425634384,0.03125516697764397,0.03395794332027435,True,Right,0.9810004830360413
vid4,113,3767,8,0.9494816064834595,0.6664459109306335,-0.00559464655816555,0.034160416573286057,0.05128197371959686,0.028257381170988083,True,Right,0.9810004830360413
vid4,113,3767,9,0.8682940006256104,0.46523624658584595,0.004798367153853178,0.0016270324122160673,-0.00641940301284194,0.006323959678411484,True,Right,0.9810004830360413
vid4,113,3767,10,0.9460606575012207,0.5242849588394165,-0.004133870359510183,0.0354289710521698,0.008266373537480831,0.007971227169036865,True,Right,0.9810004830360413
vid4,113,3767,11,0.9683771133422852,0.6048778295516968,-0.012719443999230862,0.046446189284324646,0.026087157428264618,0.010995954275131226,True,Right,0.9810004830360413
vid4,113,3767,12,0.9705073237419128,0.6660975217819214,-0.018462179228663445,0.050547655671834946,0.04349049553275108,0.015948891639709473,True,Right,0.9810004830360413
vid4,113,3767,13,0.8652229905128479,0.47870001196861267,-0.017510659992694855,0.0022472660057246685,0.00021826749434694648,-0.01807248592376709,True,Right,0.9810004830360413
vid4,113,3767,14,0.9477300643920898,0.5336882472038269,-0.02716977708041668,0.03098096139729023,0.010701227001845837,-0.014898188412189484,True,Right,0.9810004830360413
vid4,113,3767,15,0.9610121250152588,0.6176633238792419,-0.030710261315107346,0.04073768109083176,0.03249780461192131,-0.009955763816833496,True,Right,0.9810004830360413
vid4,113,3767,16,0.9541262984275818,0.6759882569313049,-0.032528623938560486,0.03962503373622894,0.05056994408369064,-0.00413542240858078,True,Right,0.9810004830360413
vid4,113,3767,17,0.8607457876205444,0.5212153196334839,-0.039241909980773926,-0.0075379121117293835,0.007641711737960577,-0.03319711983203888,True,Right,0.9810004830360413
vid4,113,3767,18,0.9182044267654419,0.5840457081794739,-0.04542208090424538,0.0147898830473423,0.021591804921627045,-0.030345462262630463,True,Right,0.9810004830360413
vid4,113,3767,19,0.9229210019111633,0.6461529731750488,-0.04292156174778938,0.02248799428343773,0.03912770003080368,-0.02301269769668579,True,Right,0.9810004830360413
vid4,113,3767,20,0.911684513092041,0.6929519176483154,-0.04059188440442085,0.018043294548988342,0.05358712002635002,-0.014197543263435364,True,Right,0.9810004830360413
vid4,114,3800,0,0.7374298572540283,0.5407664179801941,2.414491291347076e-07,-0.07121695578098297,0.027487369254231453,-0.0012153983116149902,True,Right,0.9652614593505859
vid4,114,3800,1,0.7849995493888855,0.6296068429946899,0.023695802316069603,-0.05432538315653801,0.03169337660074234,0.017224472016096115,True,Right,0.9652614593505859
vid4,114,3800,2,0.8255578875541687,0.6588101983070374,0.028423799201846123,-0.03463231027126312,0.04776353761553764,0.03626936674118042,True,Right,0.9652614593505859
vid4,114,3800,3,0.8526676297187805,0.6883400082588196,0.022824425250291824,-0.016074759885668755,0.05426115170121193,0.05936559662222862,True,Right,0.9652614593505859
vid4,114,3800,4,0.8759993314743042,0.7154449820518494,0.01776042766869068,-0.00436644721776247,0.055797506123781204,0.08530724048614502,True,Right,0.9652614593505859
vid4,114,3800,5,0.8680337071418762,0.48711666464805603,0.03727706894278526,-0.005663924850523472,-0.003790353424847126,0.02529211714863777,True,Right,0.9652614593505859
vid4,114,3800,6,0.925591230392456,0.5525925755500793,0.026951733976602554,0.018611108884215355,0.015990355983376503,0.02872079610824585,True,Right,0.9652614593505859
vid4,114,3800,7,0.9348392486572266,0.6295563578605652,0.013063430786132812,0.028592761605978012,0.03349047899246216,0.03547215461730957,True,Right,0.9652614593505859
vid4,114,3800,8,0.9255110025405884,0.6893941760063171,0.004692533053457737,0.02144685946404934,0.05377745255827904,0.032091833651065826,True,Right,0.9652614593505859
vid4,114,3800,9,0.8713579177856445,0.4676189422607422,0.015606500208377838,0.0012664622627198696,-0.006593233440071344,0.006563849747180939,True,Right,0.9652614593505859
vid4,114,3800,10,0.9471994042396545,0.5328097939491272,0.009801815263926983,0.03495602682232857,0.007889943197369576,0.007395297288894653,True,Right,0.9652614593505859
vid4,114,3800,11,0.9617747068405151,0.6114657521247864,0.0005433777696453035,0.044288549572229385,0.0270466897636652,0.011644452810287476,True,Right,0.9652614593505859
vid4,114,3800,12,0.9564862847328186,0.6718446016311646,-0.006414138711988926,0.04373226687312126,0.041659627109766006,0.015067487955093384,True,Right,0.9652614593505859
vid4,114,3800,13,0.8706993460655212,0.4806273281574249,-0.007194388657808304,0.002825326519086957,-0.0004739395808428526,-0.017018184065818787,True,Right,0.9652614593505859
vid4,114,3800,14,0.9527841210365295,0.5356460809707642,-0.014598621986806393,0.0324690043926239,0.009246744215488434,-0.01529056578874588,True,Right,0.9652614593505859
vid4,114,3800,15,0.9614037275314331,0.6139854788780212,-0.01975472830235958,0.04093677178025246,0.028110165148973465,-0.011557906866073608,True,Right,0.9652614593505859
vid4,114,3800,16,0.949440062046051,0.6711650490760803,-0.023284034803509712,0.03670986369252205,0.04577929899096489,-0.007764920592308044,True,Right,0.9652614593505859
vid4,114,3800,17,0.8686350584030151,0.5249345302581787,-0.029226036742329597,-0.005756561178714037,0.00699273869395256,-0.03061629831790924,True,Right,0.9652614593505859
vid4,114,3800,18,0.9204942584037781,0.5955102443695068,-0.03493605554103851,0.015713123604655266,0.021574104204773903,-0.02901543863117695,True,Right,0.9652614593505859
vid4,114,3800,19,0.9217787981033325,0.6584534049034119,-0.03431718051433563,0.023092100396752357,0.03811660036444664,-0.022043883800506592,True,Right,0.9652614593505859
vid4,114,3800,20,0.9087976217269897,0.7067903280258179,-0.033689722418785095,0.01848120428621769,0.052601952105760574,-0.012867674231529236,True,Right,0.9652614593505859
vid4,115,3833,0,0.7440828680992126,0.5391636490821838,1.784391088222037e-07,-0.07251415401697159,0.026428760960698128,-0.0023545511066913605,True,Right,0.9686772227287292
vid4,115,3833,1,0.7923362255096436,0.624233603477478,0.022877482697367668,-0.054805852472782135,0.03133394569158554,0.016267776489257812,True,Right,0.9686772227287292
vid4,115,3833,2,0.8305961489677429,0.6525686383247375,0.026607273146510124,-0.03569270297884941,0.045764099806547165,0.03604334592819214,True,Right,0.9686772227287292
vid4,115,3833,3,0.8559328317642212,0.6826444864273071,0.020475171506404877,-0.017431087791919708,0.051796410232782364,0.05994619429111481,True,Right,0.9686772227287292
vid4,115,3833,4,0.8773152232170105,0.7072879076004028,0.014972052536904812,-0.006184308789670467,0.05312635749578476,0.08735352754592896,True,Right,0.9686772227287292
vid4,115,3833,5,0.872026801109314,0.48170214891433716,0.03345729410648346,-0.006187381688505411,-0.004144124686717987,0.025307193398475647,True,Right,0.9686772227287292
vid4,115,3833,6,0.9268090724945068,0.5573760271072388,0.021714922040700912,0.016856346279382706,0.017640935257077217,0.029052436351776123,True,Right,0.9686772227287292
vid4,115,3833,7,0.9289876222610474,0.6359047293663025,0.006765697151422501,0.02437971904873848,0.03407248854637146,0.036777712404727936,True,Right,0.9686772227287292
vid4,115,3833,8,0.9125040769577026,0.6953525543212891,-0.001839615753851831,0.012623779475688934,0.055710386484861374,0.037027835845947266,True,Right,0.9686772227287292
vid4,115,3833,9,0.8771907687187195,0.4651930332183838,0.01298603042960167,0.001626094221137464,-0.006904919631779194,0.006670158356428146,True,Right,0.9686772227287292
vid4,115,3833,10,0.9489753842353821,0.5394831895828247,0.007892715744674206,0.034532833844423294,0.009422365576028824,0.00849200040102005,True,Right,0.9686772227287292
vid4,115,3833,11,0.9601912498474121,0.617392361164093,-0.0008765296661294997,0.04228661209344864,0.029257025569677353,0.013420671224594116,True,Right,0.9686772227287292
vid4,115,3833,12,0.9527637958526611,0.6756152510643005,-0.0078102825209498405,0.0402638278901577,0.044133856892585754,0.01896965503692627,True,Right,0.9686772227287292
vid4,115,3833,13,0.8768308162689209,0.48014986515045166,-0.00848674587905407,0.0028404772747308016,0.0002023135166382417,-0.01674020290374756,True,Right,0.9686772227287292
vid4,115,3833,14,0.9557463526725769,0.5428380370140076,-0.014642573893070221,0.03209782764315605,0.011886815540492535,-0.014493636786937714,True,Right,0.9686772227287292
vid4,115,3833,15,0.9629203081130981,0.6198314428329468,-0.019689923152327538,0.03952375426888466,0.03146004676818848,-0.010011017322540283,True,Right,0.9686772227287292
vid4,115,3833,16,0.9504085779190063,0.676006019115448,-0.023621510714292526,0.03520093113183975,0.0482025109231472,-0.006298590451478958,True,Right,0.9686772227287292
vid4,115,3833,17,0.8750929832458496,0.5245180726051331,-0.029205042868852615,-0.006076070014387369,0.008143093436956406,-0.031056463718414307,True,Right,0.9686772227287292
vid4,115,3833,18,0.9190453290939331,0.6018752455711365,-0.03406059369444847,0.013057049363851547,0.02525053173303604,-0.029050283133983612,True,Right,0.9686772227287292
vid4,115,3833,19,0.9188218116760254,0.66285640001297,-0.03389982879161835,0.019224202260375023,0.04159650579094887,-0.021184593439102173,True,Right,0.9686772227287292
vid4,115,3833,20,0.9056131839752197,0.709124743938446,-0.03383779525756836,0.014548628591001034,0.05468393489718437,-0.012030422687530518,True,Right,0.9686772227287292
vid4,116,3867,0,0.7511709928512573,0.521297812461853,1.3659165176704846e-07,-0.07241014391183853,0.022265328094363213,-0.0035274066030979156,True,Right,0.9794642329216003
vid4,116,3867,1,0.7963557243347168,0.6025067567825317,0.01801757887005806,-0.05552549660205841,0.02746119536459446,0.015496380627155304,True,Right,0.9794642329216003
vid4,116,3867,2,0.8341420888900757,0.6332118511199951,0.017608962953090668,-0.036614153534173965,0.04321977496147156,0.03631556034088135,True,Right,0.9794642329216003
vid4,116,3867,3,0.8588252663612366,0.6704784631729126,0.008285018615424633,-0.019132614135742188,0.0514298677444458,0.06321035325527191,True,Right,0.9794642329216003
vid4,116,3867,4,0.8794388771057129,0.6986545324325562,-3.3903233997989446e-05,-0.007993757724761963,0.0543864406645298,0.09488065540790558,True,Right,0.9794642329216003
vid4,116,3867,5,0.8764447569847107,0.4711317718029022,0.023764129728078842,-0.006585330236703157,-0.003957125823944807,0.02538219653069973,True,Right,0.9794642329216003
vid4,116,3867,6,0.9268123507499695,0.5613740682601929,0.00692342035472393,0.013624101877212524,0.022152327001094818,0.026345178484916687,True,Right,0.9794642329216003
vid4,116,3867,7,0.9197932481765747,0.6402881741523743,-0.010991728864610195,0.016888419166207314,0.039139632135629654,0.03200917690992355,True,Right,0.9794642329216003
vid4,116,3867,8,0.8967942595481873,0.6944735646247864,-0.020635100081562996,-3.926608769688755e-05,0.059860020875930786,0.03345232456922531,True,Right,0.9794642329216003
vid4,116,3867,9,0.8827898502349854,0.45555368065834045,0.004572676029056311,0.001530286273919046,-0.006707958411425352,0.006991647183895111,True,Right,0.9794642329216003
vid4,116,3867,10,0.9536888599395752,0.5323081612586975,-0.004789154510945082,0.034520938992500305,0.011352390982210636,0.006196357309818268,True,Right,0.9794642329216003
vid4,116,3867,11,0.9624122977256775,0.6115168333053589,-0.013755448162555695,0.039685823023319244,0.030998975038528442,0.009707733988761902,True,Right,0.9794642329216003
vid4,116,3867,12,0.9530389904975891,0.6711685061454773,-0.01950657181441784,0.03709302842617035,0.04599958658218384,0.015675723552703857,True,Right,0.9794642329216003
vid4,116,3867,13,0.8829846382141113,0.4710191488265991,-0.015935029834508896,0.0030543040484189987,0.00040806925971992314,-0.016525372862815857,True,Right,0.9794642329216003
vid4,116,3867,14,0.9609743356704712,0.5367605686187744,-0.025262748822569847,0.03190745785832405,0.013704934157431126,-0.016223911195993423,True,Right,0.9794642329216003
vid4,116,3867,15,0.9655740261077881,0.6146972179412842,-0.0302908793091774,0.03729302063584328,0.03394908830523491,-0.011789917945861816,True,Right,0.9794642329216003
vid4,116,3867,16,0.9508832693099976,0.6725441217422485,-0.032937031239271164,0.03195321932435036,0.05002162605524063,-0.007829055190086365,True,Right,0.9794642329216003
vid4,116,3867,17,0.8815785050392151,0.516730010509491,-0.035971928387880325,-0.005756494589149952,0.007641536649316549,-0.031204387545585632,True,Right,0.9794642329216003
vid4,116,3867,18,0.9213360548019409,0.5934617519378662,-0.042608000338077545,0.011942142620682716,0.024990618228912354,-0.03003457933664322,True,Right,0.9794642329216003
vid4,116,3867,19,0.9186924695968628,0.6520968079566956,-0.04276387393474579,0.015973249450325966,0.041683584451675415,-0.02294301986694336,True,Right,0.9794642329216003
vid4,116,3867,20,0.9043686389923096,0.6971036791801453,-0.04213186725974083,0.009969399310648441,0.05295000597834587,-0.013358160853385925,True,Right,0.9794642329216003
vid4,117,3900,0,0.7602261304855347,0.5025463104248047,1.548664130268662e-07,-0.07660869508981705,0.025982750579714775,0.001111093908548355,True,Right,0.9785450100898743
vid4,117,3900,1,0.8048975467681885,0.5732932686805725,0.021623972803354263,-0.05733015760779381,0.030087139457464218,0.021094322204589844,True,Right,0.9785450100898743
vid4,117,3900,2,0.8450844883918762,0.5935772657394409,0.023373199626803398,-0.035501740872859955,0.04196332022547722,0.04262000322341919,True,Right,0.9785450100898743
vid4,117,3900,3,0.8711873888969421,0.6192349195480347,0.01573721319437027,-0.015217652544379234,0.05039435625076294,0.06674697995185852,True,Right,0.9785450100898743
vid4,117,3900,4,0.8954375386238098,0.6412133574485779,0.009067228063941002,-0.0010266092140227556,0.05071365460753441,0.09301182627677917,True,Right,0.9785450100898743
vid4,117,3900,5,0.8841528296470642,0.4389020502567291,0.027336645871400833,-0.003381675109267235,-0.006206219084560871,0.02692585438489914,True,Right,0.9785450100898743
vid4,117,3900,6,0.9432969093322754,0.5141893029212952,0.014509566128253937,0.018504368141293526,0.018314942717552185,0.02816253900527954,True,Right,0.9785450100898743
vid4,117,3900,7,0.9388460516929626,0.5923694372177124,0.0009197976323775947,0.022171063348650932,0.03988222777843475,0.035929836332798004,True,Right,0.9785450100898743
vid4,117,3900,8,0.9163001775741577,0.6462736129760742,-0.005475019570440054,0.005033690016716719,0.058653250336647034,0.03587646037340164,True,Right,0.9785450100898743
vid4,117,3900,9,0.8896787762641907,0.4295995533466339,0.007489375304430723,0.0014880277449265122,-0.006838030181825161,0.006673041731119156,True,Right,0.9785450100898743
vid4,117,3900,10,0.9644700884819031,0.4956749975681305,0.004052166361361742,0.03612133115530014,0.011282538995146751,0.007145330309867859,True,Right,0.9785450100898743
vid4,117,3900,11,0.9739553928375244,0.5706411600112915,-0.0014916175277903676,0.040402915328741074,0.02969406545162201,0.011264994740486145,True,Right,0.9785450100898743
vid4,117,3900,12,0.9638063907623291,0.6270747184753418,-0.005787787493318319,0.03653043136000633,0.04593103006482124,0.017504364252090454,True,Right,0.9785450100898743
vid4,117,3900,13,0.8898414373397827,0.4488036632537842,-0.013460006564855576,0.0026251773815602064,0.0015572669217363,-0.01777467131614685,True,Right,0.9785450100898743
vid4,117,3900,14,0.9680289030075073,0.5061699748039246,-0.016603443771600723,0.03234925493597984,0.016691992059350014,-0.015790030360221863,True,Right,0.9785450100898743
vid4,117,3900,15,0.9735048413276672,0.5796579718589783,-0.019266296178102493,0.036391135305166245,0.03524589538574219,-0.010297954082489014,True,Right,0.9785450100898743
vid4,117,3900,16,0.958044707775116,0.6335880160331726,-0.022003326565027237,0.029780926182866096,0.05094383284449577,-0.004846721887588501,True,Right,0.9785450100898743
vid4,117,3900,17,0.8893285989761353,0.49601221084594727,-0.033811524510383606,-0.00671956455335021,0.01045240182429552,-0.032674387097358704,True,Right,0.9785450100898743
vid4,117,3900,18,0.9322124719619751,0.5614262223243713,-0.03549704700708389,0.011960886418819427,0.027023006230592728,-0.030369030311703682,True,Right,0.9785450100898743
vid4,117,3900,19,0.9287375807762146,0.6169171929359436,-0.033560071140527725,0.017235007137060165,0.04268749803304672,-0.021325141191482544,True,Right,0.9785450100898743
vid4,117,3900,20,0.911264955997467,0.6590187549591064,-0.03244538977742195,0.007562710903584957,0.05468541756272316,-0.011149540543556213,True,Right,0.9785450100898743
vid4,118,3933,0,0.766619861125946,0.4555599093437195,1.4411325821583887e-07,-0.07631750404834747,0.02694535069167614,6.191432476043701e-05,True,Right,0.9795131683349609
vid4,118,3933,1,0.8104198575019836,0.5274351835250854,0.018289439380168915,-0.057018812745809555,0.03148955479264259,0.019714973866939545,True,Right,0.9795131683349609
vid4,118,3933,2,0.8514298796653748,0.5466616749763489,0.01980264112353325,-0.034274108707904816,0.044311974197626114,0.042428791522979736,True,Right,0.9795131683349609
vid4,118,3933,3,0.8777073621749878,0.579313337802887,0.012762303464114666,-0.014220548793673515,0.0543169341981411,0.06518834829330444,True,Right,0.9795131683349609
vid4,118,3933,4,0.9000722765922546,0.6046233773231506,0.006876721046864986,-0.0010834122076630592,0.05492502078413963,0.09124641120433807,True,Right,0.9795131683349609
vid4,118,3933,5,0.8916751146316528,0.38993239402770996,0.027375340461730957,-0.004456595052033663,-0.0059553952887654305,0.027665726840496063,True,Right,0.9795131683349609
vid4,118,3933,6,0.9475098848342896,0.4631402790546417,0.014635036699473858,0.01767762377858162,0.017840150743722916,0.02751109004020691,True,Right,0.9795131683349609
vid4,118,3933,7,0.9442201256752014,0.5389410257339478,0.0003817124234046787,0.02150941640138626,0.039314158260822296,0.03242921829223633,True,Right,0.9795131683349609
vid4,118,3933,8,0.9225729703903198,0.5914832949638367,-0.006546912249177694,0.0036116093397140503,0.060418084263801575,0.031548209488391876,True,Right,0.9795131683349609
vid4,118,3933,9,0.8974766731262207,0.38263845443725586,0.009700101800262928,0.0011826548725366592,-0.007401326205581427,0.007047571241855621,True,Right,0.9795131683349609
vid4,118,3933,10,0.9714145660400391,0.444071501493454,0.005243576597422361,0.03724801912903786,0.011565439403057098,0.006999306380748749,True,Right,0.9795131683349609
vid4,118,3933,11,0.9825509786605835,0.516279399394989,-0.00141652743332088,0.04243690147995949,0.029735740274190903,0.009774819016456604,True,Right,0.9795131683349609
vid4,118,3933,12,0.9730746150016785,0.5715152621269226,-0.005776793230324984,0.03887256607413292,0.046058978885412216,0.013866961002349854,True,Right,0.9795131683349609
vid4,118,3933,13,0.8973069190979004,0.4031861126422882,-0.009534487500786781,0.0028120391070842743,0.001898552873171866,-0.017924845218658447,True,Right,0.9795131683349609
vid4,118,3933,14,0.9732614159584045,0.4557310938835144,-0.012998515740036964,0.0323643796145916,0.016941793262958527,-0.015907708555459976,True,Right,0.9795131683349609
vid4,118,3933,15,0.9814860820770264,0.5288842916488647,-0.01680849678814411,0.03911261633038521,0.037300173193216324,-0.011974096298217773,True,Right,0.9795131683349609
vid4,118,3933,16,0.9678230285644531,0.5829479694366455,-0.019561661407351494,0.03349357470870018,0.052826665341854095,-0.0074986666440963745,True,Right,0.9795131683349609
vid4,118,3933,17,0.8956098556518555,0.45031172037124634,-0.02844521962106228,-0.0057799331843853,0.012072374112904072,-0.03382578492164612,True,Right,0.9795131683349609
vid4,118,3933,18,0.9394546151161194,0.5069178342819214,-0.03025798499584198,0.013174767605960369,0.02708251215517521,-0.03285076469182968,True,Right,0.9795131683349609
vid4,118,3933,19,0.941153883934021,0.5601985454559326,-0.029559025540947914,0.020299820229411125,0.04346265271306038,-0.024463802576065063,True,Right,0.9795131683349609
vid4,118,3933,20,0.9283643364906311,0.6012610793113708,-0.02895406074821949,0.013731901533901691,0.055688049644231796,-0.01603931188583374,True,Right,0.9795131683349609
vid4,119,3967,0,0.7718144059181213,0.4046926498413086,2.3008368543742108e-07,-0.07767226547002792,0.028947001323103905,0.00322868674993515,True,Right,0.960028350353241
vid4,119,3967,1,0.8187853097915649,0.46953123807907104,0.029578374698758125,-0.05677245929837227,0.033823322504758835,0.02155819535255432,True,Right,0.960028350353241
vid4,119,3967,2,0.8597440123558044,0.47691991925239563,0.03772458806633949,-0.03493165597319603,0.04189765080809593,0.04297420382499695,True,Right,0.960028350353241
vid4,119,3967,3,0.8897918462753296,0.4903659224510193,0.034955188632011414,-0.01264598872512579,0.044209495186805725,0.062497347593307495,True,Right,0.960028350353241
vid4,119,3967,4,0.9141793847084045,0.4991140365600586,0.03208888694643974,0.003435729304328561,0.04157393425703049,0.08489383012056351,True,Right,0.960028350353241
vid4,119,3967,5,0.8973885774612427,0.33348363637924194,0.042250506579875946,-0.0031914790160954,-0.006659515667706728,0.02756832167506218,True,Right,0.960028350353241
vid4,119,3967,6,0.9541088342666626,0.3876029849052429,0.03888186439871788,0.01926122047007084,0.013202003203332424,0.029364466667175293,True,Right,0.960028350353241
vid4,119,3967,7,0.9660032391548157,0.459720253944397,0.030764151364564896,0.029299285262823105,0.03216718137264252,0.035859279334545135,True,Right,0.960028350353241
vid4,119,3967,8,0.9608497619628906,0.5112350583076477,0.025826729834079742,0.023327751085162163,0.05237966403365135,0.03072906658053398,True,Right,0.960028350353241
vid4,119,3967,9,0.9027449488639832,0.3263448178768158,0.020656464621424675,0.0015555734280496836,-0.006939540151506662,0.006100118160247803,True,Right,0.960028350353241
vid4,119,3967,10,0.973320722579956,0.3789730668067932,0.02273663878440857,0.03498383238911629,0.009016752243041992,0.008600428700447083,True,Right,0.960028350353241
vid4,119,3967,11,0.9872046709060669,0.45194289088249207,0.019054953008890152,0.043025050312280655,0.027742262929677963,0.00999276340007782,True,Right,0.960028350353241
vid4,119,3967,12,0.9807659983634949,0.5024072527885437,0.01513258833438158,0.04030990228056908,0.044493526220321655,0.01634669303894043,True,Right,0.960028350353241
vid4,119,3967,13,0.9041181206703186,0.3436686396598816,-0.001441508182324469,0.0025789805222302675,0.0009088646620512009,-0.018284417688846588,True,Right,0.960028350353241
vid4,119,3967,14,0.9742240309715271,0.39329758286476135,-0.0007094941684044898,0.03111833892762661,0.013888067565858364,-0.013387218117713928,True,Right,0.960028350353241
vid4,119,3967,15,0.9814046621322632,0.46672701835632324,-0.002878464525565505,0.0351722352206707,0.03512236848473549,-0.008808791637420654,True,Right,0.960028350353241
vid4,119,3967,16,0.9657273292541504,0.5147628784179688,-0.005893779452890158,0.027327360585331917,0.05105878412723541,-0.0037819743156433105,True,Right,0.960028350353241
vid4,119,3967,17,0.9044501185417175,0.38435792922973633,-0.02242448553442955,-0.005784786771982908,0.011375854723155499,-0.03258003294467926,True,Right,0.960028350353241
vid4,119,3967,18,0.9474375247955322,0.44641655683517456,-0.022031906992197037,0.011912912130355835,0.025545911863446236,-0.029668990522623062,True,Right,0.960028350353241
vid4,119,3967,19,0.9462125897407532,0.5039809942245483,-0.02084038220345974,0.018925046548247337,0.04329129680991173,-0.020999431610107422,True,Right,0.960028350353241
vid4,119,3967,20,0.9281364679336548,0.5446946620941162,-0.02070656232535839,0.008420334197580814,0.057465337216854095,-0.01135927438735962,True,Right,0.960028350353241
vid4,120,4000,0,0.7773494124412537,0.3411453366279602,2.974775554775988e-07,-0.07646667212247849,0.032407987862825394,0.00436493381857872,True,Right,0.9624603986740112
vid4,120,4000,1,0.8235797882080078,0.4021930694580078,0.025812923908233643,-0.053801506757736206,0.03598864749073982,0.021655110642313957,True,Right,0.9624603986740112
vid4,120,4000,2,0.8661749958992004,0.40742889046669006,0.03175808861851692,-0.03144308924674988,0.043225210160017014,0.043692559003829956,True,Right,0.9624603986740112
vid4,120,4000,3,0.898332417011261,0.41988813877105713,0.027559343725442886,-0.009916245937347412,0.04494772106409073,0.06344982236623764,True,Right,0.9624603986740112
vid4,120,4000,4,0.9244109392166138,0.42869311571121216,0.023335278034210205,0.006417810916900635,0.043557215481996536,0.0830218568444252,True,Right,0.9624603986740112
vid4,120,4000,5,0.9036352634429932,0.26323679089546204,0.03567853569984436,-0.002062432235106826,-0.00702305231243372,0.028651081025600433,True,Right,0.9624603986740112
vid4,120,4000,6,0.9633285999298096,0.3070746064186096,0.027925316244363785,0.022758973762392998,0.011335202492773533,0.02995699644088745,True,Right,0.9624603986740112
vid4,120,4000,7,0.984491765499115,0.3728523552417755,0.017028039321303368,0.03638669103384018,0.027333902195096016,0.03327787667512894,True,Right,0.9624603986740112
vid4,120,4000,8,0.9836057424545288,0.42503416538238525,0.011160074733197689,0.03421906754374504,0.04761477932333946,0.025810040533542633,True,Right,0.9624603986740112
vid4,120,4000,9,0.9063887000083923,0.25796231627464294,0.01484428159892559,0.0016831753309816122,-0.0070714461617171764,0.00648479163646698,True,Right,0.9624603986740112
vid4,120,4000,10,0.9751833081245422,0.30033254623413086,0.01283382996916771,0.03346279636025429,0.007086686324328184,0.007951579988002777,True,Right,0.9624603986740112
vid4,120,4000,11,0.9963760375976562,0.3687114715576172,0.006579161621630192,0.04474825784564018,0.024686576798558235,0.0077026039361953735,True,Right,0.9624603986740112
vid4,120,4000,12,0.9934518337249756,0.4201895296573639,0.0015808090101927519,0.044925395399332047,0.041589830070734024,0.013008683919906616,True,Right,0.9624603986740112
vid4,120,4000,13,0.9058490991592407,0.2746712863445282,-0.006561181973665953,0.001143924193456769,0.0007904997910372913,-0.01859453320503235,True,Right,0.9624603986740112
vid4,120,4000,14,0.9731897115707397,0.3192211091518402,-0.009661209769546986,0.027857687324285507,0.012673524208366871,-0.014812111854553223,True,Right,0.9624603986740112
vid4,120,4000,15,0.9852001070976257,0.39326509833335876,-0.012824366800487041,0.034478336572647095,0.0352683886885643,-0.010937899351119995,True,Right,0.9624603986740112
vid4,120,4000,16,0.9723355174064636,0.4441525340080261,-0.015279911458492279,0.028681471943855286,0.05295005440711975,-0.005885545164346695,True,Right,0.9624603986740112
vid4,120,4000,17,0.9046450257301331,0.3129502534866333,-0.027026623487472534,-0.008017816580832005,0.01119693461805582,-0.03468923270702362,True,Right,0.9624603986740112
vid4,120,4000,18,0.9494874477386475,0.37001416087150574,-0.029501983895897865,0.010564271360635757,0.02428671531379223,-0.03154071047902107,True,Right,0.9624603986740112
vid4,120,4000,19,0.9502101540565491,0.42818334698677063,-0.028387609869241714,0.017859671264886856,0.04153348132967949,-0.02380223572254181,True,Right,0.9624603986740112
vid4,120,4000,20,0.9317358732223511,0.4711824357509613,-0.027125172317028046,0.007567947264760733,0.05740809813141823,-0.014649271965026855,True,Right,0.9624603986740112
vid4,121,4033,0,0.7794265747070312,0.27716150879859924,2.886112611122371e-07,-0.07504436373710632,0.03450263664126396,0.003551289439201355,True,Right,0.9657676815986633
vid4,121,4033,1,0.8254872560501099,0.3385846018791199,0.02254624478518963,-0.05165575444698334,0.03835223242640495,0.02071280963718891,True,Right,0.9657676815986633
vid4,121,4033,2,0.8694648742675781,0.3442685604095459,0.027392640709877014,-0.028869502246379852,0.04650885611772537,0.042784273624420166,True,Right,0.9657676815986633
vid4,121,4033,3,0.9020058512687683,0.35745880007743835,0.022551581263542175,-0.007555111311376095,0.0487576462328434,0.06400509178638458,True,Right,0.9657676815986633
vid4,121,4033,4,0.9275098443031311,0.3636797368526459,0.017911484465003014,0.008628356270492077,0.04776476323604584,0.08517083525657654,True,Right,0.9657676815986633
vid4,121,4033,5,0.9049094319343567,0.19588743150234222,0.03371289744973183,-0.0015159408794716,-0.0050591672770679,0.029171476140618324,True,Right,0.9657676815986633
vid4,121,4033,6,0.9654808640480042,0.23048220574855804,0.023786870762705803,0.024652374908328056,0.011081567034125328,0.03005446493625641,True,Right,0.9657676815986633
vid4,121,4033,7,0.9869022965431213,0.2956046164035797,0.011124299839138985,0.03845398873090744,0.0260438472032547,0.03303088992834091,True,Right,0.9657676815986633
vid4,121,4033,8,0.9841708540916443,0.34935352206230164,0.004285568371415138,0.03591237962245941,0.04709910601377487,0.02582569420337677,True,Right,0.9657676815986633
vid4,121,4033,9,0.9065960049629211,0.18721601366996765,0.013991784304380417,0.0015360068064182997,-0.007146595977246761,0.007399149239063263,True,Right,0.9657676815986633
vid4,121,4033,10,0.9751943349838257,0.2217123955488205,0.010157110169529915,0.034134961664676666,0.005539999809116125,0.006647199392318726,True,Right,0.9657676815986633
vid4,121,4033,11,0.9971159100532532,0.2896241843700409,0.0020069130696356297,0.04584651067852974,0.02310974709689617,0.005663543939590454,True,Right,0.9657676815986633
vid4,121,4033,12,0.9947026371955872,0.3418053388595581,-0.0042328438721597195,0.04562518745660782,0.04102855920791626,0.010282009840011597,True,Right,0.9657676815986633
vid4,121,4033,13,0.9059473276138306,0.20058855414390564,-0.006701081525534391,0.0009632982546463609,-0.0005356242181733251,-0.01872171461582184,True,Right,0.9657676815986633
vid4,121,4033,14,0.9724573493003845,0.23727113008499146,-0.010872076265513897,0.02690843679010868,0.010114823468029499,-0.016329340636730194,True,Right,0.9657676815986633
vid4,121,4033,15,0.9866597652435303,0.31067728996276855,-0.015433995053172112,0.03508405387401581,0.032283902168273926,-0.012995600700378418,True,Right,0.9657676815986633
vid4,121,4033,16,0.9769487380981445,0.3614768385887146,-0.01897089183330536,0.029835915192961693,0.05089718475937843,-0.0080924853682518,True,Right,0.9657676815986633
vid4,121,4033,17,0.9046611189842224,0.23551490902900696,-0.026771118864417076,-0.00813259556889534,0.009342608042061329,-0.035814642906188965,True,Right,0.9657676815986633
vid4,121,4033,18,0.9499139785766602,0.2862072288990021,-0.030063482001423836,0.010236457921564579,0.021604685112833977,-0.033259764313697815,True,Right,0.9657676815986633
vid4,121,4033,19,0.9524487853050232,0.34338250756263733,-0.029844045639038086,0.017977122217416763,0.03756082057952881,-0.025974243879318237,True,Right,0.9657676815986633
vid4,121,4033,20,0.9364458322525024,0.3868134915828705,-0.029339611530303955,0.008119042962789536,0.05433018505573273,-0.017819806933403015,True,Right,0.9657676815986633
vid4,122,4067,0,0.7816714644432068,0.21410246193408966,3.177239591423131e-07,-0.07239174097776413,0.040508270263671875,0.004680901765823364,True,Right,0.9601532816886902
vid4,122,4067,1,0.8311827182769775,0.27251267433166504,0.019223105162382126,-0.04893370717763901,0.04191702604293823,0.022933976724743843,True,Right,0.9601532816886902
vid4,122,4067,2,0.8758171796798706,0.2727866470813751,0.023369764909148216,-0.024478930979967117,0.04697452113032341,0.04363907873630524,True,Right,0.9601532816886902
vid4,122,4067,3,0.9089874029159546,0.2807982563972473,0.018883071839809418,-0.002983575686812401,0.04748570919036865,0.06558255851268768,True,Right,0.9601532816886902
vid4,122,4067,4,0.9351657032966614,0.27939581871032715,0.015314658172428608,0.01307757943868637,0.04263071343302727,0.08493103086948395,True,Right,0.9601532816886902
vid4,122,4067,5,0.9028817415237427,0.12038830667734146,0.030314123257994652,-0.0019440491450950503,-0.005445183254778385,0.028684791177511215,True,Right,0.9601532816886902
vid4,122,4067,6,0.963107705116272,0.14723175764083862,0.021493256092071533,0.02434508316218853,0.007955409586429596,0.029479295015335083,True,Right,0.9601532816886902
vid4,122,4067,7,0.983897864818573,0.21364115178585052,0.010355562902987003,0.038684580475091934,0.023385092616081238,0.03522550314664841,True,Right,0.9601532816886902
vid4,122,4067,8,0.9830445051193237,0.2683495283126831,0.004372940864413977,0.03782740980386734,0.04488071799278259,0.02988465130329132,True,Right,0.9601532816886902
vid4,122,4067,9,0.9045384526252747,0.1120639368891716,0.013495862483978271,0.001222268445417285,-0.007488558534532785,0.007072832435369492,True,Right,0.9601532816886902
vid4,122,4067,10,0.9738640785217285,0.13981156051158905,0.010757463052868843,0.03486761450767517,0.003372877836227417,0.005548737943172455,True,Right,0.9601532816886902
vid4,122,4067,11,0.9957954287528992,0.20742210745811462,0.004662591964006424,0.04703286662697792,0.020328408107161522,0.006902925670146942,True,Right,0.9601532816886902
vid4,122,4067,12,0.9962340593338013,0.25987738370895386,-0.00016446034715045244,0.048530131578445435,0.038162942975759506,0.011609137058258057,True,Right,0.9601532816886902
vid4,122,4067,13,0.9048914909362793,0.12717239558696747,-0.004479680676013231,0.0014141645515337586,0.0006737507646903396,-0.018676728010177612,True,Right,0.9601532816886902
vid4,122,4067,14,0.972324013710022,0.15793436765670776,-0.007182117085903883,0.02885511703789234,0.009703057818114758,-0.015901833772659302,True,Right,0.9601532816886902
vid4,122,4067,15,0.9880997538566589,0.22870713472366333,-0.01050597708672285,0.03800468519330025,0.02958902157843113,-0.010837316513061523,True,Right,0.9601532816886902
vid4,122,4067,16,0.9808555841445923,0.27939218282699585,-0.013499096035957336,0.03352437540888786,0.04790010675787926,-0.00485847145318985,True,Right,0.9601532816886902
vid4,122,4067,17,0.9046263694763184,0.1654643416404724,-0.022237202152609825,-0.007439408916980028,0.011228968389332294,-0.03427411615848541,True,Right,0.9601532816886902
vid4,122,4067,18,0.9480741620063782,0.21571792662143707,-0.02356305904686451,0.010797354392707348,0.02338329143822193,-0.0318298265337944,True,Right,0.9601532816886902
vid4,122,4067,19,0.9520549178123474,0.2694149911403656,-0.02305992878973484,0.01911075972020626,0.038968946784734726,-0.02376510202884674,True,Right,0.9601532816886902
vid4,122,4067,20,0.9385681748390198,0.31063446402549744,-0.02276632748544216,0.011262389831244946,0.05448005348443985,-0.014644123613834381,True,Right,0.9601532816886902
vid4,123,4100,0,0.7805682420730591,0.15665845572948456,3.0446207688328286e-07,-0.06943979114294052,0.04332813620567322,0.0004285350441932678,True,Right,0.9636518955230713
vid4,123,4100,1,0.8276277184486389,0.2175094485282898,0.01195316668599844,-0.04911143332719803,0.044343072921037674,0.018933318555355072,True,Right,0.9636518955230713
vid4,123,4100,2,0.8683736324310303,0.22645661234855652,0.011244896799325943,-0.026109712198376656,0.05234483629465103,0.04228651523590088,True,Right,0.9636518955230713
vid4,123,4100,3,0.8987431526184082,0.24521417915821075,0.0032144442666321993,-0.0038139813113957644,0.05752084031701088,0.07241590321063995,True,Right,0.9636518955230713
vid4,123,4100,4,0.9230948686599731,0.250859797000885,-0.0031974853482097387,0.010546678677201271,0.052611276507377625,0.10043534636497498,True,Right,0.9636518955230713
vid4,123,4100,5,0.8948470950126648,0.05657472833991051,0.020363841205835342,-0.003949164412915707,-0.005249521229416132,0.0285212192684412,True,Right,0.9636518955230713
vid4,123,4100,6,0.9553167819976807,0.07780209928750992,0.00928556453436613,0.024612311273813248,0.007499224040657282,0.02989351749420166,True,Right,0.9636518955230713
vid4,123,4100,7,0.9733170866966248,0.14564815163612366,-0.0029528203886002302,0.038056474179029465,0.022786494344472885,0.03607344627380371,True,Right,0.9636518955230713
vid4,123,4100,8,0.9709195494651794,0.20153078436851501,-0.009620072320103645,0.035491205751895905,0.045452289283275604,0.03189845383167267,True,Right,0.9636518955230713
vid4,123,4100,9,0.8964723944664001,0.044213853776454926,0.0061795394867658615,0.0004229881160426885,-0.007814781740307808,0.006744612008333206,True,Right,0.9636518955230713
vid4,123,4100,10,0.9672095775604248,0.06548845022916794,0.0013617990771308541,0.036643777042627335,0.0014527003513649106,0.005710482597351074,True,Right,0.9636518955230713
vid4,123,4100,11,0.9871828556060791,0.1328691840171814,-0.005309534724801779,0.04775029793381691,0.018876854330301285,0.008260175585746765,True,Right,0.9636518955230713
vid4,123,4100,12,0.9866629242897034,0.18630902469158173,-0.01041197869926691,0.04697185382246971,0.03620932251214981,0.01259225606918335,True,Right,0.9636518955230713
vid4,123,4100,13,0.8981024622917175,0.05705167353153229,-0.00943682249635458,0.0026326405350118876,0.0007923803059384227,-0.01843254268169403,True,Right,0.9636518955230713
vid4,123,4100,14,0.9687655568122864,0.08148740977048874,-0.014000384137034416,0.03297175094485283,0.008381057530641556,-0.015752941370010376,True,Right,0.9636518955230713
vid4,123,4100,15,0.9832216501235962,0.15045960247516632,-0.018002266064286232,0.04076294228434563,0.027693577110767365,-0.009352952241897583,True,Right,0.9636518955230713
vid4,123,4100,16,0.9756864905357361,0.20256508886814117,-0.021353332325816154,0.035866815596818924,0.04486376419663429,-0.005822114646434784,True,Right,0.9636518955230713
vid4,123,4100,17,0.9003363251686096,0.09615832567214966,-0.025324417278170586,-0.005378108937293291,0.012091082520782948,-0.034293413162231445,True,Right,0.9636518955230713
vid4,123,4100,18,0.9455816745758057,0.14586029946804047,-0.027328290045261383,0.015439128503203392,0.023520441725850105,-0.031472813338041306,True,Right,0.9636518955230713
vid4,123,4100,19,0.949641227722168,0.19952264428138733,-0.026863904669880867,0.02371829003095627,0.038863468915224075,-0.02171783149242401,True,Right,0.9636518955230713
vid4,123,4100,20,0.9369109272956848,0.24183258414268494,-0.02675631269812584,0.01580655388534069,0.054510727524757385,-0.012112468481063843,True,Right,0.9636518955230713
vid4,124,4133,0,0.777468204498291,0.11216861009597778,1.3066816961782024e-07,-0.07117573171854019,0.03993522748351097,-0.016724199056625366,True,Right,0.9625013470649719
vid4,124,4133,1,0.8193352818489075,0.17093414068222046,0.018694287165999413,-0.05162125825881958,0.04366346076130867,0.0056585893034935,True,Right,0.9625013470649719
vid4,124,4133,2,0.8602622151374817,0.1808796525001526,0.022656040266156197,-0.029049094766378403,0.05227642133831978,0.03427639603614807,True,Right,0.9625013470649719
vid4,124,4133,3,0.8910164833068848,0.1937742829322815,0.01836341619491577,-0.007175785023719072,0.05562722310423851,0.07098828256130219,True,Right,0.9625013470649719
vid4,124,4133,4,0.9161442518234253,0.19257107377052307,0.01500496082007885,0.008569464087486267,0.04746616631746292,0.1061641275882721,True,Right,0.9625013470649719
vid4,124,4133,5,0.8927277326583862,0.03266165032982826,0.03243020176887512,-0.00498233363032341,-0.0013723400188609958,0.028000185266137123,True,Right,0.9625013470649719
vid4,124,4133,6,0.942007839679718,0.03845939785242081,0.026207948103547096,0.01925692893564701,0.007994924671947956,0.03169793635606766,True,Right,0.9625013470649719
vid4,124,4133,7,0.9588789939880371,0.09730686992406845,0.015532011166214943,0.032479189336299896,0.02008194662630558,0.03501632809638977,True,Right,0.9625013470649719
vid4,124,4133,8,0.9558150768280029,0.14822973310947418,0.009026466868817806,0.030319318175315857,0.04025109484791756,0.030441313982009888,True,Right,0.9625013470649719
vid4,124,4133,9,0.8954408168792725,0.01788443699479103,0.01555198896676302,0.00020371060236357152,-0.00687644025310874,0.007640901952981949,True,Right,0.9625013470649719
vid4,124,4133,10,0.957227885723114,0.016179701313376427,0.013767697848379612,0.03586931899189949,-0.0019375551491975784,0.009183339774608612,True,Right,0.9625013470649719
vid4,124,4133,11,0.9769537448883057,0.07530725002288818,0.006930011324584484,0.045445676892995834,0.012778142467141151,0.007587634027004242,True,Right,0.9625013470649719
vid4,124,4133,12,0.9743397235870361,0.12642358243465424,0.001555637107230723,0.04658797010779381,0.029590656980872154,0.010662496089935303,True,Right,0.9625013470649719
vid4,124,4133,13,0.8965008854866028,0.02135569602251053,-0.002538264961913228,0.00410172063857317,-0.002178567461669445,-0.018207862973213196,True,Right,0.9625013470649719
vid4,124,4133,14,0.9616386890411377,0.02945089153945446,-0.006155100185424089,0.031919363886117935,0.003800266655161977,-0.015607237815856934,True,Right,0.9625013470649719
vid4,124,4133,15,0.9777757525444031,0.09179452061653137,-0.011793306097388268,0.04204542934894562,0.02222500555217266,-0.012927889823913574,True,Right,0.9625013470649719
vid4,124,4133,16,0.9718944430351257,0.1390414983034134,-0.016330165788531303,0.03996476158499718,0.0381271094083786,-0.013754956424236298,True,Right,0.9625013470649719
vid4,124,4133,17,0.8980585932731628,0.048978451639413834,-0.02004215680062771,-0.004153651650995016,0.0069799404591321945,-0.03492139279842377,True,Right,0.9625013470649719
vid4,124,4133,18,0.9400631189346313,0.09293186664581299,-0.022044304758310318,0.016008855774998665,0.019061358645558357,-0.03248295560479164,True,Right,0.9625013470649719
vid4,124,4133,19,0.9423007965087891,0.14308759570121765,-0.022014601156115532,0.024659419432282448,0.033272720873355865,-0.02564944326877594,True,Right,0.9625013470649719
vid4,124,4133,20,0.9272010922431946,0.1815522462129593,-0.022424861788749695,0.01512695662677288,0.04713163524866104,-0.020914360880851746,True,Right,0.9625013470649719
vid4,125,4167,0,0.7737873196601868,0.08422443270683289,9.639573761432985e-08,-0.07973777502775192,0.036966267973184586,-0.020943865180015564,True,Right,0.9600327014923096
vid4,125,4167,1,0.8182287216186523,0.13603655993938446,0.025745559483766556,-0.05567000061273575,0.0412934310734272,0.004200298339128494,True,Right,0.9600327014923096
vid4,125,4167,2,0.8543825149536133,0.14011675119400024,0.03425093740224838,-0.033344101160764694,0.04877341538667679,0.03269776701927185,True,Right,0.9600327014923096
vid4,125,4167,3,0.8803020715713501,0.1472846120595932,0.03213963285088539,-0.011982142925262451,0.050253551453351974,0.0689154863357544,True,Right,0.9600327014923096
vid4,125,4167,4,0.9017410278320312,0.14152801036834717,0.02977622300386429,0.003472986165434122,0.04295727610588074,0.09796525537967682,True,Right,0.9600327014923096
vid4,125,4167,5,0.8944133520126343,0.021617911756038666,0.048603594303131104,-0.003923824522644281,0.0006360969273373485,0.02942042239010334,True,Right,0.9600327014923096
vid4,125,4167,6,0.935149610042572,0.00962896179407835,0.0456475168466568,0.020036393776535988,0.005123862065374851,0.029753491282463074,True,Right,0.9600327014923096
vid4,125,4167,7,0.952526330947876,0.05620646849274635,0.03539220616221428,0.03404732421040535,0.014609187841415405,0.027396827936172485,True,Right,0.9600327014923096
vid4,125,4167,8,0.9507623314857483,0.10169795155525208,0.028932135552167892,0.03226307034492493,0.03251475468277931,0.01674783229827881,True,Right,0.9600327014923096
vid4,125,4167,9,0.8971552848815918,0.00884315650910139,0.027987241744995117,0.0009419976267963648,-0.0066192843951284885,0.007847877219319344,True,Right,0.9600327014923096
vid4,125,4167,10,0.9490736722946167,-0.008311295881867409,0.029766395688056946,0.03484426438808441,-0.0037290893960744143,0.0073172301054000854,True,Right,0.9600327014923096
vid4,125,4167,11,0.9676152467727661,0.038170427083969116,0.02158125303685665,0.046173471957445145,0.009801222942769527,-0.0009663552045822144,True,Right,0.9600327014923096
vid4,125,4167,12,0.9640217423439026,0.08369706571102142,0.014691569842398167,0.046629130840301514,0.02576627768576145,-0.004708647727966309,True,Right,0.9600327014923096
vid4,125,4167,13,0.8968690037727356,0.004362992011010647,0.0058579216711223125,0.0033347534481436014,-0.0034772243816405535,-0.019091114401817322,True,Right,0.9600327014923096
vid4,125,4167,14,0.9518841505050659,0.0036183735355734825,0.00544709200039506,0.030542172491550446,0.0010831714607775211,-0.018195748329162598,True,Right,0.9600327014923096
vid4,125,4167,15,0.9659030437469482,0.0556543692946434,-0.00146939093247056,0.04005425050854683,0.0189658273011446,-0.019364774227142334,True,Right,0.9600327014923096
vid4,125,4167,16,0.9572582840919495,0.09728363156318665,-0.007488112896680832,0.03707750514149666,0.03536009415984154,-0.025832653045654297,True,Right,0.9600327014923096
vid4,125,4167,17,0.894198477268219,0.01847384124994278,-0.015501296147704124,-0.006108616478741169,0.003843033919110894,-0.03808879852294922,True,Right,0.9600327014923096
vid4,125,4167,18,0.9322420358657837,0.053848788142204285,-0.01548678893595934,0.014933764934539795,0.014398367144167423,-0.036823127418756485,True,Right,0.9600327014923096
vid4,125,4167,19,0.933789849281311,0.10084302723407745,-0.015309535898268223,0.02314663492143154,0.029350709170103073,-0.03308528661727905,True,Right,0.9600327014923096
vid4,125,4167,20,0.9168069362640381,0.13802434504032135,-0.015869121998548508,0.0136386938393116,0.04329386353492737,-0.03244428336620331,True,Right,0.9600327014923096
vid4,126,4200,0,0.763505220413208,0.06992969661951065,1.0367156022539348e-07,-0.0732278898358345,0.03879576176404953,-0.025961365550756454,True,Right,0.9821958541870117
vid4,126,4200,1,0.8076301217079163,0.11944478750228882,0.04415374994277954,-0.05255255103111267,0.044231023639440536,0.0004154480993747711,True,Right,0.9821958541870117
vid4,126,4200,2,0.8433670997619629,0.1173335462808609,0.06317669153213501,-0.02971826121211052,0.04836684465408325,0.030751854181289673,True,Right,0.9821958541870117
vid4,126,4200,3,0.8694731593132019,0.12405132502317429,0.06572021543979645,-0.009643224999308586,0.048575546592473984,0.06420338153839111,True,Right,0.9821958541870117
vid4,126,4200,4,0.8939235210418701,0.12023039162158966,0.06639385223388672,0.009070281870663166,0.043200861662626266,0.09038650989532471,True,Right,0.9821958541870117
vid4,126,4200,5,0.8721939921379089,0.0026801060885190964,0.08597096800804138,-0.005565382074564695,0.0019515699241310358,0.02903539314866066,True,Right,0.9821958541870117
vid4,126,4200,6,0.9128432273864746,-0.015383612364530563,0.09302081167697906,0.01740923523902893,0.0013806633651256561,0.03257317841053009,True,Right,0.9821958541870117
vid4,126,4200,7,0.9317355751991272,0.01592995971441269,0.08779739588499069,0.031208742409944534,0.007475653197616339,0.03115052357316017,True,Right,0.9821958541870117
vid4,126,4200,8,0.9332295656204224,0.04671873897314072,0.08414394408464432,0.032593823969364166,0.019195441156625748,0.016893967986106873,True,Right,0.9821958541870117
vid4,126,4200,9,0.8794295787811279,-0.008078708313405514,0.05587166175246239,0.00024297441996168345,-0.006195868831127882,0.008522069081664085,True,Right,0.9821958541870117
vid4,126,4200,10,0.9340322613716125,-0.019150957465171814,0.0639917179942131,0.034816984087228775,-0.0016533435555174947,0.008907034993171692,True,Right,0.9821958541870117
vid4,126,4200,11,0.9534158706665039,0.027074525132775307,0.055433351546525955,0.04843774437904358,0.011720729991793633,-0.00048045814037323,True,Right,0.9821958541870117
vid4,126,4200,12,0.9478635787963867,0.07171562314033508,0.04887544363737106,0.04696052148938179,0.027676327154040337,-0.00865057110786438,True,Right,0.9821958541870117
vid4,126,4200,13,0.8839651346206665,-0.015120516531169415,0.024039115756750107,0.004210190381854773,-0.0049032047390937805,-0.018443092703819275,True,Right,0.9821958541870117
vid4,126,4200,14,0.9378025531768799,-0.0021443222649395466,0.028197284787893295,0.03141316771507263,0.005136385560035706,-0.01609083265066147,True,Right,0.9821958541870117
vid4,126,4200,15,0.9410393238067627,0.05544658750295639,0.021890273317694664,0.03874926269054413,0.025051923468708992,-0.017041802406311035,True,Right,0.9821958541870117
vid4,126,4200,16,0.922583281993866,0.09672482311725616,0.01733655482530594,0.02881290577352047,0.04074940085411072,-0.020572904497385025,True,Right,0.9821958541870117
vid4,126,4200,17,0.8863345980644226,-0.008393040858209133,-0.006012876518070698,-0.0005470041651278734,0.0034179920330643654,-0.03849180042743683,True,Right,0.9821958541870117
vid4,126,4200,18,0.9278480410575867,0.020549433305859566,-0.0019553627353161573,0.022994432598352432,0.012050521560013294,-0.03888465836644173,True,Right,0.9821958541870117
vid4,126,4200,19,0.9282655715942383,0.07417234778404236,-0.0006583919748663902,0.03256027027964592,0.027670089155435562,-0.03627566993236542,True,Right,0.9821958541870117
vid4,126,4200,20,0.9098821878433228,0.11633926630020142,-0.00031842500902712345,0.02256946451961994,0.04382018744945526,-0.038522280752658844,True,Right,0.9821958541870117
vid4,127,4233,0,0.7638404965400696,0.06945812702178955,7.789805778202208e-08,-0.06844338029623032,0.03860853984951973,-0.023504316806793213,True,Right,0.9896450638771057
vid4,127,4233,1,0.8079680800437927,0.11978666484355927,0.04412169009447098,-0.04600707069039345,0.045110903680324554,0.00170985609292984,True,Right,0.9896450638771057
vid4,127,4233,2,0.8456917405128479,0.11654944717884064,0.06497937440872192,-0.02365029603242874,0.04836788773536682,0.026539862155914307,True,Right,0.9896450638771057
vid4,127,4233,3,0.8747629523277283,0.12107929587364197,0.06962282955646515,-0.00014380138600245118,0.04721727967262268,0.047151848673820496,True,Right,0.9896450638771057
vid4,127,4233,4,0.9013258218765259,0.11314721405506134,0.07232388108968735,0.017434315755963326,0.03888581320643425,0.06337136030197144,True,Right,0.9896450638771057
vid4,127,4233,5,0.8674205541610718,0.0072060744278132915,0.08925378322601318,-0.0051095266826450825,0.005029051564633846,0.0285368449985981,True,Right,0.9896450638771057
vid4,127,4233,6,0.9104995727539062,-0.006180987693369389,0.09902286529541016,0.019586194306612015,0.004047350492328405,0.03052985668182373,True,Right,0.9896450638771057
vid4,127,4233,7,0.9302150011062622,0.019961079582571983,0.09523582458496094,0.03317233920097351,0.007328121457248926,0.028233997523784637,True,Right,0.9896450638771057
vid4,127,4233,8,0.9346479773521423,0.0474042072892189,0.09222681820392609,0.03686727583408356,0.017597977072000504,0.013897176831960678,True,Right,0.9896450638771057
vid4,127,4233,9,0.8728562593460083,-0.006555131636559963,0.06048738956451416,0.00022422490292228758,-0.005565468221902847,0.008758831769227982,True,Right,0.9896450638771057
vid4,127,4233,10,0.9237655997276306,-0.018662357702851295,0.06959298253059387,0.031232153996825218,-0.0007185903959907591,0.006072059273719788,True,Right,0.9896450638771057
vid4,127,4233,11,0.944226086139679,0.02188313938677311,0.05881549417972565,0.044720008969306946,0.008498826995491982,-0.002741396427154541,True,Right,0.9896450638771057
vid4,127,4233,12,0.9426684975624084,0.06469646096229553,0.050416700541973114,0.04521266371011734,0.02380821481347084,-0.011337518692016602,True,Right,0.9896450638771057
vid4,127,4233,13,0.8761003613471985,-0.01759626343846321,0.03013690747320652,0.003496722085401416,-0.005362662021070719,-0.01780521869659424,True,Right,0.9896450638771057
vid4,127,4233,14,0.9259718656539917,-0.002441172720864415,0.03392551466822624,0.027247197926044464,0.005118115805089474,-0.016898617148399353,True,Right,0.9896450638771057
vid4,127,4233,15,0.9286134243011475,0.05900372937321663,0.023707862943410873,0.03482714295387268,0.024661652743816376,-0.017801225185394287,True,Right,0.9896450638771057
vid4,127,4233,16,0.9112683534622192,0.10413943231105804,0.016872882843017578,0.02653385140001774,0.040581800043582916,-0.022131580859422684,True,Right,0.9896450638771057
vid4,127,4233,17,0.8789301514625549,-0.01568211428821087,0.002063570311293006,-0.0033321271184831858,0.0004873668949585408,-0.037853047251701355,True,Right,0.9896450638771057
vid4,127,4233,18,0.9219738841056824,0.006929164286702871,0.006284631323069334,0.022679291665554047,0.006199136842042208,-0.03873569145798683,True,Right,0.9896450638771057
vid4,127,4233,19,0.9223987460136414,0.06202469766139984,0.006055615376681089,0.03133847936987877,0.021238908171653748,-0.036408886313438416,True,Right,0.9896450638771057
vid4,127,4233,20,0.9039044380187988,0.1079031378030777,0.005297249183058739,0.024115504696965218,0.037943217903375626,-0.037661708891391754,True,Right,0.9896450638771057
vid4,128,4267,0,0.7664259076118469,0.07556605339050293,6.246401085263642e-08,-0.07280660420656204,0.034936800599098206,-0.018899444490671158,True,Right,0.9864445328712463
vid4,128,4267,1,0.8071326613426208,0.12772823870182037,0.038258668035268784,-0.049186140298843384,0.042808324098587036,0.002531789243221283,True,Right,0.9864445328712463
vid4,128,4267,2,0.8425425291061401,0.12612153589725494,0.054854750633239746,-0.027305740863084793,0.048241253942251205,0.031095117330551147,True,Right,0.9864445328712463
vid4,128,4267,3,0.8681135177612305,0.13051722943782806,0.05733130872249603,-0.006878216750919819,0.047409527003765106,0.05587771162390709,True,Right,0.9864445328712463
vid4,128,4267,4,0.8901935815811157,0.12245714664459229,0.05855729058384895,0.00909263826906681,0.04015118256211281,0.07805949449539185,True,Right,0.9864445328712463
vid4,128,4267,5,0.869610607624054,0.022596413269639015,0.07325191795825958,-0.004861089400947094,0.0035092795733362436,0.027854664251208305,True,Right,0.9864445328712463
vid4,128,4267,6,0.9100086092948914,0.008955052122473717,0.07929400354623795,0.019216332584619522,0.00518422806635499,0.029098883271217346,True,Right,0.9864445328712463
vid4,128,4267,7,0.9263818264007568,0.04214213415980339,0.07467226684093475,0.03254581242799759,0.011261997744441032,0.025142721831798553,True,Right,0.9864445328712463
vid4,128,4267,8,0.9249823093414307,0.07665044814348221,0.07116857916116714,0.030658837407827377,0.02528076246380806,0.0074600763618946075,True,Right,0.9864445328712463
vid4,128,4267,9,0.8744686245918274,0.010567380115389824,0.046444766223430634,0.000637599325273186,-0.005381294060498476,0.007987000048160553,True,Right,0.9864445328712463
vid4,128,4267,10,0.9242272973060608,-0.00997272226959467,0.05397286266088486,0.03163730725646019,-0.003760645864531398,0.007933154702186584,True,Right,0.9864445328712463
vid4,128,4267,11,0.9452165961265564,0.029551805928349495,0.04592829570174217,0.045709121972322464,0.00556420860812068,-0.0021001845598220825,True,Right,0.9864445328712463
vid4,128,4267,12,0.9424876570701599,0.07158282399177551,0.03878346085548401,0.04730789735913277,0.02187860943377018,-0.008352607488632202,True,Right,0.9864445328712463
vid4,128,4267,13,0.8765091300010681,0.001942232483997941,0.018187332898378372,0.0027955491095781326,-0.004892046097666025,-0.017716646194458008,True,Right,0.9864445328712463
vid4,128,4267,14,0.9282823204994202,-0.005835911724716425,0.022060684859752655,0.02915898710489273,-0.0029155814554542303,-0.015973173081874847,True,Right,0.9864445328712463
vid4,128,4267,15,0.9379509687423706,0.04797173663973808,0.015370648354291916,0.03935891389846802,0.016019999980926514,-0.02000477910041809,True,Right,0.9864445328712463
vid4,128,4267,16,0.9253147840499878,0.09080260992050171,0.009528422728180885,0.0350433848798275,0.03129791095852852,-0.026014432311058044,True,Right,0.9864445328712463
vid4,128,4267,17,0.8772039413452148,0.007884117774665356,-0.008481055498123169,-0.004000192973762751,0.0005066933226771653,-0.03787675499916077,True,Right,0.9864445328712463
vid4,128,4267,18,0.9195266962051392,0.019963089376688004,-0.005726418923586607,0.020448820665478706,0.0035886873956769705,-0.03795657306909561,True,Right,0.9864445328712463
vid4,128,4267,19,0.9222225546836853,0.0696738213300705,-0.005225899163633585,0.029800530523061752,0.01912788301706314,-0.03668209910392761,True,Right,0.9864445328712463
vid4,128,4267,20,0.9054917097091675,0.11252768337726593,-0.006063769105821848,0.02295394241809845,0.036280564963817596,-0.040051937103271484,True,Right,0.9864445328712463
vid4,129,4300,0,0.7660259008407593,0.08317054808139801,6.24882972033447e-08,-0.07869545370340347,0.03576982766389847,-0.020166069269180298,True,Right,0.9386273622512817
vid4,129,4300,1,0.7989861965179443,0.1359519213438034,0.026849577203392982,-0.056691378355026245,0.04011428728699684,0.0048525370657444,True,Right,0.9386273622512817
vid4,129,4300,2,0.8309704661369324,0.13606655597686768,0.03689245134592056,-0.038004226982593536,0.046084582805633545,0.03853127360343933,True,Right,0.9386273622512817
vid4,129,4300,3,0.8516735434532166,0.137102872133255,0.03609080612659454,-0.020771529525518417,0.04436691105365753,0.07683916389942169,True,Right,0.9386273622512817
vid4,129,4300,4,0.8705489039421082,0.12990573048591614,0.0350651741027832,-0.008551482111215591,0.03476586192846298,0.11603699624538422,True,Right,0.9386273622512817
vid4,129,4300,5,0.8753275275230408,0.024471139535307884,0.04727659001946449,-0.003515325952321291,-0.0002779219357762486,0.0290056224912405,True,Right,0.9386273622512817
vid4,129,4300,6,0.9176358580589294,0.00790704321116209,0.0442642979323864,0.02106819860637188,0.0005237019504420459,0.031918033957481384,True,Right,0.9386273622512817
vid4,129,4300,7,0.9326738715171814,0.04867260903120041,0.03622130677103996,0.03346594050526619,0.00970427505671978,0.030162833631038666,True,Right,0.9386273622512817
vid4,129,4300,8,0.9271380305290222,0.08714540302753448,0.03226975351572037,0.02932709828019142,0.026291731745004654,0.01598798856139183,True,Right,0.9386273622512817
vid4,129,4300,9,0.878372848033905,0.014905054122209549,0.025940420106053352,0.0013853298733010888,-0.005874982103705406,0.0070628821849823,True,Right,0.9386273622512817
vid4,129,4300,10,0.9322367310523987,-0.003156168619170785,0.025307049974799156,0.03459760546684265,-0.004406001418828964,0.00813804566860199,True,Right,0.9386273622512817
vid4,129,4300,11,0.94889235496521,0.045656781643629074,0.017980845645070076,0.0446348711848259,0.009424270130693913,-8.480250835418701e-05,True,Right,0.9386273622512817
vid4,129,4300,12,0.9402308464050293,0.08965367823839188,0.013392122462391853,0.04028955474495888,0.027436690405011177,-0.00167924165725708,True,Right,0.9386273622512817
vid4,129,4300,13,0.8795873522758484,0.011533440090715885,0.0033482250291854143,0.003626491641625762,-0.0017031875904649496,-0.018369704484939575,True,Right,0.9386273622512817
vid4,129,4300,14,0.9338231086730957,0.017653800547122955,0.0003619526978582144,0.03044102154672146,0.0032460479997098446,-0.01689184457063675,True,Right,0.9386273622512817
vid4,129,4300,15,0.9402639269828796,0.07447032630443573,-0.005094895139336586,0.03664499148726463,0.02412383258342743,-0.018808841705322266,True,Right,0.9386273622512817
vid4,129,4300,16,0.9249138236045837,0.11523284018039703,-0.007779846433550119,0.029544254764914513,0.039384350180625916,-0.020971860736608505,True,Right,0.9386273622512817
vid4,129,4300,17,0.879501461982727,0.024495432153344154,-0.018191473558545113,-0.004984206985682249,0.005454508122056723,-0.037868350744247437,True,Right,0.9386273622512817
vid4,129,4300,18,0.9210968017578125,0.05001138150691986,-0.020125823095440865,0.016844678670167923,0.01234747190028429,-0.03632808104157448,True,Right,0.9386273622512817
vid4,129,4300,19,0.9216424822807312,0.0990748256444931,-0.019387630745768547,0.025020189583301544,0.028712527826428413,-0.032135605812072754,True,Right,0.9386273622512817
vid4,129,4300,20,0.903154730796814,0.13706021010875702,-0.018195662647485733,0.01598534546792507,0.04545902833342552,-0.03360241651535034,True,Right,0.9386273622512817
vid4,130,4333,0,0.7614796757698059,0.10325788706541061,1.2706499319392606e-07,-0.07046489417552948,0.03905360400676727,-0.021764617413282394,True,Right,0.9521893858909607
vid4,130,4333,1,0.7950404286384583,0.15979042649269104,0.018079815432429314,-0.05363113433122635,0.040834940969944,0.005711793899536133,True,Right,0.9521893858909607
vid4,130,4333,2,0.829883337020874,0.1570715308189392,0.023532461374998093,-0.03300684317946434,0.046693380922079086,0.035801440477371216,True,Right,0.9521893858909607
vid4,130,4333,3,0.8507727384567261,0.15396803617477417,0.020764978602528572,-0.01814916543662548,0.044319916516542435,0.0733100175857544,True,Right,0.9521893858909607
vid4,130,4333,4,0.8676941990852356,0.1468595564365387,0.01886562630534172,-0.009259743615984917,0.03364426642656326,0.11405991017818451,True,Right,0.9521893858909607
vid4,130,4333,5,0.8662609457969666,0.023391766473650932,0.03225865215063095,-0.0055478233844041824,-0.0031139422208070755,0.027080237865447998,True,Right,0.9521893858909607
vid4,130,4333,6,0.9170836806297302,0.03150148317217827,0.026508957147598267,0.02029995061457157,0.005152046214789152,0.032215893268585205,True,Right,0.9521893858909607
vid4,130,4333,7,0.9317461252212524,0.08842187374830246,0.0171153973788023,0.03181967884302139,0.01885952241718769,0.038938336074352264,True,Right,0.9521893858909607
vid4,130,4333,8,0.925095796585083,0.13934624195098877,0.012229238636791706,0.0288320854306221,0.03936837986111641,0.03156740963459015,True,Right,0.9521893858909607
vid4,130,4333,9,0.8703583478927612,0.011003113351762295,0.01665528304874897,0.0006665802793577313,-0.006370978429913521,0.006847333163022995,True,Right,0.9521893858909607
vid4,130,4333,10,0.9321860074996948,0.01272972859442234,0.015998831018805504,0.035425879061222076,-0.0008564944146201015,0.009051986038684845,True,Right,0.9521893858909607
vid4,130,4333,11,0.9510245323181152,0.06721776723861694,0.009533876553177834,0.04592777416110039,0.011680015362799168,0.010132834315299988,True,Right,0.9521893858909607
vid4,130,4333,12,0.9478114247322083,0.11851809173822403,0.004529695957899094,0.04564895108342171,0.03060236945748329,0.010716348886489868,True,Right,0.9521893858909607
vid4,130,4333,13,0.8746353387832642,0.018350038677453995,-5.761647844337858e-05,0.004591961856931448,-0.00010427957022329792,-0.017543070018291473,True,Right,0.9521893858909607
vid4,130,4333,14,0.9381458163261414,0.024402108043432236,-0.0009028862696141005,0.032496675848960876,0.0034948361571878195,-0.013257645070552826,True,Right,0.9521893858909607
vid4,130,4333,15,0.9531154632568359,0.07945644855499268,-0.006973905488848686,0.041933972388505936,0.018999332562088966,-0.01258280873298645,True,Right,0.9521893858909607
vid4,130,4333,16,0.945491373538971,0.12739838659763336,-0.011951692402362823,0.04321036860346794,0.03588150441646576,-0.009576335549354553,True,Right,0.9521893858909607
vid4,130,4333,17,0.8798806667327881,0.050432369112968445,-0.016525322571396828,-0.0014486577128991485,0.009208662435412407,-0.0352439284324646,True,Right,0.9521893858909607
vid4,130,4333,18,0.9221528172492981,0.08204072713851929,-0.016124926507472992,0.019276419654488564,0.017523929476737976,-0.030436677858233452,True,Right,0.9521893858909607
vid4,130,4333,19,0.92703777551651,0.12896466255187988,-0.015922509133815765,0.028880180791020393,0.033293724060058594,-0.02293345332145691,True,Right,0.9521893858909607
vid4,130,4333,20,0.9139627814292908,0.1698002964258194,-0.016360148787498474,0.02430536225438118,0.04812077432870865,-0.020522385835647583,True,Right,0.9521893858909607
vid4,131,4367,0,0.7588386535644531,0.13650622963905334,1.3241429996924126e-07,-0.0691746324300766,0.04243345558643341,-0.007650841027498245,True,Right,0.9870337843894958
vid4,131,4367,1,0.7969056963920593,0.19427934288978577,0.015603456646203995,-0.04919181019067764,0.03984156996011734,0.016774151474237442,True,Right,0.9870337843894958
vid4,131,4367,2,0.8348386883735657,0.19518360495567322,0.016098491847515106,-0.02805710770189762,0.04856609180569649,0.040713757276535034,True,Right,0.9870337843894958
vid4,131,4367,3,0.861734926700592,0.2054155170917511,0.008338206447660923,-0.010673006996512413,0.050073977559804916,0.07049748301506042,True,Right,0.9870337843894958
vid4,131,4367,4,0.884969174861908,0.20884346961975098,0.0016483935760334134,0.002120169810950756,0.04492118954658508,0.10182908177375793,True,Right,0.9870337843894958
vid4,131,4367,5,0.8633425831794739,0.04109296202659607,0.018760921433568,-0.0035227492917329073,-0.0063509573228657246,0.028462275862693787,True,Right,0.9870337843894958
vid4,131,4367,6,0.9289903044700623,0.05418063700199127,0.004712562542408705,0.02398640662431717,0.004424589220434427,0.033746182918548584,True,Right,0.9870337843894958
vid4,131,4367,7,0.9469733834266663,0.11912938207387924,-0.008588430471718311,0.03673378378152847,0.019601725041866302,0.039395228028297424,True,Right,0.9870337843894958
vid4,131,4367,8,0.9386614561080933,0.17685167491436005,-0.014549038372933865,0.030102573335170746,0.041014622896909714,0.03409876674413681,True,Right,0.9870337843894958
vid4,131,4367,9,0.8667795658111572,0.03510299324989319,0.002000286243855953,0.00016240203694906086,-0.006721982266753912,0.006565410643815994,True,Right,0.9870337843894958
vid4,131,4367,10,0.9379851222038269,0.04539738968014717,-0.0037242788821458817,0.035885490477085114,-0.0005217751604504883,0.008836746215820312,True,Right,0.9870337843894958
vid4,131,4367,11,0.9570451378822327,0.11075475811958313,-0.009785490110516548,0.044033482670784,0.01407581102102995,0.009831830859184265,True,Right,0.9870337843894958
vid4,131,4367,12,0.9515640139579773,0.16332940757274628,-0.013937888666987419,0.04120778664946556,0.03209242224693298,0.01332142949104309,True,Right,0.9870337843894958
vid4,131,4367,13,0.8694539666175842,0.05213974416255951,-0.015759633854031563,0.0029922667890787125,0.0014079523971304297,-0.01883106678724289,True,Right,0.9870337843894958
vid4,131,4367,14,0.9428153038024902,0.06105712428689003,-0.021323446184396744,0.03165406733751297,0.005804429762065411,-0.014268524944782257,True,Right,0.9870337843894958
vid4,131,4367,15,0.9560765624046326,0.12804552912712097,-0.02329842559993267,0.04094241186976433,0.024386271834373474,-0.011476248502731323,True,Right,0.9870337843894958
vid4,131,4367,16,0.9448255896568298,0.17846080660820007,-0.024734988808631897,0.03763028234243393,0.0400826670229435,-0.008267723023891449,True,Right,0.9870337843894958
vid4,131,4367,17,0.8730320334434509,0.09417305141687393,-0.03340231627225876,-0.004649406764656305,0.013036707416176796,-0.03629350662231445,True,Right,0.9870337843894958
vid4,131,4367,18,0.9224721193313599,0.12725114822387695,-0.03836216777563095,0.0177635308355093,0.022482650354504585,-0.03112035244703293,True,Right,0.9870337843894958
vid4,131,4367,19,0.925373911857605,0.1803133338689804,-0.03654709830880165,0.025282517075538635,0.03918188810348511,-0.023044943809509277,True,Right,0.9870337843894958
vid4,131,4367,20,0.9086636304855347,0.22268740832805634,-0.034524641931056976,0.015611971728503704,0.050848495215177536,-0.01608702540397644,True,Right,0.9870337843894958
vid4,132,4400,0,0.7552841901779175,0.18389861285686493,7.030737947388843e-08,-0.07336629182100296,0.04139504209160805,-0.0009421966969966888,True,Right,0.9753552079200745
vid4,132,4400,1,0.7987564206123352,0.24631674587726593,0.019128110259771347,-0.050417933613061905,0.03970068693161011,0.021083783358335495,True,Right,0.9753552079200745
vid4,132,4400,2,0.8373886942863464,0.24688398838043213,0.02185775712132454,-0.027970198541879654,0.047387685626745224,0.04575201869010925,True,Right,0.9753552079200745
vid4,132,4400,3,0.8669803142547607,0.256804496049881,0.015637023374438286,-0.007979601621627808,0.049209922552108765,0.07506044954061508,True,Right,0.9753552079200745
vid4,132,4400,4,0.8918392062187195,0.2661638855934143,0.010388060472905636,0.007491048891097307,0.046294551342725754,0.10393373668193817,True,Right,0.9753552079200745
vid4,132,4400,5,0.8665787577629089,0.09101521223783493,0.022152232006192207,-0.0031791331712156534,-0.007185915019363165,0.029250945895910263,True,Right,0.9753552079200745
vid4,132,4400,6,0.9317833185195923,0.11047663539648056,0.0094468854367733,0.025949425995349884,0.005956710781902075,0.031717970967292786,True,Right,0.9753552079200745
vid4,132,4400,7,0.9485571980476379,0.1764954775571823,-0.0018380865221843123,0.038306716829538345,0.02208680845797062,0.03666580468416214,True,Right,0.9753552079200745
vid4,132,4400,8,0.9402823448181152,0.23327285051345825,-0.006389167159795761,0.030069146305322647,0.0448419563472271,0.03223494067788124,True,Right,0.9753552079200745
vid4,132,4400,9,0.8694756627082825,0.08445809781551361,0.004011568147689104,0.00045737045002169907,-0.0069259535521268845,0.006668597459793091,True,Right,0.9753552079200745
vid4,132,4400,10,0.943110466003418,0.10408715903759003,-0.0011713753920048475,0.03888903930783272,0.000830354867503047,0.007960617542266846,True,Right,0.9753552079200745
vid4,132,4400,11,0.9619796276092529,0.17274241149425507,-0.004925355315208435,0.046414814889431,0.018349548801779747,0.009721741080284119,True,Right,0.9753552079200745
vid4,132,4400,12,0.9561629295349121,0.22416292130947113,-0.006888929288834333,0.04260468855500221,0.0358772799372673,0.015303254127502441,True,Right,0.9753552079200745
vid4,132,4400,13,0.8710491061210632,0.1025303453207016,-0.014933890663087368,0.0027083975728601217,0.001807079534046352,-0.019358202815055847,True,Right,0.9753552079200745
vid4,132,4400,14,0.9431414008140564,0.12357120215892792,-0.020332779735326767,0.03251470625400543,0.008778281509876251,-0.01563989371061325,True,Right,0.9753552079200745
vid4,132,4400,15,0.9555273056030273,0.1941472291946411,-0.01962464116513729,0.04056501388549805,0.02945484220981598,-0.011546939611434937,True,Right,0.9753552079200745
vid4,132,4400,16,0.9438320994377136,0.24401888251304626,-0.018295643851161003,0.034588493406772614,0.04586688056588173,-0.007290441542863846,True,Right,0.9753552079200745
vid4,132,4400,17,0.8730796575546265,0.144744873046875,-0.03348619118332863,-0.006060816813260317,0.013911454938352108,-0.036153554916381836,True,Right,0.9753552079200745
vid4,132,4400,18,0.9240841865539551,0.1796204149723053,-0.03780059143900871,0.01691955141723156,0.024137111380696297,-0.03163640573620796,True,Right,0.9753552079200745
vid4,132,4400,19,0.9281477332115173,0.2342579960823059,-0.03453454002737999,0.026049109175801277,0.03971920907497406,-0.023067504167556763,True,Right,0.9753552079200745
vid4,132,4400,20,0.9136028289794922,0.2781520485877991,-0.030829379335045815,0.01721184328198433,0.05384596064686775,-0.014682531356811523,True,Right,0.9753552079200745
vid4,133,4433,0,0.7528717517852783,0.23277844488620758,5.967313398969054e-08,-0.07625903934240341,0.03823472559452057,0.0008477307856082916,True,Right,0.9740610718727112
vid4,133,4433,1,0.7999601364135742,0.29765385389328003,0.01928248070180416,-0.05230884999036789,0.037508703768253326,0.02318859100341797,True,Right,0.9740610718727112
vid4,133,4433,2,0.8396040201187134,0.30056554079055786,0.02175622619688511,-0.02870974689722061,0.04531003162264824,0.04740670323371887,True,Right,0.9740610718727112
vid4,133,4433,3,0.8699932098388672,0.31266215443611145,0.015136410482227802,-0.0076536573469638824,0.048510316759347916,0.07526776194572449,True,Right,0.9740610718727112
vid4,133,4433,4,0.8945325016975403,0.325638085603714,0.009311066940426826,0.007813842035830021,0.046991538256406784,0.10233424603939056,True,Right,0.9740610718727112
vid4,133,4433,5,0.8699989914894104,0.14781181514263153,0.021145815029740334,-0.0024155694991350174,-0.00780797703191638,0.029369868338108063,True,Right,0.9740610718727112
vid4,133,4433,6,0.9346621632575989,0.17436327040195465,0.008161906152963638,0.0258344653993845,0.0074318405240774155,0.031706809997558594,True,Right,0.9740610718727112
vid4,133,4433,7,0.9496217966079712,0.24272564053535461,-0.003502089064568281,0.03792037069797516,0.025029337033629417,0.03719030320644379,True,Right,0.9740610718727112
vid4,133,4433,8,0.9409890174865723,0.29803940653800964,-0.00867627002298832,0.02949712797999382,0.04754344001412392,0.035310547798871994,True,Right,0.9740610718727112
vid4,133,4433,9,0.87288898229599,0.14211887121200562,0.0026264172047376633,0.0008002241374924779,-0.007124006748199463,0.006429474800825119,True,Right,0.9740610718727112
vid4,133,4433,10,0.9469732642173767,0.16961704194545746,-0.0035707068163901567,0.0393347293138504,0.003514565760269761,0.007656797766685486,True,Right,0.9740610718727112
vid4,133,4433,11,0.9640076756477356,0.24103249609470367,-0.008375340141355991,0.04617738351225853,0.021736741065979004,0.010111555457115173,True,Right,0.9740610718727112
vid4,133,4433,12,0.9572429060935974,0.29244717955589294,-0.011152610182762146,0.042208343744277954,0.03927512466907501,0.01666852831840515,True,Right,0.9740610718727112
vid4,133,4433,13,0.8741813898086548,0.16062210500240326,-0.016562609001994133,0.002279010135680437,0.002292555058375001,-0.019433341920375824,True,Right,0.9740610718727112
vid4,133,4433,14,0.9447886347770691,0.1912897378206253,-0.022295676171779633,0.03186827152967453,0.012058688327670097,-0.016293704509735107,True,Right,0.9740610718727112
vid4,133,4433,15,0.9549974799156189,0.26351845264434814,-0.022881174460053444,0.03873729705810547,0.03348027169704437,-0.01068425178527832,True,Right,0.9740610718727112
vid4,133,4433,16,0.9422860145568848,0.3125047981739044,-0.02264787256717682,0.03215230628848076,0.04900584742426872,-0.0046046338975429535,True,Right,0.9740610718727112
vid4,133,4433,17,0.8753276467323303,0.20210100710391998,-0.03532687574625015,-0.006720338948071003,0.014595981687307358,-0.036318033933639526,True,Right,0.9740610718727112
vid4,133,4433,18,0.9241873025894165,0.243293896317482,-0.03925550356507301,0.015886247158050537,0.026461323723196983,-0.03142385929822922,True,Right,0.9740610718727112
vid4,133,4433,19,0.92775958776474,0.29737231135368347,-0.03665313497185707,0.0244966559112072,0.04191845282912254,-0.022102802991867065,True,Right,0.9740610718727112
vid4,133,4433,20,0.9137732982635498,0.33960646390914917,-0.033804915845394135,0.015332660637795925,0.054197072982788086,-0.012344390153884888,True,Right,0.9740610718727112
vid4,134,4467,0,0.7543352246284485,0.2878059148788452,7.534047341550831e-08,-0.07959006726741791,0.036136873066425323,0.0013594664633274078,True,Right,0.9783604741096497
vid4,134,4467,1,0.8021419048309326,0.35098716616630554,0.021229341626167297,-0.0538129098713398,0.036034420132637024,0.024995416402816772,True,Right,0.9783604741096497
vid4,134,4467,2,0.8417591452598572,0.3507367968559265,0.024454468861222267,-0.030259599909186363,0.0422842763364315,0.05231091380119324,True,Right,0.9783604741096497
vid4,134,4467,3,0.8713176846504211,0.3579638600349426,0.018410973250865936,-0.008541429415345192,0.04314591735601425,0.08281971514225006,True,Right,0.9783604741096497
vid4,134,4467,4,0.8956603407859802,0.36521896719932556,0.013004492968320847,0.006956985220313072,0.039258670061826706,0.11232410371303558,True,Right,0.9783604741096497
vid4,134,4467,5,0.8742793202400208,0.2079501897096634,0.020707452669739723,-0.0015421852003782988,-0.008827813901007175,0.03029201179742813,True,Right,0.9783604741096497
vid4,134,4467,6,0.9401714205741882,0.23586615920066833,0.0080999955534935,0.027289779856801033,0.007323808036744595,0.03349326550960541,True,Right,0.9783604741096497
vid4,134,4467,7,0.9556463956832886,0.30520883202552795,-0.003178653074428439,0.039771921932697296,0.025724729523062706,0.0392722487449646,True,Right,0.9783604741096497
vid4,134,4467,8,0.9479772448539734,0.3607051372528076,-0.00824306346476078,0.03210005909204483,0.04819292947649956,0.03870204836130142,True,Right,0.9783604741096497
vid4,134,4467,9,0.8763903379440308,0.2037302702665329,0.0015236150939017534,0.0010105767287313938,-0.007201899774372578,0.006163228303194046,True,Right,0.9783604741096497
vid4,134,4467,10,0.9511584043502808,0.23580291867256165,-0.00432132463902235,0.03974248096346855,0.005264550447463989,0.008470147848129272,True,Right,0.9783604741096497
vid4,134,4467,11,0.9672662615776062,0.30815714597702026,-0.00905731599777937,0.04619215428829193,0.023695990443229675,0.011437684297561646,True,Right,0.9783604741096497
vid4,134,4467,12,0.9603515267372131,0.35896098613739014,-0.011978309601545334,0.04210367426276207,0.04151298850774765,0.01920837163925171,True,Right,0.9783604741096497
vid4,134,4467,13,0.8772079348564148,0.22227615118026733,-0.017970405519008636,0.0018013203516602516,0.0029707076027989388,-0.020138509571552277,True,Right,0.9783604741096497
vid4,134,4467,14,0.9478775858879089,0.25797179341316223,-0.022494595497846603,0.03176189213991165,0.01344031561166048,-0.015988804399967194,True,Right,0.9783604741096497
vid4,134,4467,15,0.9584706425666809,0.330206960439682,-0.023040257394313812,0.03855060413479805,0.035488810390233994,-0.009557485580444336,True,Right,0.9783604741096497
vid4,134,4467,16,0.9464504718780518,0.37837332487106323,-0.023330219089984894,0.03252589702606201,0.05184498429298401,-0.0034782998263835907,True,Right,0.9783604741096497
vid4,134,4467,17,0.8777434825897217,0.2632369101047516,-0.03694913536310196,-0.007581963669508696,0.015082022175192833,-0.0377938449382782,True,Right,0.9783604741096497
vid4,134,4467,18,0.9255856871604919,0.3078407347202301,-0.039770860224962234,0.014908235520124435,0.02752014435827732,-0.03172524273395538,True,Right,0.9783604741096497
vid4,134,4467,19,0.9280047416687012,0.36184096336364746,-0.03696133941411972,0.022656546905636787,0.04405103623867035,-0.02078518271446228,True,Right,0.9783604741096497
vid4,134,4467,20,0.9129814505577087,0.4028889834880829,-0.034249622374773026,0.012449486181139946,0.05531052127480507,-0.010668858885765076,True,Right,0.9783604741096497
vid4,135,4500,0,0.7557195425033569,0.34306100010871887,6.571197985749677e-08,-0.08058396726846695,0.032195013016462326,0.003416597843170166,True,Right,0.978742778301239
vid4,135,4500,1,0.803368866443634,0.4043511152267456,0.02173776924610138,-0.05374313145875931,0.033474262803792953,0.024973135441541672,True,Right,0.978742778301239
vid4,135,4500,2,0.844395637512207,0.4055783152580261,0.02491956204175949,-0.030675560235977173,0.039563704282045364,0.051260173320770264,True,Right,0.978742778301239
vid4,135,4500,3,0.8749692440032959,0.41101154685020447,0.01881117932498455,-0.008758674375712872,0.03907003626227379,0.07972674816846848,True,Right,0.978742778301239
vid4,135,4500,4,0.90024733543396,0.4164539575576782,0.013298842124640942,0.00662055891007185,0.03627214580774307,0.10689893364906311,True,Right,0.978742778301239
vid4,135,4500,5,0.8782944083213806,0.26885586977005005,0.019842106848955154,-0.0007211569463834167,-0.007670706138014793,0.029581930488348007,True,Right,0.978742778301239
vid4,135,4500,6,0.9454728960990906,0.30060264468193054,0.006624710280448198,0.027212245389819145,0.008643650449812412,0.03224775195121765,True,Right,0.978742778301239
vid4,135,4500,7,0.9597566723823547,0.37325602769851685,-0.00458863889798522,0.03843868151307106,0.027002202346920967,0.037780314683914185,True,Right,0.978742778301239
vid4,135,4500,8,0.9512473344802856,0.4297911524772644,-0.009564724750816822,0.030202167108654976,0.049326494336128235,0.03717586398124695,True,Right,0.978742778301239
vid4,135,4500,9,0.8800942301750183,0.26464229822158813,0.00021143615595065057,0.0014208301436156034,-0.00693725747987628,0.00625239685177803,True,Right,0.978742778301239
vid4,135,4500,10,0.95697021484375,0.3015208840370178,-0.007146991323679686,0.03848965838551521,0.006563182454556227,0.00762002170085907,True,Right,0.978742778301239
vid4,135,4500,11,0.9705718159675598,0.3770456910133362,-0.011820645071566105,0.044291507452726364,0.02492198348045349,0.008923262357711792,True,Right,0.978742778301239
vid4,135,4500,12,0.9613788723945618,0.42761358618736267,-0.014135146513581276,0.039163727313280106,0.04194207489490509,0.01715758442878723,True,Right,0.978742778301239
vid4,135,4500,13,0.8802129030227661,0.2823829650878906,-0.01968814805150032,0.0011353964218869805,0.0025854380801320076,-0.01935054361820221,True,Right,0.978742778301239
vid4,135,4500,14,0.954368531703949,0.3180978298187256,-0.025697210803627968,0.031066305935382843,0.012504447251558304,-0.016525112092494965,True,Right,0.978742778301239
vid4,135,4500,15,0.9635000824928284,0.3922966718673706,-0.025893699377775192,0.03753906115889549,0.03491835296154022,-0.011335372924804688,True,Right,0.978742778301239
vid4,135,4500,16,0.950191855430603,0.4412585496902466,-0.025484098121523857,0.030949952080845833,0.051125094294548035,-0.006288696080446243,True,Right,0.978742778301239
vid4,135,4500,17,0.8792063593864441,0.3231973946094513,-0.03892318531870842,-0.008722413331270218,0.013436160050332546,-0.03766198456287384,True,Right,0.978742778301239
vid4,135,4500,18,0.9278513789176941,0.3667602837085724,-0.04341317340731621,0.012760728597640991,0.02629629150032997,-0.03184325248003006,True,Right,0.978742778301239
vid4,135,4500,19,0.9288656115531921,0.4226303994655609,-0.040699928998947144,0.019429609179496765,0.042783573269844055,-0.02235579490661621,True,Right,0.978742778301239
vid4,135,4500,20,0.9120067954063416,0.4643879234790802,-0.03765571862459183,0.008641095831990242,0.05416464805603027,-0.013263672590255737,True,Right,0.978742778301239
vid4,136,4533,0,0.7534334063529968,0.39372944831848145,6.078298042666574e-08,-0.08354676514863968,0.028932791203260422,0.0025169625878334045,True,Right,0.9815426468849182
vid4,136,4533,1,0.7998083829879761,0.45635026693344116,0.021356534212827682,-0.05658616125583649,0.030899273231625557,0.024499718099832535,True,Right,0.9815426468849182
vid4,136,4533,2,0.841357946395874,0.4613092541694641,0.023963510990142822,-0.033234041184186935,0.03796905651688576,0.053119152784347534,True,Right,0.9815426468849182
vid4,136,4533,3,0.8726149797439575,0.47026747465133667,0.017319826409220695,-0.01089412160217762,0.0382201261818409,0.0836307555437088,True,Right,0.9815426468849182
vid4,136,4533,4,0.8982128500938416,0.4789585471153259,0.011280840262770653,0.005109203048050404,0.03482457622885704,0.1125604510307312,True,Right,0.9815426468849182
vid4,136,4533,5,0.8797703385353088,0.32809939980506897,0.018442530184984207,-0.00022887377417646348,-0.008270521648228168,0.029920727014541626,True,Right,0.9815426468849182
vid4,136,4533,6,0.9471074938774109,0.36493492126464844,0.006074379198253155,0.026904061436653137,0.009138953872025013,0.03304879367351532,True,Right,0.9815426468849182
vid4,136,4533,7,0.9614084959030151,0.43622609972953796,-0.003988690674304962,0.03828354924917221,0.027278367429971695,0.03971557319164276,True,Right,0.9815426468849182
vid4,136,4533,8,0.9527916312217712,0.49086883664131165,-0.00837539043277502,0.030234910547733307,0.04842238500714302,0.03957262635231018,True,Right,0.9815426468849182
vid4,136,4533,9,0.8820045590400696,0.32487043738365173,-0.0011154725216329098,0.0016735140234231949,-0.0066407592967152596,0.005887553095817566,True,Right,0.9815426468849182
vid4,136,4533,10,0.9586833119392395,0.3669555187225342,-0.007971923798322678,0.038160696625709534,0.006954405922442675,0.008172169327735901,True,Right,0.9815426468849182
vid4,136,4533,11,0.9712727665901184,0.4420953392982483,-0.011668659746646881,0.04372723773121834,0.025562159717082977,0.01026180386543274,True,Right,0.9815426468849182
vid4,136,4533,12,0.961719810962677,0.49086126685142517,-0.013412883505225182,0.03832679241895676,0.04185384884476662,0.019256889820098877,True,Right,0.9815426468849182
vid4,136,4533,13,0.8815419673919678,0.3443387448787689,-0.0208427757024765,0.0009635541937313974,0.0025045720394700766,-0.019722841680049896,True,Right,0.9815426468849182
vid4,136,4533,14,0.9554423093795776,0.3833306133747101,-0.026467831805348396,0.031042560935020447,0.013009105809032917,-0.01610478013753891,True,Right,0.9815426468849182
vid4,136,4533,15,0.9635308384895325,0.4571707844734192,-0.026107341051101685,0.03649399057030678,0.03515634313225746,-0.01047101616859436,True,Right,0.9815426468849182
vid4,136,4533,16,0.9493955969810486,0.5042304396629333,-0.0254378579556942,0.029544536024332047,0.05134166032075882,-0.004609644412994385,True,Right,0.9815426468849182
vid4,136,4533,17,0.879301905632019,0.38679468631744385,-0.0399312861263752,-0.009836912155151367,0.013008243404328823,-0.03759540617465973,True,Right,0.9815426468849182
vid4,136,4533,18,0.9280392527580261,0.4331526756286621,-0.04390709474682808,0.011731158010661602,0.02638782374560833,-0.03200411796569824,True,Right,0.9815426468849182
vid4,136,4533,19,0.9288691878318787,0.48861902952194214,-0.04086923599243164,0.018442682921886444,0.04364161938428879,-0.021435052156448364,True,Right,0.9815426468849182
vid4,136,4533,20,0.9114425778388977,0.5286443829536438,-0.03771691396832466,0.007456542924046516,0.05447714403271675,-0.011365875601768494,True,Right,0.9815426468849182
vid4,137,4567,0,0.7502416372299194,0.4393695294857025,7.819082981086467e-08,-0.08452009409666061,0.02554890513420105,0.0006822086870670319,True,Right,0.9786012768745422
vid4,137,4567,1,0.7958889603614807,0.5057867765426636,0.01898624189198017,-0.05793841555714607,0.027436191216111183,0.02503478154540062,True,Right,0.9786012768745422
vid4,137,4567,2,0.8386085033416748,0.5127394199371338,0.020757414400577545,-0.035056088119745255,0.034943487495183945,0.05433470010757446,True,Right,0.9786012768745422
vid4,137,4567,3,0.8702004551887512,0.5191521644592285,0.013989277184009552,-0.012306207790970802,0.035252925008535385,0.08717729151248932,True,Right,0.9786012768745422
vid4,137,4567,4,0.8954709768295288,0.524787187576294,0.00780702568590641,0.003651537001132965,0.030302507802844048,0.11775220930576324,True,Right,0.9786012768745422
vid4,137,4567,5,0.8804551959037781,0.38544824719429016,0.014429970644414425,0.0008404860855080187,-0.008664445951581001,0.03000391274690628,True,Right,0.9786012768745422
vid4,137,4567,6,0.9484404921531677,0.42573073506355286,0.0005324554513208568,0.027729393914341927,0.008757748641073704,0.03427901864051819,True,Right,0.9786012768745422
vid4,137,4567,7,0.9614641070365906,0.49705708026885986,-0.010481750592589378,0.03806466609239578,0.028151242062449455,0.04284674674272537,True,Right,0.9786012768745422
vid4,137,4567,8,0.9521313905715942,0.5512880086898804,-0.01512694451957941,0.02945001795887947,0.04800208657979965,0.04424682632088661,True,Right,0.9786012768745422
vid4,137,4567,9,0.8816820979118347,0.3826211094856262,-0.003894069232046604,0.0018052405212074518,-0.00663619302213192,0.006282161921262741,True,Right,0.9786012768745422
vid4,137,4567,10,0.9597174525260925,0.4271436333656311,-0.01202035415917635,0.039028409868478775,0.007174274418503046,0.008557319641113281,True,Right,0.9786012768745422
vid4,137,4567,11,0.9722641706466675,0.5018723607063293,-0.016550403088331223,0.04323820024728775,0.024588312953710556,0.012155771255493164,True,Right,0.9786012768745422
vid4,137,4567,12,0.9626942276954651,0.5514739155769348,-0.01869354024529457,0.037709202617406845,0.041818395256996155,0.02170783281326294,True,Right,0.9786012768745422
vid4,137,4567,13,0.8797823190689087,0.40215927362442017,-0.02237563207745552,0.0008369309362024069,0.0026613271329551935,-0.020096994936466217,True,Right,0.9786012768745422
vid4,137,4567,14,0.9544858932495117,0.4467858076095581,-0.029037093743681908,0.030059533193707466,0.01414713729172945,-0.01574692875146866,True,Right,0.9786012768745422
vid4,137,4567,15,0.9623769521713257,0.5198155045509338,-0.029822049662470818,0.035149797797203064,0.03506840020418167,-0.009027808904647827,True,Right,0.9786012768745422
vid4,137,4567,16,0.9487138986587524,0.5664438009262085,-0.029604928568005562,0.028621792793273926,0.051852162927389145,-0.002452760934829712,True,Right,0.9786012768745422
vid4,137,4567,17,0.8757693767547607,0.4436272382736206,-0.04026972874999046,-0.010880256071686745,0.012624719180166721,-0.03726738691329956,True,Right,0.9786012768745422
vid4,137,4567,18,0.9265065789222717,0.4909709692001343,-0.04435550048947334,0.010773992165923119,0.025583425536751747,-0.031541842967271805,True,Right,0.9786012768745422
vid4,137,4567,19,0.9279547333717346,0.5449330806732178,-0.04166775569319725,0.018096178770065308,0.041941072791814804,-0.02042907476425171,True,Right,0.9786012768745422
vid4,137,4567,20,0.911479115486145,0.5835813879966736,-0.038681305944919586,0.008137970231473446,0.052206046879291534,-0.0108376145362854,True,Right,0.9786012768745422
vid4,138,4600,0,0.7488970756530762,0.4841456115245819,1.0281090112584934e-07,-0.08365623652935028,0.023357314988970757,0.003404807299375534,True,Right,0.9774418473243713
vid4,138,4600,1,0.7984480857849121,0.5576955676078796,0.01997320167720318,-0.05492118000984192,0.026303861290216446,0.026966340839862823,True,Right,0.9774418473243713
vid4,138,4600,2,0.8419669270515442,0.563784658908844,0.021687686443328857,-0.03279472514986992,0.03476904332637787,0.05511528253555298,True,Right,0.9774418473243713
vid4,138,4600,3,0.8732321858406067,0.5689378976821899,0.014537874609231949,-0.010202213190495968,0.03457953780889511,0.08480571210384369,True,Right,0.9774418473243713
vid4,138,4600,4,0.8975663781166077,0.5752124190330505,0.007944061420857906,0.003849112894386053,0.029902450740337372,0.1133284717798233,True,Right,0.9774418473243713
vid4,138,4600,5,0.8819770812988281,0.43548086285591125,0.01377224549651146,0.0019070907728746533,-0.008353135548532009,0.030138880014419556,True,Right,0.9774418473243713
vid4,138,4600,6,0.9491246938705444,0.4839394688606262,-0.001307607744820416,0.027316587045788765,0.01046607457101345,0.033887386322021484,True,Right,0.9774418473243713
vid4,138,4600,7,0.9605542421340942,0.5561103224754333,-0.01288413256406784,0.037241291254758835,0.03005613200366497,0.04315829277038574,True,Right,0.9774418473243713
vid4,138,4600,8,0.9503956437110901,0.608287513256073,-0.01786048337817192,0.02680790051817894,0.04871010780334473,0.04594402760267258,True,Right,0.9774418473243713
vid4,138,4600,9,0.8820512294769287,0.43258628249168396,-0.005537636578083038,0.0022389141377061605,-0.006642920430749655,0.006098832935094833,True,Right,0.9774418473243713
vid4,138,4600,10,0.9607519507408142,0.4838953912258148,-0.014186641201376915,0.037805166095495224,0.008011271245777607,0.0082770437002182,True,Right,0.9774418473243713
vid4,138,4600,11,0.9721553921699524,0.5602951049804688,-0.018406560644507408,0.04223187640309334,0.025326766073703766,0.012265384197235107,True,Right,0.9774418473243713
vid4,138,4600,12,0.9616327881813049,0.6085288524627686,-0.02054346352815628,0.036733776330947876,0.042998816817998886,0.02391839027404785,True,Right,0.9774418473243713
vid4,138,4600,13,0.8785248398780823,0.45344072580337524,-0.024923257529735565,0.00012546585639938712,0.0029287789948284626,-0.020349517464637756,True,Right,0.9774418473243713
vid4,138,4600,14,0.9543877243995667,0.5029512643814087,-0.03239787369966507,0.02832276187837124,0.013695500791072845,-0.016312696039676666,True,Right,0.9774418473243713
vid4,138,4600,15,0.9598689675331116,0.5771256685256958,-0.03234856203198433,0.03238847479224205,0.03545607626438141,-0.008669614791870117,True,Right,0.9774418473243713
vid4,138,4600,16,0.9441575407981873,0.6218590140342712,-0.03142988681793213,0.025820789858698845,0.052081961184740067,-0.00015419721603393555,True,Right,0.9774418473243713
vid4,138,4600,17,0.8727205991744995,0.497372031211853,-0.043621789664030075,-0.011610124260187149,0.01205006055533886,-0.03774420917034149,True,Right,0.9774418473243713
vid4,138,4600,18,0.9254549741744995,0.5467263460159302,-0.04775001481175423,0.009705061092972755,0.024365052580833435,-0.03177901357412338,True,Right,0.9774418473243713
vid4,138,4600,19,0.9259463548660278,0.599943995475769,-0.04408309981226921,0.016421983018517494,0.04121910408139229,-0.01984521746635437,True,Right,0.9774418473243713
vid4,138,4600,20,0.9080908894538879,0.6363253593444824,-0.040466614067554474,0.006244468502700329,0.05075051635503769,-0.009747922420501709,True,Right,0.9774418473243713
vid4,139,4633,0,0.7464850544929504,0.5231344103813171,8.481966062845459e-08,-0.07938417047262192,0.02225944586098194,0.005514681339263916,True,Right,0.9835041761398315
vid4,139,4633,1,0.7966862916946411,0.5992023944854736,0.026659835129976273,-0.05372551456093788,0.02532508596777916,0.02822580188512802,True,Right,0.9835041761398315
vid4,139,4633,2,0.8392302989959717,0.6114859580993652,0.02995390072464943,-0.03303324058651924,0.03600221872329712,0.05363801121711731,True,Right,0.9835041761398315
vid4,139,4633,3,0.8704937100410461,0.6284767985343933,0.02280205674469471,-0.011811860837042332,0.0389290452003479,0.08093728125095367,True,Right,0.9835041761398315
vid4,139,4633,4,0.8942467570304871,0.6455792188644409,0.015738733112812042,0.002237587468698621,0.03714820370078087,0.10794582962989807,True,Right,0.9835041761398315
vid4,139,4633,5,0.879810094833374,0.4759121537208557,0.02001068741083145,0.0012231472646817565,-0.007493915501981974,0.02846444398164749,True,Right,0.9835041761398315
vid4,139,4633,6,0.944586455821991,0.5331075191497803,0.006338906474411488,0.023780301213264465,0.012457774952054024,0.03255942463874817,True,Right,0.9835041761398315
vid4,139,4633,7,0.9535919427871704,0.605886697769165,-0.004673287272453308,0.03317486122250557,0.030585549771785736,0.042347997426986694,True,Right,0.9835041761398315
vid4,139,4633,8,0.941594660282135,0.6574908494949341,-0.009648787789046764,0.02140703797340393,0.04907792806625366,0.04381057247519493,True,Right,0.9835041761398315
vid4,139,4633,9,0.8808724284172058,0.4707801043987274,-0.0032356237061321735,0.0024104483891278505,-0.006792726460844278,0.00618719682097435,True,Right,0.9835041761398315
vid4,139,4633,10,0.9584490060806274,0.5318747758865356,-0.01081507932394743,0.035180337727069855,0.008747032843530178,0.00761057436466217,True,Right,0.9835041761398315
vid4,139,4633,11,0.967399537563324,0.6106513738632202,-0.014535491354763508,0.03906270116567612,0.025568313896656036,0.012748241424560547,True,Right,0.9835041761398315
vid4,139,4633,12,0.9543982744216919,0.6594495177268982,-0.016703996807336807,0.0343308299779892,0.04334455356001854,0.02526754140853882,True,Right,0.9835041761398315
vid4,139,4633,13,0.8767589926719666,0.4926467537879944,-0.026177451014518738,0.0004012836143374443,0.002687264932319522,-0.019918985664844513,True,Right,0.9835041761398315
vid4,139,4633,14,0.9568825960159302,0.5462090969085693,-0.032949503511190414,0.028286898508667946,0.013061156496405602,-0.01653756946325302,True,Right,0.9835041761398315
vid4,139,4633,15,0.9610202312469482,0.6229283809661865,-0.03216458112001419,0.032729268074035645,0.034408073872327805,-0.009762197732925415,True,Right,0.9835041761398315
vid4,139,4633,16,0.9438410997390747,0.6691853404045105,-0.03125959262251854,0.024738231673836708,0.05044279247522354,-0.0014427714049816132,True,Right,0.9835041761398315
vid4,139,4633,17,0.8700143694877625,0.5415663123130798,-0.04783603176474571,-0.01147001888602972,0.010763033293187618,-0.035193100571632385,True,Right,0.9835041761398315
vid4,139,4633,18,0.9251322150230408,0.5979807376861572,-0.05165937915444374,0.009593209251761436,0.02426491118967533,-0.03032815456390381,True,Right,0.9835041761398315
vid4,139,4633,19,0.9232563376426697,0.6526002883911133,-0.04714333266019821,0.016001494601368904,0.04098054766654968,-0.02106383442878723,True,Right,0.9835041761398315
vid4,139,4633,20,0.9033302068710327,0.6899305582046509,-0.04336761683225632,0.00541301304474473,0.051139283925294876,-0.010109364986419678,True,Right,0.9835041761398315
vid4,140,4667,0,0.7450749278068542,0.5469884276390076,1.0770806824211832e-07,-0.07481547445058823,0.023215986788272858,0.0010155253112316132,True,Right,0.981828510761261
vid4,140,4667,1,0.7901701331138611,0.6221972703933716,0.03084539622068405,-0.055332016199827194,0.02432156540453434,0.024346496909856796,True,Right,0.981828510761261
vid4,140,4667,2,0.8310078382492065,0.6365289688110352,0.03691725432872772,-0.034774888306856155,0.037764936685562134,0.04873177409172058,True,Right,0.981828510761261
vid4,140,4667,3,0.8606640696525574,0.6533040404319763,0.03187684342265129,-0.015745041891932487,0.03870876133441925,0.08016504347324371,True,Right,0.981828510761261
vid4,140,4667,4,0.8842694759368896,0.6636670231819153,0.026861902326345444,-0.005012398585677147,0.03462504595518112,0.10879749059677124,True,Right,0.981828510761261
vid4,140,4667,5,0.8739510178565979,0.49590325355529785,0.0287570059299469,-0.0016153757460415363,-0.007381116505712271,0.027331408113241196,True,Right,0.981828510761261
vid4,140,4667,6,0.9402759671211243,0.5502750277519226,0.018625274300575256,0.02074296399950981,0.010569462552666664,0.033538028597831726,True,Right,0.981828510761261
vid4,140,4667,7,0.9493666887283325,0.622539222240448,0.009140216745436192,0.03001544624567032,0.02889080159366131,0.04191707819700241,True,Right,0.981828510761261
vid4,140,4667,8,0.9364075064659119,0.677295446395874,0.005036874208599329,0.02135079726576805,0.04554556682705879,0.04047359526157379,True,Right,0.981828510761261
vid4,140,4667,9,0.8761897683143616,0.48930659890174866,0.004135916009545326,0.0019402647158131003,-0.0068957507610321045,0.006021220237016678,True,Right,0.981828510761261
vid4,140,4667,10,0.9570401310920715,0.5426527857780457,-0.00028832361567765474,0.034009773284196854,0.006296693813055754,0.007886692881584167,True,Right,0.981828510761261
vid4,140,4667,11,0.9689041376113892,0.619478166103363,-0.0038189967162907124,0.040286675095558167,0.022634364664554596,0.013596609234809875,True,Right,0.981828510761261
vid4,140,4667,12,0.9585244059562683,0.6713478565216064,-0.006223054137080908,0.03847702965140343,0.03908277302980423,0.022807270288467407,True,Right,0.981828510761261
vid4,140,4667,13,0.8734450340270996,0.5098644495010376,-0.02004086785018444,0.0016103326342999935,0.0021823670249432325,-0.018629245460033417,True,Right,0.981828510761261
vid4,140,4667,14,0.9588444828987122,0.5569509863853455,-0.02398180402815342,0.029019931331276894,0.011275757104158401,-0.015236474573612213,True,Right,0.981828510761261
vid4,140,4667,15,0.963808536529541,0.633807361125946,-0.02314991131424904,0.03612694516777992,0.029885943979024887,-0.010145872831344604,True,Right,0.981828510761261
vid4,140,4667,16,0.9476024508476257,0.6817197799682617,-0.022964058443903923,0.030877625569701195,0.04732103273272514,-0.001834135502576828,True,Right,0.981828510761261
vid4,140,4667,17,0.8682500720024109,0.5602318644523621,-0.042713772505521774,-0.009179973974823952,0.011022849008440971,-0.03394778072834015,True,Right,0.981828510761261
vid4,140,4667,18,0.9250369071960449,0.6151891946792603,-0.044362872838974,0.01182484533637762,0.023906435817480087,-0.02936314046382904,True,Right,0.981828510761261
vid4,140,4667,19,0.9211379289627075,0.6694999933242798,-0.03891775384545326,0.017120670527219772,0.03986336290836334,-0.021344482898712158,True,Right,0.981828510761261
vid4,140,4667,20,0.8996559977531433,0.7065967321395874,-0.03511860594153404,0.008527984842658043,0.05085782706737518,-0.01025378704071045,True,Right,0.981828510761261
vid4,141,4700,0,0.740223228931427,0.5565601587295532,4.26204493919613e-08,-0.0765279158949852,0.023802801966667175,0.0012518204748630524,True,Right,0.9751091003417969
vid4,141,4700,1,0.7878596186637878,0.6258407235145569,0.040445491671562195,-0.056598324328660965,0.025682199746370316,0.023331090807914734,True,Right,0.9751091003417969
vid4,141,4700,2,0.8284167051315308,0.6361930966377258,0.050481900572776794,-0.034380003809928894,0.036876752972602844,0.04789087176322937,True,Right,0.9751091003417969
vid4,141,4700,3,0.8606470227241516,0.6450155377388,0.04790791869163513,-0.013458030298352242,0.03669994696974754,0.07632425427436829,True,Right,0.9751091003417969
vid4,141,4700,4,0.8866874575614929,0.6563623547554016,0.04489331319928169,-0.0017998997354879975,0.03291125223040581,0.10544246435165405,True,Right,0.9751091003417969
vid4,141,4700,5,0.868620753288269,0.5002436637878418,0.03581947088241577,-0.0012829819461330771,-0.006344706751406193,0.027524668723344803,True,Right,0.9751091003417969
vid4,141,4700,6,0.9384775161743164,0.5505809187889099,0.030261043459177017,0.02197699435055256,0.010034584440290928,0.03414769470691681,True,Right,0.9751091003417969
vid4,141,4700,7,0.9457249045372009,0.6223816871643066,0.025949234142899513,0.03071880340576172,0.02789227105677128,0.04414738714694977,True,Right,0.9751091003417969
vid4,141,4700,8,0.9326328635215759,0.6761273145675659,0.02514929696917534,0.022133847698569298,0.044594813138246536,0.043768301606178284,True,Right,0.9751091003417969
vid4,141,4700,9,0.870705783367157,0.492868036031723,0.007280390709638596,0.0018187524983659387,-0.006129713263362646,0.005698066204786301,True,Right,0.9751091003417969
vid4,141,4700,10,0.9564799070358276,0.5427334308624268,0.005203606560826302,0.03571014478802681,0.004958989564329386,0.008020967245101929,True,Right,0.9751091003417969
vid4,141,4700,11,0.9673676490783691,0.6206015944480896,0.006638505030423403,0.042066652327775955,0.021121252328157425,0.016017824411392212,True,Right,0.9751091003417969
vid4,141,4700,12,0.9550159573554993,0.6729249954223633,0.008212151937186718,0.03909042850136757,0.03632638230919838,0.026021748781204224,True,Right,0.9751091003417969
vid4,141,4700,13,0.8686106204986572,0.5133480429649353,-0.019997108727693558,0.001120914239436388,0.0015258140629157424,-0.01812959462404251,True,Right,0.9751091003417969
vid4,141,4700,14,0.9576233625411987,0.5583202838897705,-0.02212441712617874,0.030449213460087776,0.011135218665003777,-0.015359953045845032,True,Right,0.9751091003417969
vid4,141,4700,15,0.9619925618171692,0.6350306272506714,-0.01630684919655323,0.03700116276741028,0.029236717149615288,-0.007625371217727661,True,Right,0.9751091003417969
vid4,141,4700,16,0.9449507594108582,0.6829582452774048,-0.012452242895960808,0.03196258097887039,0.04476173222064972,0.0018269456923007965,True,Right,0.9751091003417969
vid4,141,4700,17,0.8648584485054016,0.5629010200500488,-0.04490622133016586,-0.008964024484157562,0.010969240218400955,-0.033181607723236084,True,Right,0.9751091003417969
vid4,141,4700,18,0.9256187081336975,0.6120480895042419,-0.045561835169792175,0.012616884894669056,0.022073229774832726,-0.030231455340981483,True,Right,0.9751091003417969
vid4,141,4700,19,0.923140823841095,0.6668394207954407,-0.038079213351011276,0.0200759619474411,0.03841569647192955,-0.021365225315093994,True,Right,0.9751091003417969
vid4,141,4700,20,0.9028477072715759,0.7060756087303162,-0.03245339170098305,0.011190327815711498,0.048850249499082565,-0.008906811475753784,True,Right,0.9751091003417969
vid4,142,4733,0,0.7370825409889221,0.559899628162384,4.217834970177137e-08,-0.07599633187055588,0.02585667185485363,0.0036818794906139374,True,Right,0.975699782371521
vid4,142,4733,1,0.787388801574707,0.6319149732589722,0.039741914719343185,-0.0552721843123436,0.02714158594608307,0.023953545838594437,True,Right,0.975699782371521
vid4,142,4733,2,0.8272210359573364,0.6427326798439026,0.049337949603796005,-0.03363419696688652,0.037996720522642136,0.046857982873916626,True,Right,0.975699782371521
vid4,142,4733,3,0.8595578670501709,0.6524145007133484,0.046225741505622864,-0.012387384660542011,0.03780737519264221,0.07387468963861465,True,Right,0.975699782371521
vid4,142,4733,4,0.8859025835990906,0.6642488837242126,0.04243916645646095,-0.00025025862851180136,0.03423028439283371,0.10101395845413208,True,Right,0.975699782371521
vid4,142,4733,5,0.866724967956543,0.49968481063842773,0.035285256803035736,-0.001281827688217163,-0.006384286098182201,0.027084164321422577,True,Right,0.975699782371521
vid4,142,4733,6,0.9356256723403931,0.5482794046401978,0.029841573908925056,0.02301897667348385,0.009353924542665482,0.03284327685832977,True,Right,0.975699782371521
vid4,142,4733,7,0.9454095363616943,0.6195597648620605,0.025345314294099808,0.032674822956323624,0.02654106542468071,0.04248226433992386,True,Right,0.975699782371521
vid4,142,4733,8,0.9351629018783569,0.6738225817680359,0.02395668812096119,0.02502281405031681,0.04364198073744774,0.042346395552158356,True,Right,0.975699782371521
vid4,142,4733,9,0.8681997060775757,0.49169474840164185,0.0066628223285079,0.0015826834132894874,-0.006176974158734083,0.0054627880454063416,True,Right,0.975699782371521
vid4,142,4733,10,0.9539769887924194,0.5417148470878601,0.004135343246161938,0.036402735859155655,0.004132858011871576,0.007742203772068024,True,Right,0.975699782371521
vid4,142,4733,11,0.9652590751647949,0.6188175678253174,0.0050528026185929775,0.042992036789655685,0.020541172474622726,0.015511423349380493,True,Right,0.975699782371521
vid4,142,4733,12,0.9536664485931396,0.6702529788017273,0.006118922494351864,0.03995271399617195,0.03503211587667465,0.026317834854125977,True,Right,0.975699782371521
vid4,142,4733,13,0.8660600185394287,0.511946976184845,-0.02070613019168377,0.001119209686294198,0.0012308682780712843,-0.01790837198495865,True,Right,0.975699782371521
vid4,142,4733,14,0.9545002579689026,0.5570539236068726,-0.02340828627347946,0.03063358925282955,0.010190561413764954,-0.015018455684185028,True,Right,0.975699782371521
vid4,142,4733,15,0.9594831466674805,0.6337234377861023,-0.01770819164812565,0.037529073655605316,0.028168171644210815,-0.007437348365783691,True,Right,0.975699782371521
vid4,142,4733,16,0.9427543878555298,0.6811699867248535,-0.013924104161560535,0.03216961398720741,0.04409337788820267,0.0021587423980236053,True,Right,0.975699782371521
vid4,142,4733,17,0.8623703718185425,0.5606349110603333,-0.04576967656612396,-0.008985589258372784,0.011365779675543308,-0.032443568110466,True,Right,0.975699782371521
vid4,142,4733,18,0.9240994453430176,0.6076889634132385,-0.04692698270082474,0.013501156121492386,0.021695902571082115,-0.029626451432704926,True,Right,0.975699782371521
vid4,142,4733,19,0.9228707551956177,0.6620774269104004,-0.03939412906765938,0.021677302196621895,0.0365709513425827,-0.0206640362739563,True,Right,0.975699782371521
vid4,142,4733,20,0.9035597443580627,0.7019468545913696,-0.03371816128492355,0.012753707356750965,0.04763324186205864,-0.008149504661560059,True,Right,0.975699782371521
vid4,143,4767,0,0.7351385951042175,0.5565929412841797,2.36985009394175e-08,-0.07884471118450165,0.023653749376535416,0.003532037138938904,True,Right,0.9680492281913757
vid4,143,4767,1,0.7845474481582642,0.6269932389259338,0.037343528121709824,-0.05708228796720505,0.025770651176571846,0.024687258526682854,True,Right,0.9680492281913757
vid4,143,4767,2,0.824853777885437,0.636936366558075,0.04570048674941063,-0.03460107371211052,0.03611238673329353,0.048392415046691895,True,Right,0.9680492281913757
vid4,143,4767,3,0.8567923903465271,0.6443879008293152,0.04168880730867386,-0.01324572041630745,0.035624220967292786,0.0766102522611618,True,Right,0.9680492281913757
vid4,143,4767,4,0.8831685185432434,0.6550732254981995,0.037094518542289734,-0.00012483700993470848,0.031944699585437775,0.10707521438598633,True,Right,0.9680492281913757
vid4,143,4767,5,0.8666992783546448,0.502240002155304,0.03186292573809624,-0.0008768622064962983,-0.005976224318146706,0.028059495612978935,True,Right,0.9680492281913757
vid4,143,4767,6,0.9381886124610901,0.5480942130088806,0.023545078933238983,0.024836106225848198,0.009397630579769611,0.033273667097091675,True,Right,0.9680492281913757
vid4,143,4767,7,0.9469183087348938,0.6190875172615051,0.017424220219254494,0.03419303521513939,0.0262108463793993,0.04168436676263809,True,Right,0.9680492281913757
vid4,143,4767,8,0.9343838095664978,0.6709877252578735,0.015672700479626656,0.025141140446066856,0.043923284858465195,0.04114706814289093,True,Right,0.9680492281913757
vid4,143,4767,9,0.8676854968070984,0.4941531717777252,0.0042974986135959625,0.0015693138120695949,-0.006077118217945099,0.005870390683412552,True,Right,0.9680492281913757
vid4,143,4767,10,0.9547312259674072,0.5408037304878235,-0.0006087202345952392,0.03790243715047836,0.004476859234273434,0.007308855652809143,True,Right,0.9680492281913757
vid4,143,4767,11,0.9648255705833435,0.6191253662109375,-0.0005463233683258295,0.04377825930714607,0.020645929500460625,0.01446409523487091,True,Right,0.9680492281913757
vid4,143,4767,12,0.9514259696006775,0.6691070795059204,0.0003701133537106216,0.03919019550085068,0.035246700048446655,0.02386811375617981,True,Right,0.9680492281913757
vid4,143,4767,13,0.8652858734130859,0.5131158828735352,-0.022298617288470268,0.0007088119746185839,0.0017979474505409598,-0.018076181411743164,True,Right,0.9680492281913757
vid4,143,4767,14,0.9548616409301758,0.5591349601745605,-0.02702423185110092,0.031461089849472046,0.010623171925544739,-0.01566719263792038,True,Right,0.9680492281913757
vid4,143,4767,15,0.9577773213386536,0.6372110247612,-0.021824732422828674,0.03742220252752304,0.029698656871914864,-0.007935315370559692,True,Right,0.9680492281913757
vid4,143,4767,16,0.9390720725059509,0.6838787794113159,-0.017728613689541817,0.030630022287368774,0.045042719691991806,0.0013695992529392242,True,Right,0.9680492281913757
vid4,143,4767,17,0.8607926964759827,0.5590375661849976,-0.046689365059137344,-0.009619195014238358,0.011196944862604141,-0.03344622254371643,True,Right,0.9680492281913757
vid4,143,4767,18,0.9235511422157288,0.6072521209716797,-0.04858705773949623,0.013313070870935917,0.02148895524442196,-0.030285995453596115,True,Right,0.9680492281913757
vid4,143,4767,19,0.9213433265686035,0.6612181663513184,-0.041199151426553726,0.02076883055269718,0.036927152425050735,-0.020170778036117554,True,Right,0.9680492281913757
vid4,143,4767,20,0.9008601903915405,0.6990251541137695,-0.035383760929107666,0.011456262320280075,0.04665767773985863,-0.008532702922821045,True,Right,0.9680492281913757
vid4,144,4800,0,0.7360066175460815,0.554071843624115,2.916725705404133e-08,-0.07837747037410736,0.023565923795104027,0.004489876329898834,True,Right,0.9699169397354126
vid4,144,4800,1,0.788259744644165,0.6255286931991577,0.039340198040008545,-0.05647825077176094,0.02551177702844143,0.026594609022140503,True,Right,0.9699169397354126
vid4,144,4800,2,0.8293508291244507,0.6350228190422058,0.04822437837719917,-0.033549997955560684,0.03589031472802162,0.04958146810531616,True,Right,0.9699169397354126
vid4,144,4800,3,0.8612107634544373,0.6445178985595703,0.04431389644742012,-0.012382701970636845,0.03579097241163254,0.07597753405570984,True,Right,0.9699169397354126
vid4,144,4800,4,0.8874155282974243,0.6552227735519409,0.03989412635564804,0.0006877887062728405,0.032706741243600845,0.10319796204566956,True,Right,0.9699169397354126
vid4,144,4800,5,0.8688911199569702,0.5010668635368347,0.03351375460624695,-0.0005760422791354358,-0.00615503778681159,0.02852214314043522,True,Right,0.9699169397354126
vid4,144,4800,6,0.9393861889839172,0.5503953099250793,0.02561948075890541,0.023971879854798317,0.0099248755723238,0.03360733389854431,True,Right,0.9699169397354126
vid4,144,4800,7,0.9458856582641602,0.6241422891616821,0.019511796534061432,0.032167818397283554,0.027972940355539322,0.042915113270282745,True,Right,0.9699169397354126
vid4,144,4800,8,0.9323211312294006,0.676466703414917,0.017538709565997124,0.022356610745191574,0.0450877770781517,0.04464234411716461,True,Right,0.9699169397354126
vid4,144,4800,9,0.8705035448074341,0.4939030706882477,0.004820721223950386,0.001888000639155507,-0.006138224620372057,0.00557338073849678,True,Right,0.9699169397354126
vid4,144,4800,10,0.9570784568786621,0.5418322682380676,0.00047448903205804527,0.037222184240818024,0.005111799109727144,0.007569476962089539,True,Right,0.9699169397354126
vid4,144,4800,11,0.9661733508110046,0.6212653517723083,0.0007044753292575479,0.042649924755096436,0.021285690367221832,0.01519155502319336,True,Right,0.9699169397354126
vid4,144,4800,12,0.9525119066238403,0.6712608337402344,0.001463878434151411,0.03811926022171974,0.03587723895907402,0.02607545256614685,True,Right,0.9699169397354126
vid4,144,4800,13,0.8677747249603271,0.5135623216629028,-0.02272685430943966,0.0005931262276135385,0.002236104803159833,-0.018634408712387085,True,Right,0.9699169397354126
vid4,144,4800,14,0.9563969969749451,0.5590253472328186,-0.026702003553509712,0.030628403648734093,0.010658994317054749,-0.015846997499465942,True,Right,0.9699169397354126
vid4,144,4800,15,0.9585079550743103,0.637485146522522,-0.02102060616016388,0.03614986687898636,0.029541384428739548,-0.007642298936843872,True,Right,0.9699169397354126
vid4,144,4800,16,0.9394392967224121,0.6830797791481018,-0.017028065398335457,0.02950749546289444,0.04477424547076225,0.0031669214367866516,True,Right,0.9699169397354126
vid4,144,4800,17,0.862546980381012,0.5604234933853149,-0.048001162707805634,-0.009870839305222034,0.010900093242526054,-0.03416845202445984,True,Right,0.9699169397354126
vid4,144,4800,18,0.923641562461853,0.6115778088569641,-0.0494864247739315,0.012423839420080185,0.022128557786345482,-0.030876392498612404,True,Right,0.9699169397354126
vid4,144,4800,19,0.9215675592422485,0.6661422252655029,-0.04186580330133438,0.01918044127523899,0.037952542304992676,-0.019750520586967468,True,Right,0.9699169397354126
vid4,144,4800,20,0.9012684226036072,0.7030912041664124,-0.036168422549963,0.010840456932783127,0.047172293066978455,-0.007352456450462341,True,Right,0.9699169397354126
vid4,145,4833,0,0.7369487285614014,0.5494933724403381,1.2679643113244765e-08,-0.08177320659160614,0.021345799788832664,0.004043865948915482,True,Right,0.9671809673309326
vid4,145,4833,1,0.7883261442184448,0.6133381128311157,0.041543759405612946,-0.06011747941374779,0.023568691685795784,0.026927733793854713,True,Right,0.9671809673309326
vid4,145,4833,2,0.8300024271011353,0.6243714094161987,0.052301980555057526,-0.03552551567554474,0.03370070829987526,0.05082222819328308,True,Right,0.9671809673309326
vid4,145,4833,3,0.8633057475090027,0.6343514919281006,0.05046840384602547,-0.012994078919291496,0.033720046281814575,0.07854004204273224,True,Right,0.9671809673309326
vid4,145,4833,4,0.8893409371376038,0.6446643471717834,0.0479683056473732,0.001039298134855926,0.03001212328672409,0.10513359308242798,True,Right,0.9671809673309326
vid4,145,4833,5,0.8715553283691406,0.5005837678909302,0.03505553677678108,-0.0003569915716070682,-0.006288444623351097,0.0285783763974905,True,Right,0.9671809673309326
vid4,145,4833,6,0.9408023953437805,0.5519071817398071,0.02926448918879032,0.023872507736086845,0.010538075119256973,0.03351034224033356,True,Right,0.9671809673309326
vid4,145,4833,7,0.9465955495834351,0.6248392462730408,0.02486954815685749,0.031909167766571045,0.02908182330429554,0.043233878910541534,True,Right,0.9671809673309326
vid4,145,4833,8,0.9339273571968079,0.676466166973114,0.02384820394217968,0.02247130684554577,0.046228211373090744,0.04558331519365311,True,Right,0.9671809673309326
vid4,145,4833,9,0.8738378882408142,0.4933592677116394,0.006381331477314234,0.0022678549867123365,-0.006282289046794176,0.005458947271108627,True,Right,0.9671809673309326
vid4,145,4833,10,0.9590471982955933,0.5437825322151184,0.0033215924631804228,0.03776395320892334,0.006296549458056688,0.007343217730522156,True,Right,0.9671809673309326
vid4,145,4833,11,0.9677605628967285,0.62220698595047,0.004750038497149944,0.043029237538576126,0.0231053177267313,0.015346512198448181,True,Right,0.9671809673309326
vid4,145,4833,12,0.9542701244354248,0.6721925139427185,0.006294380407780409,0.03871561959385872,0.03762847185134888,0.02666252851486206,True,Right,0.9671809673309326
vid4,145,4833,13,0.870424211025238,0.5121414661407471,-0.020800216123461723,0.00045498297549784184,0.0020577977411448956,-0.01872953772544861,True,Right,0.9671809673309326
vid4,145,4833,14,0.9573924541473389,0.5616284608840942,-0.02388974092900753,0.030929546803236008,0.012242433615028858,-0.016030631959438324,True,Right,0.9671809673309326
vid4,145,4833,15,0.958734393119812,0.6387051939964294,-0.018023503944277763,0.03621876984834671,0.03144412860274315,-0.0074881911277771,True,Right,0.9671809673309326
vid4,145,4833,16,0.9396080374717712,0.6843335628509521,-0.013911164365708828,0.02931065298616886,0.04650181531906128,0.0036451444029808044,True,Right,0.9671809673309326
vid4,145,4833,17,0.8641443252563477,0.5574317574501038,-0.04539819806814194,-0.010605254210531712,0.010731198824942112,-0.03380323946475983,True,Right,0.9671809673309326
vid4,145,4833,18,0.9239060282707214,0.6115670204162598,-0.04592717066407204,0.011701648123562336,0.02262186072766781,-0.03127182275056839,True,Right,0.9671809673309326
vid4,145,4833,19,0.920937180519104,0.6651012301445007,-0.03817667067050934,0.018331684172153473,0.03896385058760643,-0.019911468029022217,True,Right,0.9671809673309326
vid4,145,4833,20,0.9004991054534912,0.7023372054100037,-0.03244742751121521,0.009798319078981876,0.0480242557823658,-0.007501289248466492,True,Right,0.9671809673309326
vid4,146,4867,0,0.7344094514846802,0.5448872447013855,6.89448356183675e-08,-0.07696533203125,0.02293728105723858,-0.0016030296683311462,True,Right,0.9706523418426514
vid4,146,4867,1,0.7877777814865112,0.6225836277008057,0.04137148708105087,-0.05619948357343674,0.026315763592720032,0.02372533082962036,True,Right,0.9706523418426514
vid4,146,4867,2,0.8294474482536316,0.6381292343139648,0.05168991535902023,-0.034924816340208054,0.03933023661375046,0.0478309690952301,True,Right,0.9706523418426514
vid4,146,4867,3,0.8613955974578857,0.6540125012397766,0.048675548285245895,-0.01469550933688879,0.041233040392398834,0.07658188045024872,True,Right,0.9706523418426514
vid4,146,4867,4,0.88714998960495,0.6693485379219055,0.04493624344468117,-0.002596338978037238,0.03940696641802788,0.10521501302719116,True,Right,0.9706523418426514
vid4,146,4867,5,0.8734980225563049,0.4979740381240845,0.04067948833107948,-0.0008757623145356774,-0.004844545386731625,0.029544325545430183,True,Right,0.9706523418426514
vid4,146,4867,6,0.9399762749671936,0.5507791042327881,0.036150068044662476,0.02127368189394474,0.011229404248297215,0.03510943055152893,True,Right,0.9706523418426514
vid4,146,4867,7,0.9497289061546326,0.6241785287857056,0.03132743388414383,0.030360618606209755,0.029847687110304832,0.04556109756231308,True,Right,0.9706523418426514
vid4,146,4867,8,0.9407401084899902,0.6788386702537537,0.02931760624051094,0.024086304008960724,0.04645964130759239,0.04517733305692673,True,Right,0.9706523418426514
vid4,146,4867,9,0.8748142123222351,0.4890855848789215,0.010879671201109886,0.0022759796120226383,-0.006040758918970823,0.005876682698726654,True,Right,0.9706523418426514
vid4,146,4867,10,0.9583951830863953,0.5429648160934448,0.008220161311328411,0.034389205276966095,0.006156712304800749,0.009326756000518799,True,Right,0.9706523418426514
vid4,146,4867,11,0.9697765707969666,0.6234157085418701,0.007802874781191349,0.04139895737171173,0.02293930947780609,0.016704782843589783,True,Right,0.9706523418426514
vid4,146,4867,12,0.9596343636512756,0.6777654886245728,0.008045347407460213,0.039454925805330276,0.0392630398273468,0.028562933206558228,True,Right,0.9706523418426514
vid4,146,4867,13,0.8711732625961304,0.507880449295044,-0.017731301486492157,0.0009525461937300861,0.0007248699548654258,-0.019635356962680817,True,Right,0.9706523418426514
vid4,146,4867,14,0.9579218626022339,0.5567998290061951,-0.020463956519961357,0.028750993311405182,0.009875300340354443,-0.01584969460964203,True,Right,0.9706523418426514
vid4,146,4867,15,0.9632483720779419,0.6368643045425415,-0.016206692904233932,0.03516032174229622,0.02989843860268593,-0.0072171688079833984,True,Right,0.9706523418426514
vid4,146,4867,16,0.9480856657028198,0.6873117685317993,-0.01323822233825922,0.03138338029384613,0.047087423503398895,0.004674039781093597,True,Right,0.9706523418426514
vid4,146,4867,17,0.8648896813392639,0.5547344088554382,-0.04402543604373932,-0.009475724771618843,0.008517528884112835,-0.03575749695301056,True,Right,0.9706523418426514
vid4,146,4867,18,0.9252504706382751,0.6064545512199402,-0.04378098249435425,0.011542861349880695,0.020038606598973274,-0.03228750824928284,True,Right,0.9706523418426514
vid4,146,4867,19,0.9251079559326172,0.6635760068893433,-0.03610678389668465,0.01903347671031952,0.03685769811272621,-0.021071597933769226,True,Right,0.9706523418426514
vid4,146,4867,20,0.9073546528816223,0.7056218385696411,-0.030573025345802307,0.012312691658735275,0.048226770013570786,-0.007559359073638916,True,Right,0.9706523418426514
vid4,147,4900,0,0.7276487946510315,0.5291891694068909,1.6905039501580177e-07,-0.07992462068796158,0.020211046561598778,-0.006923902779817581,True,Right,0.9411371946334839
vid4,147,4900,1,0.7662034630775452,0.6093706488609314,0.029897136613726616,-0.060237251222133636,0.024334458634257317,0.019523778930306435,True,Right,0.9411371946334839
vid4,147,4900,2,0.8041514754295349,0.6287686228752136,0.0332186296582222,-0.041784655302762985,0.036316148936748505,0.0515306293964386,True,Right,0.9411371946334839
vid4,147,4900,3,0.8306839466094971,0.6459080576896667,0.025329960510134697,-0.026530608534812927,0.03849314525723457,0.09014853835105896,True,Right,0.9411371946334839
vid4,147,4900,4,0.8519884943962097,0.6646023988723755,0.016972368583083153,-0.016643937677145004,0.0371507965028286,0.13300681114196777,True,Right,0.9411371946334839
vid4,147,4900,5,0.8669306039810181,0.49674192070961,0.02034471184015274,-0.0005317865288816392,-0.006758315954357386,0.030834782868623734,True,Right,0.9411371946334839
vid4,147,4900,6,0.9438531398773193,0.5143362879753113,0.00686523225158453,0.02643553726375103,0.0033943287562578917,0.039059728384017944,True,Right,0.9411371946334839
vid4,147,4900,7,0.9609158039093018,0.588417112827301,-0.0021897833794355392,0.040145717561244965,0.0192757286131382,0.050167664885520935,True,Right,0.9411371946334839
vid4,147,4900,8,0.9562821388244629,0.6495434641838074,-0.005236223805695772,0.03878708928823471,0.038805849850177765,0.04874330759048462,True,Right,0.9411371946334839
vid4,147,4900,9,0.8666647672653198,0.49064508080482483,-0.005757716950029135,0.0027198505122214556,-0.006076755467802286,0.00561194121837616,True,Right,0.9411371946334839
vid4,147,4900,10,0.9601612687110901,0.5146834254264832,-0.018877150490880013,0.03833142668008804,-0.0009146046359091997,0.009664185345172882,True,Right,0.9411371946334839
vid4,147,4900,11,0.9814066886901855,0.596829354763031,-0.02356867864727974,0.05106854811310768,0.016417289152741432,0.017259612679481506,True,Right,0.9411371946334839
vid4,147,4900,12,0.9742811918258667,0.6580471396446228,-0.02396591193974018,0.051860783249139786,0.03473108261823654,0.028588086366653442,True,Right,0.9411371946334839
vid4,147,4900,13,0.8637998700141907,0.5065934062004089,-0.03095114603638649,0.0011023831320926547,0.0024805846624076366,-0.020091533660888672,True,Right,0.9411371946334839
vid4,147,4900,14,0.9533324241638184,0.5381448864936829,-0.04060722142457962,0.030919335782527924,0.008002948947250843,-0.0157284215092659,True,Right,0.9411371946334839
vid4,147,4900,15,0.9661678075790405,0.6189009547233582,-0.03840576112270355,0.039311863481998444,0.02849365584552288,-0.005027741193771362,True,Right,0.9411371946334839
vid4,147,4900,16,0.9544146060943604,0.6747140288352966,-0.03418557718396187,0.039034537971019745,0.045736245810985565,0.005625542253255844,True,Right,0.9411371946334839
vid4,147,4900,17,0.8574204444885254,0.5492865443229675,-0.05458994209766388,-0.011605028063058853,0.011537125334143639,-0.03761003911495209,True,Right,0.9411371946334839
vid4,147,4900,18,0.9247329235076904,0.5858592391014099,-0.058300621807575226,0.011949070729315281,0.017753243446350098,-0.03322647511959076,True,Right,0.9411371946334839
vid4,147,4900,19,0.933743417263031,0.6449647545814514,-0.051585350185632706,0.02551054209470749,0.03436724469065666,-0.020620137453079224,True,Right,0.9411371946334839
vid4,147,4900,20,0.9206780791282654,0.690619945526123,-0.04481133073568344,0.022280078381299973,0.047144994139671326,-0.006986245512962341,True,Right,0.9411371946334839
vid4,148,4933,0,0.7137030959129333,0.5159609913825989,3.021088446075737e-07,-0.07464586943387985,0.01927453838288784,0.0008658729493618011,True,Right,0.8656725883483887
vid4,148,4933,1,0.7432155609130859,0.5884423851966858,0.00856639165431261,-0.0571507103741169,0.02431434951722622,0.020289171487092972,True,Right,0.8656725883483887
vid4,148,4933,2,0.7809587121009827,0.6090061068534851,0.002529157791286707,-0.040957797318696976,0.0330013744533062,0.044611990451812744,True,Right,0.8656725883483887
vid4,148,4933,3,0.8082813024520874,0.6246088743209839,-0.009858287870883942,-0.029350627213716507,0.03294561058282852,0.07626044750213623,True,Right,0.8656725883483887
vid4,148,4933,4,0.8322017788887024,0.6188535094261169,-0.02121380716562271,-0.01842378079891205,0.024416718631982803,0.10281908512115479,True,Right,0.8656725883483887
vid4,148,4933,5,0.8520581126213074,0.48677849769592285,0.0007846702355891466,-0.0019372618990018964,-0.006964908912777901,0.026623276993632317,True,Right,0.8656725883483887
vid4,148,4933,6,0.925315797328949,0.48681366443634033,-0.016714222729206085,0.01997598633170128,0.0008672961266711354,0.03182949125766754,True,Right,0.8656725883483887
vid4,148,4933,7,0.9536983370780945,0.553826093673706,-0.02765410952270031,0.03711795061826706,0.014847865328192711,0.0390654020011425,True,Right,0.8656725883483887
vid4,148,4933,8,0.9600335359573364,0.613444983959198,-0.031195705756545067,0.04222150892019272,0.0318368561565876,0.03670908510684967,True,Right,0.8656725883483887
vid4,148,4933,9,0.8544096946716309,0.4766237437725067,-0.015193588100373745,0.0024568969383835793,-0.00606927927583456,0.00515797920525074,True,Right,0.8656725883483887
vid4,148,4933,10,0.9446157217025757,0.4776846170425415,-0.03246478736400604,0.033264100551605225,-0.0038110464811325073,0.007242292165756226,True,Right,0.8656725883483887
vid4,148,4933,11,0.9785285592079163,0.5565413236618042,-0.03844475746154785,0.05102922022342682,0.011753452941775322,0.010201230645179749,True,Right,0.8656725883483887
vid4,148,4933,12,0.9829443097114563,0.6226800084114075,-0.0382353849709034,0.06228124722838402,0.02836826629936695,0.018688857555389404,True,Right,0.8656725883483887
vid4,148,4933,13,0.8556783199310303,0.49093106389045715,-0.031779952347278595,0.002076314762234688,0.002330673625692725,-0.01776651293039322,True,Right,0.8656725883483887
vid4,148,4933,14,0.9430059790611267,0.4935048222541809,-0.044139087200164795,0.02818004973232746,0.0014234279515221715,-0.016475677490234375,True,Right,0.8656725883483887
vid4,148,4933,15,0.9725918769836426,0.5704859495162964,-0.04575047641992569,0.04510316625237465,0.021081071346998215,-0.009456276893615723,True,Right,0.8656725883483887
vid4,148,4933,16,0.97542804479599,0.6324736475944519,-0.043374255299568176,0.05501246452331543,0.037848100066185,-0.0035712048411369324,True,Right,0.8656725883483887
vid4,148,4933,17,0.8533394932746887,0.532471776008606,-0.04855119809508324,-0.00962265394628048,0.010028564371168613,-0.03221695125102997,True,Right,0.8656725883483887
vid4,148,4933,18,0.9181216955184937,0.5490089654922485,-0.054190993309020996,0.012333991937339306,0.013205287978053093,-0.030617745593190193,True,Right,0.8656725883483887
vid4,148,4933,19,0.9386577010154724,0.6051782369613647,-0.05055483430624008,0.029544811695814133,0.027026772499084473,-0.022405654191970825,True,Right,0.8656725883483887
vid4,148,4933,20,0.9373593926429749,0.6547935605049133,-0.045083433389663696,0.03639873117208481,0.03969975933432579,-0.012885496020317078,True,Right,0.8656725883483887
vid4,149,4967,0,0.6923183798789978,0.5010671019554138,4.4072675109418924e-07,-0.08061640709638596,0.019107967615127563,0.010701481252908707,True,Right,0.8875656723976135
vid4,149,4967,1,0.7187691926956177,0.5583827495574951,-0.012022406794130802,-0.0625593364238739,0.023823020979762077,0.02338068187236786,True,Right,0.8875656723976135
vid4,149,4967,2,0.7561385631561279,0.5810296535491943,-0.027723735198378563,-0.04244399815797806,0.03090113215148449,0.04444374144077301,True,Right,0.8875656723976135
vid4,149,4967,3,0.788132905960083,0.5993435382843018,-0.04529302939772606,-0.027121664956212044,0.03034273348748684,0.07085029780864716,True,Right,0.8875656723976135
vid4,149,4967,4,0.8141234517097473,0.5902379751205444,-0.06112094968557358,-0.011829827912151814,0.022302543744444847,0.08981361985206604,True,Right,0.8875656723976135
vid4,149,4967,5,0.825661301612854,0.4702490568161011,-0.024540819227695465,-0.003001160454005003,-0.007541764993220568,0.022174688056111336,True,Right,0.8875656723976135
vid4,149,4967,6,0.9019225239753723,0.44454225897789,-0.04748665168881416,0.024713750928640366,-0.005306428298354149,0.0265505313873291,True,Right,0.8875656723976135
vid4,149,4967,7,0.9461595416069031,0.49586373567581177,-0.06068379059433937,0.04897032678127289,0.004776218440383673,0.030125480145215988,True,Right,0.8875656723976135
vid4,149,4967,8,0.9649430513381958,0.5499622821807861,-0.06500622630119324,0.05962690711021423,0.022161437198519707,0.023097336292266846,True,Right,0.8875656723976135
vid4,149,4967,9,0.8297927975654602,0.46179303526878357,-0.02963019721210003,0.002392684808000922,-0.006680464372038841,0.00409674271941185,True,Right,0.8875656723976135
vid4,149,4967,10,0.9167428612709045,0.4376922845840454,-0.05034056305885315,0.03716898709535599,-0.008833928033709526,0.0044487714767456055,True,Right,0.8875656723976135
vid4,149,4967,11,0.9597044587135315,0.5068352818489075,-0.05854647606611252,0.05833536386489868,0.005195458885282278,0.003163762390613556,True,Right,0.8875656723976135
vid4,149,4967,12,0.9735021591186523,0.5733343958854675,-0.059723783284425735,0.07717209309339523,0.023245740681886673,0.007760077714920044,True,Right,0.8875656723976135
vid4,149,4967,13,0.8322774767875671,0.47918471693992615,-0.03627737611532211,0.0023156581446528435,0.003917096648365259,-0.014908969402313232,True,Right,0.8875656723976135
vid4,149,4967,14,0.9145016670227051,0.4595659077167511,-0.05003519728779793,0.03328479453921318,-0.001818703138269484,-0.014432892203330994,True,Right,0.8875656723976135
vid4,149,4967,15,0.9526251554489136,0.5211687088012695,-0.05590362474322319,0.055744681507349014,0.015837278217077255,-0.011644095182418823,True,Right,0.8875656723976135
vid4,149,4967,16,0.9652007222175598,0.5798617601394653,-0.05716043710708618,0.07008378207683563,0.030845671892166138,-0.007404640316963196,True,Right,0.8875656723976135
vid4,149,4967,17,0.8308488130569458,0.516949474811554,-0.044652119278907776,-0.007861189544200897,0.012906928546726704,-0.025129958987236023,True,Right,0.8875656723976135
vid4,149,4967,18,0.890178382396698,0.5108097195625305,-0.052531443536281586,0.014415748417377472,0.011104965582489967,-0.02430770918726921,True,Right,0.8875656723976135
vid4,149,4967,19,0.9202345609664917,0.5501090288162231,-0.05480131879448891,0.03496521711349487,0.022384682670235634,-0.01947900652885437,True,Right,0.8875656723976135
vid4,149,4967,20,0.9315201044082642,0.5941928625106812,-0.05385084077715874,0.04934222251176834,0.03444225341081619,-0.013994306325912476,True,Right,0.8875656723976135
vid4,150,5000,0,0.668793261051178,0.4912528097629547,2.2041744784928596e-07,-0.08922024071216583,0.017200037837028503,0.007939666509628296,True,Right,0.9751666784286499
vid4,150,5000,1,0.7194604277610779,0.4847013056278229,0.034009069204330444,-0.06639521569013596,0.0134209543466568,0.030611511319875717,True,Right,0.9751666784286499
vid4,150,5000,2,0.7654913067817688,0.47715845704078674,0.03614303842186928,-0.040314722806215286,0.0109978336840868,0.05615353584289551,True,Right,0.9751666784286499
vid4,150,5000,3,0.7973764538764954,0.48016297817230225,0.02664121799170971,-0.016478991135954857,0.0035535823553800583,0.08531230688095093,True,Right,0.9751666784286499
vid4,150,5000,4,0.82856285572052,0.48131510615348816,0.015994099900126457,0.0059166233986616135,-0.0033692854922264814,0.10014612972736359,True,Right,0.9751666784286499
vid4,150,5000,5,0.7994076609611511,0.4344802796840668,0.019065679982304573,0.0004407694796100259,-0.014235693030059338,0.025576574727892876,True,Right,0.9751666784286499
vid4,150,5000,6,0.8761112093925476,0.41236159205436707,0.003663306124508381,0.028738215565681458,-0.011364037171006203,0.033112332224845886,True,Right,0.9751666784286499
vid4,150,5000,7,0.9176742434501648,0.45927831530570984,-0.004665987566113472,0.05149120092391968,0.00023967046581674367,0.0399518758058548,True,Right,0.9751666784286499
vid4,150,5000,8,0.9402466416358948,0.5105375647544861,-0.00623545004054904,0.06585915386676788,0.0181236881762743,0.04273320734500885,True,Right,0.9751666784286499
vid4,150,5000,9,0.8033667206764221,0.4459526836872101,-0.010337228886783123,0.003143107984215021,-0.00759114557877183,0.003972116857767105,True,Right,0.9751666784286499
vid4,150,5000,10,0.888845682144165,0.4114418625831604,-0.02142864651978016,0.039649952203035355,-0.009556430391967297,0.007408030331134796,True,Right,0.9751666784286499
vid4,150,5000,11,0.9363397359848022,0.4676368236541748,-0.0228127334266901,0.06484590470790863,0.0006563254282809794,0.012267917394638062,True,Right,0.9751666784286499
vid4,150,5000,12,0.9557962417602539,0.5264701843261719,-0.02082252688705921,0.08643344044685364,0.01990666054189205,0.02440980076789856,True,Right,0.9751666784286499
vid4,150,5000,13,0.8038395047187805,0.47321173548698425,-0.039014484733343124,0.0010743405437096953,0.007368189282715321,-0.017290718853473663,True,Right,0.9751666784286499
vid4,150,5000,14,0.8901389241218567,0.43791139125823975,-0.043270692229270935,0.03618786111474037,0.0004970644949935377,-0.014183692634105682,True,Right,0.9751666784286499
vid4,150,5000,15,0.9291389584541321,0.4872182607650757,-0.038463253527879715,0.061850883066654205,0.01364758051931858,-0.008635759353637695,True,Right,0.9751666784286499
vid4,150,5000,16,0.9454759359359741,0.5374605059623718,-0.03429081663489342,0.07712259143590927,0.028842857107520103,0.0034938156604766846,True,Right,0.9751666784286499
vid4,150,5000,17,0.8031225800514221,0.520941972732544,-0.06629455834627151,-0.0101988660171628,0.02129826694726944,-0.029158174991607666,True,Right,0.9751666784286499
vid4,150,5000,18,0.8661834597587585,0.5011690855026245,-0.0666523277759552,0.014860674738883972,0.018710298463702202,-0.028673868626356125,True,Right,0.9751666784286499
vid4,150,5000,19,0.8994387984275818,0.52512526512146,-0.06032813340425491,0.04039372131228447,0.025791753083467484,-0.021849066019058228,True,Right,0.9751666784286499
vid4,150,5000,20,0.9167580604553223,0.5542430877685547,-0.05432497337460518,0.056692562997341156,0.033297136425971985,-0.01327621191740036,True,Right,0.9751666784286499
vid4,151,5033,0,0.6458401679992676,0.4820864498615265,2.1099067737395671e-07,-0.08590774238109589,0.01666211150586605,0.016232836991548538,True,Right,0.9628216624259949
vid4,151,5033,1,0.7036664485931396,0.4498508870601654,0.035343341529369354,-0.06315455585718155,0.010427465662360191,0.03600823134183884,True,Right,0.9628216624259949
vid4,151,5033,2,0.7531995177268982,0.4398941695690155,0.03792490437626839,-0.03469878062605858,0.004940626211464405,0.06108388304710388,True,Right,0.9628216624259949
vid4,151,5033,3,0.7869428396224976,0.4449947774410248,0.02964220754802227,-0.008380071260035038,-0.0025967126712203026,0.08501918613910675,True,Right,0.9628216624259949
vid4,151,5033,4,0.8187089562416077,0.45812898874282837,0.02049204893410206,0.014622281305491924,-0.006765613332390785,0.09947933256626129,True,Right,0.9628216624259949
vid4,151,5033,5,0.7703897953033447,0.41393938660621643,0.01349654234945774,0.0003904687473550439,-0.016089027747511864,0.025368932634592056,True,Right,0.9628216624259949
vid4,151,5033,6,0.8493166565895081,0.4019412100315094,-0.001633846084587276,0.02915348671376705,-0.011404989287257195,0.03068232536315918,True,Right,0.9628216624259949
vid4,151,5033,7,0.8911044001579285,0.4451715052127838,-0.008649705909192562,0.05028950423002243,-0.0008862271788530052,0.03981040418148041,True,Right,0.9628216624259949
vid4,151,5033,8,0.9143950939178467,0.4935370981693268,-0.01009394507855177,0.06769982725381851,0.016983894631266594,0.047778986394405365,True,Right,0.9628216624259949
vid4,151,5033,9,0.77342289686203,0.429531067609787,-0.015015535056591034,0.002719539450481534,-0.007575736381113529,0.003347434103488922,True,Right,0.9628216624259949
vid4,151,5033,10,0.8611571788787842,0.39850300550460815,-0.030164599418640137,0.04084540903568268,-0.009158262982964516,0.004411295056343079,True,Right,0.9628216624259949
vid4,151,5033,11,0.905516505241394,0.4513789415359497,-0.03264286369085312,0.06325007975101471,0.0007154406048357487,0.013454258441925049,True,Right,0.9628216624259949
vid4,151,5033,12,0.9240298271179199,0.5068638920783997,-0.03136199712753296,0.08234266936779022,0.018003491684794426,0.030187368392944336,True,Right,0.9628216624259949
vid4,151,5033,13,0.7728046178817749,0.45764240622520447,-0.04158033803105354,-0.0001327371719526127,0.008348120376467705,-0.0170607790350914,True,Right,0.9628216624259949
vid4,151,5033,14,0.8612723350524902,0.4242974817752838,-0.04974832385778427,0.035506993532180786,0.0021152214612811804,-0.01632729172706604,True,Right,0.9628216624259949
vid4,151,5033,15,0.898780107498169,0.4728751480579376,-0.04459183290600777,0.060315825045108795,0.014064420945942402,-0.00890389084815979,True,Right,0.9628216624259949
vid4,151,5033,16,0.9151336550712585,0.5235068798065186,-0.03974555805325508,0.07432959228754044,0.030822770670056343,0.004357416182756424,True,Right,0.9628216624259949
vid4,151,5033,17,0.7705041766166687,0.5077463984489441,-0.06600891798734665,-0.01056250836700201,0.023886514827609062,-0.026404112577438354,True,Right,0.9628216624259949
vid4,151,5033,18,0.8343725800514221,0.49218451976776123,-0.0679231584072113,0.015149115584790707,0.02159450203180313,-0.026622382923960686,True,Right,0.9628216624259949
vid4,151,5033,19,0.8643428087234497,0.5214266180992126,-0.06056451424956322,0.038945287466049194,0.029162852093577385,-0.0173313170671463,True,Right,0.9628216624259949
vid4,151,5033,20,0.8800709843635559,0.5539413094520569,-0.053898151963949203,0.052231524139642715,0.03924989327788353,-0.007225364446640015,True,Right,0.9628216624259949
vid4,152,5067,0,0.6105514168739319,0.49649912118911743,1.318003626238351e-07,-0.08501935005187988,0.02082880586385727,0.012533672153949738,True,Right,0.9804453253746033
vid4,152,5067,1,0.662190318107605,0.48067575693130493,0.03892406448721886,-0.061781901866197586,0.015757661312818527,0.036046065390110016,True,Right,0.9804453253746033
vid4,152,5067,2,0.7120986580848694,0.4653681218624115,0.0436987578868866,-0.03368616849184036,0.01142976339906454,0.06398874521255493,True,Right,0.9804453253746033
vid4,152,5067,3,0.7452120780944824,0.46545395255088806,0.03670778498053551,-0.01157634612172842,0.0012386798625811934,0.09389995038509369,True,Right,0.9804453253746033
vid4,152,5067,4,0.7750592827796936,0.47392258048057556,0.028956236317753792,0.008123844861984253,-0.005351631436496973,0.11146692931652069,True,Right,0.9804453253746033
vid4,152,5067,5,0.738938570022583,0.43144726753234863,0.0155855817720294,0.000598440645262599,-0.015511810779571533,0.028500914573669434,True,Right,0.9804453253746033
vid4,152,5067,6,0.8164701461791992,0.4090692400932312,0.0012166715459898114,0.026161998510360718,-0.011883958242833614,0.035493552684783936,True,Right,0.9804453253746033
vid4,152,5067,7,0.8531365990638733,0.4561193287372589,-0.004423038102686405,0.04737812280654907,-5.97570942773018e-06,0.04613310843706131,True,Right,0.9804453253746033
vid4,152,5067,8,0.870120644569397,0.5068159103393555,-0.004623182583600283,0.059673115611076355,0.01737898588180542,0.053074732422828674,True,Right,0.9804453253746033
vid4,152,5067,9,0.740101158618927,0.4411788880825043,-0.015072145499289036,0.0034928510431200266,-0.007986391894519329,0.0047025904059410095,True,Right,0.9804453253746033
vid4,152,5067,10,0.8284009099006653,0.41271689534187317,-0.029432233422994614,0.03835189715027809,-0.008539012633264065,0.006604768335819244,True,Right,0.9804453253746033
vid4,152,5067,11,0.8716316819190979,0.46453970670700073,-0.030271952971816063,0.058852311223745346,0.0005004158010706306,0.014167100191116333,True,Right,0.9804453253746033
vid4,152,5067,12,0.8875833749771118,0.5173630714416504,-0.02761082910001278,0.07681956142187119,0.01670007035136223,0.030402541160583496,True,Right,0.9804453253746033
vid4,152,5067,13,0.7380496859550476,0.4655507802963257,-0.04371587932109833,0.0007204944849945605,0.008912133052945137,-0.01896001398563385,True,Right,0.9804453253746033
vid4,152,5067,14,0.8277917504310608,0.4350607991218567,-0.05160006135702133,0.03431522473692894,0.0013422913616523147,-0.016175806522369385,True,Right,0.9804453253746033
vid4,152,5067,15,0.8657460808753967,0.48432838916778564,-0.04495497792959213,0.05621100962162018,0.014540700241923332,-0.007686406373977661,True,Right,0.9804453253746033
vid4,152,5067,16,0.8793911337852478,0.536014974117279,-0.038566336035728455,0.06914301216602325,0.03084685653448105,0.0031859353184700012,True,Right,0.9804453253746033
vid4,152,5067,17,0.736090362071991,0.5168209075927734,-0.0700768381357193,-0.011042083613574505,0.02180798538029194,-0.03206242620944977,True,Right,0.9804453253746033
vid4,152,5067,18,0.8056108355522156,0.5100610852241516,-0.07249749451875687,0.014947314746677876,0.02175620198249817,-0.029392769560217857,True,Right,0.9804453253746033
vid4,152,5067,19,0.8326849341392517,0.5509501695632935,-0.06434684991836548,0.03663758561015129,0.034489016979932785,-0.018962830305099487,True,Right,0.9804453253746033
vid4,152,5067,20,0.8405336141586304,0.5946532487869263,-0.0565461628139019,0.04540380463004112,0.045845188200473785,-0.009441152215003967,True,Right,0.9804453253746033
vid4,153,5100,0,0.5731324553489685,0.5120382905006409,1.5925049012821546e-07,-0.08347596973180771,0.018707243725657463,0.01714659295976162,True,Right,0.9742411375045776
vid4,153,5100,1,0.6277303695678711,0.4955863952636719,0.03562597930431366,-0.05979485437273979,0.014857604168355465,0.037046801298856735,True,Right,0.9742411375045776
vid4,153,5100,2,0.6776843667030334,0.48093849420547485,0.03811594843864441,-0.03215721249580383,0.011173146776854992,0.0639893114566803,True,Right,0.9742411375045776
vid4,153,5100,3,0.7121412754058838,0.48339277505874634,0.029409492388367653,-0.007767402566969395,0.0016547408886253834,0.0916786789894104,True,Right,0.9742411375045776
vid4,153,5100,4,0.7441109418869019,0.49007484316825867,0.019622771069407463,0.012750093825161457,-0.0040833912789821625,0.10624361038208008,True,Right,0.9742411375045776
vid4,153,5100,5,0.7009047269821167,0.44713690876960754,0.008572832681238651,0.0013167588040232658,-0.01502976194024086,0.027114354074001312,True,Right,0.9742411375045776
vid4,153,5100,6,0.779785692691803,0.4399428963661194,-0.0073293824680149555,0.027019742876291275,-0.007071611471474171,0.030841782689094543,True,Right,0.9742411375045776
vid4,153,5100,7,0.814449667930603,0.4933943748474121,-0.013158699497580528,0.046215564012527466,0.00596646498888731,0.04063974320888519,True,Right,0.9742411375045776
vid4,153,5100,8,0.8285926580429077,0.5497851371765137,-0.013031461276113987,0.057438138872385025,0.02663896046578884,0.04700583964586258,True,Right,0.9742411375045776
vid4,153,5100,9,0.7023625373840332,0.4547504484653473,-0.020798837766051292,0.003494550473988056,-0.0077557689510285854,0.00410432368516922,True,Right,0.9742411375045776
vid4,153,5100,10,0.7910355925559998,0.4312729239463806,-0.03656395524740219,0.03848463296890259,-0.007375792134553194,0.0026852265000343323,True,Right,0.9742411375045776
vid4,153,5100,11,0.8324779272079468,0.4889899790287018,-0.03649838641285896,0.058484457433223724,0.004540698602795601,0.010214947164058685,True,Right,0.9742411375045776
vid4,153,5100,12,0.8457936644554138,0.5469033122062683,-0.032674308866262436,0.0746622160077095,0.021960094571113586,0.026628702878952026,True,Right,0.9742411375045776
vid4,153,5100,13,0.700366199016571,0.4785226881504059,-0.0481921061873436,-0.00027920035063289106,0.007253929041326046,-0.017539262771606445,True,Right,0.9742411375045776
vid4,153,5100,14,0.7890509963035583,0.4530078172683716,-0.05796419084072113,0.033053986728191376,0.002471226966008544,-0.017769478261470795,True,Right,0.9742411375045776
vid4,153,5100,15,0.8247814774513245,0.5086238384246826,-0.053068745881319046,0.05382595956325531,0.017010914161801338,-0.009894698858261108,True,Right,0.9742411375045776
vid4,153,5100,16,0.8350938558578491,0.5642978549003601,-0.04747655987739563,0.06445425748825073,0.03467438742518425,0.0015830397605895996,True,Right,0.9742411375045776
vid4,153,5100,17,0.6973578333854675,0.527601957321167,-0.07336331158876419,-0.011539583094418049,0.021118266507983208,-0.029170945286750793,True,Right,0.9742411375045776
vid4,153,5100,18,0.7653806209564209,0.5277972221374512,-0.07739778608083725,0.013481734320521355,0.02194262482225895,-0.02722896635532379,True,Right,0.9742411375045776
vid4,153,5100,19,0.7920464873313904,0.5697059631347656,-0.07071946561336517,0.034833669662475586,0.035113051533699036,-0.01780615746974945,True,Right,0.9742411375045776
vid4,153,5100,20,0.7986840605735779,0.6150151491165161,-0.06377358734607697,0.04261789098381996,0.04751703515648842,-0.007900476455688477,True,Right,0.9742411375045776
vid4,154,5133,0,0.5367921590805054,0.5266251564025879,1.5324569346830685e-07,-0.08308213204145432,0.017557293176651,0.029832718893885612,True,Right,0.9479098320007324
vid4,154,5133,1,0.5948010683059692,0.5374088883399963,0.024087756872177124,-0.054808538407087326,0.017361730337142944,0.04455224424600601,True,Right,0.9479098320007324
vid4,154,5133,2,0.6530941128730774,0.5324936509132385,0.024413563311100006,-0.023296484723687172,0.016933944076299667,0.06113407015800476,True,Right,0.9479098320007324
vid4,154,5133,3,0.6938237547874451,0.5429019927978516,0.01693698950111866,0.003969518933445215,0.012699763290584087,0.07335951924324036,True,Right,0.9479098320007324
vid4,154,5133,4,0.7293295860290527,0.5622669458389282,0.008506116457283497,0.02652635984122753,0.01161592174321413,0.07139924168586731,True,Right,0.9479098320007324
vid4,154,5133,5,0.6687536239624023,0.4764171242713928,-0.006283509079366922,0.0055417269468307495,-0.013394747860729694,0.023608267307281494,True,Right,0.9479098320007324
vid4,154,5133,6,0.7472843527793884,0.46210741996765137,-0.023495988920331,0.031842995434999466,-0.00686743063852191,0.02155299484729767,True,Right,0.9479098320007324
vid4,154,5133,7,0.7825863361358643,0.5102820992469788,-0.030817106366157532,0.049753349274396896,0.0067076245322823524,0.02945207804441452,True,Right,0.9479098320007324
vid4,154,5133,8,0.8011835813522339,0.5639688968658447,-0.033306512981653214,0.06423663347959518,0.024106232449412346,0.029321134090423584,True,Right,0.9479098320007324
vid4,154,5133,9,0.6660440564155579,0.48155224323272705,-0.02969866245985031,0.0037670412566512823,-0.00704443734139204,0.0025105364620685577,True,Right,0.9479098320007324
vid4,154,5133,10,0.7508422136306763,0.45681408047676086,-0.04608479142189026,0.03842787817120552,-0.0057600256986916065,-0.001340337097644806,True,Right,0.9479098320007324
vid4,154,5133,11,0.791970431804657,0.5118744373321533,-0.04979870840907097,0.06009988114237785,0.006258742418140173,-0.0009975582361221313,True,Right,0.9479098320007324
vid4,154,5133,12,0.8105825781822205,0.5699741244316101,-0.050906952470541,0.079022116959095,0.02400500327348709,0.010678589344024658,True,Right,0.9479098320007324
vid4,154,5133,13,0.6594917178153992,0.5053293108940125,-0.05131520703434944,-0.0025405834894627333,0.005852015223354101,-0.01599818468093872,True,Right,0.9479098320007324
vid4,154,5133,14,0.7413109540939331,0.48119622468948364,-0.0627722293138504,0.030226167291402817,0.0023704697377979755,-0.017292775213718414,True,Right,0.9479098320007324
vid4,154,5133,15,0.7778244018554688,0.5330088138580322,-0.064576655626297,0.05009446665644646,0.01656361296772957,-0.015113383531570435,True,Right,0.9479098320007324
vid4,154,5133,16,0.7932642698287964,0.5874429941177368,-0.06593754887580872,0.064290851354599,0.03441891446709633,-0.006376117467880249,True,Right,0.9479098320007324
vid4,154,5133,17,0.6526428461074829,0.5505067110061646,-0.07132688164710999,-0.015316890552639961,0.018443286418914795,-0.02357068657875061,True,Right,0.9479098320007324
vid4,154,5133,18,0.7114337086677551,0.5536712408065796,-0.08031950891017914,0.006888264324516058,0.021794674918055534,-0.02390967682003975,True,Right,0.9479098320007324
vid4,154,5133,19,0.7408763766288757,0.5925737619400024,-0.08167729526758194,0.02928250841796398,0.03329228237271309,-0.01764693856239319,True,Right,0.9479098320007324
vid4,154,5133,20,0.7545886635780334,0.6368682384490967,-0.08236156404018402,0.03938477113842964,0.04623747989535332,-0.01067022979259491,True,Right,0.9479098320007324
vid4,155,5167,0,0.504631519317627,0.5722731351852417,3.5725955171983514e-07,-0.07825127243995667,0.015496728010475636,0.03063623420894146,True,Right,0.650862455368042
vid4,155,5167,1,0.5518943667411804,0.5899978876113892,-0.025454729795455933,-0.04958632215857506,0.018359413370490074,0.03177493438124657,True,Right,0.650862455368042
vid4,155,5167,2,0.6215466260910034,0.5839030742645264,-0.03509131073951721,-0.01529561448842287,0.017565764486789703,0.03927835822105408,True,Right,0.650862455368042
vid4,155,5167,3,0.6717851758003235,0.5939756631851196,-0.040259767323732376,0.01550084725022316,0.015941603109240532,0.03696984052658081,True,Right,0.650862455368042
vid4,155,5167,4,0.7092030048370361,0.6326839923858643,-0.04291336238384247,0.03812137246131897,0.020612511783838272,0.025337353348731995,True,Right,0.650862455368042
vid4,155,5167,5,0.6349047422409058,0.5213954448699951,-0.03213150054216385,0.006132481154054403,-0.010113737545907497,0.013240557163953781,True,Right,0.650862455368042
vid4,155,5167,6,0.7055003046989441,0.4965307414531708,-0.04844537377357483,0.030281705781817436,-0.0064956629648804665,0.007924005389213562,True,Right,0.650862455368042
vid4,155,5167,7,0.7414456605911255,0.5339910387992859,-0.0586087666451931,0.05050554871559143,0.0034588042180985212,0.012198619544506073,True,Right,0.650862455368042
vid4,155,5167,8,0.7634359002113342,0.5781106948852539,-0.06360955536365509,0.06802274286746979,0.016119424253702164,0.005804270505905151,True,Right,0.650862455368042
vid4,155,5167,9,0.6336193084716797,0.5253953337669373,-0.023713188245892525,0.0036447157617658377,-0.006047896575182676,0.0027996301651000977,True,Right,0.650862455368042
vid4,155,5167,10,0.7030191421508789,0.5002928376197815,-0.03571454808115959,0.03486249968409538,-0.005927726160734892,-0.0035327672958374023,True,Right,0.650862455368042
vid4,155,5167,11,0.7413502931594849,0.5410127639770508,-0.04407311975955963,0.05770375207066536,0.0037280041724443436,-0.010983899235725403,True,Right,0.650862455368042
vid4,155,5167,12,0.7644556760787964,0.5891220569610596,-0.05003296583890915,0.08063000440597534,0.016408231109380722,-0.008849263191223145,True,Right,0.650862455368042
vid4,155,5167,13,0.6255218982696533,0.5465555191040039,-0.017467927187681198,-0.0029695406556129456,0.003226208034902811,-0.009692952036857605,True,Right,0.650862455368042
vid4,155,5167,14,0.6886340379714966,0.5331674814224243,-0.026956427842378616,0.02688494883477688,0.0020492731127887964,-0.011652879416942596,True,Right,0.650862455368042
vid4,155,5167,15,0.7222118973731995,0.5730090141296387,-0.03640365973114967,0.04712625965476036,0.01684674806892872,-0.018159329891204834,True,Right,0.650862455368042
vid4,155,5167,16,0.7395313382148743,0.617700457572937,-0.04351793974637985,0.0629330649971962,0.030474385246634483,-0.019334346055984497,True,Right,0.650862455368042
vid4,155,5167,17,0.6139265298843384,0.580122709274292,-0.013319078832864761,-0.015648800879716873,0.013612587004899979,-0.011742696166038513,True,Right,0.650862455368042
vid4,155,5167,18,0.6583583950996399,0.5919240713119507,-0.018848054111003876,0.003777983831241727,0.019418131560087204,-0.013818582519888878,True,Right,0.650862455368042
vid4,155,5167,19,0.6856817603111267,0.623643696308136,-0.024363670498132706,0.023786719888448715,0.03014417737722397,-0.015594691038131714,True,Right,0.650862455368042
vid4,155,5167,20,0.7022320032119751,0.6574193835258484,-0.029053399339318275,0.037100523710250854,0.04218710958957672,-0.017696425318717957,True,Right,0.650862455368042
vid4,156,5200,0,0.4672597348690033,0.5832989811897278,5.626806114378269e-07,-0.08042385429143906,0.008554377593100071,0.020161302760243416,True,Right,0.5566710233688354
vid4,156,5200,1,0.4893637001514435,0.6125737428665161,-0.04307213053107262,-0.06178117170929909,0.014503023587167263,0.02546631544828415,True,Right,0.5566710233688354
vid4,156,5200,2,0.5269196033477783,0.6178098320960999,-0.06851397454738617,-0.039006318897008896,0.01429881900548935,0.04285582900047302,True,Right,0.5566710233688354
vid4,156,5200,3,0.5467077493667603,0.6235373020172119,-0.08679372817277908,-0.021481921896338463,0.012417178601026535,0.05981320142745972,True,Right,0.5566710233688354
vid4,156,5200,4,0.5640421509742737,0.6313269138336182,-0.10384990274906158,-0.005613237153738737,0.010637097992002964,0.066401407122612,True,Right,0.5566710233688354
vid4,156,5200,5,0.5851625204086304,0.5589190125465393,-0.0649188831448555,0.0011165892938151956,-0.008558588102459908,0.01378718577325344,True,Right,0.5566710233688354
vid4,156,5200,6,0.6539589762687683,0.5373720526695251,-0.09003335237503052,0.02829183265566826,-0.005957831162959337,0.013695627450942993,True,Right,0.5566710233688354
vid4,156,5200,7,0.6930721402168274,0.5716832280158997,-0.10542351752519608,0.050467848777770996,0.0027728243730962276,0.01413603127002716,True,Right,0.5566710233688354
vid4,156,5200,8,0.7169501781463623,0.611751139163971,-0.11274460703134537,0.07056132704019547,0.015620553866028786,0.008453134447336197,True,Right,0.5566710233688354
vid4,156,5200,9,0.588843822479248,0.5616886019706726,-0.049680814146995544,0.003173031145706773,-0.005823045037686825,0.003644932061433792,True,Right,0.5566710233688354
vid4,156,5200,10,0.6600939631462097,0.5351589918136597,-0.07189160585403442,0.038116343319416046,-0.007048896513879299,-0.0016108006238937378,True,Right,0.5566710233688354
vid4,156,5200,11,0.7003384232521057,0.5753441452980042,-0.08361119031906128,0.059345923364162445,0.0013560705119743943,-0.009894587099552155,True,Right,0.5566710233688354
vid4,156,5200,12,0.7238105535507202,0.6211839914321899,-0.08998850733041763,0.0821780189871788,0.011609319597482681,-0.009012281894683838,True,Right,0.5566710233688354
vid4,156,5200,13,0.58686363697052,0.5805125832557678,-0.03607358783483505,0.0005652305553667247,0.0027157538570463657,-0.010656744241714478,True,Right,0.5566710233688354
vid4,156,5200,14,0.6483772993087769,0.5656960606575012,-0.05103499814867973,0.030091462656855583,0.0009820099221542478,-0.01209704577922821,True,Right,0.5566710233688354
vid4,156,5200,15,0.6838735938072205,0.6027958393096924,-0.059501346200704575,0.050120413303375244,0.013874505646526814,-0.016288399696350098,True,Right,0.5566710233688354
vid4,156,5200,16,0.7042363882064819,0.6466231346130371,-0.06447669863700867,0.06768659502267838,0.025876836851239204,-0.015824005007743835,True,Right,0.5566710233688354
vid4,156,5200,17,0.5798087120056152,0.6084343791007996,-0.02573300153017044,-0.010335605591535568,0.01155510451644659,-0.014628469944000244,True,Right,0.5566710233688354
vid4,156,5200,18,0.6229990720748901,0.6153768301010132,-0.0325227715075016,0.00842171348631382,0.016298050060868263,-0.016506189480423927,True,Right,0.5566710233688354
vid4,156,5200,19,0.6512463092803955,0.6445744633674622,-0.03552626073360443,0.028133254498243332,0.02516471967101097,-0.016946405172348022,True,Right,0.5566710233688354
vid4,156,5200,20,0.6685107350349426,0.6784263849258423,-0.037581730633974075,0.04147379845380783,0.03362204506993294,-0.016743063926696777,True,Right,0.5566710233688354
vid4,157,5233,0,0.4414641559123993,0.6271355152130127,6.703513690808904e-07,-0.06301452219486237,0.0033343196846544743,0.025939375162124634,True,Left,0.8632040023803711
vid4,157,5233,1,0.44251197576522827,0.6469323039054871,-0.06119444593787193,-0.05710339918732643,0.007578416261821985,0.01970147341489792,True,Left,0.8632040023803711
vid4,157,5233,2,0.45792847871780396,0.6404846906661987,-0.09853475540876389,-0.04702998325228691,0.00795541051775217,0.03242155909538269,True,Left,0.8632040023803711
vid4,157,5233,3,0.45243915915489197,0.6322522759437561,-0.12498172372579575,-0.043992772698402405,0.005678215529769659,0.03748021274805069,True,Left,0.8632040023803711
vid4,157,5233,4,0.4431767165660858,0.6243147850036621,-0.15172089636325836,-0.03872818872332573,-0.0018644260708242655,0.04257318377494812,True,Left,0.8632040023803711
vid4,157,5233,5,0.5419175028800964,0.6079290509223938,-0.0914066880941391,-0.0014910510508343577,-0.004857300780713558,0.00656408816576004,True,Left,0.8632040023803711
vid4,157,5233,6,0.6022467017173767,0.5881009101867676,-0.12045662105083466,0.02099509909749031,-0.002530961064621806,0.0016718357801437378,True,Left,0.8632040023803711
vid4,157,5233,7,0.6409016251564026,0.6106405258178711,-0.1402042657136917,0.04198572784662247,0.0018676723120734096,0.00024405866861343384,True,Left,0.8632040023803711
vid4,157,5233,8,0.6679413318634033,0.6394063830375671,-0.1516154259443283,0.06310196965932846,0.011212280951440334,-0.005411922931671143,True,Left,0.8632040023803711
vid4,157,5233,9,0.5541694760322571,0.6166334748268127,-0.06760117411613464,0.00255961692892015,-0.0033956561237573624,0.0025680940598249435,True,Left,0.8632040023803711
vid4,157,5233,10,0.6169039607048035,0.592323899269104,-0.09170441329479218,0.03143728896975517,-0.006338457111269236,-0.00814191997051239,True,Left,0.8632040023803711
vid4,157,5233,11,0.657507061958313,0.6160198450088501,-0.10637469589710236,0.05097378045320511,-0.0018099407898262143,-0.017105117440223694,True,Left,0.8632040023803711
vid4,157,5233,12,0.6850346922874451,0.6449862122535706,-0.11646225303411484,0.07519619166851044,0.002536362037062645,-0.01697695255279541,True,Left,0.8632040023803711
vid4,157,5233,13,0.5583935379981995,0.6337832808494568,-0.04558289796113968,0.0020211669616401196,0.0014751098351553082,-0.005673497915267944,True,Left,0.8632040023803711
vid4,157,5233,14,0.612295389175415,0.6227611303329468,-0.06122598052024841,0.024146342650055885,0.00014275895955506712,-0.012418076395988464,True,Left,0.8632040023803711
vid4,157,5233,15,0.6478176116943359,0.6425716280937195,-0.07163604348897934,0.04361606761813164,0.007336377631872892,-0.017619013786315918,True,Left,0.8632040023803711
vid4,157,5233,16,0.6726792454719543,0.6698647737503052,-0.07890956103801727,0.06389722973108292,0.011767888441681862,-0.017083987593650818,True,Left,0.8632040023803711
vid4,157,5233,17,0.5571938753128052,0.6534746289253235,-0.027997396886348724,-0.006613942328840494,0.005109051242470741,-0.0040194690227508545,True,Left,0.8632040023803711
vid4,157,5233,18,0.5963422060012817,0.6631547808647156,-0.035234127193689346,0.00779356062412262,0.009271278977394104,-0.01145872101187706,True,Left,0.8632040023803711
vid4,157,5233,19,0.6226776242256165,0.6842008233070374,-0.039050932973623276,0.02462335117161274,0.01711968146264553,-0.014672398567199707,True,Left,0.8632040023803711
vid4,157,5233,20,0.6411525011062622,0.7086068987846375,-0.0424061194062233,0.04065912961959839,0.022262290120124817,-0.02017281949520111,True,Left,0.8632040023803711
vid4,158,5267,0,,,,,,,False,,
vid4,158,5267,1,,,,,,,False,,
vid4,158,5267,2,,,,,,,False,,
vid4,158,5267,3,,,,,,,False,,
vid4,158,5267,4,,,,,,,False,,
vid4,158,5267,5,,,,,,,False,,
vid4,158,5267,6,,,,,,,False,,
vid4,158,5267,7,,,,,,,False,,
vid4,158,5267,8,,,,,,,False,,
vid4,158,5267,9,,,,,,,False,,
vid4,158,5267,10,,,,,,,False,,
vid4,158,5267,11,,,,,,,False,,
vid4,158,5267,12,,,,,,,False,,
vid4,158,5267,13,,,,,,,False,,
vid4,158,5267,14,,,,,,,False,,
vid4,158,5267,15,,,,,,,False,,
vid4,158,5267,16,,,,,,,False,,
vid4,158,5267,17,,,,,,,False,,
vid4,158,5267,18,,,,,,,False,,
vid4,158,5267,19,,,,,,,False,,
vid4,158,5267,20,,,,,,,False,,
vid4,159,5300,0,0.33503904938697815,0.6521722078323364,-6.661694840204291e-08,-0.08756688237190247,-0.008028149604797363,0.0008926764130592346,True,Right,0.9724278450012207
vid4,159,5300,1,0.38724827766418457,0.6934824585914612,0.012000016868114471,-0.06673050671815872,-0.0032516461797058582,0.019408566877245903,True,Right,0.9724278450012207
vid4,159,5300,2,0.4440157115459442,0.713477373123169,0.015340878628194332,-0.037887685000896454,0.008294208906590939,0.031291112303733826,True,Right,0.9724278450012207
vid4,159,5300,3,0.4849274456501007,0.7281332015991211,0.012437590397894382,-0.00834575854241848,0.014110496267676353,0.042962636798620224,True,Right,0.9724278450012207
vid4,159,5300,4,0.517324686050415,0.7485000491142273,0.009566780179738998,0.017720749601721764,0.017109833657741547,0.053791195154190063,True,Right,0.9724278450012207
vid4,159,5300,5,0.4810235798358917,0.6782695651054382,0.01709941029548645,0.0021132146939635277,-0.0013115089386701584,0.022398147732019424,True,Right,0.9724278450012207
vid4,159,5300,6,0.547841489315033,0.698944091796875,0.005899015348404646,0.029145831242203712,0.004434752278029919,0.022362463176250458,True,Right,0.9724278450012207
vid4,159,5300,7,0.5916762948036194,0.7159836888313293,-0.0032365366350859404,0.053391821682453156,0.008307766169309616,0.024125345051288605,True,Right,0.9724278450012207
vid4,159,5300,8,0.6267479658126831,0.729015052318573,-0.010092783719301224,0.08052486181259155,0.011879022233188152,0.014950916171073914,True,Right,0.9724278450012207
vid4,159,5300,9,0.4824077785015106,0.6791568398475647,0.00029834909946657717,0.004680786747485399,-0.0021444575395435095,0.004415750503540039,True,Right,0.9724278450012207
vid4,159,5300,10,0.5543935894966125,0.6964203715324402,-0.012869521044194698,0.036631226539611816,0.004940457176417112,0.002085849642753601,True,Right,0.9724278450012207
vid4,159,5300,11,0.6028653383255005,0.7149756550788879,-0.02445668913424015,0.06336072087287903,0.0063083884306252,-0.0004313439130783081,True,Right,0.9724278450012207
vid4,159,5300,12,0.644939661026001,0.7312055230140686,-0.0325615219771862,0.09274909645318985,0.01419655792415142,-0.005091637372970581,True,Right,0.9724278450012207
vid4,159,5300,13,0.4799484312534332,0.6884105801582336,-0.017488490790128708,0.001432352582924068,-0.0007062328513711691,-0.015703633427619934,True,Right,0.9724278450012207
vid4,159,5300,14,0.5501449704170227,0.7041909098625183,-0.029050089418888092,0.025887904688715935,0.004099514335393906,-0.017092347145080566,True,Right,0.9724278450012207
vid4,159,5300,15,0.5954785943031311,0.7182508111000061,-0.03703650087118149,0.051582351326942444,0.007573219947516918,-0.0203191339969635,True,Right,0.9724278450012207
vid4,159,5300,16,0.6341659426689148,0.7308275103569031,-0.04249202087521553,0.07801911979913712,0.01551441103219986,-0.02026696503162384,True,Right,0.9724278450012207
vid4,159,5300,17,0.47150763869285583,0.7108152508735657,-0.03519260138273239,-0.012220830656588078,0.0014808335108682513,-0.027167439460754395,True,Right,0.9724278450012207
vid4,159,5300,18,0.5259823203086853,0.719463050365448,-0.04452517628669739,0.008595133200287819,0.007027581334114075,-0.030658897012472153,True,Right,0.9724278450012207
vid4,159,5300,19,0.5629176497459412,0.7269426584243774,-0.048534318804740906,0.033167749643325806,0.010891550220549107,-0.030606389045715332,True,Right,0.9724278450012207
vid4,159,5300,20,0.5949767231941223,0.7364932298660278,-0.05141964927315712,0.05385919660329819,0.016253065317869186,-0.03019021451473236,True,Right,0.9724278450012207
vid4,160,5335,0,,,,,,,False,,
vid4,160,5335,1,,,,,,,False,,
vid4,160,5335,2,,,,,,,False,,
vid4,160,5335,3,,,,,,,False,,
vid4,160,5335,4,,,,,,,False,,
vid4,160,5335,5,,,,,,,False,,
vid4,160,5335,6,,,,,,,False,,
vid4,160,5335,7,,,,,,,False,,
vid4,160,5335,8,,,,,,,False,,
vid4,160,5335,9,,,,,,,False,,
vid4,160,5335,10,,,,,,,False,,
vid4,160,5335,11,,,,,,,False,,
vid4,160,5335,12,,,,,,,False,,
vid4,160,5335,13,,,,,,,False,,
vid4,160,5335,14,,,,,,,False,,
vid4,160,5335,15,,,,,,,False,,
vid4,160,5335,16,,,,,,,False,,
vid4,160,5335,17,,,,,,,False,,
vid4,160,5335,18,,,,,,,False,,
vid4,160,5335,19,,,,,,,False,,
vid4,160,5335,20,,,,,,,False,,
vid4,161,5368,0,0.3309679329395294,0.6680843234062195,2.9218719888035594e-08,-0.08852359652519226,-0.011144443415105343,-0.003329150378704071,True,Right,0.7936643958091736
vid4,161,5368,1,0.373279333114624,0.6717061996459961,0.0024024543818086386,-0.06917595118284225,-0.008321420289576054,0.015083547681570053,True,Right,0.7936643958091736
vid4,161,5368,2,0.4261622428894043,0.6821724772453308,0.002450266620144248,-0.04118293523788452,-0.0001959374058060348,0.036024853587150574,True,Right,0.7936643958091736
vid4,161,5368,3,0.4655928611755371,0.6904573440551758,-0.00043548078974708915,-0.013770817779004574,0.0014120129635557532,0.05452858656644821,True,Right,0.7936643958091736
vid4,161,5368,4,0.4988009035587311,0.7058506011962891,-0.0027726669795811176,0.010505825281143188,0.004900278989225626,0.06957802176475525,True,Right,0.7936643958091736
vid4,161,5368,5,0.47193601727485657,0.6772490739822388,0.006562205031514168,0.0019689027685672045,-0.0036549121141433716,0.023568853735923767,True,Right,0.7936643958091736
vid4,161,5368,6,0.5358660817146301,0.6959299445152283,-0.00254146009683609,0.026932446286082268,0.0014571967767551541,0.025700025260448456,True,Right,0.7936643958091736
vid4,161,5368,7,0.5782213807106018,0.7090538144111633,-0.010030904784798622,0.05152573809027672,0.005459713749587536,0.02927166223526001,True,Right,0.7936643958091736
vid4,161,5368,8,0.6115444302558899,0.7178758382797241,-0.01575271412730217,0.08006526529788971,0.009480265900492668,0.022969558835029602,True,Right,0.7936643958091736
vid4,161,5368,9,0.4772331714630127,0.6818722486495972,-0.003545808605849743,0.004723391495645046,-0.0025564280804246664,0.0063767023384571075,True,Right,0.7936643958091736
vid4,161,5368,10,0.5479729771614075,0.6997302174568176,-0.014633836224675179,0.03780872002243996,0.005790665280073881,0.005558505654335022,True,Right,0.7936643958091736
vid4,161,5368,11,0.5956918597221375,0.7150628566741943,-0.023760361596941948,0.06560613960027695,0.0048664165660738945,0.0056174322962760925,True,Right,0.7936643958091736
vid4,161,5368,12,0.6347465515136719,0.72518390417099,-0.0299617238342762,0.09845545142889023,0.013588400557637215,0.009192362427711487,True,Right,0.7936643958091736
vid4,161,5368,13,0.4758428931236267,0.6929375529289246,-0.015022882260382175,0.0017459758091717958,0.0013791555538773537,-0.016743719577789307,True,Right,0.7936643958091736
vid4,161,5368,14,0.544477641582489,0.7098587155342102,-0.023820485919713974,0.02933579310774803,0.00546678202226758,-0.015506885945796967,True,Right,0.7936643958091736
vid4,161,5368,15,0.5888713002204895,0.7234081029891968,-0.03026982583105564,0.0544845350086689,0.010356142185628414,-0.016202017664909363,True,Right,0.7936643958091736
vid4,161,5368,16,0.6255796551704407,0.7314109206199646,-0.03459278121590614,0.08172845095396042,0.01575278677046299,-0.015086010098457336,True,Right,0.7936643958091736
vid4,161,5368,17,0.46740931272506714,0.7127432823181152,-0.02694360725581646,-0.010776516050100327,0.0026828472036868334,-0.030129194259643555,True,Right,0.7936643958091736
vid4,161,5368,18,0.5227663516998291,0.7243854999542236,-0.03428225591778755,0.01018019113689661,0.007345219608396292,-0.031222451478242874,True,Right,0.7936643958091736
vid4,161,5368,19,0.5595332980155945,0.7308735847473145,-0.03767337277531624,0.03737901151180267,0.011743541806936264,-0.028969407081604004,True,Right,0.7936643958091736
vid4,161,5368,20,0.5907567143440247,0.7370766401290894,-0.039763931185007095,0.058321259915828705,0.015908757224678993,-0.02814878150820732,True,Right,0.7936643958091736
vid4,162,5402,0,,,,,,,False,,
vid4,162,5402,1,,,,,,,False,,
vid4,162,5402,2,,,,,,,False,,
vid4,162,5402,3,,,,,,,False,,
vid4,162,5402,4,,,,,,,False,,
vid4,162,5402,5,,,,,,,False,,
vid4,162,5402,6,,,,,,,False,,
vid4,162,5402,7,,,,,,,False,,
vid4,162,5402,8,,,,,,,False,,
vid4,162,5402,9,,,,,,,False,,
vid4,162,5402,10,,,,,,,False,,
vid4,162,5402,11,,,,,,,False,,
vid4,162,5402,12,,,,,,,False,,
vid4,162,5402,13,,,,,,,False,,
vid4,162,5402,14,,,,,,,False,,
vid4,162,5402,15,,,,,,,False,,
vid4,162,5402,16,,,,,,,False,,
vid4,162,5402,17,,,,,,,False,,
vid4,162,5402,18,,,,,,,False,,
vid4,162,5402,19,,,,,,,False,,
vid4,162,5402,20,,,,,,,False,,
vid4,163,5435,0,0.3327350914478302,0.6757446527481079,1.62899542743844e-08,-0.08784795552492142,-0.010099440813064575,0.007646672427654266,True,Right,0.7229616641998291
vid4,163,5435,1,0.3820936679840088,0.6970868706703186,0.006945382803678513,-0.0657263994216919,-0.004464608617126942,0.023353274911642075,True,Right,0.7229616641998291
vid4,163,5435,2,0.4407312273979187,0.7109856605529785,0.010016846470534801,-0.03579078987240791,0.005648118443787098,0.03885422646999359,True,Right,0.7229616641998291
vid4,163,5435,3,0.48697227239608765,0.7193416953086853,0.009299345314502716,-0.004321685992181301,0.00785609520971775,0.046555642038583755,True,Right,0.7229616641998291
vid4,163,5435,4,0.5231500864028931,0.7351335287094116,0.008811402134597301,0.020609918981790543,0.010405085049569607,0.05393719673156738,True,Right,0.7229616641998291
vid4,163,5435,5,0.47391340136528015,0.6935613751411438,0.009993024170398712,0.0021909784991294146,-0.0009886441985145211,0.022705182433128357,True,Right,0.7229616641998291
vid4,163,5435,6,0.5374575257301331,0.7086519002914429,0.0008768463158048689,0.02643713913857937,0.0028481418266892433,0.022601984441280365,True,Right,0.7229616641998291
vid4,163,5435,7,0.5801903009414673,0.7189129590988159,-0.006369824521243572,0.05035053938627243,0.0062393685802817345,0.025054998695850372,True,Right,0.7229616641998291
vid4,163,5435,8,0.6149718761444092,0.727148175239563,-0.011817156337201595,0.07905551791191101,0.00936866831034422,0.016447149217128754,True,Right,0.7229616641998291
vid4,163,5435,9,0.4771886467933655,0.6932787299156189,-0.0019971260335296392,0.0041871871799230576,-0.0021677257027477026,0.004426769912242889,True,Right,0.7229616641998291
vid4,163,5435,10,0.5458196997642517,0.7058823108673096,-0.01378748007118702,0.034795213490724564,0.004356356803327799,0.002485498785972595,True,Right,0.7229616641998291
vid4,163,5435,11,0.5952478647232056,0.7170626521110535,-0.023005863651633263,0.06316325813531876,0.0034712848719209433,0.0004270300269126892,True,Right,0.7229616641998291
vid4,163,5435,12,0.6363462209701538,0.7257837653160095,-0.029035557061433792,0.09723568707704544,0.010469687171280384,-0.001267746090888977,True,Right,0.7229616641998291
vid4,163,5435,13,0.47549381852149963,0.698725163936615,-0.014898700639605522,0.0007385428762063384,-0.00044355032150633633,-0.015858948230743408,True,Right,0.7229616641998291
vid4,163,5435,14,0.5430381298065186,0.7119540572166443,-0.02505633421242237,0.026970606297254562,0.0027809354942291975,-0.017272140830755234,True,Right,0.7229616641998291
vid4,163,5435,15,0.5890380144119263,0.722068190574646,-0.03185242787003517,0.05265580490231514,0.007168904412537813,-0.02011065185070038,True,Right,0.7229616641998291
vid4,163,5435,16,0.6273502707481384,0.7295896410942078,-0.03613326698541641,0.08292368054389954,0.012362390756607056,-0.021630696952342987,True,Right,0.7229616641998291
vid4,163,5435,17,0.4681238830089569,0.7131907343864441,-0.02778998389840126,-0.012161173857748508,0.000711763568688184,-0.0272015780210495,True,Right,0.7229616641998291
vid4,163,5435,18,0.5227698683738708,0.7245444059371948,-0.03639575466513634,0.009668171405792236,0.004471442196518183,-0.031424831598997116,True,Right,0.7229616641998291
vid4,163,5435,19,0.5597326755523682,0.7311058044433594,-0.040301863104104996,0.034746915102005005,0.010049687698483467,-0.03216192126274109,True,Right,0.7229616641998291
vid4,163,5435,20,0.5911983847618103,0.7391118407249451,-0.042627159506082535,0.05755311995744705,0.013552539050579071,-0.03436815366148949,True,Right,0.7229616641998291
vid4,164,5468,0,0.3463566303253174,0.6680147647857666,2.030401731190068e-07,-0.08803512156009674,-0.008917726576328278,0.008314907550811768,True,Right,0.699000358581543
vid4,164,5468,1,0.3930513858795166,0.6881376504898071,0.006744984071701765,-0.06349942833185196,-0.002048998139798641,0.03054215759038925,True,Right,0.699000358581543
vid4,164,5468,2,0.4492773711681366,0.7070218920707703,0.00822730828076601,-0.03379412367939949,0.0075443340465426445,0.047895804047584534,True,Right,0.699000358581543
vid4,164,5468,3,0.4894227683544159,0.7269847393035889,0.005341916810721159,-0.0023335223086178303,0.009412769228219986,0.057518791407346725,True,Right,0.699000358581543
vid4,164,5468,4,0.5230326056480408,0.7369904518127441,0.0023292298428714275,0.01907002367079258,0.00962509773671627,0.06345007568597794,True,Right,0.699000358581543
vid4,164,5468,5,0.4838694930076599,0.6958847641944885,0.008426478132605553,0.003303191624581814,-0.0015940003795549273,0.027502775192260742,True,Right,0.699000358581543
vid4,164,5468,6,0.5453266501426697,0.711491048336029,-0.0029709641821682453,0.02960515022277832,0.004264490213245153,0.025427892804145813,True,Right,0.699000358581543
vid4,164,5468,7,0.5862116813659668,0.7182341814041138,-0.01254973467439413,0.05265115201473236,0.006621186621487141,0.026151787489652634,True,Right,0.699000358581543
vid4,164,5468,8,0.6196721196174622,0.7236801385879517,-0.019815469160676003,0.08089189976453781,0.008932993747293949,0.015016600489616394,True,Right,0.699000358581543
vid4,164,5468,9,0.48592835664749146,0.6960051655769348,-0.006327641662210226,0.003790945513173938,-0.002839846769347787,0.006054997444152832,True,Right,0.699000358581543
vid4,164,5468,10,0.5536602735519409,0.7089811563491821,-0.018999392166733742,0.03726767376065254,0.0034329346381127834,0.0017577111721038818,True,Right,0.699000358581543
vid4,164,5468,11,0.6005669832229614,0.7187628746032715,-0.030202846974134445,0.06398767977952957,0.004040081985294819,0.0009055063128471375,True,Right,0.699000358581543
vid4,164,5468,12,0.6389674544334412,0.7251840233802795,-0.038182053714990616,0.0985705628991127,0.0039010089822113514,0.0005575716495513916,True,Right,0.699000358581543
vid4,164,5468,13,0.48100611567497253,0.6998109221458435,-0.022197233512997627,-0.0008623701869510114,-0.0008604437462054193,-0.018612615764141083,True,Right,0.699000358581543
vid4,164,5468,14,0.546711266040802,0.7116901278495789,-0.03385492414236069,0.026228807866573334,0.0033480138517916203,-0.02080969512462616,True,Right,0.699000358581543
vid4,164,5468,15,0.5895426273345947,0.7212074995040894,-0.04141960293054581,0.05392654985189438,0.0061980015598237514,-0.02336922287940979,True,Right,0.699000358581543
vid4,164,5468,16,0.6248325109481812,0.7260377407073975,-0.047049544751644135,0.08162156492471695,0.007459641899913549,-0.02275083214044571,True,Right,0.699000358581543
vid4,164,5468,17,0.471752792596817,0.7114391326904297,-0.03823244199156761,-0.014955938793718815,0.0016354701947420835,-0.0332249253988266,True,Right,0.699000358581543
vid4,164,5468,18,0.5205054879188538,0.7249853014945984,-0.04798905551433563,0.004541106056421995,0.005764904897660017,-0.036886826157569885,True,Right,0.699000358581543
vid4,164,5468,19,0.5543269515037537,0.7314633131027222,-0.05194529518485069,0.028365660458803177,0.009600031189620495,-0.037792786955833435,True,Right,0.699000358581543
vid4,164,5468,20,0.5840761661529541,0.7363354563713074,-0.05514829605817795,0.05079246684908867,0.010261302813887596,-0.038256146013736725,True,Right,0.699000358581543
vid4,165,5502,0,,,,,,,False,,
vid4,165,5502,1,,,,,,,False,,
vid4,165,5502,2,,,,,,,False,,
vid4,165,5502,3,,,,,,,False,,
vid4,165,5502,4,,,,,,,False,,
vid4,165,5502,5,,,,,,,False,,
vid4,165,5502,6,,,,,,,False,,
vid4,165,5502,7,,,,,,,False,,
vid4,165,5502,8,,,,,,,False,,
vid4,165,5502,9,,,,,,,False,,
vid4,165,5502,10,,,,,,,False,,
vid4,165,5502,11,,,,,,,False,,
vid4,165,5502,12,,,,,,,False,,
vid4,165,5502,13,,,,,,,False,,
vid4,165,5502,14,,,,,,,False,,
vid4,165,5502,15,,,,,,,False,,
vid4,165,5502,16,,,,,,,False,,
vid4,165,5502,17,,,,,,,False,,
vid4,165,5502,18,,,,,,,False,,
vid4,165,5502,19,,,,,,,False,,
vid4,165,5502,20,,,,,,,False,,
vid4,166,5535,0,0.32866066694259644,0.6685122847557068,-3.375265222871349e-08,-0.08954289555549622,-0.011286747641861439,-0.002532258629798889,True,Right,0.8962105512619019
vid4,166,5535,1,0.3770020008087158,0.6874784827232361,0.010862561874091625,-0.0696549266576767,-0.006146869156509638,0.016627034172415733,True,Right,0.8962105512619019
vid4,166,5535,2,0.4303448498249054,0.7038013339042664,0.014307335950434208,-0.041516534984111786,0.0039047948084771633,0.036302730441093445,True,Right,0.8962105512619019
vid4,166,5535,3,0.4694643020629883,0.716014564037323,0.012835764326155186,-0.012324636802077293,0.007577643264085054,0.0518430657684803,True,Right,0.8962105512619019
vid4,166,5535,4,0.5005049705505371,0.7347496151924133,0.011438678950071335,0.012021408416330814,0.011286279186606407,0.06760901212692261,True,Right,0.8962105512619019
vid4,166,5535,5,0.47249236702919006,0.6878237128257751,0.013388832099735737,0.0015460861613973975,-0.002212187508121133,0.024020254611968994,True,Right,0.8962105512619019
vid4,166,5535,6,0.5363757610321045,0.7059919238090515,0.0045738182961940765,0.027925817295908928,0.002769000828266144,0.025998279452323914,True,Right,0.8962105512619019
vid4,166,5535,7,0.5787544250488281,0.7174488306045532,-0.002470605541020632,0.05275252088904381,0.006558969616889954,0.030638471245765686,True,Right,0.8962105512619019
vid4,166,5535,8,0.6132312417030334,0.7267374992370605,-0.007985439151525497,0.08175049722194672,0.010096393525600433,0.024038568139076233,True,Right,0.8962105512619019
vid4,166,5535,9,0.47602522373199463,0.6883111596107483,-0.0016328631900250912,0.00474107451736927,-0.0024930916260927916,0.005198020488023758,True,Right,0.8962105512619019
vid4,166,5535,10,0.5463427901268005,0.703394889831543,-0.013370606116950512,0.03760218247771263,0.00477895513176918,0.006013661623001099,True,Right,0.8962105512619019
vid4,166,5535,11,0.5952247977256775,0.7183130979537964,-0.022856198251247406,0.06682787835597992,0.003947054967284203,0.005175888538360596,True,Right,0.8962105512619019
vid4,166,5535,12,0.6361020803451538,0.729839563369751,-0.029326975345611572,0.09957671910524368,0.013185122981667519,0.007571399211883545,True,Right,0.8962105512619019
vid4,166,5535,13,0.47420528531074524,0.6957907676696777,-0.017358310520648956,0.0014703171327710152,0.0001762173924362287,-0.01673215627670288,True,Right,0.8962105512619019
vid4,166,5535,14,0.5434716939926147,0.7108550667762756,-0.0276862271130085,0.02989882230758667,0.004488697275519371,-0.015260901302099228,True,Right,0.8962105512619019
vid4,166,5535,15,0.5892037153244019,0.7229822874069214,-0.03475414589047432,0.05415961891412735,0.008353021927177906,-0.015369102358818054,True,Right,0.8962105512619019
vid4,166,5535,16,0.6272150278091431,0.7313830852508545,-0.039374589920043945,0.08463738858699799,0.01493795681744814,-0.015039101243019104,True,Right,0.8962105512619019
vid4,166,5535,17,0.4654773771762848,0.7149156332015991,-0.03281208500266075,-0.011887720786035061,0.0016366800991818309,-0.029897332191467285,True,Right,0.8962105512619019
vid4,166,5535,18,0.5212773084640503,0.7270101308822632,-0.042010340839624405,0.010482174344360828,0.006276290398091078,-0.03234383463859558,True,Right,0.8962105512619019
vid4,166,5535,19,0.5585166215896606,0.733398973941803,-0.04600121080875397,0.0365644134581089,0.01146894134581089,-0.030238687992095947,True,Right,0.8962105512619019
vid4,166,5535,20,0.5904136300086975,0.7406905889511108,-0.0484941266477108,0.059887006878852844,0.015697970986366272,-0.029567822813987732,True,Right,0.8962105512619019
vid4,167,5568,0,,,,,,,False,,
vid4,167,5568,1,,,,,,,False,,
vid4,167,5568,2,,,,,,,False,,
vid4,167,5568,3,,,,,,,False,,
vid4,167,5568,4,,,,,,,False,,
vid4,167,5568,5,,,,,,,False,,
vid4,167,5568,6,,,,,,,False,,
vid4,167,5568,7,,,,,,,False,,
vid4,167,5568,8,,,,,,,False,,
vid4,167,5568,9,,,,,,,False,,
vid4,167,5568,10,,,,,,,False,,
vid4,167,5568,11,,,,,,,False,,
vid4,167,5568,12,,,,,,,False,,
vid4,167,5568,13,,,,,,,False,,
vid4,167,5568,14,,,,,,,False,,
vid4,167,5568,15,,,,,,,False,,
vid4,167,5568,16,,,,,,,False,,
vid4,167,5568,17,,,,,,,False,,
vid4,167,5568,18,,,,,,,False,,
vid4,167,5568,19,,,,,,,False,,
vid4,167,5568,20,,,,,,,False,,
vid4,168,5602,0,0.3274023234844208,0.667540431022644,1.3908654672434295e-08,-0.08915569633245468,-0.01114066131412983,-0.0005545765161514282,True,Right,0.8394441604614258
vid4,168,5602,1,0.3726264238357544,0.6864103674888611,0.007169635500758886,-0.06978460401296616,-0.005486343055963516,0.018395502120256424,True,Right,0.8394441604614258
vid4,168,5602,2,0.42429083585739136,0.7057739496231079,0.00861548911780119,-0.042699601501226425,0.0063073220662772655,0.03762419521808624,True,Right,0.8394441604614258
vid4,168,5602,3,0.4618511497974396,0.7237063050270081,0.005873080343008041,-0.015516379848122597,0.01042144000530243,0.052985697984695435,True,Right,0.8394441604614258
vid4,168,5602,4,0.4927467107772827,0.7452430725097656,0.003395447740331292,0.007876492105424404,0.014626538380980492,0.06708568334579468,True,Right,0.8394441604614258
vid4,168,5602,5,0.4712993800640106,0.6867423057556152,0.00934787280857563,0.001151800504885614,-0.001959308050572872,0.023889631032943726,True,Right,0.8394441604614258
vid4,168,5602,6,0.5344666838645935,0.7047246694564819,-0.0012072556419298053,0.026123303920030594,0.0028406197670847178,0.02612987905740738,True,Right,0.8394441604614258
vid4,168,5602,7,0.5770013928413391,0.717033326625824,-0.009555497206747532,0.05083795636892319,0.006588659714907408,0.030319862067699432,True,Right,0.8394441604614258
vid4,168,5602,8,0.6113250255584717,0.7266907691955566,-0.015769215300679207,0.08092577755451202,0.010817870497703552,0.024106204509735107,True,Right,0.8394441604614258
vid4,168,5602,9,0.47489115595817566,0.6862078905105591,-0.004070210736244917,0.004753566812723875,-0.002687976462766528,0.005268411710858345,True,Right,0.8394441604614258
vid4,168,5602,10,0.544780969619751,0.7012632489204407,-0.017706524580717087,0.03627273067831993,0.004823712632060051,0.0049354806542396545,True,Right,0.8394441604614258
vid4,168,5602,11,0.5942715406417847,0.7161815762519836,-0.02804146334528923,0.06571239978075027,0.0034774853847920895,0.005250915884971619,True,Right,0.8394441604614258
vid4,168,5602,12,0.6356094479560852,0.7288036346435547,-0.03466039150953293,0.10013221949338913,0.01261239405721426,0.0055755674839019775,True,Right,0.8394441604614258
vid4,168,5602,13,0.47286999225616455,0.6941328048706055,-0.01839076168835163,0.001564952777698636,0.0002262884663650766,-0.016758635640144348,True,Right,0.8394441604614258
vid4,168,5602,14,0.5425108671188354,0.7098953127861023,-0.0303857009857893,0.028969883918762207,0.0038185103330761194,-0.01644838973879814,True,Right,0.8394441604614258
vid4,168,5602,15,0.5890333652496338,0.7223638296127319,-0.037506576627492905,0.05498393997550011,0.008102618157863617,-0.01715920865535736,True,Right,0.8394441604614258
vid4,168,5602,16,0.6279264688491821,0.7320428490638733,-0.04155009984970093,0.08647438138723373,0.015179400332272053,-0.016546085476875305,True,Right,0.8394441604614258
vid4,168,5602,17,0.46369439363479614,0.7137210965156555,-0.03269802778959274,-0.011748597957193851,0.00222509796731174,-0.02949357032775879,True,Right,0.8394441604614258
vid4,168,5602,18,0.5205062031745911,0.7254819869995117,-0.042731720954179764,0.010500297881662846,0.0060350485146045685,-0.03259018436074257,True,Right,0.8394441604614258
vid4,168,5602,19,0.5584546327590942,0.73200923204422,-0.04645461589097977,0.03609716519713402,0.012054753489792347,-0.03166589140892029,True,Right,0.8394441604614258
vid4,168,5602,20,0.5908606052398682,0.7405835390090942,-0.04831160232424736,0.06093106046319008,0.01615617424249649,-0.03150129318237305,True,Right,0.8394441604614258
vid4,169,5635,0,0.3416885733604431,0.6733032464981079,2.7952839332101576e-07,-0.08779743313789368,-0.009985429234802723,0.01005326583981514,True,Right,0.6875033378601074
vid4,169,5635,1,0.38353052735328674,0.6951053142547607,-0.002242729067802429,-0.06394314020872116,-0.0019513430306687951,0.02901221439242363,True,Right,0.6875033378601074
vid4,169,5635,2,0.43503841757774353,0.7228431105613708,-0.00642601540312171,-0.03700074180960655,0.009374620392918587,0.04628691077232361,True,Right,0.6875033378601074
vid4,169,5635,3,0.47382500767707825,0.7444463968276978,-0.012860240414738655,-0.008906614035367966,0.013064309023320675,0.056949689984321594,True,Right,0.6875033378601074
vid4,169,5635,4,0.5077499747276306,0.7543739080429077,-0.019016660749912262,0.010557030327618122,0.013528682291507721,0.06599292159080505,True,Right,0.6875033378601074
vid4,169,5635,5,0.4815255403518677,0.7071334719657898,-0.003884776495397091,0.003298259573057294,0.0006435278919525445,0.025481536984443665,True,Right,0.6875033378601074
vid4,169,5635,6,0.5436217784881592,0.7195069789886475,-0.01802239939570427,0.029222354292869568,0.0050940606743097305,0.023749232292175293,True,Right,0.6875033378601074
vid4,169,5635,7,0.5851833820343018,0.7245736122131348,-0.02952808141708374,0.052410274744033813,0.006580756977200508,0.023461557924747467,True,Right,0.6875033378601074
vid4,169,5635,8,0.6198683977127075,0.727523922920227,-0.03799822926521301,0.08047143369913101,0.00885170791298151,0.01214388757944107,True,Right,0.6875033378601074
vid4,169,5635,9,0.48432284593582153,0.7012401223182678,-0.014580462127923965,0.003777583595365286,-0.0024704576935619116,0.006211584433913231,True,Right,0.6875033378601074
vid4,169,5635,10,0.5530140399932861,0.712570071220398,-0.03019080124795437,0.03681105002760887,0.002834771992638707,0.000287666916847229,True,Right,0.6875033378601074
vid4,169,5635,11,0.6007686853408813,0.7212029695510864,-0.04305386543273926,0.06322895735502243,0.002982853213325143,-0.0008037388324737549,True,Right,0.6875033378601074
vid4,169,5635,12,0.6398842930793762,0.7260504961013794,-0.052152883261442184,0.09750968217849731,0.0027349479496479034,-0.0006721019744873047,True,Right,0.6875033378601074
vid4,169,5635,13,0.47964203357696533,0.6997520923614502,-0.02652863785624504,-0.000668091990519315,-0.0024468612391501665,-0.01737828552722931,True,Right,0.6875033378601074
vid4,169,5635,14,0.5450048446655273,0.7124423384666443,-0.03976116329431534,0.025588274002075195,0.001592507353052497,-0.021570727229118347,True,Right,0.6875033378601074
vid4,169,5635,15,0.5886536836624146,0.7219787240028381,-0.04780792072415352,0.05296013504266739,0.004541522823274136,-0.02505633234977722,True,Right,0.6875033378601074
vid4,169,5635,16,0.6244144439697266,0.7257072329521179,-0.053700756281614304,0.07920599728822708,0.005686091724783182,-0.025891147553920746,True,Right,0.6875033378601074
vid4,169,5635,17,0.4699135422706604,0.7064555287361145,-0.0391799621284008,-0.015000066719949245,-0.001548492000438273,-0.03124968707561493,True,Right,0.6875033378601074
vid4,169,5635,18,0.519681453704834,0.7208297848701477,-0.0492011159658432,0.00417626928538084,0.002195023000240326,-0.035694900900125504,True,Right,0.6875033378601074
vid4,169,5635,19,0.5539268255233765,0.7274243235588074,-0.052978191524744034,0.02767558954656124,0.00543631985783577,-0.037832111120224,True,Right,0.6875033378601074
vid4,169,5635,20,0.5836279392242432,0.7318565249443054,-0.05595359951257706,0.04921376332640648,0.007332708686590195,-0.03920700401067734,True,Right,0.6875033378601074
vid4,170,5668,0,0.3421543836593628,0.6654003858566284,1.912484890453925e-07,-0.0867101177573204,-0.009893021546304226,0.008284274488687515,True,Right,0.792998194694519
vid4,170,5668,1,0.39079228043556213,0.6934773921966553,0.01006076205521822,-0.06207514554262161,-0.000937156961299479,0.030472584068775177,True,Right,0.792998194694519
vid4,170,5668,2,0.44409632682800293,0.7215541005134583,0.012607350945472717,-0.03434468433260918,0.010967172682285309,0.04645837843418121,True,Right,0.792998194694519
vid4,170,5668,3,0.4816579520702362,0.7427560091018677,0.010420526377856731,-0.0051872930489480495,0.01503690518438816,0.056806012988090515,True,Right,0.792998194694519
vid4,170,5668,4,0.515769898891449,0.7532250285148621,0.008326562121510506,0.015852613374590874,0.013932041823863983,0.06431306153535843,True,Right,0.792998194694519
vid4,170,5668,5,0.47877973318099976,0.6948458552360535,0.013054626993834972,0.002856204519048333,-3.931146420654841e-05,0.02638928033411503,True,Right,0.792998194694519
vid4,170,5668,6,0.5388875603675842,0.7112727761268616,0.0032345715444535017,0.028453342616558075,0.005270795430988073,0.02580524981021881,True,Right,0.792998194694519
vid4,170,5668,7,0.5802321434020996,0.7211334705352783,-0.0056917015463113785,0.051812078803777695,0.006963232532143593,0.026705250144004822,True,Right,0.792998194694519
vid4,170,5668,8,0.6139237880706787,0.7288772463798523,-0.012589541263878345,0.07941754907369614,0.010839367285370827,0.016955673694610596,True,Right,0.792998194694519
vid4,170,5668,9,0.48104554414749146,0.6908009052276611,-0.002501667942851782,0.0038554188795387745,-0.00324208359234035,0.005478508770465851,True,Right,0.792998194694519
vid4,170,5668,10,0.5479981899261475,0.7068679332733154,-0.014226168394088745,0.036023568361997604,0.003791045630350709,-0.00039802491664886475,True,Right,0.792998194694519
vid4,170,5668,11,0.5956884026527405,0.7187483310699463,-0.024999503046274185,0.06215815246105194,0.0045117661356925964,-0.0006337463855743408,True,Right,0.792998194694519
vid4,170,5668,12,0.6346390247344971,0.7267400026321411,-0.032718725502491,0.09555856883525848,0.007478507235646248,0.001319974660873413,True,Right,0.792998194694519
vid4,170,5668,13,0.4775342643260956,0.6941991448402405,-0.018957173451781273,-0.0003351049090269953,-0.0011562826111912727,-0.01843881607055664,True,Right,0.792998194694519
vid4,170,5668,14,0.5424639582633972,0.7111716866493225,-0.028924737125635147,0.02596759796142578,0.0042976136319339275,-0.02089184895157814,True,Right,0.792998194694519
vid4,170,5668,15,0.5866386294364929,0.7243563532829285,-0.03567064553499222,0.05270104110240936,0.007983203046023846,-0.022218137979507446,True,Right,0.792998194694519
vid4,170,5668,16,0.62340247631073,0.7304511070251465,-0.04076408967375755,0.07988809049129486,0.010590881109237671,-0.020215656608343124,True,Right,0.792998194694519
vid4,170,5668,17,0.46963194012641907,0.7090806365013123,-0.035291027277708054,-0.014228025451302528,0.001196487806737423,-0.031237363815307617,True,Right,0.792998194694519
vid4,170,5668,18,0.5200108289718628,0.7232435941696167,-0.04240088164806366,0.005812636110931635,0.00512155843898654,-0.034890592098236084,True,Right,0.792998194694519
vid4,170,5668,19,0.5540814995765686,0.7302509546279907,-0.044940296560525894,0.029248278588056564,0.009901325218379498,-0.03628788888454437,True,Right,0.792998194694519
vid4,170,5668,20,0.5834720730781555,0.7347733378410339,-0.04727102443575859,0.05071910470724106,0.011691887862980366,-0.03544443100690842,True,Right,0.792998194694519
vid4,171,5702,0,0.3463971018791199,0.6748940944671631,2.2013044542745774e-07,-0.08604845404624939,-0.008239501155912876,0.007185839116573334,True,Right,0.8039120435714722
vid4,171,5702,1,0.39485880732536316,0.6910911202430725,0.005750918295234442,-0.06227131932973862,-0.00201603164896369,0.031425099819898605,True,Right,0.8039120435714722
vid4,171,5702,2,0.4482479691505432,0.7140140533447266,0.006277378648519516,-0.033756859600543976,0.00884239561855793,0.04737010598182678,True,Right,0.8039120435714722
vid4,171,5702,3,0.486318439245224,0.734188437461853,0.0028648884035646915,-0.0034796411637216806,0.011176256462931633,0.05874233320355415,True,Right,0.8039120435714722
vid4,171,5702,4,0.520258903503418,0.7438115477561951,-0.0004502209776546806,0.017334509640932083,0.01080276444554329,0.0667765811085701,True,Right,0.8039120435714722
vid4,171,5702,5,0.48027995228767395,0.6978132128715515,0.006352064199745655,0.0029011142905801535,-0.0015291081508621573,0.027304917573928833,True,Right,0.8039120435714722
vid4,171,5702,6,0.5398612022399902,0.7106901407241821,-0.006297450978308916,0.028892774134874344,0.0038073204923421144,0.026589229702949524,True,Right,0.8039120435714722
vid4,171,5702,7,0.5815867781639099,0.7182593941688538,-0.016556361690163612,0.0520908497273922,0.006053521763533354,0.027869829908013344,True,Right,0.8039120435714722
vid4,171,5702,8,0.6157588958740234,0.7251630425453186,-0.024087097495794296,0.08153299987316132,0.00898425467312336,0.019102662801742554,True,Right,0.8039120435714722
vid4,171,5702,9,0.4822649657726288,0.6950334906578064,-0.007875172421336174,0.0034049912355840206,-0.0031449126545339823,0.005952820181846619,True,Right,0.8039120435714722
vid4,171,5702,10,0.5497604012489319,0.707022488117218,-0.0224300567060709,0.03664996847510338,0.003415220184251666,0.0019381791353225708,True,Right,0.8039120435714722
vid4,171,5702,11,0.5984198451042175,0.7180279493331909,-0.034177955240011215,0.06465230137109756,0.00395990489050746,0.004309266805648804,True,Right,0.8039120435714722
vid4,171,5702,12,0.6383716464042664,0.7267602682113647,-0.04210755601525307,0.10008368641138077,0.005359610076993704,0.006216168403625488,True,Right,0.8039120435714722
vid4,171,5702,13,0.47843673825263977,0.6985706090927124,-0.023227429017424583,-0.00025077324244193733,-0.0008309983531944454,-0.01904723048210144,True,Right,0.8039120435714722
vid4,171,5702,14,0.5439836978912354,0.7118595242500305,-0.03622344881296158,0.02732864022254944,0.004123346414417028,-0.020483102649450302,True,Right,0.8039120435714722
vid4,171,5702,15,0.5890796184539795,0.7233704328536987,-0.044107586145401,0.05564852058887482,0.007099917624145746,-0.021068185567855835,True,Right,0.8039120435714722
vid4,171,5702,16,0.6268733143806458,0.7295807003974915,-0.049363184720277786,0.08406691253185272,0.009001282975077629,-0.01901090145111084,True,Right,0.8039120435714722
vid4,171,5702,17,0.4701422154903412,0.7121648788452148,-0.03869469836354256,-0.014092463068664074,0.0018956991843879223,-0.03263324499130249,True,Right,0.8039120435714722
vid4,171,5702,18,0.5204756855964661,0.7246817350387573,-0.048751622438430786,0.006643702741712332,0.005985973868519068,-0.03582298010587692,True,Right,0.8039120435714722
vid4,171,5702,19,0.5551664233207703,0.7308045029640198,-0.05273445323109627,0.030902821570634842,0.009490040130913258,-0.03723825514316559,True,Right,0.8039120435714722
vid4,171,5702,20,0.585902988910675,0.7357187867164612,-0.05565468221902847,0.05391381308436394,0.010211514309048653,-0.03533141314983368,True,Right,0.8039120435714722
vid4,172,5735,0,0.3455270230770111,0.6717261672019958,2.380130723622642e-07,-0.08828626573085785,-0.011667349375784397,0.007746011018753052,True,Right,0.851819634437561
vid4,172,5735,1,0.38752660155296326,0.7061765193939209,0.00432593934237957,-0.06490681320428848,-0.000514334358740598,0.029906190931797028,True,Right,0.851819634437561
vid4,172,5735,2,0.4349817633628845,0.741746187210083,0.0035945172421634197,-0.03813740611076355,0.013205942697823048,0.04491665959358215,True,Right,0.851819634437561
vid4,172,5735,3,0.46958255767822266,0.7678868770599365,-0.000888479349669069,-0.010373915545642376,0.020113468170166016,0.057941313832998276,True,Right,0.851819634437561
vid4,172,5735,4,0.5017345547676086,0.7800970077514648,-0.005354118533432484,0.00934874452650547,0.01973188854753971,0.06676602363586426,True,Right,0.851819634437561
vid4,172,5735,5,0.4765262305736542,0.7165347337722778,0.0060171266086399555,0.0016406634822487831,0.0020420036744326353,0.02677895314991474,True,Right,0.851819634437561
vid4,172,5735,6,0.5356905460357666,0.7275119423866272,-0.006103414110839367,0.029321709647774696,0.006925300229340792,0.025173217058181763,True,Right,0.851819634437561
vid4,172,5735,7,0.5763107538223267,0.7347326874732971,-0.01705707609653473,0.052057135850191116,0.007750488352030516,0.02608221024274826,True,Right,0.851819634437561
vid4,172,5735,8,0.6098361015319824,0.7405569553375244,-0.02526373416185379,0.08177560567855835,0.010971570387482643,0.015792816877365112,True,Right,0.851819634437561
vid4,172,5735,9,0.4802442491054535,0.7070342302322388,-0.007483616471290588,0.0034236267674714327,-0.002779637463390827,0.0060584452003240585,True,Right,0.851819634437561
vid4,172,5735,10,0.5474538803100586,0.7158244848251343,-0.021471688523888588,0.03814820572733879,0.0037446815986186266,0.000666305422782898,True,Right,0.851819634437561
vid4,172,5735,11,0.595744252204895,0.7243734002113342,-0.034488189965486526,0.06544531136751175,0.0022962589282542467,0.002417519688606262,True,Right,0.851819634437561
vid4,172,5735,12,0.6349018216133118,0.7294784784317017,-0.04377421736717224,0.09995033591985703,0.003501362632960081,0.005457520484924316,True,Right,0.851819634437561
vid4,172,5735,13,0.4775245785713196,0.7022864818572998,-0.022083979099988937,0.0003715581551659852,-0.0027566165663301945,-0.01824989914894104,True,Right,0.851819634437561
vid4,172,5735,14,0.5417285561561584,0.7141059041023254,-0.03421444445848465,0.02736428938806057,0.002577052218839526,-0.020713601261377335,True,Right,0.851819634437561
vid4,172,5735,15,0.5851567387580872,0.7255067229270935,-0.04254710301756859,0.054822929203510284,0.004696154035627842,-0.0212765634059906,True,Right,0.851819634437561
vid4,172,5735,16,0.6206616163253784,0.7303445339202881,-0.04853241145610809,0.0823509693145752,0.00743297953158617,-0.019373543560504913,True,Right,0.851819634437561
vid4,172,5735,17,0.470299631357193,0.7061470150947571,-0.036864280700683594,-0.013335849158465862,-0.0025459437165409327,-0.032066673040390015,True,Right,0.851819634437561
vid4,172,5735,18,0.5191094875335693,0.7213987708091736,-0.04600028321146965,0.007632018998265266,0.001632814877666533,-0.03523487597703934,True,Right,0.851819634437561
vid4,172,5735,19,0.5529723763465881,0.7293689250946045,-0.04969792813062668,0.031773656606674194,0.006167840678244829,-0.03496178984642029,True,Right,0.851819634437561
vid4,172,5735,20,0.5826713442802429,0.7352232933044434,-0.052715398371219635,0.054059017449617386,0.008466443978250027,-0.033512577414512634,True,Right,0.851819634437561
vid4,173,5768,0,,,,,,,False,,
vid4,173,5768,1,,,,,,,False,,
vid4,173,5768,2,,,,,,,False,,
vid4,173,5768,3,,,,,,,False,,
vid4,173,5768,4,,,,,,,False,,
vid4,173,5768,5,,,,,,,False,,
vid4,173,5768,6,,,,,,,False,,
vid4,173,5768,7,,,,,,,False,,
vid4,173,5768,8,,,,,,,False,,
vid4,173,5768,9,,,,,,,False,,
vid4,173,5768,10,,,,,,,False,,
vid4,173,5768,11,,,,,,,False,,
vid4,173,5768,12,,,,,,,False,,
vid4,173,5768,13,,,,,,,False,,
vid4,173,5768,14,,,,,,,False,,
vid4,173,5768,15,,,,,,,False,,
vid4,173,5768,16,,,,,,,False,,
vid4,173,5768,17,,,,,,,False,,
vid4,173,5768,18,,,,,,,False,,
vid4,173,5768,19,,,,,,,False,,
vid4,173,5768,20,,,,,,,False,,
vid4,174,5802,0,0.3252738416194916,0.665925920009613,-6.808907215827276e-08,-0.08964255452156067,-0.011806825175881386,-0.0005979761481285095,True,Right,0.8549412488937378
vid4,174,5802,1,0.3791445791721344,0.6890649795532227,0.01959952525794506,-0.06918979436159134,-0.0066302185878157616,0.018923765048384666,True,Right,0.8549412488937378
vid4,174,5802,2,0.4347056448459625,0.7056580781936646,0.027598565444350243,-0.04057677462697029,0.004311008378863335,0.03641553223133087,True,Right,0.8549412488937378
vid4,174,5802,3,0.4762911796569824,0.7210898399353027,0.02878287434577942,-0.010086698457598686,0.008706459775567055,0.04721800237894058,True,Right,0.8549412488937378
vid4,174,5802,4,0.5089542269706726,0.741417407989502,0.029492545872926712,0.014170822687447071,0.01302331779152155,0.057065874338150024,True,Right,0.8549412488937378
vid4,174,5802,5,0.472305029630661,0.6880113482475281,0.024822356179356575,0.0011447054566815495,-0.0019655516371130943,0.024310681968927383,True,Right,0.8549412488937378
vid4,174,5802,6,0.5362133383750916,0.7081816792488098,0.019000517204403877,0.026969002559781075,0.003720771288499236,0.025588467717170715,True,Right,0.8549412488937378
vid4,174,5802,7,0.5788204073905945,0.7196592688560486,0.013541853055357933,0.051312338560819626,0.007280760910362005,0.030267924070358276,True,Right,0.8549412488937378
vid4,174,5802,8,0.6138673424720764,0.7282249331474304,0.008908730000257492,0.08074460178613663,0.010425443761050701,0.023510918021202087,True,Right,0.8549412488937378
vid4,174,5802,9,0.47558122873306274,0.6893125176429749,0.006074335891753435,0.004454373847693205,-0.0022598288487643003,0.004725310951471329,True,Right,0.8549412488937378
vid4,174,5802,10,0.5458790063858032,0.7057286500930786,-0.0033072016667574644,0.036717984825372696,0.0050414749421179295,0.005490154027938843,True,Right,0.8549412488937378
vid4,174,5802,11,0.5953378677368164,0.7184030413627625,-0.011716424487531185,0.06537286192178726,0.003999123349785805,0.005419701337814331,True,Right,0.8549412488937378
vid4,174,5802,12,0.6364078521728516,0.7281726002693176,-0.017538314685225487,0.098404161632061,0.011894045397639275,0.006364300847053528,True,Right,0.8549412488937378
vid4,174,5802,13,0.4736084043979645,0.6965628862380981,-0.013073381036520004,0.0016417136648669839,-1.4230057786335237e-05,-0.016704559326171875,True,Right,0.8549412488937378
vid4,174,5802,14,0.5436692237854004,0.7136934995651245,-0.021426377817988396,0.028538063168525696,0.004707989748567343,-0.01593044400215149,True,Right,0.8549412488937378
vid4,174,5802,15,0.5899078845977783,0.7249051332473755,-0.02766919694840908,0.05431000515818596,0.008173150941729546,-0.016354918479919434,True,Right,0.8549412488937378
vid4,174,5802,16,0.6284704208374023,0.7328506112098694,-0.03211118280887604,0.08476503193378448,0.014579257927834988,-0.015205517411231995,True,Right,0.8549412488937378
vid4,174,5802,17,0.4649394452571869,0.7151946425437927,-0.03132183104753494,-0.011740990914404392,0.0015943346079438925,-0.02972656488418579,True,Right,0.8549412488937378
vid4,174,5802,18,0.5220334529876709,0.7272712588310242,-0.03886957839131355,0.010418656282126904,0.0056125991977751255,-0.03315955400466919,True,Right,0.8549412488937378
vid4,174,5802,19,0.5596328973770142,0.7322596311569214,-0.0419050008058548,0.03680136427283287,0.010903418064117432,-0.03185243904590607,True,Right,0.8549412488937378
vid4,174,5802,20,0.5919543504714966,0.7392957210540771,-0.04402788355946541,0.059482038021087646,0.014236056245863438,-0.03182225301861763,True,Right,0.8549412488937378
vid4,175,5835,0,0.3409532606601715,0.6794919371604919,2.623783643684874e-07,-0.08679991215467453,-0.007486303336918354,0.011904962360858917,True,Right,0.7205551862716675
vid4,175,5835,1,0.3834032118320465,0.6966425180435181,-0.0027340094093233347,-0.0625530257821083,-0.0009178838226944208,0.03158659487962723,True,Right,0.7205551862716675
vid4,175,5835,2,0.4383869469165802,0.7140895128250122,-0.006138709839433432,-0.03441274166107178,0.007509829010814428,0.049452245235443115,True,Right,0.7205551862716675
vid4,175,5835,3,0.47916290163993835,0.7259078025817871,-0.011360380798578262,-0.006439634598791599,0.007946579717099667,0.06068895757198334,True,Right,0.7205551862716675
vid4,175,5835,4,0.514697790145874,0.7294275164604187,-0.016265258193016052,0.013865957967936993,0.005586445331573486,0.06853830814361572,True,Right,0.7205551862716675
vid4,175,5835,5,0.48267078399658203,0.7028181552886963,-0.0053380741737782955,0.00406422046944499,-0.000673138361889869,0.025463026016950607,True,Right,0.7205551862716675
vid4,175,5835,6,0.5452879667282104,0.7126898765563965,-0.01892578974366188,0.029317572712898254,0.003201449988409877,0.0236845463514328,True,Right,0.7205551862716675
vid4,175,5835,7,0.5872217416763306,0.7185570001602173,-0.029812194406986237,0.052194803953170776,0.005488980561494827,0.024519048631191254,True,Right,0.7205551862716675
vid4,175,5835,8,0.621730625629425,0.723493218421936,-0.0380556583404541,0.08065228164196014,0.008261985145509243,0.014378666877746582,True,Right,0.7205551862716675
vid4,175,5835,9,0.48430222272872925,0.6997842788696289,-0.01516494620591402,0.0036387513391673565,-0.0027409782633185387,0.006073491647839546,True,Right,0.7205551862716675
vid4,175,5835,10,0.5539305806159973,0.7089166641235352,-0.030507786199450493,0.03617531806230545,0.0017268519150093198,5.918741226196289e-05,True,Right,0.7205551862716675
vid4,175,5835,11,0.6012857556343079,0.7178151607513428,-0.04313862323760986,0.062490224838256836,0.0022795251570641994,-0.0006483867764472961,True,Right,0.7205551862716675
vid4,175,5835,12,0.6400428414344788,0.7235801219940186,-0.052310872822999954,0.09648365527391434,0.0027612519916146994,-0.0006965696811676025,True,Right,0.7205551862716675
vid4,175,5835,13,0.4790385365486145,0.7010408639907837,-0.02622285857796669,-0.000975231290794909,-0.0016067437827587128,-0.017474837601184845,True,Right,0.7205551862716675
vid4,175,5835,14,0.5453587770462036,0.7121257781982422,-0.03919349983334541,0.024550778791308403,0.0017455097986385226,-0.0214071162045002,True,Right,0.7205551862716675
vid4,175,5835,15,0.5897331833839417,0.7219993472099304,-0.04804697632789612,0.052899330854415894,0.004866596776992083,-0.02529217302799225,True,Right,0.7205551862716675
vid4,175,5835,16,0.6260190606117249,0.7264302372932434,-0.054800618439912796,0.07959039509296417,0.006804943084716797,-0.024803318083286285,True,Right,0.7205551862716675
vid4,175,5835,17,0.46905407309532166,0.7105134129524231,-0.03791135549545288,-0.015304932370781898,0.0005052550113759935,-0.03053329885005951,True,Right,0.7205551862716675
vid4,175,5835,18,0.5195547938346863,0.7235395908355713,-0.048240259289741516,0.003520467085763812,0.003783951513469219,-0.035364508628845215,True,Right,0.7205551862716675
vid4,175,5835,19,0.5543490052223206,0.730112612247467,-0.053414806723594666,0.027736885473132133,0.0068570952862501144,-0.03765331208705902,True,Right,0.7205551862716675
vid4,175,5835,20,0.5847556591033936,0.7350430488586426,-0.05765324831008911,0.04895339906215668,0.00960666686296463,-0.03881534934043884,True,Right,0.7205551862716675
vid4,176,5868,0,0.3420218527317047,0.6689723134040833,2.0437802561446006e-07,-0.08974141627550125,-0.009289061650633812,0.004503168165683746,True,Right,0.8764697909355164
vid4,176,5868,1,0.38403844833374023,0.7186537384986877,0.006819332484155893,-0.0672866627573967,0.003157398197799921,0.028445590287446976,True,Right,0.8764697909355164
vid4,176,5868,2,0.4327191710472107,0.7525977492332458,0.006943184416741133,-0.040162231773138046,0.016464656218886375,0.04524390399456024,True,Right,0.8764697909355164
vid4,176,5868,3,0.46733173727989197,0.7768605947494507,0.0025396449491381645,-0.012196999043226242,0.022750373929739,0.058461133390665054,True,Right,0.8764697909355164
vid4,176,5868,4,0.4989068806171417,0.7872640490531921,-0.002008747309446335,0.0074483356438577175,0.0208368431776762,0.06782256066799164,True,Right,0.8764697909355164
vid4,176,5868,5,0.47874659299850464,0.7154157161712646,0.0085324477404356,0.0021832247730344534,0.0030767093412578106,0.028187602758407593,True,Right,0.8764697909355164
vid4,176,5868,6,0.538858950138092,0.7276228666305542,-0.0032697701826691628,0.02982487343251705,0.007636727765202522,0.026324957609176636,True,Right,0.8764697909355164
vid4,176,5868,7,0.5799127221107483,0.7349482774734497,-0.013957815244793892,0.0516926646232605,0.008979453705251217,0.02712290734052658,True,Right,0.8764697909355164
vid4,176,5868,8,0.6130038499832153,0.7403897643089294,-0.022120865061879158,0.08044770359992981,0.01173022948205471,0.014555342495441437,True,Right,0.8764697909355164
vid4,176,5868,9,0.4825443625450134,0.7046481370925903,-0.006553434766829014,0.0039479052647948265,-0.003036662470549345,0.006612833589315414,True,Right,0.8764697909355164
vid4,176,5868,10,0.5511788725852966,0.713202178478241,-0.020014813169836998,0.03915626183152199,0.002399098826572299,0.0015435963869094849,True,Right,0.8764697909355164
vid4,176,5868,11,0.5982610583305359,0.7226486802101135,-0.03177597373723984,0.06576018035411835,0.002005408052355051,0.0020687878131866455,True,Right,0.8764697909355164
vid4,176,5868,12,0.6353854537010193,0.7288129329681396,-0.040208570659160614,0.097984179854393,0.0037526804953813553,0.0025339722633361816,True,Right,0.8764697909355164
vid4,176,5868,13,0.47926515340805054,0.6986646056175232,-0.022753456607460976,0.0002897496451623738,-0.004044104367494583,-0.019331440329551697,True,Right,0.8764697909355164
vid4,176,5868,14,0.5455323457717896,0.7088379263877869,-0.03429536893963814,0.027978334575891495,0.0011623434256762266,-0.021260768175125122,True,Right,0.8764697909355164
vid4,176,5868,15,0.588369607925415,0.7226635813713074,-0.041270725429058075,0.05577392876148224,0.004046476911753416,-0.02161523699760437,True,Right,0.8764697909355164
vid4,176,5868,16,0.6224403381347656,0.7307616472244263,-0.04653709754347801,0.08204389363527298,0.008141676895320415,-0.01948949694633484,True,Right,0.8764697909355164
vid4,176,5868,17,0.4707961678504944,0.7022057175636292,-0.039124272763729095,-0.01413008477538824,-0.003154655219987035,-0.03448037803173065,True,Right,0.8764697909355164
vid4,176,5868,18,0.5201675891876221,0.7187944054603577,-0.04786667227745056,0.007361052557826042,0.0015970622189342976,-0.03720654919743538,True,Right,0.8764697909355164
vid4,176,5868,19,0.5546436905860901,0.7290794849395752,-0.05082428455352783,0.03223143517971039,0.005764208268374205,-0.03613743185997009,True,Right,0.8764697909355164
vid4,176,5868,20,0.584318220615387,0.7372655272483826,-0.053411927074193954,0.05344391614198685,0.009371333755552769,-0.034209951758384705,True,Right,0.8764697909355164
vid4,177,5902,0,0.34363096952438354,0.6628670692443848,2.178084486104126e-07,-0.09265847504138947,-0.0035132698249071836,-0.004266306757926941,True,Right,0.9393599629402161
vid4,177,5902,1,0.38486340641975403,0.7036130428314209,0.008195240050554276,-0.06930459290742874,0.005389717407524586,0.02406921051442623,True,Right,0.9393599629402161
vid4,177,5902,2,0.43508297204971313,0.7203739285469055,0.009432901628315449,-0.04349511116743088,0.015270243398845196,0.049085646867752075,True,Right,0.9393599629402161
vid4,177,5902,3,0.4686545431613922,0.7290246486663818,0.005488700699061155,-0.013885575346648693,0.014803849160671234,0.07042595744132996,True,Right,0.9393599629402161
vid4,177,5902,4,0.498948335647583,0.7420945763587952,0.001427189214155078,0.006015168037265539,0.01258318405598402,0.08682414889335632,True,Right,0.9393599629402161
vid4,177,5902,5,0.47864919900894165,0.6770281791687012,0.010678141377866268,0.0005775174358859658,-0.0030746557749807835,0.031571391969919205,True,Right,0.9393599629402161
vid4,177,5902,6,0.5415307283401489,0.6932579278945923,-0.0021096577402204275,0.029440617188811302,0.003780488856136799,0.03181952238082886,True,Right,0.9393599629402161
vid4,177,5902,7,0.5836544632911682,0.7079001069068909,-0.012712503783404827,0.05427449569106102,0.006346441339701414,0.03450649976730347,True,Right,0.9393599629402161
vid4,177,5902,8,0.6176714301109314,0.7216007709503174,-0.020358463749289513,0.08339017629623413,0.012495399452745914,0.026516467332839966,True,Right,0.9393599629402161
vid4,177,5902,9,0.4820266366004944,0.6743077039718628,-0.004927913658320904,0.004558722022920847,-0.00476605910807848,0.006576500833034515,True,Right,0.9393599629402161
vid4,177,5902,10,0.5545600652694702,0.6878165602684021,-0.01902889274060726,0.04119700565934181,0.003143502166494727,0.004621788859367371,True,Right,0.9393599629402161
vid4,177,5902,11,0.6038309931755066,0.706133246421814,-0.03206775337457657,0.06919233500957489,0.004740405827760696,0.003741152584552765,True,Right,0.9393599629402161
vid4,177,5902,12,0.644875705242157,0.7230839729309082,-0.04089182987809181,0.10592858493328094,0.012476381845772266,0.008994579315185547,True,Right,0.9393599629402161
vid4,177,5902,13,0.48056602478027344,0.6828935742378235,-0.02149072475731373,0.0012497728457674384,-0.00044297630665823817,-0.021328851580619812,True,Right,0.9393599629402161
vid4,177,5902,14,0.5505218505859375,0.6946765184402466,-0.03429925814270973,0.03219582140445709,0.004469585604965687,-0.02207302302122116,True,Right,0.9393599629402161
vid4,177,5902,15,0.5963406562805176,0.711404025554657,-0.044517550617456436,0.059961747378110886,0.010233906097710133,-0.022009998559951782,True,Right,0.9393599629402161
vid4,177,5902,16,0.6343367695808411,0.7256056070327759,-0.051110073924064636,0.09013916552066803,0.016513967886567116,-0.019336357712745667,True,Right,0.9393599629402161
vid4,177,5902,17,0.47502249479293823,0.7055327296257019,-0.037975117564201355,-0.012550213374197483,0.005873716436326504,-0.038853004574775696,True,Right,0.9393599629402161
vid4,177,5902,18,0.5269823670387268,0.7176929116249084,-0.04724634066224098,0.010219068266451359,0.009749861434102058,-0.04038199782371521,True,Right,0.9393599629402161
vid4,177,5902,19,0.5622798800468445,0.7279665470123291,-0.05185859650373459,0.03621477633714676,0.01592744141817093,-0.03879532217979431,True,Right,0.9393599629402161
vid4,177,5902,20,0.5927334427833557,0.7385199666023254,-0.05514835938811302,0.059326011687517166,0.020875349640846252,-0.03481851518154144,True,Right,0.9393599629402161
vid4,178,5935,0,0.3576311469078064,0.6433916091918945,3.185490129453683e-07,-0.08856295794248581,-0.0027284277603030205,0.006476320326328278,True,Right,0.7039507031440735
vid4,178,5935,1,0.3966420888900757,0.6643598079681396,0.0039239851757884026,-0.06642737239599228,0.00011687425285344943,0.024206165224313736,True,Right,0.7039507031440735
vid4,178,5935,2,0.44731026887893677,0.6756467819213867,0.00274167163297534,-0.03929348289966583,0.007638869807124138,0.04374796152114868,True,Right,0.7039507031440735
vid4,178,5935,3,0.48102426528930664,0.6876413822174072,-0.0017863481771200895,-0.011847053654491901,0.008357075974345207,0.054218173027038574,True,Right,0.7039507031440735
vid4,178,5935,4,0.5088528394699097,0.6980491280555725,-0.006491415668278933,0.0072694821283221245,0.007300080731511116,0.06011355668306351,True,Right,0.7039507031440735
vid4,178,5935,5,0.49001559615135193,0.6447272896766663,-0.0005506747402250767,0.0025317829567939043,-0.006237388122826815,0.021734826266765594,True,Right,0.7039507031440735
vid4,178,5935,6,0.55238938331604,0.6683428883552551,-0.01415267400443554,0.02709188312292099,0.0013617934891954064,0.022239938378334045,True,Right,0.7039507031440735
vid4,178,5935,7,0.5925667881965637,0.6899649500846863,-0.02427949570119381,0.048250194638967514,0.008090983144938946,0.02641611546278,True,Right,0.7039507031440735
vid4,178,5935,8,0.6239169239997864,0.7111679315567017,-0.030783824622631073,0.07312225550413132,0.015348726883530617,0.021966546773910522,True,Right,0.7039507031440735
vid4,178,5935,9,0.4958840608596802,0.6497410535812378,-0.012526928447186947,0.0040410347282886505,-0.004005334340035915,0.004615966230630875,True,Right,0.7039507031440735
vid4,178,5935,10,0.5667769908905029,0.6645791530609131,-0.027060989290475845,0.03790246322751045,0.0019409768283367157,0.0008062943816184998,True,Right,0.7039507031440735
vid4,178,5935,11,0.6153237223625183,0.682515561580658,-0.03792867437005043,0.0632191002368927,0.004961606115102768,-0.0016399472951889038,True,Right,0.7039507031440735
vid4,178,5935,12,0.6541404724121094,0.6997913718223572,-0.044569287449121475,0.09678059816360474,0.009144313633441925,0.004681408405303955,True,Right,0.7039507031440735
vid4,178,5935,13,0.49422428011894226,0.6667635440826416,-0.024999089539051056,-0.0005048522143624723,0.0016023956704884768,-0.015101872384548187,True,Right,0.7039507031440735
vid4,178,5935,14,0.5624621510505676,0.6816087961196899,-0.03773183375597,0.028567958623170853,0.006871392950415611,-0.01831936091184616,True,Right,0.7039507031440735
vid4,178,5935,15,0.6059597134590149,0.6971989274024963,-0.046093955636024475,0.05483805388212204,0.011281154118478298,-0.02083677053451538,True,Right,0.7039507031440735
vid4,178,5935,16,0.6418696641921997,0.7100067138671875,-0.0511322021484375,0.08050420135259628,0.014077921397984028,-0.015313342213630676,True,Right,0.7039507031440735
vid4,178,5935,17,0.48638230562210083,0.6969286203384399,-0.037416972219944,-0.013266948983073235,0.009093443863093853,-0.024943649768829346,True,Right,0.7039507031440735
vid4,178,5935,18,0.5375739932060242,0.7138776183128357,-0.0474255308508873,0.007074742577970028,0.013673564419150352,-0.028927434235811234,True,Right,0.7039507031440735
vid4,178,5935,19,0.571728527545929,0.7255049347877502,-0.051421549171209335,0.031165845692157745,0.02004113607108593,-0.02934272587299347,True,Right,0.7039507031440735
vid4,178,5935,20,0.6014803647994995,0.7371705770492554,-0.05355021730065346,0.051921211183071136,0.022155199199914932,-0.026350155472755432,True,Right,0.7039507031440735
vid4,179,5968,0,,,,,,,False,,
vid4,179,5968,1,,,,,,,False,,
vid4,179,5968,2,,,,,,,False,,
vid4,179,5968,3,,,,,,,False,,
vid4,179,5968,4,,,,,,,False,,
vid4,179,5968,5,,,,,,,False,,
vid4,179,5968,6,,,,,,,False,,
vid4,179,5968,7,,,,,,,False,,
vid4,179,5968,8,,,,,,,False,,
vid4,179,5968,9,,,,,,,False,,
vid4,179,5968,10,,,,,,,False,,
vid4,179,5968,11,,,,,,,False,,
vid4,179,5968,12,,,,,,,False,,
vid4,179,5968,13,,,,,,,False,,
vid4,179,5968,14,,,,,,,False,,
vid4,179,5968,15,,,,,,,False,,
vid4,179,5968,16,,,,,,,False,,
vid4,179,5968,17,,,,,,,False,,
vid4,179,5968,18,,,,,,,False,,
vid4,179,5968,19,,,,,,,False,,
vid4,179,5968,20,,,,,,,False,,
vid4,180,6002,0,,,,,,,False,,
vid4,180,6002,1,,,,,,,False,,
vid4,180,6002,2,,,,,,,False,,
vid4,180,6002,3,,,,,,,False,,
vid4,180,6002,4,,,,,,,False,,
vid4,180,6002,5,,,,,,,False,,
vid4,180,6002,6,,,,,,,False,,
vid4,180,6002,7,,,,,,,False,,
vid4,180,6002,8,,,,,,,False,,
vid4,180,6002,9,,,,,,,False,,
vid4,180,6002,10,,,,,,,False,,
vid4,180,6002,11,,,,,,,False,,
vid4,180,6002,12,,,,,,,False,,
vid4,180,6002,13,,,,,,,False,,
vid4,180,6002,14,,,,,,,False,,
vid4,180,6002,15,,,,,,,False,,
vid4,180,6002,16,,,,,,,False,,
vid4,180,6002,17,,,,,,,False,,
vid4,180,6002,18,,,,,,,False,,
vid4,180,6002,19,,,,,,,False,,
vid4,180,6002,20,,,,,,,False,,
vid4,181,6035,0,0.42428699135780334,0.5565422177314758,1.9304155784993782e-07,-0.09376517683267593,0.005432326812297106,0.012522842735052109,True,Right,0.9512588977813721
vid4,181,6035,1,0.477114737033844,0.575537383556366,0.003312931163236499,-0.06853396445512772,0.00945080816745758,0.02623845264315605,True,Right,0.9512588977813721
vid4,181,6035,2,0.5299634337425232,0.5701055526733398,0.0035647046752274036,-0.036059509962797165,0.014886738732457161,0.045082539319992065,True,Right,0.9512588977813721
vid4,181,6035,3,0.5699548721313477,0.5594449639320374,0.0004175383073743433,-0.0036496352404356003,0.013384321704506874,0.05951157212257385,True,Right,0.9512588977813721
vid4,181,6035,4,0.601283848285675,0.559607744216919,-0.001649127108976245,0.021585438400506973,0.00758143188431859,0.06825695931911469,True,Right,0.9512588977813721
vid4,181,6035,5,0.5717365741729736,0.5314541459083557,0.009334173984825611,0.006622345186769962,4.15430695284158e-05,0.02346312627196312,True,Right,0.9512588977813721
vid4,181,6035,6,0.6341689229011536,0.5460781455039978,0.0012371267657727003,0.032793402671813965,0.004832067061215639,0.02086511254310608,True,Right,0.9512588977813721
vid4,181,6035,7,0.6684496998786926,0.5633727312088013,-0.005604656878858805,0.05423601344227791,0.011324040591716766,0.02312157303094864,True,Right,0.9512588977813721
vid4,181,6035,8,0.6959564089775085,0.5835540294647217,-0.010469941422343254,0.07643034309148788,0.01797269843518734,0.01391783356666565,True,Right,0.9512588977813721
vid4,181,6035,9,0.5714813470840454,0.5305556058883667,-0.0004345760680735111,0.004921386484056711,-0.003347225720062852,0.00516035221517086,True,Right,0.9512588977813721
vid4,181,6035,10,0.6395718455314636,0.5181431174278259,-0.009558619931340218,0.0415990836918354,-0.002191118197515607,0.0016571953892707825,True,Right,0.9512588977813721
vid4,181,6035,11,0.6852057576179504,0.5260171890258789,-0.01773160696029663,0.06749338656663895,-0.003726280527189374,0.0005802735686302185,True,Right,0.9512588977813721
vid4,181,6035,12,0.7190088033676147,0.5352159738540649,-0.023341409862041473,0.09605567902326584,0.002598993945866823,-0.0013070553541183472,True,Right,0.9512588977813721
vid4,181,6035,13,0.5635164380073547,0.5370529890060425,-0.011766758747398853,-0.0020533548668026924,-0.0013092881999909878,-0.015747234225273132,True,Right,0.9512588977813721
vid4,181,6035,14,0.6274346113204956,0.5189141035079956,-0.019851747900247574,0.02962321601808071,-0.0035452889278531075,-0.02070581167936325,True,Right,0.9512588977813721
vid4,181,6035,15,0.6714380383491516,0.5250296592712402,-0.02656797505915165,0.05494045838713646,-0.00011265167267993093,-0.025760740041732788,True,Right,0.9512588977813721
vid4,181,6035,16,0.7031102776527405,0.5314318537712097,-0.031241461634635925,0.07983081787824631,0.0026128035970032215,-0.02700885385274887,True,Right,0.9512588977813721
vid4,181,6035,17,0.5483273267745972,0.554603099822998,-0.023501183837652206,-0.018648285418748856,0.0022150587756186724,-0.02743174135684967,True,Right,0.9512588977813721
vid4,181,6035,18,0.5959365963935852,0.5430042147636414,-0.02944541722536087,0.004133146721869707,0.001996268518269062,-0.03195276856422424,True,Right,0.9512588977813721
vid4,181,6035,19,0.6298614740371704,0.542992353439331,-0.032681532204151154,0.03035677596926689,0.0041568698361516,-0.0345921516418457,True,Right,0.9512588977813721
vid4,181,6035,20,0.656241238117218,0.547027051448822,-0.034931063652038574,0.048156965523958206,0.00705260643735528,-0.037797633558511734,True,Right,0.9512588977813721
vid4,182,6068,0,0.45847707986831665,0.5212956070899963,4.53389930044068e-07,-0.09466215968132019,0.02283797226846218,-0.0014805793762207031,True,Right,0.8364081382751465
vid4,182,6068,1,0.5073127746582031,0.5367875695228577,0.010050701908767223,-0.06884526461362839,0.01998683623969555,0.020937331020832062,True,Right,0.8364081382751465
vid4,182,6068,2,0.565721869468689,0.5190487504005432,0.01587604731321335,-0.037958625704050064,0.01712881214916706,0.041430771350860596,True,Right,0.8364081382751465
vid4,182,6068,3,0.6048015356063843,0.5076659321784973,0.01679714024066925,-0.0039017912931740284,0.008235125802457333,0.056361276656389236,True,Right,0.8364081382751465
vid4,182,6068,4,0.6371750831604004,0.5088445544242859,0.018229873850941658,0.013930737040936947,0.0020946802105754614,0.06346802413463593,True,Right,0.8364081382751465
vid4,182,6068,5,0.6005474925041199,0.46621859073638916,0.02044062316417694,0.00035739527083933353,-0.009039939381182194,0.026447154581546783,True,Right,0.8364081382751465
vid4,182,6068,6,0.6610068082809448,0.47784262895584106,0.011887053027749062,0.028756193816661835,-0.0017248502699658275,0.026227012276649475,True,Right,0.8364081382751465
vid4,182,6068,7,0.7007911205291748,0.5039644241333008,0.002815109910443425,0.05095229297876358,0.006555586587637663,0.027615025639533997,True,Right,0.8364081382751465
vid4,182,6068,8,0.7307359576225281,0.534489631652832,-0.002571580931544304,0.07539436966180801,0.018582452088594437,0.022901035845279694,True,Right,0.8364081382751465
vid4,182,6068,9,0.605593740940094,0.4649903476238251,0.00806243997067213,0.0037320961710065603,-0.006608680356293917,0.006541181355714798,True,Right,0.8364081382751465
vid4,182,6068,10,0.6727303862571716,0.45663541555404663,-0.00046537406160496175,0.03987696021795273,-0.004857761785387993,0.0021294504404067993,True,Right,0.8364081382751465
vid4,182,6068,11,0.7211198210716248,0.4742426574230194,-0.009711253456771374,0.06639698147773743,-0.00245459727011621,0.002165369689464569,True,Right,0.8364081382751465
vid4,182,6068,12,0.757092297077179,0.49690037965774536,-0.015245409682393074,0.09947467595338821,0.002666069660335779,0.00739714503288269,True,Right,0.8364081382751465
vid4,182,6068,13,0.6043475866317749,0.4808496832847595,-0.0059121293015778065,0.0005117864347994328,0.004254726693034172,-0.01787634938955307,True,Right,0.8364081382751465
vid4,182,6068,14,0.6713852286338806,0.47278687357902527,-0.014987839385867119,0.03319096192717552,0.0022585922852158546,-0.018602099269628525,True,Right,0.8364081382751465
vid4,182,6068,15,0.7175636887550354,0.4903915226459503,-0.024622583761811256,0.06380895525217056,0.007381435949355364,-0.01596418023109436,True,Right,0.8364081382751465
vid4,182,6068,16,0.7518877387046814,0.5092746615409851,-0.030226146802306175,0.09028397500514984,0.012624150142073631,-0.010160118341445923,True,Right,0.8364081382751465
vid4,182,6068,17,0.5980393290519714,0.5154074430465698,-0.0194630715996027,-0.012540437281131744,0.01660827361047268,-0.03348433971405029,True,Right,0.8364081382751465
vid4,182,6068,18,0.6521327495574951,0.529174268245697,-0.025600675493478775,0.013107111677527428,0.020495349541306496,-0.033726610243320465,True,Right,0.8364081382751465
vid4,182,6068,19,0.6885231733322144,0.549171507358551,-0.02925611473619938,0.04103522375226021,0.02608070708811283,-0.028585165739059448,True,Right,0.8364081382751465
vid4,182,6068,20,0.7177590727806091,0.5701503157615662,-0.03134974092245102,0.06416400521993637,0.03230619430541992,-0.02131788432598114,True,Right,0.8364081382751465
vid4,183,6102,0,0.49355316162109375,0.4965013265609741,5.120186870044563e-07,-0.09372969716787338,0.024120306596159935,0.005234315991401672,True,Right,0.940670907497406
vid4,183,6102,1,0.546673595905304,0.46155768632888794,0.01754077523946762,-0.068170465528965,0.011841396801173687,0.026682235300540924,True,Right,0.940670907497406
vid4,183,6102,2,0.6014410853385925,0.4383681118488312,0.020701386034488678,-0.04039181023836136,0.004886971786618233,0.049438029527664185,True,Right,0.940670907497406
vid4,183,6102,3,0.6383513808250427,0.4367339313030243,0.0179346464574337,-0.00796995684504509,-0.004124880768358707,0.0672312006354332,True,Right,0.940670907497406
vid4,183,6102,4,0.6683253049850464,0.44709649682044983,0.015511777251958847,0.01160233560949564,-0.008506816811859608,0.07373710721731186,True,Right,0.940670907497406
vid4,183,6102,5,0.6301975846290588,0.410388708114624,0.011453889310359955,0.0006263371906243265,-0.016376933082938194,0.022821366786956787,True,Right,0.940670907497406
vid4,183,6102,6,0.6990770101547241,0.4104197025299072,-0.0025372826494276524,0.029793929308652878,-0.011370314285159111,0.02390335500240326,True,Right,0.940670907497406
vid4,183,6102,7,0.7448279857635498,0.43454787135124207,-0.01190108060836792,0.05061766877770424,-0.0026173361111432314,0.026974979788064957,True,Right,0.940670907497406
vid4,183,6102,8,0.7782047986984253,0.46533775329589844,-0.015867166221141815,0.0773838460445404,0.007996203377842903,0.028873346745967865,True,Right,0.940670907497406
vid4,183,6102,9,0.634627103805542,0.4232279658317566,-0.0050897179171442986,0.0038173531647771597,-0.006267533637583256,0.0031229034066200256,True,Right,0.940670907497406
vid4,183,6102,10,0.7107042074203491,0.41865184903144836,-0.016986645758152008,0.03920905292034149,-0.005102086812257767,4.9173831939697266e-06,True,Right,0.940670907497406
vid4,183,6102,11,0.76107257604599,0.4426683485507965,-0.023604240268468857,0.06395512074232101,-0.0010652965866029263,0.0026650652289390564,True,Right,0.940670907497406
vid4,183,6102,12,0.7958152890205383,0.47235140204429626,-0.02643459290266037,0.09154043346643448,0.00521865114569664,0.014511555433273315,True,Right,0.940670907497406
vid4,183,6102,13,0.6355792880058289,0.45212793350219727,-0.0217570923268795,-0.00045502459397539496,0.00774794165045023,-0.015962064266204834,True,Right,0.940670907497406
vid4,183,6102,14,0.7091898918151855,0.44776415824890137,-0.03118131309747696,0.031197991222143173,0.007585695944726467,-0.018079403787851334,True,Right,0.940670907497406
vid4,183,6102,15,0.7569432258605957,0.4683886468410492,-0.03694076091051102,0.060538098216056824,0.011240002699196339,-0.017206162214279175,True,Right,0.940670907497406
vid4,183,6102,16,0.79087895154953,0.49270233511924744,-0.03937540203332901,0.08436071872711182,0.020297667011618614,-0.007198795676231384,True,Right,0.940670907497406
vid4,183,6102,17,0.6323258876800537,0.49680519104003906,-0.03740333393216133,-0.012772858142852783,0.024483023211359978,-0.02507178485393524,True,Right,0.940670907497406
vid4,183,6102,18,0.6912786960601807,0.5082942247390747,-0.042989037930965424,0.013215653598308563,0.028059402480721474,-0.027811381965875626,True,Right,0.940670907497406
vid4,183,6102,19,0.7273592352867126,0.5326023101806641,-0.04416818916797638,0.040002044290304184,0.031321801245212555,-0.02273137867450714,True,Right,0.940670907497406
vid4,183,6102,20,0.7546443939208984,0.5603042244911194,-0.043666232377290726,0.05995161458849907,0.04112159088253975,-0.01238793134689331,True,Right,0.940670907497406
vid4,184,6135,0,0.5297240614891052,0.4679892361164093,5.242416136752581e-07,-0.09042281657457352,0.021123100072145462,0.008532047271728516,True,Right,0.9648867845535278
vid4,184,6135,1,0.5802799463272095,0.4344385862350464,0.0206243097782135,-0.06713759154081345,0.01112594548612833,0.028803091496229172,True,Right,0.9648867845535278
vid4,184,6135,2,0.6342125535011292,0.4178597927093506,0.021313060075044632,-0.03903789073228836,0.005504279397428036,0.05324938893318176,True,Right,0.9648867845535278
vid4,184,6135,3,0.6704744696617126,0.42137619853019714,0.015050056390464306,-0.010785608552396297,-0.0015279869548976421,0.07426884770393372,True,Right,0.9648867845535278
vid4,184,6135,4,0.7001422643661499,0.4375241696834564,0.008786486461758614,0.00848698802292347,-0.004189006984233856,0.08046174049377441,True,Right,0.9648867845535278
vid4,184,6135,5,0.6641879677772522,0.38908374309539795,0.01080675981938839,0.0011281798360869288,-0.016375161707401276,0.023426979780197144,True,Right,0.9648867845535278
vid4,184,6135,6,0.7362741827964783,0.3888213336467743,-0.002027179580181837,0.028194798156619072,-0.010573090054094791,0.02651287615299225,True,Right,0.9648867845535278
vid4,184,6135,7,0.7801172137260437,0.41299912333488464,-0.009958617389202118,0.049168217927217484,-0.002651456743478775,0.032504402101039886,True,Right,0.9648867845535278
vid4,184,6135,8,0.8111634850502014,0.44343236088752747,-0.013064977712929249,0.07319857180118561,0.0076012141071259975,0.034272097051143646,True,Right,0.9648867845535278
vid4,184,6135,9,0.6679909825325012,0.4021399915218353,-0.008516734465956688,0.003491122042760253,-0.00657838536426425,0.0032369568943977356,True,Right,0.9648867845535278
vid4,184,6135,10,0.7491416931152344,0.4042213559150696,-0.019066760316491127,0.037530794739723206,-0.004130266141146421,0.00024937093257904053,True,Right,0.9648867845535278
vid4,184,6135,11,0.7992973327636719,0.4304161071777344,-0.023327022790908813,0.06183287501335144,0.0012130431132391095,0.004576273262500763,True,Right,0.9648867845535278
vid4,184,6135,12,0.8328345417976379,0.4610585868358612,-0.024905335158109665,0.08945953100919724,0.007207649294286966,0.018892019987106323,True,Right,0.9648867845535278
vid4,184,6135,13,0.6682447791099548,0.42910316586494446,-0.02748921513557434,-4.856058149016462e-05,0.00835458468645811,-0.015899114310741425,True,Right,0.9648867845535278
vid4,184,6135,14,0.7476422190666199,0.42813822627067566,-0.03444020822644234,0.030445173382759094,0.009317188523709774,-0.01818697899580002,True,Right,0.9648867845535278
vid4,184,6135,15,0.7952048182487488,0.44850730895996094,-0.036297332495450974,0.059732139110565186,0.012490009889006615,-0.014475062489509583,True,Right,0.9648867845535278
vid4,184,6135,16,0.8284749388694763,0.47375255823135376,-0.03698193281888962,0.0816960409283638,0.019779089838266373,-0.0032625943422317505,True,Right,0.9648867845535278
vid4,184,6135,17,0.6652559041976929,0.47525060176849365,-0.04546694830060005,-0.012867397628724575,0.024988768622279167,-0.0250232070684433,True,Right,0.9648867845535278
vid4,184,6135,18,0.7283901572227478,0.49223557114601135,-0.04701153561472893,0.012915287166833878,0.029771292582154274,-0.026169925928115845,True,Right,0.9648867845535278
vid4,184,6135,19,0.7644369006156921,0.5205569863319397,-0.04375705122947693,0.04018792137503624,0.03427671268582344,-0.02084563672542572,True,Right,0.9648867845535278
vid4,184,6135,20,0.7903950214385986,0.5501548647880554,-0.04080652818083763,0.05717329680919647,0.043911922723054886,-0.011668160557746887,True,Right,0.9648867845535278
vid4,185,6168,0,0.5668033361434937,0.4523628056049347,5.024108986617648e-07,-0.0922938883304596,0.025724556297063828,0.005400747060775757,True,Right,0.9315831661224365
vid4,185,6168,1,0.6158481240272522,0.4639875888824463,0.019307129085063934,-0.06799077987670898,0.019563959911465645,0.027497395873069763,True,Right,0.9315831661224365
vid4,185,6168,2,0.663629412651062,0.46326956152915955,0.0175807923078537,-0.04140542820096016,0.020045096054673195,0.05323806405067444,True,Right,0.9315831661224365
vid4,185,6168,3,0.6967048645019531,0.48390722274780273,0.008291929960250854,-0.015607547014951706,0.019147424027323723,0.07839810848236084,True,Right,0.9315831661224365
vid4,185,6168,4,0.7225849032402039,0.5120477676391602,-0.0016923078801482916,0.0018951859092339873,0.02083818055689335,0.0973837599158287,True,Right,0.9315831661224365
vid4,185,6168,5,0.7096585035324097,0.38852688670158386,0.01191686186939478,0.0017874565673992038,-0.013826817274093628,0.026291094720363617,True,Right,0.9315831661224365
vid4,185,6168,6,0.7815697193145752,0.39037036895751953,0.00048372583114542067,0.0313800647854805,-0.008360646665096283,0.02826392650604248,True,Right,0.9315831661224365
vid4,185,6168,7,0.8243085145950317,0.40802034735679626,-0.007953282445669174,0.05460252985358238,-0.0026694433763623238,0.030818983912467957,True,Right,0.9315831661224365
vid4,185,6168,8,0.856763482093811,0.4281948208808899,-0.012935224920511246,0.07861156016588211,0.005109887104481459,0.02239663153886795,True,Right,0.9315831661224365
vid4,185,6168,9,0.7096282243728638,0.3931772708892822,-0.008933695033192635,0.0038991349283605814,-0.0066883377730846405,0.004445880651473999,True,Right,0.9315831661224365
vid4,185,6168,10,0.7892083525657654,0.40208935737609863,-0.01896432787179947,0.039512794464826584,-0.004073471762239933,0.0010349154472351074,True,Right,0.9315831661224365
vid4,185,6168,11,0.8370305299758911,0.4286665618419647,-0.024830210953950882,0.06325872987508774,0.002055048942565918,0.0014341920614242554,True,Right,0.9315831661224365
vid4,185,6168,12,0.869283139705658,0.45834627747535706,-0.028574198484420776,0.09055677801370621,0.0075440797954797745,0.010172218084335327,True,Right,0.9315831661224365
vid4,185,6168,13,0.7062426209449768,0.41721442341804504,-0.029683608561754227,-0.0009680472430773079,0.006602015346288681,-0.017587728798389435,True,Right,0.9315831661224365
vid4,185,6168,14,0.7871437668800354,0.42456892132759094,-0.036917559802532196,0.031373281031847,0.008029733784496784,-0.020928166806697845,True,Right,0.9315831661224365
vid4,185,6168,15,0.8337858319282532,0.4466484487056732,-0.04002288356423378,0.06057491898536682,0.013123373501002789,-0.01904118061065674,True,Right,0.9315831661224365
vid4,185,6168,16,0.8660498857498169,0.47242826223373413,-0.042447734624147415,0.08320227265357971,0.019099418073892593,-0.011766545474529266,True,Right,0.9315831661224365
vid4,185,6168,17,0.7010737061500549,0.4626758396625519,-0.04963318631052971,-0.01575479283928871,0.021097028627991676,-0.029621422290802002,True,Right,0.9315831661224365
vid4,185,6168,18,0.7645934820175171,0.48310863971710205,-0.052368029952049255,0.010572301223874092,0.02684704214334488,-0.03194502368569374,True,Right,0.9315831661224365
vid4,185,6168,19,0.8002683520317078,0.510977566242218,-0.04998309537768364,0.03800106793642044,0.032795149832963943,-0.02828480303287506,True,Right,0.9315831661224365
vid4,185,6168,20,0.825705885887146,0.5404884815216064,-0.04833690822124481,0.056364867836236954,0.039759427309036255,-0.020617708563804626,True,Right,0.9315831661224365
vid4,186,6202,0,0.6007490158081055,0.44807562232017517,3.8064391105763207e-07,-0.09227760136127472,0.026168830692768097,0.00026939064264297485,True,Right,0.8927479386329651
vid4,186,6202,1,0.6471142172813416,0.48719465732574463,0.026818759739398956,-0.06891477108001709,0.02527027390897274,0.024101044982671738,True,Right,0.8927479386329651
vid4,186,6202,2,0.6908327341079712,0.4873904287815094,0.03061373345553875,-0.044270109385252,0.027611127123236656,0.05226266384124756,True,Right,0.8927479386329651
vid4,186,6202,3,0.7219502329826355,0.5002506971359253,0.025889424607157707,-0.019215963780879974,0.025887921452522278,0.08300378173589706,True,Right,0.8927479386329651
vid4,186,6202,4,0.7463021278381348,0.5214534401893616,0.02049356698989868,-0.0009367278544232249,0.0266147218644619,0.10784999281167984,True,Right,0.8927479386329651
vid4,186,6202,5,0.7419954538345337,0.3936247229576111,0.021677833050489426,0.002487490652129054,-0.010922658257186413,0.028307557106018066,True,Right,0.8927479386329651
vid4,186,6202,6,0.8147512674331665,0.39736390113830566,0.014989596791565418,0.032336845993995667,-0.00407872861251235,0.03110063076019287,True,Right,0.8927479386329651
vid4,186,6202,7,0.856886088848114,0.41522660851478577,0.009454010985791683,0.05540743097662926,0.0006123959901742637,0.03461625427007675,True,Right,0.8927479386329651
vid4,186,6202,8,0.889236330986023,0.4356520473957062,0.005720203276723623,0.07925702631473541,0.007584007456898689,0.0248410627245903,True,Right,0.8927479386329651
vid4,186,6202,9,0.741816520690918,0.39223891496658325,-0.0019386440981179476,0.003870509099215269,-0.006522689945995808,0.00495564192533493,True,Right,0.8927479386329651
vid4,186,6202,10,0.8221480846405029,0.39765509963035583,-0.008890634402632713,0.0394689179956913,-0.005657412111759186,0.003489673137664795,True,Right,0.8927479386329651
vid4,186,6202,11,0.8705645203590393,0.4220283031463623,-0.013604514300823212,0.06390810012817383,-0.0007796550635248423,0.004323258996009827,True,Right,0.8927479386329651
vid4,186,6202,12,0.9037486910820007,0.4493691325187683,-0.01709483563899994,0.09182528406381607,0.0030290228314697742,0.013427972793579102,True,Right,0.8927479386329651
vid4,186,6202,13,0.7386079430580139,0.4121886193752289,-0.02495756559073925,-0.001529830158688128,0.0036496620159596205,-0.01926346868276596,True,Right,0.8927479386329651
vid4,186,6202,14,0.8208383917808533,0.4173000454902649,-0.02975240722298622,0.031822510063648224,0.0041941371746361256,-0.02103959023952484,True,Right,0.8927479386329651
vid4,186,6202,15,0.8671910166740417,0.4379280209541321,-0.03226989135146141,0.0602373443543911,0.009884807281196117,-0.018053650856018066,True,Right,0.8927479386329651
vid4,186,6202,16,0.9003657698631287,0.4623141586780548,-0.035249095410108566,0.08401922881603241,0.014468133449554443,-0.01026315987110138,True,Right,0.8927479386329651
vid4,186,6202,17,0.7340967059135437,0.4553302228450775,-0.04653936251997948,-0.015598181635141373,0.01763049326837063,-0.03360234200954437,True,Right,0.8927479386329651
vid4,186,6202,18,0.79709792137146,0.47470027208328247,-0.04933217540383339,0.010714879259467125,0.022676916792988777,-0.03553824499249458,True,Right,0.8927479386329651
vid4,186,6202,19,0.8327352404594421,0.5015683174133301,-0.04808640480041504,0.03829410672187805,0.028485644608736038,-0.03179158270359039,True,Right,0.8927479386329651
vid4,186,6202,20,0.8590026497840881,0.5302000045776367,-0.04775448888540268,0.05660613998770714,0.03536638244986534,-0.02326066792011261,True,Right,0.8927479386329651
vid4,187,6235,0,0.6325364708900452,0.44742128252983093,3.3568497315172863e-07,-0.09097269922494888,0.026956528425216675,0.00034417957067489624,True,Right,0.8975719213485718
vid4,187,6235,1,0.6827105283737183,0.5027272701263428,0.032794393599033356,-0.06654884666204453,0.027740443125367165,0.025058776140213013,True,Right,0.8975719213485718
vid4,187,6235,2,0.7239699363708496,0.5056165456771851,0.03828151896595955,-0.04251135513186455,0.03159034252166748,0.05262100696563721,True,Right,0.8975719213485718
vid4,187,6235,3,0.752642810344696,0.517952024936676,0.03420718014240265,-0.020122570917010307,0.030190734192728996,0.08309058099985123,True,Right,0.8975719213485718
vid4,187,6235,4,0.7767829895019531,0.5357890725135803,0.028909260407090187,-0.0032289428636431694,0.030050793662667274,0.11079490184783936,True,Right,0.8975719213485718
vid4,187,6235,5,0.7741860747337341,0.3973333537578583,0.021427730098366737,0.0027108618523925543,-0.010720228776335716,0.029697611927986145,True,Right,0.8975719213485718
vid4,187,6235,6,0.8479897975921631,0.3941672444343567,0.013374571688473225,0.03259141370654106,-0.005696586333215237,0.031945884227752686,True,Right,0.8975719213485718
vid4,187,6235,7,0.8906858563423157,0.4104110598564148,0.007073028013110161,0.0565611906349659,-0.0009824776789173484,0.035748228430747986,True,Right,0.8975719213485718
vid4,187,6235,8,0.923682451248169,0.4300594627857208,0.0026381060015410185,0.08027295768260956,0.00572908204048872,0.02403855323791504,True,Right,0.8975719213485718
vid4,187,6235,9,0.7717337012290955,0.3950972557067871,-0.005968000274151564,0.003750868607312441,-0.006783017888665199,0.005516387522220612,True,Right,0.8975719213485718
vid4,187,6235,10,0.8564308881759644,0.398616760969162,-0.014647822827100754,0.04026258364319801,-0.006408289074897766,0.0031955093145370483,True,Right,0.8975719213485718
vid4,187,6235,11,0.9059358239173889,0.4255395531654358,-0.020308034494519234,0.06447726488113403,-0.0011713223066180944,0.0035085976123809814,True,Right,0.8975719213485718
vid4,187,6235,12,0.9392997622489929,0.45466023683547974,-0.024712305516004562,0.09298253059387207,0.005332562606781721,0.011893540620803833,True,Right,0.8975719213485718
vid4,187,6235,13,0.7676820158958435,0.4150052070617676,-0.03209294378757477,-0.0013543476816266775,0.004164176993072033,-0.02006913721561432,True,Right,0.8975719213485718
vid4,187,6235,14,0.8529753088951111,0.4200555980205536,-0.03742680326104164,0.03217576444149017,0.0038404555525630713,-0.02123895287513733,True,Right,0.8975719213485718
vid4,187,6235,15,0.9003596305847168,0.4426756799221039,-0.040141038596630096,0.060245808213949203,0.00948367826640606,-0.01908734440803528,True,Right,0.8975719213485718
vid4,187,6235,16,0.933853805065155,0.46907538175582886,-0.043787065893411636,0.08553580194711685,0.015905030071735382,-0.011332474648952484,True,Right,0.8975719213485718
vid4,187,6235,17,0.7632932066917419,0.45955783128738403,-0.0562310516834259,-0.015185224823653698,0.018000302836298943,-0.03592123091220856,True,Right,0.8975719213485718
vid4,187,6235,18,0.8272562026977539,0.47368505597114563,-0.05970380827784538,0.010334446094930172,0.021078884601593018,-0.03677630424499512,True,Right,0.8975719213485718
vid4,187,6235,19,0.8635832071304321,0.4969601631164551,-0.05907873809337616,0.03790305182337761,0.027819382026791573,-0.034270063042640686,True,Right,0.8975719213485718
vid4,187,6235,20,0.8909059166908264,0.5240222811698914,-0.05965833365917206,0.0567803680896759,0.03393402323126793,-0.02559003233909607,True,Right,0.8975719213485718
vid4,188,6268,0,0.6616880893707275,0.4585760235786438,4.4539439159052563e-07,-0.0839250236749649,0.022957513108849525,0.001947067677974701,True,Right,0.7979758381843567
vid4,188,6268,1,0.701022207736969,0.5177291035652161,0.005045012570917606,-0.06007970869541168,0.02415366657078266,0.021832671016454697,True,Right,0.7979758381843567
vid4,188,6268,2,0.7435015439987183,0.519125759601593,-0.0012379443505778909,-0.040352486073970795,0.02640584297478199,0.0451619029045105,True,Right,0.7979758381843567
vid4,188,6268,3,0.773204505443573,0.5266126990318298,-0.012102297507226467,-0.022675098851323128,0.022873753681778908,0.06800568103790283,True,Right,0.7979758381843567
vid4,188,6268,4,0.8017052412033081,0.5478686094284058,-0.023034032434225082,-0.009017129428684711,0.024032866582274437,0.08660829812288284,True,Right,0.7979758381843567
vid4,188,6268,5,0.8011426329612732,0.413752019405365,-0.001718881307169795,0.0011550377821549773,-0.011479907669126987,0.02630743384361267,True,Right,0.7979758381843567
vid4,188,6268,6,0.8768783807754517,0.41393086314201355,-0.017172347754240036,0.02702685259282589,-0.004064884502440691,0.02822546660900116,True,Right,0.7979758381843567
vid4,188,6268,7,0.9199076294898987,0.4348912537097931,-0.028029274195432663,0.0501079224050045,0.0017113765934482217,0.031392984092235565,True,Right,0.7979758381843567
vid4,188,6268,8,0.9512535333633423,0.45898959040641785,-0.03429556265473366,0.07299517840147018,0.00867402832955122,0.021428488194942474,True,Right,0.7979758381843567
vid4,188,6268,9,0.8013614416122437,0.4050149917602539,-0.016434913501143456,0.0028341913130134344,-0.006440832745283842,0.004475697875022888,True,Right,0.7979758381843567
vid4,188,6268,10,0.8841581344604492,0.4099958539009094,-0.0310533344745636,0.03387468308210373,-0.005260484293103218,0.0031293630599975586,True,Right,0.7979758381843567
vid4,188,6268,11,0.9340996742248535,0.43807169795036316,-0.0408543162047863,0.05830419436097145,-8.639915904495865e-06,0.002248235046863556,True,Right,0.7979758381843567
vid4,188,6268,12,0.9689744114875793,0.4692370295524597,-0.046967584639787674,0.08740771561861038,0.002968887099996209,0.008615076541900635,True,Right,0.7979758381843567
vid4,188,6268,13,0.7990917563438416,0.4216034710407257,-0.031981393694877625,-0.0002121923171216622,0.00447500916197896,-0.01782853901386261,True,Right,0.7979758381843567
vid4,188,6268,14,0.8834317922592163,0.4276973307132721,-0.045016128569841385,0.027470258995890617,0.0037620377261191607,-0.019019190222024918,True,Right,0.7979758381843567
vid4,188,6268,15,0.9310258626937866,0.45323696732521057,-0.05321555212140083,0.055579207837581635,0.010546126402914524,-0.018107682466506958,True,Right,0.7979758381843567
vid4,188,6268,16,0.9650136828422546,0.48220640420913696,-0.058467019349336624,0.08116975426673889,0.015190795995295048,-0.012089990079402924,True,Right,0.7979758381843567
vid4,188,6268,17,0.7944361567497253,0.461076945066452,-0.047498516738414764,-0.012162994593381882,0.017673922702670097,-0.03145584464073181,True,Right,0.7979758381843567
vid4,188,6268,18,0.8588795065879822,0.4770583510398865,-0.05760960653424263,0.008877681568264961,0.021043574437499046,-0.03382711112499237,True,Right,0.7979758381843567
vid4,188,6268,19,0.8957359194755554,0.5037745237350464,-0.06082431226968765,0.03434473276138306,0.026659660041332245,-0.0311201810836792,True,Right,0.7979758381843567
vid4,188,6268,20,0.9233077764511108,0.532922089099884,-0.06240176036953926,0.05435138940811157,0.032275792211294174,-0.023921072483062744,True,Right,0.7979758381843567
vid4,189,6302,0,0.6847619414329529,0.4681679606437683,4.340548684922396e-07,-0.08485563844442368,0.019947078078985214,-2.0012259483337402e-05,True,Right,0.7816228866577148
vid4,189,6302,1,0.71969074010849,0.5285494327545166,0.0018206610111519694,-0.06291690468788147,0.020785991102457047,0.01853252574801445,True,Right,0.7816228866577148
vid4,189,6302,2,0.7607213258743286,0.5355172157287598,-0.003896246897056699,-0.04298495128750801,0.02498744986951351,0.044090330600738525,True,Right,0.7816228866577148
vid4,189,6302,3,0.7900839447975159,0.5487128496170044,-0.013408671133220196,-0.025842741131782532,0.023485582321882248,0.06755780428647995,True,Right,0.7816228866577148
vid4,189,6302,4,0.8150122165679932,0.5747175812721252,-0.022707436233758926,-0.013632192276418209,0.025928016752004623,0.08834866434335709,True,Right,0.7816228866577148
vid4,189,6302,5,0.8272008299827576,0.4344235062599182,-4.190273830317892e-05,-0.00020384449453558773,-0.009732935577630997,0.025937877595424652,True,Right,0.7816228866577148
vid4,189,6302,6,0.8960834741592407,0.4459541141986847,-0.015596884302794933,0.024998940527439117,-0.0012703309766948223,0.026550665497779846,True,Right,0.7816228866577148
vid4,189,6302,7,0.9358823299407959,0.48102691769599915,-0.027897348627448082,0.04837613180279732,0.006884795613586903,0.028282053768634796,True,Right,0.7816228866577148
vid4,189,6302,8,0.964084804058075,0.5196717381477356,-0.03506741300225258,0.06955723464488983,0.020325491204857826,0.017811939120292664,True,Right,0.7816228866577148
vid4,189,6302,9,0.8294683694839478,0.4268549382686615,-0.01207288634032011,0.0031643216498196125,-0.0062517025507986546,0.005413718521595001,True,Right,0.7816228866577148
vid4,189,6302,10,0.9091377258300781,0.43226736783981323,-0.025883013382554054,0.03490113094449043,-0.005449648480862379,0.0006302148103713989,True,Right,0.7816228866577148
vid4,189,6302,11,0.9584257006645203,0.46167686581611633,-0.035827286541461945,0.05993766337633133,-0.0009123574709519744,-0.0021660178899765015,True,Right,0.7816228866577148
vid4,189,6302,12,0.9932603240013123,0.49628394842147827,-0.04209541156888008,0.09125547856092453,0.0035606033634394407,0.0018314719200134277,True,Right,0.7816228866577148
vid4,189,6302,13,0.827325165271759,0.44548499584198,-0.025467807427048683,0.0004335957928560674,0.00416301004588604,-0.017399057745933533,True,Right,0.7816228866577148
vid4,189,6302,14,0.9076718091964722,0.44945016503334045,-0.038715410977602005,0.02796224318444729,0.002868031617254019,-0.021217525005340576,True,Right,0.7816228866577148
vid4,189,6302,15,0.9549378752708435,0.4753963351249695,-0.048485878854990005,0.05680037662386894,0.00955244991928339,-0.02277427911758423,True,Right,0.7816228866577148
vid4,189,6302,16,0.9878580570220947,0.507040798664093,-0.054528333246707916,0.08314786106348038,0.014179311692714691,-0.019535042345523834,True,Right,0.7816228866577148
vid4,189,6302,17,0.8208470940589905,0.4867340624332428,-0.03911777585744858,-0.012187662534415722,0.016328731551766396,-0.03180369734764099,True,Right,0.7816228866577148
vid4,189,6302,18,0.8819901347160339,0.5029542446136475,-0.04968596622347832,0.007765187881886959,0.019701119512319565,-0.03487173467874527,True,Right,0.7816228866577148
vid4,189,6302,19,0.9169431924819946,0.5328865051269531,-0.05417549982666969,0.03269951418042183,0.02725241519510746,-0.03359994292259216,True,Right,0.7816228866577148
vid4,189,6302,20,0.9423165321350098,0.5669817924499512,-0.056586623191833496,0.053138162940740585,0.034426864236593246,-0.02946460247039795,True,Right,0.7816228866577148
vid4,190,6335,0,0.7003223299980164,0.48329320549964905,3.5324833902450337e-07,-0.09000732004642487,0.017004380002617836,-0.005251944065093994,True,Right,0.8565117120742798
vid4,190,6335,1,0.7382093667984009,0.5490264296531677,0.011900782585144043,-0.06631835550069809,0.020370708778500557,0.01687656342983246,True,Right,0.8565117120742798
vid4,190,6335,2,0.7779960632324219,0.563483715057373,0.01009710505604744,-0.047271307557821274,0.027671365067362785,0.04349866509437561,True,Right,0.8565117120742798
vid4,190,6335,3,0.8035285472869873,0.5796887278556824,0.0018995145801454782,-0.028154734522104263,0.0283854678273201,0.07397589087486267,True,Right,0.8565117120742798
vid4,190,6335,4,0.8231069445610046,0.6044277548789978,-0.006780496798455715,-0.014808285981416702,0.029029605910182,0.10093970596790314,True,Right,0.8565117120742798
vid4,190,6335,5,0.8464161157608032,0.46076637506484985,0.010412083938717842,0.00019754242384806275,-0.007943633943796158,0.028611987829208374,True,Right,0.8565117120742798
vid4,190,6335,6,0.9109798669815063,0.48988398909568787,-0.0035184097941964865,0.027386588975787163,0.0035756188444793224,0.03021945059299469,True,Right,0.8565117120742798
vid4,190,6335,7,0.9459889531135559,0.5383453965187073,-0.015180474147200584,0.04846977815032005,0.016246113926172256,0.03149154782295227,True,Right,0.8565117120742798
vid4,190,6335,8,0.9682977199554443,0.5881463289260864,-0.02224728651344776,0.06587818264961243,0.03382023423910141,0.021611139178276062,True,Right,0.8565117120742798
vid4,190,6335,9,0.847560703754425,0.4515169858932495,-0.007393660023808479,0.0038426171522587538,-0.006317271385341883,0.006379179656505585,True,Right,0.8565117120742798
vid4,190,6335,10,0.9244821667671204,0.4678553342819214,-0.019372643902897835,0.038004323840141296,-0.0017839735373854637,0.0027115345001220703,True,Right,0.8565117120742798
vid4,190,6335,11,0.9693829417228699,0.5085793733596802,-0.02760367840528488,0.06090492755174637,0.004841350484639406,0.0009177476167678833,True,Right,0.8565117120742798
vid4,190,6335,12,0.9991380572319031,0.5526688098907471,-0.03312854841351509,0.08747519552707672,0.015979992225766182,0.006173312664031982,True,Right,0.8565117120742798
vid4,190,6335,13,0.8430137038230896,0.4676213264465332,-0.026158496737480164,0.0004701792204286903,0.0030723819509148598,-0.019147679209709167,True,Right,0.8565117120742798
vid4,190,6335,14,0.9215804934501648,0.4819619059562683,-0.03739527612924576,0.029629044234752655,0.00337395747192204,-0.021307390183210373,True,Right,0.8565117120742798
vid4,190,6335,15,0.9656180143356323,0.5209543704986572,-0.04427579417824745,0.05563432723283768,0.01404519472271204,-0.022104084491729736,True,Right,0.8565117120742798
vid4,190,6335,16,0.9942021369934082,0.5626092553138733,-0.04892752692103386,0.07911927998065948,0.025484224781394005,-0.01750483363866806,True,Right,0.8565117120742798
vid4,190,6335,17,0.8340443968772888,0.5073418021202087,-0.0446656309068203,-0.01356417965143919,0.012470402754843235,-0.036399275064468384,True,Right,0.8565117120742798
vid4,190,6335,18,0.8935856819152832,0.5284772515296936,-0.053902313113212585,0.008680742233991623,0.017441296949982643,-0.037749212235212326,True,Right,0.8565117120742798
vid4,190,6335,19,0.9272672533988953,0.5602774024009705,-0.05634501203894615,0.032109133899211884,0.02712778002023697,-0.03410322964191437,True,Right,0.8565117120742798
vid4,190,6335,20,0.9501346945762634,0.595137894153595,-0.05767156556248665,0.05040101706981659,0.03542039915919304,-0.028464987874031067,True,Right,0.8565117120742798
vid4,191,6368,0,0.7118527293205261,0.5004895329475403,3.6610026654670946e-07,-0.08651558309793472,0.015823233872652054,0.0002400428056716919,True,Right,0.8928375840187073
vid4,191,6368,1,0.7513827085494995,0.5808374881744385,0.013119571842253208,-0.0627526119351387,0.020185722038149834,0.019993312656879425,True,Right,0.8928375840187073
vid4,191,6368,2,0.7904455661773682,0.6023370027542114,0.010861024260520935,-0.04465022310614586,0.032170120626688004,0.0434974730014801,True,Right,0.8928375840187073
vid4,191,6368,3,0.8159960508346558,0.6234537363052368,0.0021297552157193422,-0.025875462219119072,0.03599612042307854,0.06599697470664978,True,Right,0.8928375840187073
vid4,191,6368,4,0.8353899121284485,0.6538286209106445,-0.007018991746008396,-0.015347243286669254,0.04024305194616318,0.08938930928707123,True,Right,0.8928375840187073
vid4,191,6368,5,0.8556012511253357,0.48295754194259644,0.0075120022520422935,-0.0004426744708325714,-0.008485883474349976,0.027181096374988556,True,Right,0.8928375840187073
vid4,191,6368,6,0.9198086261749268,0.5306278467178345,-0.007137479726225138,0.026399992406368256,0.008623844012618065,0.028917521238327026,True,Right,0.8928375840187073
vid4,191,6368,7,0.9465393424034119,0.5928823351860046,-0.018800504505634308,0.044777173548936844,0.026579728350043297,0.03319762647151947,True,Right,0.8928375840187073
vid4,191,6368,8,0.9597694277763367,0.6509920954704285,-0.025530396029353142,0.052324116230010986,0.046320974826812744,0.0246807262301445,True,Right,0.8928375840187073
vid4,191,6368,9,0.8548986315727234,0.4719514548778534,-0.010817384347319603,0.003730309661477804,-0.006062040105462074,0.006221450865268707,True,Right,0.8928375840187073
vid4,191,6368,10,0.9358420968055725,0.5096179246902466,-0.02332651987671852,0.039089325815439224,0.0024406700395047665,0.0018297135829925537,True,Right,0.8928375840187073
vid4,191,6368,11,0.9779031276702881,0.5637280941009521,-0.031020328402519226,0.05982806161046028,0.013802519999444485,0.0016897916793823242,True,Right,0.8928375840187073
vid4,191,6368,12,1.0038118362426758,0.616926908493042,-0.035958364605903625,0.08237110078334808,0.029120026156306267,0.006070852279663086,True,Right,0.8928375840187073
vid4,191,6368,13,0.8489948511123657,0.48924532532691956,-0.029688924551010132,0.00013969682913739234,0.002711463952437043,-0.018661975860595703,True,Right,0.8928375840187073
vid4,191,6368,14,0.930492639541626,0.5261175632476807,-0.04131315276026726,0.029606955125927925,0.008734596893191338,-0.020408574491739273,True,Right,0.8928375840187073
vid4,191,6368,15,0.9704764485359192,0.5774518847465515,-0.047342125326395035,0.05180121213197708,0.022112654522061348,-0.020383566617965698,True,Right,0.8928375840187073
vid4,191,6368,16,0.9941673278808594,0.625342607498169,-0.05123482272028923,0.07100939750671387,0.037036340683698654,-0.016688674688339233,True,Right,0.8928375840187073
vid4,191,6368,17,0.8396878838539124,0.5333605408668518,-0.048086635768413544,-0.0141207380220294,0.011995308101177216,-0.03416934609413147,True,Right,0.8928375840187073
vid4,191,6368,18,0.9000020623207092,0.5699748992919922,-0.056944336742162704,0.009266823530197144,0.019786827266216278,-0.0353584922850132,True,Right,0.8928375840187073
vid4,191,6368,19,0.9298759698867798,0.6085382103919983,-0.057921152561903,0.02948988415300846,0.031865205615758896,-0.031309157609939575,True,Right,0.8928375840187073
vid4,191,6368,20,0.9484082460403442,0.6467502117156982,-0.057996418327093124,0.04445051774382591,0.04209229350090027,-0.025095298886299133,True,Right,0.8928375840187073
vid4,192,6402,0,0.7137426733970642,0.5256097912788391,2.8884713287880004e-07,-0.07706794887781143,0.01685994490981102,-0.005417034029960632,True,Right,0.9594328999519348
vid4,192,6402,1,0.7591310739517212,0.6093396544456482,0.02606077305972576,-0.05616344138979912,0.01914791762828827,0.017947141081094742,True,Right,0.9594328999519348
vid4,192,6402,2,0.8022205829620361,0.6358497142791748,0.030790943652391434,-0.03804991766810417,0.03215089812874794,0.04040148854255676,True,Right,0.9594328999519348
vid4,192,6402,3,0.8301897644996643,0.6691340804100037,0.026121823117136955,-0.02310772053897381,0.04051036387681961,0.06898421049118042,True,Right,0.9594328999519348
vid4,192,6402,4,0.8505712151527405,0.7081311941146851,0.020987575873732567,-0.013824119232594967,0.049570225179195404,0.09766648709774017,True,Right,0.9594328999519348
vid4,192,6402,5,0.8592587113380432,0.49431508779525757,0.022924166172742844,-0.0005827622371725738,-0.010683843865990639,0.02902330458164215,True,Right,0.9594328999519348
vid4,192,6402,6,0.9256508350372314,0.547202467918396,0.01172817312180996,0.02208012342453003,0.006210285238921642,0.03427386283874512,True,Right,0.9594328999519348
vid4,192,6402,7,0.9500522613525391,0.6179613471031189,0.0038424611557275057,0.03737907111644745,0.025906287133693695,0.040758758783340454,True,Right,0.9594328999519348
vid4,192,6402,8,0.9574085474014282,0.6784021258354187,0.0005388299468904734,0.042095813900232315,0.045912936329841614,0.03966418653726578,True,Right,0.9594328999519348
vid4,192,6402,9,0.8583650588989258,0.4880709648132324,-0.001170534873381257,0.003564350539818406,-0.006636630278080702,0.006257735192775726,True,Right,0.9594328999519348
vid4,192,6402,10,0.9419661164283752,0.5377769470214844,-0.011111253872513771,0.03338639810681343,0.004513084422796965,0.009824171662330627,True,Right,0.9594328999519348
vid4,192,6402,11,0.9763972759246826,0.6093231439590454,-0.014354657381772995,0.050920501351356506,0.020002342760562897,0.015887200832366943,True,Right,0.9594328999519348
vid4,192,6402,12,0.9901733994483948,0.6710222959518433,-0.014695301651954651,0.0649222731590271,0.03595580905675888,0.02323046326637268,True,Right,0.9594328999519348
vid4,192,6402,13,0.8520954251289368,0.5100646018981934,-0.02546403370797634,9.900103759719059e-05,0.004434971604496241,-0.019574075937271118,True,Right,0.9594328999519348
vid4,192,6402,14,0.9374756217002869,0.5543748140335083,-0.035140711814165115,0.026534095406532288,0.011698459275066853,-0.01619359850883484,True,Right,0.9594328999519348
vid4,192,6402,15,0.9700465202331543,0.6231891512870789,-0.03700469434261322,0.04492776468396187,0.02884534001350403,-0.010437458753585815,True,Right,0.9594328999519348
vid4,192,6402,16,0.98208087682724,0.6807366609573364,-0.03655203804373741,0.057421356439590454,0.0457872599363327,-0.0020675361156463623,True,Right,0.9594328999519348
vid4,192,6402,17,0.8426932692527771,0.5590840578079224,-0.04850967973470688,-0.011502585373818874,0.015627412125468254,-0.036444246768951416,True,Right,0.9594328999519348
vid4,192,6402,18,0.9083110094070435,0.5998926162719727,-0.055818911641836166,0.010029997676610947,0.025519831106066704,-0.0343245230615139,True,Right,0.9594328999519348
vid4,192,6402,19,0.9330219030380249,0.6503233313560486,-0.05428047850728035,0.027132032439112663,0.03790406510233879,-0.027279943227767944,True,Right,0.9594328999519348
vid4,192,6402,20,0.9415134787559509,0.6972527503967285,-0.05142877623438835,0.035997338593006134,0.05139223858714104,-0.01786576211452484,True,Right,0.9594328999519348
vid4,193,6435,0,0.7198125720024109,0.5440940856933594,3.1976446734915953e-07,-0.07761479169130325,0.019812600687146187,-0.005358673632144928,True,Right,0.946779191493988
vid4,193,6435,1,0.7632045149803162,0.617193341255188,0.0233379527926445,-0.05803291127085686,0.020893769338726997,0.020923830568790436,True,Right,0.946779191493988
vid4,193,6435,2,0.8047404289245605,0.6288717985153198,0.025674188509583473,-0.03822312131524086,0.030230868607759476,0.04675877094268799,True,Right,0.946779191493988
vid4,193,6435,3,0.8347939848899841,0.6450125575065613,0.018700573593378067,-0.01979813352227211,0.03340566158294678,0.08520568907260895,True,Right,0.946779191493988
vid4,193,6435,4,0.8599119782447815,0.6611583232879639,0.011749566532671452,-0.007112095132470131,0.03236304223537445,0.12070873379707336,True,Right,0.946779191493988
vid4,193,6435,5,0.8610320687294006,0.49568992853164673,0.018243402242660522,0.00047109503066167235,-0.010131420567631721,0.02877606824040413,True,Right,0.946779191493988
vid4,193,6435,6,0.9349561929702759,0.5390750169754028,0.00677025131881237,0.025358136743307114,0.005274926777929068,0.03507712483406067,True,Right,0.946779191493988
vid4,193,6435,7,0.9562487602233887,0.6125782132148743,-0.00182979681994766,0.039482977241277695,0.02336299791932106,0.04458721727132797,True,Right,0.946779191493988
vid4,193,6435,8,0.9592270255088806,0.6738902926445007,-0.00574517622590065,0.04272310808300972,0.04321485385298729,0.04605301469564438,True,Right,0.946779191493988
vid4,193,6435,9,0.8597155213356018,0.49239006638526917,-0.003420047229155898,0.0025517314206808805,-0.007215690333396196,0.006124876439571381,True,Right,0.946779191493988
vid4,193,6435,10,0.9481433629989624,0.5420922636985779,-0.014265348203480244,0.036549631506204605,0.005780623760074377,0.009094692766666412,True,Right,0.946779191493988
vid4,193,6435,11,0.9726258516311646,0.625488817691803,-0.019887760281562805,0.05081707611680031,0.024310829117894173,0.018793180584907532,True,Right,0.946779191493988
vid4,193,6435,12,0.9761569499969482,0.6928250789642334,-0.022388579323887825,0.05735732242465019,0.042198292911052704,0.02813500165939331,True,Right,0.946779191493988
vid4,193,6435,13,0.8553835153579712,0.5153988003730774,-0.02469940111041069,0.0009238123311661184,0.004237666726112366,-0.019196338951587677,True,Right,0.946779191493988
vid4,193,6435,14,0.9414114356040955,0.5700518488883972,-0.03198648989200592,0.029060041531920433,0.014615172520279884,-0.015306338667869568,True,Right,0.946779191493988
vid4,193,6435,15,0.962134063243866,0.653410017490387,-0.03325311839580536,0.04292928799986839,0.035090167075395584,-0.004199504852294922,True,Right,0.946779191493988
vid4,193,6435,16,0.9623882174491882,0.71494060754776,-0.03314516693353653,0.04783466458320618,0.05411912873387337,0.007234305143356323,True,Right,0.946779191493988
vid4,193,6435,17,0.8481376767158508,0.5617711544036865,-0.04502150043845177,-0.011984487064182758,0.015013591386377811,-0.034424036741256714,True,Right,0.946779191493988
vid4,193,6435,18,0.9153645038604736,0.6106593608856201,-0.04587186872959137,0.01173499133437872,0.02531525492668152,-0.031598567962646484,True,Right,0.946779191493988
vid4,193,6435,19,0.9341978430747986,0.6659915447235107,-0.04099137336015701,0.029030196368694305,0.038765378296375275,-0.020556867122650146,True,Right,0.946779191493988
vid4,193,6435,20,0.9356657862663269,0.7099266648292542,-0.037041075527668,0.033870942890644073,0.05175793915987015,-0.007574021816253662,True,Right,0.946779191493988
vid4,194,6468,0,0.7229089736938477,0.5546876192092896,1.4586356655854615e-07,-0.07382465153932571,0.024729929864406586,0.0005381256341934204,True,Right,0.9764701128005981
vid4,194,6468,1,0.7739712595939636,0.6187191605567932,0.03790741041302681,-0.053246766328811646,0.02541431598365307,0.025667212903499603,True,Right,0.9764701128005981
vid4,194,6468,2,0.8175168633460999,0.6322048306465149,0.04682603105902672,-0.03192800655961037,0.035035114735364914,0.05338066816329956,True,Right,0.9764701128005981
vid4,194,6468,3,0.8518092632293701,0.6526076793670654,0.043800272047519684,-0.01327184122055769,0.037948597222566605,0.08585919439792633,True,Right,0.9764701128005981
vid4,194,6468,4,0.8803932666778564,0.66682368516922,0.040847502648830414,0.00034971238346770406,0.035686638206243515,0.11762653291225433,True,Right,0.9764701128005981
vid4,194,6468,5,0.8609678745269775,0.48943084478378296,0.03296169266104698,-0.00037316058296710253,-0.009119019843637943,0.029376760125160217,True,Right,0.9764701128005981
vid4,194,6468,6,0.9355929493904114,0.5333523750305176,0.027849486097693443,0.022085772827267647,0.006101915612816811,0.03561989963054657,True,Right,0.9764701128005981
vid4,194,6468,7,0.9504443407058716,0.6099090576171875,0.02350369468331337,0.0337483249604702,0.023770533502101898,0.046903714537620544,True,Right,0.9764701128005981
vid4,194,6468,8,0.9485127329826355,0.6702065467834473,0.02167651616036892,0.03264765068888664,0.042338959872722626,0.049228180199861526,True,Right,0.9764701128005981
vid4,194,6468,9,0.861985981464386,0.4883526861667633,0.0054800501093268394,0.0021251393482089043,-0.007253248244524002,0.005823783576488495,True,Right,0.9764701128005981
vid4,194,6468,10,0.9493131637573242,0.5384995341300964,5.861806130269542e-05,0.03298984095454216,0.005179764702916145,0.007913276553153992,True,Right,0.9764701128005981
vid4,194,6468,11,0.965743362903595,0.6253513693809509,-0.0021681992802768946,0.042563240975141525,0.023209866136312485,0.01874728500843048,True,Right,0.9764701128005981
vid4,194,6468,12,0.9619229435920715,0.6885726451873779,-0.0028661414980888367,0.04514479264616966,0.0416535884141922,0.033286988735198975,True,Right,0.9764701128005981
vid4,194,6468,13,0.8588679432868958,0.5131646394729614,-0.020398808643221855,0.0006030399235896766,0.00414001801982522,-0.019657395780086517,True,Right,0.9764701128005981
vid4,194,6468,14,0.9449496865272522,0.5635764002799988,-0.022762345150113106,0.02659539319574833,0.01366045419126749,-0.01637621968984604,True,Right,0.9764701128005981
vid4,194,6468,15,0.9586734771728516,0.6496144533157349,-0.019356556236743927,0.03700520843267441,0.034383341670036316,-0.003926277160644531,True,Right,0.9764701128005981
vid4,194,6468,16,0.9515737891197205,0.7092406153678894,-0.017020829021930695,0.039346396923065186,0.05297527834773064,0.009311623871326447,True,Right,0.9764701128005981
vid4,194,6468,17,0.8530417680740356,0.5666672587394714,-0.04427541047334671,-0.009851537644863129,0.015092417597770691,-0.035275593400001526,True,Right,0.9764701128005981
vid4,194,6468,18,0.918880820274353,0.6144189834594727,-0.041111115366220474,0.01189041044563055,0.023892736062407494,-0.03140340745449066,True,Right,0.9764701128005981
vid4,194,6468,19,0.9290079474449158,0.6736111044883728,-0.03255264461040497,0.024378160014748573,0.04041608050465584,-0.018610358238220215,True,Right,0.9764701128005981
vid4,194,6468,20,0.9205239415168762,0.7202258706092834,-0.026644574478268623,0.02383878268301487,0.0535232238471508,-0.004806846380233765,True,Right,0.9764701128005981
vid4,195,6502,0,0.7282556891441345,0.5440740585327148,7.191644613158132e-08,-0.07856585085391998,0.01898667775094509,0.0040148161351680756,True,Right,0.9823402762413025
vid4,195,6502,1,0.7820860147476196,0.5897937417030334,0.04492052271962166,-0.05640621855854988,0.019386740401387215,0.028151605278253555,True,Right,0.9823402762413025
vid4,195,6502,2,0.8270788788795471,0.5997666716575623,0.055171139538288116,-0.032963089644908905,0.02677665278315544,0.05733570456504822,True,Right,0.9823402762413025
vid4,195,6502,3,0.860531747341156,0.6202099919319153,0.05166691541671753,-0.012631482444703579,0.028802532702684402,0.08970386534929276,True,Right,0.9823402762413025
vid4,195,6502,4,0.8887146711349487,0.6372353434562683,0.047575317323207855,0.0025531179271638393,0.02700408361852169,0.12048639357089996,True,Right,0.9823402762413025
vid4,195,6502,5,0.865150511264801,0.4897852838039398,0.032597027719020844,0.0008461521356366575,-0.00990747194737196,0.029509011656045914,True,Right,0.9823402762413025
vid4,195,6502,6,0.9420964121818542,0.5285784602165222,0.02427627705037594,0.024970198050141335,0.004314832389354706,0.035677582025527954,True,Right,0.9823402762413025
vid4,195,6502,7,0.9564089775085449,0.6044192314147949,0.020000340417027473,0.03686325252056122,0.021519651636481285,0.04754721373319626,True,Right,0.9823402762413025
vid4,195,6502,8,0.9520975947380066,0.6624572277069092,0.01988266594707966,0.03390578180551529,0.039679136127233505,0.05283375084400177,True,Right,0.9823402762413025
vid4,195,6502,9,0.8651410341262817,0.4908381402492523,0.001172056538052857,0.0017642512684687972,-0.00666846102103591,0.005753211677074432,True,Right,0.9823402762413025
vid4,195,6502,10,0.9538882970809937,0.5373373031616211,-0.006528966128826141,0.03609892725944519,0.005004440434277058,0.007129184901714325,True,Right,0.9823402762413025
vid4,195,6502,11,0.9669440388679504,0.6253218054771423,-0.0060921479016542435,0.04240640625357628,0.022392112761735916,0.019575446844100952,True,Right,0.9823402762413025
vid4,195,6502,12,0.9568812251091003,0.6837325096130371,-0.003380019450560212,0.0405765175819397,0.03990136459469795,0.03630411624908447,True,Right,0.9823402762413025
vid4,195,6502,13,0.8618109822273254,0.514351487159729,-0.028084542602300644,7.04572958056815e-05,0.004847989417612553,-0.019329354166984558,True,Right,0.9823402762413025
vid4,195,6502,14,0.9483171105384827,0.5653112530708313,-0.03218315914273262,0.027860330417752266,0.014956692233681679,-0.01626257598400116,True,Right,0.9823402762413025
vid4,195,6502,15,0.957126796245575,0.6532073020935059,-0.024123266339302063,0.03621239960193634,0.035377997905015945,-0.0029502511024475098,True,Right,0.9823402762413025
vid4,195,6502,16,0.9442625641822815,0.7087756395339966,-0.016759691759943962,0.03348822146654129,0.05187607929110527,0.013809245079755783,True,Right,0.9823402762413025
vid4,195,6502,17,0.8558883666992188,0.5633538365364075,-0.05468941852450371,-0.010758819989860058,0.015529165044426918,-0.03467300534248352,True,Right,0.9823402762413025
vid4,195,6502,18,0.9226089715957642,0.609581708908081,-0.05227290093898773,0.01118266861885786,0.02365785464644432,-0.03124946728348732,True,Right,0.9823402762413025
vid4,195,6502,19,0.9307954907417297,0.6705875396728516,-0.04082375019788742,0.023765044286847115,0.0405188612639904,-0.017363160848617554,True,Right,0.9823402762413025
vid4,195,6502,20,0.9190080165863037,0.7155150771141052,-0.03142307326197624,0.019618608057498932,0.05215185880661011,-0.003591299057006836,True,Right,0.9823402762413025
vid4,196,6535,0,0.7363899946212769,0.5320011377334595,1.1548729617061326e-07,-0.08058740943670273,0.01906079798936844,0.0073204003274440765,True,Right,0.9680920839309692
vid4,196,6535,1,0.7880567908287048,0.576378583908081,0.028814638033509254,-0.05731535330414772,0.018366577103734016,0.03166753053665161,True,Right,0.9680920839309692
vid4,196,6535,2,0.8349287509918213,0.5796191096305847,0.03276980295777321,-0.031582802534103394,0.025544896721839905,0.05749395489692688,True,Right,0.9680920839309692
vid4,196,6535,3,0.8691421151161194,0.5910648703575134,0.02603621408343315,-0.00943247601389885,0.025837719440460205,0.08471716940402985,True,Right,0.9680920839309692
vid4,196,6535,4,0.8985108137130737,0.6031668186187744,0.019572341814637184,0.005551980342715979,0.022008605301380157,0.11133678257465363,True,Right,0.9680920839309692
vid4,196,6535,5,0.871554434299469,0.47699764370918274,0.02000282146036625,0.0012116683647036552,-0.009748667478561401,0.028723839670419693,True,Right,0.9680920839309692
vid4,196,6535,6,0.9488310217857361,0.5177400708198547,0.006605136673897505,0.02698911726474762,0.004954522009938955,0.03417062759399414,True,Right,0.9680920839309692
vid4,196,6535,7,0.9594601392745972,0.5951002240180969,-0.002236819127574563,0.037822507321834564,0.023094279691576958,0.04575304687023163,True,Right,0.9680920839309692
vid4,196,6535,8,0.9511635303497314,0.6523500680923462,-0.005203935783356428,0.03257165849208832,0.04321098327636719,0.05479997768998146,True,Right,0.9680920839309692
vid4,196,6535,9,0.872535228729248,0.48012658953666687,-0.0036189351230859756,0.0021337768994271755,-0.006947125308215618,0.004872586578130722,True,Right,0.9680920839309692
vid4,196,6535,10,0.9574804306030273,0.5269412398338318,-0.01333160512149334,0.03618062287569046,0.00631646579131484,0.006468981504440308,True,Right,0.9680920839309692
vid4,196,6535,11,0.9675697684288025,0.6122817397117615,-0.017241446301341057,0.04174846038222313,0.025419792160391808,0.019053801894187927,True,Right,0.9680920839309692
vid4,196,6535,12,0.9576268196105957,0.6690335869789124,-0.01839408092200756,0.03809051215648651,0.042666245251894,0.03398898243904114,True,Right,0.9680920839309692
vid4,196,6535,13,0.8710712790489197,0.5067060589790344,-0.0264669731259346,-0.0004022100183647126,0.005020173732191324,-0.019039899110794067,True,Right,0.9680920839309692
vid4,196,6535,14,0.9513474702835083,0.5537852644920349,-0.031202033162117004,0.028574908152222633,0.014958241023123264,-0.015135608613491058,True,Right,0.9680920839309692
vid4,196,6535,15,0.9593200087547302,0.6366526484489441,-0.028309475630521774,0.03520774096250534,0.03644365817308426,-0.0025590062141418457,True,Right,0.9680920839309692
vid4,196,6535,16,0.947335422039032,0.6902111172676086,-0.025644056499004364,0.03239636868238449,0.053211573511362076,0.01203947514295578,True,Right,0.9680920839309692
vid4,196,6535,17,0.8668548464775085,0.5544750690460205,-0.048233598470687866,-0.011247399263083935,0.01620723307132721,-0.03245030343532562,True,Right,0.9680920839309692
vid4,196,6535,18,0.9251426458358765,0.5986523032188416,-0.04776197299361229,0.010036497376859188,0.024891898036003113,-0.028649140149354935,True,Right,0.9680920839309692
vid4,196,6535,19,0.9323683977127075,0.6546642780303955,-0.04136650636792183,0.020528824999928474,0.041372448205947876,-0.01531374454498291,True,Right,0.9680920839309692
vid4,196,6535,20,0.9215005040168762,0.6960015892982483,-0.03614937141537666,0.018530430272221565,0.05257558822631836,-0.0026825368404388428,True,Right,0.9680920839309692
vid4,197,6568,0,0.7481160759925842,0.5003681778907776,1.6275068048798857e-07,-0.08202587068080902,0.015541212633252144,0.015760507434606552,True,Right,0.9774048328399658
vid4,197,6568,1,0.7984046339988708,0.5252084136009216,0.026829494163393974,-0.05714655667543411,0.01416761614382267,0.0345010943710804,True,Right,0.9774048328399658
vid4,197,6568,2,0.8464285135269165,0.527244508266449,0.027730556204915047,-0.030483311042189598,0.020228605717420578,0.0602952241897583,True,Right,0.9774048328399658
vid4,197,6568,3,0.8831029534339905,0.5460556745529175,0.018756916746497154,-0.00554114393889904,0.020444408059120178,0.08620914816856384,True,Right,0.9774048328399658
vid4,197,6568,4,0.9126566052436829,0.5631594061851501,0.010012197308242321,0.010308478958904743,0.017526157200336456,0.11159254610538483,True,Right,0.9774048328399658
vid4,197,6568,5,0.8779926300048828,0.446487158536911,0.009655280038714409,0.0024699994828552008,-0.010591375641524792,0.027262739837169647,True,Right,0.9774048328399658
vid4,197,6568,6,0.9580610394477844,0.48658519983291626,-0.007277562282979488,0.028607461601495743,0.005561408586800098,0.03231115639209747,True,Right,0.9774048328399658
vid4,197,6568,7,0.9703818559646606,0.5666278600692749,-0.017237858846783638,0.040348123759031296,0.023303912952542305,0.04251999408006668,True,Right,0.9774048328399658
vid4,197,6568,8,0.9613098502159119,0.626170814037323,-0.020054826512932777,0.03544117510318756,0.04440595954656601,0.052474748343229294,True,Right,0.9774048328399658
vid4,197,6568,9,0.8777540326118469,0.4499524235725403,-0.013581988401710987,0.0022380813024938107,-0.0069452435709536076,0.004720598459243774,True,Right,0.9774048328399658
vid4,197,6568,10,0.9665834903717041,0.4910324215888977,-0.026096286252141,0.03810011222958565,0.005175977014005184,0.004210837185382843,True,Right,0.9774048328399658
vid4,197,6568,11,0.9780936241149902,0.5776033401489258,-0.030085131525993347,0.04437132924795151,0.024979427456855774,0.014629632234573364,True,Right,0.9774048328399658
vid4,197,6568,12,0.9658546447753906,0.6335951685905457,-0.03099176660180092,0.04067118838429451,0.04073580354452133,0.029121965169906616,True,Right,0.9774048328399658
vid4,197,6568,13,0.8755046725273132,0.47509336471557617,-0.03576705977320671,-0.0008712034905329347,0.00555740250274539,-0.01786298304796219,True,Right,0.9774048328399658
vid4,197,6568,14,0.9584689736366272,0.5174081921577454,-0.04206811636686325,0.029380900785326958,0.015050297603011131,-0.015505224466323853,True,Right,0.9774048328399658
vid4,197,6568,15,0.9674049019813538,0.6019179224967957,-0.0390273779630661,0.03660820052027702,0.03575729951262474,-0.006058007478713989,True,Right,0.9774048328399658
vid4,197,6568,16,0.9535588622093201,0.6547184586524963,-0.03624438866972923,0.032912477850914,0.05268828943371773,0.006904643028974533,True,Right,0.9774048328399658
vid4,197,6568,17,0.871215283870697,0.5223099589347839,-0.056808870285749435,-0.013541294261813164,0.016828790307044983,-0.02977609634399414,True,Right,0.9774048328399658
vid4,197,6568,18,0.9315728545188904,0.5632650256156921,-0.05811772122979164,0.008980466984212399,0.02418709360063076,-0.0260617733001709,True,Right,0.9774048328399658
vid4,197,6568,19,0.9406629204750061,0.619918167591095,-0.0527048334479332,0.022799424827098846,0.040995873510837555,-0.01617574691772461,True,Right,0.9774048328399658
vid4,197,6568,20,0.9300607442855835,0.6608796119689941,-0.048105113208293915,0.01924430951476097,0.05184431001543999,-0.0036645978689193726,True,Right,0.9774048328399658
vid4,198,6602,0,0.7534639239311218,0.45711377263069153,1.8956265535052808e-07,-0.08523353934288025,0.018054664134979248,0.010697722434997559,True,Right,0.9794096350669861
vid4,198,6602,1,0.7957718968391418,0.4832088053226471,0.017167991027235985,-0.06075805425643921,0.015919266268610954,0.030525367707014084,True,Right,0.9794096350669861
vid4,198,6602,2,0.8432051539421082,0.488162636756897,0.015694977715611458,-0.03518899902701378,0.022606417536735535,0.05712437629699707,True,Right,0.9794096350669861
vid4,198,6602,3,0.8775936961174011,0.5075722932815552,0.006651921197772026,-0.010337404906749725,0.023141661658883095,0.08327050507068634,True,Right,0.9794096350669861
vid4,198,6602,4,0.9043047428131104,0.5261391401290894,-0.00140776252374053,0.005248465109616518,0.02022925205528736,0.10936303436756134,True,Right,0.9794096350669861
vid4,198,6602,5,0.8845685720443726,0.39385151863098145,0.005803766660392284,0.001865882077254355,-0.012623556889593601,0.027116043493151665,True,Right,0.9794096350669861
vid4,198,6602,6,0.9630901217460632,0.42991238832473755,-0.011385164223611355,0.030698556452989578,0.003644629381597042,0.0308353453874588,True,Right,0.9794096350669861
vid4,198,6602,7,0.9755722284317017,0.5084965229034424,-0.022871704772114754,0.04165482893586159,0.02185853198170662,0.04149167984724045,True,Right,0.9794096350669861
vid4,198,6602,8,0.9673666954040527,0.5671514272689819,-0.026727749034762383,0.03602052852511406,0.042735107243061066,0.04788701608777046,True,Right,0.9794096350669861
vid4,198,6602,9,0.8848788142204285,0.4010108411312103,-0.012537509202957153,0.00258834776468575,-0.0072701782919466496,0.004627354443073273,True,Right,0.9794096350669861
vid4,198,6602,10,0.9707784652709961,0.43775054812431335,-0.02445126697421074,0.04028288647532463,0.005026391241699457,0.0050922781229019165,True,Right,0.9794096350669861
vid4,198,6602,11,0.9850866198539734,0.5233617424964905,-0.03011111542582512,0.047731295228004456,0.025302069261670113,0.012900173664093018,True,Right,0.9794096350669861
vid4,198,6602,12,0.974736750125885,0.5814924836158752,-0.03209460526704788,0.04320685192942619,0.04237395524978638,0.026978790760040283,True,Right,0.9794096350669861
vid4,198,6602,13,0.8832464218139648,0.4287325441837311,-0.03066798858344555,-0.0004518966597970575,0.005613893736153841,-0.01799923926591873,True,Right,0.9794096350669861
vid4,198,6602,14,0.9633309841156006,0.46199023723602295,-0.03712497651576996,0.03181483596563339,0.014462510123848915,-0.015373528003692627,True,Right,0.9794096350669861
vid4,198,6602,15,0.9744881987571716,0.5450878739356995,-0.035767264664173126,0.03756565973162651,0.03610691428184509,-0.006541162729263306,True,Right,0.9794096350669861
vid4,198,6602,16,0.9628084897994995,0.5993095636367798,-0.03374449536204338,0.03440539538860321,0.05375932529568672,0.005898613482713699,True,Right,0.9794096350669861
vid4,198,6602,17,0.8794392943382263,0.47672581672668457,-0.048454929143190384,-0.013473770581185818,0.018285710364580154,-0.030400946736335754,True,Right,0.9794096350669861
vid4,198,6602,18,0.9375389218330383,0.5067762136459351,-0.05003701522946358,0.00984712690114975,0.024391887709498405,-0.02716785855591297,True,Right,0.9794096350669861
vid4,198,6602,19,0.9469748139381409,0.5618248581886292,-0.04490649700164795,0.023966390639543533,0.039662815630435944,-0.017332956194877625,True,Right,0.9794096350669861
vid4,198,6602,20,0.9360706806182861,0.6038545966148376,-0.03991540148854256,0.01979660429060459,0.05197928473353386,-0.003899306058883667,True,Right,0.9794096350669861
vid4,199,6635,0,0.7588260769844055,0.4004688262939453,2.2215364481326105e-07,-0.0844770297408104,0.026428841054439545,0.012363046407699585,True,Right,0.9462392330169678
vid4,199,6635,1,0.8001537322998047,0.4523686468601227,0.013992317952215672,-0.05965321138501167,0.027807071805000305,0.029097560793161392,True,Right,0.9462392330169678
vid4,199,6635,2,0.8463101983070374,0.4582921266555786,0.014717524871230125,-0.03423595800995827,0.03510860353708267,0.048375844955444336,True,Right,0.9462392330169678
vid4,199,6635,3,0.8852916955947876,0.47189176082611084,0.008628093637526035,-0.008399393409490585,0.03554929047822952,0.06370197236537933,True,Right,0.9462392330169678
vid4,199,6635,4,0.9143968224525452,0.48404765129089355,0.0045194076374173164,0.007960855029523373,0.031096898019313812,0.07899424433708191,True,Right,0.9462392330169678
vid4,199,6635,5,0.8892526626586914,0.3311932384967804,0.019192369654774666,-8.095339580904692e-05,-0.009695775806903839,0.025960758328437805,True,Right,0.9462392330169678
vid4,199,6635,6,0.964564859867096,0.3630846440792084,0.006653218995779753,0.029718536883592606,0.004765869118273258,0.028405755758285522,True,Right,0.9462392330169678
vid4,199,6635,7,0.9788983464241028,0.4413221776485443,-0.004809563513845205,0.04007131978869438,0.023616664111614227,0.0370662659406662,True,Right,0.9462392330169678
vid4,199,6635,8,0.9719628691673279,0.4994617700576782,-0.009464144706726074,0.035342127084732056,0.04431149363517761,0.03999938815832138,True,Right,0.9462392330169678
vid4,199,6635,9,0.8918188214302063,0.3323090076446533,0.0054194084368646145,0.0020031833555549383,-0.00755494786426425,0.004327557981014252,True,Right,0.9462392330169678
vid4,199,6635,10,0.9731652736663818,0.3664233684539795,-0.0012405066518113017,0.04015728086233139,0.005039605777710676,0.00601668655872345,True,Right,0.9462392330169678
vid4,199,6635,11,0.9870431423187256,0.4520755708217621,-0.007264844607561827,0.048113711178302765,0.024543151259422302,0.013452589511871338,True,Right,0.9462392330169678
vid4,199,6635,12,0.9807965755462646,0.5097766518592834,-0.01022814866155386,0.047088418155908585,0.04152587056159973,0.024844646453857422,True,Right,0.9462392330169678
vid4,199,6635,13,0.8932748436927795,0.35581234097480774,-0.00928014237433672,0.00032222529989667237,0.0031984809320420027,-0.017244085669517517,True,Right,0.9462392330169678
vid4,199,6635,14,0.9679912328720093,0.3863923251628876,-0.012175041250884533,0.03206087648868561,0.011283032596111298,-0.012639299035072327,True,Right,0.9462392330169678
vid4,199,6635,15,0.9816913604736328,0.4664590358734131,-0.012505622580647469,0.04023542255163193,0.03310714289546013,-0.00502467155456543,True,Right,0.9462392330169678
vid4,199,6635,16,0.9728481769561768,0.5208099484443665,-0.012485587038099766,0.04023922607302666,0.051154449582099915,0.005577120929956436,True,Right,0.9462392330169678
vid4,199,6635,17,0.8935230374336243,0.40285825729370117,-0.024168161675333977,-0.010398924350738525,0.016871783882379532,-0.029096901416778564,True,Right,0.9462392330169678
vid4,199,6635,18,0.9454343914985657,0.4349963068962097,-0.02309773676097393,0.01242749486118555,0.022226793691515923,-0.02629675902426243,True,Right,0.9462392330169678
vid4,199,6635,19,0.9555738568305969,0.4914923310279846,-0.019187284633517265,0.02596159651875496,0.03826534375548363,-0.015640482306480408,True,Right,0.9462392330169678
vid4,199,6635,20,0.9469015598297119,0.5357967615127563,-0.01570413075387478,0.02414836175739765,0.05080112814903259,-0.005176365375518799,True,Right,0.9462392330169678
vid4,200,6668,0,0.7665615081787109,0.341494083404541,1.28364689544469e-07,-0.08378192037343979,0.02804880030453205,0.016544442623853683,True,Right,0.9691394567489624
vid4,200,6668,1,0.8171902894973755,0.3802321255207062,0.03958563879132271,-0.05788479372859001,0.029007703065872192,0.03172774985432625,True,Right,0.9691394567489624
vid4,200,6668,2,0.8618044257164001,0.3813927471637726,0.05155394971370697,-0.031126314774155617,0.03475789353251457,0.053911805152893066,True,Right,0.9691394567489624
vid4,200,6668,3,0.8996394872665405,0.39216578006744385,0.05154823511838913,-0.005349684972316027,0.03234192728996277,0.06755274534225464,True,Right,0.9691394567489624
vid4,200,6668,4,0.9277706742286682,0.40082359313964844,0.0521809421479702,0.012117674574255943,0.028172172605991364,0.08026690781116486,True,Right,0.9691394567489624
vid4,200,6668,5,0.8941084146499634,0.26013579964637756,0.04836583510041237,-0.0006927188951522112,-0.01040700078010559,0.027267973870038986,True,Right,0.9691394567489624
vid4,200,6668,6,0.9682474136352539,0.28719672560691833,0.04500430449843407,0.027335241436958313,0.0024273553863167763,0.030174612998962402,True,Right,0.9691394567489624
vid4,200,6668,7,0.9819705486297607,0.3644784092903137,0.037919484078884125,0.03860374540090561,0.021317975595593452,0.038757070899009705,True,Right,0.9691394567489624
vid4,200,6668,8,0.9758076667785645,0.42131778597831726,0.035280268639326096,0.032924167811870575,0.041922882199287415,0.04347951337695122,True,Right,0.9691394567489624
vid4,200,6668,9,0.8981960415840149,0.2638627290725708,0.023936398327350616,0.00217469222843647,-0.008044141344726086,0.003968730568885803,True,Right,0.9691394567489624
vid4,200,6668,10,0.9789375066757202,0.2924943268299103,0.0255777295678854,0.03846832364797592,0.0028994944877922535,0.00820954144001007,True,Right,0.9691394567489624
vid4,200,6668,11,0.9902632832527161,0.37950122356414795,0.022605817764997482,0.04623223468661308,0.022977475076913834,0.015396445989608765,True,Right,0.9691394567489624
vid4,200,6668,12,0.9818056225776672,0.435623437166214,0.02092169038951397,0.04567381739616394,0.040065959095954895,0.029818803071975708,True,Right,0.9691394567489624
vid4,200,6668,13,0.9006306529045105,0.28762760758399963,0.00027084554312750697,0.0006314728525467217,0.004983448423445225,-0.01786893606185913,True,Right,0.9691394567489624
vid4,200,6668,14,0.9757624268531799,0.30997124314308167,0.005183128174394369,0.03296409919857979,0.010364295914769173,-0.012883726507425308,True,Right,0.9691394567489624
vid4,200,6668,15,0.988566517829895,0.3898969292640686,0.008809449151158333,0.04185103625059128,0.03343924134969711,-0.0043718814849853516,True,Right,0.9691394567489624
vid4,200,6668,16,0.9772865176200867,0.44593504071235657,0.010182661935687065,0.040948525071144104,0.049919597804546356,0.008501775562763214,True,Right,0.9691394567489624
vid4,200,6668,17,0.9031676650047302,0.33853021264076233,-0.021650582551956177,-0.009251413866877556,0.019216815009713173,-0.02973984181880951,True,Right,0.9691394567489624
vid4,200,6668,18,0.954678475856781,0.3635151982307434,-0.014022426679730415,0.012648151256144047,0.023230336606502533,-0.027622174471616745,True,Right,0.9691394567489624
vid4,200,6668,19,0.9630064964294434,0.4203609526157379,-0.006412952207028866,0.026505138725042343,0.039386045187711716,-0.017220452427864075,True,Right,0.9691394567489624
vid4,200,6668,20,0.9522908329963684,0.467327743768692,-0.0013959375210106373,0.023983627557754517,0.0534905344247818,-0.006343334913253784,True,Right,0.9691394567489624
vid4,201,6702,0,0.7718060612678528,0.2727951109409332,1.8454116457178316e-07,-0.08207904547452927,0.033214371651411057,0.015591651201248169,True,Right,0.9484434127807617
vid4,201,6702,1,0.8238559365272522,0.31767210364341736,0.03129846975207329,-0.05556373670697212,0.03370137885212898,0.03154502809047699,True,Right,0.9484434127807617
vid4,201,6702,2,0.8682836294174194,0.3114061951637268,0.041012559086084366,-0.028957171365618706,0.03722168877720833,0.052309855818748474,True,Right,0.9484434127807617
vid4,201,6702,3,0.9069004058837891,0.3136439025402069,0.04010269418358803,-0.002939843572676182,0.03343828022480011,0.06488138437271118,True,Right,0.9484434127807617
vid4,201,6702,4,0.9349222779273987,0.3178400695323944,0.040092065930366516,0.014771276153624058,0.028285440057516098,0.07451619952917099,True,Right,0.9484434127807617
vid4,201,6702,5,0.8992459177970886,0.18504104018211365,0.04356175288558006,-9.701247472548857e-05,-0.010507594794034958,0.02742014266550541,True,Right,0.9484434127807617
vid4,201,6702,6,0.9714363813400269,0.20675313472747803,0.03937935456633568,0.02807333506643772,0.0018082961905747652,0.029339522123336792,True,Right,0.9484434127807617
vid4,201,6702,7,0.9888620376586914,0.28006187081336975,0.031573399901390076,0.040539566427469254,0.02045619487762451,0.037365078926086426,True,Right,0.9484434127807617
vid4,201,6702,8,0.9872910380363464,0.3370516002178192,0.027855027467012405,0.03777598962187767,0.04108540341258049,0.03946886211633682,True,Right,0.9484434127807617
vid4,201,6702,9,0.9021534323692322,0.1864839345216751,0.02306434139609337,0.0019253500504419208,-0.008010362274944782,0.004324071109294891,True,Right,0.9484434127807617
vid4,201,6702,10,0.9799827337265015,0.21096529066562653,0.022861383855342865,0.03689839690923691,0.0021232436411082745,0.007180653512477875,True,Right,0.9484434127807617
vid4,201,6702,11,0.9953371286392212,0.2939662039279938,0.018428601324558258,0.04729767516255379,0.021259980276226997,0.013702750205993652,True,Right,0.9484434127807617
vid4,201,6702,12,0.9927007555961609,0.3513331115245819,0.01555135939270258,0.049716729670763016,0.038418591022491455,0.02686789631843567,True,Right,0.9484434127807617
vid4,201,6702,13,0.9041217565536499,0.2098054438829422,0.0025671322364360094,0.00034996046451851726,0.004452712833881378,-0.01832663267850876,True,Right,0.9484434127807617
vid4,201,6702,14,0.9774374961853027,0.2308339774608612,0.004668793175369501,0.03162946552038193,0.009587773121893406,-0.013290181756019592,True,Right,0.9484434127807617
vid4,201,6702,15,0.9921176433563232,0.30966129899024963,0.005716427695006132,0.042223986238241196,0.03268202394247055,-0.00619778037071228,True,Right,0.9484434127807617
vid4,201,6702,16,0.9844342470169067,0.3681492507457733,0.005721118301153183,0.04294164478778839,0.050109878182411194,0.005345415323972702,True,Right,0.9484434127807617
vid4,201,6702,17,0.9057532548904419,0.2580534517765045,-0.01677696965634823,-0.009744564071297646,0.018797380849719048,-0.0303574800491333,True,Right,0.9484434127807617
vid4,201,6702,18,0.956824541091919,0.28254321217536926,-0.01225700881332159,0.011796447448432446,0.022935837507247925,-0.02898094803094864,True,Right,0.9484434127807617
vid4,201,6702,19,0.966238260269165,0.3388143479824066,-0.007225498557090759,0.026294002309441566,0.038047559559345245,-0.018375888466835022,True,Right,0.9484434127807617
vid4,201,6702,20,0.9578261971473694,0.38826602697372437,-0.0036720787174999714,0.02491777390241623,0.05323024466633797,-0.007251456379890442,True,Right,0.9484434127807617
vid4,202,6735,0,0.7718053460121155,0.20094622671604156,2.2291800405582762e-07,-0.07879622280597687,0.03687940165400505,0.00982610136270523,True,Right,0.9578611254692078
vid4,202,6735,1,0.8233962655067444,0.2594524323940277,0.02130836620926857,-0.05411748215556145,0.037027508020401,0.028619321063160896,True,Right,0.9578611254692078
vid4,202,6735,2,0.8687273859977722,0.260593056678772,0.025315307080745697,-0.02728031948208809,0.042393527925014496,0.049932390451431274,True,Right,0.9578611254692078
vid4,202,6735,3,0.906147301197052,0.2702259421348572,0.02029036171734333,-0.002601530170068145,0.04195636883378029,0.06856344640254974,True,Right,0.9578611254692078
vid4,202,6735,4,0.9334411025047302,0.2784547507762909,0.01661568693816662,0.013237924315035343,0.03756126016378403,0.08508152514696121,True,Right,0.9578611254692078
vid4,202,6735,5,0.8989555239677429,0.11241460591554642,0.029722977429628372,-0.0008623881149105728,-0.010584695264697075,0.02852034568786621,True,Right,0.9578611254692078
vid4,202,6735,6,0.9700343608856201,0.1304853856563568,0.018967408686876297,0.027903351932764053,0.0019863215275108814,0.02962125837802887,True,Right,0.9578611254692078
vid4,202,6735,7,0.9887171983718872,0.20577578246593475,0.00661924434825778,0.040517959743738174,0.020787784829735756,0.03692375123500824,True,Right,0.9578611254692078
vid4,202,6735,8,0.9875823855400085,0.2655857801437378,5.0277791160624474e-05,0.038806479424238205,0.04145090654492378,0.03646184876561165,True,Right,0.9578611254692078
vid4,202,6735,9,0.900664210319519,0.11072742938995361,0.011180606670677662,0.0011156450491398573,-0.007904169149696827,0.005304377526044846,True,Right,0.9578611254692078
vid4,202,6735,10,0.9783523678779602,0.12951883673667908,0.004692094400525093,0.037690095603466034,0.000275399477686733,0.006168834865093231,True,Right,0.9578611254692078
vid4,202,6735,11,0.9976027607917786,0.21086351573467255,-0.0031276990193873644,0.04777056723833084,0.018127499148249626,0.011445179581642151,True,Right,0.9578611254692078
vid4,202,6735,12,0.9967180490493774,0.26847636699676514,-0.008056115359067917,0.05002954602241516,0.03604847192764282,0.022203654050827026,True,Right,0.9578611254692078
vid4,202,6735,13,0.9021961092948914,0.13243195414543152,-0.00800185464322567,0.0008683423511683941,0.0035816198214888573,-0.018990010023117065,True,Right,0.9578611254692078
vid4,202,6735,14,0.9759210348129272,0.14787065982818604,-0.01201705727726221,0.03132234886288643,0.007845568470656872,-0.014895893633365631,True,Right,0.9578611254692078
vid4,202,6735,15,0.9937159419059753,0.22627292573451996,-0.013506686314940453,0.042710233479738235,0.02900358848273754,-0.009751170873641968,True,Right,0.9578611254692078
vid4,202,6735,16,0.9886598587036133,0.28441983461380005,-0.014416342601180077,0.04462055489420891,0.04719634726643562,-0.0006202757358551025,True,Right,0.9578611254692078
vid4,202,6735,17,0.9037993550300598,0.17958267033100128,-0.02680736966431141,-0.008869190700352192,0.01786271296441555,-0.03249141573905945,True,Right,0.9578611254692078
vid4,202,6735,18,0.9561254382133484,0.2035193294286728,-0.02733650617301464,0.013544144108891487,0.021522998809814453,-0.030908886343240738,True,Right,0.9578611254692078
vid4,202,6735,19,0.9671977758407593,0.25982382893562317,-0.024031972512602806,0.028017167001962662,0.0349925272166729,-0.0216217041015625,True,Right,0.9578611254692078
vid4,202,6735,20,0.9603637456893921,0.30862346291542053,-0.02119748294353485,0.026558086276054382,0.05041813105344772,-0.011544257402420044,True,Right,0.9578611254692078
vid4,203,6768,0,0.7663866877555847,0.13965947926044464,2.4163296075130347e-07,-0.07549301534891129,0.03868172690272331,0.007472928613424301,True,Right,0.96989905834198
vid4,203,6768,1,0.8165469765663147,0.20653656125068665,0.013295244425535202,-0.049996268004179,0.0399506501853466,0.023543527349829674,True,Right,0.96989905834198
vid4,203,6768,2,0.8652126789093018,0.2134191244840622,0.012968692928552628,-0.02421477995812893,0.046739157289266586,0.044468432664871216,True,Right,0.96989905834198
vid4,203,6768,3,0.9037011861801147,0.23229393362998962,0.0047930702567100525,-0.0010789098450914025,0.05102021247148514,0.06569498032331467,True,Right,0.96989905834198
vid4,203,6768,4,0.934361457824707,0.24367788434028625,-0.00153945735655725,0.01500640343874693,0.047620341181755066,0.08641450107097626,True,Right,0.96989905834198
vid4,203,6768,5,0.8945357203483582,0.04709919914603233,0.01952657476067543,-0.0007778418948873878,-0.007462349254637957,0.02877882868051529,True,Right,0.96989905834198
vid4,203,6768,6,0.9665135741233826,0.05903061479330063,0.0037318780086934566,0.02813306823372841,0.0024123303592205048,0.02925567328929901,True,Right,0.96989905834198
vid4,203,6768,7,0.9876188635826111,0.13303351402282715,-0.011357272043824196,0.04155651479959488,0.017924008890986443,0.03358738124370575,True,Right,0.96989905834198
vid4,203,6768,8,0.9840207695960999,0.19364111125469208,-0.018764743581414223,0.04011610895395279,0.04001694172620773,0.03207957744598389,True,Right,0.96989905834198
vid4,203,6768,9,0.8949061036109924,0.043104272335767746,0.0033733409363776445,0.0008514279033988714,-0.008032567799091339,0.006316270679235458,True,Right,0.96989905834198
vid4,203,6768,10,0.9724799990653992,0.05775338411331177,-0.006870895158499479,0.037143781781196594,-0.001150272786617279,0.0047479793429374695,True,Right,0.96989905834198
vid4,203,6768,11,0.9936093091964722,0.13922126591205597,-0.015492064878344536,0.047542452812194824,0.016678832471370697,0.00654958188533783,True,Right,0.96989905834198
vid4,203,6768,12,0.9899904131889343,0.19745086133480072,-0.020327135920524597,0.047347236424684525,0.036293935030698776,0.016513794660568237,True,Right,0.96989905834198
vid4,203,6768,13,0.8955768942832947,0.0646241307258606,-0.014135927893221378,0.0016994914039969444,0.002781858667731285,-0.018443003296852112,True,Right,0.96989905834198
vid4,203,6768,14,0.9699239134788513,0.079222671687603,-0.021192828193306923,0.030186975374817848,0.0059025706723332405,-0.01676126942038536,True,Right,0.96989905834198
vid4,203,6768,15,0.9899185299873352,0.15683583915233612,-0.02232239954173565,0.04294470697641373,0.02758226916193962,-0.012648910284042358,True,Right,0.96989905834198
vid4,203,6768,16,0.9838619232177734,0.21282635629177094,-0.022064153105020523,0.043383609503507614,0.04539896175265312,-0.004815444350242615,True,Right,0.96989905834198
vid4,203,6768,17,0.8965985178947449,0.11117608100175858,-0.03200965374708176,-0.00711456686258316,0.01589982956647873,-0.03393228352069855,True,Right,0.96989905834198
vid4,203,6768,18,0.9517563581466675,0.13268882036209106,-0.034036293625831604,0.014368100091814995,0.01885669119656086,-0.032277800142765045,True,Right,0.96989905834198
vid4,203,6768,19,0.9664137363433838,0.18665321171283722,-0.030389439314603806,0.030691519379615784,0.03239238262176514,-0.02371266484260559,True,Right,0.96989905834198
vid4,203,6768,20,0.9601173400878906,0.23213300108909607,-0.026845308020710945,0.027855284512043,0.04759719967842102,-0.015716552734375,True,Right,0.96989905834198
vid4,204,6802,0,0.7641850113868713,0.08932209759950638,1.0536817995898673e-07,-0.07778678834438324,0.03203318268060684,-0.0034549422562122345,True,Right,0.9675154685974121
vid4,204,6802,1,0.8151201009750366,0.1590307503938675,0.01920723170042038,-0.05240080505609512,0.038173526525497437,0.017414869740605354,True,Right,0.9675154685974121
vid4,204,6802,2,0.860969066619873,0.16784216463565826,0.02272758260369301,-0.028309328481554985,0.04697766527533531,0.041834115982055664,True,Right,0.9675154685974121
vid4,204,6802,3,0.8933933973312378,0.18053027987480164,0.017383696511387825,-0.006826784927397966,0.05095066502690315,0.07125157862901688,True,Right,0.9675154685974121
vid4,204,6802,4,0.919406533241272,0.1820075511932373,0.012994829565286636,0.0072549148462712765,0.04282402992248535,0.10005585849285126,True,Right,0.9675154685974121
vid4,204,6802,5,0.8970046043395996,0.021165113896131516,0.026599301025271416,-0.00055933918338269,-0.0030378547962754965,0.03018847294151783,True,Right,0.9675154685974121
vid4,204,6802,6,0.9595637321472168,0.029059164226055145,0.014566210098564625,0.025811437517404556,0.0068503012880682945,0.030386462807655334,True,Right,0.9675154685974121
vid4,204,6802,7,0.9790302515029907,0.09322164207696915,0.0013876688899472356,0.03993014991283417,0.01897229626774788,0.03263936936855316,True,Right,0.9675154685974121
vid4,204,6802,8,0.9771549701690674,0.14462240040302277,-0.005668558180332184,0.03850826993584633,0.03896519914269447,0.02715102955698967,True,Right,0.9675154685974121
vid4,204,6802,9,0.8947786688804626,0.01231203880161047,0.007772229146212339,0.0012746797874569893,-0.00700201652944088,0.006778936833143234,True,Right,0.9675154685974121
vid4,204,6802,10,0.9692339897155762,0.017329074442386627,-0.0007301276782527566,0.035083021968603134,-0.0015892962692305446,0.005689740180969238,True,Right,0.9675154685974121
vid4,204,6802,11,0.9903801083564758,0.08476659655570984,-0.009748470038175583,0.046607855707407,0.013634339906275272,0.00421556830406189,True,Right,0.9675154685974121
vid4,204,6802,12,0.9863995313644409,0.13473930954933167,-0.015469980426132679,0.04667505994439125,0.030902842059731483,0.007608681917190552,True,Right,0.9675154685974121
vid4,204,6802,13,0.8943374752998352,0.02499675378203392,-0.011997913010418415,0.0015155102591961622,-0.0003009318606927991,-0.019213348627090454,True,Right,0.9675154685974121
vid4,204,6802,14,0.9656075239181519,0.028285834938287735,-0.018169153481721878,0.028244344517588615,0.0021804452408105135,-0.017165176570415497,True,Right,0.9675154685974121
vid4,204,6802,15,0.9847699403762817,0.09625548124313354,-0.02253362536430359,0.04017481580376625,0.02145092375576496,-0.015973955392837524,True,Right,0.9675154685974121
vid4,204,6802,16,0.9789790511131287,0.14589281380176544,-0.02503766119480133,0.04017788916826248,0.03864624723792076,-0.014642328023910522,True,Right,0.9675154685974121
vid4,204,6802,17,0.8950837850570679,0.06024535000324249,-0.031383879482746124,-0.00905558466911316,0.009408446960151196,-0.03632858395576477,True,Right,0.9675154685974121
vid4,204,6802,18,0.9494854211807251,0.06993576139211655,-0.032025374472141266,0.013566075824201107,0.012440310791134834,-0.03386634960770607,True,Right,0.9675154685974121
vid4,204,6802,19,0.9613550901412964,0.11925791203975677,-0.029195357114076614,0.02791759744286537,0.02596590295433998,-0.02746233344078064,True,Right,0.9675154685974121
vid4,204,6802,20,0.9523643255233765,0.16327349841594696,-0.02727942168712616,0.02381511963903904,0.04084660857915878,-0.02338901162147522,True,Right,0.9675154685974121
vid4,205,6835,0,0.7577918767929077,0.060766540467739105,3.638118073467922e-08,-0.08040833473205566,0.03312330320477486,-0.006323084235191345,True,Right,0.9840341210365295
vid4,205,6835,1,0.8084941506385803,0.12422297894954681,0.022806527093052864,-0.053462520241737366,0.039205897599458694,0.014991829171776772,True,Right,0.9840341210365295
vid4,205,6835,2,0.856073260307312,0.1290614902973175,0.029521681368350983,-0.029406316578388214,0.04559861123561859,0.03938302397727966,True,Right,0.9840341210365295
vid4,205,6835,3,0.8880529999732971,0.13544780015945435,0.02620377019047737,-0.008014925755560398,0.04776086285710335,0.06754149496555328,True,Right,0.9840341210365295
vid4,205,6835,4,0.9142821431159973,0.13073314726352692,0.023703254759311676,0.006832833401858807,0.03855719789862633,0.09153494238853455,True,Right,0.9840341210365295
vid4,205,6835,5,0.8933895230293274,0.0003042801981791854,0.038858264684677124,-0.0008402868406847119,-0.0009758879896253347,0.03116745315492153,True,Right,0.9840341210365295
vid4,205,6835,6,0.9497688412666321,-0.007839148864150047,0.029459571465849876,0.025154532864689827,0.004041152540594339,0.02904847264289856,True,Right,0.9840341210365295
vid4,205,6835,7,0.9674434661865234,0.04842891916632652,0.016397515311837196,0.037457145750522614,0.014346116222441196,0.027689635753631592,True,Right,0.9840341210365295
vid4,205,6835,8,0.9629931449890137,0.09768733382225037,0.009355925023555756,0.03424284979701042,0.032781217247247696,0.016903124749660492,True,Right,0.9840341210365295
vid4,205,6835,9,0.8935064077377319,-0.009597006253898144,0.018339741975069046,0.0014111961936578155,-0.006517669185996056,0.007823672145605087,True,Right,0.9840341210365295
vid4,205,6835,10,0.9591696858406067,-0.024243852123618126,0.01380922831594944,0.034210581332445145,-0.0041053881868720055,0.005198128521442413,True,Right,0.9840341210365295
vid4,205,6835,11,0.9799597859382629,0.034389641135931015,0.004311277996748686,0.0457899272441864,0.00902104564011097,-0.0010289400815963745,True,Right,0.9840341210365295
vid4,205,6835,12,0.9745826721191406,0.08385726809501648,-0.0023854344617575407,0.04653555154800415,0.026359520852565765,-0.0018843412399291992,True,Right,0.9840341210365295
vid4,205,6835,13,0.893255352973938,-0.004378749988973141,-0.0038078504148870707,0.002044819761067629,-0.0019468439277261496,-0.019806645810604095,True,Right,0.9840341210365295
vid4,205,6835,14,0.9564815759658813,-0.010821421630680561,-0.0055403560400009155,0.02721463143825531,0.00011776400788221508,-0.019414909183979034,True,Right,0.9840341210365295
vid4,205,6835,15,0.9750200510025024,0.04922366887331009,-0.010538419708609581,0.03801494091749191,0.017122797667980194,-0.019956260919570923,True,Right,0.9840341210365295
vid4,205,6835,16,0.9678954482078552,0.0958886668086052,-0.014760074205696583,0.037949591875076294,0.03366418182849884,-0.020979225635528564,True,Right,0.9840341210365295
vid4,205,6835,17,0.8929243683815002,0.020398389548063278,-0.025762740522623062,-0.008037443272769451,0.006829703226685524,-0.03893694281578064,True,Right,0.9840341210365295
vid4,205,6835,18,0.9412640333175659,0.02622808888554573,-0.02358260005712509,0.013179146684706211,0.008459297940135002,-0.037912383675575256,True,Right,0.9840341210365295
vid4,205,6835,19,0.953630805015564,0.07070689648389816,-0.021401643753051758,0.02702912874519825,0.02065725065767765,-0.034099698066711426,True,Right,0.9840341210365295
vid4,205,6835,20,0.9449707269668579,0.11115723848342896,-0.020648125559091568,0.02387414686381817,0.035702262073755264,-0.03341885656118393,True,Right,0.9840341210365295
vid4,206,6868,0,0.7520427107810974,0.04726764187216759,5.194551278009385e-08,-0.07662440836429596,0.0397532656788826,-0.006997358053922653,True,Right,0.9779326915740967
vid4,206,6868,1,0.8034664988517761,0.10571178048849106,0.030682429671287537,-0.04967593401670456,0.04346417635679245,0.014559799805283546,True,Right,0.9779326915740967
vid4,206,6868,2,0.8495763540267944,0.10264270752668381,0.04193844273686409,-0.026181533932685852,0.04733838140964508,0.03779953718185425,True,Right,0.9779326915740967
vid4,206,6868,3,0.8804423809051514,0.1112198755145073,0.04090030863881111,-0.004514844622462988,0.04945272579789162,0.06371887028217316,True,Right,0.9779326915740967
vid4,206,6868,4,0.9063698053359985,0.11069763451814651,0.03992956504225731,0.010743241757154465,0.04203951731324196,0.08206754922866821,True,Right,0.9779326915740967
vid4,206,6868,5,0.8837540149688721,-0.03662378340959549,0.05469187721610069,-0.0018483239691704512,-0.0017174488166347146,0.030775774270296097,True,Right,0.9779326915740967
vid4,206,6868,6,0.937089741230011,-0.04389842972159386,0.049556463956832886,0.024073084816336632,0.002755062887445092,0.027950942516326904,True,Right,0.9779326915740967
vid4,206,6868,7,0.9553584456443787,0.015326944179832935,0.03756316751241684,0.036363717168569565,0.013317515142261982,0.027126044034957886,True,Right,0.9779326915740967
vid4,206,6868,8,0.9519284963607788,0.070221908390522,0.03045293316245079,0.033633530139923096,0.03269709274172783,0.015147149562835693,True,Right,0.9779326915740967
vid4,206,6868,9,0.8851653337478638,-0.04355863854289055,0.03016263246536255,0.000982701312750578,-0.0068829720839858055,0.00743539072573185,True,Right,0.9779326915740967
vid4,206,6868,10,0.9472649097442627,-0.0519239604473114,0.028623191639780998,0.033043842762708664,-0.0023523152340203524,0.005427107214927673,True,Right,0.9779326915740967
vid4,206,6868,11,0.9676352739334106,0.00928281620144844,0.018084028735756874,0.04548988118767738,0.011680031195282936,-0.000399664044380188,True,Right,0.9779326915740967
vid4,206,6868,12,0.9620711803436279,0.062733955681324,0.010315227322280407,0.0464714951813221,0.029266681522130966,-0.0003670156002044678,True,Right,0.9779326915740967
vid4,206,6868,13,0.885658860206604,-0.03555072844028473,0.0040757921524345875,0.002593020908534527,-0.0014274581335484982,-0.01963205635547638,True,Right,0.9779326915740967
vid4,206,6868,14,0.9470248818397522,-0.038217779248952866,0.00532893743366003,0.02792328968644142,0.0017207043711096048,-0.018797773867845535,True,Right,0.9779326915740967
vid4,206,6868,15,0.9647635221481323,0.024513836950063705,0.00015979071031324565,0.039011355489492416,0.018632523715496063,-0.018919825553894043,True,Right,0.9779326915740967
vid4,206,6868,16,0.956881046295166,0.07367129623889923,-0.0045446474105119705,0.039509471505880356,0.035989630967378616,-0.020009741187095642,True,Right,0.9779326915740967
vid4,206,6868,17,0.8852925896644592,-0.008032695390284061,-0.021440843120217323,-0.005957850720733404,0.008035645820200443,-0.0392225980758667,True,Right,0.9779326915740967
vid4,206,6868,18,0.934927225112915,-0.0025697089731693268,-0.017083631828427315,0.016382969915866852,0.009409695863723755,-0.03820284083485603,True,Right,0.9779326915740967
vid4,206,6868,19,0.9473549127578735,0.043117545545101166,-0.01396716944873333,0.030316775664687157,0.021423913538455963,-0.034181445837020874,True,Right,0.9779326915740967
vid4,206,6868,20,0.9381456971168518,0.08630301803350449,-0.012755204923450947,0.026444708928465843,0.03733370825648308,-0.03343445062637329,True,Right,0.9779326915740967
vid4,207,6902,0,0.7481016516685486,0.03473839536309242,-3.8501273280644455e-09,-0.07582936435937881,0.03466278687119484,-0.011551540344953537,True,Right,0.9661328792572021
vid4,207,6902,1,0.7918251156806946,0.09026748687028885,0.04601132124662399,-0.05157299339771271,0.041250359266996384,0.009303364902734756,True,Right,0.9661328792572021
vid4,207,6902,2,0.841583788394928,0.09128337353467941,0.06853947788476944,-0.028181595727801323,0.04638045281171799,0.02958551049232483,True,Right,0.9661328792572021
vid4,207,6902,3,0.8740342855453491,0.1013900563120842,0.07562361657619476,-0.005000721663236618,0.0480525903403759,0.04579208046197891,True,Right,0.9661328792572021
vid4,207,6902,4,0.9022340774536133,0.10235989838838577,0.08104955404996872,0.011953135952353477,0.04164360463619232,0.058954738080501556,True,Right,0.9661328792572021
vid4,207,6902,5,0.8766668438911438,-0.034345775842666626,0.08765901625156403,-0.003929763101041317,0.0026203885208815336,0.02685399539768696,True,Right,0.9661328792572021
vid4,207,6902,6,0.9285497665405273,-0.03154581040143967,0.09845196455717087,0.020511971786618233,0.006944709923118353,0.027291595935821533,True,Right,0.9661328792572021
vid4,207,6902,7,0.9449470639228821,0.020009616389870644,0.09350576996803284,0.032857153564691544,0.015956195071339607,0.024485334753990173,True,Right,0.9661328792572021
vid4,207,6902,8,0.9442547559738159,0.06581927835941315,0.08868423104286194,0.03216690197587013,0.03457283973693848,0.009281538426876068,True,Right,0.9661328792572021
vid4,207,6902,9,0.8827765583992004,-0.044562291353940964,0.058689918369054794,0.0008583676535636187,-0.006134345196187496,0.008416950702667236,True,Right,0.9661328792572021
vid4,207,6902,10,0.9412157535552979,-0.050246771425008774,0.07061536610126495,0.032549720257520676,-0.0004037905018776655,0.0072976648807525635,True,Right,0.9661328792572021
vid4,207,6902,11,0.9592655301094055,0.004600379150360823,0.059631992131471634,0.04404250904917717,0.011121989227831364,-8.797645568847656e-05,True,Right,0.9661328792572021
vid4,207,6902,12,0.9526857137680054,0.05736658349633217,0.04944967105984688,0.04312468320131302,0.02883116900920868,-0.0062711238861083984,True,Right,0.9661328792572021
vid4,207,6902,13,0.8855575323104858,-0.04433738812804222,0.029010595753788948,0.0040477872826159,-0.0029553903732448816,-0.01667933166027069,True,Right,0.9661328792572021
vid4,207,6902,14,0.943190336227417,-0.04432184249162674,0.04163059964776039,0.02862674929201603,0.00037204555701464415,-0.014467664062976837,True,Right,0.9661328792572021
vid4,207,6902,15,0.9564589858055115,0.018817204982042313,0.03517291322350502,0.04003787040710449,0.018749745562672615,-0.015267521142959595,True,Right,0.9661328792572021
vid4,207,6902,16,0.9482415318489075,0.06830623000860214,0.02685577981173992,0.038184598088264465,0.0350601002573967,-0.019874300807714462,True,Right,0.9661328792572021
vid4,207,6902,17,0.8867570161819458,-0.02696343883872032,0.0011094840010628104,-0.0046636308543384075,0.004042170476168394,-0.035120993852615356,True,Right,0.9661328792572021
vid4,207,6902,18,0.9343811869621277,-0.014168677851557732,0.012443585321307182,0.019295623525977135,0.0066785020753741264,-0.034986481070518494,True,Right,0.9661328792572021
vid4,207,6902,19,0.943436324596405,0.03582516685128212,0.015218443237245083,0.0323047861456871,0.021224692463874817,-0.03207904100418091,True,Right,0.9661328792572021
vid4,207,6902,20,0.9333902597427368,0.07939760386943817,0.0142033901065588,0.029059188440442085,0.03620362654328346,-0.033689290285110474,True,Right,0.9661328792572021
vid4,208,6935,0,0.7454153299331665,0.027848396450281143,-1.2124449000339155e-08,-0.07389949262142181,0.0315961092710495,-0.012647770345211029,True,Right,0.9543530344963074
vid4,208,6935,1,0.7888796329498291,0.09525659680366516,0.0541946105659008,-0.05043615773320198,0.03995560482144356,0.009289197623729706,True,Right,0.9543530344963074
vid4,208,6935,2,0.8346757888793945,0.09675464034080505,0.07913955301046371,-0.029951056465506554,0.04737749695777893,0.03656500577926636,True,Right,0.9543530344963074
vid4,208,6935,3,0.8631436824798584,0.1078501045703888,0.08677638322114944,-0.0101779131218791,0.04931141436100006,0.060431063175201416,True,Right,0.9543530344963074
vid4,208,6935,4,0.8902003169059753,0.10995126515626907,0.09234997630119324,0.005549119785428047,0.045043107122182846,0.08179277181625366,True,Right,0.9543530344963074
vid4,208,6935,5,0.8745819926261902,-0.04190055653452873,0.09476969391107559,-0.0057256887666881084,0.0006442939047701657,0.027661623433232307,True,Right,0.9543530344963074
vid4,208,6935,6,0.9241083860397339,-0.03318430483341217,0.10826338082551956,0.01901335082948208,0.008246956393122673,0.030399397015571594,True,Right,0.9543530344963074
vid4,208,6935,7,0.9391846060752869,0.024777088314294815,0.10541325807571411,0.030507102608680725,0.01853669062256813,0.03059656172990799,True,Right,0.9543530344963074
vid4,208,6935,8,0.9362909197807312,0.07347137480974197,0.1019236296415329,0.028192494064569473,0.035890284925699234,0.018188655376434326,True,Right,0.9543530344963074
vid4,208,6935,9,0.880218505859375,-0.0545649528503418,0.06211356073617935,0.0005095177330076694,-0.006012298166751862,0.007576346397399902,True,Right,0.9543530344963074
vid4,208,6935,10,0.9371626973152161,-0.04765718802809715,0.0786137506365776,0.030593683943152428,0.002647425513714552,0.010242775082588196,True,Right,0.9543530344963074
vid4,208,6935,11,0.9537114500999451,0.013746833428740501,0.07118324190378189,0.040274981409311295,0.015357352793216705,0.005474910140037537,True,Right,0.9543530344963074
vid4,208,6935,12,0.945674479007721,0.06729824841022491,0.06304893642663956,0.03960101306438446,0.032574377954006195,0.003564685583114624,True,Right,0.9543530344963074
vid4,208,6935,13,0.883630633354187,-0.05040430277585983,0.029419999569654465,0.004589047748595476,-0.0016911772545427084,-0.017488352954387665,True,Right,0.9543530344963074
vid4,208,6935,14,0.9424376487731934,-0.042336445301771164,0.04546063393354416,0.029145875945687294,0.0031561930663883686,-0.013288736343383789,True,Right,0.9543530344963074
vid4,208,6935,15,0.9527890682220459,0.026936789974570274,0.04167431592941284,0.03821798413991928,0.02153191901743412,-0.012866705656051636,True,Right,0.9543530344963074
vid4,208,6935,16,0.9415954947471619,0.07828749716281891,0.034959398210048676,0.03605008125305176,0.038114842027425766,-0.014978483319282532,True,Right,0.9543530344963074
vid4,208,6935,17,0.88600754737854,-0.024567294865846634,-0.0010579228401184082,-0.003206696594133973,0.004930241499096155,-0.03715682029724121,True,Right,0.9543530344963074
vid4,208,6935,18,0.934460461139679,-0.006389346439391375,0.012238266877830029,0.020155835896730423,0.009136569686233997,-0.034814778715372086,True,Right,0.9543530344963074
vid4,208,6935,19,0.939115047454834,0.04858118295669556,0.01687365025281906,0.030035294592380524,0.025008652359247208,-0.03092828392982483,True,Right,0.9543530344963074
vid4,208,6935,20,0.9241002202033997,0.09469076991081238,0.01734023354947567,0.025270041078329086,0.04044634476304054,-0.029472410678863525,True,Right,0.9543530344963074
vid4,209,6968,0,0.7451896667480469,0.058248162269592285,-1.375027114391969e-08,-0.07701598107814789,0.033381592482328415,-0.014225095510482788,True,Right,0.9795177578926086
vid4,209,6968,1,0.7896552085876465,0.1194695457816124,0.035321228206157684,-0.05234721675515175,0.039371199905872345,0.010890457779169083,True,Right,0.9795177578926086
vid4,209,6968,2,0.8334147930145264,0.11926358193159103,0.049509163945913315,-0.029828589409589767,0.046853721141815186,0.03703626990318298,True,Right,0.9795177578926086
vid4,209,6968,3,0.8626394867897034,0.12674115598201752,0.05013057589530945,-0.008922997862100601,0.048085421323776245,0.06733829528093338,True,Right,0.9795177578926086
vid4,209,6968,4,0.8877761363983154,0.12878262996673584,0.049901608377695084,0.0069021922536194324,0.04414656385779381,0.09727899730205536,True,Right,0.9795177578926086
vid4,209,6968,5,0.8709239959716797,-0.004054423421621323,0.06511479616165161,-0.004680003505200148,0.0015151986153796315,0.028338320553302765,True,Right,0.9795177578926086
vid4,209,6968,6,0.9214992523193359,-0.007929909974336624,0.06714967638254166,0.022571278735995293,0.0052959732711315155,0.030070647597312927,True,Right,0.9795177578926086
vid4,209,6968,7,0.9397572875022888,0.04251527041196823,0.05944018438458443,0.036125365644693375,0.015206515789031982,0.027652308344841003,True,Right,0.9795177578926086
vid4,209,6968,8,0.9387393593788147,0.08968105912208557,0.054114583879709244,0.036351755261421204,0.03300122171640396,0.012688569724559784,True,Right,0.9795177578926086
vid4,209,6968,9,0.8735647797584534,-0.016400877386331558,0.03936390206217766,0.000494985084515065,-0.005216199439018965,0.007541365921497345,True,Right,0.9795177578926086
vid4,209,6968,10,0.9337273836135864,-0.022122440859675407,0.044111452996730804,0.03366706520318985,-0.0004187835438642651,0.006753817200660706,True,Right,0.9795177578926086
vid4,209,6968,11,0.9529339671134949,0.033188335597515106,0.03509623184800148,0.046159856021404266,0.012228538282215595,0.0006837546825408936,True,Right,0.9795177578926086
vid4,209,6968,12,0.9488014578819275,0.08505000174045563,0.02759399265050888,0.04728692024946213,0.02978616952896118,-0.00280153751373291,True,Right,0.9795177578926086
vid4,209,6968,13,0.8755642771720886,-0.015947535634040833,0.012525859288871288,0.0035442966036498547,-0.0030848095193505287,-0.018244624137878418,True,Right,0.9795177578926086
vid4,209,6968,14,0.9357413649559021,-0.012875421904027462,0.018953153863549232,0.02934395894408226,0.0025702824350446463,-0.016929812729358673,True,Right,0.9795177578926086
vid4,209,6968,15,0.9510257244110107,0.04980083554983139,0.014330900274217129,0.04033612459897995,0.02091299183666706,-0.018037140369415283,True,Right,0.9795177578926086
vid4,209,6968,16,0.9435988664627075,0.10039344429969788,0.008877563290297985,0.04093623906373978,0.038726650178432465,-0.020066116005182266,True,Right,0.9795177578926086
vid4,209,6968,17,0.8774179816246033,0.003536576870828867,-0.013523425906896591,-0.005152775906026363,0.004495537839829922,-0.038273438811302185,True,Right,0.9795177578926086
vid4,209,6968,18,0.9246751070022583,0.01510622538626194,-0.006013117730617523,0.018591217696666718,0.009638061746954918,-0.03571947291493416,True,Right,0.9795177578926086
vid4,209,6968,19,0.9342456459999084,0.06353044509887695,-0.002435408066958189,0.030413419008255005,0.022679774090647697,-0.0327066034078598,True,Right,0.9795177578926086
vid4,209,6968,20,0.924850344657898,0.10882944613695145,-0.0016653839265927672,0.029115725308656693,0.03822485730051994,-0.03237640857696533,True,Right,0.9795177578926086
vid4,210,7002,0,0.7439374923706055,0.07703683525323868,4.237652007077486e-08,-0.07527884095907211,0.033120933920145035,-0.0056799910962581635,True,Right,0.9817915558815002
vid4,210,7002,1,0.7864993810653687,0.14088134467601776,0.02113293670117855,-0.051266904920339584,0.037563975900411606,0.018597017973661423,True,Right,0.9817915558815002
vid4,210,7002,2,0.8302778005599976,0.14570142328739166,0.02506798319518566,-0.02965678833425045,0.04578430578112602,0.04158890247344971,True,Right,0.9817915558815002
vid4,210,7002,3,0.8592506051063538,0.1553850769996643,0.019861195236444473,-0.00939037837088108,0.04900055006146431,0.07180537283420563,True,Right,0.9817915558815002
vid4,210,7002,4,0.8836888074874878,0.1633092164993286,0.014932133257389069,0.001907498692162335,0.045486580580472946,0.10275092720985413,True,Right,0.9817915558815002
vid4,210,7002,5,0.8695551753044128,0.008854673244059086,0.024685949087142944,-0.0012601112248376012,-0.0019079099874943495,0.029455162584781647,True,Right,0.9817915558815002
vid4,210,7002,6,0.9262472987174988,0.005804968997836113,0.013392255641520023,0.025426123291254044,0.001947502139955759,0.029941976070404053,True,Right,0.9817915558815002
vid4,210,7002,7,0.9456095099449158,0.061134111136198044,0.0021012439392507076,0.03899604082107544,0.013659627176821232,0.030313774943351746,True,Right,0.9817915558815002
vid4,210,7002,8,0.9448767304420471,0.11339019984006882,-0.003749271621927619,0.03938566893339157,0.03221270069479942,0.02187955006957054,True,Right,0.9817915558815002
vid4,210,7002,9,0.8687446117401123,-0.0009030508226715028,0.0044481209479272366,0.0008228743099607527,-0.005604883190244436,0.007048778235912323,True,Right,0.9817915558815002
vid4,210,7002,10,0.9381684064865112,-0.005119754932820797,-0.005348994862288237,0.03466259315609932,-0.0028060046024620533,0.004163011908531189,True,Right,0.9817915558815002
vid4,210,7002,11,0.9579775333404541,0.058843158185482025,-0.013819762505590916,0.046430330723524094,0.010235592722892761,0.0025887489318847656,True,Right,0.9817915558815002
vid4,210,7002,12,0.9525810480117798,0.11298288404941559,-0.01836036518216133,0.04717510566115379,0.028545690700411797,0.005827844142913818,True,Right,0.9817915558815002
vid4,210,7002,13,0.8683067560195923,0.00800421740859747,-0.01621178165078163,0.002091139554977417,-0.0005829579895362258,-0.0190461203455925,True,Right,0.9817915558815002
vid4,210,7002,14,0.9369688034057617,0.00802411139011383,-0.02276073582470417,0.027881424874067307,0.0019600284285843372,-0.01923145353794098,True,Right,0.9817915558815002
vid4,210,7002,15,0.954918384552002,0.07331555336713791,-0.026698065921664238,0.0399644672870636,0.020229658111929893,-0.017778843641281128,True,Right,0.9817915558815002
vid4,210,7002,16,0.948850154876709,0.12463808059692383,-0.02858078107237816,0.04218604043126106,0.037047918885946274,-0.016698386520147324,True,Right,0.9817915558815002
vid4,210,7002,17,0.8684791922569275,0.03807995095849037,-0.036285292357206345,-0.008744526654481888,0.008429428562521935,-0.038254305720329285,True,Right,0.9817915558815002
vid4,210,7002,18,0.921075701713562,0.04463888704776764,-0.03795190155506134,0.014502370730042458,0.011570526286959648,-0.03578031063079834,True,Right,0.9817915558815002
vid4,210,7002,19,0.9340689778327942,0.0923730731010437,-0.03553179278969765,0.02822345495223999,0.023642295971512794,-0.029653340578079224,True,Right,0.9817915558815002
vid4,210,7002,20,0.927440345287323,0.13680604100227356,-0.033512163907289505,0.028229987248778343,0.03916940465569496,-0.02595527470111847,True,Right,0.9817915558815002
vid4,211,7035,0,0.739134669303894,0.09822956472635269,1.1230761032265946e-07,-0.07290922105312347,0.035254161804914474,-0.0025842376053333282,True,Right,0.9821673631668091
vid4,211,7035,1,0.7847140431404114,0.1711730808019638,0.016986552625894547,-0.04933265224099159,0.036673203110694885,0.021748878061771393,True,Right,0.9821673631668091
vid4,211,7035,2,0.8276159167289734,0.17355312407016754,0.01765706017613411,-0.02718133106827736,0.04541720077395439,0.04518887400627136,True,Right,0.9821673631668091
vid4,211,7035,3,0.8572100400924683,0.18053902685642242,0.00980706699192524,-0.008146625012159348,0.0470941886305809,0.07515280693769455,True,Right,0.9821673631668091
vid4,211,7035,4,0.8822453618049622,0.18451571464538574,0.0028499390464276075,0.002291714772582054,0.04164586588740349,0.10863138735294342,True,Right,0.9821673631668091
vid4,211,7035,5,0.8644186854362488,0.020829347893595695,0.015148657374083996,-0.0012973238481208682,-0.004305290523916483,0.029270188882946968,True,Right,0.9821673631668091
vid4,211,7035,6,0.9321078062057495,0.02957904152572155,0.00023166589380707592,0.02794264815747738,0.0021711706649512053,0.0329863578081131,True,Right,0.9821673631668091
vid4,211,7035,7,0.9513662457466125,0.09325657784938812,-0.011279182508587837,0.04130445793271065,0.016047576442360878,0.03929553180932999,True,Right,0.9821673631668091
vid4,211,7035,8,0.9471226334571838,0.14801985025405884,-0.015934444963932037,0.03945942968130112,0.03492021933197975,0.03583401069045067,True,Right,0.9821673631668091
vid4,211,7035,9,0.8619648218154907,0.013411201536655426,-0.0028358662966638803,0.0007262686849571764,-0.006043432280421257,0.006333779543638229,True,Right,0.9821673631668091
vid4,211,7035,10,0.9417586326599121,0.02586081251502037,-0.014741217717528343,0.037435855716466904,-0.0005829611327499151,0.006059572100639343,True,Right,0.9821673631668091
vid4,211,7035,11,0.9611235857009888,0.10125800967216492,-0.021448932588100433,0.04793473705649376,0.016098693013191223,0.010295957326889038,True,Right,0.9821673631668091
vid4,211,7035,12,0.9553848505020142,0.15827643871307373,-0.023998593911528587,0.04664197191596031,0.03570645675063133,0.019126325845718384,True,Right,0.9821673631668091
vid4,211,7035,13,0.8622145056724548,0.029499810189008713,-0.02128717489540577,0.0018063380848616362,0.00112217350397259,-0.018683038651943207,True,Right,0.9821673631668091
vid4,211,7035,14,0.9394813179969788,0.04390866309404373,-0.029232999309897423,0.029892489314079285,0.0058828420005738735,-0.01685652881860733,True,Right,0.9821673631668091
vid4,211,7035,15,0.9560110569000244,0.11761409044265747,-0.030524933710694313,0.03977951779961586,0.025278950110077858,-0.010532379150390625,True,Right,0.9821673631668091
vid4,211,7035,16,0.9471186995506287,0.17110656201839447,-0.029720967635512352,0.04042087495326996,0.04322249814867973,-0.0029636919498443604,True,Right,0.9821673631668091
vid4,211,7035,17,0.8642845749855042,0.06764929741621017,-0.03948545455932617,-0.007797618862241507,0.012035452760756016,-0.03651747107505798,True,Right,0.9821673631668091
vid4,211,7035,18,0.9221217632293701,0.08231108635663986,-0.04144160822033882,0.01593613810837269,0.015286708250641823,-0.03164767473936081,True,Right,0.9821673631668091
vid4,211,7035,19,0.93488609790802,0.13322597742080688,-0.03765749931335449,0.029726367443799973,0.028039870783686638,-0.022673308849334717,True,Right,0.9821673631668091
vid4,211,7035,20,0.9267804622650146,0.1771964579820633,-0.033991873264312744,0.027965949848294258,0.043393850326538086,-0.014390543103218079,True,Right,0.9821673631668091
vid4,212,7068,0,0.7388483285903931,0.13263538479804993,1.4543287818469253e-07,-0.06977961957454681,0.03806143254041672,-0.000813998281955719,True,Right,0.9877867102622986
vid4,212,7068,1,0.7846322655677795,0.19837942719459534,0.015162548050284386,-0.04942108318209648,0.0356241837143898,0.022985100746154785,True,Right,0.9877867102622986
vid4,212,7068,2,0.8286303281784058,0.20520098507404327,0.014043813571333885,-0.026073282584547997,0.04508053883910179,0.04456835985183716,True,Right,0.9877867102622986
vid4,212,7068,3,0.8619828820228577,0.21923615038394928,0.004533765837550163,-0.0061349146999418736,0.04723868891596794,0.07452477514743805,True,Right,0.9877867102622986
vid4,212,7068,4,0.8894007205963135,0.22227497398853302,-0.003655185690149665,0.006015513092279434,0.042965617030858994,0.10273873805999756,True,Right,0.9877867102622986
vid4,212,7068,5,0.8591567873954773,0.041200730949640274,0.011916366405785084,-0.0015512356767430902,-0.007593311369419098,0.028684306889772415,True,Right,0.9877867102622986
vid4,212,7068,6,0.9334436655044556,0.054608605802059174,-0.0055890753865242004,0.026478415355086327,0.0019045451190322638,0.03352326154708862,True,Right,0.9877867102622986
vid4,212,7068,7,0.9535967707633972,0.12641297280788422,-0.018972571939229965,0.03840132802724838,0.017408333718776703,0.03904856741428375,True,Right,0.9877867102622986
vid4,212,7068,8,0.9478374719619751,0.18749725818634033,-0.024103065952658653,0.03514000028371811,0.03543199226260185,0.03744593635201454,True,Right,0.9877867102622986
vid4,212,7068,9,0.8594321012496948,0.037604495882987976,-0.005696750245988369,0.00044653721852228045,-0.006673345807939768,0.006168946623802185,True,Right,0.9877867102622986
vid4,212,7068,10,0.9419252276420593,0.049717795103788376,-0.01636839658021927,0.035817310214042664,-0.0017498244997113943,0.007094874978065491,True,Right,0.9877867102622986
vid4,212,7068,11,0.9635974764823914,0.12765631079673767,-0.02294905111193657,0.04479820653796196,0.015276114456355572,0.011302202939987183,True,Right,0.9877867102622986
vid4,212,7068,12,0.9590728282928467,0.1871740072965622,-0.025899522006511688,0.04366137459874153,0.0323546826839447,0.019557952880859375,True,Right,0.9877867102622986
vid4,212,7068,13,0.8609433770179749,0.0596347413957119,-0.02397487685084343,0.0017462346004322171,0.002019447972998023,-0.019124247133731842,True,Right,0.9877867102622986
vid4,212,7068,14,0.9399743676185608,0.07549302279949188,-0.03159433230757713,0.028832197189331055,0.007474130019545555,-0.016686618328094482,True,Right,0.9877867102622986
vid4,212,7068,15,0.9584173560142517,0.1532726138830185,-0.032763779163360596,0.0392337404191494,0.026021119207143784,-0.01043081283569336,True,Right,0.9877867102622986
vid4,212,7068,16,0.9509517550468445,0.20903639495372772,-0.032203204929828644,0.039452578872442245,0.04459274187684059,-0.0022243186831474304,True,Right,0.9877867102622986
vid4,212,7068,17,0.8637104630470276,0.10527738928794861,-0.042206306010484695,-0.007339720148593187,0.01449345238506794,-0.03613859415054321,True,Right,0.9877867102622986
vid4,212,7068,18,0.9219099283218384,0.1271141767501831,-0.04544932395219803,0.015803489834070206,0.019600452855229378,-0.03078705444931984,True,Right,0.9877867102622986
vid4,212,7068,19,0.9349355101585388,0.17978501319885254,-0.04204876720905304,0.028129128739237785,0.032324839383363724,-0.022680163383483887,True,Right,0.9877867102622986
vid4,212,7068,20,0.9266773462295532,0.22396017611026764,-0.03831501305103302,0.02615494281053543,0.045066580176353455,-0.012343049049377441,True,Right,0.9877867102622986
vid4,213,7102,0,0.7393050193786621,0.1774219274520874,9.062038941465289e-08,-0.07101620733737946,0.03680288419127464,0.007304653525352478,True,Right,0.9813350439071655
vid4,213,7102,1,0.7902090549468994,0.24363669753074646,0.016890600323677063,-0.04856574535369873,0.034367527812719345,0.0288676954805851,True,Right,0.9813350439071655
vid4,213,7102,2,0.835394024848938,0.24671658873558044,0.016033358871936798,-0.023978106677532196,0.04291250929236412,0.049055635929107666,True,Right,0.9813350439071655
vid4,213,7102,3,0.8698350191116333,0.26123663783073425,0.006371561903506517,-0.0021464372985064983,0.04524530470371246,0.07392196357250214,True,Right,0.9813350439071655
vid4,213,7102,4,0.8965921401977539,0.26973119378089905,-0.002615836448967457,0.01036052592098713,0.04237005487084389,0.09553965926170349,True,Right,0.9813350439071655
vid4,213,7102,5,0.8637350797653198,0.09273926168680191,0.0106457294896245,-0.0007918484043329954,-0.009055058471858501,0.028282474726438522,True,Right,0.9813350439071655
vid4,213,7102,6,0.9366081953048706,0.10712970048189163,-0.007455248385667801,0.028025491163134575,0.0023165103048086166,0.03150033950805664,True,Right,0.9813350439071655
vid4,213,7102,7,0.9567697048187256,0.17844057083129883,-0.021262556314468384,0.041109614074230194,0.01931779272854328,0.03787901997566223,True,Right,0.9813350439071655
vid4,213,7102,8,0.9514756202697754,0.23907184600830078,-0.026967447251081467,0.03591137379407883,0.03923996537923813,0.03603646159172058,True,Right,0.9813350439071655
vid4,213,7102,9,0.8623867630958557,0.08908078819513321,-0.00848831981420517,0.00013280929124448448,-0.007088422309607267,0.006177566945552826,True,Right,0.9813350439071655
vid4,213,7102,10,0.9447617530822754,0.10455875843763351,-0.021438928321003914,0.03661401569843292,-0.0020254752598702908,0.004378214478492737,True,Right,0.9813350439071655
vid4,213,7102,11,0.9643983244895935,0.18440666794776917,-0.028828095644712448,0.04507961496710777,0.01680310256779194,0.010156869888305664,True,Right,0.9813350439071655
vid4,213,7102,12,0.9571195840835571,0.24366092681884766,-0.03173306956887245,0.042889270931482315,0.03404618427157402,0.019160330295562744,True,Right,0.9813350439071655
vid4,213,7102,13,0.8615484833717346,0.11141850799322128,-0.027914978563785553,0.0011086183367297053,0.0028601677622646093,-0.019189514219760895,True,Right,0.9813350439071655
vid4,213,7102,14,0.9416597485542297,0.12395988404750824,-0.03777115419507027,0.029359623789787292,0.007491991389542818,-0.017741627991199493,True,Right,0.9813350439071655
vid4,213,7102,15,0.9610305428504944,0.2017589956521988,-0.039604075253009796,0.04214613139629364,0.0255736131221056,-0.012246429920196533,True,Right,0.9813350439071655
vid4,213,7102,16,0.954007625579834,0.2579572796821594,-0.03894120082259178,0.04138273745775223,0.04430561512708664,-0.0028747618198394775,True,Right,0.9813350439071655
vid4,213,7102,17,0.8614658117294312,0.15895803272724152,-0.04682529345154762,-0.00897686742246151,0.015324526466429234,-0.0351891964673996,True,Right,0.9813350439071655
vid4,213,7102,18,0.921320915222168,0.1778164803981781,-0.05133765563368797,0.015055188909173012,0.020743506029248238,-0.030578795820474625,True,Right,0.9813350439071655
vid4,213,7102,19,0.936302125453949,0.23141495883464813,-0.047875307500362396,0.028833340853452682,0.03332636505365372,-0.02258041501045227,True,Right,0.9813350439071655
vid4,213,7102,20,0.9295074343681335,0.27790704369544983,-0.04397134855389595,0.026518110185861588,0.04657495394349098,-0.010895192623138428,True,Right,0.9813350439071655
vid4,214,7135,0,0.7396436929702759,0.22495655715465546,7.680343827587421e-08,-0.07508640736341476,0.03544659912586212,0.0035246387124061584,True,Right,0.9828331470489502
vid4,214,7135,1,0.7885432839393616,0.28504514694213867,0.0198596753180027,-0.052191879600286484,0.03309861198067665,0.028049513697624207,True,Right,0.9828331470489502
vid4,214,7135,2,0.8335037231445312,0.28534021973609924,0.02040414698421955,-0.02764858491718769,0.03982526436448097,0.05159690976142883,True,Right,0.9828331470489502
vid4,214,7135,3,0.8674291968345642,0.2952387034893036,0.01196634117513895,-0.004877524450421333,0.04015359655022621,0.08043619990348816,True,Right,0.9828331470489502
vid4,214,7135,4,0.8942691683769226,0.30040764808654785,0.003989105578511953,0.00841688271611929,0.035918597131967545,0.10565480589866638,True,Right,0.9828331470489502
vid4,214,7135,5,0.8654939532279968,0.14460138976573944,0.01194123737514019,-0.0008166844490915537,-0.010159807279706001,0.029386751353740692,True,Right,0.9828331470489502
vid4,214,7135,6,0.938771665096283,0.16175314784049988,-0.004451724700629711,0.028238927945494652,0.0028619871009141207,0.03354176878929138,True,Right,0.9828331470489502
vid4,214,7135,7,0.9585199356079102,0.2334519624710083,-0.01684093289077282,0.04142093285918236,0.020487044006586075,0.040038540959358215,True,Right,0.9828331470489502
vid4,214,7135,8,0.9544137716293335,0.29304197430610657,-0.02192675694823265,0.03797834366559982,0.04104434326291084,0.039791736751794815,True,Right,0.9828331470489502
vid4,214,7135,9,0.8649427890777588,0.1428862065076828,-0.008019870147109032,0.00054492789786309,-0.007513744756579399,0.0064480602741241455,True,Right,0.9828331470489502
vid4,214,7135,10,0.946590781211853,0.16133977472782135,-0.02007797174155712,0.03719095513224602,-0.0005621172022074461,0.005222439765930176,True,Right,0.9828331470489502
vid4,214,7135,11,0.9662690162658691,0.24130380153656006,-0.026801811531186104,0.045964233577251434,0.019141631200909615,0.011631995439529419,True,Right,0.9828331470489502
vid4,214,7135,12,0.9596264362335205,0.30061909556388855,-0.02934245765209198,0.04406476393342018,0.036790575832128525,0.021606922149658203,True,Right,0.9828331470489502
vid4,214,7135,13,0.8642711043357849,0.166010320186615,-0.027837594971060753,0.0011235626880079508,0.0033707530237734318,-0.01980762928724289,True,Right,0.9828331470489502
vid4,214,7135,14,0.9420318007469177,0.18196800351142883,-0.03574183210730553,0.02972770296037197,0.00947826448827982,-0.017697639763355255,True,Right,0.9828331470489502
vid4,214,7135,15,0.9620662927627563,0.2580547034740448,-0.03700130805373192,0.04262954369187355,0.028204940259456635,-0.01109662652015686,True,Right,0.9828331470489502
vid4,214,7135,16,0.9567133784294128,0.3138936460018158,-0.03647323697805405,0.04303847998380661,0.04747095704078674,-0.001247204840183258,True,Right,0.9828331470489502
vid4,214,7135,17,0.8638757467269897,0.21329191327095032,-0.046934183686971664,-0.00939064659178257,0.016889307647943497,-0.036414921283721924,True,Right,0.9828331470489502
vid4,214,7135,18,0.9214792847633362,0.2324903905391693,-0.04961370304226875,0.014406071975827217,0.022278575226664543,-0.031995464116334915,True,Right,0.9828331470489502
vid4,214,7135,19,0.9370889663696289,0.2838871479034424,-0.04588329419493675,0.028815779834985733,0.03478902578353882,-0.023320555686950684,True,Right,0.9828331470489502
vid4,214,7135,20,0.9320470690727234,0.3295125961303711,-0.04205666109919548,0.027928892523050308,0.047809477895498276,-0.01036594808101654,True,Right,0.9828331470489502
vid4,215,7168,0,0.7396309971809387,0.2728458046913147,1.0127910599067036e-07,-0.08008003979921341,0.032582249492406845,0.004938744008541107,True,Right,0.9752197265625
vid4,215,7168,1,0.7874436974525452,0.3323054909706116,0.015158110298216343,-0.05589466542005539,0.031069369986653328,0.03066593036055565,True,Right,0.9752197265625
vid4,215,7168,2,0.8321887254714966,0.3280283808708191,0.013789433985948563,-0.029524700716137886,0.03562909737229347,0.054156750440597534,True,Right,0.9752197265625
vid4,215,7168,3,0.8685004711151123,0.3270348906517029,0.004621089901775122,-0.0046177092008292675,0.03203192353248596,0.08052948117256165,True,Right,0.9752197265625
vid4,215,7168,4,0.8978407979011536,0.32935911417007446,-0.0036846071016043425,0.009556573815643787,0.025306664407253265,0.10389196872711182,True,Right,0.9752197265625
vid4,215,7168,5,0.8664295673370361,0.20069825649261475,0.007702657487243414,-0.000332963332766667,-0.01074735727161169,0.02899453416466713,True,Right,0.9752197265625
vid4,215,7168,6,0.9399343729019165,0.2184973508119583,-0.008629168383777142,0.028887102380394936,0.0014217523857951164,0.033435970544815063,True,Right,0.9752197265625
vid4,215,7168,7,0.9588929414749146,0.2917579412460327,-0.020396260544657707,0.04183078557252884,0.021577635779976845,0.04077059030532837,True,Right,0.9752197265625
vid4,215,7168,8,0.9564806222915649,0.35066211223602295,-0.0254675205796957,0.03960023447871208,0.04130270704627037,0.04140783101320267,True,Right,0.9752197265625
vid4,215,7168,9,0.8662509918212891,0.19966915249824524,-0.009614340960979462,0.00044624440488405526,-0.00727229006588459,0.005602069199085236,True,Right,0.9752197265625
vid4,215,7168,10,0.9479832649230957,0.22028222680091858,-0.021950500085949898,0.038483090698719025,0.00035811596899293363,0.005742549896240234,True,Right,0.9752197265625
vid4,215,7168,11,0.9681330323219299,0.30112412571907043,-0.02821916714310646,0.046932172030210495,0.0198522936552763,0.012916848063468933,True,Right,0.9752197265625
vid4,215,7168,12,0.9650591611862183,0.36101868748664856,-0.03074607439339161,0.04707600176334381,0.037521231919527054,0.023131608963012695,True,Right,0.9752197265625
vid4,215,7168,13,0.8660016655921936,0.2226339876651764,-0.027153125032782555,0.0009896587580442429,0.00420894380658865,-0.019940786063671112,True,Right,0.9752197265625
vid4,215,7168,14,0.9412229657173157,0.24399419128894806,-0.03490423038601875,0.03025268018245697,0.010299630463123322,-0.01696684956550598,True,Right,0.9752197265625
vid4,215,7168,15,0.9602396488189697,0.32099008560180664,-0.03584548458456993,0.042059920728206635,0.030555542558431625,-0.009455263614654541,True,Right,0.9752197265625
vid4,215,7168,16,0.9573173522949219,0.37785014510154724,-0.035589490085840225,0.044240958988666534,0.049372877925634384,0.0010960251092910767,True,Right,0.9752197265625
vid4,215,7168,17,0.8658379912376404,0.2683948576450348,-0.04457506164908409,-0.010346957482397556,0.01758551225066185,-0.03510919213294983,True,Right,0.9752197265625
vid4,215,7168,18,0.9209216237068176,0.29064667224884033,-0.04786647856235504,0.013830580748617649,0.023026559501886368,-0.031075045466423035,True,Right,0.9752197265625
vid4,215,7168,19,0.9363706707954407,0.3413279056549072,-0.045350201427936554,0.028082778677344322,0.03654273599386215,-0.02193722128868103,True,Right,0.9752197265625
vid4,215,7168,20,0.9337947964668274,0.385768860578537,-0.04258492961525917,0.029578225687146187,0.048042330890893936,-0.010246306657791138,True,Right,0.9752197265625
vid4,216,7202,0,0.7395859956741333,0.3251742124557495,1.5226954985791963e-07,-0.08064518123865128,0.028742332011461258,0.009138993918895721,True,Right,0.9781585931777954
vid4,216,7202,1,0.7870884537696838,0.3805648982524872,0.01550796814262867,-0.05377783253788948,0.027622941881418228,0.031882233917713165,True,Right,0.9781585931777954
vid4,216,7202,2,0.8313445448875427,0.37951913475990295,0.01245514489710331,-0.028934961184859276,0.03188244625926018,0.05574473738670349,True,Right,0.9781585931777954
vid4,216,7202,3,0.8664730191230774,0.3831510543823242,0.001495462958700955,-0.005540050100535154,0.03013279102742672,0.080202117562294,True,Right,0.9781585931777954
vid4,216,7202,4,0.8954945802688599,0.38941243290901184,-0.008918022736907005,0.009107109159231186,0.025854818522930145,0.10249178111553192,True,Right,0.9781585931777954
vid4,216,7202,5,0.8663976788520813,0.25652629137039185,0.0028654749039560556,0.0011361396173015237,-0.010787212289869785,0.028258956968784332,True,Right,0.9781585931777954
vid4,216,7202,6,0.9430818557739258,0.2797574996948242,-0.014986258931457996,0.030780453234910965,0.0019071910064667463,0.03329208493232727,True,Right,0.9781585931777954
vid4,216,7202,7,0.9628469347953796,0.35444724559783936,-0.026419254019856453,0.04430553317070007,0.020715823397040367,0.04101627320051193,True,Right,0.9781585931777954
vid4,216,7202,8,0.9607879519462585,0.41443318128585815,-0.03065641038119793,0.04266449436545372,0.04155733808875084,0.04280402138829231,True,Right,0.9781585931777954
vid4,216,7202,9,0.8646759986877441,0.2576429843902588,-0.015106810256838799,0.0010862253839150071,-0.006823075469583273,0.005209755152463913,True,Right,0.9781585931777954
vid4,216,7202,10,0.9489191174507141,0.28717270493507385,-0.029280660673975945,0.038957156240940094,0.0013545361580327153,0.005975246429443359,True,Right,0.9781585931777954
vid4,216,7202,11,0.9686405062675476,0.3701705038547516,-0.03483981266617775,0.048371776938438416,0.02056320756673813,0.014710351824760437,True,Right,0.9781585931777954
vid4,216,7202,12,0.9656317830085754,0.43042439222335815,-0.036056675016880035,0.04813234880566597,0.03764199838042259,0.02696177363395691,True,Right,0.9781585931777954
vid4,216,7202,13,0.8631877899169922,0.28182169795036316,-0.03291741758584976,-0.00038283050525933504,0.004461184144020081,-0.018968872725963593,True,Right,0.9781585931777954
vid4,216,7202,14,0.9409050941467285,0.3095579445362091,-0.04107876494526863,0.03036688081920147,0.010464351624250412,-0.015226475894451141,True,Right,0.9781585931777954
vid4,216,7202,15,0.9610961675643921,0.38606932759284973,-0.039926063269376755,0.04233447462320328,0.030370689928531647,-0.006503313779830933,True,Right,0.9781585931777954
vid4,216,7202,16,0.9586212635040283,0.4426559805870056,-0.037794068455696106,0.045290302485227585,0.04840478301048279,0.002519354224205017,True,Right,0.9781585931777954
vid4,216,7202,17,0.8615360260009766,0.3272492289543152,-0.05056246370077133,-0.012123451568186283,0.017621420323848724,-0.03366219997406006,True,Right,0.9781585931777954
vid4,216,7202,18,0.9178563356399536,0.35302382707595825,-0.05392010882496834,0.01245177909731865,0.022727707400918007,-0.029385482892394066,True,Right,0.9781585931777954
vid4,216,7202,19,0.9376159310340881,0.4025495648384094,-0.050111088901758194,0.028533361852169037,0.036019038408994675,-0.019572436809539795,True,Right,0.9781585931777954
vid4,216,7202,20,0.9390552043914795,0.4463198781013489,-0.045876700431108475,0.03271299973130226,0.04711161553859711,-0.008974134922027588,True,Right,0.9781585931777954
vid4,217,7235,0,0.7402351498603821,0.3751407265663147,1.523517738633018e-07,-0.08268401026725769,0.02629818581044674,0.006708905100822449,True,Right,0.982994794845581
vid4,217,7235,1,0.7845717072486877,0.42999643087387085,0.016564946621656418,-0.05672607943415642,0.02555537410080433,0.030416179448366165,True,Right,0.982994794845581
vid4,217,7235,2,0.8288879990577698,0.4318300783634186,0.015048249624669552,-0.03206901252269745,0.030203649774193764,0.05685776472091675,True,Right,0.982994794845581
vid4,217,7235,3,0.8638243079185486,0.4388474225997925,0.005694579798728228,-0.008880130015313625,0.029383355751633644,0.08602222800254822,True,Right,0.982994794845581
vid4,217,7235,4,0.8919413089752197,0.4486640989780426,-0.0031204926781356335,0.006157126743346453,0.026275772601366043,0.11076797544956207,True,Right,0.982994794845581
vid4,217,7235,5,0.8677860498428345,0.3105175197124481,0.005421210080385208,0.00029517876100726426,-0.012659654952585697,0.0290786474943161,True,Right,0.982994794845581
vid4,217,7235,6,0.9436055421829224,0.33877214789390564,-0.010891895741224289,0.02962794527411461,0.0024095845874398947,0.033566802740097046,True,Right,0.982994794845581
vid4,217,7235,7,0.9622227549552917,0.414998859167099,-0.02216516062617302,0.04256397485733032,0.021589305251836777,0.041461557149887085,True,Right,0.982994794845581
vid4,217,7235,8,0.9608988761901855,0.47665587067604065,-0.026913436129689217,0.04089877009391785,0.04317374899983406,0.04551310837268829,True,Right,0.982994794845581
vid4,217,7235,9,0.8675333857536316,0.31349948048591614,-0.01266575325280428,0.0013841359177604318,-0.0070249661803245544,0.004877928644418716,True,Right,0.982994794845581
vid4,217,7235,10,0.9505240321159363,0.34410759806632996,-0.025100132450461388,0.03871479630470276,0.0022900833282619715,0.006655097007751465,True,Right,0.982994794845581
vid4,217,7235,11,0.9714308381080627,0.427148699760437,-0.03134207800030708,0.048311688005924225,0.021494299173355103,0.014184772968292236,True,Right,0.982994794845581
vid4,217,7235,12,0.9705353379249573,0.4902019798755646,-0.033998895436525345,0.04966794326901436,0.03910528123378754,0.026212722063064575,True,Right,0.982994794845581
vid4,217,7235,13,0.8665105700492859,0.3388669192790985,-0.030471304431557655,-0.00020960999245289713,0.0050008101388812065,-0.01927708089351654,True,Right,0.982994794845581
vid4,217,7235,14,0.9423335194587708,0.36827191710472107,-0.037322573363780975,0.03026648797094822,0.011534950695931911,-0.015504062175750732,True,Right,0.982994794845581
vid4,217,7235,15,0.9631779193878174,0.4460781514644623,-0.037793658673763275,0.041949063539505005,0.03300635889172554,-0.00640377402305603,True,Right,0.982994794845581
vid4,217,7235,16,0.963046133518219,0.5049031376838684,-0.037712838500738144,0.04688454791903496,0.05168788135051727,0.002217750996351242,True,Right,0.982994794845581
vid4,217,7235,17,0.8650508522987366,0.38594913482666016,-0.048034876585006714,-0.011910608969628811,0.019193599000573158,-0.03409552574157715,True,Right,0.982994794845581
vid4,217,7235,18,0.920059084892273,0.4141232669353485,-0.05050224810838699,0.012701989151537418,0.024940168485045433,-0.02981843799352646,True,Right,0.982994794845581
vid4,217,7235,19,0.9381061792373657,0.46539121866226196,-0.047173917293548584,0.028182171285152435,0.03903258219361305,-0.01891830563545227,True,Right,0.982994794845581
vid4,217,7235,20,0.9393517971038818,0.5110158324241638,-0.044000741094350815,0.03271676227450371,0.05030897259712219,-0.007988333702087402,True,Right,0.982994794845581
vid4,218,7268,0,0.7413305044174194,0.42218419909477234,1.8173234650475933e-07,-0.08217699080705643,0.024074925109744072,0.011037707328796387,True,Right,0.9831302762031555
vid4,218,7268,1,0.787381649017334,0.476464182138443,0.014201774261891842,-0.055755410343408585,0.02376849763095379,0.033745165914297104,True,Right,0.9831302762031555
vid4,218,7268,2,0.8352763652801514,0.4752511978149414,0.011911192908883095,-0.03001771681010723,0.028209077194333076,0.05705484747886658,True,Right,0.9831302762031555
vid4,218,7268,3,0.8724170923233032,0.4787990152835846,0.0024814351927489042,-0.005396123509854078,0.026113567873835564,0.08170287311077118,True,Right,0.9831302762031555
vid4,218,7268,4,0.9031453132629395,0.48669469356536865,-0.0060661244206130505,0.01073078066110611,0.02221933752298355,0.10203902423381805,True,Right,0.9831302762031555
vid4,218,7268,5,0.8703334927558899,0.36214157938957214,0.0027074473910033703,0.0008823129464872181,-0.012674761936068535,0.028064467012882233,True,Right,0.9831302762031555
vid4,218,7268,6,0.9457687735557556,0.3964479863643646,-0.014047416858375072,0.02957158535718918,0.00393272889778018,0.03246358036994934,True,Right,0.9831302762031555
vid4,218,7268,7,0.9641400575637817,0.4725157618522644,-0.025178221985697746,0.042372092604637146,0.02312428317964077,0.041513048112392426,True,Right,0.9831302762031555
vid4,218,7268,8,0.9629132151603699,0.5327486991882324,-0.02984798140823841,0.04021003842353821,0.04364284500479698,0.047140754759311676,True,Right,0.9831302762031555
vid4,218,7268,9,0.8688214421272278,0.3640405833721161,-0.014207893051207066,0.0014586233301088214,-0.006993703544139862,0.004437938332557678,True,Right,0.9831302762031555
vid4,218,7268,10,0.9536572694778442,0.40044665336608887,-0.02804913930594921,0.03855506703257561,0.0035969174932688475,0.006105870008468628,True,Right,0.9831302762031555
vid4,218,7268,11,0.9742758274078369,0.48389214277267456,-0.034384652972221375,0.048899684101343155,0.022708995267748833,0.014715075492858887,True,Right,0.9831302762031555
vid4,218,7268,12,0.973252534866333,0.5463069081306458,-0.03671751916408539,0.05068492144346237,0.04052779823541641,0.028142452239990234,True,Right,0.9831302762031555
vid4,218,7268,13,0.866567075252533,0.38954365253448486,-0.030981900170445442,-0.00028895417926833034,0.004619782790541649,-0.019080452620983124,True,Right,0.9831302762031555
vid4,218,7268,14,0.9457725882530212,0.42252200841903687,-0.03922845795750618,0.030398346483707428,0.012109942734241486,-0.014577694237232208,True,Right,0.9831302762031555
vid4,218,7268,15,0.9666680693626404,0.5016353726387024,-0.03987593203783035,0.04190118610858917,0.03361889347434044,-0.005247265100479126,True,Right,0.9831302762031555
vid4,218,7268,16,0.9666754007339478,0.5604099631309509,-0.03950222209095955,0.04710634425282478,0.05309870094060898,0.005036294460296631,True,Right,0.9831302762031555
vid4,218,7268,17,0.8640774488449097,0.4367559552192688,-0.04759374260902405,-0.012556483037769794,0.01834488846361637,-0.032385796308517456,True,Right,0.9831302762031555
vid4,218,7268,18,0.9218181371688843,0.4686993956565857,-0.050845324993133545,0.011788787320256233,0.025112826377153397,-0.028153765946626663,True,Right,0.9831302762031555
vid4,218,7268,19,0.9403018355369568,0.5194318890571594,-0.04787421226501465,0.027767488732933998,0.03920973092317581,-0.0170305073261261,True,Right,0.9831302762031555
vid4,218,7268,20,0.9417781233787537,0.5630136132240295,-0.044848788529634476,0.032132215797901154,0.05021726340055466,-0.004522576928138733,True,Right,0.9831302762031555
vid4,219,7302,0,0.7419977188110352,0.4641534090042114,1.9511341520228598e-07,-0.08129885792732239,0.023088417947292328,0.015419654548168182,True,Right,0.9693740606307983
vid4,219,7302,1,0.7903377413749695,0.5177080631256104,0.012043889611959457,-0.05389240384101868,0.022994568571448326,0.03713912144303322,True,Right,0.9693740606307983
vid4,219,7302,2,0.8404178619384766,0.514177680015564,0.009516281075775623,-0.028221989050507545,0.027299273759126663,0.05820930004119873,True,Right,0.9693740606307983
vid4,219,7302,3,0.8792890906333923,0.5140557885169983,0.0005324018420651555,-0.0014559197006747127,0.02386668138206005,0.07877811789512634,True,Right,0.9693740606307983
vid4,219,7302,4,0.9130287170410156,0.5178171396255493,-0.007354378700256348,0.015090915374457836,0.018449625000357628,0.09568674862384796,True,Right,0.9693740606307983
vid4,219,7302,5,0.872897744178772,0.4098905920982361,0.0008191022789105773,0.001874827779829502,-0.012839855626225471,0.02788342535495758,True,Right,0.9693740606307983
vid4,219,7302,6,0.9474470615386963,0.44328853487968445,-0.01704135164618492,0.029248228296637535,0.00411852914839983,0.03160698711872101,True,Right,0.9693740606307983
vid4,219,7302,7,0.9651990532875061,0.5190562009811401,-0.028281401842832565,0.04215603694319725,0.024103373289108276,0.0416831448674202,True,Right,0.9693740606307983
vid4,219,7302,8,0.9647653102874756,0.578847348690033,-0.03280230984091759,0.040226180106401443,0.04450118914246559,0.04697604477405548,True,Right,0.9693740606307983
vid4,219,7302,9,0.8708702325820923,0.4111725687980652,-0.014980816282331944,0.0013407295336946845,-0.007137257140129805,0.004294741898775101,True,Right,0.9693740606307983
vid4,219,7302,10,0.9556823968887329,0.44671717286109924,-0.030024202540516853,0.037949103862047195,0.0038576312363147736,0.005117014050483704,True,Right,0.9693740606307983
vid4,219,7302,11,0.9770575761795044,0.5294193029403687,-0.03605635464191437,0.049663711339235306,0.02327774092555046,0.015046611428260803,True,Right,0.9693740606307983
vid4,219,7302,12,0.9780892729759216,0.5916451811790466,-0.03774895519018173,0.053250063210725784,0.041316308081150055,0.028588682413101196,True,Right,0.9693740606307983
vid4,219,7302,13,0.8671957850456238,0.4359695017337799,-0.030996540561318398,-0.000940578815061599,0.004832043778151274,-0.019315339624881744,True,Right,0.9693740606307983
vid4,219,7302,14,0.9469873905181885,0.4700286388397217,-0.04172057285904884,0.029368219897150993,0.012283923104405403,-0.01515350490808487,True,Right,0.9693740606307983
vid4,219,7302,15,0.9679825305938721,0.548808753490448,-0.04281378909945488,0.04151773452758789,0.03394223749637604,-0.00480690598487854,True,Right,0.9693740606307983
vid4,219,7302,16,0.9690895676612854,0.6076257228851318,-0.04185982421040535,0.047647248953580856,0.053304411470890045,0.007332123816013336,True,Right,0.9693740606307983
vid4,219,7302,17,0.8626312613487244,0.48281317949295044,-0.04683291167020798,-0.014044049195945263,0.01815725862979889,-0.032073572278022766,True,Right,0.9693740606307983
vid4,219,7302,18,0.9211006164550781,0.5162070989608765,-0.05252392217516899,0.009778458625078201,0.02467929758131504,-0.02856477163732052,True,Right,0.9693740606307983
vid4,219,7302,19,0.9396922588348389,0.5674349665641785,-0.05048820376396179,0.025864366441965103,0.039411600679159164,-0.016663342714309692,True,Right,0.9693740606307983
vid4,219,7302,20,0.941149115562439,0.6114240884780884,-0.047446854412555695,0.030232613906264305,0.05066744610667229,-0.0024068355560302734,True,Right,0.9693740606307983
vid4,220,7335,0,0.7418729662895203,0.5008054971694946,2.2482521444544545e-07,-0.07671298086643219,0.023663807660341263,0.01515856385231018,True,Right,0.9555164575576782
vid4,220,7335,1,0.7905061841011047,0.5692241191864014,0.009713367559015751,-0.05095930024981499,0.02412509359419346,0.03614111617207527,True,Right,0.9555164575576782
vid4,220,7335,2,0.8399231433868408,0.567625105381012,0.006358428858220577,-0.026138590648770332,0.029974451288580894,0.05689263343811035,True,Right,0.9555164575576782
vid4,220,7335,3,0.87750643491745,0.565025806427002,-0.0032648516353219748,-0.0013763962779194117,0.027013452723622322,0.07763984799385071,True,Right,0.9555164575576782
vid4,220,7335,4,0.9113737344741821,0.5657548308372498,-0.011499227955937386,0.013231401331722736,0.021552667021751404,0.0959247350692749,True,Right,0.9555164575576782
vid4,220,7335,5,0.8734025359153748,0.4504002630710602,0.0004945325199514627,0.0012463945895433426,-0.011211571283638477,0.02776232361793518,True,Right,0.9555164575576782
vid4,220,7335,6,0.947801411151886,0.4852783679962158,-0.01851755753159523,0.028101488947868347,0.0047244238667190075,0.03182701766490936,True,Right,0.9555164575576782
vid4,220,7335,7,0.964755654335022,0.5627835392951965,-0.030716165900230408,0.041170634329319,0.02503400482237339,0.042152807116508484,True,Right,0.9555164575576782
vid4,220,7335,8,0.9627666473388672,0.62247234582901,-0.03572889417409897,0.03796732425689697,0.04593535512685776,0.046499356627464294,True,Right,0.9555164575576782
vid4,220,7335,9,0.8709590435028076,0.4489709138870239,-0.014475503005087376,0.0012382098939269781,-0.007458788342773914,0.004983328282833099,True,Right,0.9555164575576782
vid4,220,7335,10,0.9569069743156433,0.48603174090385437,-0.03154945373535156,0.03669985011219978,0.0034273029305040836,0.0047310590744018555,True,Right,0.9555164575576782
vid4,220,7335,11,0.9771298170089722,0.5734901428222656,-0.03849022090435028,0.04886686056852341,0.024116555228829384,0.014769136905670166,True,Right,0.9555164575576782
vid4,220,7335,12,0.9758642911911011,0.6377653479576111,-0.04011218249797821,0.05202680826187134,0.04310612753033638,0.027795851230621338,True,Right,0.9555164575576782
vid4,220,7335,13,0.8674573302268982,0.4729729890823364,-0.030036911368370056,-0.0007520850049331784,0.004930525086820126,-0.019075550138950348,True,Right,0.9555164575576782
vid4,220,7335,14,0.9488073587417603,0.5098382234573364,-0.042784567922353745,0.02883722260594368,0.012256746180355549,-0.015844538807868958,True,Right,0.9555164575576782
vid4,220,7335,15,0.9691670536994934,0.5916693806648254,-0.044323328882455826,0.04150675982236862,0.03407895192503929,-0.005362123250961304,True,Right,0.9555164575576782
vid4,220,7335,16,0.9683181047439575,0.6510546207427979,-0.04290942847728729,0.04626469686627388,0.0527944341301918,0.006509564816951752,True,Right,0.9555164575576782
vid4,220,7335,17,0.8630316257476807,0.5209091901779175,-0.045601051300764084,-0.013175591826438904,0.01737554371356964,-0.03192007541656494,True,Right,0.9555164575576782
vid4,220,7335,18,0.9219246506690979,0.5580968260765076,-0.05265236273407936,0.010180080309510231,0.023944290354847908,-0.02853509411215782,True,Right,0.9555164575576782
vid4,220,7335,19,0.9393954277038574,0.6110458970069885,-0.05088302493095398,0.024991463869810104,0.03935783728957176,-0.017224818468093872,True,Right,0.9555164575576782
vid4,220,7335,20,0.9385765790939331,0.6551877856254578,-0.047576017677783966,0.02882038615643978,0.05085419863462448,-0.0026237517595291138,True,Right,0.9555164575576782
vid4,221,7368,0,0.7416800856590271,0.5287043452262878,2.1267997851737164e-07,-0.07853394001722336,0.021256504580378532,0.012070722877979279,True,Right,0.9738897085189819
vid4,221,7368,1,0.7894701361656189,0.5912911295890808,0.0142414141446352,-0.05367713049054146,0.020850619301199913,0.03424270823597908,True,Right,0.9738897085189819
vid4,221,7368,2,0.8360965847969055,0.5968502759933472,0.01059809047728777,-0.029948394745588303,0.02893688529729843,0.05868798494338989,True,Right,0.9738897085189819
vid4,221,7368,3,0.8718907237052917,0.6050636768341064,-0.0004120426601730287,-0.005995350889861584,0.028553549200296402,0.08536380529403687,True,Right,0.9738897085189819
vid4,221,7368,4,0.9022899270057678,0.6157992482185364,-0.010452875867486,0.007566025014966726,0.027287345379590988,0.11033512651920319,True,Right,0.9738897085189819
vid4,221,7368,5,0.8731895089149475,0.48177874088287354,0.0014415906043723226,0.0006162633653730154,-0.012667335569858551,0.0285855233669281,True,Right,0.9738897085189819
vid4,221,7368,6,0.9479075074195862,0.5180187821388245,-0.017387796193361282,0.028410272672772408,0.004955431446433067,0.033208832144737244,True,Right,0.9738897085189819
vid4,221,7368,7,0.9636861681938171,0.5964082479476929,-0.029656892642378807,0.04086858034133911,0.024816114455461502,0.04284065216779709,True,Right,0.9738897085189819
vid4,221,7368,8,0.9618985652923584,0.6570682525634766,-0.034985896199941635,0.037674181163311005,0.04712287336587906,0.04737458378076553,True,Right,0.9738897085189819
vid4,221,7368,9,0.8714105486869812,0.4812667667865753,-0.01687602512538433,0.0017567903269082308,-0.007852540351450443,0.0053304992616176605,True,Right,0.9738897085189819
vid4,221,7368,10,0.9573169946670532,0.5197631120681763,-0.03324513137340546,0.03726363182067871,0.004293309524655342,0.004347994923591614,True,Right,0.9738897085189819
vid4,221,7368,11,0.9761004447937012,0.6083424091339111,-0.03994590416550636,0.0484120175242424,0.02557707205414772,0.015415117144584656,True,Right,0.9738897085189819
vid4,221,7368,12,0.9739099740982056,0.673725962638855,-0.04210128262639046,0.05075056478381157,0.044900115579366684,0.029722869396209717,True,Right,0.9738897085189819
vid4,221,7368,13,0.8678147196769714,0.5057188272476196,-0.03522006422281265,-0.0009618676267564297,0.006077504251152277,-0.019557982683181763,True,Right,0.9738897085189819
vid4,221,7368,14,0.949780285358429,0.5461081266403198,-0.0459822379052639,0.029126742854714394,0.014065701514482498,-0.016402192413806915,True,Right,0.9738897085189819
vid4,221,7368,15,0.9689481258392334,0.629706621170044,-0.046191174536943436,0.04200052097439766,0.03675226494669914,-0.005476176738739014,True,Right,0.9738897085189819
vid4,221,7368,16,0.9679504632949829,0.6903337240219116,-0.044848207384347916,0.04576525092124939,0.056323710829019547,0.0077859461307525635,True,Right,0.9738897085189819
vid4,221,7368,17,0.8623620867729187,0.5550246238708496,-0.053314533084630966,-0.013214160688221455,0.019161425530910492,-0.03334951400756836,True,Right,0.9738897085189819
vid4,221,7368,18,0.9223315715789795,0.5954084396362305,-0.057351596653461456,0.01092856377363205,0.026545701548457146,-0.02990557812154293,True,Right,0.9738897085189819
vid4,221,7368,19,0.9391501545906067,0.6494837999343872,-0.05323513597249985,0.025541789829730988,0.04177550971508026,-0.017607539892196655,True,Right,0.9738897085189819
vid4,221,7368,20,0.9384118318557739,0.6940432190895081,-0.049184903502464294,0.029729945585131645,0.054288964718580246,-0.0027077943086624146,True,Right,0.9738897085189819
vid4,222,7402,0,0.7392922639846802,0.5426600575447083,1.5242996198594483e-07,-0.08032076805830002,0.017225075513124466,0.007314674556255341,True,Right,0.9919528961181641
vid4,222,7402,1,0.7843309044837952,0.5848928689956665,0.028841201215982437,-0.05938194692134857,0.014167639426887035,0.03163248300552368,True,Right,0.9919528961181641
vid4,222,7402,2,0.8298342823982239,0.5932769775390625,0.032659437507390976,-0.03482155129313469,0.02103295922279358,0.058098286390304565,True,Right,0.9919528961181641
vid4,222,7402,3,0.8645249009132385,0.613752007484436,0.026674531400203705,-0.012075183913111687,0.02194138988852501,0.09189420938491821,True,Right,0.9919528961181641
vid4,222,7402,4,0.8929372429847717,0.6309224367141724,0.02090328559279442,0.002575627062469721,0.020903844386339188,0.12056413292884827,True,Right,0.9919528961181641
vid4,222,7402,5,0.8704684376716614,0.4928344190120697,0.015649855136871338,-0.00038288591895252466,-0.015638595446944237,0.028076641261577606,True,Right,0.9919528961181641
vid4,222,7402,6,0.9466995596885681,0.5333623290061951,0.002731011714786291,0.026190102100372314,0.0020166346803307533,0.03566718101501465,True,Right,0.9919528961181641
vid4,222,7402,7,0.9633098244667053,0.6080282330513,-0.0050049773417413235,0.03966464847326279,0.019558381289243698,0.044103749096393585,True,Right,0.9919528961181641
vid4,222,7402,8,0.9605619311332703,0.6672684550285339,-0.007123089861124754,0.037681709975004196,0.04094298556447029,0.04900054633617401,True,Right,0.9919528961181641
vid4,222,7402,9,0.8719269037246704,0.49847832322120667,-0.00844938587397337,0.0025026604998856783,-0.00809683557599783,0.005505945533514023,True,Right,0.9919528961181641
vid4,222,7402,10,0.9604545831680298,0.5410174131393433,-0.018683791160583496,0.03743481636047363,0.004356144927442074,0.006564617156982422,True,Right,0.9919528961181641
vid4,222,7402,11,0.9789149761199951,0.6278603672981262,-0.022348519414663315,0.04866132512688637,0.024171920493245125,0.018345847725868225,True,Right,0.9919528961181641
vid4,222,7402,12,0.9733595848083496,0.6916486024856567,-0.02268981747329235,0.049670085310935974,0.04265225678682327,0.03333976864814758,True,Right,0.9919528961181641
vid4,222,7402,13,0.8691316843032837,0.5284243226051331,-0.0312679186463356,-0.0002302149950992316,0.00857467483729124,-0.01886584609746933,True,Right,0.9919528961181641
vid4,222,7402,14,0.952318012714386,0.5723305940628052,-0.036298464983701706,0.030036205425858498,0.016422852873802185,-0.015667542815208435,True,Right,0.9919528961181641
vid4,222,7402,15,0.9690876603126526,0.657551109790802,-0.03374684229493141,0.0424797460436821,0.0395432710647583,-0.0037239789962768555,True,Right,0.9919528961181641
vid4,222,7402,16,0.9642660617828369,0.7173083424568176,-0.031111828982830048,0.044521722942590714,0.05807579308748245,0.01101277768611908,True,Right,0.9919528961181641
vid4,222,7402,17,0.8636143803596497,0.5828313231468201,-0.05260297283530235,-0.012283883057534695,0.021624702960252762,-0.03227198123931885,True,Right,0.9919528961181641
vid4,222,7402,18,0.9276086688041687,0.6198626756668091,-0.05139553174376488,0.013667137362062931,0.028206665068864822,-0.029164183884859085,True,Right,0.9919528961181641
vid4,222,7402,19,0.942749559879303,0.6739485263824463,-0.04388195276260376,0.02753147855401039,0.043763190507888794,-0.018407076597213745,True,Right,0.9919528961181641
vid4,222,7402,20,0.9400483965873718,0.7187673449516296,-0.03784607723355293,0.031200286000967026,0.055122893303632736,-0.0027542561292648315,True,Right,0.9919528961181641
vid4,223,7435,0,0.7361907958984375,0.5547072291374207,1.408059659979699e-07,-0.07887758314609528,0.01468648947775364,0.011733576655387878,True,Right,0.989885687828064
vid4,223,7435,1,0.7854394912719727,0.5471958518028259,0.03275318071246147,-0.057891424745321274,0.009428135119378567,0.03263518959283829,True,Right,0.989885687828064
vid4,223,7435,2,0.8347026109695435,0.5436285138130188,0.03730399161577225,-0.032628532499074936,0.011018115095794201,0.058308541774749756,True,Right,0.989885687828064
vid4,223,7435,3,0.8699930310249329,0.5636174082756042,0.031769976019859314,-0.010561443865299225,0.009804551489651203,0.08915076404809952,True,Right,0.989885687828064
vid4,223,7435,4,0.8977552056312561,0.5860787034034729,0.026273835450410843,0.006504717282950878,0.009556676261126995,0.11071404814720154,True,Right,0.989885687828064
vid4,223,7435,5,0.865510880947113,0.48428940773010254,0.014272518455982208,0.0008734759758226573,-0.015536791644990444,0.025990113615989685,True,Right,0.989885687828064
vid4,223,7435,6,0.9432852268218994,0.525507926940918,0.0013081897050142288,0.023491304367780685,0.0007524730754084885,0.032310113310813904,True,Right,0.989885687828064
vid4,223,7435,7,0.9604619741439819,0.5996894240379333,-0.004663547035306692,0.03649475798010826,0.01783733256161213,0.043669819831848145,True,Right,0.989885687828064
vid4,223,7435,8,0.9583349227905273,0.6612462401390076,-0.005371000152081251,0.03726610541343689,0.037166234105825424,0.05400775000452995,True,Right,0.989885687828064
vid4,223,7435,9,0.868172287940979,0.4987439215183258,-0.011398538015782833,0.0024661938659846783,-0.007282392121851444,0.004672817885875702,True,Right,0.989885687828064
vid4,223,7435,10,0.9567447900772095,0.5391471982002258,-0.024546366184949875,0.03487832099199295,0.004656929988414049,0.005592815577983856,True,Right,0.989885687828064
vid4,223,7435,11,0.9753860235214233,0.6230570673942566,-0.02692214399576187,0.04542051628232002,0.022739343345165253,0.016896560788154602,True,Right,0.989885687828064
vid4,223,7435,12,0.9703014492988586,0.686491072177887,-0.025469504296779633,0.048633214086294174,0.04079263284802437,0.035867273807525635,True,Right,0.989885687828064
vid4,223,7435,13,0.8665030002593994,0.5315331816673279,-0.03523510694503784,0.0003789877810049802,0.008110670372843742,-0.017219677567481995,True,Right,0.989885687828064
vid4,223,7435,14,0.9510975480079651,0.5709471106529236,-0.04177962988615036,0.0285244919359684,0.016293128952383995,-0.014993809163570404,True,Right,0.989885687828064
vid4,223,7435,15,0.9693328142166138,0.6531410217285156,-0.03795287385582924,0.0410725362598896,0.037906378507614136,-0.0036779046058654785,True,Right,0.989885687828064
vid4,223,7435,16,0.9669638276100159,0.714013397693634,-0.03365210071206093,0.044541507959365845,0.055794794112443924,0.01211584359407425,True,Right,0.989885687828064
vid4,223,7435,17,0.8612030148506165,0.5858799815177917,-0.0572112537920475,-0.011031036265194416,0.021115299314260483,-0.02771177887916565,True,Right,0.989885687828064
vid4,223,7435,18,0.9293243288993835,0.6203107833862305,-0.05593710020184517,0.011355163529515266,0.02853112481534481,-0.025597039610147476,True,Right,0.989885687828064
vid4,223,7435,19,0.9471039175987244,0.6721750497817993,-0.04777352511882782,0.02926643006503582,0.0427100732922554,-0.015573382377624512,True,Right,0.989885687828064
vid4,223,7435,20,0.9472668170928955,0.7161034941673279,-0.040952254086732864,0.03245382010936737,0.05463261902332306,-0.002093598246574402,True,Right,0.989885687828064
vid4,224,7468,0,0.7346953749656677,0.5572216510772705,1.334365578031793e-07,-0.0816279724240303,0.014870299026370049,0.012375131249427795,True,Right,0.989012598991394
vid4,224,7468,1,0.7839236855506897,0.5490134954452515,0.0345759317278862,-0.06002335250377655,0.009313484653830528,0.03292657062411308,True,Right,0.989012598991394
vid4,224,7468,2,0.8330206871032715,0.5449053049087524,0.04010124132037163,-0.033348243683576584,0.010342532768845558,0.058860599994659424,True,Right,0.989012598991394
vid4,224,7468,3,0.8690738677978516,0.5642498135566711,0.03522919490933418,-0.010875753127038479,0.008753602392971516,0.08933804929256439,True,Right,0.989012598991394
vid4,224,7468,4,0.8974553346633911,0.5865269899368286,0.030036140233278275,0.006894777994602919,0.008792595006525517,0.11109933257102966,True,Right,0.989012598991394
vid4,224,7468,5,0.8645679950714111,0.4876199960708618,0.01676495373249054,7.288756751222536e-05,-0.01674538291990757,0.02636907994747162,True,Right,0.989012598991394
vid4,224,7468,6,0.9434489607810974,0.5241612195968628,0.005463754758238792,0.02512340247631073,0.00010183778795180842,0.03242288529872894,True,Right,0.989012598991394
vid4,224,7468,7,0.9618244171142578,0.5961901545524597,0.0006645903340540826,0.03966908156871796,0.016037311404943466,0.043161503970623016,True,Right,0.989012598991394
vid4,224,7468,8,0.9620279669761658,0.6554540395736694,0.0003884783654939383,0.04058966785669327,0.03652559965848923,0.05337515473365784,True,Right,0.989012598991394
vid4,224,7468,9,0.8677294850349426,0.5021311640739441,-0.009552229195833206,0.0024136353749781847,-0.0076832701452076435,0.004552610218524933,True,Right,0.989012598991394
vid4,224,7468,10,0.9571213722229004,0.5381776094436646,-0.02059009112417698,0.036600660532712936,0.0037979406770318747,0.005566410720348358,True,Right,0.989012598991394
vid4,224,7468,11,0.9768440127372742,0.6209468841552734,-0.021828528493642807,0.04853399842977524,0.022208034992218018,0.017846569418907166,True,Right,0.989012598991394
vid4,224,7468,12,0.9739028811454773,0.6828492879867554,-0.019978880882263184,0.05152140557765961,0.03910033404827118,0.03665277361869812,True,Right,0.989012598991394
vid4,224,7468,13,0.866111695766449,0.535165011882782,-0.03389550372958183,-8.199860894819722e-05,0.008956878446042538,-0.01732354611158371,True,Right,0.989012598991394
vid4,224,7468,14,0.9507792592048645,0.5703998804092407,-0.03882536292076111,0.029772471636533737,0.01598644256591797,-0.015259087085723877,True,Right,0.989012598991394
vid4,224,7468,15,0.9702487587928772,0.651505708694458,-0.03386048227548599,0.043811503797769547,0.03869912028312683,-0.0024909675121307373,True,Right,0.989012598991394
vid4,224,7468,16,0.969655454158783,0.711250364780426,-0.02931547537446022,0.047445643693208694,0.05473170801997185,0.014463409781455994,True,Right,0.989012598991394
vid4,224,7468,17,0.8611964583396912,0.589458167552948,-0.05629311874508858,-0.011012889444828033,0.022589150816202164,-0.028037697076797485,True,Right,0.989012598991394
vid4,224,7468,18,0.9282580614089966,0.6198347210884094,-0.054483454674482346,0.012811290100216866,0.029285870492458344,-0.026444459334015846,True,Right,0.989012598991394
vid4,224,7468,19,0.9473289847373962,0.670089066028595,-0.04614460468292236,0.03064642660319805,0.04355587437748909,-0.01530727744102478,True,Right,0.989012598991394
vid4,224,7468,20,0.9497023820877075,0.7127314805984497,-0.03941236436367035,0.035023417323827744,0.05357657000422478,-0.0017036646604537964,True,Right,0.989012598991394
vid4,225,7502,0,0.732806384563446,0.5520491600036621,1.6194412921777257e-07,-0.08070745319128036,0.01496418472379446,0.009241685271263123,True,Right,0.9894011616706848
vid4,225,7502,1,0.7810528874397278,0.5457446575164795,0.03512014448642731,-0.060175828635692596,0.010078814812004566,0.031495656818151474,True,Right,0.9894011616706848
vid4,225,7502,2,0.8288267254829407,0.5451552271842957,0.040864765644073486,-0.03403604030609131,0.011206871829926968,0.05832526087760925,True,Right,0.9894011616706848
vid4,225,7502,3,0.8644012808799744,0.5660673379898071,0.03608864173293114,-0.011632366105914116,0.009863805025815964,0.09086044877767563,True,Right,0.9894011616706848
vid4,225,7502,4,0.8938323855400085,0.5885265469551086,0.030900217592716217,0.005638469010591507,0.010267006233334541,0.11414095759391785,True,Right,0.9894011616706848
vid4,225,7502,5,0.8619735836982727,0.4859713613986969,0.017721086740493774,-8.26666655484587e-05,-0.016051800921559334,0.02625792846083641,True,Right,0.9894011616706848
vid4,225,7502,6,0.9416024684906006,0.5189101099967957,0.006504061631858349,0.024607036262750626,-0.0006665202672593296,0.03329382836818695,True,Right,0.9894011616706848
vid4,225,7502,7,0.963455855846405,0.5897427201271057,0.0016577545320615172,0.03961942717432976,0.015392020344734192,0.04407120496034622,True,Right,0.9894011616706848
vid4,225,7502,8,0.9663058519363403,0.6507848501205444,0.001263897051103413,0.043602265417575836,0.035454269498586655,0.0542449951171875,True,Right,0.9894011616706848
vid4,225,7502,9,0.8661463856697083,0.5001485347747803,-0.008919961750507355,0.002281879773363471,-0.007407815661281347,0.004754249006509781,True,Right,0.9894011616706848
vid4,225,7502,10,0.9553989768028259,0.5299592018127441,-0.020214300602674484,0.03643391653895378,0.002929119626060128,0.006291113793849945,True,Right,0.9894011616706848
vid4,225,7502,11,0.979587972164154,0.6111651062965393,-0.021624280139803886,0.04969250410795212,0.01981867104768753,0.018202826380729675,True,Right,0.9894011616706848
vid4,225,7502,12,0.979567289352417,0.6763400435447693,-0.019918210804462433,0.05564988777041435,0.03772382810711861,0.03574776649475098,True,Right,0.9894011616706848
vid4,225,7502,13,0.8655222654342651,0.5328164100646973,-0.0336451455950737,0.0004870014381594956,0.00831406656652689,-0.017339274287223816,True,Right,0.9894011616706848
vid4,225,7502,14,0.9500452280044556,0.5632612109184265,-0.03868719935417175,0.02994316630065441,0.015066861175000668,-0.014642030000686646,True,Right,0.9894011616706848
vid4,225,7502,15,0.9736672639846802,0.6418095827102661,-0.03455386310815811,0.044915057718753815,0.03630818799138069,-0.002378225326538086,True,Right,0.9894011616706848
vid4,225,7502,16,0.9765639901161194,0.7027756571769714,-0.030702224001288414,0.051730792969465256,0.05354442074894905,0.01289820671081543,True,Right,0.9894011616706848
vid4,225,7502,17,0.8614868521690369,0.5863960385322571,-0.05645085498690605,-0.010524080134928226,0.021848054602742195,-0.029197096824645996,True,Right,0.9894011616706848
vid4,225,7502,18,0.9274051785469055,0.6170719861984253,-0.05494370684027672,0.012675178237259388,0.029050972312688828,-0.02748199924826622,True,Right,0.9894011616706848
vid4,225,7502,19,0.9490939974784851,0.6652870178222656,-0.04748757183551788,0.031145896762609482,0.04281143471598625,-0.016035139560699463,True,Right,0.9894011616706848
vid4,225,7502,20,0.9540532827377319,0.7073439359664917,-0.04144052416086197,0.03753300756216049,0.05285530164837837,-0.0028028935194015503,True,Right,0.9894011616706848
vid4,226,7535,0,0.7314294576644897,0.5441155433654785,2.4809821752569405e-07,-0.08279681205749512,0.012845626100897789,0.005833834409713745,True,Right,0.9831691980361938
vid4,226,7535,1,0.7758176922798157,0.5181118249893188,0.029979633167386055,-0.0645267516374588,0.003672628430649638,0.028348196297883987,True,Right,0.9831691980361938
vid4,226,7535,2,0.8202304840087891,0.5150483846664429,0.03193598985671997,-0.03896213695406914,0.003011298133060336,0.056651026010513306,True,Right,0.9831691980361938
vid4,226,7535,3,0.8542276620864868,0.5300933122634888,0.024812621995806694,-0.016076896339654922,-0.00045126923942007124,0.09147234261035919,True,Right,0.9831691980361938
vid4,226,7535,4,0.8831900358200073,0.5508199334144592,0.01722516492009163,0.003925003111362457,-0.0015435336390510201,0.11163055896759033,True,Right,0.9831691980361938
vid4,226,7535,5,0.8554636836051941,0.4834018349647522,0.008902921341359615,-0.0011160774156451225,-0.018643248826265335,0.025187872350215912,True,Right,0.9831691980361938
vid4,226,7535,6,0.934373140335083,0.49598464369773865,-0.004580007400363684,0.025004560127854347,-0.007305498234927654,0.03300115466117859,True,Right,0.9831691980361938
vid4,226,7535,7,0.9673213958740234,0.551795244216919,-0.010564520955085754,0.04464368894696236,0.0064405822195112705,0.046140652149915695,True,Right,0.9831691980361938
vid4,226,7535,8,0.982207715511322,0.6057905554771423,-0.011526980437338352,0.05619427561759949,0.024705516174435616,0.05859815329313278,True,Right,0.9831691980361938
vid4,226,7535,9,0.8619064092636108,0.5011883974075317,-0.01532747596502304,0.0024009195622056723,-0.00775142339989543,0.004472494125366211,True,Right,0.9831691980361938
vid4,226,7535,10,0.9516905546188354,0.5099765062332153,-0.026847615838050842,0.038751646876335144,-0.0018166671507060528,0.00620848685503006,True,Right,0.9831691980361938
vid4,226,7535,11,0.9853478670120239,0.573660671710968,-0.027893921360373497,0.055854786187410355,0.01229450199753046,0.019841477274894714,True,Right,0.9831691980361938
vid4,226,7535,12,0.9952220320701599,0.6320286393165588,-0.026689624413847923,0.06939604133367538,0.02896989695727825,0.03845316171646118,True,Right,0.9831691980361938
vid4,226,7535,13,0.8632728457450867,0.53338623046875,-0.03783033415675163,0.0017919969977810979,0.009688138961791992,-0.0171433687210083,True,Right,0.9831691980361938
vid4,226,7535,14,0.9481155276298523,0.547450602054596,-0.04269464313983917,0.033422570675611496,0.01448786724358797,-0.014452323317527771,True,Right,0.9831691980361938
vid4,226,7535,15,0.979489266872406,0.6078952550888062,-0.038965560495853424,0.05256611853837967,0.02931591309607029,-0.0008476972579956055,True,Right,0.9831691980361938
vid4,226,7535,16,0.9915502667427063,0.6630539894104004,-0.036044031381607056,0.06302830576896667,0.045346714556217194,0.019053883850574493,True,Right,0.9831691980361938
vid4,226,7535,17,0.8600510358810425,0.5853529572486877,-0.05881013721227646,-0.00967214722186327,0.02560102939605713,-0.02670706808567047,True,Right,0.9831691980361938
vid4,226,7535,18,0.9260114431381226,0.6072966456413269,-0.0576186329126358,0.01401357538998127,0.03181519731879234,-0.02609330043196678,True,Right,0.9831691980361938
vid4,226,7535,19,0.9550350904464722,0.6469889879226685,-0.05148782208561897,0.0385308638215065,0.042035061866045,-0.015318349003791809,True,Right,0.9831691980361938
vid4,226,7535,20,0.9705541133880615,0.6847977638244629,-0.04666012153029442,0.04942408576607704,0.05304012447595596,0.0018026232719421387,True,Right,0.9831691980361938
vid4,227,7568,0,0.7175372838973999,0.5359303951263428,2.2525232168391085e-07,-0.08756517618894577,0.015026502311229706,-0.010067671537399292,True,Right,0.9395561814308167
vid4,227,7568,1,0.7534202337265015,0.5422050952911377,0.028031742200255394,-0.07191985845565796,0.009923826903104782,0.014332607388496399,True,Right,0.9395561814308167
vid4,227,7568,2,0.7912741899490356,0.5576732158660889,0.029894433915615082,-0.05180766060948372,0.013587030582129955,0.041132211685180664,True,Right,0.9395561814308167
vid4,227,7568,3,0.8212326765060425,0.5859519243240356,0.02190910466015339,-0.03054605983197689,0.01270071230828762,0.07860060036182404,True,Right,0.9395561814308167
vid4,227,7568,4,0.849875807762146,0.6128441691398621,0.013575011864304543,-0.008359032683074474,0.013793890364468098,0.09903086721897125,True,Right,0.9395561814308167
vid4,227,7568,5,0.8486855030059814,0.48972731828689575,0.022663259878754616,-0.003262168262153864,-0.016747979447245598,0.02560039609670639,True,Right,0.9395561814308167
vid4,227,7568,6,0.9149717092514038,0.4753569960594177,0.012389416806399822,0.023217977955937386,-0.01406292337924242,0.03374221920967102,True,Right,0.9395561814308167
vid4,227,7568,7,0.9547110199928284,0.5066002011299133,0.006235003005713224,0.045187536627054214,-0.005572376307100058,0.04323109984397888,True,Right,0.9395561814308167
vid4,227,7568,8,0.9812883734703064,0.5485093593597412,0.0042592547833919525,0.06488842517137527,0.008648947812616825,0.045445457100868225,True,Right,0.9395561814308167
vid4,227,7568,9,0.8569477200508118,0.4990389347076416,-0.0022326281759887934,0.0032985941506922245,-0.007676523178815842,0.005694478750228882,True,Right,0.9395561814308167
vid4,227,7568,10,0.9374889731407166,0.4871012568473816,-0.011212870478630066,0.03881797567009926,-0.007286958862096071,0.00925379991531372,True,Right,0.9395561814308167
vid4,227,7568,11,0.981084406375885,0.5272732377052307,-0.013229096308350563,0.06088970601558685,-0.00016039746697060764,0.01735202968120575,True,Right,0.9395561814308167
vid4,227,7568,12,1.0039100646972656,0.5761080384254456,-0.0131461126729846,0.08181776106357574,0.012529687024652958,0.0314614474773407,True,Right,0.9395561814308167
vid4,227,7568,13,0.8595213890075684,0.5283708572387695,-0.027011126279830933,0.003492051037028432,0.007823814637959003,-0.016582638025283813,True,Right,0.9395561814308167
vid4,227,7568,14,0.9408575892448425,0.5336844325065613,-0.03200609236955643,0.03628040850162506,0.00948348082602024,-0.013116538524627686,True,Right,0.9395561814308167
vid4,227,7568,15,0.9801289439201355,0.5792047381401062,-0.03000391460955143,0.0612020380795002,0.020645445212721825,-0.004316121339797974,True,Right,0.9395561814308167
vid4,227,7568,16,1.0017998218536377,0.6281492114067078,-0.02817760407924652,0.07745829969644547,0.035745322704315186,0.012432515621185303,True,Right,0.9395561814308167
vid4,227,7568,17,0.8572627902030945,0.5815458297729492,-0.05065379664301872,-0.007649620063602924,0.02320016548037529,-0.029444783926010132,True,Right,0.9395561814308167
vid4,227,7568,18,0.9224376082420349,0.5995040535926819,-0.05074850469827652,0.016607293859124184,0.029421968385577202,-0.030164742842316628,True,Right,0.9395561814308167
vid4,227,7568,19,0.9552775621414185,0.6351708769798279,-0.045750223100185394,0.04334923252463341,0.0391446091234684,-0.021773844957351685,True,Right,0.9395561814308167
vid4,227,7568,20,0.9756410121917725,0.6729398369789124,-0.0417097806930542,0.05910840630531311,0.05043547973036766,-0.008450210094451904,True,Right,0.9395561814308167
vid4,228,7602,0,0.7000272274017334,0.5348514914512634,2.836636099345924e-07,-0.08550723642110825,0.019995465874671936,-0.0012967735528945923,True,Right,0.873974084854126
vid4,228,7602,1,0.7289084792137146,0.5513327121734619,0.012533342465758324,-0.06989135593175888,0.016404204070568085,0.017282098531723022,True,Right,0.873974084854126
vid4,228,7602,2,0.7662885785102844,0.5656498074531555,0.007915130816400051,-0.048313312232494354,0.021018382161855698,0.04275432229042053,True,Right,0.873974084854126
vid4,228,7602,3,0.7998753190040588,0.5910617113113403,-0.0034106525126844645,-0.027978388592600822,0.02188560739159584,0.07224419713020325,True,Right,0.873974084854126
vid4,228,7602,4,0.8310183882713318,0.6083320379257202,-0.01431930623948574,-0.007028074003756046,0.021558577194809914,0.090194471180439,True,Right,0.873974084854126
vid4,228,7602,5,0.8273208141326904,0.48227840662002563,0.008674456737935543,-0.004136214964091778,-0.011871034279465675,0.023422926664352417,True,Right,0.873974084854126
vid4,228,7602,6,0.8909889459609985,0.45023441314697266,-0.006081705912947655,0.02206120453774929,-0.01215330045670271,0.030730992555618286,True,Right,0.873974084854126
vid4,228,7602,7,0.9312474131584167,0.4772759675979614,-0.01615055836737156,0.045015085488557816,-0.007674966007471085,0.03791650012135506,True,Right,0.873974084854126
vid4,228,7602,8,0.9591864347457886,0.5158721804618835,-0.02059965766966343,0.06323395669460297,0.005442914552986622,0.03817857801914215,True,Right,0.873974084854126
vid4,228,7602,9,0.8390653729438782,0.4868685305118561,-0.00934250745922327,0.003310484578832984,-0.006471333093941212,0.005480960011482239,True,Right,0.873974084854126
vid4,228,7602,10,0.9208517074584961,0.46621763706207275,-0.020905202254652977,0.03837835416197777,-0.00798828061670065,0.008150994777679443,True,Right,0.873974084854126
vid4,228,7602,11,0.9697033166885376,0.4977937638759613,-0.026533793658018112,0.06459061801433563,-0.004542880691587925,0.013292357325553894,True,Right,0.873974084854126
vid4,228,7602,12,0.9970001578330994,0.5364033579826355,-0.029372485354542732,0.08913183212280273,0.004508690908551216,0.02642151713371277,True,Right,0.873974084854126
vid4,228,7602,13,0.8445701003074646,0.5130553245544434,-0.028450632467865944,0.0034567788243293762,0.005639655515551567,-0.015367329120635986,True,Right,0.873974084854126
vid4,228,7602,14,0.927071750164032,0.5086228251457214,-0.03559637814760208,0.03642894700169563,0.004620825871825218,-0.01322317123413086,True,Right,0.873974084854126
vid4,228,7602,15,0.9720575213432312,0.5394308567047119,-0.03831562399864197,0.06474056839942932,0.012902064248919487,-0.008734643459320068,True,Right,0.873974084854126
vid4,228,7602,16,0.9990745186805725,0.5734513401985168,-0.04025432467460632,0.08503744751214981,0.021632246673107147,0.002836078405380249,True,Right,0.873974084854126
vid4,228,7602,17,0.8454843759536743,0.5614836812019348,-0.04756193235516548,-0.007292049005627632,0.016995888203382492,-0.027857303619384766,True,Right,0.873974084854126
vid4,228,7602,18,0.9096089005470276,0.5828623175621033,-0.050888050347566605,0.019142137840390205,0.02437332645058632,-0.02881656214594841,True,Right,0.873974084854126
vid4,228,7602,19,0.948093593120575,0.6140527725219727,-0.05067406967282295,0.04663554206490517,0.03344109654426575,-0.022352144122123718,True,Right,0.873974084854126
vid4,228,7602,20,0.9747174978256226,0.6454463005065918,-0.05025804415345192,0.06715833395719528,0.0406503789126873,-0.012388274073600769,True,Right,0.873974084854126
vid4,229,7635,0,0.6831121444702148,0.5212012529373169,2.004415335932208e-07,-0.08938135206699371,0.016870714724063873,0.01744259148836136,True,Right,0.9746602177619934
vid4,229,7635,1,0.7348231077194214,0.4777858555316925,0.026323352009058,-0.06590256094932556,0.002515672706067562,0.03323085606098175,True,Right,0.9746602177619934
vid4,229,7635,2,0.786953330039978,0.4642799496650696,0.028123585507273674,-0.037114016711711884,-0.0021648118272423744,0.05523553490638733,True,Right,0.9746602177619934
vid4,229,7635,3,0.8242313265800476,0.47188523411750793,0.021473485976457596,-0.009362852200865746,-0.006278349086642265,0.07466752827167511,True,Right,0.9746602177619934
vid4,229,7635,4,0.8540551662445068,0.49033498764038086,0.013880075886845589,0.01250715646892786,-0.007309912238270044,0.07524856925010681,True,Right,0.9746602177619934
vid4,229,7635,5,0.8127977252006531,0.438909649848938,0.011148310266435146,-0.0005697708111256361,-0.02168877236545086,0.02036454528570175,True,Right,0.9746602177619934
vid4,229,7635,6,0.8806470632553101,0.4186412990093231,-0.001751917414367199,0.026679350063204765,-0.01923486776649952,0.02470444142818451,True,Right,0.9746602177619934
vid4,229,7635,7,0.9185421466827393,0.4405113458633423,-0.008826960809528828,0.04710054770112038,-0.011758476495742798,0.035864464938640594,True,Right,0.9746602177619934
vid4,229,7635,8,0.9448948502540588,0.47229859232902527,-0.011511188000440598,0.06478343904018402,-0.0008958479738794267,0.04408452659845352,True,Right,0.9746602177619934
vid4,229,7635,9,0.8181491494178772,0.4604804217815399,-0.013206456787884235,0.0026189014315605164,-0.007690264843404293,0.0035569965839385986,True,Right,0.9746602177619934
vid4,229,7635,10,0.9013981819152832,0.44422629475593567,-0.02492179535329342,0.04021083191037178,-0.006566840689629316,-0.00019448250532150269,True,Right,0.9746602177619934
vid4,229,7635,11,0.9505813717842102,0.4682287275791168,-0.029207348823547363,0.0633382797241211,-0.004309313837438822,0.008270815014839172,True,Right,0.9746602177619934
vid4,229,7635,12,0.9807857871055603,0.49908044934272766,-0.03118479624390602,0.09000587463378906,0.00316149671562016,0.02451503276824951,True,Right,0.9746602177619934
vid4,229,7635,13,0.81828773021698,0.4994828701019287,-0.03684220835566521,0.001312460284680128,0.013084332458674908,-0.014066487550735474,True,Right,0.9746602177619934
vid4,229,7635,14,0.9034436345100403,0.49727508425712585,-0.04525803402066231,0.03555707633495331,0.013910356909036636,-0.014839455485343933,True,Right,0.9746602177619934
vid4,229,7635,15,0.9514119029045105,0.523993730545044,-0.047775354236364365,0.06559638679027557,0.01750078983604908,-0.009916126728057861,True,Right,0.9746602177619934
vid4,229,7635,16,0.9835528135299683,0.5533377528190613,-0.0494658499956131,0.08598636835813522,0.025163309648633003,0.007139574736356735,True,Right,0.9746602177619934
vid4,229,7635,17,0.8146204352378845,0.5595327615737915,-0.05877673625946045,-0.01016223058104515,0.030200127512216568,-0.020425885915756226,True,Right,0.9746602177619934
vid4,229,7635,18,0.8838241100311279,0.5794543027877808,-0.06255125999450684,0.01703294739127159,0.037379633635282516,-0.021419623866677284,True,Right,0.9746602177619934
vid4,229,7635,19,0.9223845601081848,0.6086688041687012,-0.060992561280727386,0.04618719220161438,0.04417748004198074,-0.014427289366722107,True,Right,0.9746602177619934
vid4,229,7635,20,0.9506354928016663,0.6364678740501404,-0.05993066728115082,0.06511329114437103,0.05044867843389511,-0.0044134557247161865,True,Right,0.9746602177619934
vid4,230,7668,0,0.6581817269325256,0.514892578125,1.9394563821606425e-07,-0.08946201205253601,0.018803242594003677,0.016012195497751236,True,Right,0.9694636464118958
vid4,230,7668,1,0.7070258259773254,0.47259485721588135,0.025166910141706467,-0.06490414589643478,0.005740887951105833,0.031785596162080765,True,Right,0.9694636464118958
vid4,230,7668,2,0.7589341998100281,0.45321258902549744,0.026944320648908615,-0.03671133145689964,-0.0007927233818918467,0.05560901761054993,True,Right,0.9694636464118958
vid4,230,7668,3,0.7957093715667725,0.4584842026233673,0.020944837480783463,-0.009587977081537247,-0.006047477945685387,0.07519684731960297,True,Right,0.9694636464118958
vid4,230,7668,4,0.8246637582778931,0.4786391854286194,0.013939937576651573,0.011352094821631908,-0.00579741969704628,0.07845157384872437,True,Right,0.9694636464118958
vid4,230,7668,5,0.7854394316673279,0.42713066935539246,0.00815363135188818,-0.0014795635361224413,-0.020446669310331345,0.020306456834077835,True,Right,0.9694636464118958
vid4,230,7668,6,0.8480119705200195,0.408442884683609,-0.004248694516718388,0.024138208478689194,-0.017780832946300507,0.023926764726638794,True,Right,0.9694636464118958
vid4,230,7668,7,0.8820158839225769,0.42824649810791016,-0.0110362209379673,0.043544989079236984,-0.012107807211577892,0.03400474414229393,True,Right,0.9694636464118958
vid4,230,7668,8,0.9070197939872742,0.45664364099502563,-0.014281261712312698,0.05955217778682709,-0.0005804255488328636,0.044481851160526276,True,Right,0.9694636464118958
vid4,230,7668,9,0.7918190360069275,0.44760003685951233,-0.015614147298038006,0.0024489741772413254,-0.00805345643311739,0.0037103891372680664,True,Right,0.9694636464118958
vid4,230,7668,10,0.8733134269714355,0.43197596073150635,-0.028627503663301468,0.03977939859032631,-0.005347062833607197,-0.0010766088962554932,True,Right,0.9694636464118958
vid4,230,7668,11,0.923111081123352,0.4508070647716522,-0.033178940415382385,0.06446916610002518,-0.004585791379213333,0.006317496299743652,True,Right,0.9694636464118958
vid4,230,7668,12,0.9562129378318787,0.47679707407951355,-0.035215605050325394,0.09239982813596725,0.0005438076914288104,0.021593868732452393,True,Right,0.9694636464118958
vid4,230,7668,13,0.7913013100624084,0.48539188504219055,-0.03836552053689957,0.0009817439131438732,0.012719795107841492,-0.013971388339996338,True,Right,0.9694636464118958
vid4,230,7668,14,0.8743493556976318,0.48339495062828064,-0.049041055142879486,0.03484486788511276,0.013209156692028046,-0.01490677148103714,True,Right,0.9694636464118958
vid4,230,7668,15,0.9228308200836182,0.5044156312942505,-0.05192052945494652,0.0663924589753151,0.01678680256009102,-0.00905996561050415,True,Right,0.9694636464118958
vid4,230,7668,16,0.9575342535972595,0.5275891423225403,-0.05332206189632416,0.08810801804065704,0.02261948212981224,0.004196032881736755,True,Right,0.9694636464118958
vid4,230,7668,17,0.7852219343185425,0.5438446402549744,-0.05926115810871124,-0.01054835133254528,0.029777344316244125,-0.020776107907295227,True,Right,0.9694636464118958
vid4,230,7668,18,0.8522701263427734,0.5650497674942017,-0.0641159787774086,0.01731407642364502,0.037478022277355194,-0.021020028740167618,True,Right,0.9694636464118958
vid4,230,7668,19,0.8899325132369995,0.5920512676239014,-0.0621647872030735,0.044944677501916885,0.04476752132177353,-0.01304425299167633,True,Right,0.9694636464118958
vid4,230,7668,20,0.9183560609817505,0.6182064414024353,-0.06066601723432541,0.0650348961353302,0.04997124522924423,-0.004246801137924194,True,Right,0.9694636464118958
vid4,231,7702,0,0.6266586780548096,0.5105656385421753,2.706451311951241e-07,-0.09069080650806427,0.018260827288031578,0.012833647429943085,True,Right,0.9613917469978333
vid4,231,7702,1,0.6707223653793335,0.470505028963089,0.015053916722536087,-0.06378106772899628,0.006272665690630674,0.02728699892759323,True,Right,0.9613917469978333
vid4,231,7702,2,0.7225469350814819,0.45129117369651794,0.01329057663679123,-0.03731401264667511,0.0002690472756512463,0.05495099723339081,True,Right,0.9613917469978333
vid4,231,7702,3,0.7594397068023682,0.456563800573349,0.0053449939005076885,-0.011679232120513916,-0.005088027101010084,0.07700373232364655,True,Right,0.9613917469978333
vid4,231,7702,4,0.7880042195320129,0.4706699848175049,-0.0033381767570972443,0.008856472559273243,-0.0071649677120149136,0.08699311316013336,True,Right,0.9613917469978333
vid4,231,7702,5,0.7585482001304626,0.42695704102516174,0.002312622033059597,-0.00090427091345191,-0.018569717183709145,0.020960815250873566,True,Right,0.9613917469978333
vid4,231,7702,6,0.8256713151931763,0.42182067036628723,-0.013017980381846428,0.02704227715730667,-0.013408173806965351,0.024427637457847595,True,Right,0.9613917469978333
vid4,231,7702,7,0.8664842844009399,0.4405931234359741,-0.023333078250288963,0.04993674159049988,-0.007295012008398771,0.030475810170173645,True,Right,0.9613917469978333
vid4,231,7702,8,0.897222101688385,0.46378812193870544,-0.02898411825299263,0.06990022957324982,0.002907337388023734,0.03454102203249931,True,Right,0.9613917469978333
vid4,231,7702,9,0.7617759108543396,0.44429442286491394,-0.0170592050999403,0.0027426041197031736,-0.0073347920551896095,0.00365409255027771,True,Right,0.9613917469978333
vid4,231,7702,10,0.8410192131996155,0.4343165159225464,-0.031245669350028038,0.039617765694856644,-0.005105211399495602,0.0006065890192985535,True,Right,0.9613917469978333
vid4,231,7702,11,0.8891121745109558,0.4501969516277313,-0.0385824590921402,0.06314774602651596,-0.0044432878494262695,0.0030744075775146484,True,Right,0.9613917469978333
vid4,231,7702,12,0.9227734804153442,0.47066161036491394,-0.04274831712245941,0.09225717931985855,-9.541940380586311e-05,0.013256669044494629,True,Right,0.9613917469978333
vid4,231,7702,13,0.759179949760437,0.48039546608924866,-0.0364559143781662,0.00030114781111478806,0.011726945638656616,-0.014234393835067749,True,Right,0.9613917469978333
vid4,231,7702,14,0.8392220139503479,0.4786515235900879,-0.04829094558954239,0.03280606120824814,0.011125553399324417,-0.01542237401008606,True,Right,0.9613917469978333
vid4,231,7702,15,0.8854913115501404,0.4935656487941742,-0.05266110226511955,0.06299076974391937,0.013977672904729843,-0.011120140552520752,True,Right,0.9613917469978333
vid4,231,7702,16,0.9192761182785034,0.5105195045471191,-0.054899848997592926,0.08602852374315262,0.018639832735061646,-0.0017596781253814697,True,Right,0.9613917469978333
vid4,231,7702,17,0.75236976146698,0.5379291772842407,-0.05508594214916229,-0.011425947770476341,0.02741345763206482,-0.0226404070854187,True,Right,0.9613917469978333
vid4,231,7702,18,0.8186752796173096,0.5576513409614563,-0.06141960993409157,0.016237366944551468,0.03435477614402771,-0.022838786244392395,True,Right,0.9613917469978333
vid4,231,7702,19,0.8557104468345642,0.580501914024353,-0.060927774757146835,0.043825406581163406,0.041167739778757095,-0.016053661704063416,True,Right,0.9613917469978333
vid4,231,7702,20,0.8847600817680359,0.6019135117530823,-0.06014997884631157,0.06444529443979263,0.04581586644053459,-0.00836363434791565,True,Right,0.9613917469978333
vid4,232,7735,0,0.5892504453659058,0.5114277601242065,2.4917770247157023e-07,-0.08940061181783676,0.015707947313785553,0.012770215049386024,True,Right,0.9559310078620911
vid4,232,7735,1,0.6326684951782227,0.4806438088417053,0.015286436304450035,-0.06266682595014572,0.00683358870446682,0.0288345068693161,True,Right,0.9559310078620911
vid4,232,7735,2,0.6846144199371338,0.46160340309143066,0.01404089666903019,-0.035539381206035614,0.0015133314300328493,0.05853438377380371,True,Right,0.9559310078620911
vid4,232,7735,3,0.723804771900177,0.4595491290092468,0.00697119627147913,-0.009166068397462368,-0.007899168878793716,0.08257254213094711,True,Right,0.9559310078620911
vid4,232,7735,4,0.754011332988739,0.46329283714294434,-0.00035957296495325863,0.011634690687060356,-0.014564079232513905,0.09648336470127106,True,Right,0.9559310078620911
vid4,232,7735,5,0.718772828578949,0.448076456785202,-0.00018440508574713022,-0.00018047586490865797,-0.016467750072479248,0.0227883942425251,True,Right,0.9559310078620911
vid4,232,7735,6,0.7905356287956238,0.43717390298843384,-0.016262222081422806,0.02840227633714676,-0.012248910032212734,0.02471354603767395,True,Right,0.9559310078620911
vid4,232,7735,7,0.8342231512069702,0.45653966069221497,-0.02580699510872364,0.052725959569215775,-0.005190673749893904,0.027222372591495514,True,Right,0.9559310078620911
vid4,232,7735,8,0.8662739992141724,0.48108580708503723,-0.030535008758306503,0.07476664334535599,0.005161282606422901,0.026018843054771423,True,Right,0.9559310078620911
vid4,232,7735,9,0.7208254933357239,0.45929157733917236,-0.01863923668861389,0.0032582851126790047,-0.006527233868837357,0.0033180639147758484,True,Right,0.9559310078620911
vid4,232,7735,10,0.8016936182975769,0.44552943110466003,-0.033879462629556656,0.038404207676649094,-0.006310259457677603,0.0005580931901931763,True,Right,0.9559310078620911
vid4,232,7735,11,0.8497151732444763,0.4648726284503937,-0.03999738395214081,0.06385079771280289,-0.0028690078761428595,-0.00012077391147613525,True,Right,0.9559310078620911
vid4,232,7735,12,0.8825265169143677,0.4881979823112488,-0.04276777803897858,0.09150023013353348,0.0013114764587953687,0.006238102912902832,True,Right,0.9559310078620911
vid4,232,7735,13,0.7183831334114075,0.48806998133659363,-0.036824099719524384,-0.0007355023990385234,0.008898966014385223,-0.015012070536613464,True,Right,0.9559310078620911
vid4,232,7735,14,0.7976219058036804,0.4827151894569397,-0.04849274083971977,0.03189306706190109,0.007338325958698988,-0.01769353449344635,True,Right,0.9559310078620911
vid4,232,7735,15,0.844621479511261,0.49919530749320984,-0.051268745213747025,0.0610969178378582,0.013131076470017433,-0.014441370964050293,True,Right,0.9559310078620911
vid4,232,7735,16,0.8778389096260071,0.5202264189720154,-0.05216192826628685,0.08510323613882065,0.018377259373664856,-0.0070244669914245605,True,Right,0.9559310078620911
vid4,232,7735,17,0.7126466631889343,0.5395673513412476,-0.05429989844560623,-0.012430520728230476,0.023617597296833992,-0.024602293968200684,True,Right,0.9559310078620911
vid4,232,7735,18,0.7754083871841431,0.556442379951477,-0.05971474573016167,0.01384849101305008,0.02855708822607994,-0.025810306891798973,True,Right,0.9559310078620911
vid4,232,7735,19,0.811851441860199,0.5770791172981262,-0.05880630388855934,0.03972959145903587,0.035795923322439194,-0.019817844033241272,True,Right,0.9559310078620911
vid4,232,7735,20,0.8397361040115356,0.5986058712005615,-0.05761931091547012,0.060723789036273956,0.04077913239598274,-0.011678099632263184,True,Right,0.9559310078620911
vid4,233,7768,0,0.5489422082901001,0.5123274326324463,2.753452008619206e-07,-0.08756784349679947,0.012983782216906548,0.012645261362195015,True,Right,0.9025353193283081
vid4,233,7768,1,0.5891047120094299,0.49534979462623596,0.011902625672519207,-0.06351767480373383,0.0067044030874967575,0.027772407978773117,True,Right,0.9025353193283081
vid4,233,7768,2,0.6398000717163086,0.48574137687683105,0.007480111438781023,-0.0357525609433651,0.00357960257679224,0.053895801305770874,True,Right,0.9025353193283081
vid4,233,7768,3,0.6773089170455933,0.49499741196632385,-0.0025723965372890234,-0.009592968039214611,-0.0012752502225339413,0.07253454625606537,True,Right,0.9025353193283081
vid4,233,7768,4,0.7073672413825989,0.5056114196777344,-0.013082035817205906,0.010289049707353115,-0.00457382807508111,0.08090853691101074,True,Right,0.9025353193283081
vid4,233,7768,5,0.6746249198913574,0.45744588971138,-0.00440364982932806,-1.5967636500135995e-05,-0.014911576174199581,0.021779216825962067,True,Right,0.9025353193283081
vid4,233,7768,6,0.7470290064811707,0.45919251441955566,-0.021045714616775513,0.02757900394499302,-0.008862645365297794,0.025455385446548462,True,Right,0.9025353193283081
vid4,233,7768,7,0.7898597717285156,0.4820244610309601,-0.030857618898153305,0.05034935846924782,-0.0005541031714528799,0.030411042273044586,True,Right,0.9025353193283081
vid4,233,7768,8,0.8216462135314941,0.5102773904800415,-0.03619398549199104,0.07209616154432297,0.008793563582003117,0.02970137819647789,True,Right,0.9025353193283081
vid4,233,7768,9,0.6797590255737305,0.46927282214164734,-0.022534912452101707,0.003294501220807433,-0.005962286610156298,0.0026862695813179016,True,Right,0.9025353193283081
vid4,233,7768,10,0.7607744932174683,0.46320128440856934,-0.03898018226027489,0.038498830050230026,-0.004238146357238293,0.0035113170742988586,True,Right,0.9025353193283081
vid4,233,7768,11,0.8083350658416748,0.48650282621383667,-0.045751363039016724,0.06289533525705338,0.0002570506476331502,0.004164278507232666,True,Right,0.9025353193283081
vid4,233,7768,12,0.8420377373695374,0.5126010775566101,-0.04908644035458565,0.09170236438512802,0.0045347618870437145,0.013858258724212646,True,Right,0.9025353193283081
vid4,233,7768,13,0.6785380840301514,0.4968489408493042,-0.04053116962313652,0.00042577969725243747,0.008278312161564827,-0.014828383922576904,True,Right,0.9025353193283081
vid4,233,7768,14,0.7575362324714661,0.4945344030857086,-0.053304120898246765,0.03277495875954628,0.007972639054059982,-0.014849498867988586,True,Right,0.9025353193283081
vid4,233,7768,15,0.8024501800537109,0.5158549547195435,-0.055844537913799286,0.05991078168153763,0.013310479931533337,-0.01225501298904419,True,Right,0.9025353193283081
vid4,233,7768,16,0.8341687321662903,0.5397603511810303,-0.056758057326078415,0.08215173333883286,0.020061682909727097,-0.004334114491939545,True,Right,0.9025353193283081
vid4,233,7768,17,0.6732750535011292,0.5451813340187073,-0.058023568242788315,-0.010835633613169193,0.02132558263838291,-0.023997679352760315,True,Right,0.9025353193283081
vid4,233,7768,18,0.7350615859031677,0.5611836314201355,-0.06477343291044235,0.013921685516834259,0.02667068876326084,-0.02426788955926895,True,Right,0.9025353193283081
vid4,233,7768,19,0.7719265222549438,0.5829744935035706,-0.06386024504899979,0.04056042060256004,0.03325740993022919,-0.01854129135608673,True,Right,0.9025353193283081
vid4,233,7768,20,0.8003121614456177,0.6062167286872864,-0.06280261278152466,0.05986661836504936,0.03983734920620918,-0.012212544679641724,True,Right,0.9025353193283081
vid4,234,7802,0,0.5060536861419678,0.5189440250396729,4.2519877752056345e-07,-0.08675213903188705,0.005077697336673737,0.007504995912313461,True,Right,0.7585185170173645
vid4,234,7802,1,0.5342108607292175,0.559436559677124,-0.017269302159547806,-0.06814329326152802,0.011184487491846085,0.02432190626859665,True,Right,0.7585185170173645
vid4,234,7802,2,0.5747407674789429,0.5794612765312195,-0.033959001302719116,-0.04457096755504608,0.01656069979071617,0.04862600564956665,True,Right,0.7585185170173645
vid4,234,7802,3,0.5980646014213562,0.5982072353363037,-0.05132932960987091,-0.02595091424882412,0.02001776546239853,0.0703694298863411,True,Right,0.7585185170173645
vid4,234,7802,4,0.6143948435783386,0.6184729337692261,-0.06850754469633102,-0.012725181877613068,0.018740221858024597,0.0884324461221695,True,Right,0.7585185170173645
vid4,234,7802,5,0.6392683386802673,0.5202948451042175,-0.02697852998971939,-0.001864691381342709,-0.005044904071837664,0.02423926815390587,True,Right,0.7585185170173645
vid4,234,7802,6,0.7052736878395081,0.5439732074737549,-0.04817398637533188,0.025577494874596596,0.004313039127737284,0.026137709617614746,True,Right,0.7585185170173645
vid4,234,7802,7,0.741151750087738,0.5710184574127197,-0.063710518181324,0.04664405807852745,0.013469924218952656,0.029114436358213425,True,Right,0.7585185170173645
vid4,234,7802,8,0.7691255211830139,0.597635805606842,-0.07376090437173843,0.06997612863779068,0.022742897272109985,0.02298840880393982,True,Right,0.7585185170173645
vid4,234,7802,9,0.6438103914260864,0.5124498009681702,-0.03233233094215393,0.0027364043053239584,-0.004671210423111916,0.005250144749879837,True,Right,0.7585185170173645
vid4,234,7802,10,0.7190001010894775,0.5159617066383362,-0.054126203060150146,0.039995040744543076,-0.0015889640199020505,0.00240972638130188,True,Right,0.7585185170173645
vid4,234,7802,11,0.7660365104675293,0.5352204442024231,-0.06844901293516159,0.0621839240193367,0.0021742715034633875,-0.00044167041778564453,True,Right,0.7585185170173645
vid4,234,7802,12,0.80256187915802,0.555534303188324,-0.07756408303976059,0.09430764615535736,0.006731002125889063,0.003774702548980713,True,Right,0.7585185170173645
vid4,234,7802,13,0.6427385807037354,0.5203779339790344,-0.039438437670469284,0.0020635544788092375,0.0017180228605866432,-0.01633141189813614,True,Right,0.7585185170173645
vid4,234,7802,14,0.7142122387886047,0.5291868448257446,-0.057111501693725586,0.03179503604769707,0.0055443281307816505,-0.019347310066223145,True,Right,0.7585185170173645
vid4,234,7802,15,0.7558405995368958,0.5503893494606018,-0.06627445667982101,0.05585462599992752,0.010740723460912704,-0.020388126373291016,True,Right,0.7585185170173645
vid4,234,7802,16,0.7873748540878296,0.5724363923072815,-0.07172082364559174,0.08084235340356827,0.01608302630484104,-0.0184725821018219,True,Right,0.7585185170173645
vid4,234,7802,17,0.6392137408256531,0.54547518491745,-0.048364028334617615,-0.009847982786595821,0.008729766122996807,-0.02960406243801117,True,Right,0.7585185170173645
vid4,234,7802,18,0.6923308968544006,0.5675827860832214,-0.05839642882347107,0.012733257375657558,0.01401064358651638,-0.031327880918979645,True,Right,0.7585185170173645
vid4,234,7802,19,0.7254477739334106,0.5877933502197266,-0.061189278960227966,0.03513688966631889,0.022778138518333435,-0.0293157696723938,True,Right,0.7585185170173645
vid4,234,7802,20,0.7527143359184265,0.6059646010398865,-0.06325897574424744,0.054794177412986755,0.027227114886045456,-0.02910783886909485,True,Right,0.7585185170173645
vid4,235,7835,0,0.4644339382648468,0.5268595218658447,2.594666455024708e-07,-0.08893515169620514,-0.004457368049770594,0.004848970100283623,True,Right,0.9042608737945557
vid4,235,7835,1,0.4944095313549042,0.581310510635376,-0.012585313990712166,-0.06800985336303711,0.00674732681363821,0.02703080326318741,True,Right,0.9042608737945557
vid4,235,7835,2,0.5385962128639221,0.6098001003265381,-0.021919677034020424,-0.04274720326066017,0.015695199370384216,0.05014839768409729,True,Right,0.9042608737945557
vid4,235,7835,3,0.5642243027687073,0.6256424784660339,-0.03294465318322182,-0.021689580753445625,0.020973021164536476,0.07240383327007294,True,Right,0.9042608737945557
vid4,235,7835,4,0.5863785743713379,0.636565625667572,-0.04358020797371864,-0.005169122014194727,0.017801424488425255,0.08721940219402313,True,Right,0.9042608737945557
vid4,235,7835,5,0.6008958220481873,0.5615187287330627,-0.010274076834321022,0.0018331132596358657,-0.001196115161292255,0.029083196073770523,True,Right,0.9042608737945557
vid4,235,7835,6,0.6618859171867371,0.5825328826904297,-0.028432028368115425,0.028081966564059258,0.007074649445712566,0.028284147381782532,True,Right,0.9042608737945557
vid4,235,7835,7,0.700131356716156,0.6016210913658142,-0.043733712285757065,0.04941342771053314,0.01369685959070921,0.029899057000875473,True,Right,0.9042608737945557
vid4,235,7835,8,0.7303909063339233,0.6183023452758789,-0.05412397161126137,0.07696934789419174,0.01757495105266571,0.018872179090976715,True,Right,0.9042608737945557
vid4,235,7835,9,0.604315459728241,0.5528807044029236,-0.017929352819919586,0.004023625515401363,-0.0033618188463151455,0.006488163024187088,True,Right,0.9042608737945557
vid4,235,7835,10,0.6729769110679626,0.5667439103126526,-0.036219578236341476,0.03966569900512695,0.0035313735716044903,0.003438390791416168,True,Right,0.9042608737945557
vid4,235,7835,11,0.7192632555961609,0.5845175981521606,-0.051885057240724564,0.06452186405658722,0.00778026320040226,-0.00020841509103775024,True,Right,0.9042608737945557
vid4,235,7835,12,0.7564806938171387,0.5998319983482361,-0.06234630197286606,0.09700460731983185,0.010672015137970448,0.002717435359954834,True,Right,0.9042608737945557
vid4,235,7835,13,0.6016343832015991,0.5518209338188171,-0.028029698878526688,0.00032917995122261345,-0.0022449761163443327,-0.01943458616733551,True,Right,0.9042608737945557
vid4,235,7835,14,0.6654359102249146,0.5670669674873352,-0.04437499865889549,0.028867483139038086,0.004851262550801039,-0.022610247135162354,True,Right,0.9042608737945557
vid4,235,7835,15,0.7050690054893494,0.587999165058136,-0.05512649938464165,0.05191296711564064,0.011937020346522331,-0.02283385396003723,True,Right,0.9042608737945557
vid4,235,7835,16,0.7358841896057129,0.6061181426048279,-0.061653852462768555,0.07808516919612885,0.017593415454030037,-0.022863909602165222,True,Right,0.9042608737945557
vid4,235,7835,17,0.5938882231712341,0.559732973575592,-0.039862845093011856,-0.013455642387270927,0.0002904835855588317,-0.03665083646774292,True,Right,0.9042608737945557
vid4,235,7835,18,0.6408651471138,0.5777845978736877,-0.050742920488119125,0.00819720234721899,0.0064282831735908985,-0.03874986618757248,True,Right,0.9042608737945557
vid4,235,7835,19,0.6715639233589172,0.5949693918228149,-0.05470490828156471,0.02987971156835556,0.013764624483883381,-0.03702867031097412,True,Right,0.9042608737945557
vid4,235,7835,20,0.6960598230361938,0.6109795570373535,-0.05737002193927765,0.049585726112127304,0.01843504048883915,-0.03787856549024582,True,Right,0.9042608737945557
vid4,236,7868,0,0.42762383818626404,0.5329681038856506,1.6942625791216415e-07,-0.09200695902109146,-0.0029771621339023113,0.005051720887422562,True,Right,0.9531670212745667
vid4,236,7868,1,0.46555766463279724,0.5897572040557861,0.008553036488592625,-0.06920997053384781,0.005993714090436697,0.028399519622325897,True,Right,0.9531670212745667
vid4,236,7868,2,0.5137103199958801,0.6118695735931396,0.007620920427143574,-0.04321996495127678,0.016745595261454582,0.05246451497077942,True,Right,0.9531670212745667
vid4,236,7868,3,0.5424244999885559,0.6268184781074524,0.001212252420373261,-0.018030693754553795,0.01944182999432087,0.07466226816177368,True,Right,0.9531670212745667
vid4,236,7868,4,0.5650691986083984,0.6428446173667908,-0.005488216411322355,0.00034035416319966316,0.015634754672646523,0.09623116254806519,True,Right,0.9531670212745667
vid4,236,7868,5,0.5648759007453918,0.5569251775741577,0.0066835531033575535,0.002198124537244439,-0.0033746291883289814,0.029831914231181145,True,Right,0.9531670212745667
vid4,236,7868,6,0.6274733543395996,0.5877065062522888,-0.007604056503623724,0.029183844104409218,0.007085022050887346,0.029438376426696777,True,Right,0.9531670212745667
vid4,236,7868,7,0.6680148839950562,0.6118674278259277,-0.01969112455844879,0.053962819278240204,0.014014926739037037,0.030167847871780396,True,Right,0.9531670212745667
vid4,236,7868,8,0.6998845338821411,0.630363404750824,-0.0280104149132967,0.08015252649784088,0.021220512688159943,0.01571701467037201,True,Right,0.9531670212745667
vid4,236,7868,9,0.5648972988128662,0.5499882102012634,-0.01052214577794075,0.005106017459183931,-0.004607818555086851,0.005593262612819672,True,Right,0.9531670212745667
vid4,236,7868,10,0.6350820064544678,0.5762704610824585,-0.025659281760454178,0.03867059573531151,0.003849731758236885,0.0011338964104652405,True,Right,0.9531670212745667
vid4,236,7868,11,0.6829029321670532,0.5975543260574341,-0.03858993574976921,0.06358166038990021,0.009646065533161163,-0.0033537670969963074,True,Right,0.9531670212745667
vid4,236,7868,12,0.7228755354881287,0.6138098835945129,-0.04727897047996521,0.09691384434700012,0.015078475698828697,-0.0031947195529937744,True,Right,0.9531670212745667
vid4,236,7868,13,0.5612087249755859,0.556541919708252,-0.02832881174981594,-0.0004340715240687132,-0.0002629241207614541,-0.020032167434692383,True,Right,0.9531670212745667
vid4,236,7868,14,0.6290411949157715,0.5837152004241943,-0.04045293480157852,0.027120379731059074,0.008251730352640152,-0.02346567064523697,True,Right,0.9531670212745667
vid4,236,7868,15,0.6715923547744751,0.6067754030227661,-0.04830630496144295,0.05326046794652939,0.016781484708189964,-0.024608582258224487,True,Right,0.9531670212745667
vid4,236,7868,16,0.7057353258132935,0.6254377365112305,-0.053522832691669464,0.08079157024621964,0.02268269844353199,-0.022993706166744232,True,Right,0.9531670212745667
vid4,236,7868,17,0.553743302822113,0.5778838396072388,-0.04633023217320442,-0.015565691515803337,0.005733799189329147,-0.035146549344062805,True,Right,0.9531670212745667
vid4,236,7868,18,0.6036351323127747,0.6005902290344238,-0.05325235798954964,0.006125771440565586,0.01097429171204567,-0.03892169147729874,True,Right,0.9531670212745667
vid4,236,7868,19,0.6362800598144531,0.6172318458557129,-0.05498964339494705,0.0291754063218832,0.019519507884979248,-0.03828555345535278,True,Right,0.9531670212745667
vid4,236,7868,20,0.6632672548294067,0.6338886022567749,-0.05663468316197395,0.0514490082859993,0.025626379996538162,-0.03623112291097641,True,Right,0.9531670212745667
vid4,237,7902,0,0.39424803853034973,0.5473753809928894,2.01009612510461e-07,-0.08754702657461166,-0.007667324505746365,0.009873807430267334,True,Right,0.9011698365211487
vid4,237,7902,1,0.4335215389728546,0.5905811190605164,0.004811846185475588,-0.06507682055234909,0.0023990038316696882,0.030016183853149414,True,Right,0.9011698365211487
vid4,237,7902,2,0.4873180687427521,0.6127414107322693,0.0023977847304195166,-0.037256285548210144,0.012069934979081154,0.05055007338523865,True,Right,0.9011698365211487
vid4,237,7902,3,0.5240026712417603,0.6234567165374756,-0.004384853411465883,-0.010004309006035328,0.012365150265395641,0.06379475444555283,True,Right,0.9011698365211487
vid4,237,7902,4,0.5549119710922241,0.6328730583190918,-0.011149194091558456,0.010983931832015514,0.007913455367088318,0.07658405601978302,True,Right,0.9011698365211487
vid4,237,7902,5,0.5263872146606445,0.5743840932846069,-0.0004689052002504468,0.0004059197090100497,-0.002623125445097685,0.025945844128727913,True,Right,0.9011698365211487
vid4,237,7902,6,0.5916510224342346,0.6004990339279175,-0.01635398343205452,0.0268555860966444,0.00608383072540164,0.02726118266582489,True,Right,0.9011698365211487
vid4,237,7902,7,0.6338605284690857,0.6240917444229126,-0.028158677741885185,0.05051369592547417,0.013731466606259346,0.029131922870874405,True,Right,0.9011698365211487
vid4,237,7902,8,0.6661001443862915,0.6445305347442627,-0.03554707393050194,0.07554769515991211,0.02097102627158165,0.01680172234773636,True,Right,0.9011698365211487
vid4,237,7902,9,0.5290091037750244,0.5679811835289001,-0.014915620908141136,0.004056503064930439,-0.004178216680884361,0.004722133278846741,True,Right,0.9011698365211487
vid4,237,7902,10,0.5999937057495117,0.5883398652076721,-0.030937159433960915,0.03568123281002045,0.0038978352677077055,0.002088591456413269,True,Right,0.9011698365211487
vid4,237,7902,11,0.6489105820655823,0.6105382442474365,-0.041985590010881424,0.0609876811504364,0.007651540916413069,-0.0022244900465011597,True,Right,0.9011698365211487
vid4,237,7902,12,0.6884810328483582,0.6289828419685364,-0.04872387647628784,0.09397921711206436,0.014586909674108028,-0.0004127025604248047,True,Right,0.9011698365211487
vid4,237,7902,13,0.5279204249382019,0.5737395882606506,-0.030079398304224014,0.0008671301184222102,0.00033313402673229575,-0.017936140298843384,True,Right,0.9011698365211487
vid4,237,7902,14,0.5973734855651855,0.5938642024993896,-0.04200426861643791,0.02841680496931076,0.006995437201112509,-0.019376449286937714,True,Right,0.9011698365211487
vid4,237,7902,15,0.6408997774124146,0.6158788204193115,-0.04769108444452286,0.052393555641174316,0.013817951083183289,-0.02266407012939453,True,Right,0.9011698365211487
vid4,237,7902,16,0.6746016144752502,0.6347424387931824,-0.05110296979546547,0.07817946374416351,0.01985195092856884,-0.02077394351363182,True,Right,0.9011698365211487
vid4,237,7902,17,0.5231451392173767,0.5942980647087097,-0.04572063311934471,-0.012038536369800568,0.004241126589477062,-0.030215874314308167,True,Right,0.9011698365211487
vid4,237,7902,18,0.5751405358314514,0.6131166219711304,-0.051865104585886,0.00820881687104702,0.008210938423871994,-0.03356412425637245,True,Right,0.9011698365211487
vid4,237,7902,19,0.6087267994880676,0.6296353340148926,-0.05247107148170471,0.029478443786501884,0.017100390046834946,-0.03373575210571289,True,Right,0.9011698365211487
vid4,237,7902,20,0.6354777812957764,0.6473974585533142,-0.05296355485916138,0.051058076322078705,0.024846041575074196,-0.033326029777526855,True,Right,0.9011698365211487
vid4,238,7935,0,,,,,,,False,,
vid4,238,7935,1,,,,,,,False,,
vid4,238,7935,2,,,,,,,False,,
vid4,238,7935,3,,,,,,,False,,
vid4,238,7935,4,,,,,,,False,,
vid4,238,7935,5,,,,,,,False,,
vid4,238,7935,6,,,,,,,False,,
vid4,238,7935,7,,,,,,,False,,
vid4,238,7935,8,,,,,,,False,,
vid4,238,7935,9,,,,,,,False,,
vid4,238,7935,10,,,,,,,False,,
vid4,238,7935,11,,,,,,,False,,
vid4,238,7935,12,,,,,,,False,,
vid4,238,7935,13,,,,,,,False,,
vid4,238,7935,14,,,,,,,False,,
vid4,238,7935,15,,,,,,,False,,
vid4,238,7935,16,,,,,,,False,,
vid4,238,7935,17,,,,,,,False,,
vid4,238,7935,18,,,,,,,False,,
vid4,238,7935,19,,,,,,,False,,
vid4,238,7935,20,,,,,,,False,,
vid4,239,7968,0,0.3406830430030823,0.5859532356262207,3.405462223327049e-08,-0.0897972509264946,-0.017662424594163895,0.0029593780636787415,True,Right,0.932235598564148
vid4,239,7968,1,0.38778141140937805,0.6365336179733276,0.011395387351512909,-0.06913866847753525,-0.006964855827391148,0.021869994699954987,True,Right,0.932235598564148
vid4,239,7968,2,0.44470247626304626,0.6614950895309448,0.015467250719666481,-0.0394618846476078,0.007561130914837122,0.038852304220199585,True,Right,0.932235598564148
vid4,239,7968,3,0.48690900206565857,0.6795124411582947,0.013982508331537247,-0.007862075231969357,0.012210149317979813,0.05569162592291832,True,Right,0.932235598564148
vid4,239,7968,4,0.5196148157119751,0.7036269903182983,0.012623765505850315,0.017733607441186905,0.018057111650705338,0.06957292556762695,True,Right,0.932235598564148
vid4,239,7968,5,0.4847700297832489,0.6437116861343384,0.01887659728527069,0.002268722280859947,0.0020116183441132307,0.02518923580646515,True,Right,0.932235598564148
vid4,239,7968,6,0.546694278717041,0.6702961921691895,0.01015620306134224,0.027376530691981316,0.00933449063450098,0.024859309196472168,True,Right,0.932235598564148
vid4,239,7968,7,0.5879272222518921,0.6896260976791382,0.0018026195466518402,0.05257581174373627,0.015691455453634262,0.02619752287864685,True,Right,0.932235598564148
vid4,239,7968,8,0.621404230594635,0.705186665058136,-0.004590701777487993,0.07866771519184113,0.0220168586820364,0.015590541064739227,True,Right,0.932235598564148
vid4,239,7968,9,0.4866909980773926,0.6385783553123474,0.0035958359949290752,0.0057777948677539825,-0.001575322006829083,0.005267277359962463,True,Right,0.932235598564148
vid4,239,7968,10,0.5541943311691284,0.6646571755409241,-0.006005020346492529,0.03614721819758415,0.00862638559192419,0.0025188475847244263,True,Right,0.932235598564148
vid4,239,7968,11,0.6002758145332336,0.6855416893959045,-0.015161036513745785,0.06206696480512619,0.012205183506011963,-0.003445129841566086,True,Right,0.932235598564148
vid4,239,7968,12,0.6373606324195862,0.7012399435043335,-0.021933728829026222,0.09159795939922333,0.02400083653628826,-0.008959218859672546,True,Right,0.932235598564148
vid4,239,7968,13,0.4838747978210449,0.6360542178153992,-0.012929314747452736,0.0005646494682878256,-0.002570688957348466,-0.016576796770095825,True,Right,0.932235598564148
vid4,239,7968,14,0.5474306344985962,0.6635038256645203,-0.020468205213546753,0.025678519159555435,0.004971342161297798,-0.020863432437181473,True,Right,0.932235598564148
vid4,239,7968,15,0.5874773263931274,0.6861478686332703,-0.02579745091497898,0.04768824577331543,0.013542155735194683,-0.02512623369693756,True,Right,0.932235598564148
vid4,239,7968,16,0.6188144087791443,0.704491138458252,-0.030156908556818962,0.0717635378241539,0.025331972166895866,-0.02680303156375885,True,Right,0.932235598564148
vid4,239,7968,17,0.47447964549064636,0.6394554972648621,-0.029564516618847847,-0.013039523735642433,-0.004944640677422285,-0.030991926789283752,True,Right,0.932235598564148
vid4,239,7968,18,0.5213197469711304,0.6630993485450745,-0.035132795572280884,0.006067625712603331,0.0029092510230839252,-0.03461546078324318,True,Right,0.932235598564148
vid4,239,7968,19,0.5520183444023132,0.682980477809906,-0.03712770342826843,0.02711804024875164,0.012693564407527447,-0.03783634305000305,True,Right,0.932235598564148
vid4,239,7968,20,0.5768799781799316,0.7031253576278687,-0.039173807948827744,0.04440918564796448,0.022812392562627792,-0.039438143372535706,True,Right,0.932235598564148
vid4,240,8002,0,0.33153364062309265,0.643980860710144,6.19261513179481e-08,-0.08788255602121353,-0.010052771307528019,0.007272534072399139,True,Right,0.9162752628326416
vid4,240,8002,1,0.38204512000083923,0.6906985640525818,0.017953336238861084,-0.06281101703643799,0.001203244086354971,0.030002065002918243,True,Right,0.9162752628326416
vid4,240,8002,2,0.4403248429298401,0.7080703973770142,0.024547558277845383,-0.03366426005959511,0.009439033456146717,0.050395578145980835,True,Right,0.9162752628326416
vid4,240,8002,3,0.4815536141395569,0.7136034965515137,0.023853017017245293,-0.0015183009672909975,0.00989457592368126,0.06305070221424103,True,Right,0.9162752628326416
vid4,240,8002,4,0.5162731409072876,0.7244811058044434,0.02230730839073658,0.02176935039460659,0.007549713831394911,0.07521449029445648,True,Right,0.9162752628326416
vid4,240,8002,5,0.47226861119270325,0.6851478815078735,0.02168041467666626,0.004895479418337345,-0.00012650145799852908,0.02750277891755104,True,Right,0.9162752628326416
vid4,240,8002,6,0.5324259400367737,0.7070447206497192,0.013286584056913853,0.03007427230477333,0.005653802305459976,0.025554418563842773,True,Right,0.9162752628326416
vid4,240,8002,7,0.5749661922454834,0.7207511067390442,0.004469592124223709,0.05223769322037697,0.009559192694723606,0.02459726110100746,True,Right,0.9162752628326416
vid4,240,8002,8,0.6103767156600952,0.7286745309829712,-0.002983293030411005,0.07952440530061722,0.015120886266231537,0.010915495455265045,True,Right,0.9162752628326416
vid4,240,8002,9,0.4728173017501831,0.682515025138855,0.0016475230222567916,0.005215656012296677,-0.0030235848389565945,0.005127649754285812,True,Right,0.9162752628326416
vid4,240,8002,10,0.5370575189590454,0.7009674310684204,-0.00754583952948451,0.03540889546275139,0.0030805496498942375,-0.0002437680959701538,True,Right,0.9162752628326416
vid4,240,8002,11,0.5842774510383606,0.7168788909912109,-0.017175087705254555,0.0610060915350914,0.007204373832792044,-0.00782514363527298,True,Right,0.9162752628326416
vid4,240,8002,12,0.6251182556152344,0.7257376909255981,-0.024930434301495552,0.09154659509658813,0.012921953573822975,-0.01059684157371521,True,Right,0.9162752628326416
vid4,240,8002,13,0.4673576354980469,0.6854715347290039,-0.01900133676826954,-0.0018001050921157002,-0.0028180901426821947,-0.019223421812057495,True,Right,0.9162752628326416
vid4,240,8002,14,0.530529260635376,0.7050777077674866,-0.02624158002436161,0.024614177644252777,0.0031954911537468433,-0.02211984246969223,True,Right,0.9162752628326416
vid4,240,8002,15,0.572079598903656,0.7221565246582031,-0.030940335243940353,0.04803140088915825,0.010855856351554394,-0.027689486742019653,True,Right,0.9162752628326416
vid4,240,8002,16,0.6076335906982422,0.7311722040176392,-0.03577616810798645,0.07354704290628433,0.01717689447104931,-0.0302879735827446,True,Right,0.9162752628326416
vid4,240,8002,17,0.4581311047077179,0.7006936073303223,-0.0393429696559906,-0.01653033308684826,0.00014341789938043803,-0.033267632126808167,True,Right,0.9162752628326416
vid4,240,8002,18,0.5044333338737488,0.7151932120323181,-0.04604290425777435,0.002757833106443286,0.006242715287953615,-0.03730762004852295,True,Right,0.9162752628326416
vid4,240,8002,19,0.537166178226471,0.7285673022270203,-0.04819563776254654,0.024045202881097794,0.01233205758035183,-0.03867630660533905,True,Right,0.9162752628326416
vid4,240,8002,20,0.5648190379142761,0.7383696436882019,-0.0507906898856163,0.0452396385371685,0.01763511449098587,-0.040092796087265015,True,Right,0.9162752628326416
vid4,241,8035,0,0.32805898785591125,0.6741876602172852,1.6984562023480976e-07,-0.0885990560054779,-0.005387528799474239,0.008574120700359344,True,Right,0.8183642625808716
vid4,241,8035,1,0.3766787052154541,0.6926999688148499,0.014622877351939678,-0.06349926441907883,0.00018650791025720537,0.029412806034088135,True,Right,0.8183642625808716
vid4,241,8035,2,0.43267765641212463,0.7082203030586243,0.019386637955904007,-0.034081656485795975,0.008891195058822632,0.04628032445907593,True,Right,0.8183642625808716
vid4,241,8035,3,0.4727320671081543,0.7224684953689575,0.018136275932192802,-0.0022734389640390873,0.010185698047280312,0.05690404027700424,True,Right,0.8183642625808716
vid4,241,8035,4,0.5067549347877502,0.7329519987106323,0.016316590830683708,0.020614568144083023,0.00862514041364193,0.06248839199542999,True,Right,0.8183642625808716
vid4,241,8035,5,0.465007483959198,0.6832206845283508,0.016224898397922516,0.004182368982583284,-0.0023616724647581577,0.026331398636102676,True,Right,0.8183642625808716
vid4,241,8035,6,0.52439284324646,0.7035640478134155,0.006394853815436363,0.030308624729514122,0.004030916839838028,0.02401101589202881,True,Right,0.8183642625808716
vid4,241,8035,7,0.5648407936096191,0.718150794506073,-0.002787260338664055,0.05204642936587334,0.00783896166831255,0.02543466165661812,True,Right,0.8183642625808716
vid4,241,8035,8,0.5980803966522217,0.7290180325508118,-0.010171380825340748,0.07933034747838974,0.013922404497861862,0.013679072260856628,True,Right,0.8183642625808716
vid4,241,8035,9,0.4659574329853058,0.6839857697486877,-0.002263250295072794,0.00465821661055088,-0.003699509659782052,0.005855873227119446,True,Right,0.8183642625808716
vid4,241,8035,10,0.5325372815132141,0.7021697759628296,-0.014425670728087425,0.03727564215660095,0.00371418590657413,-0.0007051974534988403,True,Right,0.8183642625808716
vid4,241,8035,11,0.5799089670181274,0.7170121669769287,-0.02642218768596649,0.0633057951927185,0.006069154012948275,-0.0029821544885635376,True,Right,0.8183642625808716
vid4,241,8035,12,0.6194272637367249,0.726144015789032,-0.03521303832530975,0.0952417403459549,0.010243391618132591,-0.003948807716369629,True,Right,0.8183642625808716
vid4,241,8035,13,0.461208701133728,0.6911596655845642,-0.021295495331287384,-0.0010218913666903973,-0.0010186894796788692,-0.01799623668193817,True,Right,0.8183642625808716
vid4,241,8035,14,0.5255792737007141,0.710033655166626,-0.03172462061047554,0.02617480605840683,0.005740131717175245,-0.021151874214410782,True,Right,0.8183642625808716
vid4,241,8035,15,0.569117546081543,0.7261279821395874,-0.04003053531050682,0.052823301404714584,0.010237108916044235,-0.025526821613311768,True,Right,0.8183642625808716
vid4,241,8035,16,0.6061773300170898,0.7339927554130554,-0.046599771827459335,0.07920093834400177,0.014947930350899696,-0.025063656270503998,True,Right,0.8183642625808716
vid4,241,8035,17,0.45186424255371094,0.7084937691688538,-0.03974558040499687,-0.01538682822138071,0.004442127421498299,-0.0312197208404541,True,Right,0.8183642625808716
vid4,241,8035,18,0.49988341331481934,0.7227797508239746,-0.0483086034655571,0.004700863733887672,0.008451622910797596,-0.03429961949586868,True,Right,0.8183642625808716
vid4,241,8035,19,0.5331003069877625,0.7310260534286499,-0.05242172256112099,0.028565358370542526,0.013036683201789856,-0.035203322768211365,True,Right,0.8183642625808716
vid4,241,8035,20,0.5623462796211243,0.737725555896759,-0.056068867444992065,0.049135904759168625,0.01659402810037136,-0.0351206511259079,True,Right,0.8183642625808716
vid4,242,8068,0,,,,,,,False,,
vid4,242,8068,1,,,,,,,False,,
vid4,242,8068,2,,,,,,,False,,
vid4,242,8068,3,,,,,,,False,,
vid4,242,8068,4,,,,,,,False,,
vid4,242,8068,5,,,,,,,False,,
vid4,242,8068,6,,,,,,,False,,
vid4,242,8068,7,,,,,,,False,,
vid4,242,8068,8,,,,,,,False,,
vid4,242,8068,9,,,,,,,False,,
vid4,242,8068,10,,,,,,,False,,
vid4,242,8068,11,,,,,,,False,,
vid4,242,8068,12,,,,,,,False,,
vid4,242,8068,13,,,,,,,False,,
vid4,242,8068,14,,,,,,,False,,
vid4,242,8068,15,,,,,,,False,,
vid4,242,8068,16,,,,,,,False,,
vid4,242,8068,17,,,,,,,False,,
vid4,242,8068,18,,,,,,,False,,
vid4,242,8068,19,,,,,,,False,,
vid4,242,8068,20,,,,,,,False,,
vid4,243,8102,0,0.31443434953689575,0.6746381521224976,-2.4339605886325444e-09,-0.08838972449302673,-0.010085351765155792,0.00517427921295166,True,Right,0.8536021113395691
vid4,243,8102,1,0.36450520157814026,0.6782497763633728,0.010760461911559105,-0.06681384891271591,-0.007208661176264286,0.021591071039438248,True,Right,0.8536021113395691
vid4,243,8102,2,0.4199509620666504,0.6878015398979187,0.013602904975414276,-0.03774862736463547,0.00035000048228539526,0.041300103068351746,True,Right,0.8536021113395691
vid4,243,8102,3,0.46076810359954834,0.6978039145469666,0.011507517658174038,-0.008673558942973614,0.002906349254772067,0.05696327984333038,True,Right,0.8536021113395691
vid4,243,8102,4,0.49353548884391785,0.7149133682250977,0.009448680095374584,0.018219927325844765,0.00670140003785491,0.07133637368679047,True,Right,0.8536021113395691
vid4,243,8102,5,0.45635509490966797,0.6776414513587952,0.011371590197086334,0.00215018168091774,-0.004097058437764645,0.02317694202065468,True,Right,0.8536021113395691
vid4,243,8102,6,0.5212807655334473,0.6965053677558899,0.001288140658289194,0.02831883355975151,0.0012865363387390971,0.02272213250398636,True,Right,0.8536021113395691
vid4,243,8102,7,0.5655986666679382,0.7096478939056396,-0.0061596971936523914,0.05383032187819481,0.005027539562433958,0.02613365650177002,True,Right,0.8536021113395691
vid4,243,8102,8,0.6007717251777649,0.718847930431366,-0.011785388924181461,0.08208399266004562,0.008531435392796993,0.01683807373046875,True,Right,0.8536021113395691
vid4,243,8102,9,0.4599137604236603,0.6829663515090942,-0.0034411672968417406,0.004973696544766426,-0.0025727259926497936,0.005008857697248459,True,Right,0.8536021113395691
vid4,243,8102,10,0.5313862562179565,0.7011541128158569,-0.0164467915892601,0.037538208067417145,0.004587095230817795,0.0016925781965255737,True,Right,0.8536021113395691
vid4,243,8102,11,0.5800315737724304,0.715552031993866,-0.025686193257570267,0.06571422517299652,0.0038825515657663345,-0.001711186021566391,True,Right,0.8536021113395691
vid4,243,8102,12,0.6202830076217651,0.7260233163833618,-0.03151552379131317,0.0979858934879303,0.012325996533036232,-0.0020858794450759888,True,Right,0.8536021113395691
vid4,243,8102,13,0.4569559097290039,0.6955046057701111,-0.018810171633958817,0.0008510773768648505,0.0012224121019244194,-0.01589648425579071,True,Right,0.8536021113395691
vid4,243,8102,14,0.52585369348526,0.7128761410713196,-0.029064709320664406,0.02779700607061386,0.005189734976738691,-0.018398307263851166,True,Right,0.8536021113395691
vid4,243,8102,15,0.5709572434425354,0.7254884243011475,-0.03459758684039116,0.052428245544433594,0.01037917472422123,-0.021264955401420593,True,Right,0.8536021113395691
vid4,243,8102,16,0.6088104248046875,0.7342768907546997,-0.03802096098661423,0.08194863796234131,0.015586420893669128,-0.022017233073711395,True,Right,0.8536021113395691
vid4,243,8102,17,0.44645559787750244,0.7175672650337219,-0.03396054729819298,-0.01221321988850832,0.004389556124806404,-0.027860522270202637,True,Right,0.8536021113395691
vid4,243,8102,18,0.4995788037776947,0.7279839515686035,-0.04182307422161102,0.008328918367624283,0.0076588792726397514,-0.031656473875045776,True,Right,0.8536021113395691
vid4,243,8102,19,0.5360134840011597,0.7321783304214478,-0.04447886720299721,0.033569663763046265,0.012082322500646114,-0.03153508901596069,True,Right,0.8536021113395691
vid4,243,8102,20,0.56785649061203,0.73714280128479,-0.04599785432219505,0.054620228707790375,0.01570030301809311,-0.03380594775080681,True,Right,0.8536021113395691
vid4,244,8135,0,0.32808592915534973,0.671930730342865,2.1547356254814076e-07,-0.08983419835567474,-0.009528787806630135,0.00937960296869278,True,Right,0.6614499688148499
vid4,244,8135,1,0.37992018461227417,0.6730183362960815,0.014760280027985573,-0.061596695333719254,-0.006103927735239267,0.031647369265556335,True,Right,0.6614499688148499
vid4,244,8135,2,0.43710801005363464,0.6866773962974548,0.01824471913278103,-0.03133394941687584,0.0008901755791157484,0.05125054717063904,True,Right,0.6614499688148499
vid4,244,8135,3,0.4771232008934021,0.7054063081741333,0.015728110447525978,-0.00037057435838505626,0.003041215240955353,0.06423570215702057,True,Right,0.6614499688148499
vid4,244,8135,4,0.5104702711105347,0.7170149683952332,0.012536473572254181,0.021686390042304993,0.0037971448618918657,0.07126045227050781,True,Right,0.6614499688148499
vid4,244,8135,5,0.46895632147789,0.6864294409751892,0.0145407784730196,0.005990342237055302,-0.004331809934228659,0.028113067150115967,True,Right,0.6614499688148499
vid4,244,8135,6,0.5312923192977905,0.7035070657730103,0.005081675015389919,0.03227478265762329,0.0011322371428832412,0.025100216269493103,True,Right,0.6614499688148499
vid4,244,8135,7,0.5721659660339355,0.7133381366729736,-0.0031765829771757126,0.05451660603284836,0.004868270363658667,0.024280861020088196,True,Right,0.6614499688148499
vid4,244,8135,8,0.6056497693061829,0.722380518913269,-0.009708154946565628,0.08238749206066132,0.008848706260323524,0.012028597295284271,True,Right,0.6614499688148499
vid4,244,8135,9,0.4689847528934479,0.6926718950271606,-0.004429780412465334,0.0041390289552509785,-0.0025550664868205786,0.005684792995452881,True,Right,0.6614499688148499
vid4,244,8135,10,0.5373798608779907,0.7067880034446716,-0.015712246298789978,0.037184104323387146,0.002391421003267169,-0.0008174926042556763,True,Right,0.6614499688148499
vid4,244,8135,11,0.5845131278038025,0.7180098295211792,-0.02579224295914173,0.06388606876134872,0.0031846172641962767,-0.0050885677337646484,True,Right,0.6614499688148499
vid4,244,8135,12,0.6214846968650818,0.7247709035873413,-0.03314061090350151,0.09536395221948624,0.003989762626588345,-0.006546676158905029,True,Right,0.6614499688148499
vid4,244,8135,13,0.46246567368507385,0.7027896642684937,-0.023875676095485687,-0.0028752852231264114,0.0006741202087141573,-0.018460296094417572,True,Right,0.6614499688148499
vid4,244,8135,14,0.528807520866394,0.7154045701026917,-0.032934777438640594,0.025788411498069763,0.004269561264663935,-0.022468384355306625,True,Right,0.6614499688148499
vid4,244,8135,15,0.5719232559204102,0.7271553874015808,-0.038453537970781326,0.05232761800289154,0.008321470580995083,-0.02731451392173767,True,Right,0.6614499688148499
vid4,244,8135,16,0.6068435907363892,0.7323166728019714,-0.04340911656618118,0.07970385998487473,0.009288309141993523,-0.02894458919763565,True,Right,0.6614499688148499
vid4,244,8135,17,0.4515305161476135,0.720903217792511,-0.04294100031256676,-0.017604943364858627,0.005061592906713486,-0.03265804052352905,True,Right,0.6614499688148499
vid4,244,8135,18,0.499965637922287,0.7326653003692627,-0.04999522119760513,0.00253616482950747,0.008379942737519741,-0.03799416869878769,True,Right,0.6614499688148499
vid4,244,8135,19,0.5333514213562012,0.7388464212417603,-0.05220513790845871,0.02618955262005329,0.01154707558453083,-0.039893925189971924,True,Right,0.6614499688148499
vid4,244,8135,20,0.5620937347412109,0.7431756854057312,-0.0546744130551815,0.04762961342930794,0.01253782119601965,-0.0413203164935112,True,Right,0.6614499688148499
vid4,245,8168,0,0.3293423056602478,0.6716921329498291,1.9390425620713359e-07,-0.08649710565805435,-0.008753097616136074,0.012999597936868668,True,Right,0.6342549920082092
vid4,245,8168,1,0.37996745109558105,0.6814272403717041,0.011920862831175327,-0.060703735798597336,-0.0038585630245506763,0.03332455828785896,True,Right,0.6342549920082092
vid4,245,8168,2,0.4365898370742798,0.6959143280982971,0.014118698425590992,-0.030372019857168198,0.004067919682711363,0.05037659406661987,True,Right,0.6342549920082092
vid4,245,8168,3,0.4776531457901001,0.7109918594360352,0.010940750129520893,0.00030033435905352235,0.005035750567913055,0.0599592849612236,True,Right,0.6342549920082092
vid4,245,8168,4,0.5130547881126404,0.7194077968597412,0.007197363302111626,0.022644883021712303,0.003466468770056963,0.06694518029689789,True,Right,0.6342549920082092
vid4,245,8168,5,0.4661042094230652,0.6892728805541992,0.010599269531667233,0.004202987998723984,-0.0019989721477031708,0.026393380016088486,True,Right,0.6342549920082092
vid4,245,8168,6,0.5261139273643494,0.7056213021278381,-0.0008191114175133407,0.029803793877363205,0.002507138065993786,0.023888349533081055,True,Right,0.6342549920082092
vid4,245,8168,7,0.567103922367096,0.7166070342063904,-0.010476498864591122,0.051856569945812225,0.005210886709392071,0.024239808320999146,True,Right,0.6342549920082092
vid4,245,8168,8,0.6005818843841553,0.7261567115783691,-0.017964983358979225,0.07999160885810852,0.009908139705657959,0.013065129518508911,True,Right,0.6342549920082092
vid4,245,8168,9,0.46674177050590515,0.6914263963699341,-0.007136384025216103,0.0038810588885098696,-0.0027282622177153826,0.005465533584356308,True,Right,0.6342549920082092
vid4,245,8168,10,0.5343263745307922,0.7060577869415283,-0.0204406026750803,0.03662445396184921,0.002528432523831725,-0.0012663155794143677,True,Right,0.6342549920082092
vid4,245,8168,11,0.5821629762649536,0.7179011702537537,-0.03161531686782837,0.06299600750207901,0.0031780025456100702,-0.003519199788570404,True,Right,0.6342549920082092
vid4,245,8168,12,0.621036171913147,0.7255963683128357,-0.03951791673898697,0.09537781774997711,0.005184091627597809,-0.004895508289337158,True,Right,0.6342549920082092
vid4,245,8168,13,0.46120133996009827,0.6985617876052856,-0.025447608903050423,-0.0014665095368400216,-8.800860086921602e-05,-0.01763906329870224,True,Right,0.6342549920082092
vid4,245,8168,14,0.5267863273620605,0.7138247489929199,-0.03676256164908409,0.025105837732553482,0.004018981941044331,-0.021382145583629608,True,Right,0.6342549920082092
vid4,245,8168,15,0.5700816512107849,0.7268726229667664,-0.043417539447546005,0.05219297856092453,0.00739125395193696,-0.02604430913925171,True,Right,0.6342549920082092
vid4,245,8168,16,0.6061168909072876,0.7331730723381042,-0.04870239272713661,0.07953555136919022,0.009693114086985588,-0.02589081972837448,True,Right,0.6342549920082092
vid4,245,8168,17,0.4510869085788727,0.7147746086120605,-0.04343803599476814,-0.015294479206204414,0.0034801417496055365,-0.030632466077804565,True,Right,0.6342549920082092
vid4,245,8168,18,0.4983878433704376,0.726662278175354,-0.052844904363155365,0.004268468823283911,0.005937361624091864,-0.0351833775639534,True,Right,0.6342549920082092
vid4,245,8168,19,0.5314988493919373,0.7327014207839966,-0.05642504617571831,0.02682359889149666,0.009808736853301525,-0.037464290857315063,True,Right,0.6342549920082092
vid4,245,8168,20,0.5606772303581238,0.7375688552856445,-0.05949527397751808,0.04783448949456215,0.011684289202094078,-0.03974729776382446,True,Right,0.6342549920082092
vid4,246,8202,0,0.33381378650665283,0.6745077967643738,2.25381000973357e-07,-0.08619920909404755,-0.008986889384686947,0.010859012603759766,True,Right,0.625730574131012
vid4,246,8202,1,0.3840256333351135,0.6733238697052002,0.010530710220336914,-0.059683218598365784,-0.0060416460037231445,0.0313047431409359,True,Right,0.625730574131012
vid4,246,8202,2,0.44065147638320923,0.6890794038772583,0.012672076001763344,-0.02965373359620571,0.001322666765190661,0.04743146896362305,True,Right,0.625730574131012
vid4,246,8202,3,0.480919748544693,0.7080563306808472,0.009874042123556137,0.0007591526373289526,0.003214465454220772,0.057788968086242676,True,Right,0.625730574131012
vid4,246,8202,4,0.5156784653663635,0.7190820574760437,0.006753385532647371,0.02310696803033352,0.0026577955577522516,0.0626039206981659,True,Right,0.625730574131012
vid4,246,8202,5,0.4692598879337311,0.6856021881103516,0.010308422148227692,0.004781107883900404,-0.004079153295606375,0.025968126952648163,True,Right,0.625730574131012
vid4,246,8202,6,0.5285664200782776,0.7031518816947937,-0.0010330608347430825,0.030439011752605438,0.001349010388366878,0.02332700788974762,True,Right,0.625730574131012
vid4,246,8202,7,0.5696762800216675,0.7139378190040588,-0.010615487582981586,0.052667684853076935,0.004257021937519312,0.02380358800292015,True,Right,0.625730574131012
vid4,246,8202,8,0.6031805872917175,0.7230242490768433,-0.01792975887656212,0.08126932382583618,0.009064368903636932,0.014005415141582489,True,Right,0.625730574131012
vid4,246,8202,9,0.46951502561569214,0.690991222858429,-0.0063073826022446156,0.003921042196452618,-0.002846021670848131,0.005339734256267548,True,Right,0.625730574131012
vid4,246,8202,10,0.5356012582778931,0.7064715623855591,-0.019699709489941597,0.03650067001581192,0.002593613462522626,-0.00097714364528656,True,Right,0.625730574131012
vid4,246,8202,11,0.5834978222846985,0.7183129191398621,-0.03133733943104744,0.0632028803229332,0.0031650131568312645,-0.0027815625071525574,True,Right,0.625730574131012
vid4,246,8202,12,0.6225447058677673,0.7256083488464355,-0.03948184847831726,0.09613846242427826,0.0043289572931826115,-0.003196209669113159,True,Right,0.625730574131012
vid4,246,8202,13,0.46381255984306335,0.7010990381240845,-0.023612508550286293,-0.002022610744461417,0.0007345373160205781,-0.017481185495853424,True,Right,0.625730574131012
vid4,246,8202,14,0.527793824672699,0.7160294055938721,-0.03496474772691727,0.02537349984049797,0.004633682314306498,-0.02056949958205223,True,Right,0.625730574131012
vid4,246,8202,15,0.5714781284332275,0.7273308634757996,-0.04230494424700737,0.05204944312572479,0.007765774615108967,-0.02411070466041565,True,Right,0.625730574131012
vid4,246,8202,16,0.6077165007591248,0.7312137484550476,-0.047878801822662354,0.07977869361639023,0.009343897923827171,-0.024101875722408295,True,Right,0.625730574131012
vid4,246,8202,17,0.45355239510536194,0.7205123901367188,-0.04065157100558281,-0.015603896230459213,0.005403153598308563,-0.030016213655471802,True,Right,0.625730574131012
vid4,246,8202,18,0.5008833408355713,0.7316779494285583,-0.04973267391324043,0.004123490769416094,0.007831210270524025,-0.034062061458826065,True,Right,0.625730574131012
vid4,246,8202,19,0.5341295599937439,0.735710620880127,-0.053540218621492386,0.027195004746317863,0.010958611965179443,-0.035259515047073364,True,Right,0.625730574131012
vid4,246,8202,20,0.5632238388061523,0.7384924292564392,-0.056737370789051056,0.048709895461797714,0.01132818404585123,-0.03623528778553009,True,Right,0.625730574131012
vid4,247,8235,0,0.3325909376144409,0.6697824597358704,2.2586939962820907e-07,-0.08607442677021027,-0.011743380688130856,0.014694876968860626,True,Right,0.6396059989929199
vid4,247,8235,1,0.38235899806022644,0.6731520891189575,0.01097096223384142,-0.059482429176568985,-0.006284352391958237,0.034394145011901855,True,Right,0.6396059989929199
vid4,247,8235,2,0.4380478262901306,0.693871259689331,0.012845484539866447,-0.029657740145921707,0.0027126953937113285,0.051179856061935425,True,Right,0.6396059989929199
vid4,247,8235,3,0.4778877794742584,0.715427815914154,0.009744263254106045,0.00024169511743821204,0.0051100593991577625,0.06020480394363403,True,Right,0.6396059989929199
vid4,247,8235,4,0.5121676921844482,0.7280210852622986,0.00622542342171073,0.022244779393076897,0.005214914679527283,0.06539428979158401,True,Right,0.6396059989929199
vid4,247,8235,5,0.4653666317462921,0.6905790567398071,0.009396874345839024,0.003391376230865717,-0.002564644441008568,0.026569467037916183,True,Right,0.6396059989929199
vid4,247,8235,6,0.5257697701454163,0.7087752223014832,-0.002301479922607541,0.030004462227225304,0.0030945150647312403,0.02456061542034149,True,Right,0.6396059989929199
vid4,247,8235,7,0.5680469870567322,0.7208085060119629,-0.011813034303486347,0.05342816933989525,0.005715254228562117,0.024402335286140442,True,Right,0.6396059989929199
vid4,247,8235,8,0.6019644141197205,0.7308012247085571,-0.018924620002508163,0.08182478696107864,0.011449061334133148,0.013568006455898285,True,Right,0.6396059989929199
vid4,247,8235,9,0.4660480320453644,0.693676233291626,-0.0077447593212127686,0.0039206454530358315,-0.002922649960964918,0.005189502611756325,True,Right,0.6396059989929199
vid4,247,8235,10,0.533256471157074,0.7080146074295044,-0.02165132761001587,0.03636341542005539,0.003310738829895854,-0.0013360381126403809,True,Right,0.6396059989929199
vid4,247,8235,11,0.5821453332901001,0.7190955877304077,-0.03333733230829239,0.06305735558271408,0.003059011185541749,-0.0033856481313705444,True,Right,0.6396059989929199
vid4,247,8235,12,0.6218693256378174,0.7257027626037598,-0.04141051322221756,0.09710996598005295,0.004830765072256327,-0.0023022592067718506,True,Right,0.6396059989929199
vid4,247,8235,13,0.4611542820930481,0.7008950710296631,-0.025433257222175598,-0.0014691516989842057,0.0006298505468294024,-0.017880171537399292,True,Right,0.6396059989929199
vid4,247,8235,14,0.5260107517242432,0.7151660323143005,-0.03709004074335098,0.02501450479030609,0.004546866286545992,-0.02171257510781288,True,Right,0.6396059989929199
vid4,247,8235,15,0.5702530741691589,0.7261278629302979,-0.044198308140039444,0.051780782639980316,0.00782017968595028,-0.0259019136428833,True,Right,0.6396059989929199
vid4,247,8235,16,0.6069453358650208,0.7305143475532532,-0.04952247813344002,0.08017044514417648,0.009473905898630619,-0.026266884058713913,True,Right,0.6396059989929199
vid4,247,8235,17,0.45207226276397705,0.7160733938217163,-0.04280560836195946,-0.014690157026052475,0.003945355769246817,-0.030448928475379944,True,Right,0.6396059989929199
vid4,247,8235,18,0.49962884187698364,0.727016806602478,-0.05209488794207573,0.004177261143922806,0.005937476176768541,-0.03522097319364548,True,Right,0.6396059989929199
vid4,247,8235,19,0.5330422520637512,0.7317139506340027,-0.05582776293158531,0.026921948418021202,0.010201693512499332,-0.0366898775100708,True,Right,0.6396059989929199
vid4,247,8235,20,0.5622389912605286,0.7354016900062561,-0.058903180062770844,0.04874727502465248,0.011751704849302769,-0.03828246891498566,True,Right,0.6396059989929199
vid4,248,8268,0,0.33228787779808044,0.6724684834480286,2.3631436363302782e-07,-0.08359704911708832,-0.010781853459775448,0.008108850568532944,True,Left,0.6118695735931396
vid4,248,8268,1,0.3822024166584015,0.6596429944038391,0.004535488318651915,-0.058258213102817535,-0.010207069106400013,0.028210662305355072,True,Left,0.6118695735931396
vid4,248,8268,2,0.4401276707649231,0.6727414727210999,0.005571864079684019,-0.027870308607816696,-0.003324289107695222,0.043913379311561584,True,Left,0.6118695735931396
vid4,248,8268,3,0.48111051321029663,0.6911552548408508,0.0027767750434577465,0.0023908501025289297,-0.002036095829680562,0.0544290766119957,True,Left,0.6118695735931396
vid4,248,8268,4,0.5163074135780334,0.7009111642837524,0.00024135172134265304,0.025451652705669403,-0.0017410683212801814,0.061391592025756836,True,Left,0.6118695735931396
vid4,248,8268,5,0.46649229526519775,0.6826374530792236,0.008480493910610676,0.002954312367364764,-0.005398236680775881,0.02543012797832489,True,Left,0.6118695735931396
vid4,248,8268,6,0.5251163244247437,0.7010648846626282,-0.004059955012053251,0.02872377634048462,0.0010104775428771973,0.02381254732608795,True,Left,0.6118695735931396
vid4,248,8268,7,0.5671740770339966,0.7118940949440002,-0.014782079495489597,0.052360668778419495,0.0036022141575813293,0.02521873638033867,True,Left,0.6118695735931396
vid4,248,8268,8,0.6013508439064026,0.7206017971038818,-0.02268729731440544,0.08193869143724442,0.007833783514797688,0.015736080706119537,True,Left,0.6118695735931396
vid4,248,8268,9,0.46726977825164795,0.6901009678840637,-0.004781498108059168,0.0036053296644240618,-0.0027283011004328728,0.0057768262922763824,True,Left,0.6118695735931396
vid4,248,8268,10,0.5314606428146362,0.7065898180007935,-0.018811659887433052,0.03510340303182602,0.003713233396410942,0.0008337050676345825,True,Left,0.6118695735931396
vid4,248,8268,11,0.5790479779243469,0.7180634140968323,-0.03153454512357712,0.061986856162548065,0.004166007041931152,0.0001862049102783203,True,Left,0.6118695735931396
vid4,248,8268,12,0.6194475889205933,0.7251285314559937,-0.040101468563079834,0.09634227305650711,0.005208260379731655,0.000661700963973999,True,Left,0.6118695735931396
vid4,248,8268,13,0.4629639685153961,0.7020452618598938,-0.019357653334736824,-0.0010272185318171978,0.0021749327424913645,-0.0170799121260643,True,Left,0.6118695735931396
vid4,248,8268,14,0.5252038836479187,0.7165195941925049,-0.03195725753903389,0.02604212984442711,0.006063517183065414,-0.019153550267219543,True,Left,0.6118695735931396
vid4,248,8268,15,0.5686657428741455,0.7266843914985657,-0.04047717526555061,0.051846373826265335,0.00814293697476387,-0.021652013063430786,True,Left,0.6118695735931396
vid4,248,8268,16,0.6055816411972046,0.729771077632904,-0.046114481985569,0.08022317290306091,0.008792021311819553,-0.02152392268180847,True,Left,0.6118695735931396
vid4,248,8268,17,0.4542694389820099,0.7218656539916992,-0.03424293175339699,-0.013044075109064579,0.005613632965832949,-0.03045286238193512,True,Left,0.6118695735931396
vid4,248,8268,18,0.5012468099594116,0.7324550747871399,-0.04418613016605377,0.0062891836278140545,0.008165019564330578,-0.03286987170577049,True,Left,0.6118695735931396
vid4,248,8268,19,0.534172773361206,0.7361116409301758,-0.04858798906207085,0.028442876413464546,0.011554904282093048,-0.03376565873622894,True,Left,0.6118695735931396
vid4,248,8268,20,0.5634644627571106,0.7380719184875488,-0.05169811099767685,0.0506528839468956,0.011272737756371498,-0.034775301814079285,True,Left,0.6118695735931396
vid4,249,8302,0,0.3363926410675049,0.6759780049324036,2.6795004259838606e-07,-0.08462178707122803,-0.008072036318480968,0.013878412544727325,True,Right,0.7262786626815796
vid4,249,8302,1,0.3854902982711792,0.6685819029808044,0.007382011041045189,-0.0578322596848011,-0.006480305455625057,0.03161584585905075,True,Right,0.7262786626815796
vid4,249,8302,2,0.44024503231048584,0.6864778995513916,0.008358495309948921,-0.029210979118943214,0.0015460136346518993,0.0482790470123291,True,Right,0.7262786626815796
vid4,249,8302,3,0.4790554344654083,0.7075443863868713,0.005182330496609211,0.00035694544203579426,0.0033095446415245533,0.05768996477127075,True,Right,0.7262786626815796
vid4,249,8302,4,0.5123828649520874,0.7201617956161499,0.0021030607167631388,0.022506440058350563,0.0031438039150089025,0.062407009303569794,True,Right,0.7262786626815796
vid4,249,8302,5,0.46720659732818604,0.6843417286872864,0.007695396896451712,0.0037373884115368128,-0.005098951049149036,0.024420082569122314,True,Right,0.7262786626815796
vid4,249,8302,6,0.5271848440170288,0.7009429335594177,-0.004810090642422438,0.029496777802705765,0.00040580861968919635,0.02248142659664154,True,Right,0.7262786626815796
vid4,249,8302,7,0.5699096322059631,0.7129044532775879,-0.01488773338496685,0.052827704697847366,0.00378238083794713,0.02181839570403099,True,Right,0.7262786626815796
vid4,249,8302,8,0.6039079427719116,0.7230255007743835,-0.02194795198738575,0.08048686385154724,0.008722014725208282,0.010293468832969666,True,Right,0.7262786626815796
vid4,249,8302,9,0.46766218543052673,0.6890415549278259,-0.006923569366335869,0.0037001704331487417,-0.0031822447199374437,0.005300130695104599,True,Right,0.7262786626815796
vid4,249,8302,10,0.5342210531234741,0.7044989466667175,-0.020877933129668236,0.03556990996003151,0.002406488871201873,-0.0018568187952041626,True,Right,0.7262786626815796
vid4,249,8302,11,0.582901120185852,0.7160049676895142,-0.032648954540491104,0.0617690309882164,0.0028725620359182358,-0.004598662257194519,True,Right,0.7262786626815796
vid4,249,8302,12,0.6227872371673584,0.7226563096046448,-0.040416449308395386,0.09537656605243683,0.0037228423170745373,-0.003806859254837036,True,Right,0.7262786626815796
vid4,249,8302,13,0.46259593963623047,0.7006770968437195,-0.022378012537956238,-0.00163261778652668,0.0015616046730428934,-0.016573414206504822,True,Right,0.7262786626815796
vid4,249,8302,14,0.5269899368286133,0.7143846750259399,-0.0343172550201416,0.02455257438123226,0.004748607985675335,-0.020664341747760773,True,Right,0.7262786626815796
vid4,249,8302,15,0.5710545778274536,0.7245559692382812,-0.041540663689374924,0.051718320697546005,0.008309262804687023,-0.025683358311653137,True,Right,0.7262786626815796
vid4,249,8302,16,0.6078202128410339,0.7285680174827576,-0.046311479061841965,0.07921852916479111,0.009770340286195278,-0.025282718241214752,True,Right,0.7262786626815796
vid4,249,8302,17,0.4532068073749542,0.7221251726150513,-0.03780631348490715,-0.014841527678072453,0.006455985363572836,-0.02781197428703308,True,Right,0.7262786626815796
vid4,249,8302,18,0.5011212825775146,0.7331072688102722,-0.04678478091955185,0.003927895333617926,0.0088399862870574,-0.032985590398311615,True,Right,0.7262786626815796
vid4,249,8302,19,0.5347393155097961,0.7382506132125854,-0.050149448215961456,0.02666378952562809,0.012548688799142838,-0.03467079997062683,True,Right,0.7262786626815796
vid4,249,8302,20,0.5643830299377441,0.7430967688560486,-0.05251568555831909,0.049156226217746735,0.014665951021015644,-0.03643736243247986,True,Right,0.7262786626815796
vid4,250,8335,0,0.3354622423648834,0.6670681834220886,2.2350188544351113e-07,-0.08656307309865952,-0.009054731577634811,0.012785308063030243,True,Right,0.708873450756073
vid4,250,8335,1,0.3850763440132141,0.6645829677581787,0.010647235438227654,-0.060579247772693634,-0.00720076123252511,0.033320553600788116,True,Right,0.708873450756073
vid4,250,8335,2,0.4397042989730835,0.684430718421936,0.01152714155614376,-0.03059558942914009,0.0020805050153285265,0.0511908084154129,True,Right,0.708873450756073
vid4,250,8335,3,0.47717490792274475,0.7104418873786926,0.007223964668810368,0.0001996135979425162,0.00493876077234745,0.062086306512355804,True,Right,0.708873450756073
vid4,250,8335,4,0.5087158679962158,0.7300897836685181,0.002602357417345047,0.021713413298130035,0.008551041595637798,0.06740058958530426,True,Right,0.708873450756073
vid4,250,8335,5,0.46473580598831177,0.6788843274116516,0.00825592502951622,0.003492753952741623,-0.006174958776682615,0.02641266956925392,True,Right,0.708873450756073
vid4,250,8335,6,0.5240476727485657,0.6987971663475037,-0.005216219928115606,0.029919596388936043,0.0014364817179739475,0.024740859866142273,True,Right,0.708873450756073
vid4,250,8335,7,0.565723717212677,0.7128593921661377,-0.015831876546144485,0.05336106941103935,0.004978127311915159,0.024641044437885284,True,Right,0.708873450756073
vid4,250,8335,8,0.598907470703125,0.72420334815979,-0.023182205855846405,0.08196622133255005,0.010158691555261612,0.01297324150800705,True,Right,0.708873450756073
vid4,250,8335,9,0.4654729962348938,0.6849363446235657,-0.008764863945543766,0.003825447056442499,-0.0034387228079140186,0.0053075384348630905,True,Right,0.708873450756073
vid4,250,8335,10,0.5315448641777039,0.7023485898971558,-0.023136170580983162,0.03688621148467064,0.0036818620283156633,-0.0011772066354751587,True,Right,0.708873450756073
vid4,250,8335,11,0.5796329975128174,0.7151879072189331,-0.03468453511595726,0.06361238658428192,0.00418854271993041,-0.003422282636165619,True,Right,0.708873450756073
vid4,250,8335,12,0.6192961931228638,0.7227392196655273,-0.0423426479101181,0.09836415946483612,0.00571999279782176,-0.0011006593704223633,True,Right,0.708873450756073
vid4,250,8335,13,0.4610988199710846,0.6981016993522644,-0.02631005458533764,-0.001662042341195047,0.0022513242438435555,-0.01763855665922165,True,Right,0.708873450756073
vid4,250,8335,14,0.52583247423172,0.7131879925727844,-0.03787565976381302,0.02621850185096264,0.00676233135163784,-0.02099710702896118,True,Right,0.708873450756073
vid4,250,8335,15,0.5691069960594177,0.7244656085968018,-0.04421316087245941,0.05263228714466095,0.010285383090376854,-0.02535402774810791,True,Right,0.708873450756073
vid4,250,8335,16,0.6050418019294739,0.7297888398170471,-0.048541273921728134,0.08103524148464203,0.0108781848102808,-0.025137659162282944,True,Right,0.708873450756073
vid4,250,8335,17,0.45296138525009155,0.7220808863639832,-0.04376131296157837,-0.015139320865273476,0.007975645363330841,-0.02964620292186737,True,Right,0.708873450756073
vid4,250,8335,18,0.5004835724830627,0.7331797480583191,-0.05207175761461258,0.00480714812874794,0.010479021817445755,-0.03443961217999458,True,Right,0.708873450756073
vid4,250,8335,19,0.5335686206817627,0.7380509376525879,-0.05466306954622269,0.028264043852686882,0.014744541607797146,-0.03631359338760376,True,Right,0.708873450756073
vid4,250,8335,20,0.5624237656593323,0.7425575852394104,-0.056636206805706024,0.05067244544625282,0.015536146238446236,-0.036932431161403656,True,Right,0.708873450756073
vid4,251,8368,0,0.33187833428382874,0.6682413816452026,2.450546219279204e-07,-0.0843665823340416,-0.009842833504080772,0.012198269367218018,True,Right,0.6587942242622375
vid4,251,8368,1,0.37983644008636475,0.6622877717018127,0.004817163571715355,-0.05831831321120262,-0.008413023315370083,0.031316909939050674,True,Right,0.6587942242622375
vid4,251,8368,2,0.43761104345321655,0.6821286678314209,0.005364380311220884,-0.028724506497383118,0.001174792181700468,0.04795251786708832,True,Right,0.6587942242622375
vid4,251,8368,3,0.47793251276016235,0.7055301666259766,0.0020850575529038906,0.002299731597304344,0.002780929673463106,0.05835258960723877,True,Right,0.6587942242622375
vid4,251,8368,4,0.5113996267318726,0.7228031158447266,-0.0011519892141222954,0.024350374937057495,0.0065951175056397915,0.06466439366340637,True,Right,0.6587942242622375
vid4,251,8368,5,0.46174928545951843,0.682940661907196,0.004923749715089798,0.0017063482664525509,-0.005466581787914038,0.025266200304031372,True,Right,0.6587942242622375
vid4,251,8368,6,0.5223832130432129,0.7009666562080383,-0.009742548689246178,0.028689758852124214,0.0013605066342279315,0.024003639817237854,True,Right,0.6587942242622375
vid4,251,8368,7,0.5669079422950745,0.7140145301818848,-0.021081024780869484,0.05335414037108421,0.004405800718814135,0.023659002035856247,True,Right,0.6587942242622375
vid4,251,8368,8,0.6021828055381775,0.7244930863380432,-0.028803305700421333,0.08337123692035675,0.009392430074512959,0.012584134936332703,True,Right,0.6587942242622375
vid4,251,8368,9,0.4630553126335144,0.6878247261047363,-0.008894558064639568,0.0030769447330385447,-0.003128918819129467,0.005624845623970032,True,Right,0.6587942242622375
vid4,251,8368,10,0.5304490923881531,0.7044962644577026,-0.02475663833320141,0.036427970975637436,0.004458281211555004,-0.0003170520067214966,True,Right,0.6587942242622375
vid4,251,8368,11,0.5811551809310913,0.7155938744544983,-0.037953536957502365,0.06403480470180511,0.004041093867272139,-0.0020398497581481934,True,Right,0.6587942242622375
vid4,251,8368,12,0.6246498823165894,0.7222781181335449,-0.046337056905031204,0.10139191150665283,0.0050639985129237175,0.0011453032493591309,True,Right,0.6587942242622375
vid4,251,8368,13,0.4595262110233307,0.6995872259140015,-0.023666203022003174,-0.0007361582247540355,0.002172646578401327,-0.01683681458234787,True,Right,0.6587942242622375
vid4,251,8368,14,0.5249142646789551,0.7138308882713318,-0.03765569627285004,0.02620955929160118,0.006485437508672476,-0.020224474370479584,True,Right,0.6587942242622375
vid4,251,8368,15,0.5707381367683411,0.7233807444572449,-0.046485211700201035,0.05369511619210243,0.009081359952688217,-0.02483615279197693,True,Right,0.6587942242622375
vid4,251,8368,16,0.6102293133735657,0.727056086063385,-0.051742203533649445,0.08421694487333298,0.010014056228101254,-0.02507491409778595,True,Right,0.6587942242622375
vid4,251,8368,17,0.4520673453807831,0.7208037972450256,-0.03864037245512009,-0.012521253898739815,0.006585599854588509,-0.029284119606018066,True,Right,0.6587942242622375
vid4,251,8368,18,0.5011386871337891,0.7321650385856628,-0.04936477169394493,0.006465863902121782,0.00872951652854681,-0.03334648907184601,True,Right,0.6587942242622375
vid4,251,8368,19,0.5353585481643677,0.7369892001152039,-0.0538053922355175,0.029129883274435997,0.013623424805700779,-0.035423457622528076,True,Right,0.6587942242622375
vid4,251,8368,20,0.565666913986206,0.7412599325180054,-0.0565505214035511,0.05332375317811966,0.014147826470434666,-0.03813225030899048,True,Right,0.6587942242622375
vid4,252,8402,0,0.3349084258079529,0.6755608320236206,2.4991928171402833e-07,-0.08488639444112778,-0.007588406093418598,0.009857576340436935,True,Right,0.6427897214889526
vid4,252,8402,1,0.38173019886016846,0.6637088656425476,0.005139697343111038,-0.05929245427250862,-0.0078078461810946465,0.029042936861515045,True,Right,0.6427897214889526
vid4,252,8402,2,0.4381919801235199,0.6779209971427917,0.005901514086872339,-0.02966269478201866,0.0001508585992269218,0.04703770577907562,True,Right,0.6427897214889526
vid4,252,8402,3,0.4778079092502594,0.698294997215271,0.0028869817033410072,0.0009517482831142843,0.0010421621846035123,0.05796435847878456,True,Right,0.6427897214889526
vid4,252,8402,4,0.5109392404556274,0.7122626900672913,-0.00010961310181301087,0.02321457676589489,0.0025322609581053257,0.06654372066259384,True,Right,0.6427897214889526
vid4,252,8402,5,0.4655229151248932,0.6797127723693848,0.005288195330649614,0.002497168490663171,-0.005968181882053614,0.025073431432247162,True,Right,0.6427897214889526
vid4,252,8402,6,0.5252522826194763,0.6977970004081726,-0.008288043551146984,0.028677688911557198,0.0005692137056030333,0.023400157690048218,True,Right,0.6427897214889526
vid4,252,8402,7,0.5677617192268372,0.7122722268104553,-0.01890392228960991,0.05304259806871414,0.004156843759119511,0.02314024791121483,True,Right,0.6427897214889526
vid4,252,8402,8,0.6014869213104248,0.724528431892395,-0.02619251422584057,0.08206192404031754,0.010141486302018166,0.012744694948196411,True,Right,0.6427897214889526
vid4,252,8402,9,0.46682509779930115,0.6870582103729248,-0.008243276737630367,0.003354762913659215,-0.00322621944360435,0.005543328821659088,True,Right,0.6427897214889526
vid4,252,8402,10,0.5333256125450134,0.704497218132019,-0.022871945053339005,0.03644365444779396,0.003798103192821145,-0.0002817809581756592,True,Right,0.6427897214889526
vid4,252,8402,11,0.5819127559661865,0.7167171239852905,-0.03511514142155647,0.06373573839664459,0.0047926632687449455,-0.0015879571437835693,True,Right,0.6427897214889526
vid4,252,8402,12,0.623308002948761,0.7243615388870239,-0.042975373566150665,0.09964142739772797,0.005839075427502394,0.0009328722953796387,True,Right,0.6427897214889526
vid4,252,8402,13,0.4626319408416748,0.7006900310516357,-0.022726722061634064,-0.001045665587298572,0.0023986361920833588,-0.01677437126636505,True,Right,0.6427897214889526
vid4,252,8402,14,0.5263956785202026,0.7150725722312927,-0.03546196222305298,0.02603548765182495,0.0064261723309755325,-0.02032887563109398,True,Right,0.6427897214889526
vid4,252,8402,15,0.5706709623336792,0.7242335081100464,-0.04348991438746452,0.05338938161730766,0.00968632660806179,-0.024643003940582275,True,Right,0.6427897214889526
vid4,252,8402,16,0.6087905168533325,0.7276228666305542,-0.04851273074746132,0.0825767070055008,0.009883159771561623,-0.02476441115140915,True,Right,0.6427897214889526
vid4,252,8402,17,0.4540570080280304,0.7228151559829712,-0.03740708902478218,-0.013601581566035748,0.007635587826371193,-0.029195576906204224,True,Right,0.6427897214889526
vid4,252,8402,18,0.5021250247955322,0.7333571910858154,-0.047391556203365326,0.005698325112462044,0.009702839888632298,-0.033693306148052216,True,Right,0.6427897214889526
vid4,252,8402,19,0.5356264710426331,0.7373960614204407,-0.0513625331223011,0.028489725664258003,0.013548290356993675,-0.035583704710006714,True,Right,0.6427897214889526
vid4,252,8402,20,0.5655452013015747,0.7411064505577087,-0.05388547480106354,0.05204716697335243,0.01412605494260788,-0.03760317713022232,True,Right,0.6427897214889526
vid4,253,8435,0,0.33964869379997253,0.6701023578643799,2.4079059812720516e-07,-0.08654329925775528,-0.008118750527501106,0.012915335595607758,True,Right,0.6406521797180176
vid4,253,8435,1,0.3882865607738495,0.6668484210968018,0.008051049895584583,-0.05932653695344925,-0.007095710840076208,0.03250442072749138,True,Right,0.6406521797180176
vid4,253,8435,2,0.4441946744918823,0.6833779811859131,0.008646214380860329,-0.029476618394255638,0.0013183398405089974,0.050802603363990784,True,Right,0.6406521797180176
vid4,253,8435,3,0.48265668749809265,0.7071514129638672,0.004653187468647957,0.00147377816028893,0.003694227896630764,0.06249142065644264,True,Right,0.6406521797180176
vid4,253,8435,4,0.5151150226593018,0.7247161865234375,0.00033301429357379675,0.02364419959485531,0.008022437803447247,0.0676422193646431,True,Right,0.6406521797180176
vid4,253,8435,5,0.4694499969482422,0.6800205111503601,0.007020935881882906,0.003995930776000023,-0.006570686120539904,0.025954339653253555,True,Right,0.6406521797180176
vid4,253,8435,6,0.5285207629203796,0.6978000998497009,-0.006903546396642923,0.030006635934114456,0.0001848804677138105,0.023475542664527893,True,Right,0.6406521797180176
vid4,253,8435,7,0.5704777836799622,0.709863007068634,-0.018104685470461845,0.053445614874362946,0.003776141908019781,0.022450603544712067,True,Right,0.6406521797180176
vid4,253,8435,8,0.6041121482849121,0.7202255725860596,-0.025942301377654076,0.08230172842741013,0.007962045259773731,0.011422581970691681,True,Right,0.6406521797180176
vid4,253,8435,9,0.4699859023094177,0.6873934268951416,-0.00861433707177639,0.0036512722726911306,-0.0033113318495452404,0.0053091272711753845,True,Right,0.6406521797180176
vid4,253,8435,10,0.5361490845680237,0.7034461498260498,-0.023281116038560867,0.03702102228999138,0.003186241490766406,-0.0012172311544418335,True,Right,0.6406521797180176
vid4,253,8435,11,0.5841748118400574,0.7152906656265259,-0.03549901768565178,0.06381821632385254,0.00353410467505455,-0.005320563912391663,True,Right,0.6406521797180176
vid4,253,8435,12,0.6244053244590759,0.7224631309509277,-0.04357051104307175,0.09924259036779404,0.004948881920427084,-0.003915131092071533,True,Right,0.6406521797180176
vid4,253,8435,13,0.46500852704048157,0.7015320062637329,-0.02499750815331936,-0.002059007529169321,0.0022351567167788744,-0.017380841076374054,True,Right,0.6406521797180176
vid4,253,8435,14,0.5294986963272095,0.7146700620651245,-0.03757646307349205,0.02573923021554947,0.005641920026391745,-0.021718047559261322,True,Right,0.6406521797180176
vid4,253,8435,15,0.5726885199546814,0.7254204750061035,-0.04469694942235947,0.052835144102573395,0.00959237851202488,-0.027292609214782715,True,Right,0.6406521797180176
vid4,253,8435,16,0.6089038252830505,0.7303606867790222,-0.04934552684426308,0.08216061443090439,0.011074674315750599,-0.027756929397583008,True,Right,0.6406521797180176
vid4,253,8435,17,0.45574766397476196,0.7250481843948364,-0.04141349717974663,-0.015009879134595394,0.00818058755248785,-0.029748931527137756,True,Right,0.6406521797180176
vid4,253,8435,18,0.5025327205657959,0.7350267171859741,-0.05096321552991867,0.004272017627954483,0.01057717576622963,-0.034792691469192505,True,Right,0.6406521797180176
vid4,253,8435,19,0.5353237986564636,0.7404864430427551,-0.0541369691491127,0.02743019536137581,0.014624782837927341,-0.03687077760696411,True,Right,0.6406521797180176
vid4,253,8435,20,0.5640076994895935,0.7458835244178772,-0.05632385239005089,0.05073140189051628,0.015134867280721664,-0.039760224521160126,True,Right,0.6406521797180176
vid4,254,8468,0,0.33476772904396057,0.6674667000770569,2.1524455462440528e-07,-0.08566460013389587,-0.00927392765879631,0.011758532375097275,True,Right,0.6409690380096436
vid4,254,8468,1,0.3837558925151825,0.6625424027442932,0.0102671068161726,-0.06011436879634857,-0.007794528733938932,0.03261835500597954,True,Right,0.6409690380096436
vid4,254,8468,2,0.4392091631889343,0.6807298064231873,0.011752958409488201,-0.02997465245425701,0.0007970543229021132,0.05031731724739075,True,Right,0.6409690380096436
vid4,254,8468,3,0.47731003165245056,0.7045102119445801,0.008283284492790699,0.0003963107301387936,0.002918736543506384,0.06086725741624832,True,Right,0.6409690380096436
vid4,254,8468,4,0.5097082257270813,0.7223182916641235,0.004610219970345497,0.022016184404492378,0.005496357101947069,0.06657320261001587,True,Right,0.6409690380096436
vid4,254,8468,5,0.4646235406398773,0.6795443892478943,0.008909718133509159,0.0027222929056733847,-0.006268616300076246,0.026571650058031082,True,Right,0.6409690380096436
vid4,254,8468,6,0.5234768390655518,0.6986653804779053,-0.0037281785625964403,0.029157666489481926,0.0009087453363463283,0.025415390729904175,True,Right,0.6409690380096436
vid4,254,8468,7,0.5655398368835449,0.7123255133628845,-0.013777656480669975,0.053040508180856705,0.004464989528059959,0.02682129293680191,True,Right,0.6409690380096436
vid4,254,8468,8,0.5990363359451294,0.7233118414878845,-0.021011169999837875,0.08241849392652512,0.00952017679810524,0.017048649489879608,True,Right,0.6409690380096436
vid4,254,8468,9,0.4655151665210724,0.6858404278755188,-0.007686718367040157,0.003427657065913081,-0.0034066697116941214,0.005392491817474365,True,Right,0.6409690380096436
vid4,254,8468,10,0.5317225456237793,0.7020024657249451,-0.022240029647946358,0.036492135375738144,0.0034787841141223907,-0.00020927190780639648,True,Right,0.6409690380096436
vid4,254,8468,11,0.5801286697387695,0.7147249579429626,-0.033978600054979324,0.06359575688838959,0.0036060339771211147,-0.0008340924978256226,True,Right,0.6409690380096436
vid4,254,8468,12,0.6204085946083069,0.7224627733230591,-0.04175876826047897,0.0993088111281395,0.005341385956853628,0.0033873021602630615,True,Right,0.6409690380096436
vid4,254,8468,13,0.4612257778644562,0.6986952424049377,-0.024862883612513542,-0.0010627226438373327,0.002499447902664542,-0.01770854741334915,True,Right,0.6409690380096436
vid4,254,8468,14,0.5253616571426392,0.7129584550857544,-0.0368429496884346,0.02620728313922882,0.006726927123963833,-0.020515982061624527,True,Right,0.6409690380096436
vid4,254,8468,15,0.5690879821777344,0.7249113321304321,-0.04386397451162338,0.05272877961397171,0.009914103895425797,-0.023733407258987427,True,Right,0.6409690380096436
vid4,254,8468,16,0.6055331230163574,0.7306438684463501,-0.04866272583603859,0.0814986303448677,0.011258031241595745,-0.022753309458494186,True,Right,0.6409690380096436
vid4,254,8468,17,0.4529755711555481,0.7215244174003601,-0.04189851135015488,-0.013842652551829815,0.007525152526795864,-0.029949411749839783,True,Right,0.6409690380096436
vid4,254,8468,18,0.5007556676864624,0.7309055328369141,-0.050872042775154114,0.0056994943879544735,0.009261410683393478,-0.034028325229883194,True,Right,0.6409690380096436
vid4,254,8468,19,0.5339284539222717,0.7348206639289856,-0.0542612299323082,0.02858802117407322,0.01353165227919817,-0.035193026065826416,True,Right,0.6409690380096436
vid4,254,8468,20,0.5628893375396729,0.7388626337051392,-0.05682887136936188,0.05128102749586105,0.014099517837166786,-0.03533066809177399,True,Right,0.6409690380096436
vid4,255,8502,0,,,,,,,False,,
vid4,255,8502,1,,,,,,,False,,
vid4,255,8502,2,,,,,,,False,,
vid4,255,8502,3,,,,,,,False,,
vid4,255,8502,4,,,,,,,False,,
vid4,255,8502,5,,,,,,,False,,
vid4,255,8502,6,,,,,,,False,,
vid4,255,8502,7,,,,,,,False,,
vid4,255,8502,8,,,,,,,False,,
vid4,255,8502,9,,,,,,,False,,
vid4,255,8502,10,,,,,,,False,,
vid4,255,8502,11,,,,,,,False,,
vid4,255,8502,12,,,,,,,False,,
vid4,255,8502,13,,,,,,,False,,
vid4,255,8502,14,,,,,,,False,,
vid4,255,8502,15,,,,,,,False,,
vid4,255,8502,16,,,,,,,False,,
vid4,255,8502,17,,,,,,,False,,
vid4,255,8502,18,,,,,,,False,,
vid4,255,8502,19,,,,,,,False,,
vid4,255,8502,20,,,,,,,False,,
vid4,256,8535,0,0.3171645700931549,0.6702165603637695,-3.0415179708143114e-08,-0.08699750155210495,-0.01056835800409317,0.00392518937587738,True,Right,0.8787954449653625
vid4,256,8535,1,0.36879441142082214,0.6758358478546143,0.014214208349585533,-0.06644921749830246,-0.01006594579666853,0.023021254688501358,True,Right,0.8787954449653625
vid4,256,8535,2,0.4213514029979706,0.6869988441467285,0.01872393488883972,-0.038149479776620865,-0.00025712637579999864,0.03894059360027313,True,Right,0.8787954449653625
vid4,256,8535,3,0.45850759744644165,0.698698878288269,0.017505915835499763,-0.009518968872725964,0.002481156960129738,0.05233269929885864,True,Right,0.8787954449653625
vid4,256,8535,4,0.48859065771102905,0.71656334400177,0.016218451783061028,0.01607133261859417,0.005876932758837938,0.06235504150390625,True,Right,0.8787954449653625
vid4,256,8535,5,0.4547334909439087,0.6774443984031677,0.016130715608596802,0.0012549790553748608,-0.0048429216258227825,0.023998823016881943,True,Right,0.8787954449653625
vid4,256,8535,6,0.5180677175521851,0.6969137787818909,0.0065036616288125515,0.027630813419818878,0.001451327814720571,0.024417027831077576,True,Right,0.8787954449653625
vid4,256,8535,7,0.5621410608291626,0.7092679142951965,-0.0007743523456156254,0.05389019846916199,0.004014007747173309,0.02878926694393158,True,Right,0.8787954449653625
vid4,256,8535,8,0.597323477268219,0.7175253629684448,-0.005976762622594833,0.08481233566999435,0.007350076921284199,0.022657938301563263,True,Right,0.8787954449653625
vid4,256,8535,9,0.4577747583389282,0.6816918253898621,-0.00012468316708691418,0.004747683182358742,-0.002518881345167756,0.004522092640399933,True,Right,0.8787954449653625
vid4,256,8535,10,0.5281491875648499,0.6988468170166016,-0.01290760189294815,0.03715217858552933,0.0048054237850010395,0.003601580858230591,True,Right,0.8787954449653625
vid4,256,8535,11,0.5774020552635193,0.7135874032974243,-0.022615965455770493,0.06683038175106049,0.0036908790934830904,0.004778511822223663,True,Right,0.8787954449653625
vid4,256,8535,12,0.618704617023468,0.7245596051216125,-0.028218623250722885,0.10143417119979858,0.010565134696662426,0.006066367030143738,True,Right,0.8787954449653625
vid4,256,8535,13,0.4547021687030792,0.6951841115951538,-0.016643404960632324,0.0013624165439978242,0.0020677850116044283,-0.016343876719474792,True,Right,0.8787954449653625
vid4,256,8535,14,0.5253707766532898,0.7108052968978882,-0.0271769929677248,0.028842641040682793,0.006332301069051027,-0.017029378563165665,True,Right,0.8787954449653625
vid4,256,8535,15,0.5711305737495422,0.7237919569015503,-0.032950516790151596,0.05592046305537224,0.010462545789778233,-0.0173952579498291,True,Right,0.8787954449653625
vid4,256,8535,16,0.6099129915237427,0.7333747148513794,-0.03566935658454895,0.08793023973703384,0.015277402475476265,-0.014621347188949585,True,Right,0.8787954449653625
vid4,256,8535,17,0.44453316926956177,0.7207806706428528,-0.03261526674032211,-0.012078660540282726,0.005358352325856686,-0.02782626450061798,True,Right,0.8787954449653625
vid4,256,8535,18,0.5004373788833618,0.7315205931663513,-0.04045075178146362,0.009774118661880493,0.009820208884775639,-0.03136219084262848,True,Right,0.8787954449653625
vid4,256,8535,19,0.5381638407707214,0.7372839450836182,-0.04237747937440872,0.03666297346353531,0.015154226683080196,-0.03057701885700226,True,Right,0.8787954449653625
vid4,256,8535,20,0.5711814761161804,0.7450373768806458,-0.042756106704473495,0.060716092586517334,0.019095391035079956,-0.029390204697847366,True,Right,0.8787954449653625
vid4,257,8568,0,0.3322782516479492,0.6726600527763367,2.388470932146447e-07,-0.08678991347551346,-0.008517097681760788,0.012988436967134476,True,Right,0.718585193157196
vid4,257,8568,1,0.3820384740829468,0.6684351563453674,0.014259500429034233,-0.06012002378702164,-0.006071301177144051,0.03351660445332527,True,Right,0.718585193157196
vid4,257,8568,2,0.43796131014823914,0.6848964095115662,0.016615327447652817,-0.03072924166917801,0.0009080188465304673,0.05331191420555115,True,Right,0.718585193157196
vid4,257,8568,3,0.47781839966773987,0.7048010230064392,0.01357227098196745,-0.0010646773735061288,0.002829869743436575,0.06601772457361221,True,Right,0.718585193157196
vid4,257,8568,4,0.511508047580719,0.7175837159156799,0.009841122664511204,0.021238673478364944,0.0035544224083423615,0.07473985105752945,True,Right,0.718585193157196
vid4,257,8568,5,0.4699574410915375,0.6836628317832947,0.009357013739645481,0.005426532123237848,-0.0045517985709011555,0.026194337755441666,True,Right,0.718585193157196
vid4,257,8568,6,0.5313396453857422,0.7020732164382935,-0.001736279227770865,0.030817629769444466,0.0011774922022596002,0.02410958707332611,True,Right,0.718585193157196
vid4,257,8568,7,0.5728564262390137,0.7128463387489319,-0.010228789411485195,0.05333998054265976,0.004488974343985319,0.02314016968011856,True,Right,0.718585193157196
vid4,257,8568,8,0.6065487265586853,0.7225790619850159,-0.01655861735343933,0.07985206693410873,0.010232503525912762,0.011111967265605927,True,Right,0.718585193157196
vid4,257,8568,9,0.46979138255119324,0.6887539029121399,-0.009260397404432297,0.004119477700442076,-0.0029913384933024645,0.005250371992588043,True,Right,0.718585193157196
vid4,257,8568,10,0.5378804802894592,0.7045112252235413,-0.022347839549183846,0.03610377758741379,0.00247834250330925,-0.002688094973564148,True,Right,0.718585193157196
vid4,257,8568,11,0.5861243009567261,0.7161628603935242,-0.032262902706861496,0.062037739902734756,0.003164921421557665,-0.006864279508590698,True,Right,0.718585193157196
vid4,257,8568,12,0.6244974136352539,0.7232362627983093,-0.039255496114492416,0.09361457079648972,0.004047182854264975,-0.0077703893184661865,True,Right,0.718585193157196
vid4,257,8568,13,0.46317416429519653,0.6990134716033936,-0.02803059294819832,-0.002741180593147874,0.0012602213537320495,-0.017385341227054596,True,Right,0.718585193157196
vid4,257,8568,14,0.5295366048812866,0.7144351601600647,-0.03865434601902962,0.024260422214865685,0.004857707768678665,-0.023333940654993057,True,Right,0.718585193157196
vid4,257,8568,15,0.5732164978981018,0.725642204284668,-0.04402388259768486,0.051122743636369705,0.0092494897544384,-0.028451204299926758,True,Right,0.718585193157196
vid4,257,8568,16,0.6092655062675476,0.7304792404174805,-0.04847637191414833,0.07836668938398361,0.009797886945307255,-0.029049649834632874,True,Right,0.718585193157196
vid4,257,8568,17,0.45210686326026917,0.7186675071716309,-0.04621228948235512,-0.016840431839227676,0.006259756162762642,-0.02997894585132599,True,Right,0.718585193157196
vid4,257,8568,18,0.5016370415687561,0.7306134700775146,-0.05506103113293648,0.0021185309160500765,0.008681213483214378,-0.036430034786462784,True,Right,0.718585193157196
vid4,257,8568,19,0.5360226631164551,0.7366344928741455,-0.057983964681625366,0.025513021275401115,0.012430515140295029,-0.03858084976673126,True,Right,0.718585193157196
vid4,257,8568,20,0.5661100745201111,0.7417811155319214,-0.060542553663253784,0.047400228679180145,0.013528401963412762,-0.03995940089225769,True,Right,0.718585193157196
vid4,258,8602,0,0.33546388149261475,0.6703343391418457,1.9491690750328416e-07,-0.08842756599187851,-0.007670839317142963,0.011438414454460144,True,Right,0.7558639049530029
vid4,258,8602,1,0.3856305181980133,0.6714772582054138,0.015209943056106567,-0.06157057732343674,-0.0050426507368683815,0.033614642918109894,True,Right,0.7558639049530029
vid4,258,8602,2,0.44030627608299255,0.6903558969497681,0.0183950737118721,-0.0322309285402298,0.003521334147080779,0.052743732929229736,True,Right,0.7558639049530029
vid4,258,8602,3,0.47769683599472046,0.7139798402786255,0.015586894936859608,-0.0014809152344241738,0.0064561618492007256,0.06479410827159882,True,Right,0.7558639049530029
vid4,258,8602,4,0.5095284581184387,0.7321776151657104,0.012182503938674927,0.020176563411951065,0.008583377115428448,0.071431003510952,True,Right,0.7558639049530029
vid4,258,8602,5,0.4697476029396057,0.6786035895347595,0.012931679375469685,0.004959824960678816,-0.00567774660885334,0.026974201202392578,True,Right,0.7558639049530029
vid4,258,8602,6,0.5300540924072266,0.6977234482765198,0.0013136056950315833,0.031023086979985237,0.0012936999555677176,0.024385184049606323,True,Right,0.7558639049530029
vid4,258,8602,7,0.5713687539100647,0.7129005193710327,-0.00815646443516016,0.053565382957458496,0.005174065940082073,0.024442963302135468,True,Right,0.7558639049530029
vid4,258,8602,8,0.6046069264411926,0.7262430191040039,-0.015107804909348488,0.08230648189783096,0.01135780569165945,0.012812770903110504,True,Right,0.7558639049530029
vid4,258,8602,9,0.46987423300743103,0.6838910579681396,-0.006114771123975515,0.004205087199807167,-0.00350059918127954,0.0051419660449028015,True,Right,0.7558639049530029
vid4,258,8602,10,0.5369340181350708,0.7003454566001892,-0.019233116880059242,0.036949243396520615,0.0028319244738668203,-0.0020356327295303345,True,Right,0.7558639049530029
vid4,258,8602,11,0.5845760703086853,0.714311957359314,-0.03031131997704506,0.06371135264635086,0.003891364671289921,-0.005325905978679657,True,Right,0.7558639049530029
vid4,258,8602,12,0.6240227222442627,0.7232474684715271,-0.0380081944167614,0.09778016060590744,0.006443546153604984,-0.004277676343917847,True,Right,0.7558639049530029
vid4,258,8602,13,0.46448034048080444,0.6973126530647278,-0.0254382137209177,-0.0021427436731755733,0.0017989450134336948,-0.018182896077632904,True,Right,0.7558639049530029
vid4,258,8602,14,0.5296033620834351,0.7121195793151855,-0.03606017306447029,0.02578483335673809,0.006404244340956211,-0.022800061851739883,True,Right,0.7558639049530029
vid4,258,8602,15,0.5731355547904968,0.7244436144828796,-0.04277477040886879,0.052112460136413574,0.010509919375181198,-0.027886003255844116,True,Right,0.7558639049530029
vid4,258,8602,16,0.6096691489219666,0.7304232120513916,-0.04794267565011978,0.08076875656843185,0.012273541651666164,-0.02830447256565094,True,Right,0.7558639049530029
vid4,258,8602,17,0.45508337020874023,0.7229738235473633,-0.044218845665454865,-0.016729392111301422,0.007875167764723301,-0.0304652601480484,True,Right,0.7558639049530029
vid4,258,8602,18,0.5027137398719788,0.7338237762451172,-0.052615776658058167,0.003541288198903203,0.010822818614542484,-0.036594636738300323,True,Right,0.7558639049530029
vid4,258,8602,19,0.5354114770889282,0.7388939261436462,-0.05587702617049217,0.026763617992401123,0.014914280734956264,-0.03909425437450409,True,Right,0.7558639049530029
vid4,258,8602,20,0.5639689564704895,0.7435912489891052,-0.05863526090979576,0.048543527722358704,0.016238681972026825,-0.038859978318214417,True,Right,0.7558639049530029
vid4,259,8635,0,0.33415842056274414,0.6673527359962463,1.9220908598072128e-07,-0.0885639637708664,-0.008448855020105839,0.010674148797988892,True,Right,0.7805381417274475
vid4,259,8635,1,0.3839258551597595,0.6747407913208008,0.015165358781814575,-0.062279317528009415,-0.004861387889832258,0.034185994416475296,True,Right,0.7805381417274475
vid4,259,8635,2,0.43833234906196594,0.6945525407791138,0.018033310770988464,-0.03254302218556404,0.004880810156464577,0.05323304235935211,True,Right,0.7805381417274475
vid4,259,8635,3,0.47528812289237976,0.7181580662727356,0.014771753922104836,-0.0012537320144474506,0.007481380831450224,0.06647233664989471,True,Right,0.7805381417274475
vid4,259,8635,4,0.5070421099662781,0.7374511361122131,0.010954507626593113,0.020098069682717323,0.010157703422009945,0.07259329408407211,True,Right,0.7805381417274475
vid4,259,8635,5,0.46587294340133667,0.6810383796691895,0.012907586060464382,0.004385192412883043,-0.005040838848799467,0.02796950563788414,True,Right,0.7805381417274475
vid4,259,8635,6,0.5249950885772705,0.7009357810020447,0.0008848494035191834,0.030580539256334305,0.0020552189089357853,0.026225432753562927,True,Right,0.7805381417274475
vid4,259,8635,7,0.5659657120704651,0.7168209552764893,-0.008989768102765083,0.05318561568856239,0.006027058232575655,0.026568710803985596,True,Right,0.7805381417274475
vid4,259,8635,8,0.5989375114440918,0.7303172945976257,-0.01619017869234085,0.08207026869058609,0.012089374475181103,0.015613734722137451,True,Right,0.7805381417274475
vid4,259,8635,9,0.46661627292633057,0.6857208609580994,-0.00648054014891386,0.004004534799605608,-0.0035633305087685585,0.0054476261138916016,True,Right,0.7805381417274475
vid4,259,8635,10,0.5335080027580261,0.7022977471351624,-0.01982843317091465,0.037320759147405624,0.003614360000938177,-0.0011082291603088379,True,Right,0.7805381417274475
vid4,259,8635,11,0.5813809633255005,0.7169630527496338,-0.031172379851341248,0.06445413827896118,0.004426948260515928,-0.002639278769493103,True,Right,0.7805381417274475
vid4,259,8635,12,0.6208849549293518,0.7266880869865417,-0.03904487192630768,0.09900041669607162,0.00704824598506093,-0.0007742941379547119,True,Right,0.7805381417274475
vid4,259,8635,13,0.4620349109172821,0.6974862813949585,-0.026133595034480095,-0.0017746760277077556,0.0014724881621077657,-0.018620751798152924,True,Right,0.7805381417274475
vid4,259,8635,14,0.5270342826843262,0.7121773362159729,-0.03675928711891174,0.026101354509592056,0.006307047326117754,-0.022409971803426743,True,Right,0.7805381417274475
vid4,259,8635,15,0.5702272653579712,0.7251240611076355,-0.04328922554850578,0.05313148722052574,0.010057402774691582,-0.026975572109222412,True,Right,0.7805381417274475
vid4,259,8635,16,0.6061793565750122,0.7320842146873474,-0.048285771161317825,0.08173295855522156,0.012287788093090057,-0.02674226462841034,True,Right,0.7805381417274475
vid4,259,8635,17,0.45381057262420654,0.7207738161087036,-0.04532678797841072,-0.015871888026595116,0.007396253757178783,-0.031753093004226685,True,Right,0.7805381417274475
vid4,259,8635,18,0.501146674156189,0.7309749126434326,-0.0533299557864666,0.00437102559953928,0.010022630915045738,-0.03678392618894577,True,Right,0.7805381417274475
vid4,259,8635,19,0.5338855981826782,0.7355526685714722,-0.05625670775771141,0.027775030583143234,0.01440154854208231,-0.03840513527393341,True,Right,0.7805381417274475
vid4,259,8635,20,0.5623999238014221,0.7401328682899475,-0.058828819543123245,0.049820899963378906,0.015458297915756702,-0.03861682116985321,True,Right,0.7805381417274475
vid4,260,8668,0,0.331281453371048,0.6667833924293518,2.1556070350925438e-07,-0.08535577356815338,-0.00953532475978136,0.012158960103988647,True,Right,0.6872463226318359
vid4,260,8668,1,0.38208693265914917,0.6617670059204102,0.011262635700404644,-0.06001050025224686,-0.008484331890940666,0.03364396467804909,True,Right,0.6872463226318359
vid4,260,8668,2,0.43785202503204346,0.6810575127601624,0.013181662186980247,-0.030300436541438103,0.0009626106475479901,0.05097439885139465,True,Right,0.6872463226318359
vid4,260,8668,3,0.4755910336971283,0.7065228223800659,0.009895804338157177,0.00032815421582199633,0.0026891473680734634,0.061624180525541306,True,Right,0.6872463226318359
vid4,260,8668,4,0.5072943568229675,0.7258154153823853,0.006373198237270117,0.021411390975117683,0.006113990675657988,0.06718143075704575,True,Right,0.6872463226318359
vid4,260,8668,5,0.4619985520839691,0.6784462332725525,0.00904001947492361,0.0026479687076061964,-0.006629738491028547,0.02640179544687271,True,Right,0.6872463226318359
vid4,260,8668,6,0.5224778056144714,0.6977318525314331,-0.00448645418509841,0.029116109013557434,0.0008359318017028272,0.025615990161895752,True,Right,0.6872463226318359
vid4,260,8668,7,0.5655896067619324,0.7131984829902649,-0.0149243688210845,0.05272236093878746,0.00474239606410265,0.02714342623949051,True,Right,0.6872463226318359
vid4,260,8668,8,0.6000176072120667,0.7262405157089233,-0.022195924073457718,0.08291684836149216,0.010633003897964954,0.01707780361175537,True,Right,0.6872463226318359
vid4,260,8668,9,0.46287986636161804,0.6849768161773682,-0.008155018091201782,0.0033449239563196898,-0.0032870264258235693,0.0053541455417871475,True,Right,0.6872463226318359
vid4,260,8668,10,0.5306059718132019,0.7012153267860413,-0.02299446612596512,0.03609960898756981,0.004212713800370693,0.00023983418941497803,True,Right,0.6872463226318359
vid4,260,8668,11,0.5802090167999268,0.7145246863365173,-0.034889861941337585,0.06357588618993759,0.004109744913876057,0.00019183754920959473,True,Right,0.6872463226318359
vid4,260,8668,12,0.6216878890991211,0.7234467267990112,-0.042687464505434036,0.1000644862651825,0.006144916173070669,0.003564298152923584,True,Right,0.6872463226318359
vid4,260,8668,13,0.45905718207359314,0.6983657479286194,-0.025834904983639717,-0.0009587183012627065,0.002671415451914072,-0.017587929964065552,True,Right,0.6872463226318359
vid4,260,8668,14,0.5248898267745972,0.7117459177970886,-0.03831757977604866,0.026369785889983177,0.007173864170908928,-0.019851043820381165,True,Right,0.6872463226318359
vid4,260,8668,15,0.5699994564056396,0.7232439517974854,-0.04582558572292328,0.05378817766904831,0.009811002761125565,-0.023685961961746216,True,Right,0.6872463226318359
vid4,260,8668,16,0.6078082323074341,0.7290416359901428,-0.05077968165278435,0.08319249749183655,0.011273891665041447,-0.023131348192691803,True,Right,0.6872463226318359
vid4,260,8668,17,0.45168066024780273,0.7220852971076965,-0.04329681023955345,-0.013605470769107342,0.007647686637938023,-0.029938489198684692,True,Right,0.6872463226318359
vid4,260,8668,18,0.500535249710083,0.7317441701889038,-0.05270296707749367,0.006021606270223856,0.01023621205240488,-0.033833883702754974,True,Right,0.6872463226318359
vid4,260,8668,19,0.5344112515449524,0.7357746362686157,-0.05638532340526581,0.029072213917970657,0.01468276884406805,-0.03531152009963989,True,Right,0.6872463226318359
vid4,260,8668,20,0.5642082095146179,0.73944091796875,-0.05907123163342476,0.05259764939546585,0.014728468842804432,-0.03634391725063324,True,Right,0.6872463226318359
vid4,261,8702,0,0.3349340856075287,0.6750917434692383,2.78034832490448e-07,-0.08407724648714066,-0.00696179736405611,0.013962730765342712,True,Right,0.7586230039596558
vid4,261,8702,1,0.3801620900630951,0.6632772088050842,0.004046691581606865,-0.058845583349466324,-0.006757328752428293,0.03140141814947128,True,Right,0.7586230039596558
vid4,261,8702,2,0.4357237219810486,0.6786479353904724,0.003464924870058894,-0.02963864803314209,0.00031608177232556045,0.048272863030433655,True,Right,0.7586230039596558
vid4,261,8702,3,0.47525885701179504,0.6978176236152649,-0.0005092428764328361,-0.0006220305222086608,0.001492913463152945,0.058737508952617645,True,Right,0.7586230039596558
vid4,261,8702,4,0.5090420246124268,0.7109835743904114,-0.004267540294677019,0.021560722962021828,0.00033686787355691195,0.06590244174003601,True,Right,0.7586230039596558
vid4,261,8702,5,0.46506401896476746,0.6789441108703613,0.0019130659056827426,0.00343491998501122,-0.005986916366964579,0.023984067142009735,True,Right,0.7586230039596558
vid4,261,8702,6,0.5252056121826172,0.6964552998542786,-0.01161691639572382,0.028551267459988594,-3.766989539144561e-05,0.022236600518226624,True,Right,0.7586230039596558
vid4,261,8702,7,0.5672469735145569,0.7119202017784119,-0.021861160174012184,0.052021000534296036,0.004043818451464176,0.02169105038046837,True,Right,0.7586230039596558
vid4,261,8702,8,0.600480318069458,0.7252928018569946,-0.02887604385614395,0.08048046380281448,0.010905097238719463,0.01156904548406601,True,Right,0.7586230039596558
vid4,261,8702,9,0.4660276174545288,0.6849424839019775,-0.011174697428941727,0.0037012447137385607,-0.0034831874072551727,0.005359981209039688,True,Right,0.7586230039596558
vid4,261,8702,10,0.5333425998687744,0.7014639377593994,-0.025755425915122032,0.03578680753707886,0.0028381096199154854,-0.0021252185106277466,True,Right,0.7586230039596558
vid4,261,8702,11,0.5820763111114502,0.7151952385902405,-0.03715984895825386,0.06213871017098427,0.0038318282458931208,-0.0034971386194229126,True,Right,0.7586230039596558
vid4,261,8702,12,0.6221811175346375,0.7238974571228027,-0.04455943778157234,0.09689167141914368,0.005700938869267702,-0.0010555088520050049,True,Right,0.7586230039596558
vid4,261,8702,13,0.4613424241542816,0.6986801028251648,-0.02517039142549038,-0.0012276418274268508,0.0026948770973831415,-0.016244851052761078,True,Right,0.7586230039596558
vid4,261,8702,14,0.5264277458190918,0.7131210565567017,-0.03728354722261429,0.02491496130824089,0.005982551258057356,-0.02101130783557892,True,Right,0.7586230039596558
vid4,261,8702,15,0.570594072341919,0.7242412567138672,-0.044088661670684814,0.052624933421611786,0.009483552537858486,-0.025156378746032715,True,Right,0.7586230039596558
vid4,261,8702,16,0.6078721284866333,0.7298923134803772,-0.04852757975459099,0.08079755306243896,0.011308780871331692,-0.02441917359828949,True,Right,0.7586230039596558
vid4,261,8702,17,0.45223456621170044,0.7223870754241943,-0.03941332548856735,-0.014531509950757027,0.0078738396987319,-0.02747802436351776,True,Right,0.7586230039596558
vid4,261,8702,18,0.5011559724807739,0.7329446077346802,-0.048496074974536896,0.004621994681656361,0.010054133832454681,-0.032631393522024155,True,Right,0.7586230039596558
vid4,261,8702,19,0.5352641344070435,0.7374491691589355,-0.051812004297971725,0.027624743059277534,0.013658933341503143,-0.034601420164108276,True,Right,0.7586230039596558
vid4,261,8702,20,0.5653458833694458,0.7425376772880554,-0.05400724336504936,0.05034663528203964,0.015859872102737427,-0.0358179435133934,True,Right,0.7586230039596558
vid4,262,8735,0,0.33846986293792725,0.6707220673561096,2.3897098344605183e-07,-0.08581430464982986,-0.0073031652718782425,0.012265898287296295,True,Right,0.7099307179450989
vid4,262,8735,1,0.3862593173980713,0.6681675910949707,0.008064762689173222,-0.0591767318546772,-0.0059389350935816765,0.03249209746718407,True,Right,0.7099307179450989
vid4,262,8735,2,0.442362517118454,0.686394453048706,0.00881353858858347,-0.029289262369275093,0.0026813335716724396,0.05072242021560669,True,Right,0.7099307179450989
vid4,262,8735,3,0.48123711347579956,0.7100198268890381,0.005080947186797857,0.001264189020730555,0.005314468871802092,0.06327483803033829,True,Right,0.7099307179450989
vid4,262,8735,4,0.5140508413314819,0.7272523045539856,0.0011843598913401365,0.0235234834253788,0.008309916593134403,0.06995915621519089,True,Right,0.7099307179450989
vid4,262,8735,5,0.46741172671318054,0.6793582439422607,0.00716855563223362,0.0037088277749717236,-0.006234519183635712,0.02601589262485504,True,Right,0.7099307179450989
vid4,262,8735,6,0.5258718132972717,0.6982601881027222,-0.0060800486244261265,0.029599102213978767,0.0006242785602807999,0.023948177695274353,True,Right,0.7099307179450989
vid4,262,8735,7,0.5675428509712219,0.7115864753723145,-0.016758233308792114,0.05256856605410576,0.00465442193672061,0.023431360721588135,True,Right,0.7099307179450989
vid4,262,8735,8,0.6009138822555542,0.722491979598999,-0.024307191371917725,0.08114597201347351,0.009499886073172092,0.012113422155380249,True,Right,0.7099307179450989
vid4,262,8735,9,0.4681364595890045,0.6851833462715149,-0.008304731920361519,0.0033956258557736874,-0.0034150010906159878,0.005164613947272301,True,Right,0.7099307179450989
vid4,262,8735,10,0.5340394973754883,0.7023830413818359,-0.022159434854984283,0.03670404478907585,0.003157200524583459,-0.0008342266082763672,True,Right,0.7099307179450989
vid4,262,8735,11,0.5820820927619934,0.7143288254737854,-0.0337853878736496,0.06326653063297272,0.003324728924781084,-0.0037081390619277954,True,Right,0.7099307179450989
vid4,262,8735,12,0.6221888661384583,0.7211090326309204,-0.041674815118312836,0.09842562675476074,0.005027623847126961,-0.0022890865802764893,True,Right,0.7099307179450989
vid4,262,8735,13,0.46365147829055786,0.6990931034088135,-0.024527618661522865,-0.001903368392959237,0.0022807614877820015,-0.017312802374362946,True,Right,0.7099307179450989
vid4,262,8735,14,0.5279790759086609,0.713627278804779,-0.03611496463418007,0.02591375820338726,0.005954749416559935,-0.02063344419002533,True,Right,0.7099307179450989
vid4,262,8735,15,0.5713760852813721,0.7244753837585449,-0.04267258942127228,0.0527217723429203,0.009522668085992336,-0.025488853454589844,True,Right,0.7099307179450989
vid4,262,8735,16,0.6077055335044861,0.7294030785560608,-0.047219470143318176,0.08189808577299118,0.011165785603225231,-0.025803692638874054,True,Right,0.7099307179450989
vid4,262,8735,17,0.4552873969078064,0.7235632538795471,-0.04082881286740303,-0.014677299186587334,0.008302188478410244,-0.0293189138174057,True,Right,0.7099307179450989
vid4,262,8735,18,0.5024607181549072,0.7343881130218506,-0.049562592059373856,0.004801546689122915,0.010447007603943348,-0.034285373985767365,True,Right,0.7099307179450989
vid4,262,8735,19,0.5354241728782654,0.7393397688865662,-0.05249372497200966,0.0280824713408947,0.01454722136259079,-0.03602389991283417,True,Right,0.7099307179450989
vid4,262,8735,20,0.5641157627105713,0.7440873980522156,-0.05468921735882759,0.05076565966010094,0.015421378426253796,-0.03831274062395096,True,Right,0.7099307179450989
vid4,263,8768,0,0.3377287685871124,0.6708093881607056,2.439501827211643e-07,-0.08511427044868469,-0.008268078789114952,0.014399398118257523,True,Right,0.6501250267028809
vid4,263,8768,1,0.38524532318115234,0.6646296381950378,0.006211350206285715,-0.05955689400434494,-0.007186321076005697,0.033361706882715225,True,Right,0.6501250267028809
vid4,263,8768,2,0.4408762753009796,0.6820969581604004,0.006102909799665213,-0.029351431876420975,0.0013782128226011992,0.05021075904369354,True,Right,0.6501250267028809
vid4,263,8768,3,0.4794847071170807,0.7053060531616211,0.001818584161810577,0.0007430673576891422,0.0029579491820186377,0.05997447296977043,True,Right,0.6501250267028809
vid4,263,8768,4,0.5122455954551697,0.7217361330986023,-0.0026500734966248274,0.02273705042898655,0.005487213376909494,0.06543917953968048,True,Right,0.6501250267028809
vid4,263,8768,5,0.4670127332210541,0.6799421310424805,0.00446185190230608,0.0032939217053353786,-0.0062738885171711445,0.025834225118160248,True,Right,0.6501250267028809
vid4,263,8768,6,0.5262056589126587,0.6991045475006104,-0.009770882315933704,0.029501736164093018,0.0011781915090978146,0.0239393413066864,True,Right,0.6501250267028809
vid4,263,8768,7,0.5692089796066284,0.7122384905815125,-0.021034924313426018,0.053621917963027954,0.004211352672427893,0.023661240935325623,True,Right,0.6501250267028809
vid4,263,8768,8,0.6036377549171448,0.722811758518219,-0.029037155210971832,0.08322363346815109,0.009768964722752571,0.012058839201927185,True,Right,0.6501250267028809
vid4,263,8768,9,0.46750912070274353,0.685839056968689,-0.010343543253839016,0.0037243489641696215,-0.003563038306310773,0.005302008241415024,True,Right,0.6501250267028809
vid4,263,8768,10,0.5324572324752808,0.702578604221344,-0.025387104600667953,0.03603404760360718,0.003369757207110524,-0.0012026727199554443,True,Right,0.6501250267028809
vid4,263,8768,11,0.5806390643119812,0.7143871188163757,-0.037692103534936905,0.06257288157939911,0.003883013501763344,-0.0034556016325950623,True,Right,0.6501250267028809
vid4,263,8768,12,0.6212042570114136,0.7214694023132324,-0.046026553958654404,0.09856929630041122,0.004845287185162306,-0.0022484958171844482,True,Right,0.6501250267028809
vid4,263,8768,13,0.46293824911117554,0.6984691023826599,-0.025988690555095673,-0.0016132406890392303,0.0023141999263316393,-0.017362363636493683,True,Right,0.6501250267028809
vid4,263,8768,14,0.5259788036346436,0.7129955887794495,-0.03857690095901489,0.025368675589561462,0.006467149592936039,-0.02046874910593033,True,Right,0.6501250267028809
vid4,263,8768,15,0.5693906545639038,0.7237146496772766,-0.045934442430734634,0.05191967263817787,0.009698567911982536,-0.025570422410964966,True,Right,0.6501250267028809
vid4,263,8768,16,0.6059658527374268,0.7284817695617676,-0.05101115629076958,0.08062665164470673,0.01065444853156805,-0.026468534022569656,True,Right,0.6501250267028809
vid4,263,8768,17,0.45437684655189514,0.72086501121521,-0.04184688627719879,-0.014473612420260906,0.007859064266085625,-0.029124438762664795,True,Right,0.6501250267028809
vid4,263,8768,18,0.5008206367492676,0.7314709424972534,-0.05167333036661148,0.004544208757579327,0.009543245658278465,-0.03367045521736145,True,Right,0.6501250267028809
vid4,263,8768,19,0.533470869064331,0.7358427047729492,-0.055516790598630905,0.026981711387634277,0.013914537616074085,-0.03576171398162842,True,Right,0.6501250267028809
vid4,263,8768,20,0.5621978044509888,0.7400148510932922,-0.05832003429532051,0.049600210040807724,0.014760331250727177,-0.03779125213623047,True,Right,0.6501250267028809
vid4,264,8802,0,0.3356415331363678,0.6735115647315979,2.6864401547754824e-07,-0.08497636765241623,-0.006840711925178766,0.01441379263997078,True,Right,0.7126214504241943
vid4,264,8802,1,0.3820585012435913,0.6600795388221741,0.004911261145025492,-0.05884399265050888,-0.007186587434262037,0.03148360922932625,True,Right,0.7126214504241943
vid4,264,8802,2,0.4383768141269684,0.6757804751396179,0.0044797929003834724,-0.028759274631738663,-0.0003562371712177992,0.04759976267814636,True,Right,0.7126214504241943
vid4,264,8802,3,0.4777171015739441,0.697381854057312,0.00030588876688852906,0.0012743824627250433,0.0012848118785768747,0.05691966041922569,True,Right,0.7126214504241943
vid4,264,8802,4,0.5106298923492432,0.7147114276885986,-0.0037180434446781874,0.023464741185307503,0.0026441265363246202,0.062414199113845825,True,Right,0.7126214504241943
vid4,264,8802,5,0.46439096331596375,0.6767253875732422,0.003716582665219903,0.002956509357318282,-0.007136149797588587,0.02470388263463974,True,Right,0.7126214504241943
vid4,264,8802,6,0.5231543779373169,0.6947510242462158,-0.01005625445395708,0.02917063981294632,-5.9972371673211455e-05,0.022375047206878662,True,Right,0.7126214504241943
vid4,264,8802,7,0.564906895160675,0.7109145522117615,-0.02080455981194973,0.05313589423894882,0.0033482443541288376,0.021987713873386383,True,Right,0.7126214504241943
vid4,264,8802,8,0.597917914390564,0.7244023680686951,-0.028031758964061737,0.08173324912786484,0.010288974270224571,0.010917872190475464,True,Right,0.7126214504241943
vid4,264,8802,9,0.46531686186790466,0.6839643120765686,-0.009866134263575077,0.0036446594167500734,-0.0036453884094953537,0.005213290452957153,True,Right,0.7126214504241943
vid4,264,8802,10,0.5311803221702576,0.699940025806427,-0.02448619157075882,0.036528363823890686,0.0024151955731213093,-0.0020910948514938354,True,Right,0.7126214504241943
vid4,264,8802,11,0.579523503780365,0.713316798210144,-0.03598230704665184,0.06370488554239273,0.0038919870276004076,-0.00427960604429245,True,Right,0.7126214504241943
vid4,264,8802,12,0.6194772720336914,0.7215267419815063,-0.04334494471549988,0.09896828234195709,0.005823904182761908,-0.0003623068332672119,True,Right,0.7126214504241943
vid4,264,8802,13,0.46080073714256287,0.69913649559021,-0.024379726499319077,-0.0015543134650215507,0.0032756219152361155,-0.016482964158058167,True,Right,0.7126214504241943
vid4,264,8802,14,0.524589478969574,0.712921679019928,-0.03623462840914726,0.026123659685254097,0.006618536077439785,-0.020795144140720367,True,Right,0.7126214504241943
vid4,264,8802,15,0.5684955716133118,0.7241473197937012,-0.04255738481879234,0.053362589329481125,0.010519943200051785,-0.02502673864364624,True,Right,0.7126214504241943
vid4,264,8802,16,0.6051352620124817,0.7300300002098083,-0.046522896736860275,0.08210767805576324,0.012385719455778599,-0.023994259536266327,True,Right,0.7126214504241943
vid4,264,8802,17,0.4521763324737549,0.7242873907089233,-0.03919082134962082,-0.014009708538651466,0.009509248659014702,-0.027688980102539062,True,Right,0.7126214504241943
vid4,264,8802,18,0.50071781873703,0.7354260087013245,-0.04729435220360756,0.005501181818544865,0.011145178228616714,-0.032362885773181915,True,Right,0.7126214504241943
vid4,264,8802,19,0.5345104932785034,0.7409698963165283,-0.04965406656265259,0.028965463861823082,0.015607134439051151,-0.03379851579666138,True,Right,0.7126214504241943
vid4,264,8802,20,0.5636396408081055,0.7466884255409241,-0.05121124908328056,0.05207163468003273,0.01824721321463585,-0.0349702462553978,True,Right,0.7126214504241943
vid4,265,8835,0,0.3400811553001404,0.6773435473442078,2.8928829465257877e-07,-0.08428272604942322,-0.009775301441550255,0.013403505086898804,True,Right,0.6284559965133667
vid4,265,8835,1,0.38863879442214966,0.6592987775802612,0.005315230693668127,-0.056900959461927414,-0.010063187219202518,0.03062840923666954,True,Right,0.6284559965133667
vid4,265,8835,2,0.44391414523124695,0.673459529876709,0.0053358362056314945,-0.027922730892896652,-0.003839096985757351,0.04726244509220123,True,Right,0.6284559965133667
vid4,265,8835,3,0.4827429950237274,0.6921467185020447,0.0014495629584416747,0.0014257599832490087,-0.0027377221267670393,0.05778694897890091,True,Right,0.6284559965133667
vid4,265,8835,4,0.5159747004508972,0.7046074271202087,-0.002601189771667123,0.02365165948867798,-0.0018058576388284564,0.06458885967731476,True,Right,0.6284559965133667
vid4,265,8835,5,0.46980786323547363,0.6842819452285767,0.004946135450154543,0.004007471725344658,-0.006482142023742199,0.024727612733840942,True,Right,0.6284559965133667
vid4,265,8835,6,0.5275682210922241,0.7005630731582642,-0.008600573055446148,0.02945059724152088,-0.0004930217983201146,0.022786244750022888,True,Right,0.6284559965133667
vid4,265,8835,7,0.5700830817222595,0.7116142511367798,-0.01946212537586689,0.05309933423995972,0.0026574330404400826,0.0210205540060997,True,Right,0.6284559965133667
vid4,265,8835,8,0.6042024493217468,0.7209619879722595,-0.02715390734374523,0.0816492810845375,0.007684040814638138,0.010090358555316925,True,Right,0.6284559965133667
vid4,265,8835,9,0.4701813757419586,0.691764235496521,-0.009268291294574738,0.0034032666590064764,-0.002788489917293191,0.005432724952697754,True,Right,0.6284559965133667
vid4,265,8835,10,0.5355084538459778,0.7067470550537109,-0.024275803938508034,0.03573719039559364,0.0025160168297588825,-0.0010535120964050293,True,Right,0.6284559965133667
vid4,265,8835,11,0.5846932530403137,0.7166125178337097,-0.036555349826812744,0.06332410871982574,0.002530412981286645,-0.003400556743144989,True,Right,0.6284559965133667
vid4,265,8835,12,0.6246113181114197,0.7213815450668335,-0.04467319697141647,0.09855959564447403,0.00293182535097003,-0.0015978813171386719,True,Right,0.6284559965133667
vid4,265,8835,13,0.46488112211227417,0.7048746347427368,-0.024477284401655197,-0.0022701218258589506,0.0030008263420313597,-0.01642351597547531,True,Right,0.6284559965133667
vid4,265,8835,14,0.5282471179962158,0.717705488204956,-0.03736623749136925,0.024927077814936638,0.005287409294396639,-0.02119212970137596,True,Right,0.6284559965133667
vid4,265,8835,15,0.5722289085388184,0.7266097664833069,-0.04452944174408913,0.0527518205344677,0.00868138950318098,-0.025073081254959106,True,Right,0.6284559965133667
vid4,265,8835,16,0.6088279485702515,0.7292629480361938,-0.049174368381500244,0.08146341890096664,0.009301486425101757,-0.025450967252254486,True,Right,0.6284559965133667
vid4,265,8835,17,0.45513248443603516,0.7256687879562378,-0.039874617010354996,-0.014915809966623783,0.007372814696282148,-0.028788328170776367,True,Right,0.6284559965133667
vid4,265,8835,18,0.5034343004226685,0.736433744430542,-0.049751877784729004,0.004310321994125843,0.009789709933102131,-0.03372076898813248,True,Right,0.6284559965133667
vid4,265,8835,19,0.5373526811599731,0.7411918640136719,-0.05331691727042198,0.02815898135304451,0.012631946243345737,-0.03553269803524017,True,Right,0.6284559965133667
vid4,265,8835,20,0.5670216679573059,0.7456497550010681,-0.055757347494363785,0.05154738202691078,0.014603757299482822,-0.03819774091243744,True,Right,0.6284559965133667
vid4,266,8868,0,0.33437106013298035,0.6665880680084229,2.3162643003615813e-07,-0.08598450571298599,-0.0076843262650072575,0.011821132153272629,True,Right,0.7008611559867859
vid4,266,8868,1,0.3834916651248932,0.6622724533081055,0.011211260221898556,-0.060841940343379974,-0.00688864616677165,0.03208364173769951,True,Right,0.7008611559867859
vid4,266,8868,2,0.4391501843929291,0.6794353127479553,0.01325792632997036,-0.03040846809744835,0.0014052385231480002,0.04998284578323364,True,Right,0.7008611559867859
vid4,266,8868,3,0.47684651613235474,0.7022500038146973,0.010097205638885498,-9.7408308647573e-05,0.0028178810607641935,0.062135398387908936,True,Right,0.7008611559867859
vid4,266,8868,4,0.5089855194091797,0.7200853228569031,0.006700181867927313,0.02190330997109413,0.005830942653119564,0.06852374225854874,True,Right,0.7008611559867859
vid4,266,8868,5,0.4630889296531677,0.6748616099357605,0.009932918474078178,0.0025268143508583307,-0.007150340359658003,0.026335250586271286,True,Right,0.7008611559867859
vid4,266,8868,6,0.5222635269165039,0.6937154531478882,-0.0028795290272682905,0.028673231601715088,0.0007845376967452466,0.024746447801589966,True,Right,0.7008611559867859
vid4,266,8868,7,0.5643776059150696,0.7085610628128052,-0.012842951342463493,0.05254635214805603,0.003865500446408987,0.026044845581054688,True,Right,0.7008611559867859
vid4,266,8868,8,0.5974739789962769,0.7211994528770447,-0.01957930065691471,0.08197947591543198,0.009608427062630653,0.01656372845172882,True,Right,0.7008611559867859
vid4,266,8868,9,0.4641155004501343,0.6802737712860107,-0.0068932026624679565,0.003699567401781678,-0.003726625582203269,0.005257125943899155,True,Right,0.7008611559867859
vid4,266,8868,10,0.5319257974624634,0.6975252032279968,-0.021207012236118317,0.03733336180448532,0.0035209045745432377,-0.00019149482250213623,True,Right,0.7008611559867859
vid4,266,8868,11,0.5811623334884644,0.7112230062484741,-0.03269517794251442,0.06478306651115417,0.0043459306471049786,-0.000833459198474884,True,Right,0.7008611559867859
vid4,266,8868,12,0.6219142079353333,0.7208364605903625,-0.03986015543341637,0.10099237412214279,0.006239486392587423,0.004499763250350952,True,Right,0.7008611559867859
vid4,266,8868,13,0.4600869119167328,0.6947541236877441,-0.024201268330216408,-0.000939366000238806,0.0030016193632036448,-0.01757332682609558,True,Right,0.7008611559867859
vid4,266,8868,14,0.5263627171516418,0.709456741809845,-0.0361899808049202,0.02748495526611805,0.007105768192559481,-0.020341601222753525,True,Right,0.7008611559867859
vid4,266,8868,15,0.5710778832435608,0.7215280532836914,-0.04327661916613579,0.054793063551187515,0.010744773782789707,-0.023710250854492188,True,Right,0.7008611559867859
vid4,266,8868,16,0.6082075238227844,0.728813111782074,-0.047549761831760406,0.08448603004217148,0.012547281570732594,-0.021876096725463867,True,Right,0.7008611559867859
vid4,266,8868,17,0.4522630274295807,0.7208744883537292,-0.041260525584220886,-0.013354050926864147,0.009182660840451717,-0.029282644391059875,True,Right,0.7008611559867859
vid4,266,8868,18,0.5015809535980225,0.7322545647621155,-0.049801841378211975,0.006620360072702169,0.011089140549302101,-0.03387240320444107,True,Right,0.7008611559867859
vid4,266,8868,19,0.5354735255241394,0.7381804585456848,-0.05267469584941864,0.03059435449540615,0.01639288105070591,-0.03477264940738678,True,Right,0.7008611559867859
vid4,266,8868,20,0.5648858547210693,0.7445379495620728,-0.054483603686094284,0.0535554513335228,0.017590316012501717,-0.034766167402267456,True,Right,0.7008611559867859
vid4,267,8902,0,0.33754637837409973,0.6726364493370056,2.7298506211081985e-07,-0.08452082425355911,-0.006448247004300356,0.014210738241672516,True,Right,0.7331578731536865
vid4,267,8902,1,0.38564085960388184,0.6614964604377747,0.008566569536924362,-0.05868542566895485,-0.006774691864848137,0.03219837322831154,True,Right,0.7331578731536865
vid4,267,8902,2,0.44135504961013794,0.677375316619873,0.009415969252586365,-0.029192931950092316,0.0004028678231406957,0.04964211583137512,True,Right,0.7331578731536865
vid4,267,8902,3,0.48008468747138977,0.699130117893219,0.005858752876520157,0.0006168961408548057,0.0019876069854944944,0.05996982753276825,True,Right,0.7331578731536865
vid4,267,8902,4,0.5132948756217957,0.7144040465354919,0.002297124592587352,0.02305390127003193,0.0033539466094225645,0.06635253876447678,True,Right,0.7331578731536865
vid4,267,8902,5,0.46685123443603516,0.6757697463035583,0.006628495175391436,0.003395727602764964,-0.0069539956748485565,0.024909131228923798,True,Right,0.7331578731536865
vid4,267,8902,6,0.5261041522026062,0.6932265758514404,-0.006043795961886644,0.02918204478919506,-0.0003297625225968659,0.022975608706474304,True,Right,0.7331578731536865
vid4,267,8902,7,0.5677889585494995,0.7086379528045654,-0.015857761725783348,0.05278758704662323,0.0035123892594128847,0.02235887199640274,True,Right,0.7331578731536865
vid4,267,8902,8,0.6010530591011047,0.7222301959991455,-0.02258244901895523,0.08068877458572388,0.010463939048349857,0.01255805790424347,True,Right,0.7331578731536865
vid4,267,8902,9,0.46725350618362427,0.6825771331787109,-0.0086945416405797,0.003548365319147706,-0.0036649431567639112,0.005086617544293404,True,Right,0.7331578731536865
vid4,267,8902,10,0.5345775485038757,0.6987124085426331,-0.02264484018087387,0.03635604307055473,0.0024297733325511217,-0.0015426278114318848,True,Right,0.7331578731536865
vid4,267,8902,11,0.583385705947876,0.7127732634544373,-0.03355459123849869,0.06343387812376022,0.004237507935613394,-0.003173530101776123,True,Right,0.7331578731536865
vid4,267,8902,12,0.6231271624565125,0.7220190763473511,-0.040650490671396255,0.09848883748054504,0.006020748056471348,0.00014793872833251953,True,Right,0.7331578731536865
vid4,267,8902,13,0.4623013436794281,0.6972112655639648,-0.0246810931712389,-0.0017442340031266212,0.002987933112308383,-0.01670190691947937,True,Right,0.7331578731536865
vid4,267,8902,14,0.5272256135940552,0.7109156250953674,-0.036011312156915665,0.025818929076194763,0.0063256253488361835,-0.021281633526086807,True,Right,0.7331578731536865
vid4,267,8902,15,0.5711548328399658,0.7230051159858704,-0.042129307985305786,0.05321865156292915,0.010770950466394424,-0.025094732642173767,True,Right,0.7331578731536865
vid4,267,8902,16,0.6076160073280334,0.7295038104057312,-0.046214617788791656,0.0810408890247345,0.01226015854626894,-0.024140559136867523,True,Right,0.7331578731536865
vid4,267,8902,17,0.4533853530883789,0.7225184440612793,-0.04064406827092171,-0.014747273176908493,0.00929624680429697,-0.027617543935775757,True,Right,0.7331578731536865
vid4,267,8902,18,0.5023155212402344,0.7341210246086121,-0.048870429396629333,0.004680001642554998,0.01134747639298439,-0.03320857882499695,True,Right,0.7331578731536865
vid4,267,8902,19,0.5363045930862427,0.7399814128875732,-0.05160775035619736,0.0285798292607069,0.015395245514810085,-0.03495410084724426,True,Right,0.7331578731536865
vid4,267,8902,20,0.5658869743347168,0.7460442781448364,-0.05358380824327469,0.05151771381497383,0.017960043624043465,-0.035756468772888184,True,Right,0.7331578731536865
vid4,268,8935,0,0.3342434763908386,0.6652297973632812,2.162156533813686e-07,-0.08597138524055481,-0.009272615425288677,0.0102391317486763,True,Right,0.7272040843963623
vid4,268,8935,1,0.3826943039894104,0.66502445936203,0.011151609942317009,-0.06039547175168991,-0.006835118867456913,0.03137615695595741,True,Right,0.7272040843963623
vid4,268,8935,2,0.4383811056613922,0.6845775246620178,0.012925784103572369,-0.0309476125985384,0.0024637544993311167,0.050546810030937195,True,Right,0.7272040843963623
vid4,268,8935,3,0.4757477641105652,0.7087007761001587,0.009456738829612732,-0.00035028165439143777,0.0045605930499732494,0.0627812072634697,True,Right,0.7272040843963623
vid4,268,8935,4,0.5073397159576416,0.7278459072113037,0.005745192989706993,0.021108591929078102,0.007802229840308428,0.07026075571775436,True,Right,0.7272040843963623
vid4,268,8935,5,0.4625189006328583,0.6786448359489441,0.009864391759037971,0.0022790483199059963,-0.006089784670621157,0.0264173224568367,True,Right,0.7272040843963623
vid4,268,8935,6,0.5216749310493469,0.6978431344032288,-0.0032951445318758488,0.02847679704427719,0.0011261813342571259,0.02549515664577484,True,Right,0.7272040843963623
vid4,268,8935,7,0.5642271041870117,0.71172034740448,-0.013647173531353474,0.05195694789290428,0.005008223000913858,0.026025261729955673,True,Right,0.7272040843963623
vid4,268,8935,8,0.5977425575256348,0.7233583331108093,-0.020766617730259895,0.08093015849590302,0.01017286442220211,0.015577524900436401,True,Right,0.7272040843963623
vid4,268,8935,9,0.4640689492225647,0.6835718154907227,-0.007116710301488638,0.003397375578060746,-0.003541004378348589,0.0051600076258182526,True,Right,0.7272040843963623
vid4,268,8935,10,0.5308709740638733,0.7010217308998108,-0.021253034472465515,0.03632078692317009,0.0037745486479252577,0.000688701868057251,True,Right,0.7272040843963623
vid4,268,8935,11,0.5797255039215088,0.7140064239501953,-0.032776329666376114,0.06343956291675568,0.0036860124673694372,-0.0013376101851463318,True,Right,0.7272040843963623
vid4,268,8935,12,0.6202874779701233,0.7225098609924316,-0.040271516889333725,0.09954801201820374,0.006024031899869442,0.002342522144317627,True,Right,0.7272040843963623
vid4,268,8935,13,0.4607716202735901,0.6966176629066467,-0.02460966259241104,-0.0010694644879549742,0.002321268431842327,-0.017483003437519073,True,Right,0.7272040843963623
vid4,268,8935,14,0.5264785289764404,0.7112143635749817,-0.03633856400847435,0.02690930664539337,0.006223187316209078,-0.020122680813074112,True,Right,0.7272040843963623
vid4,268,8935,15,0.5704813599586487,0.7232315540313721,-0.04311203584074974,0.05348466336727142,0.010142693296074867,-0.022934675216674805,True,Right,0.7272040843963623
vid4,268,8935,16,0.6070427894592285,0.729936420917511,-0.04748402535915375,0.08310779929161072,0.01187003031373024,-0.02267901599407196,True,Right,0.7272040843963623
vid4,268,8935,17,0.45391085743904114,0.7202253341674805,-0.04192446917295456,-0.013324369676411152,0.007650713436305523,-0.02976144850254059,True,Right,0.7272040843963623
vid4,268,8935,18,0.5023968815803528,0.7308529019355774,-0.0503111332654953,0.006604282185435295,0.009898675605654716,-0.0341637097299099,True,Right,0.7272040843963623
vid4,268,8935,19,0.5355857014656067,0.736392617225647,-0.05305580049753189,0.029675159603357315,0.014721505343914032,-0.03519342839717865,True,Right,0.7272040843963623
vid4,268,8935,20,0.5641674399375916,0.7420433163642883,-0.054990820586681366,0.05254344642162323,0.015825888141989708,-0.03614484518766403,True,Right,0.7272040843963623
vid4,269,8968,0,0.3339625895023346,0.6708976626396179,2.6307091616217804e-07,-0.08314360678195953,-0.007626361213624477,0.012715116143226624,True,Right,0.7342491149902344
vid4,269,8968,1,0.38023024797439575,0.6634781956672668,0.004828660748898983,-0.058677732944488525,-0.00670985272154212,0.030184809118509293,True,Right,0.7342491149902344
vid4,269,8968,2,0.4357953369617462,0.6814196705818176,0.005242599174380302,-0.02959633059799671,0.0016208721790462732,0.04820831120014191,True,Right,0.7342491149902344
vid4,269,8968,3,0.4747070372104645,0.7022210359573364,0.0020901141688227654,-0.00047007694956846535,0.0022576781921088696,0.05917226895689964,True,Right,0.7342491149902344
vid4,269,8968,4,0.5070902705192566,0.7168614268302917,-0.000947906170040369,0.02101726084947586,0.0038225629832595587,0.06780271977186203,True,Right,0.7342491149902344
vid4,269,8968,5,0.4622829556465149,0.6810562014579773,0.0027715126052498817,0.001744765555486083,-0.005660918541252613,0.02404731884598732,True,Right,0.7342491149902344
vid4,269,8968,6,0.5238046050071716,0.6971160769462585,-0.011462965048849583,0.02810940518975258,0.000583637913223356,0.022921383380889893,True,Right,0.7342491149902344
vid4,269,8968,7,0.5683414936065674,0.7117143273353577,-0.02183006890118122,0.05296386405825615,0.0036999883595854044,0.022519204765558243,True,Right,0.7342491149902344
vid4,269,8968,8,0.6031957864761353,0.7246402502059937,-0.028780875727534294,0.08179040253162384,0.01037347037345171,0.011693432927131653,True,Right,0.7342491149902344
vid4,269,8968,9,0.46378955245018005,0.6859276294708252,-0.010733903385698795,0.0034829347860068083,-0.003453305223956704,0.005477754399180412,True,Right,0.7342491149902344
vid4,269,8968,10,0.5326239466667175,0.7009111046791077,-0.02611837536096573,0.03593987971544266,0.0033836064394563437,-0.0007850378751754761,True,Right,0.7342491149902344
vid4,269,8968,11,0.5832683444023132,0.7141669392585754,-0.03805733844637871,0.06343486160039902,0.0030656340532004833,-0.0022505521774291992,True,Right,0.7342491149902344
vid4,269,8968,12,0.6256323456764221,0.7235867977142334,-0.045520588755607605,0.09973353147506714,0.005342528223991394,0.0017278194427490234,True,Right,0.7342491149902344
vid4,269,8968,13,0.4601726233959198,0.6983776092529297,-0.025054244324564934,-0.0007146231946535408,0.002442287979647517,-0.016206495463848114,True,Right,0.7342491149902344
vid4,269,8968,14,0.5265011191368103,0.7105966210365295,-0.03835602477192879,0.026135219261050224,0.00548583036288619,-0.020252510905265808,True,Right,0.7342491149902344
vid4,269,8968,15,0.5721834897994995,0.7208077907562256,-0.04630833491683006,0.05350631847977638,0.00857170857489109,-0.025090709328651428,True,Right,0.7342491149902344
vid4,269,8968,16,0.61104816198349,0.7264541387557983,-0.051127925515174866,0.08298587054014206,0.009556684643030167,-0.024698957800865173,True,Right,0.7342491149902344
vid4,269,8968,17,0.45233190059661865,0.7209689021110535,-0.039524078369140625,-0.012882648035883904,0.0070386785082519054,-0.02792489528656006,True,Right,0.7342491149902344
vid4,269,8968,18,0.5018273591995239,0.7304728627204895,-0.05018440634012222,0.005915341433137655,0.008940134197473526,-0.03266296163201332,True,Right,0.7342491149902344
vid4,269,8968,19,0.5363585948944092,0.7353873252868652,-0.0546431727707386,0.028443923220038414,0.013099072501063347,-0.03555747866630554,True,Right,0.7342491149902344
vid4,269,8968,20,0.5669620037078857,0.741174578666687,-0.057343740016222,0.052257806062698364,0.014811445027589798,-0.037282899022102356,True,Right,0.7342491149902344
vid4,270,9002,0,0.33393144607543945,0.6695701479911804,2.653711419497995e-07,-0.08393773436546326,-0.008010277524590492,0.01373947411775589,True,Right,0.6358319520950317
vid4,270,9002,1,0.3839099109172821,0.6581675410270691,0.006555542349815369,-0.058254677802324295,-0.00808593537658453,0.031087804585695267,True,Right,0.6358319520950317
vid4,270,9002,2,0.4398841857910156,0.6756393909454346,0.007105953525751829,-0.02867817133665085,-0.00028900205506943166,0.0471007376909256,True,Right,0.6358319520950317
vid4,270,9002,3,0.47837671637535095,0.6988472938537598,0.0034824409522116184,0.0009411330102011561,0.0014948281459510326,0.05642407014966011,True,Right,0.6358319520950317
vid4,270,9002,4,0.5113787651062012,0.7148122787475586,0.0001569558517076075,0.022829309105873108,0.0037637134082615376,0.06134679168462753,True,Right,0.6358319520950317
vid4,270,9002,5,0.464820921421051,0.6759932637214661,0.007783227600157261,0.002516212174668908,-0.007304118946194649,0.024067051708698273,True,Right,0.6358319520950317
vid4,270,9002,6,0.5248528718948364,0.6939772367477417,-0.004921520594507456,0.028808362782001495,-0.00013028012472204864,0.02282680571079254,True,Right,0.6358319520950317
vid4,270,9002,7,0.5671114921569824,0.7079854607582092,-0.015171336010098457,0.05294027552008629,0.003281271317973733,0.022571071982383728,True,Right,0.6358319520950317
vid4,270,9002,8,0.6008098125457764,0.7201457023620605,-0.022163186222314835,0.08085612207651138,0.008764348924160004,0.011311672627925873,True,Right,0.6358319520950317
vid4,270,9002,9,0.4652465879917145,0.6829479336738586,-0.0063648405484855175,0.003421804867684841,-0.0035707096103578806,0.005012162029743195,True,Right,0.6358319520950317
vid4,270,9002,10,0.5316939353942871,0.6990139484405518,-0.020225882530212402,0.03551577776670456,0.0029116712976247072,-0.0008911341428756714,True,Right,0.6358319520950317
vid4,270,9002,11,0.5802608728408813,0.7126428484916687,-0.031809866428375244,0.06226286664605141,0.0038912249729037285,-0.003013893961906433,True,Right,0.6358319520950317
vid4,270,9002,12,0.6206468343734741,0.7217852473258972,-0.03922264650464058,0.09769891202449799,0.0058507127687335014,0.0004768669605255127,True,Right,0.6358319520950317
vid4,270,9002,13,0.4608088731765747,0.6978896260261536,-0.021464303135871887,-0.001328938058577478,0.0031619917135685682,-0.016303516924381256,True,Right,0.6358319520950317
vid4,270,9002,14,0.5251598358154297,0.7112698554992676,-0.03302685171365738,0.025748491287231445,0.006744964513927698,-0.019391637295484543,True,Right,0.6358319520950317
vid4,270,9002,15,0.5689789652824402,0.7235932946205139,-0.03968457132577896,0.05217127874493599,0.010511048138141632,-0.02365979552268982,True,Right,0.6358319520950317
vid4,270,9002,16,0.6056534051895142,0.7302746176719666,-0.0437924787402153,0.08037054538726807,0.012090510688722134,-0.022667936980724335,True,Right,0.6358319520950317
vid4,270,9002,17,0.4525213837623596,0.7234865427017212,-0.0367639884352684,-0.013578562065958977,0.008892769925296307,-0.027101412415504456,True,Right,0.6358319520950317
vid4,270,9002,18,0.501283586025238,0.7342292666435242,-0.04486647620797157,0.00535694370046258,0.010942266322672367,-0.031730327755212784,True,Right,0.6358319520950317
vid4,270,9002,19,0.5350640416145325,0.7398678660392761,-0.047420434653759,0.028217360377311707,0.015242358669638634,-0.03354306519031525,True,Right,0.6358319520950317
vid4,270,9002,20,0.5645407438278198,0.745186984539032,-0.04906083270907402,0.05156667158007622,0.016849562525749207,-0.0346018448472023,True,Right,0.6358319520950317
vid4,271,9035,0,0.33856749534606934,0.6739334464073181,2.780720365080924e-07,-0.0846036821603775,-0.007533482741564512,0.01194550096988678,True,Right,0.6498990654945374
vid4,271,9035,1,0.38672956824302673,0.660321831703186,0.0067189158871769905,-0.05866111442446709,-0.008209624327719212,0.03035479038953781,True,Right,0.6498990654945374
vid4,271,9035,2,0.4425903856754303,0.6758498549461365,0.007709749974310398,-0.02926020696759224,-0.0010226020822301507,0.04841391742229462,True,Right,0.6498990654945374
vid4,271,9035,3,0.48151925206184387,0.6973376274108887,0.004586867988109589,0.0006713070324622095,0.0007572321337647736,0.05971265584230423,True,Right,0.6498990654945374
vid4,271,9035,4,0.514940083026886,0.711464524269104,0.0014860110823065042,0.023363739252090454,0.002921196399256587,0.0675068125128746,True,Right,0.6498990654945374
vid4,271,9035,5,0.46828141808509827,0.6782339215278625,0.0074977451004087925,0.002942472230643034,-0.006847926881164312,0.025270089507102966,True,Right,0.6498990654945374
vid4,271,9035,6,0.5275472402572632,0.6947199702262878,-0.005168561358004808,0.028843283653259277,-0.00046113709686324,0.02359423041343689,True,Right,0.6498990654945374
vid4,271,9035,7,0.570026159286499,0.7078705430030823,-0.01539015956223011,0.05304569751024246,0.003031914820894599,0.022751610726118088,True,Right,0.6498990654945374
vid4,271,9035,8,0.6040452122688293,0.7196837067604065,-0.022465726360678673,0.0819166898727417,0.008527802303433418,0.012910164892673492,True,Right,0.6498990654945374
vid4,271,9035,9,0.4690507650375366,0.6858182549476624,-0.0067271883599460125,0.0034153698943555355,-0.003136914223432541,0.005281167104840279,True,Right,0.6498990654945374
vid4,271,9035,10,0.53600013256073,0.7016074061393738,-0.020475780591368675,0.03626597300171852,0.0027941043954342604,-0.0007699280977249146,True,Right,0.6498990654945374
vid4,271,9035,11,0.5847947597503662,0.7144780158996582,-0.03210974112153053,0.06355979293584824,0.003911138977855444,-0.003061056137084961,True,Right,0.6498990654945374
vid4,271,9035,12,0.6248565316200256,0.7228894829750061,-0.039732594043016434,0.09925002604722977,0.005768427159637213,-0.0005851686000823975,True,Right,0.6498990654945374
vid4,271,9035,13,0.4643450677394867,0.6999025344848633,-0.02188175916671753,-0.0015940285520628095,0.0028473290149122477,-0.01679416000843048,True,Right,0.6498990654945374
vid4,271,9035,14,0.5291508436203003,0.7130119204521179,-0.03355487808585167,0.026239681988954544,0.006059425882995129,-0.02150760218501091,True,Right,0.6498990654945374
vid4,271,9035,15,0.5732197165489197,0.7244691848754883,-0.0406913124024868,0.053493570536375046,0.010262951254844666,-0.025481492280960083,True,Right,0.6498990654945374
vid4,271,9035,16,0.6099181771278381,0.7301633358001709,-0.04539356753230095,0.08228056877851486,0.011425621807575226,-0.02536170929670334,True,Right,0.6498990654945374
vid4,271,9035,17,0.4555523097515106,0.7224892377853394,-0.03715625777840614,-0.014040015637874603,0.008072566241025925,-0.02904917299747467,True,Right,0.6498990654945374
vid4,271,9035,18,0.503986120223999,0.7328189611434937,-0.046146243810653687,0.005055609624832869,0.01050557941198349,-0.03402745723724365,True,Right,0.6498990654945374
vid4,271,9035,19,0.5378145575523376,0.7387721538543701,-0.04967300221323967,0.02889031171798706,0.014054651372134686,-0.03614985942840576,True,Right,0.6498990654945374
vid4,271,9035,20,0.567509114742279,0.7449279427528381,-0.052122123539447784,0.05268336832523346,0.015877200290560722,-0.03811163455247879,True,Right,0.6498990654945374
vid4,272,9068,0,0.33277079463005066,0.6672501564025879,2.1946895856217452e-07,-0.08683126419782639,-0.008939947932958603,0.009955115616321564,True,Right,0.6311885118484497
vid4,272,9068,1,0.3816487491130829,0.6689230799674988,0.008343661203980446,-0.060932137072086334,-0.006121177226305008,0.03130623698234558,True,Right,0.6311885118484497
vid4,272,9068,2,0.4369990825653076,0.6888779401779175,0.009701753035187721,-0.03113778494298458,0.0030376508366316557,0.04986456036567688,True,Right,0.6311885118484497
vid4,272,9068,3,0.47457703948020935,0.7112515568733215,0.006296759936958551,-0.00013955253234598786,0.005754782818257809,0.06227659061551094,True,Right,0.6311885118484497
vid4,272,9068,4,0.5067915916442871,0.7265744209289551,0.002894585020840168,0.021139618009328842,0.007755388971418142,0.07089553028345108,True,Right,0.6311885118484497
vid4,272,9068,5,0.4637175500392914,0.6820371150970459,0.009983748197555542,0.0025222417898476124,-0.0050049289129674435,0.026699185371398926,True,Right,0.6311885118484497
vid4,272,9068,6,0.5216659307479858,0.6995331048965454,-0.003078486304730177,0.02894735522568226,0.0014280766481533647,0.025749772787094116,True,Right,0.6311885118484497
vid4,272,9068,7,0.5635898113250732,0.7121568918228149,-0.014005518518388271,0.05235110595822334,0.005092339124530554,0.026564672589302063,True,Right,0.6311885118484497
vid4,272,9068,8,0.5968663692474365,0.7224438786506653,-0.021591775119304657,0.08210905641317368,0.00886126235127449,0.015748649835586548,True,Right,0.6311885118484497
vid4,272,9068,9,0.4652106761932373,0.6872962117195129,-0.005615232978016138,0.0032681087031960487,-0.003331528976559639,0.005475550889968872,True,Right,0.6311885118484497
vid4,272,9068,10,0.5305936336517334,0.7020214796066284,-0.01986709050834179,0.03664306178689003,0.0031467662192881107,0.000785142183303833,True,Right,0.6311885118484497
vid4,272,9068,11,0.5791133642196655,0.7143679261207581,-0.032024085521698,0.06429611146450043,0.0035130532924085855,-1.8052756786346436e-05,True,Right,0.6311885118484497
vid4,272,9068,12,0.6196108460426331,0.721943736076355,-0.03984374925494194,0.10097648203372955,0.0048597133718431,0.0031478703022003174,True,Right,0.6311885118484497
vid4,272,9068,13,0.46143025159835815,0.6991929411888123,-0.02213568612933159,-0.0009042388410307467,0.0020681300666183233,-0.01801956444978714,True,Right,0.6311885118484497
vid4,272,9068,14,0.5253331065177917,0.7116308808326721,-0.034157488495111465,0.026635296642780304,0.005944591946899891,-0.020571470260620117,True,Right,0.6311885118484497
vid4,272,9068,15,0.5691683888435364,0.7237899303436279,-0.04117506742477417,0.054223719984292984,0.009026727639138699,-0.02347925305366516,True,Right,0.6311885118484497
vid4,272,9068,16,0.6058001518249512,0.7302097678184509,-0.04551900923252106,0.08379143476486206,0.010896814987063408,-0.022001095116138458,True,Right,0.6311885118484497
vid4,272,9068,17,0.45354270935058594,0.7208705544471741,-0.03875776752829552,-0.013637731783092022,0.006698880344629288,-0.03095346689224243,True,Right,0.6311885118484497
vid4,272,9068,18,0.5010343194007874,0.7314648628234863,-0.047173891216516495,0.005747780203819275,0.009507352486252785,-0.034947752952575684,True,Right,0.6311885118484497
vid4,272,9068,19,0.5343453884124756,0.7369467616081238,-0.049735840409994125,0.02937299758195877,0.013916836120188236,-0.035924434661865234,True,Right,0.6311885118484497
vid4,272,9068,20,0.5628936290740967,0.7418083548545837,-0.05141916498541832,0.052467890083789825,0.015403061173856258,-0.0365193635225296,True,Right,0.6311885118484497
vid4,273,9102,0,0.3339105546474457,0.6676920056343079,2.401986307631887e-07,-0.08288896083831787,-0.00892185140401125,0.012392822653055191,True,Right,0.6814197301864624
vid4,273,9102,1,0.38471317291259766,0.6591911315917969,0.008670235052704811,-0.05817504972219467,-0.00909543689340353,0.0318305604159832,True,Right,0.6814197301864624
vid4,273,9102,2,0.44180041551589966,0.6780198812484741,0.010708223097026348,-0.02828643098473549,0.00033335352782160044,0.04916036128997803,True,Right,0.6814197301864624
vid4,273,9102,3,0.48051050305366516,0.7015658617019653,0.00821716245263815,0.0025025506038218737,0.001716678962111473,0.05953730270266533,True,Right,0.6814197301864624
vid4,273,9102,4,0.5132361054420471,0.7175701260566711,0.005617605056613684,0.02393387071788311,0.005491509102284908,0.06545671820640564,True,Right,0.6814197301864624
vid4,273,9102,5,0.4638197422027588,0.6772963404655457,0.008460791781544685,0.0016040719347074628,-0.006660772953182459,0.025343336164951324,True,Right,0.6814197301864624
vid4,273,9102,6,0.5243940949440002,0.6967124342918396,-0.004754050634801388,0.02838299609720707,0.0010381154716014862,0.02477017045021057,True,Right,0.6814197301864624
vid4,273,9102,7,0.5689324140548706,0.7103369235992432,-0.015161707065999508,0.05351836234331131,0.0039002560079097748,0.02420944720506668,True,Right,0.6814197301864624
vid4,273,9102,8,0.6042755842208862,0.7217766642570496,-0.022430066019296646,0.08274058997631073,0.009717143140733242,0.014601275324821472,True,Right,0.6814197301864624
vid4,273,9102,9,0.4646475315093994,0.6846050024032593,-0.0070089315995574,0.0033484073355793953,-0.0033910672646015882,0.005448797717690468,True,Right,0.6814197301864624
vid4,273,9102,10,0.5319397449493408,0.7013794779777527,-0.021412581205368042,0.035557087510824203,0.0038634692318737507,0.00036090612411499023,True,Right,0.6814197301864624
vid4,273,9102,11,0.5820631980895996,0.7144633531570435,-0.03374325484037399,0.06316555291414261,0.004618689883500338,-0.0010925829410552979,True,Right,0.6814197301864624
vid4,273,9102,12,0.6246606111526489,0.7234796285629272,-0.041826751083135605,0.0996738076210022,0.006538151763379574,0.0016461014747619629,True,Right,0.6814197301864624
vid4,273,9102,13,0.46086734533309937,0.6977810263633728,-0.023121478036046028,-0.001163466484285891,0.002503426745533943,-0.016900643706321716,True,Right,0.6814197301864624
vid4,273,9102,14,0.5265311002731323,0.7110801339149475,-0.03589824214577675,0.02610958367586136,0.006928958464413881,-0.019547175616025925,True,Right,0.6814197301864624
vid4,273,9102,15,0.5721497535705566,0.7223072052001953,-0.044228747487068176,0.05319472402334213,0.01037644688040018,-0.023830950260162354,True,Right,0.6814197301864624
vid4,273,9102,16,0.6110135912895203,0.7270713448524475,-0.049591001123189926,0.08265238255262375,0.01134176179766655,-0.025119394063949585,True,Right,0.6814197301864624
vid4,273,9102,17,0.4532325863838196,0.7201802134513855,-0.03911769017577171,-0.012861602008342743,0.007529400754719973,-0.029376938939094543,True,Right,0.6814197301864624
vid4,273,9102,18,0.502038300037384,0.7299019694328308,-0.04925544187426567,0.006392429582774639,0.010287991724908352,-0.033180274069309235,True,Right,0.6814197301864624
vid4,273,9102,19,0.5358715653419495,0.7351131439208984,-0.05340852960944176,0.028308803215622902,0.01455436646938324,-0.03515930473804474,True,Right,0.6814197301864624
vid4,273,9102,20,0.5659332871437073,0.7395657896995544,-0.0562383309006691,0.05253857001662254,0.01465828251093626,-0.03782760351896286,True,Right,0.6814197301864624
vid4,274,9135,0,0.3314100205898285,0.67205411195755,2.5595156216695614e-07,-0.08459078520536423,-0.008008711040019989,0.01168205589056015,True,Right,0.7259817123413086
vid4,274,9135,1,0.3778040111064911,0.6680431962013245,0.003996510058641434,-0.05888620391488075,-0.0058797430247068405,0.03044166788458824,True,Right,0.7259817123413086
vid4,274,9135,2,0.4342270791530609,0.6857348680496216,0.004450989421457052,-0.029605498537421227,0.002310124458745122,0.04781895875930786,True,Right,0.7259817123413086
vid4,274,9135,3,0.4732826054096222,0.7042901515960693,0.0014594737440347672,-0.0003496569115668535,0.003409423865377903,0.058492083102464676,True,Right,0.7259817123413086
vid4,274,9135,4,0.5067997574806213,0.7167848944664001,-0.0011934877838939428,0.021115435287356377,0.003953898325562477,0.0666041448712349,True,Right,0.7259817123413086
vid4,274,9135,5,0.4625178575515747,0.6829769611358643,0.004879019223153591,0.0027154150884598494,-0.004910485818982124,0.025140058249235153,True,Right,0.7259817123413086
vid4,274,9135,6,0.5216331481933594,0.6982248425483704,-0.00833825021982193,0.02791084721684456,0.0008248225785791874,0.022975638508796692,True,Right,0.7259817123413086
vid4,274,9135,7,0.5636149048805237,0.7128662467002869,-0.018805691972374916,0.051647353917360306,0.004803433548659086,0.023257359862327576,True,Right,0.7259817123413086
vid4,274,9135,8,0.5968974828720093,0.7255074381828308,-0.025822294875979424,0.07971102744340897,0.00998387299478054,0.011922076344490051,True,Right,0.7259817123413086
vid4,274,9135,9,0.463657408952713,0.6879198551177979,-0.00791881699115038,0.003208344802260399,-0.0030640403274446726,0.0053415559232234955,True,Right,0.7259817123413086
vid4,274,9135,10,0.5304132103919983,0.7017383575439453,-0.021867744624614716,0.035538528114557266,0.0029855910688638687,-0.00035361945629119873,True,Right,0.7259817123413086
vid4,274,9135,11,0.5797590613365173,0.7148224115371704,-0.03354670852422714,0.06273940205574036,0.003515401156619191,-0.0019471347332000732,True,Right,0.7259817123413086
vid4,274,9135,12,0.6203556060791016,0.7238050103187561,-0.04103928431868553,0.09814727306365967,0.005455716047435999,0.0012606978416442871,True,Right,0.7259817123413086
vid4,274,9135,13,0.45936593413352966,0.6993156671524048,-0.021828029304742813,-0.0008077979437075555,0.0018980368040502071,-0.016812719404697418,True,Right,0.7259817123413086
vid4,274,9135,14,0.52376788854599,0.7112544775009155,-0.03365258127450943,0.02547331154346466,0.005413692444562912,-0.020840220153331757,True,Right,0.7259817123413086
vid4,274,9135,15,0.5682702660560608,0.7228096127510071,-0.0410352423787117,0.05236905440688133,0.009299322962760925,-0.02503734827041626,True,Right,0.7259817123413086
vid4,274,9135,16,0.6057194471359253,0.7297390103340149,-0.04567320644855499,0.08162620663642883,0.010817352682352066,-0.0244586244225502,True,Right,0.7259817123413086
vid4,274,9135,17,0.45114946365356445,0.7191935777664185,-0.03607039898633957,-0.013604057021439075,0.006230248603969812,-0.028827890753746033,True,Right,0.7259817123413086
vid4,274,9135,18,0.499923437833786,0.7297289967536926,-0.04482187330722809,0.005151408724486828,0.008342648856341839,-0.03362927585840225,True,Right,0.7259817123413086
vid4,274,9135,19,0.5343099236488342,0.7361677885055542,-0.048225414007902145,0.028058700263500214,0.013153805397450924,-0.035788506269454956,True,Right,0.7259817123413086
vid4,274,9135,20,0.564189076423645,0.7427034974098206,-0.0504109263420105,0.051572900265455246,0.015861529856920242,-0.03780826926231384,True,Right,0.7259817123413086
vid4,275,9168,0,0.3331967890262604,0.6675539016723633,2.2660042020561377e-07,-0.08401919156312943,-0.008543349802494049,0.013920016586780548,True,Right,0.7656937837600708
vid4,275,9168,1,0.3839380443096161,0.6668657660484314,0.010493787936866283,-0.05846935510635376,-0.006483520846813917,0.03332797810435295,True,Right,0.7656937837600708
vid4,275,9168,2,0.4405581057071686,0.6859204173088074,0.01228038128465414,-0.029135897755622864,0.002929077949374914,0.05011577904224396,True,Right,0.7656937837600708
vid4,275,9168,3,0.4790872633457184,0.7084413766860962,0.009054645895957947,0.001458304119296372,0.0037763130385428667,0.05854594334959984,True,Right,0.7656937837600708
vid4,275,9168,4,0.5118853449821472,0.7236881256103516,0.005581473466008902,0.023140404373407364,0.0063799358904361725,0.06337262690067291,True,Right,0.7656937837600708
vid4,275,9168,5,0.462104856967926,0.6803793907165527,0.00781902577728033,0.0026929625310003757,-0.006151403766125441,0.024967454373836517,True,Right,0.7656937837600708
vid4,275,9168,6,0.5225452780723572,0.6984061002731323,-0.005980449728667736,0.028521910309791565,0.0006969217211008072,0.024074479937553406,True,Right,0.7656937837600708
vid4,275,9168,7,0.565584659576416,0.7131310105323792,-0.016502249985933304,0.05214866250753403,0.004810241051018238,0.02390999346971512,True,Right,0.7656937837600708
vid4,275,9168,8,0.5999723076820374,0.7257856130599976,-0.023627374321222305,0.08064945042133331,0.010323118418455124,0.01317623257637024,True,Right,0.7656937837600708
vid4,275,9168,9,0.46287277340888977,0.684709906578064,-0.008855256251990795,0.003231325186789036,-0.0033516979310661554,0.004920888692140579,True,Right,0.7656937837600708
vid4,275,9168,10,0.5305758714675903,0.7014449834823608,-0.023200735449790955,0.035499103367328644,0.003659952664747834,-0.00020666420459747314,True,Right,0.7656937837600708
vid4,275,9168,11,0.5803213119506836,0.7146705985069275,-0.03487937152385712,0.0623895637691021,0.0040655434131622314,-0.0028705447912216187,True,Right,0.7656937837600708
vid4,275,9168,12,0.6221889853477478,0.7239938974380493,-0.04250752925872803,0.0980147123336792,0.0064486851915717125,4.5865774154663086e-05,True,Right,0.7656937837600708
vid4,275,9168,13,0.4590093493461609,0.6971330642700195,-0.025964610278606415,-0.001464451546780765,0.00188093027099967,-0.0167582705616951,True,Right,0.7656937837600708
vid4,275,9168,14,0.5252383351325989,0.7107532620429993,-0.03797207400202751,0.02580401860177517,0.006210218649357557,-0.01984119415283203,True,Right,0.7656937837600708
vid4,275,9168,15,0.5701532959938049,0.7213775515556335,-0.04508640244603157,0.05241093039512634,0.009549426846206188,-0.025097936391830444,True,Right,0.7656937837600708
vid4,275,9168,16,0.608404815196991,0.7272636890411377,-0.04972793906927109,0.08182553946971893,0.010923697613179684,-0.025536060333251953,True,Right,0.7656937837600708
vid4,275,9168,17,0.4519352614879608,0.7208801507949829,-0.0429343655705452,-0.013403661549091339,0.007405482232570648,-0.02850012481212616,True,Right,0.7656937837600708
vid4,275,9168,18,0.5012056827545166,0.7308389544487,-0.052204009145498276,0.005789462942630053,0.009621852077543736,-0.03330059349536896,True,Right,0.7656937837600708
vid4,275,9168,19,0.5353139638900757,0.7357969284057617,-0.05563700199127197,0.02812153473496437,0.01432773657143116,-0.03574757277965546,True,Right,0.7656937837600708
vid4,275,9168,20,0.5655627846717834,0.7409762144088745,-0.057984448969364166,0.05210571363568306,0.014742014929652214,-0.03845081478357315,True,Right,0.7656937837600708
vid4,276,9202,0,0.3317734897136688,0.6692785024642944,2.4842680090841895e-07,-0.0839322879910469,-0.007247930858284235,0.012976810336112976,True,Right,0.7765253782272339
vid4,276,9202,1,0.3816908895969391,0.6651825308799744,0.008736060000956059,-0.05891413986682892,-0.0061118463054299355,0.03245476633310318,True,Right,0.7765253782272339
vid4,276,9202,2,0.4390173554420471,0.6841325759887695,0.010734145529568195,-0.02915365807712078,0.0031052948907017708,0.048406124114990234,True,Right,0.7765253782272339
vid4,276,9202,3,0.4784998595714569,0.7069767117500305,0.008188951760530472,0.0016295881941914558,0.003985034767538309,0.056752510368824005,True,Right,0.7765253782272339
vid4,276,9202,4,0.512170672416687,0.7228801846504211,0.005680921487510204,0.023740015923976898,0.006351609714329243,0.061471886932849884,True,Right,0.7765253782272339
vid4,276,9202,5,0.46140751242637634,0.677991509437561,0.008200679905712605,0.001952404621988535,-0.0060036927461624146,0.025080375373363495,True,Right,0.7765253782272339
vid4,276,9202,6,0.5230774283409119,0.6967646479606628,-0.004935678094625473,0.028745027258992195,0.000989592052064836,0.02446611225605011,True,Right,0.7765253782272339
vid4,276,9202,7,0.5680229067802429,0.710914134979248,-0.014967079274356365,0.05355739966034889,0.004180829040706158,0.02445177361369133,True,Right,0.7765253782272339
vid4,276,9202,8,0.6036213040351868,0.7226279973983765,-0.021905580535531044,0.08285167813301086,0.010054499842226505,0.01447276771068573,True,Right,0.7765253782272339
vid4,276,9202,9,0.46248650550842285,0.6835675239562988,-0.0073653277941048145,0.003311194246634841,-0.0034731044434010983,0.005201932042837143,True,Right,0.7765253782272339
vid4,276,9202,10,0.5306033492088318,0.7007983326911926,-0.021735867485404015,0.03574751690030098,0.0036900618579238653,0.00015693902969360352,True,Right,0.7765253782272339
vid4,276,9202,11,0.5812211632728577,0.7143195271492004,-0.03372824937105179,0.06326369196176529,0.004042507614940405,-0.0011200979351997375,True,Right,0.7765253782272339
vid4,276,9202,12,0.6238206028938293,0.723571240901947,-0.04149310290813446,0.09886649996042252,0.006504797376692295,0.003071039915084839,True,Right,0.7765253782272339
vid4,276,9202,13,0.4587879776954651,0.6965113878250122,-0.02358357235789299,-0.0010179785313084722,0.00202435371465981,-0.01689566671848297,True,Right,0.7765253782272339
vid4,276,9202,14,0.5251469612121582,0.709662675857544,-0.03605178743600845,0.026514267548918724,0.005932500120252371,-0.01956682652235031,True,Right,0.7765253782272339
vid4,276,9202,15,0.5709235072135925,0.7207542061805725,-0.04383287578821182,0.05314846709370613,0.009394614025950432,-0.02361181378364563,True,Right,0.7765253782272339
vid4,276,9202,16,0.609900176525116,0.7262793779373169,-0.04879536107182503,0.08248869329690933,0.010922343470156193,-0.023198306560516357,True,Right,0.7765253782272339
vid4,276,9202,17,0.45164382457733154,0.7197516560554504,-0.03973110765218735,-0.012692524120211601,0.007406742312014103,-0.028657838702201843,True,Right,0.7765253782272339
vid4,276,9202,18,0.5013502240180969,0.7300849556922913,-0.04971983656287193,0.006274358369410038,0.009730293415486813,-0.03290976583957672,True,Right,0.7765253782272339
vid4,276,9202,19,0.5358496904373169,0.7360039353370667,-0.05384482815861702,0.028991589322686195,0.014413921162486076,-0.03455924987792969,True,Right,0.7765253782272339
vid4,276,9202,20,0.5664108991622925,0.7419347167015076,-0.0565788671374321,0.05296092480421066,0.015042446553707123,-0.03600873798131943,True,Right,0.7765253782272339
vid4,277,9235,0,0.33710989356040955,0.6724881529808044,2.661284099758632e-07,-0.08492659032344818,-0.006723475176841021,0.013806600123643875,True,Right,0.7519842982292175
vid4,277,9235,1,0.3859666883945465,0.6615898609161377,0.009661262854933739,-0.058821484446525574,-0.0069556208327412605,0.031891051679849625,True,Right,0.7519842982292175
vid4,277,9235,2,0.4410800635814667,0.6771572828292847,0.010954535566270351,-0.029638729989528656,0.00047321076272055507,0.04903389513492584,True,Right,0.7519842982292175
vid4,277,9235,3,0.4795660674571991,0.6983388066291809,0.007567984983325005,0.000709240441210568,0.0021166668739169836,0.05947684869170189,True,Right,0.7519842982292175
vid4,277,9235,4,0.5122367143630981,0.7137004733085632,0.004096528049558401,0.02337244153022766,0.00359172816388309,0.06481532007455826,True,Right,0.7519842982292175
vid4,277,9235,5,0.46653324365615845,0.6749975085258484,0.008150557056069374,0.003715632716193795,-0.006759613752365112,0.02474948763847351,True,Right,0.7519842982292175
vid4,277,9235,6,0.5267038345336914,0.693507730960846,-0.003916341811418533,0.02965020202100277,2.708458168854122e-08,0.02252979576587677,True,Right,0.7519842982292175
vid4,277,9235,7,0.5680974721908569,0.7085778117179871,-0.013316121883690357,0.053037192672491074,0.004049464128911495,0.021685559302568436,True,Right,0.7519842982292175
vid4,277,9235,8,0.6012555956840515,0.7218683958053589,-0.019761893898248672,0.08068252354860306,0.01034174021333456,0.011016793549060822,True,Right,0.7519842982292175
vid4,277,9235,9,0.466966837644577,0.682060718536377,-0.007588016800582409,0.003770829178392887,-0.0034423298202455044,0.004954427480697632,True,Right,0.7519842982292175
vid4,277,9235,10,0.5342894196510315,0.6992312669754028,-0.020700545981526375,0.03629228472709656,0.002503433497622609,-0.001767173409461975,True,Right,0.7519842982292175
vid4,277,9235,11,0.5826677680015564,0.7130576372146606,-0.03128533065319061,0.06326000392436981,0.004354931879788637,-0.004413299262523651,True,Right,0.7519842982292175
vid4,277,9235,12,0.6221370697021484,0.7220464944839478,-0.03821713849902153,0.09758557379245758,0.005785562563687563,-0.0016655027866363525,True,Right,0.7519842982292175
vid4,277,9235,13,0.4619065225124359,0.6971937417984009,-0.02389286272227764,-0.0018688928103074431,0.0024792670737951994,-0.016687199473381042,True,Right,0.7519842982292175
vid4,277,9235,14,0.5269354581832886,0.7114617228507996,-0.03452739119529724,0.025482717901468277,0.006154871545732021,-0.021473795175552368,True,Right,0.7519842982292175
vid4,277,9235,15,0.5705007314682007,0.7232107520103455,-0.04040466621518135,0.05270228162407875,0.010444089770317078,-0.02566257119178772,True,Right,0.7519842982292175
vid4,277,9235,16,0.6068430542945862,0.7295342087745667,-0.044435545802116394,0.08050009608268738,0.01184652466326952,-0.024383574724197388,True,Right,0.7519842982292175
vid4,277,9235,17,0.45298174023628235,0.7228444814682007,-0.040114711970090866,-0.015019472688436508,0.008859771303832531,-0.027535006403923035,True,Right,0.7519842982292175
vid4,277,9235,18,0.5016521215438843,0.7339440584182739,-0.04788688197731972,0.004416156560182571,0.011315344832837582,-0.033242449164390564,True,Right,0.7519842982292175
vid4,277,9235,19,0.5352616310119629,0.7401700615882874,-0.05021359398961067,0.028024330735206604,0.015263305976986885,-0.03549088537693024,True,Right,0.7519842982292175
vid4,277,9235,20,0.5646273493766785,0.7467114329338074,-0.051919061690568924,0.05080913007259369,0.017748985439538956,-0.03631780296564102,True,Right,0.7519842982292175
vid4,278,9268,0,0.3317810893058777,0.6678222417831421,2.1042740172561025e-07,-0.08616934716701508,-0.008521869778633118,0.010121382772922516,True,Right,0.6749790906906128
vid4,278,9268,1,0.38083386421203613,0.669364333152771,0.011751623824238777,-0.06088966876268387,-0.00584497582167387,0.03183389827609062,True,Right,0.6749790906906128
vid4,278,9268,2,0.4365299642086029,0.6893520951271057,0.013996957801282406,-0.03145841509103775,0.003395668463781476,0.05060747265815735,True,Right,0.6749790906906128
vid4,278,9268,3,0.4734802842140198,0.7130489349365234,0.010747747495770454,-0.0011223164619877934,0.005498026497662067,0.06267333030700684,True,Right,0.6749790906906128
vid4,278,9268,4,0.5053608417510986,0.7301767468452454,0.007284338586032391,0.02037121169269085,0.00836560782045126,0.07058435678482056,True,Right,0.6749790906906128
vid4,278,9268,5,0.46116331219673157,0.6825541853904724,0.011851433664560318,0.00218762899748981,-0.005449820309877396,0.026966482400894165,True,Right,0.6749790906906128
vid4,278,9268,6,0.5202536582946777,0.7000396847724915,-0.0009589460678398609,0.028254130855202675,0.0007899755146354437,0.026262477040290833,True,Right,0.6749790906906128
vid4,278,9268,7,0.562919557094574,0.7135642170906067,-0.011488484218716621,0.05141603201627731,0.00459267059341073,0.02699459344148636,True,Right,0.6749790906906128
vid4,278,9268,8,0.5968668460845947,0.7247995138168335,-0.018786761909723282,0.08121059834957123,0.009256930090487003,0.0170518159866333,True,Right,0.6749790906906128
vid4,278,9268,9,0.4627453684806824,0.6869089603424072,-0.005493187811225653,0.003370205871760845,-0.003356017405167222,0.0051290858536958694,True,Right,0.6749790906906128
vid4,278,9268,10,0.5291845202445984,0.7018211483955383,-0.01910295896232128,0.03591618314385414,0.0032945917919278145,0.001317635178565979,True,Right,0.6749790906906128
vid4,278,9268,11,0.5781649947166443,0.714322566986084,-0.03075648471713066,0.06287799775600433,0.0032106104772537947,-0.00044367462396621704,True,Right,0.6749790906906128
vid4,278,9268,12,0.6190380454063416,0.7223377227783203,-0.03845897316932678,0.09916793555021286,0.004962210077792406,0.0030795037746429443,True,Right,0.6749790906906128
vid4,278,9268,13,0.45965999364852905,0.6986261010169983,-0.0234227254986763,-0.0008212552638724446,0.0021557356230914593,-0.017830699682235718,True,Right,0.6749790906906128
vid4,278,9268,14,0.5250623822212219,0.7118377685546875,-0.03456392511725426,0.026954928413033485,0.005803828593343496,-0.02000325918197632,True,Right,0.6749790906906128
vid4,278,9268,15,0.5690478086471558,0.7238685488700867,-0.04115905240178108,0.053319044411182404,0.00932393316179514,-0.02252328395843506,True,Right,0.6749790906906128
vid4,278,9268,16,0.6057167649269104,0.7304125428199768,-0.045509982854127884,0.08288940787315369,0.01100604422390461,-0.02203451097011566,True,Right,0.6749790906906128
vid4,278,9268,17,0.4532518684864044,0.7210638523101807,-0.041224561631679535,-0.012928097508847713,0.0068549420684576035,-0.030625194311141968,True,Right,0.6749790906906128
vid4,278,9268,18,0.5017688870429993,0.731227457523346,-0.04900006949901581,0.006723036989569664,0.009235314093530178,-0.03472183644771576,True,Right,0.6749790906906128
vid4,278,9268,19,0.5349661111831665,0.7371172308921814,-0.05137580633163452,0.029505226761102676,0.014063159935176373,-0.035519540309906006,True,Right,0.6749790906906128
vid4,278,9268,20,0.563420295715332,0.7423914074897766,-0.05313173681497574,0.05248767510056496,0.01490831095725298,-0.03661372512578964,True,Right,0.6749790906906128
vid4,279,9302,0,0.33673882484436035,0.6728023290634155,2.612508183119644e-07,-0.08274899423122406,-0.008072379045188427,0.011495556682348251,True,Right,0.6696563959121704
vid4,279,9302,1,0.38498198986053467,0.6629228591918945,0.006238635629415512,-0.05730247497558594,-0.008040077053010464,0.02989855408668518,True,Right,0.6696563959121704
vid4,279,9302,2,0.4418890178203583,0.6794551610946655,0.0074587925337255,-0.028202803805470467,0.0005113009246997535,0.04736590385437012,True,Right,0.6696563959121704
vid4,279,9302,3,0.4817027449607849,0.6996253728866577,0.004828004166483879,0.00246020732447505,0.0011161022121086717,0.05752992257475853,True,Right,0.6696563959121704
vid4,279,9302,4,0.5159214735031128,0.711376428604126,0.002259382512420416,0.024802973493933678,0.002952915383502841,0.06498917937278748,True,Right,0.6696563959121704
vid4,279,9302,5,0.4660384953022003,0.6784654259681702,0.006075054407119751,0.002148174215108156,-0.005921653006225824,0.024736393243074417,True,Right,0.6696563959121704
vid4,279,9302,6,0.5258572101593018,0.6972612142562866,-0.0066818962804973125,0.028175173327326775,0.0008535993983969092,0.023849666118621826,True,Right,0.6696563959121704
vid4,279,9302,7,0.5692081451416016,0.7106223106384277,-0.016541190445423126,0.052751943469047546,0.0035121971741318703,0.023391999304294586,True,Right,0.6696563959121704
vid4,279,9302,8,0.6036758422851562,0.7219348549842834,-0.02351345308125019,0.0808686837553978,0.009572972543537617,0.014341242611408234,True,Right,0.6696563959121704
vid4,279,9302,9,0.46673327684402466,0.6849318146705627,-0.00797352660447359,0.0033848241437226534,-0.003315303009003401,0.00558951310813427,True,Right,0.6696563959121704
vid4,279,9302,10,0.532860517501831,0.7016222476959229,-0.022025998681783676,0.035260654985904694,0.0031707787420600653,0.000532984733581543,True,Right,0.6696563959121704
vid4,279,9302,11,0.5817719101905823,0.7149876952171326,-0.03384719416499138,0.06195269525051117,0.004182622767984867,-0.0007096156477928162,True,Right,0.6696563959121704
vid4,279,9302,12,0.6231493353843689,0.7243039608001709,-0.041609834879636765,0.09684325754642487,0.0062485383823513985,0.0016009807586669922,True,Right,0.6696563959121704
vid4,279,9302,13,0.46231335401535034,0.6976704597473145,-0.02282360941171646,-0.0012831662315875292,0.002245346549898386,-0.01644293963909149,True,Right,0.6696563959121704
vid4,279,9302,14,0.5267390012741089,0.7112914323806763,-0.03560797870159149,0.025703324005007744,0.0059701912105083466,-0.019587811082601547,True,Right,0.6696563959121704
vid4,279,9302,15,0.5717190504074097,0.7227475047111511,-0.04387367144227028,0.05252884328365326,0.009547797031700611,-0.021827563643455505,True,Right,0.6696563959121704
vid4,279,9302,16,0.6104382276535034,0.7278212308883667,-0.04924999549984932,0.08128832280635834,0.01057735551148653,-0.02228676527738571,True,Right,0.6696563959121704
vid4,279,9302,17,0.4537281095981598,0.7198731303215027,-0.037656061351299286,-0.013370552100241184,0.007099323906004429,-0.0290357768535614,True,Right,0.6696563959121704
vid4,279,9302,18,0.501950204372406,0.7307179570198059,-0.048099104315042496,0.005826097447425127,0.009809846058487892,-0.0325799360871315,True,Right,0.6696563959121704
vid4,279,9302,19,0.5355188250541687,0.7365154027938843,-0.052466437220573425,0.02791280299425125,0.013934226706624031,-0.03423544764518738,True,Right,0.6696563959121704
vid4,279,9302,20,0.5656653642654419,0.7411368489265442,-0.05542788654565811,0.05112285539507866,0.014320585876703262,-0.03567565232515335,True,Right,0.6696563959121704
vid4,280,9335,0,0.33045312762260437,0.6651105880737305,2.5535237568874436e-07,-0.08481711894273758,-0.009399434551596642,0.012037139385938644,True,Right,0.6792209148406982
vid4,280,9335,1,0.37722116708755493,0.6618802547454834,0.005211229901760817,-0.0594363696873188,-0.007488360162824392,0.03264695033431053,True,Right,0.6792209148406982
vid4,280,9335,2,0.4346526861190796,0.6815061569213867,0.005286005791276693,-0.0289443451911211,0.0015058722347021103,0.04953625798225403,True,Right,0.6792209148406982
vid4,280,9335,3,0.47326457500457764,0.7042719721794128,0.0013297032564878464,0.0014762129867449403,0.004037008620798588,0.061313655227422714,True,Right,0.6792209148406982
vid4,280,9335,4,0.5060986876487732,0.7218217849731445,-0.0026487482246011496,0.023287521675229073,0.005951500963419676,0.06820797920227051,True,Right,0.6792209148406982
vid4,280,9335,5,0.45975661277770996,0.6778454780578613,0.006001699715852737,0.0027595425490289927,-0.00581805594265461,0.025986887514591217,True,Right,0.6792209148406982
vid4,280,9335,6,0.5187195539474487,0.6975167393684387,-0.008643357083201408,0.028616786003112793,0.0008540917187929153,0.024120569229125977,True,Right,0.6792209148406982
vid4,280,9335,7,0.5617806315422058,0.7128974795341492,-0.02049091085791588,0.052142102271318436,0.005145207978785038,0.024472899734973907,True,Right,0.6792209148406982
vid4,280,9335,8,0.5956528782844543,0.7259337902069092,-0.028362596407532692,0.08164356648921967,0.010174479335546494,0.012496709823608398,True,Right,0.6792209148406982
vid4,280,9335,9,0.46131154894828796,0.684601366519928,-0.008150611072778702,0.0029978950042277575,-0.0032563982531428337,0.005265519022941589,True,Right,0.6792209148406982
vid4,280,9335,10,0.5281082391738892,0.7016255855560303,-0.02321670390665531,0.03654192015528679,0.003768916241824627,5.759298801422119e-05,True,Right,0.6792209148406982
vid4,280,9335,11,0.5782467722892761,0.7148619294166565,-0.035890694707632065,0.06459420919418335,0.00445404602214694,-0.001314789056777954,True,Right,0.6792209148406982
vid4,280,9335,12,0.6202685832977295,0.7236326336860657,-0.04408014193177223,0.10095930099487305,0.006488126702606678,0.0021550655364990234,True,Right,0.6792209148406982
vid4,280,9335,13,0.4577234089374542,0.6977832317352295,-0.023369455710053444,-0.00072329310933128,0.002712068846449256,-0.017471812665462494,True,Right,0.6792209148406982
vid4,280,9335,14,0.522150993347168,0.7119280099868774,-0.035981062799692154,0.02660050429403782,0.00688942801207304,-0.02115057036280632,True,Right,0.6792209148406982
vid4,280,9335,15,0.5665469169616699,0.7239927053451538,-0.04321572929620743,0.053033944219350815,0.01046666968613863,-0.0240136981010437,True,Right,0.6792209148406982
vid4,280,9335,16,0.6039724349975586,0.7304591536521912,-0.047576434910297394,0.08261705189943314,0.012226102873682976,-0.02309510111808777,True,Right,0.6792209148406982
vid4,280,9335,17,0.4503311216831207,0.7192341089248657,-0.03891688212752342,-0.013001549057662487,0.007231131661683321,-0.029612556099891663,True,Right,0.6792209148406982
vid4,280,9335,18,0.49934622645378113,0.730039656162262,-0.047598205506801605,0.006552975624799728,0.009561693295836449,-0.034038521349430084,True,Right,0.6792209148406982
vid4,280,9335,19,0.533314049243927,0.7367419004440308,-0.05018700286746025,0.029599297791719437,0.01477103866636753,-0.035113945603370667,True,Right,0.6792209148406982
vid4,280,9335,20,0.5624792575836182,0.7423452138900757,-0.051826465874910355,0.05227696895599365,0.016024624928832054,-0.036166124045848846,True,Right,0.6792209148406982
